<?xml version="1.0" encoding="UTF-8"?>
<gpx version="1.1" creator="Go GPS Converter">
  <trk>
    <name>GPS Track</name>
    <trkseg>
      <trkpt lat="30.65591" lon="104.100914">
        <time>2026-04-24T09:39:50Z</time>
      </trkpt>
      <trkpt lat="30.655897" lon="104.10089">
        <time>2026-04-24T09:39:51Z</time>
      </trkpt>
      <trkpt lat="30.65586" lon="104.10085">
        <time>2026-04-24T09:39:52Z</time>
      </trkpt>
      <trkpt lat="30.655867" lon="104.10085">
        <time>2026-04-24T09:39:53Z</time>
      </trkpt>
      <trkpt lat="30.655838" lon="104.10083">
        <time>2026-04-24T09:39:54Z</time>
      </trkpt>
      <trkpt lat="30.655815" lon="104.100815">
        <time>2026-04-24T09:39:55Z</time>
      </trkpt>
      <trkpt lat="30.655787" lon="104.1008">
        <time>2026-04-24T09:39:56Z</time>
      </trkpt>
      <trkpt lat="30.655727" lon="104.10076">
        <time>2026-04-24T09:39:57Z</time>
      </trkpt>
      <trkpt lat="30.655695" lon="104.10074">
        <time>2026-04-24T09:39:58Z</time>
      </trkpt>
      <trkpt lat="30.655663" lon="104.10073">
        <time>2026-04-24T09:39:59Z</time>
      </trkpt>
      <trkpt lat="30.65563" lon="104.100716">
        <time>2026-04-24T09:40:00Z</time>
      </trkpt>
      <trkpt lat="30.6556" lon="104.1007">
        <time>2026-04-24T09:40:01Z</time>
      </trkpt>
      <trkpt lat="30.65557" lon="104.10068">
        <time>2026-04-24T09:40:02Z</time>
      </trkpt>
      <trkpt lat="30.655542" lon="104.10066">
        <time>2026-04-24T09:40:03Z</time>
      </trkpt>
      <trkpt lat="30.655518" lon="104.10065">
        <time>2026-04-24T09:40:04Z</time>
      </trkpt>
      <trkpt lat="30.655499" lon="104.10064">
        <time>2026-04-24T09:40:05Z</time>
      </trkpt>
      <trkpt lat="30.65548" lon="104.10063">
        <time>2026-04-24T09:40:07Z</time>
      </trkpt>
      <trkpt lat="30.65546" lon="104.10063">
        <time>2026-04-24T09:40:08Z</time>
      </trkpt>
      <trkpt lat="30.655437" lon="104.10064">
        <time>2026-04-24T09:40:09Z</time>
      </trkpt>
      <trkpt lat="30.655415" lon="104.10066">
        <time>2026-04-24T09:40:10Z</time>
      </trkpt>
      <trkpt lat="30.655396" lon="104.10069">
        <time>2026-04-24T09:40:11Z</time>
      </trkpt>
      <trkpt lat="30.655376" lon="104.10073">
        <time>2026-04-24T09:40:12Z</time>
      </trkpt>
      <trkpt lat="30.655357" lon="104.10076">
        <time>2026-04-24T09:40:13Z</time>
      </trkpt>
      <trkpt lat="30.65534" lon="104.1008">
        <time>2026-04-24T09:40:14Z</time>
      </trkpt>
      <trkpt lat="30.655323" lon="104.10083">
        <time>2026-04-24T09:40:15Z</time>
      </trkpt>
      <trkpt lat="30.655312" lon="104.10087">
        <time>2026-04-24T09:40:16Z</time>
      </trkpt>
      <trkpt lat="30.655304" lon="104.1009">
        <time>2026-04-24T09:40:17Z</time>
      </trkpt>
      <trkpt lat="30.6553" lon="104.10093">
        <time>2026-04-24T09:40:18Z</time>
      </trkpt>
      <trkpt lat="30.655296" lon="104.10096">
        <time>2026-04-24T09:40:19Z</time>
      </trkpt>
      <trkpt lat="30.655296" lon="104.100975">
        <time>2026-04-24T09:40:20Z</time>
      </trkpt>
      <trkpt lat="30.655293" lon="104.10099">
        <time>2026-04-24T09:40:21Z</time>
      </trkpt>
      <trkpt lat="30.655293" lon="104.101">
        <time>2026-04-24T09:40:22Z</time>
      </trkpt>
      <trkpt lat="30.65529" lon="104.101">
        <time>2026-04-24T09:40:23Z</time>
      </trkpt>
      <trkpt lat="30.65529" lon="104.101">
        <time>2026-04-24T09:40:24Z</time>
      </trkpt>
      <trkpt lat="30.65529" lon="104.101006">
        <time>2026-04-24T09:40:25Z</time>
      </trkpt>
      <trkpt lat="30.655289" lon="104.101006">
        <time>2026-04-24T09:40:26Z</time>
      </trkpt>
      <trkpt lat="30.655285" lon="104.10101">
        <time>2026-04-24T09:40:27Z</time>
      </trkpt>
      <trkpt lat="30.655281" lon="104.10101">
        <time>2026-04-24T09:40:28Z</time>
      </trkpt>
      <trkpt lat="30.655275" lon="104.10102">
        <time>2026-04-24T09:40:29Z</time>
      </trkpt>
      <trkpt lat="30.655264" lon="104.10103">
        <time>2026-04-24T09:40:30Z</time>
      </trkpt>
      <trkpt lat="30.655247" lon="104.101036">
        <time>2026-04-24T09:40:31Z</time>
      </trkpt>
      <trkpt lat="30.655226" lon="104.10103">
        <time>2026-04-24T09:40:32Z</time>
      </trkpt>
      <trkpt lat="30.655207" lon="104.10102">
        <time>2026-04-24T09:40:33Z</time>
      </trkpt>
      <trkpt lat="30.655188" lon="104.10101">
        <time>2026-04-24T09:40:34Z</time>
      </trkpt>
      <trkpt lat="30.65516" lon="104.101">
        <time>2026-04-24T09:40:35Z</time>
      </trkpt>
      <trkpt lat="30.655134" lon="104.10099">
        <time>2026-04-24T09:40:36Z</time>
      </trkpt>
      <trkpt lat="30.655102" lon="104.10097">
        <time>2026-04-24T09:40:37Z</time>
      </trkpt>
      <trkpt lat="30.655067" lon="104.100945">
        <time>2026-04-24T09:40:38Z</time>
      </trkpt>
      <trkpt lat="30.655033" lon="104.10093">
        <time>2026-04-24T09:40:39Z</time>
      </trkpt>
      <trkpt lat="30.655" lon="104.100914">
        <time>2026-04-24T09:40:40Z</time>
      </trkpt>
      <trkpt lat="30.654968" lon="104.1009">
        <time>2026-04-24T09:40:41Z</time>
      </trkpt>
      <trkpt lat="30.654936" lon="104.100876">
        <time>2026-04-24T09:40:42Z</time>
      </trkpt>
      <trkpt lat="30.654905" lon="104.10085">
        <time>2026-04-24T09:40:43Z</time>
      </trkpt>
      <trkpt lat="30.654871" lon="104.10083">
        <time>2026-04-24T09:40:44Z</time>
      </trkpt>
      <trkpt lat="30.654839" lon="104.10081">
        <time>2026-04-24T09:40:45Z</time>
      </trkpt>
      <trkpt lat="30.654808" lon="104.10079">
        <time>2026-04-24T09:40:46Z</time>
      </trkpt>
      <trkpt lat="30.654778" lon="104.10077">
        <time>2026-04-24T09:40:47Z</time>
      </trkpt>
      <trkpt lat="30.654743" lon="104.10075">
        <time>2026-04-24T09:40:48Z</time>
      </trkpt>
      <trkpt lat="30.65471" lon="104.10073">
        <time>2026-04-24T09:40:49Z</time>
      </trkpt>
      <trkpt lat="30.654676" lon="104.100716">
        <time>2026-04-24T09:40:50Z</time>
      </trkpt>
      <trkpt lat="30.654642" lon="104.1007">
        <time>2026-04-24T09:40:51Z</time>
      </trkpt>
      <trkpt lat="30.654606" lon="104.10068">
        <time>2026-04-24T09:40:52Z</time>
      </trkpt>
      <trkpt lat="30.654564" lon="104.10065">
        <time>2026-04-24T09:40:53Z</time>
      </trkpt>
      <trkpt lat="30.654518" lon="104.100624">
        <time>2026-04-24T09:40:54Z</time>
      </trkpt>
      <trkpt lat="30.654472" lon="104.1006">
        <time>2026-04-24T09:40:55Z</time>
      </trkpt>
      <trkpt lat="30.65442" lon="104.10058">
        <time>2026-04-24T09:40:56Z</time>
      </trkpt>
      <trkpt lat="30.65437" lon="104.10055">
        <time>2026-04-24T09:40:57Z</time>
      </trkpt>
      <trkpt lat="30.654266" lon="104.10047">
        <time>2026-04-24T09:40:58Z</time>
      </trkpt>
      <trkpt lat="30.654213" lon="104.10044">
        <time>2026-04-24T09:40:59Z</time>
      </trkpt>
      <trkpt lat="30.654158" lon="104.10042">
        <time>2026-04-24T09:41:00Z</time>
      </trkpt>
      <trkpt lat="30.65411" lon="104.10039">
        <time>2026-04-24T09:41:01Z</time>
      </trkpt>
      <trkpt lat="30.654064" lon="104.100365">
        <time>2026-04-24T09:41:02Z</time>
      </trkpt>
      <trkpt lat="30.654024" lon="104.10033">
        <time>2026-04-24T09:41:03Z</time>
      </trkpt>
      <trkpt lat="30.653984" lon="104.1003">
        <time>2026-04-24T09:41:04Z</time>
      </trkpt>
      <trkpt lat="30.653954" lon="104.10027">
        <time>2026-04-24T09:41:05Z</time>
      </trkpt>
      <trkpt lat="30.653917" lon="104.10025">
        <time>2026-04-24T09:41:06Z</time>
      </trkpt>
      <trkpt lat="30.653877" lon="104.10022">
        <time>2026-04-24T09:41:07Z</time>
      </trkpt>
      <trkpt lat="30.65384" lon="104.10019">
        <time>2026-04-24T09:41:08Z</time>
      </trkpt>
      <trkpt lat="30.653801" lon="104.10017">
        <time>2026-04-24T09:41:09Z</time>
      </trkpt>
      <trkpt lat="30.65376" lon="104.100136">
        <time>2026-04-24T09:41:10Z</time>
      </trkpt>
      <trkpt lat="30.65372" lon="104.10011">
        <time>2026-04-24T09:41:11Z</time>
      </trkpt>
      <trkpt lat="30.653677" lon="104.10008">
        <time>2026-04-24T09:41:12Z</time>
      </trkpt>
      <trkpt lat="30.653633" lon="104.10005">
        <time>2026-04-24T09:41:13Z</time>
      </trkpt>
      <trkpt lat="30.65359" lon="104.10003">
        <time>2026-04-24T09:41:14Z</time>
      </trkpt>
      <trkpt lat="30.653545" lon="104.1">
        <time>2026-04-24T09:41:15Z</time>
      </trkpt>
      <trkpt lat="30.6535" lon="104.099976">
        <time>2026-04-24T09:41:16Z</time>
      </trkpt>
      <trkpt lat="30.653454" lon="104.099945">
        <time>2026-04-24T09:41:17Z</time>
      </trkpt>
      <trkpt lat="30.653408" lon="104.099915">
        <time>2026-04-24T09:41:18Z</time>
      </trkpt>
      <trkpt lat="30.653362" lon="104.09989">
        <time>2026-04-24T09:41:19Z</time>
      </trkpt>
      <trkpt lat="30.653316" lon="104.09986">
        <time>2026-04-24T09:41:20Z</time>
      </trkpt>
      <trkpt lat="30.65327" lon="104.09983">
        <time>2026-04-24T09:41:21Z</time>
      </trkpt>
      <trkpt lat="30.653229" lon="104.0998">
        <time>2026-04-24T09:41:22Z</time>
      </trkpt>
      <trkpt lat="30.653135" lon="104.09975">
        <time>2026-04-24T09:41:23Z</time>
      </trkpt>
      <trkpt lat="30.653048" lon="104.099686">
        <time>2026-04-24T09:41:25Z</time>
      </trkpt>
      <trkpt lat="30.653006" lon="104.09966">
        <time>2026-04-24T09:41:26Z</time>
      </trkpt>
      <trkpt lat="30.652964" lon="104.09963">
        <time>2026-04-24T09:41:27Z</time>
      </trkpt>
      <trkpt lat="30.652922" lon="104.09961">
        <time>2026-04-24T09:41:28Z</time>
      </trkpt>
      <trkpt lat="30.652882" lon="104.09958">
        <time>2026-04-24T09:41:29Z</time>
      </trkpt>
      <trkpt lat="30.652838" lon="104.09955">
        <time>2026-04-24T09:41:31Z</time>
      </trkpt>
      <trkpt lat="30.652796" lon="104.099525">
        <time>2026-04-24T09:41:32Z</time>
      </trkpt>
      <trkpt lat="30.652754" lon="104.099495">
        <time>2026-04-24T09:41:33Z</time>
      </trkpt>
      <trkpt lat="30.652716" lon="104.09947">
        <time>2026-04-24T09:41:34Z</time>
      </trkpt>
      <trkpt lat="30.652678" lon="104.09944">
        <time>2026-04-24T09:41:35Z</time>
      </trkpt>
      <trkpt lat="30.652637" lon="104.09941">
        <time>2026-04-24T09:41:36Z</time>
      </trkpt>
      <trkpt lat="30.652601" lon="104.09939">
        <time>2026-04-24T09:41:37Z</time>
      </trkpt>
      <trkpt lat="30.652563" lon="104.099365">
        <time>2026-04-24T09:41:38Z</time>
      </trkpt>
      <trkpt lat="30.65252" lon="104.09934">
        <time>2026-04-24T09:41:39Z</time>
      </trkpt>
      <trkpt lat="30.65248" lon="104.09933">
        <time>2026-04-24T09:41:40Z</time>
      </trkpt>
      <trkpt lat="30.65244" lon="104.0993">
        <time>2026-04-24T09:41:41Z</time>
      </trkpt>
      <trkpt lat="30.652393" lon="104.09927">
        <time>2026-04-24T09:41:42Z</time>
      </trkpt>
      <trkpt lat="30.652348" lon="104.09924">
        <time>2026-04-24T09:41:43Z</time>
      </trkpt>
      <trkpt lat="30.652306" lon="104.09922">
        <time>2026-04-24T09:41:44Z</time>
      </trkpt>
      <trkpt lat="30.65226" lon="104.09919">
        <time>2026-04-24T09:41:45Z</time>
      </trkpt>
      <trkpt lat="30.652218" lon="104.09917">
        <time>2026-04-24T09:41:46Z</time>
      </trkpt>
      <trkpt lat="30.652178" lon="104.09914">
        <time>2026-04-24T09:41:47Z</time>
      </trkpt>
      <trkpt lat="30.652138" lon="104.09911">
        <time>2026-04-24T09:41:48Z</time>
      </trkpt>
      <trkpt lat="30.652103" lon="104.09908">
        <time>2026-04-24T09:41:49Z</time>
      </trkpt>
      <trkpt lat="30.652067" lon="104.09906">
        <time>2026-04-24T09:41:50Z</time>
      </trkpt>
      <trkpt lat="30.652037" lon="104.099045">
        <time>2026-04-24T09:41:51Z</time>
      </trkpt>
      <trkpt lat="30.652006" lon="104.09903">
        <time>2026-04-24T09:41:52Z</time>
      </trkpt>
      <trkpt lat="30.65198" lon="104.099014">
        <time>2026-04-24T09:41:53Z</time>
      </trkpt>
      <trkpt lat="30.651955" lon="104.099">
        <time>2026-04-24T09:41:54Z</time>
      </trkpt>
      <trkpt lat="30.651926" lon="104.09898">
        <time>2026-04-24T09:41:55Z</time>
      </trkpt>
      <trkpt lat="30.651897" lon="104.09897">
        <time>2026-04-24T09:41:56Z</time>
      </trkpt>
      <trkpt lat="30.65187" lon="104.098946">
        <time>2026-04-24T09:41:57Z</time>
      </trkpt>
      <trkpt lat="30.651844" lon="104.09893">
        <time>2026-04-24T09:41:58Z</time>
      </trkpt>
      <trkpt lat="30.651817" lon="104.098915">
        <time>2026-04-24T09:41:59Z</time>
      </trkpt>
      <trkpt lat="30.65179" lon="104.0989">
        <time>2026-04-24T09:42:00Z</time>
      </trkpt>
      <trkpt lat="30.651764" lon="104.098885">
        <time>2026-04-24T09:42:01Z</time>
      </trkpt>
      <trkpt lat="30.651737" lon="104.09886">
        <time>2026-04-24T09:42:02Z</time>
      </trkpt>
      <trkpt lat="30.651712" lon="104.09885">
        <time>2026-04-24T09:42:03Z</time>
      </trkpt>
      <trkpt lat="30.651688" lon="104.09882">
        <time>2026-04-24T09:42:04Z</time>
      </trkpt>
      <trkpt lat="30.651663" lon="104.098816">
        <time>2026-04-24T09:42:05Z</time>
      </trkpt>
      <trkpt lat="30.65164" lon="104.09879">
        <time>2026-04-24T09:42:06Z</time>
      </trkpt>
      <trkpt lat="30.651615" lon="104.098785">
        <time>2026-04-24T09:42:07Z</time>
      </trkpt>
      <trkpt lat="30.65159" lon="104.09876">
        <time>2026-04-24T09:42:08Z</time>
      </trkpt>
      <trkpt lat="30.651567" lon="104.09875">
        <time>2026-04-24T09:42:09Z</time>
      </trkpt>
      <trkpt lat="30.651543" lon="104.09873">
        <time>2026-04-24T09:42:10Z</time>
      </trkpt>
      <trkpt lat="30.651518" lon="104.09872">
        <time>2026-04-24T09:42:11Z</time>
      </trkpt>
      <trkpt lat="30.651491" lon="104.0987">
        <time>2026-04-24T09:42:12Z</time>
      </trkpt>
      <trkpt lat="30.651466" lon="104.09869">
        <time>2026-04-24T09:42:13Z</time>
      </trkpt>
      <trkpt lat="30.651438" lon="104.09866">
        <time>2026-04-24T09:42:14Z</time>
      </trkpt>
      <trkpt lat="30.651411" lon="104.09865">
        <time>2026-04-24T09:42:15Z</time>
      </trkpt>
      <trkpt lat="30.651382" lon="104.09863">
        <time>2026-04-24T09:42:16Z</time>
      </trkpt>
      <trkpt lat="30.651348" lon="104.09861">
        <time>2026-04-24T09:42:17Z</time>
      </trkpt>
      <trkpt lat="30.651318" lon="104.098595">
        <time>2026-04-24T09:42:18Z</time>
      </trkpt>
      <trkpt lat="30.651289" lon="104.09857">
        <time>2026-04-24T09:42:19Z</time>
      </trkpt>
      <trkpt lat="30.651258" lon="104.09856">
        <time>2026-04-24T09:42:20Z</time>
      </trkpt>
      <trkpt lat="30.651232" lon="104.09854">
        <time>2026-04-24T09:42:21Z</time>
      </trkpt>
      <trkpt lat="30.651205" lon="104.098526">
        <time>2026-04-24T09:42:22Z</time>
      </trkpt>
      <trkpt lat="30.651178" lon="104.09852">
        <time>2026-04-24T09:42:23Z</time>
      </trkpt>
      <trkpt lat="30.65115" lon="104.09851">
        <time>2026-04-24T09:42:24Z</time>
      </trkpt>
      <trkpt lat="30.651123" lon="104.098495">
        <time>2026-04-24T09:42:25Z</time>
      </trkpt>
      <trkpt lat="30.651094" lon="104.09848">
        <time>2026-04-24T09:42:26Z</time>
      </trkpt>
      <trkpt lat="30.651058" lon="104.09847">
        <time>2026-04-24T09:42:27Z</time>
      </trkpt>
      <trkpt lat="30.65103" lon="104.09844">
        <time>2026-04-24T09:42:28Z</time>
      </trkpt>
      <trkpt lat="30.651005" lon="104.09842">
        <time>2026-04-24T09:42:29Z</time>
      </trkpt>
      <trkpt lat="30.650978" lon="104.0984">
        <time>2026-04-24T09:42:30Z</time>
      </trkpt>
      <trkpt lat="30.650951" lon="104.09837">
        <time>2026-04-24T09:42:31Z</time>
      </trkpt>
      <trkpt lat="30.650923" lon="104.09835">
        <time>2026-04-24T09:42:32Z</time>
      </trkpt>
      <trkpt lat="30.65089" lon="104.09833">
        <time>2026-04-24T09:42:33Z</time>
      </trkpt>
      <trkpt lat="30.650864" lon="104.098305">
        <time>2026-04-24T09:42:34Z</time>
      </trkpt>
      <trkpt lat="30.650837" lon="104.09829">
        <time>2026-04-24T09:42:35Z</time>
      </trkpt>
      <trkpt lat="30.65081" lon="104.09827">
        <time>2026-04-24T09:42:36Z</time>
      </trkpt>
      <trkpt lat="30.65078" lon="104.09824">
        <time>2026-04-24T09:42:37Z</time>
      </trkpt>
      <trkpt lat="30.65075" lon="104.09822">
        <time>2026-04-24T09:42:38Z</time>
      </trkpt>
      <trkpt lat="30.650719" lon="104.0982">
        <time>2026-04-24T09:42:39Z</time>
      </trkpt>
      <trkpt lat="30.650684" lon="104.098175">
        <time>2026-04-24T09:42:40Z</time>
      </trkpt>
      <trkpt lat="30.65065" lon="104.09815">
        <time>2026-04-24T09:42:41Z</time>
      </trkpt>
      <trkpt lat="30.65062" lon="104.09813">
        <time>2026-04-24T09:42:42Z</time>
      </trkpt>
      <trkpt lat="30.65059" lon="104.09811">
        <time>2026-04-24T09:42:43Z</time>
      </trkpt>
      <trkpt lat="30.650562" lon="104.09808">
        <time>2026-04-24T09:42:44Z</time>
      </trkpt>
      <trkpt lat="30.650534" lon="104.098076">
        <time>2026-04-24T09:42:45Z</time>
      </trkpt>
      <trkpt lat="30.6505" lon="104.098076">
        <time>2026-04-24T09:42:46Z</time>
      </trkpt>
      <trkpt lat="30.65047" lon="104.0981">
        <time>2026-04-24T09:42:47Z</time>
      </trkpt>
      <trkpt lat="30.650442" lon="104.09812">
        <time>2026-04-24T09:42:48Z</time>
      </trkpt>
      <trkpt lat="30.650421" lon="104.09815">
        <time>2026-04-24T09:42:49Z</time>
      </trkpt>
      <trkpt lat="30.6504" lon="104.09819">
        <time>2026-04-24T09:42:50Z</time>
      </trkpt>
      <trkpt lat="30.650381" lon="104.09822">
        <time>2026-04-24T09:42:51Z</time>
      </trkpt>
      <trkpt lat="30.650366" lon="104.098236">
        <time>2026-04-24T09:42:52Z</time>
      </trkpt>
      <trkpt lat="30.65036" lon="104.09824">
        <time>2026-04-24T09:42:53Z</time>
      </trkpt>
      <trkpt lat="30.65036" lon="104.09824">
        <time>2026-04-24T09:42:54Z</time>
      </trkpt>
      <trkpt lat="30.65036" lon="104.09824">
        <time>2026-04-24T09:42:55Z</time>
      </trkpt>
      <trkpt lat="30.65036" lon="104.09824">
        <time>2026-04-24T09:42:56Z</time>
      </trkpt>
      <trkpt lat="30.65036" lon="104.09824">
        <time>2026-04-24T09:42:57Z</time>
      </trkpt>
      <trkpt lat="30.65036" lon="104.09824">
        <time>2026-04-24T09:42:58Z</time>
      </trkpt>
      <trkpt lat="30.65036" lon="104.09824">
        <time>2026-04-24T09:42:59Z</time>
      </trkpt>
      <trkpt lat="30.65036" lon="104.09824">
        <time>2026-04-24T09:43:00Z</time>
      </trkpt>
      <trkpt lat="30.65036" lon="104.09824">
        <time>2026-04-24T09:43:01Z</time>
      </trkpt>
      <trkpt lat="30.65036" lon="104.09824">
        <time>2026-04-24T09:43:02Z</time>
      </trkpt>
      <trkpt lat="30.65036" lon="104.09824">
        <time>2026-04-24T09:43:03Z</time>
      </trkpt>
      <trkpt lat="30.65036" lon="104.09824">
        <time>2026-04-24T09:43:04Z</time>
      </trkpt>
      <trkpt lat="30.65036" lon="104.09824">
        <time>2026-04-24T09:43:05Z</time>
      </trkpt>
      <trkpt lat="30.65036" lon="104.09824">
        <time>2026-04-24T09:43:06Z</time>
      </trkpt>
      <trkpt lat="30.65036" lon="104.09824">
        <time>2026-04-24T09:43:07Z</time>
      </trkpt>
      <trkpt lat="30.65036" lon="104.09824">
        <time>2026-04-24T09:43:08Z</time>
      </trkpt>
      <trkpt lat="30.65036" lon="104.09824">
        <time>2026-04-24T09:43:09Z</time>
      </trkpt>
      <trkpt lat="30.65036" lon="104.09824">
        <time>2026-04-24T09:43:10Z</time>
      </trkpt>
      <trkpt lat="30.65036" lon="104.09824">
        <time>2026-04-24T09:43:11Z</time>
      </trkpt>
      <trkpt lat="30.65036" lon="104.09824">
        <time>2026-04-24T09:43:12Z</time>
      </trkpt>
      <trkpt lat="30.65036" lon="104.09824">
        <time>2026-04-24T09:43:13Z</time>
      </trkpt>
      <trkpt lat="30.65036" lon="104.09824">
        <time>2026-04-24T09:43:14Z</time>
      </trkpt>
      <trkpt lat="30.65036" lon="104.09824">
        <time>2026-04-24T09:43:15Z</time>
      </trkpt>
      <trkpt lat="30.65036" lon="104.09824">
        <time>2026-04-24T09:43:16Z</time>
      </trkpt>
      <trkpt lat="30.65036" lon="104.09824">
        <time>2026-04-24T09:43:17Z</time>
      </trkpt>
      <trkpt lat="30.65036" lon="104.09824">
        <time>2026-04-24T09:43:19Z</time>
      </trkpt>
      <trkpt lat="30.65036" lon="104.09824">
        <time>2026-04-24T09:43:20Z</time>
      </trkpt>
      <trkpt lat="30.65036" lon="104.09824">
        <time>2026-04-24T09:43:21Z</time>
      </trkpt>
      <trkpt lat="30.65036" lon="104.09824">
        <time>2026-04-24T09:43:22Z</time>
      </trkpt>
      <trkpt lat="30.65036" lon="104.09824">
        <time>2026-04-24T09:43:23Z</time>
      </trkpt>
      <trkpt lat="30.65036" lon="104.09824">
        <time>2026-04-24T09:43:24Z</time>
      </trkpt>
      <trkpt lat="30.65036" lon="104.09824">
        <time>2026-04-24T09:43:25Z</time>
      </trkpt>
      <trkpt lat="30.65036" lon="104.09824">
        <time>2026-04-24T09:43:26Z</time>
      </trkpt>
      <trkpt lat="30.65036" lon="104.09824">
        <time>2026-04-24T09:43:27Z</time>
      </trkpt>
      <trkpt lat="30.65036" lon="104.09824">
        <time>2026-04-24T09:43:28Z</time>
      </trkpt>
      <trkpt lat="30.65036" lon="104.09824">
        <time>2026-04-24T09:43:29Z</time>
      </trkpt>
      <trkpt lat="30.65036" lon="104.09824">
        <time>2026-04-24T09:43:30Z</time>
      </trkpt>
      <trkpt lat="30.65036" lon="104.09824">
        <time>2026-04-24T09:43:31Z</time>
      </trkpt>
      <trkpt lat="30.65036" lon="104.09824">
        <time>2026-04-24T09:43:32Z</time>
      </trkpt>
      <trkpt lat="30.65036" lon="104.09824">
        <time>2026-04-24T09:43:33Z</time>
      </trkpt>
      <trkpt lat="30.65036" lon="104.09824">
        <time>2026-04-24T09:43:34Z</time>
      </trkpt>
      <trkpt lat="30.65036" lon="104.09824">
        <time>2026-04-24T09:43:35Z</time>
      </trkpt>
      <trkpt lat="30.65036" lon="104.09824">
        <time>2026-04-24T09:43:36Z</time>
      </trkpt>
      <trkpt lat="30.65036" lon="104.09824">
        <time>2026-04-24T09:43:37Z</time>
      </trkpt>
      <trkpt lat="30.65036" lon="104.09824">
        <time>2026-04-24T09:43:38Z</time>
      </trkpt>
      <trkpt lat="30.65036" lon="104.09824">
        <time>2026-04-24T09:43:39Z</time>
      </trkpt>
      <trkpt lat="30.65036" lon="104.09824">
        <time>2026-04-24T09:43:40Z</time>
      </trkpt>
      <trkpt lat="30.65036" lon="104.09824">
        <time>2026-04-24T09:43:41Z</time>
      </trkpt>
      <trkpt lat="30.65036" lon="104.09824">
        <time>2026-04-24T09:43:42Z</time>
      </trkpt>
      <trkpt lat="30.65036" lon="104.09824">
        <time>2026-04-24T09:43:43Z</time>
      </trkpt>
      <trkpt lat="30.65036" lon="104.09824">
        <time>2026-04-24T09:43:44Z</time>
      </trkpt>
      <trkpt lat="30.65036" lon="104.09824">
        <time>2026-04-24T09:43:45Z</time>
      </trkpt>
      <trkpt lat="30.65036" lon="104.09824">
        <time>2026-04-24T09:43:46Z</time>
      </trkpt>
      <trkpt lat="30.65036" lon="104.09824">
        <time>2026-04-24T09:43:47Z</time>
      </trkpt>
      <trkpt lat="30.65036" lon="104.09824">
        <time>2026-04-24T09:43:48Z</time>
      </trkpt>
      <trkpt lat="30.65036" lon="104.09824">
        <time>2026-04-24T09:43:49Z</time>
      </trkpt>
      <trkpt lat="30.65036" lon="104.09824">
        <time>2026-04-24T09:43:50Z</time>
      </trkpt>
      <trkpt lat="30.65036" lon="104.09824">
        <time>2026-04-24T09:43:51Z</time>
      </trkpt>
      <trkpt lat="30.65036" lon="104.09824">
        <time>2026-04-24T09:43:52Z</time>
      </trkpt>
      <trkpt lat="30.65036" lon="104.09824">
        <time>2026-04-24T09:43:53Z</time>
      </trkpt>
      <trkpt lat="30.65036" lon="104.09824">
        <time>2026-04-24T09:43:54Z</time>
      </trkpt>
      <trkpt lat="30.65036" lon="104.09824">
        <time>2026-04-24T09:43:55Z</time>
      </trkpt>
      <trkpt lat="30.65036" lon="104.09824">
        <time>2026-04-24T09:43:56Z</time>
      </trkpt>
      <trkpt lat="30.65036" lon="104.09824">
        <time>2026-04-24T09:43:57Z</time>
      </trkpt>
      <trkpt lat="30.65036" lon="104.09824">
        <time>2026-04-24T09:43:58Z</time>
      </trkpt>
      <trkpt lat="30.65036" lon="104.09824">
        <time>2026-04-24T09:43:59Z</time>
      </trkpt>
      <trkpt lat="30.65036" lon="104.09824">
        <time>2026-04-24T09:44:00Z</time>
      </trkpt>
      <trkpt lat="30.65036" lon="104.09824">
        <time>2026-04-24T09:44:01Z</time>
      </trkpt>
      <trkpt lat="30.65036" lon="104.09824">
        <time>2026-04-24T09:44:02Z</time>
      </trkpt>
      <trkpt lat="30.65036" lon="104.09824">
        <time>2026-04-24T09:44:03Z</time>
      </trkpt>
      <trkpt lat="30.65036" lon="104.09824">
        <time>2026-04-24T09:44:04Z</time>
      </trkpt>
      <trkpt lat="30.650331" lon="104.09821">
        <time>2026-04-24T09:44:05Z</time>
      </trkpt>
      <trkpt lat="30.650307" lon="104.098206">
        <time>2026-04-24T09:44:06Z</time>
      </trkpt>
      <trkpt lat="30.650269" lon="104.0982">
        <time>2026-04-24T09:44:07Z</time>
      </trkpt>
      <trkpt lat="30.650232" lon="104.0982">
        <time>2026-04-24T09:44:08Z</time>
      </trkpt>
      <trkpt lat="30.650194" lon="104.0982">
        <time>2026-04-24T09:44:09Z</time>
      </trkpt>
      <trkpt lat="30.650156" lon="104.0982">
        <time>2026-04-24T09:44:10Z</time>
      </trkpt>
      <trkpt lat="30.650118" lon="104.0982">
        <time>2026-04-24T09:44:11Z</time>
      </trkpt>
      <trkpt lat="30.650082" lon="104.09823">
        <time>2026-04-24T09:44:12Z</time>
      </trkpt>
      <trkpt lat="30.650047" lon="104.09825">
        <time>2026-04-24T09:44:13Z</time>
      </trkpt>
      <trkpt lat="30.650019" lon="104.0983">
        <time>2026-04-24T09:44:14Z</time>
      </trkpt>
      <trkpt lat="30.649994" lon="104.09834">
        <time>2026-04-24T09:44:15Z</time>
      </trkpt>
      <trkpt lat="30.649971" lon="104.09839">
        <time>2026-04-24T09:44:16Z</time>
      </trkpt>
      <trkpt lat="30.649948" lon="104.09844">
        <time>2026-04-24T09:44:17Z</time>
      </trkpt>
      <trkpt lat="30.649925" lon="104.09849">
        <time>2026-04-24T09:44:18Z</time>
      </trkpt>
      <trkpt lat="30.649902" lon="104.09853">
        <time>2026-04-24T09:44:19Z</time>
      </trkpt>
      <trkpt lat="30.649876" lon="104.09859">
        <time>2026-04-24T09:44:20Z</time>
      </trkpt>
      <trkpt lat="30.64985" lon="104.09864">
        <time>2026-04-24T09:44:21Z</time>
      </trkpt>
      <trkpt lat="30.649828" lon="104.0987">
        <time>2026-04-24T09:44:22Z</time>
      </trkpt>
      <trkpt lat="30.649803" lon="104.098755">
        <time>2026-04-24T09:44:23Z</time>
      </trkpt>
      <trkpt lat="30.649778" lon="104.09881">
        <time>2026-04-24T09:44:24Z</time>
      </trkpt>
      <trkpt lat="30.64975" lon="104.09886">
        <time>2026-04-24T09:44:25Z</time>
      </trkpt>
      <trkpt lat="30.649723" lon="104.098915">
        <time>2026-04-24T09:44:26Z</time>
      </trkpt>
      <trkpt lat="30.649694" lon="104.098976">
        <time>2026-04-24T09:44:27Z</time>
      </trkpt>
      <trkpt lat="30.649666" lon="104.09903">
        <time>2026-04-24T09:44:28Z</time>
      </trkpt>
      <trkpt lat="30.64964" lon="104.09909">
        <time>2026-04-24T09:44:29Z</time>
      </trkpt>
      <trkpt lat="30.64961" lon="104.09915">
        <time>2026-04-24T09:44:30Z</time>
      </trkpt>
      <trkpt lat="30.649582" lon="104.099205">
        <time>2026-04-24T09:44:31Z</time>
      </trkpt>
      <trkpt lat="30.649557" lon="104.099266">
        <time>2026-04-24T09:44:32Z</time>
      </trkpt>
      <trkpt lat="30.649532" lon="104.09933">
        <time>2026-04-24T09:44:33Z</time>
      </trkpt>
      <trkpt lat="30.649508" lon="104.099396">
        <time>2026-04-24T09:44:34Z</time>
      </trkpt>
      <trkpt lat="30.649479" lon="104.099464">
        <time>2026-04-24T09:44:35Z</time>
      </trkpt>
      <trkpt lat="30.649454" lon="104.099525">
        <time>2026-04-24T09:44:36Z</time>
      </trkpt>
      <trkpt lat="30.649427" lon="104.099594">
        <time>2026-04-24T09:44:37Z</time>
      </trkpt>
      <trkpt lat="30.649397" lon="104.09967">
        <time>2026-04-24T09:44:38Z</time>
      </trkpt>
      <trkpt lat="30.649363" lon="104.09973">
        <time>2026-04-24T09:44:39Z</time>
      </trkpt>
      <trkpt lat="30.649336" lon="104.0998">
        <time>2026-04-24T09:44:40Z</time>
      </trkpt>
      <trkpt lat="30.64931" lon="104.09986">
        <time>2026-04-24T09:44:41Z</time>
      </trkpt>
      <trkpt lat="30.649282" lon="104.09992">
        <time>2026-04-24T09:44:42Z</time>
      </trkpt>
      <trkpt lat="30.649252" lon="104.09998">
        <time>2026-04-24T09:44:43Z</time>
      </trkpt>
      <trkpt lat="30.64922" lon="104.100044">
        <time>2026-04-24T09:44:44Z</time>
      </trkpt>
      <trkpt lat="30.64919" lon="104.100105">
        <time>2026-04-24T09:44:45Z</time>
      </trkpt>
      <trkpt lat="30.649164" lon="104.100174">
        <time>2026-04-24T09:44:46Z</time>
      </trkpt>
      <trkpt lat="30.64914" lon="104.100235">
        <time>2026-04-24T09:44:47Z</time>
      </trkpt>
      <trkpt lat="30.64911" lon="104.1003">
        <time>2026-04-24T09:44:48Z</time>
      </trkpt>
      <trkpt lat="30.64908" lon="104.100365">
        <time>2026-04-24T09:44:49Z</time>
      </trkpt>
      <trkpt lat="30.649048" lon="104.10042">
        <time>2026-04-24T09:44:50Z</time>
      </trkpt>
      <trkpt lat="30.64899" lon="104.10054">
        <time>2026-04-24T09:44:51Z</time>
      </trkpt>
      <trkpt lat="30.64894" lon="104.100655">
        <time>2026-04-24T09:44:53Z</time>
      </trkpt>
      <trkpt lat="30.648912" lon="104.100716">
        <time>2026-04-24T09:44:54Z</time>
      </trkpt>
      <trkpt lat="30.648886" lon="104.10078">
        <time>2026-04-24T09:44:55Z</time>
      </trkpt>
      <trkpt lat="30.648855" lon="104.10084">
        <time>2026-04-24T09:44:56Z</time>
      </trkpt>
      <trkpt lat="30.648827" lon="104.1009">
        <time>2026-04-24T09:44:57Z</time>
      </trkpt>
      <trkpt lat="30.648796" lon="104.10095">
        <time>2026-04-24T09:44:59Z</time>
      </trkpt>
      <trkpt lat="30.648767" lon="104.10101">
        <time>2026-04-24T09:45:00Z</time>
      </trkpt>
      <trkpt lat="30.64874" lon="104.101074">
        <time>2026-04-24T09:45:01Z</time>
      </trkpt>
      <trkpt lat="30.648714" lon="104.101135">
        <time>2026-04-24T09:45:02Z</time>
      </trkpt>
      <trkpt lat="30.648687" lon="104.1012">
        <time>2026-04-24T09:45:03Z</time>
      </trkpt>
      <trkpt lat="30.648655" lon="104.10126">
        <time>2026-04-24T09:45:04Z</time>
      </trkpt>
      <trkpt lat="30.648623" lon="104.10132">
        <time>2026-04-24T09:45:05Z</time>
      </trkpt>
      <trkpt lat="30.648594" lon="104.10139">
        <time>2026-04-24T09:45:06Z</time>
      </trkpt>
      <trkpt lat="30.648565" lon="104.10145">
        <time>2026-04-24T09:45:07Z</time>
      </trkpt>
      <trkpt lat="30.648533" lon="104.10151">
        <time>2026-04-24T09:45:08Z</time>
      </trkpt>
      <trkpt lat="30.648504" lon="104.10157">
        <time>2026-04-24T09:45:09Z</time>
      </trkpt>
      <trkpt lat="30.64848" lon="104.10163">
        <time>2026-04-24T09:45:10Z</time>
      </trkpt>
      <trkpt lat="30.648453" lon="104.101685">
        <time>2026-04-24T09:45:11Z</time>
      </trkpt>
      <trkpt lat="30.648422" lon="104.10174">
        <time>2026-04-24T09:45:12Z</time>
      </trkpt>
      <trkpt lat="30.648394" lon="104.1018">
        <time>2026-04-24T09:45:13Z</time>
      </trkpt>
      <trkpt lat="30.648363" lon="104.10186">
        <time>2026-04-24T09:45:14Z</time>
      </trkpt>
      <trkpt lat="30.648333" lon="104.10192">
        <time>2026-04-24T09:45:15Z</time>
      </trkpt>
      <trkpt lat="30.648304" lon="104.10198">
        <time>2026-04-24T09:45:16Z</time>
      </trkpt>
      <trkpt lat="30.648273" lon="104.10204">
        <time>2026-04-24T09:45:17Z</time>
      </trkpt>
      <trkpt lat="30.648243" lon="104.10211">
        <time>2026-04-24T09:45:18Z</time>
      </trkpt>
      <trkpt lat="30.648212" lon="104.10217">
        <time>2026-04-24T09:45:19Z</time>
      </trkpt>
      <trkpt lat="30.648186" lon="104.10224">
        <time>2026-04-24T09:45:20Z</time>
      </trkpt>
      <trkpt lat="30.648153" lon="104.1023">
        <time>2026-04-24T09:45:21Z</time>
      </trkpt>
      <trkpt lat="30.64812" lon="104.10237">
        <time>2026-04-24T09:45:22Z</time>
      </trkpt>
      <trkpt lat="30.648085" lon="104.10244">
        <time>2026-04-24T09:45:23Z</time>
      </trkpt>
      <trkpt lat="30.648054" lon="104.1025">
        <time>2026-04-24T09:45:24Z</time>
      </trkpt>
      <trkpt lat="30.648018" lon="104.10256">
        <time>2026-04-24T09:45:25Z</time>
      </trkpt>
      <trkpt lat="30.647985" lon="104.10263">
        <time>2026-04-24T09:45:26Z</time>
      </trkpt>
      <trkpt lat="30.64795" lon="104.1027">
        <time>2026-04-24T09:45:27Z</time>
      </trkpt>
      <trkpt lat="30.647919" lon="104.10276">
        <time>2026-04-24T09:45:28Z</time>
      </trkpt>
      <trkpt lat="30.647886" lon="104.10283">
        <time>2026-04-24T09:45:29Z</time>
      </trkpt>
      <trkpt lat="30.647856" lon="104.10289">
        <time>2026-04-24T09:45:30Z</time>
      </trkpt>
      <trkpt lat="30.647823" lon="104.10296">
        <time>2026-04-24T09:45:31Z</time>
      </trkpt>
      <trkpt lat="30.64779" lon="104.10303">
        <time>2026-04-24T09:45:32Z</time>
      </trkpt>
      <trkpt lat="30.647758" lon="104.103096">
        <time>2026-04-24T09:45:33Z</time>
      </trkpt>
      <trkpt lat="30.647726" lon="104.103165">
        <time>2026-04-24T09:45:34Z</time>
      </trkpt>
      <trkpt lat="30.647696" lon="104.10323">
        <time>2026-04-24T09:45:35Z</time>
      </trkpt>
      <trkpt lat="30.647667" lon="104.1033">
        <time>2026-04-24T09:45:36Z</time>
      </trkpt>
      <trkpt lat="30.647638" lon="104.10336">
        <time>2026-04-24T09:45:37Z</time>
      </trkpt>
      <trkpt lat="30.64761" lon="104.103424">
        <time>2026-04-24T09:45:38Z</time>
      </trkpt>
      <trkpt lat="30.64758" lon="104.10349">
        <time>2026-04-24T09:45:39Z</time>
      </trkpt>
      <trkpt lat="30.647549" lon="104.10356">
        <time>2026-04-24T09:45:40Z</time>
      </trkpt>
      <trkpt lat="30.647518" lon="104.10362">
        <time>2026-04-24T09:45:41Z</time>
      </trkpt>
      <trkpt lat="30.647491" lon="104.1037">
        <time>2026-04-24T09:45:42Z</time>
      </trkpt>
      <trkpt lat="30.647469" lon="104.10377">
        <time>2026-04-24T09:45:43Z</time>
      </trkpt>
      <trkpt lat="30.647442" lon="104.103836">
        <time>2026-04-24T09:45:44Z</time>
      </trkpt>
      <trkpt lat="30.64741" lon="104.103905">
        <time>2026-04-24T09:45:45Z</time>
      </trkpt>
      <trkpt lat="30.647375" lon="104.103966">
        <time>2026-04-24T09:45:46Z</time>
      </trkpt>
      <trkpt lat="30.64734" lon="104.104034">
        <time>2026-04-24T09:45:47Z</time>
      </trkpt>
      <trkpt lat="30.64731" lon="104.1041">
        <time>2026-04-24T09:45:48Z</time>
      </trkpt>
      <trkpt lat="30.647276" lon="104.10417">
        <time>2026-04-24T09:45:49Z</time>
      </trkpt>
      <trkpt lat="30.64724" lon="104.10424">
        <time>2026-04-24T09:45:50Z</time>
      </trkpt>
      <trkpt lat="30.647207" lon="104.10432">
        <time>2026-04-24T09:45:51Z</time>
      </trkpt>
      <trkpt lat="30.64717" lon="104.104385">
        <time>2026-04-24T09:45:52Z</time>
      </trkpt>
      <trkpt lat="30.647135" lon="104.10446">
        <time>2026-04-24T09:45:53Z</time>
      </trkpt>
      <trkpt lat="30.647097" lon="104.10453">
        <time>2026-04-24T09:45:54Z</time>
      </trkpt>
      <trkpt lat="30.647058" lon="104.1046">
        <time>2026-04-24T09:45:55Z</time>
      </trkpt>
      <trkpt lat="30.64702" lon="104.104675">
        <time>2026-04-24T09:45:56Z</time>
      </trkpt>
      <trkpt lat="30.646984" lon="104.10474">
        <time>2026-04-24T09:45:57Z</time>
      </trkpt>
      <trkpt lat="30.646952" lon="104.10481">
        <time>2026-04-24T09:45:58Z</time>
      </trkpt>
      <trkpt lat="30.646917" lon="104.10488">
        <time>2026-04-24T09:45:59Z</time>
      </trkpt>
      <trkpt lat="30.646885" lon="104.10495">
        <time>2026-04-24T09:46:00Z</time>
      </trkpt>
      <trkpt lat="30.646852" lon="104.10502">
        <time>2026-04-24T09:46:01Z</time>
      </trkpt>
      <trkpt lat="30.646822" lon="104.10509">
        <time>2026-04-24T09:46:02Z</time>
      </trkpt>
      <trkpt lat="30.64679" lon="104.105156">
        <time>2026-04-24T09:46:03Z</time>
      </trkpt>
      <trkpt lat="30.646755" lon="104.10522">
        <time>2026-04-24T09:46:04Z</time>
      </trkpt>
      <trkpt lat="30.646711" lon="104.10527">
        <time>2026-04-24T09:46:05Z</time>
      </trkpt>
      <trkpt lat="30.646666" lon="104.10532">
        <time>2026-04-24T09:46:06Z</time>
      </trkpt>
      <trkpt lat="30.646624" lon="104.10538">
        <time>2026-04-24T09:46:07Z</time>
      </trkpt>
      <trkpt lat="30.646582" lon="104.10544">
        <time>2026-04-24T09:46:08Z</time>
      </trkpt>
      <trkpt lat="30.64655" lon="104.105515">
        <time>2026-04-24T09:46:09Z</time>
      </trkpt>
      <trkpt lat="30.646523" lon="104.10558">
        <time>2026-04-24T09:46:10Z</time>
      </trkpt>
      <trkpt lat="30.646488" lon="104.10565">
        <time>2026-04-24T09:46:11Z</time>
      </trkpt>
      <trkpt lat="30.646456" lon="104.10572">
        <time>2026-04-24T09:46:12Z</time>
      </trkpt>
      <trkpt lat="30.646427" lon="104.10579">
        <time>2026-04-24T09:46:13Z</time>
      </trkpt>
      <trkpt lat="30.64639" lon="104.10586">
        <time>2026-04-24T09:46:14Z</time>
      </trkpt>
      <trkpt lat="30.646355" lon="104.10593">
        <time>2026-04-24T09:46:15Z</time>
      </trkpt>
      <trkpt lat="30.646322" lon="104.105995">
        <time>2026-04-24T09:46:16Z</time>
      </trkpt>
      <trkpt lat="30.64629" lon="104.106064">
        <time>2026-04-24T09:46:17Z</time>
      </trkpt>
      <trkpt lat="30.646257" lon="104.10613">
        <time>2026-04-24T09:46:18Z</time>
      </trkpt>
      <trkpt lat="30.64623" lon="104.1062">
        <time>2026-04-24T09:46:19Z</time>
      </trkpt>
      <trkpt lat="30.646202" lon="104.10627">
        <time>2026-04-24T09:46:20Z</time>
      </trkpt>
      <trkpt lat="30.64617" lon="104.10634">
        <time>2026-04-24T09:46:21Z</time>
      </trkpt>
      <trkpt lat="30.646135" lon="104.1064">
        <time>2026-04-24T09:46:22Z</time>
      </trkpt>
      <trkpt lat="30.646103" lon="104.10647">
        <time>2026-04-24T09:46:23Z</time>
      </trkpt>
      <trkpt lat="30.646074" lon="104.10653">
        <time>2026-04-24T09:46:24Z</time>
      </trkpt>
      <trkpt lat="30.646046" lon="104.10659">
        <time>2026-04-24T09:46:25Z</time>
      </trkpt>
      <trkpt lat="30.64602" lon="104.10665">
        <time>2026-04-24T09:46:26Z</time>
      </trkpt>
      <trkpt lat="30.645992" lon="104.10671">
        <time>2026-04-24T09:46:27Z</time>
      </trkpt>
      <trkpt lat="30.645967" lon="104.106766">
        <time>2026-04-24T09:46:28Z</time>
      </trkpt>
      <trkpt lat="30.645945" lon="104.10681">
        <time>2026-04-24T09:46:29Z</time>
      </trkpt>
      <trkpt lat="30.645927" lon="104.10686">
        <time>2026-04-24T09:46:30Z</time>
      </trkpt>
      <trkpt lat="30.64589" lon="104.10696">
        <time>2026-04-24T09:46:31Z</time>
      </trkpt>
      <trkpt lat="30.645872" lon="104.107">
        <time>2026-04-24T09:46:32Z</time>
      </trkpt>
      <trkpt lat="30.64586" lon="104.10704">
        <time>2026-04-24T09:46:33Z</time>
      </trkpt>
      <trkpt lat="30.645851" lon="104.10708">
        <time>2026-04-24T09:46:34Z</time>
      </trkpt>
      <trkpt lat="30.645834" lon="104.107124">
        <time>2026-04-24T09:46:35Z</time>
      </trkpt>
      <trkpt lat="30.645817" lon="104.10717">
        <time>2026-04-24T09:46:36Z</time>
      </trkpt>
      <trkpt lat="30.64577" lon="104.10727">
        <time>2026-04-24T09:46:38Z</time>
      </trkpt>
      <trkpt lat="30.645744" lon="104.107315">
        <time>2026-04-24T09:46:39Z</time>
      </trkpt>
      <trkpt lat="30.645716" lon="104.10736">
        <time>2026-04-24T09:46:41Z</time>
      </trkpt>
      <trkpt lat="30.645693" lon="104.10741">
        <time>2026-04-24T09:46:42Z</time>
      </trkpt>
      <trkpt lat="30.645674" lon="104.107445">
        <time>2026-04-24T09:46:43Z</time>
      </trkpt>
      <trkpt lat="30.645655" lon="104.107475">
        <time>2026-04-24T09:46:44Z</time>
      </trkpt>
      <trkpt lat="30.645641" lon="104.107506">
        <time>2026-04-24T09:46:45Z</time>
      </trkpt>
      <trkpt lat="30.645624" lon="104.10755">
        <time>2026-04-24T09:46:46Z</time>
      </trkpt>
      <trkpt lat="30.645607" lon="104.1076">
        <time>2026-04-24T09:46:47Z</time>
      </trkpt>
      <trkpt lat="30.645586" lon="104.10766">
        <time>2026-04-24T09:46:48Z</time>
      </trkpt>
      <trkpt lat="30.64557" lon="104.10771">
        <time>2026-04-24T09:46:49Z</time>
      </trkpt>
      <trkpt lat="30.645546" lon="104.10776">
        <time>2026-04-24T09:46:50Z</time>
      </trkpt>
      <trkpt lat="30.645521" lon="104.1078">
        <time>2026-04-24T09:46:51Z</time>
      </trkpt>
      <trkpt lat="30.645494" lon="104.107834">
        <time>2026-04-24T09:46:52Z</time>
      </trkpt>
      <trkpt lat="30.64547" lon="104.10787">
        <time>2026-04-24T09:46:53Z</time>
      </trkpt>
      <trkpt lat="30.645445" lon="104.1079">
        <time>2026-04-24T09:46:54Z</time>
      </trkpt>
      <trkpt lat="30.645412" lon="104.10793">
        <time>2026-04-24T09:46:55Z</time>
      </trkpt>
      <trkpt lat="30.645378" lon="104.10796">
        <time>2026-04-24T09:46:56Z</time>
      </trkpt>
      <trkpt lat="30.64534" lon="104.108">
        <time>2026-04-24T09:46:57Z</time>
      </trkpt>
      <trkpt lat="30.645308" lon="104.10803">
        <time>2026-04-24T09:46:58Z</time>
      </trkpt>
      <trkpt lat="30.645275" lon="104.10806">
        <time>2026-04-24T09:46:59Z</time>
      </trkpt>
      <trkpt lat="30.645245" lon="104.10809">
        <time>2026-04-24T09:47:00Z</time>
      </trkpt>
      <trkpt lat="30.645226" lon="104.10813">
        <time>2026-04-24T09:47:01Z</time>
      </trkpt>
      <trkpt lat="30.645208" lon="104.10818">
        <time>2026-04-24T09:47:02Z</time>
      </trkpt>
      <trkpt lat="30.64519" lon="104.10822">
        <time>2026-04-24T09:47:03Z</time>
      </trkpt>
      <trkpt lat="30.645176" lon="104.10828">
        <time>2026-04-24T09:47:04Z</time>
      </trkpt>
      <trkpt lat="30.645153" lon="104.10833">
        <time>2026-04-24T09:47:05Z</time>
      </trkpt>
      <trkpt lat="30.645132" lon="104.108376">
        <time>2026-04-24T09:47:06Z</time>
      </trkpt>
      <trkpt lat="30.645123" lon="104.10841">
        <time>2026-04-24T09:47:07Z</time>
      </trkpt>
      <trkpt lat="30.64511" lon="104.10846">
        <time>2026-04-24T09:47:08Z</time>
      </trkpt>
      <trkpt lat="30.645096" lon="104.108505">
        <time>2026-04-24T09:47:09Z</time>
      </trkpt>
      <trkpt lat="30.64508" lon="104.10855">
        <time>2026-04-24T09:47:10Z</time>
      </trkpt>
      <trkpt lat="30.645063" lon="104.10861">
        <time>2026-04-24T09:47:11Z</time>
      </trkpt>
      <trkpt lat="30.645044" lon="104.108665">
        <time>2026-04-24T09:47:12Z</time>
      </trkpt>
      <trkpt lat="30.645025" lon="104.108734">
        <time>2026-04-24T09:47:13Z</time>
      </trkpt>
      <trkpt lat="30.645004" lon="104.108795">
        <time>2026-04-24T09:47:14Z</time>
      </trkpt>
      <trkpt lat="30.644983" lon="104.10885">
        <time>2026-04-24T09:47:15Z</time>
      </trkpt>
      <trkpt lat="30.644957" lon="104.10891">
        <time>2026-04-24T09:47:16Z</time>
      </trkpt>
      <trkpt lat="30.644928" lon="104.10898">
        <time>2026-04-24T09:47:17Z</time>
      </trkpt>
      <trkpt lat="30.644897" lon="104.109055">
        <time>2026-04-24T09:47:18Z</time>
      </trkpt>
      <trkpt lat="30.644865" lon="104.10912">
        <time>2026-04-24T09:47:19Z</time>
      </trkpt>
      <trkpt lat="30.644833" lon="104.109184">
        <time>2026-04-24T09:47:20Z</time>
      </trkpt>
      <trkpt lat="30.644804" lon="104.10925">
        <time>2026-04-24T09:47:21Z</time>
      </trkpt>
      <trkpt lat="30.644775" lon="104.10932">
        <time>2026-04-24T09:47:22Z</time>
      </trkpt>
      <trkpt lat="30.644749" lon="104.1094">
        <time>2026-04-24T09:47:23Z</time>
      </trkpt>
      <trkpt lat="30.644716" lon="104.109474">
        <time>2026-04-24T09:47:24Z</time>
      </trkpt>
      <trkpt lat="30.644686" lon="104.10954">
        <time>2026-04-24T09:47:25Z</time>
      </trkpt>
      <trkpt lat="30.64465" lon="104.10961">
        <time>2026-04-24T09:47:26Z</time>
      </trkpt>
      <trkpt lat="30.644615" lon="104.10969">
        <time>2026-04-24T09:47:27Z</time>
      </trkpt>
      <trkpt lat="30.64458" lon="104.109764">
        <time>2026-04-24T09:47:28Z</time>
      </trkpt>
      <trkpt lat="30.644543" lon="104.10984">
        <time>2026-04-24T09:47:29Z</time>
      </trkpt>
      <trkpt lat="30.644506" lon="104.10992">
        <time>2026-04-24T09:47:30Z</time>
      </trkpt>
      <trkpt lat="30.644468" lon="104.10999">
        <time>2026-04-24T09:47:31Z</time>
      </trkpt>
      <trkpt lat="30.644434" lon="104.11007">
        <time>2026-04-24T09:47:32Z</time>
      </trkpt>
      <trkpt lat="30.644398" lon="104.110146">
        <time>2026-04-24T09:47:33Z</time>
      </trkpt>
      <trkpt lat="30.644361" lon="104.11023">
        <time>2026-04-24T09:47:34Z</time>
      </trkpt>
      <trkpt lat="30.644325" lon="104.110306">
        <time>2026-04-24T09:47:35Z</time>
      </trkpt>
      <trkpt lat="30.644289" lon="104.11038">
        <time>2026-04-24T09:47:36Z</time>
      </trkpt>
      <trkpt lat="30.64425" lon="104.110466">
        <time>2026-04-24T09:47:37Z</time>
      </trkpt>
      <trkpt lat="30.644215" lon="104.110535">
        <time>2026-04-24T09:47:38Z</time>
      </trkpt>
      <trkpt lat="30.644182" lon="104.11061">
        <time>2026-04-24T09:47:39Z</time>
      </trkpt>
      <trkpt lat="30.644144" lon="104.11068">
        <time>2026-04-24T09:47:40Z</time>
      </trkpt>
      <trkpt lat="30.644108" lon="104.11075">
        <time>2026-04-24T09:47:41Z</time>
      </trkpt>
      <trkpt lat="30.644073" lon="104.11082">
        <time>2026-04-24T09:47:42Z</time>
      </trkpt>
      <trkpt lat="30.64404" lon="104.110886">
        <time>2026-04-24T09:47:43Z</time>
      </trkpt>
      <trkpt lat="30.644007" lon="104.110954">
        <time>2026-04-24T09:47:44Z</time>
      </trkpt>
      <trkpt lat="30.643972" lon="104.111015">
        <time>2026-04-24T09:47:45Z</time>
      </trkpt>
      <trkpt lat="30.643942" lon="104.111084">
        <time>2026-04-24T09:47:46Z</time>
      </trkpt>
      <trkpt lat="30.64391" lon="104.111145">
        <time>2026-04-24T09:47:47Z</time>
      </trkpt>
      <trkpt lat="30.643879" lon="104.11121">
        <time>2026-04-24T09:47:48Z</time>
      </trkpt>
      <trkpt lat="30.643852" lon="104.111275">
        <time>2026-04-24T09:47:49Z</time>
      </trkpt>
      <trkpt lat="30.64383" lon="104.11133">
        <time>2026-04-24T09:47:50Z</time>
      </trkpt>
      <trkpt lat="30.64381" lon="104.11138">
        <time>2026-04-24T09:47:51Z</time>
      </trkpt>
      <trkpt lat="30.64379" lon="104.111435">
        <time>2026-04-24T09:47:52Z</time>
      </trkpt>
      <trkpt lat="30.643766" lon="104.11149">
        <time>2026-04-24T09:47:53Z</time>
      </trkpt>
      <trkpt lat="30.64374" lon="104.11154">
        <time>2026-04-24T09:47:54Z</time>
      </trkpt>
      <trkpt lat="30.643711" lon="104.111595">
        <time>2026-04-24T09:47:55Z</time>
      </trkpt>
      <trkpt lat="30.643682" lon="104.11163">
        <time>2026-04-24T09:47:56Z</time>
      </trkpt>
      <trkpt lat="30.643652" lon="104.111664">
        <time>2026-04-24T09:47:57Z</time>
      </trkpt>
      <trkpt lat="30.643625" lon="104.1117">
        <time>2026-04-24T09:47:58Z</time>
      </trkpt>
      <trkpt lat="30.643604" lon="104.11174">
        <time>2026-04-24T09:47:59Z</time>
      </trkpt>
      <trkpt lat="30.643587" lon="104.11178">
        <time>2026-04-24T09:48:00Z</time>
      </trkpt>
      <trkpt lat="30.643559" lon="104.11182">
        <time>2026-04-24T09:48:01Z</time>
      </trkpt>
      <trkpt lat="30.643524" lon="104.111855">
        <time>2026-04-24T09:48:02Z</time>
      </trkpt>
      <trkpt lat="30.643488" lon="104.1119">
        <time>2026-04-24T09:48:03Z</time>
      </trkpt>
      <trkpt lat="30.643456" lon="104.11194">
        <time>2026-04-24T09:48:04Z</time>
      </trkpt>
      <trkpt lat="30.643429" lon="104.11199">
        <time>2026-04-24T09:48:05Z</time>
      </trkpt>
      <trkpt lat="30.643406" lon="104.112045">
        <time>2026-04-24T09:48:06Z</time>
      </trkpt>
      <trkpt lat="30.643387" lon="104.11211">
        <time>2026-04-24T09:48:07Z</time>
      </trkpt>
      <trkpt lat="30.643366" lon="104.11217">
        <time>2026-04-24T09:48:08Z</time>
      </trkpt>
      <trkpt lat="30.643337" lon="104.112236">
        <time>2026-04-24T09:48:09Z</time>
      </trkpt>
      <trkpt lat="30.643309" lon="104.112305">
        <time>2026-04-24T09:48:10Z</time>
      </trkpt>
      <trkpt lat="30.643282" lon="104.112366">
        <time>2026-04-24T09:48:11Z</time>
      </trkpt>
      <trkpt lat="30.643253" lon="104.112434">
        <time>2026-04-24T09:48:12Z</time>
      </trkpt>
      <trkpt lat="30.643223" lon="104.112495">
        <time>2026-04-24T09:48:13Z</time>
      </trkpt>
      <trkpt lat="30.643194" lon="104.11256">
        <time>2026-04-24T09:48:14Z</time>
      </trkpt>
      <trkpt lat="30.643167" lon="104.11262">
        <time>2026-04-24T09:48:15Z</time>
      </trkpt>
      <trkpt lat="30.64314" lon="104.11268">
        <time>2026-04-24T09:48:16Z</time>
      </trkpt>
      <trkpt lat="30.643114" lon="104.11274">
        <time>2026-04-24T09:48:17Z</time>
      </trkpt>
      <trkpt lat="30.643087" lon="104.1128">
        <time>2026-04-24T09:48:18Z</time>
      </trkpt>
      <trkpt lat="30.64306" lon="104.11287">
        <time>2026-04-24T09:48:19Z</time>
      </trkpt>
      <trkpt lat="30.64303" lon="104.11293">
        <time>2026-04-24T09:48:20Z</time>
      </trkpt>
      <trkpt lat="30.643" lon="104.11299">
        <time>2026-04-24T09:48:21Z</time>
      </trkpt>
      <trkpt lat="30.642971" lon="104.11305">
        <time>2026-04-24T09:48:22Z</time>
      </trkpt>
      <trkpt lat="30.64291" lon="104.11318">
        <time>2026-04-24T09:48:23Z</time>
      </trkpt>
      <trkpt lat="30.642878" lon="104.11324">
        <time>2026-04-24T09:48:24Z</time>
      </trkpt>
      <trkpt lat="30.64284" lon="104.113304">
        <time>2026-04-24T09:48:25Z</time>
      </trkpt>
      <trkpt lat="30.642801" lon="104.113365">
        <time>2026-04-24T09:48:26Z</time>
      </trkpt>
      <trkpt lat="30.642767" lon="104.11343">
        <time>2026-04-24T09:48:27Z</time>
      </trkpt>
      <trkpt lat="30.642735" lon="104.113495">
        <time>2026-04-24T09:48:28Z</time>
      </trkpt>
      <trkpt lat="30.642706" lon="104.11356">
        <time>2026-04-24T09:48:29Z</time>
      </trkpt>
      <trkpt lat="30.642675" lon="104.11363">
        <time>2026-04-24T09:48:30Z</time>
      </trkpt>
      <trkpt lat="30.642643" lon="104.11369">
        <time>2026-04-24T09:48:31Z</time>
      </trkpt>
      <trkpt lat="30.642609" lon="104.11376">
        <time>2026-04-24T09:48:33Z</time>
      </trkpt>
      <trkpt lat="30.642574" lon="104.11383">
        <time>2026-04-24T09:48:34Z</time>
      </trkpt>
      <trkpt lat="30.64254" lon="104.1139">
        <time>2026-04-24T09:48:35Z</time>
      </trkpt>
      <trkpt lat="30.642508" lon="104.11397">
        <time>2026-04-24T09:48:36Z</time>
      </trkpt>
      <trkpt lat="30.642475" lon="104.11404">
        <time>2026-04-24T09:48:37Z</time>
      </trkpt>
      <trkpt lat="30.64244" lon="104.114105">
        <time>2026-04-24T09:48:38Z</time>
      </trkpt>
      <trkpt lat="30.64241" lon="104.11417">
        <time>2026-04-24T09:48:39Z</time>
      </trkpt>
      <trkpt lat="30.642378" lon="104.11423">
        <time>2026-04-24T09:48:40Z</time>
      </trkpt>
      <trkpt lat="30.64235" lon="104.11429">
        <time>2026-04-24T09:48:41Z</time>
      </trkpt>
      <trkpt lat="30.642323" lon="104.11435">
        <time>2026-04-24T09:48:42Z</time>
      </trkpt>
      <trkpt lat="30.642296" lon="104.11441">
        <time>2026-04-24T09:48:43Z</time>
      </trkpt>
      <trkpt lat="30.64227" lon="104.11447">
        <time>2026-04-24T09:48:44Z</time>
      </trkpt>
      <trkpt lat="30.642242" lon="104.11454">
        <time>2026-04-24T09:48:45Z</time>
      </trkpt>
      <trkpt lat="30.642216" lon="104.1146">
        <time>2026-04-24T09:48:46Z</time>
      </trkpt>
      <trkpt lat="30.642189" lon="104.11467">
        <time>2026-04-24T09:48:47Z</time>
      </trkpt>
      <trkpt lat="30.64216" lon="104.11472">
        <time>2026-04-24T09:48:48Z</time>
      </trkpt>
      <trkpt lat="30.642128" lon="104.114784">
        <time>2026-04-24T09:48:49Z</time>
      </trkpt>
      <trkpt lat="30.642092" lon="104.11483">
        <time>2026-04-24T09:48:50Z</time>
      </trkpt>
      <trkpt lat="30.642057" lon="104.114876">
        <time>2026-04-24T09:48:51Z</time>
      </trkpt>
      <trkpt lat="30.642033" lon="104.11492">
        <time>2026-04-24T09:48:52Z</time>
      </trkpt>
      <trkpt lat="30.642012" lon="104.114975">
        <time>2026-04-24T09:48:53Z</time>
      </trkpt>
      <trkpt lat="30.641989" lon="104.11503">
        <time>2026-04-24T09:48:54Z</time>
      </trkpt>
      <trkpt lat="30.641962" lon="104.11509">
        <time>2026-04-24T09:48:55Z</time>
      </trkpt>
      <trkpt lat="30.641937" lon="104.115166">
        <time>2026-04-24T09:48:56Z</time>
      </trkpt>
      <trkpt lat="30.641912" lon="104.115234">
        <time>2026-04-24T09:48:57Z</time>
      </trkpt>
      <trkpt lat="30.6419" lon="104.11532">
        <time>2026-04-24T09:48:58Z</time>
      </trkpt>
      <trkpt lat="30.64188" lon="104.115395">
        <time>2026-04-24T09:48:59Z</time>
      </trkpt>
      <trkpt lat="30.641857" lon="104.11546">
        <time>2026-04-24T09:49:00Z</time>
      </trkpt>
      <trkpt lat="30.641827" lon="104.11554">
        <time>2026-04-24T09:49:01Z</time>
      </trkpt>
      <trkpt lat="30.641796" lon="104.11561">
        <time>2026-04-24T09:49:02Z</time>
      </trkpt>
      <trkpt lat="30.641766" lon="104.11568">
        <time>2026-04-24T09:49:03Z</time>
      </trkpt>
      <trkpt lat="30.641735" lon="104.115746">
        <time>2026-04-24T09:49:04Z</time>
      </trkpt>
      <trkpt lat="30.6417" lon="104.11582">
        <time>2026-04-24T09:49:05Z</time>
      </trkpt>
      <trkpt lat="30.641666" lon="104.11589">
        <time>2026-04-24T09:49:06Z</time>
      </trkpt>
      <trkpt lat="30.641628" lon="104.11597">
        <time>2026-04-24T09:49:07Z</time>
      </trkpt>
      <trkpt lat="30.64159" lon="104.11604">
        <time>2026-04-24T09:49:08Z</time>
      </trkpt>
      <trkpt lat="30.641556" lon="104.11612">
        <time>2026-04-24T09:49:09Z</time>
      </trkpt>
      <trkpt lat="30.641523" lon="104.11619">
        <time>2026-04-24T09:49:10Z</time>
      </trkpt>
      <trkpt lat="30.641489" lon="104.116264">
        <time>2026-04-24T09:49:11Z</time>
      </trkpt>
      <trkpt lat="30.641453" lon="104.11633">
        <time>2026-04-24T09:49:12Z</time>
      </trkpt>
      <trkpt lat="30.641418" lon="104.11642">
        <time>2026-04-24T09:49:13Z</time>
      </trkpt>
      <trkpt lat="30.641386" lon="104.116486">
        <time>2026-04-24T09:49:14Z</time>
      </trkpt>
      <trkpt lat="30.641357" lon="104.116554">
        <time>2026-04-24T09:49:15Z</time>
      </trkpt>
      <trkpt lat="30.64133" lon="104.11662">
        <time>2026-04-24T09:49:16Z</time>
      </trkpt>
      <trkpt lat="30.641304" lon="104.11669">
        <time>2026-04-24T09:49:17Z</time>
      </trkpt>
      <trkpt lat="30.641277" lon="104.11676">
        <time>2026-04-24T09:49:18Z</time>
      </trkpt>
      <trkpt lat="30.641247" lon="104.11682">
        <time>2026-04-24T09:49:19Z</time>
      </trkpt>
      <trkpt lat="30.641214" lon="104.11688">
        <time>2026-04-24T09:49:20Z</time>
      </trkpt>
      <trkpt lat="30.641184" lon="104.11694">
        <time>2026-04-24T09:49:21Z</time>
      </trkpt>
      <trkpt lat="30.641153" lon="104.117004">
        <time>2026-04-24T09:49:22Z</time>
      </trkpt>
      <trkpt lat="30.641125" lon="104.117065">
        <time>2026-04-24T09:49:23Z</time>
      </trkpt>
      <trkpt lat="30.641098" lon="104.117134">
        <time>2026-04-24T09:49:24Z</time>
      </trkpt>
      <trkpt lat="30.641071" lon="104.117195">
        <time>2026-04-24T09:49:25Z</time>
      </trkpt>
      <trkpt lat="30.64104" lon="104.117256">
        <time>2026-04-24T09:49:26Z</time>
      </trkpt>
      <trkpt lat="30.641008" lon="104.11731">
        <time>2026-04-24T09:49:27Z</time>
      </trkpt>
      <trkpt lat="30.640976" lon="104.11736">
        <time>2026-04-24T09:49:28Z</time>
      </trkpt>
      <trkpt lat="30.64094" lon="104.11742">
        <time>2026-04-24T09:49:29Z</time>
      </trkpt>
      <trkpt lat="30.64091" lon="104.11748">
        <time>2026-04-24T09:49:30Z</time>
      </trkpt>
      <trkpt lat="30.640882" lon="104.11753">
        <time>2026-04-24T09:49:31Z</time>
      </trkpt>
      <trkpt lat="30.640858" lon="104.11759">
        <time>2026-04-24T09:49:32Z</time>
      </trkpt>
      <trkpt lat="30.64083" lon="104.117645">
        <time>2026-04-24T09:49:33Z</time>
      </trkpt>
      <trkpt lat="30.6408" lon="104.1177">
        <time>2026-04-24T09:49:34Z</time>
      </trkpt>
      <trkpt lat="30.640774" lon="104.11776">
        <time>2026-04-24T09:49:35Z</time>
      </trkpt>
      <trkpt lat="30.64075" lon="104.11782">
        <time>2026-04-24T09:49:36Z</time>
      </trkpt>
      <trkpt lat="30.64073" lon="104.11788">
        <time>2026-04-24T09:49:37Z</time>
      </trkpt>
      <trkpt lat="30.640707" lon="104.117935">
        <time>2026-04-24T09:49:38Z</time>
      </trkpt>
      <trkpt lat="30.640684" lon="104.118">
        <time>2026-04-24T09:49:39Z</time>
      </trkpt>
      <trkpt lat="30.640656" lon="104.11805">
        <time>2026-04-24T09:49:40Z</time>
      </trkpt>
      <trkpt lat="30.640629" lon="104.1181">
        <time>2026-04-24T09:49:41Z</time>
      </trkpt>
      <trkpt lat="30.640606" lon="104.11815">
        <time>2026-04-24T09:49:42Z</time>
      </trkpt>
      <trkpt lat="30.64059" lon="104.11818">
        <time>2026-04-24T09:49:43Z</time>
      </trkpt>
      <trkpt lat="30.640575" lon="104.118195">
        <time>2026-04-24T09:49:44Z</time>
      </trkpt>
      <trkpt lat="30.640562" lon="104.118225">
        <time>2026-04-24T09:49:45Z</time>
      </trkpt>
      <trkpt lat="30.640547" lon="104.118256">
        <time>2026-04-24T09:49:46Z</time>
      </trkpt>
      <trkpt lat="30.64053" lon="104.11829">
        <time>2026-04-24T09:49:47Z</time>
      </trkpt>
      <trkpt lat="30.640512" lon="104.11833">
        <time>2026-04-24T09:49:48Z</time>
      </trkpt>
      <trkpt lat="30.640495" lon="104.11837">
        <time>2026-04-24T09:49:49Z</time>
      </trkpt>
      <trkpt lat="30.640474" lon="104.118416">
        <time>2026-04-24T09:49:50Z</time>
      </trkpt>
      <trkpt lat="30.64045" lon="104.11847">
        <time>2026-04-24T09:49:51Z</time>
      </trkpt>
      <trkpt lat="30.640427" lon="104.118515">
        <time>2026-04-24T09:49:52Z</time>
      </trkpt>
      <trkpt lat="30.640398" lon="104.11857">
        <time>2026-04-24T09:49:53Z</time>
      </trkpt>
      <trkpt lat="30.640368" lon="104.11862">
        <time>2026-04-24T09:49:54Z</time>
      </trkpt>
      <trkpt lat="30.640337" lon="104.11868">
        <time>2026-04-24T09:49:55Z</time>
      </trkpt>
      <trkpt lat="30.6403" lon="104.118744">
        <time>2026-04-24T09:49:56Z</time>
      </trkpt>
      <trkpt lat="30.640263" lon="104.118805">
        <time>2026-04-24T09:49:57Z</time>
      </trkpt>
      <trkpt lat="30.640232" lon="104.11887">
        <time>2026-04-24T09:49:58Z</time>
      </trkpt>
      <trkpt lat="30.6402" lon="104.118935">
        <time>2026-04-24T09:49:59Z</time>
      </trkpt>
      <trkpt lat="30.640171" lon="104.118996">
        <time>2026-04-24T09:50:00Z</time>
      </trkpt>
      <trkpt lat="30.640142" lon="104.11906">
        <time>2026-04-24T09:50:01Z</time>
      </trkpt>
      <trkpt lat="30.640116" lon="104.11911">
        <time>2026-04-24T09:50:02Z</time>
      </trkpt>
      <trkpt lat="30.640085" lon="104.11917">
        <time>2026-04-24T09:50:03Z</time>
      </trkpt>
      <trkpt lat="30.64006" lon="104.119225">
        <time>2026-04-24T09:50:04Z</time>
      </trkpt>
      <trkpt lat="30.640038" lon="104.11926">
        <time>2026-04-24T09:50:05Z</time>
      </trkpt>
      <trkpt lat="30.640003" lon="104.11933">
        <time>2026-04-24T09:50:06Z</time>
      </trkpt>
      <trkpt lat="30.63999" lon="104.11936">
        <time>2026-04-24T09:50:07Z</time>
      </trkpt>
      <trkpt lat="30.639975" lon="104.119385">
        <time>2026-04-24T09:50:08Z</time>
      </trkpt>
      <trkpt lat="30.639963" lon="104.119415">
        <time>2026-04-24T09:50:09Z</time>
      </trkpt>
      <trkpt lat="30.639948" lon="104.119446">
        <time>2026-04-24T09:50:10Z</time>
      </trkpt>
      <trkpt lat="30.639936" lon="104.11948">
        <time>2026-04-24T09:50:12Z</time>
      </trkpt>
      <trkpt lat="30.639923" lon="104.1195">
        <time>2026-04-24T09:50:13Z</time>
      </trkpt>
      <trkpt lat="30.63991" lon="104.11953">
        <time>2026-04-24T09:50:14Z</time>
      </trkpt>
      <trkpt lat="30.639894" lon="104.11957">
        <time>2026-04-24T09:50:15Z</time>
      </trkpt>
      <trkpt lat="30.639881" lon="104.1196">
        <time>2026-04-24T09:50:16Z</time>
      </trkpt>
      <trkpt lat="30.639866" lon="104.11964">
        <time>2026-04-24T09:50:17Z</time>
      </trkpt>
      <trkpt lat="30.639849" lon="104.119675">
        <time>2026-04-24T09:50:18Z</time>
      </trkpt>
      <trkpt lat="30.639828" lon="104.11971">
        <time>2026-04-24T09:50:19Z</time>
      </trkpt>
      <trkpt lat="30.63981" lon="104.11975">
        <time>2026-04-24T09:50:20Z</time>
      </trkpt>
      <trkpt lat="30.639795" lon="104.11979">
        <time>2026-04-24T09:50:21Z</time>
      </trkpt>
      <trkpt lat="30.639782" lon="104.119835">
        <time>2026-04-24T09:50:22Z</time>
      </trkpt>
      <trkpt lat="30.639772" lon="104.11989">
        <time>2026-04-24T09:50:23Z</time>
      </trkpt>
      <trkpt lat="30.639761" lon="104.119934">
        <time>2026-04-24T09:50:24Z</time>
      </trkpt>
      <trkpt lat="30.63974" lon="104.11999">
        <time>2026-04-24T09:50:25Z</time>
      </trkpt>
      <trkpt lat="30.639708" lon="104.12003">
        <time>2026-04-24T09:50:26Z</time>
      </trkpt>
      <trkpt lat="30.639675" lon="104.12009">
        <time>2026-04-24T09:50:27Z</time>
      </trkpt>
      <trkpt lat="30.639643" lon="104.12014">
        <time>2026-04-24T09:50:28Z</time>
      </trkpt>
      <trkpt lat="30.639608" lon="104.12019">
        <time>2026-04-24T09:50:29Z</time>
      </trkpt>
      <trkpt lat="30.639568" lon="104.12025">
        <time>2026-04-24T09:50:30Z</time>
      </trkpt>
      <trkpt lat="30.639532" lon="104.1203">
        <time>2026-04-24T09:50:31Z</time>
      </trkpt>
      <trkpt lat="30.639503" lon="104.12035">
        <time>2026-04-24T09:50:32Z</time>
      </trkpt>
      <trkpt lat="30.639473" lon="104.12041">
        <time>2026-04-24T09:50:33Z</time>
      </trkpt>
      <trkpt lat="30.639446" lon="104.12047">
        <time>2026-04-24T09:50:34Z</time>
      </trkpt>
      <trkpt lat="30.639416" lon="104.12052">
        <time>2026-04-24T09:50:35Z</time>
      </trkpt>
      <trkpt lat="30.63939" lon="104.120575">
        <time>2026-04-24T09:50:36Z</time>
      </trkpt>
      <trkpt lat="30.639362" lon="104.12063">
        <time>2026-04-24T09:50:37Z</time>
      </trkpt>
      <trkpt lat="30.639336" lon="104.12069">
        <time>2026-04-24T09:50:38Z</time>
      </trkpt>
      <trkpt lat="30.639313" lon="104.12074">
        <time>2026-04-24T09:50:39Z</time>
      </trkpt>
      <trkpt lat="30.639288" lon="104.1208">
        <time>2026-04-24T09:50:40Z</time>
      </trkpt>
      <trkpt lat="30.639267" lon="104.12084">
        <time>2026-04-24T09:50:41Z</time>
      </trkpt>
      <trkpt lat="30.639246" lon="104.120895">
        <time>2026-04-24T09:50:42Z</time>
      </trkpt>
      <trkpt lat="30.639227" lon="104.12095">
        <time>2026-04-24T09:50:43Z</time>
      </trkpt>
      <trkpt lat="30.639208" lon="104.12099">
        <time>2026-04-24T09:50:44Z</time>
      </trkpt>
      <trkpt lat="30.639187" lon="104.12104">
        <time>2026-04-24T09:50:45Z</time>
      </trkpt>
      <trkpt lat="30.63917" lon="104.121086">
        <time>2026-04-24T09:50:46Z</time>
      </trkpt>
      <trkpt lat="30.639153" lon="104.121124">
        <time>2026-04-24T09:50:47Z</time>
      </trkpt>
      <trkpt lat="30.639133" lon="104.12117">
        <time>2026-04-24T09:50:48Z</time>
      </trkpt>
      <trkpt lat="30.639109" lon="104.121216">
        <time>2026-04-24T09:50:49Z</time>
      </trkpt>
      <trkpt lat="30.639082" lon="104.12126">
        <time>2026-04-24T09:50:50Z</time>
      </trkpt>
      <trkpt lat="30.639055" lon="104.121315">
        <time>2026-04-24T09:50:51Z</time>
      </trkpt>
      <trkpt lat="30.639027" lon="104.12136">
        <time>2026-04-24T09:50:52Z</time>
      </trkpt>
      <trkpt lat="30.639002" lon="104.12141">
        <time>2026-04-24T09:50:53Z</time>
      </trkpt>
      <trkpt lat="30.638971" lon="104.12145">
        <time>2026-04-24T09:50:54Z</time>
      </trkpt>
      <trkpt lat="30.638945" lon="104.12149">
        <time>2026-04-24T09:50:55Z</time>
      </trkpt>
      <trkpt lat="30.638924" lon="104.12154">
        <time>2026-04-24T09:50:56Z</time>
      </trkpt>
      <trkpt lat="30.6389" lon="104.12158">
        <time>2026-04-24T09:50:57Z</time>
      </trkpt>
      <trkpt lat="30.638882" lon="104.12163">
        <time>2026-04-24T09:50:58Z</time>
      </trkpt>
      <trkpt lat="30.638863" lon="104.12167">
        <time>2026-04-24T09:50:59Z</time>
      </trkpt>
      <trkpt lat="30.638853" lon="104.12171">
        <time>2026-04-24T09:51:00Z</time>
      </trkpt>
      <trkpt lat="30.638853" lon="104.121735">
        <time>2026-04-24T09:51:01Z</time>
      </trkpt>
      <trkpt lat="30.638866" lon="104.12176">
        <time>2026-04-24T09:51:02Z</time>
      </trkpt>
      <trkpt lat="30.638866" lon="104.1218">
        <time>2026-04-24T09:51:03Z</time>
      </trkpt>
      <trkpt lat="30.638859" lon="104.12186">
        <time>2026-04-24T09:51:04Z</time>
      </trkpt>
      <trkpt lat="30.638838" lon="104.1219">
        <time>2026-04-24T09:51:05Z</time>
      </trkpt>
      <trkpt lat="30.638817" lon="104.12196">
        <time>2026-04-24T09:51:06Z</time>
      </trkpt>
      <trkpt lat="30.6388" lon="104.12202">
        <time>2026-04-24T09:51:07Z</time>
      </trkpt>
      <trkpt lat="30.638783" lon="104.12207">
        <time>2026-04-24T09:51:08Z</time>
      </trkpt>
      <trkpt lat="30.638763" lon="104.12211">
        <time>2026-04-24T09:51:09Z</time>
      </trkpt>
      <trkpt lat="30.638746" lon="104.12215">
        <time>2026-04-24T09:51:10Z</time>
      </trkpt>
      <trkpt lat="30.638727" lon="104.122185">
        <time>2026-04-24T09:51:11Z</time>
      </trkpt>
      <trkpt lat="30.638708" lon="104.12222">
        <time>2026-04-24T09:51:12Z</time>
      </trkpt>
      <trkpt lat="30.638695" lon="104.12227">
        <time>2026-04-24T09:51:13Z</time>
      </trkpt>
      <trkpt lat="30.638678" lon="104.1223">
        <time>2026-04-24T09:51:14Z</time>
      </trkpt>
      <trkpt lat="30.638662" lon="104.12234">
        <time>2026-04-24T09:51:15Z</time>
      </trkpt>
      <trkpt lat="30.638647" lon="104.12237">
        <time>2026-04-24T09:51:16Z</time>
      </trkpt>
      <trkpt lat="30.638666" lon="104.122406">
        <time>2026-04-24T09:51:17Z</time>
      </trkpt>
      <trkpt lat="30.638678" lon="104.12245">
        <time>2026-04-24T09:51:18Z</time>
      </trkpt>
      <trkpt lat="30.638687" lon="104.1225">
        <time>2026-04-24T09:51:19Z</time>
      </trkpt>
      <trkpt lat="30.638693" lon="104.12254">
        <time>2026-04-24T09:51:20Z</time>
      </trkpt>
      <trkpt lat="30.638695" lon="104.12258">
        <time>2026-04-24T09:51:21Z</time>
      </trkpt>
      <trkpt lat="30.63869" lon="104.12262">
        <time>2026-04-24T09:51:22Z</time>
      </trkpt>
      <trkpt lat="30.638689" lon="104.12265">
        <time>2026-04-24T09:51:23Z</time>
      </trkpt>
      <trkpt lat="30.638683" lon="104.12269">
        <time>2026-04-24T09:51:24Z</time>
      </trkpt>
      <trkpt lat="30.638678" lon="104.12273">
        <time>2026-04-24T09:51:25Z</time>
      </trkpt>
      <trkpt lat="30.638672" lon="104.12276">
        <time>2026-04-24T09:51:26Z</time>
      </trkpt>
      <trkpt lat="30.638664" lon="104.1228">
        <time>2026-04-24T09:51:27Z</time>
      </trkpt>
      <trkpt lat="30.63865" lon="104.12285">
        <time>2026-04-24T09:51:28Z</time>
      </trkpt>
      <trkpt lat="30.638638" lon="104.1229">
        <time>2026-04-24T09:51:29Z</time>
      </trkpt>
      <trkpt lat="30.638624" lon="104.12295">
        <time>2026-04-24T09:51:30Z</time>
      </trkpt>
      <trkpt lat="30.638617" lon="104.12301">
        <time>2026-04-24T09:51:31Z</time>
      </trkpt>
      <trkpt lat="30.638607" lon="104.12306">
        <time>2026-04-24T09:51:32Z</time>
      </trkpt>
      <trkpt lat="30.638596" lon="104.12312">
        <time>2026-04-24T09:51:33Z</time>
      </trkpt>
      <trkpt lat="30.638584" lon="104.123184">
        <time>2026-04-24T09:51:34Z</time>
      </trkpt>
      <trkpt lat="30.638577" lon="104.123245">
        <time>2026-04-24T09:51:35Z</time>
      </trkpt>
      <trkpt lat="30.638567" lon="104.123314">
        <time>2026-04-24T09:51:36Z</time>
      </trkpt>
      <trkpt lat="30.63856" lon="104.123375">
        <time>2026-04-24T09:51:37Z</time>
      </trkpt>
      <trkpt lat="30.638554" lon="104.123436">
        <time>2026-04-24T09:51:38Z</time>
      </trkpt>
      <trkpt lat="30.638546" lon="104.1235">
        <time>2026-04-24T09:51:39Z</time>
      </trkpt>
      <trkpt lat="30.63854" lon="104.12354">
        <time>2026-04-24T09:51:40Z</time>
      </trkpt>
      <trkpt lat="30.638535" lon="104.1236">
        <time>2026-04-24T09:51:41Z</time>
      </trkpt>
      <trkpt lat="30.63853" lon="104.12365">
        <time>2026-04-24T09:51:42Z</time>
      </trkpt>
      <trkpt lat="30.638529" lon="104.123695">
        <time>2026-04-24T09:51:43Z</time>
      </trkpt>
      <trkpt lat="30.638523" lon="104.12376">
        <time>2026-04-24T09:51:44Z</time>
      </trkpt>
      <trkpt lat="30.638515" lon="104.12382">
        <time>2026-04-24T09:51:45Z</time>
      </trkpt>
      <trkpt lat="30.638504" lon="104.123886">
        <time>2026-04-24T09:51:46Z</time>
      </trkpt>
      <trkpt lat="30.638493" lon="104.12396">
        <time>2026-04-24T09:51:47Z</time>
      </trkpt>
      <trkpt lat="30.638481" lon="104.12404">
        <time>2026-04-24T09:51:48Z</time>
      </trkpt>
      <trkpt lat="30.638477" lon="104.124115">
        <time>2026-04-24T09:51:49Z</time>
      </trkpt>
      <trkpt lat="30.63847" lon="104.12419">
        <time>2026-04-24T09:51:50Z</time>
      </trkpt>
      <trkpt lat="30.638472" lon="104.12426">
        <time>2026-04-24T09:51:51Z</time>
      </trkpt>
      <trkpt lat="30.63848" lon="104.12434">
        <time>2026-04-24T09:51:52Z</time>
      </trkpt>
      <trkpt lat="30.63848" lon="104.124405">
        <time>2026-04-24T09:51:53Z</time>
      </trkpt>
      <trkpt lat="30.638481" lon="104.12447">
        <time>2026-04-24T09:51:54Z</time>
      </trkpt>
      <trkpt lat="30.63848" lon="104.12455">
        <time>2026-04-24T09:51:55Z</time>
      </trkpt>
      <trkpt lat="30.638477" lon="104.12463">
        <time>2026-04-24T09:51:56Z</time>
      </trkpt>
      <trkpt lat="30.63848" lon="104.12471">
        <time>2026-04-24T09:51:57Z</time>
      </trkpt>
      <trkpt lat="30.638483" lon="104.12479">
        <time>2026-04-24T09:51:58Z</time>
      </trkpt>
      <trkpt lat="30.638494" lon="104.124855">
        <time>2026-04-24T09:51:59Z</time>
      </trkpt>
      <trkpt lat="30.638506" lon="104.12492">
        <time>2026-04-24T09:52:00Z</time>
      </trkpt>
      <trkpt lat="30.638521" lon="104.124985">
        <time>2026-04-24T09:52:01Z</time>
      </trkpt>
      <trkpt lat="30.638533" lon="104.12506">
        <time>2026-04-24T09:52:02Z</time>
      </trkpt>
      <trkpt lat="30.638527" lon="104.125206">
        <time>2026-04-24T09:52:03Z</time>
      </trkpt>
      <trkpt lat="30.638529" lon="104.12528">
        <time>2026-04-24T09:52:04Z</time>
      </trkpt>
      <trkpt lat="30.63853" lon="104.12536">
        <time>2026-04-24T09:52:05Z</time>
      </trkpt>
      <trkpt lat="30.638538" lon="104.125435">
        <time>2026-04-24T09:52:06Z</time>
      </trkpt>
      <trkpt lat="30.638548" lon="104.12552">
        <time>2026-04-24T09:52:08Z</time>
      </trkpt>
      <trkpt lat="30.638561" lon="104.125595">
        <time>2026-04-24T09:52:09Z</time>
      </trkpt>
      <trkpt lat="30.638569" lon="104.12566">
        <time>2026-04-24T09:52:10Z</time>
      </trkpt>
      <trkpt lat="30.63857" lon="104.12573">
        <time>2026-04-24T09:52:11Z</time>
      </trkpt>
      <trkpt lat="30.638575" lon="104.1258">
        <time>2026-04-24T09:52:12Z</time>
      </trkpt>
      <trkpt lat="30.638578" lon="104.12588">
        <time>2026-04-24T09:52:13Z</time>
      </trkpt>
      <trkpt lat="30.638588" lon="104.12595">
        <time>2026-04-24T09:52:14Z</time>
      </trkpt>
      <trkpt lat="30.638597" lon="104.126015">
        <time>2026-04-24T09:52:15Z</time>
      </trkpt>
      <trkpt lat="30.638615" lon="104.12608">
        <time>2026-04-24T09:52:16Z</time>
      </trkpt>
      <trkpt lat="30.638622" lon="104.12616">
        <time>2026-04-24T09:52:17Z</time>
      </trkpt>
      <trkpt lat="30.638626" lon="104.12623">
        <time>2026-04-24T09:52:18Z</time>
      </trkpt>
      <trkpt lat="30.63863" lon="104.126305">
        <time>2026-04-24T09:52:19Z</time>
      </trkpt>
      <trkpt lat="30.638634" lon="104.12638">
        <time>2026-04-24T09:52:20Z</time>
      </trkpt>
      <trkpt lat="30.638636" lon="104.12646">
        <time>2026-04-24T09:52:21Z</time>
      </trkpt>
      <trkpt lat="30.638643" lon="104.126526">
        <time>2026-04-24T09:52:22Z</time>
      </trkpt>
      <trkpt lat="30.638653" lon="104.1266">
        <time>2026-04-24T09:52:23Z</time>
      </trkpt>
      <trkpt lat="30.63866" lon="104.12668">
        <time>2026-04-24T09:52:24Z</time>
      </trkpt>
      <trkpt lat="30.638668" lon="104.126755">
        <time>2026-04-24T09:52:25Z</time>
      </trkpt>
      <trkpt lat="30.638685" lon="104.12683">
        <time>2026-04-24T09:52:26Z</time>
      </trkpt>
      <trkpt lat="30.638704" lon="104.12691">
        <time>2026-04-24T09:52:27Z</time>
      </trkpt>
      <trkpt lat="30.638718" lon="104.12698">
        <time>2026-04-24T09:52:28Z</time>
      </trkpt>
      <trkpt lat="30.638727" lon="104.12706">
        <time>2026-04-24T09:52:29Z</time>
      </trkpt>
      <trkpt lat="30.638735" lon="104.12714">
        <time>2026-04-24T09:52:30Z</time>
      </trkpt>
      <trkpt lat="30.63874" lon="104.12722">
        <time>2026-04-24T09:52:31Z</time>
      </trkpt>
      <trkpt lat="30.63875" lon="104.1273">
        <time>2026-04-24T09:52:32Z</time>
      </trkpt>
      <trkpt lat="30.638763" lon="104.12737">
        <time>2026-04-24T09:52:33Z</time>
      </trkpt>
      <trkpt lat="30.638775" lon="104.12746">
        <time>2026-04-24T09:52:34Z</time>
      </trkpt>
      <trkpt lat="30.638788" lon="104.12754">
        <time>2026-04-24T09:52:35Z</time>
      </trkpt>
      <trkpt lat="30.638796" lon="104.12762">
        <time>2026-04-24T09:52:36Z</time>
      </trkpt>
      <trkpt lat="30.638807" lon="104.1277">
        <time>2026-04-24T09:52:37Z</time>
      </trkpt>
      <trkpt lat="30.638813" lon="104.127785">
        <time>2026-04-24T09:52:38Z</time>
      </trkpt>
      <trkpt lat="30.638819" lon="104.12786">
        <time>2026-04-24T09:52:39Z</time>
      </trkpt>
      <trkpt lat="30.638824" lon="104.127945">
        <time>2026-04-24T09:52:40Z</time>
      </trkpt>
      <trkpt lat="30.638836" lon="104.12802">
        <time>2026-04-24T09:52:41Z</time>
      </trkpt>
      <trkpt lat="30.63885" lon="104.128105">
        <time>2026-04-24T09:52:42Z</time>
      </trkpt>
      <trkpt lat="30.638857" lon="104.12818">
        <time>2026-04-24T09:52:43Z</time>
      </trkpt>
      <trkpt lat="30.638863" lon="104.128265">
        <time>2026-04-24T09:52:44Z</time>
      </trkpt>
      <trkpt lat="30.638868" lon="104.12834">
        <time>2026-04-24T09:52:45Z</time>
      </trkpt>
      <trkpt lat="30.638874" lon="104.12842">
        <time>2026-04-24T09:52:46Z</time>
      </trkpt>
      <trkpt lat="30.638884" lon="104.128494">
        <time>2026-04-24T09:52:47Z</time>
      </trkpt>
      <trkpt lat="30.638887" lon="104.12857">
        <time>2026-04-24T09:52:48Z</time>
      </trkpt>
      <trkpt lat="30.638897" lon="104.12864">
        <time>2026-04-24T09:52:49Z</time>
      </trkpt>
      <trkpt lat="30.6389" lon="104.128716">
        <time>2026-04-24T09:52:50Z</time>
      </trkpt>
      <trkpt lat="30.638905" lon="104.12879">
        <time>2026-04-24T09:52:51Z</time>
      </trkpt>
      <trkpt lat="30.638908" lon="104.12886">
        <time>2026-04-24T09:52:52Z</time>
      </trkpt>
      <trkpt lat="30.638914" lon="104.12894">
        <time>2026-04-24T09:52:53Z</time>
      </trkpt>
      <trkpt lat="30.638918" lon="104.129005">
        <time>2026-04-24T09:52:54Z</time>
      </trkpt>
      <trkpt lat="30.638926" lon="104.129074">
        <time>2026-04-24T09:52:55Z</time>
      </trkpt>
      <trkpt lat="30.638933" lon="104.129135">
        <time>2026-04-24T09:52:56Z</time>
      </trkpt>
      <trkpt lat="30.638939" lon="104.1292">
        <time>2026-04-24T09:52:57Z</time>
      </trkpt>
      <trkpt lat="30.638947" lon="104.129265">
        <time>2026-04-24T09:52:58Z</time>
      </trkpt>
      <trkpt lat="30.638954" lon="104.129326">
        <time>2026-04-24T09:52:59Z</time>
      </trkpt>
      <trkpt lat="30.638962" lon="104.129395">
        <time>2026-04-24T09:53:00Z</time>
      </trkpt>
      <trkpt lat="30.638968" lon="104.12946">
        <time>2026-04-24T09:53:01Z</time>
      </trkpt>
      <trkpt lat="30.638971" lon="104.129524">
        <time>2026-04-24T09:53:02Z</time>
      </trkpt>
      <trkpt lat="30.63898" lon="104.12958">
        <time>2026-04-24T09:53:03Z</time>
      </trkpt>
      <trkpt lat="30.638987" lon="104.12964">
        <time>2026-04-24T09:53:04Z</time>
      </trkpt>
      <trkpt lat="30.638994" lon="104.12969">
        <time>2026-04-24T09:53:05Z</time>
      </trkpt>
      <trkpt lat="30.639002" lon="104.129745">
        <time>2026-04-24T09:53:06Z</time>
      </trkpt>
      <trkpt lat="30.639008" lon="104.1298">
        <time>2026-04-24T09:53:07Z</time>
      </trkpt>
      <trkpt lat="30.639011" lon="104.12985">
        <time>2026-04-24T09:53:08Z</time>
      </trkpt>
      <trkpt lat="30.63902" lon="104.12991">
        <time>2026-04-24T09:53:09Z</time>
      </trkpt>
      <trkpt lat="30.63903" lon="104.12997">
        <time>2026-04-24T09:53:10Z</time>
      </trkpt>
      <trkpt lat="30.639044" lon="104.13002">
        <time>2026-04-24T09:53:11Z</time>
      </trkpt>
      <trkpt lat="30.639055" lon="104.13007">
        <time>2026-04-24T09:53:12Z</time>
      </trkpt>
      <trkpt lat="30.639063" lon="104.13013">
        <time>2026-04-24T09:53:13Z</time>
      </trkpt>
      <trkpt lat="30.63907" lon="104.130165">
        <time>2026-04-24T09:53:14Z</time>
      </trkpt>
      <trkpt lat="30.639069" lon="104.13022">
        <time>2026-04-24T09:53:15Z</time>
      </trkpt>
      <trkpt lat="30.639067" lon="104.13027">
        <time>2026-04-24T09:53:16Z</time>
      </trkpt>
      <trkpt lat="30.639067" lon="104.130325">
        <time>2026-04-24T09:53:17Z</time>
      </trkpt>
      <trkpt lat="30.639072" lon="104.13038">
        <time>2026-04-24T09:53:18Z</time>
      </trkpt>
      <trkpt lat="30.639076" lon="104.13043">
        <time>2026-04-24T09:53:19Z</time>
      </trkpt>
      <trkpt lat="30.63908" lon="104.13048">
        <time>2026-04-24T09:53:20Z</time>
      </trkpt>
      <trkpt lat="30.639084" lon="104.13053">
        <time>2026-04-24T09:53:21Z</time>
      </trkpt>
      <trkpt lat="30.639086" lon="104.130585">
        <time>2026-04-24T09:53:22Z</time>
      </trkpt>
      <trkpt lat="30.639091" lon="104.13064">
        <time>2026-04-24T09:53:23Z</time>
      </trkpt>
      <trkpt lat="30.639095" lon="104.130684">
        <time>2026-04-24T09:53:24Z</time>
      </trkpt>
      <trkpt lat="30.639101" lon="104.13074">
        <time>2026-04-24T09:53:25Z</time>
      </trkpt>
      <trkpt lat="30.639107" lon="104.13079">
        <time>2026-04-24T09:53:26Z</time>
      </trkpt>
      <trkpt lat="30.63911" lon="104.13084">
        <time>2026-04-24T09:53:27Z</time>
      </trkpt>
      <trkpt lat="30.63911" lon="104.13089">
        <time>2026-04-24T09:53:28Z</time>
      </trkpt>
      <trkpt lat="30.639112" lon="104.13094">
        <time>2026-04-24T09:53:29Z</time>
      </trkpt>
      <trkpt lat="30.639116" lon="104.131">
        <time>2026-04-24T09:53:30Z</time>
      </trkpt>
      <trkpt lat="30.639118" lon="104.13105">
        <time>2026-04-24T09:53:31Z</time>
      </trkpt>
      <trkpt lat="30.639116" lon="104.131096">
        <time>2026-04-24T09:53:32Z</time>
      </trkpt>
      <trkpt lat="30.63912" lon="104.13115">
        <time>2026-04-24T09:53:33Z</time>
      </trkpt>
      <trkpt lat="30.639124" lon="104.131195">
        <time>2026-04-24T09:53:34Z</time>
      </trkpt>
      <trkpt lat="30.639124" lon="104.13125">
        <time>2026-04-24T09:53:35Z</time>
      </trkpt>
      <trkpt lat="30.639126" lon="104.131294">
        <time>2026-04-24T09:53:36Z</time>
      </trkpt>
      <trkpt lat="30.639122" lon="104.13135">
        <time>2026-04-24T09:53:37Z</time>
      </trkpt>
      <trkpt lat="30.639116" lon="104.13139">
        <time>2026-04-24T09:53:38Z</time>
      </trkpt>
      <trkpt lat="30.639112" lon="104.13145">
        <time>2026-04-24T09:53:39Z</time>
      </trkpt>
      <trkpt lat="30.639109" lon="104.13149">
        <time>2026-04-24T09:53:40Z</time>
      </trkpt>
      <trkpt lat="30.639109" lon="104.131546">
        <time>2026-04-24T09:53:41Z</time>
      </trkpt>
      <trkpt lat="30.63911" lon="104.1316">
        <time>2026-04-24T09:53:42Z</time>
      </trkpt>
      <trkpt lat="30.639112" lon="104.13165">
        <time>2026-04-24T09:53:43Z</time>
      </trkpt>
      <trkpt lat="30.639116" lon="104.13171">
        <time>2026-04-24T09:53:44Z</time>
      </trkpt>
      <trkpt lat="30.639118" lon="104.13177">
        <time>2026-04-24T09:53:45Z</time>
      </trkpt>
      <trkpt lat="30.639114" lon="104.13182">
        <time>2026-04-24T09:53:46Z</time>
      </trkpt>
      <trkpt lat="30.639112" lon="104.131874">
        <time>2026-04-24T09:53:47Z</time>
      </trkpt>
      <trkpt lat="30.639112" lon="104.13193">
        <time>2026-04-24T09:53:48Z</time>
      </trkpt>
      <trkpt lat="30.63911" lon="104.13199">
        <time>2026-04-24T09:53:49Z</time>
      </trkpt>
      <trkpt lat="30.639109" lon="104.13204">
        <time>2026-04-24T09:53:50Z</time>
      </trkpt>
      <trkpt lat="30.639109" lon="104.1321">
        <time>2026-04-24T09:53:51Z</time>
      </trkpt>
      <trkpt lat="30.639107" lon="104.13216">
        <time>2026-04-24T09:53:52Z</time>
      </trkpt>
      <trkpt lat="30.639105" lon="104.13222">
        <time>2026-04-24T09:53:53Z</time>
      </trkpt>
      <trkpt lat="30.639103" lon="104.13227">
        <time>2026-04-24T09:53:54Z</time>
      </trkpt>
      <trkpt lat="30.639101" lon="104.13233">
        <time>2026-04-24T09:53:55Z</time>
      </trkpt>
      <trkpt lat="30.639101" lon="104.13239">
        <time>2026-04-24T09:53:56Z</time>
      </trkpt>
      <trkpt lat="30.6391" lon="104.132454">
        <time>2026-04-24T09:53:57Z</time>
      </trkpt>
      <trkpt lat="30.639095" lon="104.13257">
        <time>2026-04-24T09:53:58Z</time>
      </trkpt>
      <trkpt lat="30.639091" lon="104.13269">
        <time>2026-04-24T09:54:00Z</time>
      </trkpt>
      <trkpt lat="30.639086" lon="104.132805">
        <time>2026-04-24T09:54:02Z</time>
      </trkpt>
      <trkpt lat="30.639086" lon="104.13286">
        <time>2026-04-24T09:54:04Z</time>
      </trkpt>
      <trkpt lat="30.639082" lon="104.13291">
        <time>2026-04-24T09:54:05Z</time>
      </trkpt>
      <trkpt lat="30.639082" lon="104.132965">
        <time>2026-04-24T09:54:06Z</time>
      </trkpt>
      <trkpt lat="30.639078" lon="104.13302">
        <time>2026-04-24T09:54:07Z</time>
      </trkpt>
      <trkpt lat="30.639072" lon="104.13307">
        <time>2026-04-24T09:54:08Z</time>
      </trkpt>
      <trkpt lat="30.639072" lon="104.13312">
        <time>2026-04-24T09:54:09Z</time>
      </trkpt>
      <trkpt lat="30.639067" lon="104.13317">
        <time>2026-04-24T09:54:10Z</time>
      </trkpt>
      <trkpt lat="30.639061" lon="104.133224">
        <time>2026-04-24T09:54:11Z</time>
      </trkpt>
      <trkpt lat="30.639055" lon="104.13328">
        <time>2026-04-24T09:54:12Z</time>
      </trkpt>
      <trkpt lat="30.639048" lon="104.13333">
        <time>2026-04-24T09:54:13Z</time>
      </trkpt>
      <trkpt lat="30.639046" lon="104.13339">
        <time>2026-04-24T09:54:14Z</time>
      </trkpt>
      <trkpt lat="30.639046" lon="104.13346">
        <time>2026-04-24T09:54:15Z</time>
      </trkpt>
      <trkpt lat="30.639042" lon="104.13353">
        <time>2026-04-24T09:54:16Z</time>
      </trkpt>
      <trkpt lat="30.639036" lon="104.1336">
        <time>2026-04-24T09:54:17Z</time>
      </trkpt>
      <trkpt lat="30.639034" lon="104.13367">
        <time>2026-04-24T09:54:18Z</time>
      </trkpt>
      <trkpt lat="30.639029" lon="104.133736">
        <time>2026-04-24T09:54:19Z</time>
      </trkpt>
      <trkpt lat="30.639027" lon="104.133804">
        <time>2026-04-24T09:54:20Z</time>
      </trkpt>
      <trkpt lat="30.63902" lon="104.13387">
        <time>2026-04-24T09:54:21Z</time>
      </trkpt>
      <trkpt lat="30.639015" lon="104.13394">
        <time>2026-04-24T09:54:22Z</time>
      </trkpt>
      <trkpt lat="30.639008" lon="104.13401">
        <time>2026-04-24T09:54:23Z</time>
      </trkpt>
      <trkpt lat="30.639006" lon="104.13407">
        <time>2026-04-24T09:54:24Z</time>
      </trkpt>
      <trkpt lat="30.639" lon="104.13414">
        <time>2026-04-24T09:54:25Z</time>
      </trkpt>
      <trkpt lat="30.639002" lon="104.13421">
        <time>2026-04-24T09:54:26Z</time>
      </trkpt>
      <trkpt lat="30.639002" lon="104.13428">
        <time>2026-04-24T09:54:27Z</time>
      </trkpt>
      <trkpt lat="30.639004" lon="104.134346">
        <time>2026-04-24T09:54:28Z</time>
      </trkpt>
      <trkpt lat="30.639008" lon="104.134415">
        <time>2026-04-24T09:54:29Z</time>
      </trkpt>
      <trkpt lat="30.639011" lon="104.13448">
        <time>2026-04-24T09:54:30Z</time>
      </trkpt>
      <trkpt lat="30.639015" lon="104.13455">
        <time>2026-04-24T09:54:31Z</time>
      </trkpt>
      <trkpt lat="30.63902" lon="104.13462">
        <time>2026-04-24T09:54:32Z</time>
      </trkpt>
      <trkpt lat="30.639025" lon="104.1347">
        <time>2026-04-24T09:54:33Z</time>
      </trkpt>
      <trkpt lat="30.63903" lon="104.134766">
        <time>2026-04-24T09:54:34Z</time>
      </trkpt>
      <trkpt lat="30.639025" lon="104.134834">
        <time>2026-04-24T09:54:35Z</time>
      </trkpt>
      <trkpt lat="30.63902" lon="104.1349">
        <time>2026-04-24T09:54:36Z</time>
      </trkpt>
      <trkpt lat="30.639017" lon="104.13497">
        <time>2026-04-24T09:54:37Z</time>
      </trkpt>
      <trkpt lat="30.639011" lon="104.13505">
        <time>2026-04-24T09:54:38Z</time>
      </trkpt>
      <trkpt lat="30.63901" lon="104.13512">
        <time>2026-04-24T09:54:39Z</time>
      </trkpt>
      <trkpt lat="30.63901" lon="104.135185">
        <time>2026-04-24T09:54:40Z</time>
      </trkpt>
      <trkpt lat="30.639008" lon="104.13526">
        <time>2026-04-24T09:54:41Z</time>
      </trkpt>
      <trkpt lat="30.639008" lon="104.13533">
        <time>2026-04-24T09:54:42Z</time>
      </trkpt>
      <trkpt lat="30.639008" lon="104.1354">
        <time>2026-04-24T09:54:43Z</time>
      </trkpt>
      <trkpt lat="30.639008" lon="104.13547">
        <time>2026-04-24T09:54:44Z</time>
      </trkpt>
      <trkpt lat="30.63901" lon="104.13554">
        <time>2026-04-24T09:54:45Z</time>
      </trkpt>
      <trkpt lat="30.63901" lon="104.1356">
        <time>2026-04-24T09:54:46Z</time>
      </trkpt>
      <trkpt lat="30.639008" lon="104.135666">
        <time>2026-04-24T09:54:47Z</time>
      </trkpt>
      <trkpt lat="30.639004" lon="104.13573">
        <time>2026-04-24T09:54:48Z</time>
      </trkpt>
      <trkpt lat="30.639" lon="104.13579">
        <time>2026-04-24T09:54:49Z</time>
      </trkpt>
      <trkpt lat="30.638998" lon="104.13585">
        <time>2026-04-24T09:54:50Z</time>
      </trkpt>
      <trkpt lat="30.638996" lon="104.13591">
        <time>2026-04-24T09:54:51Z</time>
      </trkpt>
      <trkpt lat="30.638994" lon="104.13596">
        <time>2026-04-24T09:54:52Z</time>
      </trkpt>
      <trkpt lat="30.638994" lon="104.136024">
        <time>2026-04-24T09:54:53Z</time>
      </trkpt>
      <trkpt lat="30.638992" lon="104.13608">
        <time>2026-04-24T09:54:54Z</time>
      </trkpt>
      <trkpt lat="30.63899" lon="104.13614">
        <time>2026-04-24T09:54:55Z</time>
      </trkpt>
      <trkpt lat="30.63899" lon="104.13619">
        <time>2026-04-24T09:54:56Z</time>
      </trkpt>
      <trkpt lat="30.638987" lon="104.13625">
        <time>2026-04-24T09:54:57Z</time>
      </trkpt>
      <trkpt lat="30.63898" lon="104.13631">
        <time>2026-04-24T09:54:58Z</time>
      </trkpt>
      <trkpt lat="30.638968" lon="104.13636">
        <time>2026-04-24T09:54:59Z</time>
      </trkpt>
      <trkpt lat="30.638952" lon="104.13641">
        <time>2026-04-24T09:55:00Z</time>
      </trkpt>
      <trkpt lat="30.638939" lon="104.13646">
        <time>2026-04-24T09:55:01Z</time>
      </trkpt>
      <trkpt lat="30.638927" lon="104.13651">
        <time>2026-04-24T09:55:02Z</time>
      </trkpt>
      <trkpt lat="30.638926" lon="104.13655">
        <time>2026-04-24T09:55:03Z</time>
      </trkpt>
      <trkpt lat="30.638926" lon="104.1366">
        <time>2026-04-24T09:55:04Z</time>
      </trkpt>
      <trkpt lat="30.63893" lon="104.13664">
        <time>2026-04-24T09:55:05Z</time>
      </trkpt>
      <trkpt lat="30.638939" lon="104.13669">
        <time>2026-04-24T09:55:06Z</time>
      </trkpt>
      <trkpt lat="30.638945" lon="104.13672">
        <time>2026-04-24T09:55:07Z</time>
      </trkpt>
      <trkpt lat="30.638952" lon="104.13676">
        <time>2026-04-24T09:55:08Z</time>
      </trkpt>
      <trkpt lat="30.638954" lon="104.136765">
        <time>2026-04-24T09:55:09Z</time>
      </trkpt>
      <trkpt lat="30.638954" lon="104.136765">
        <time>2026-04-24T09:55:10Z</time>
      </trkpt>
      <trkpt lat="30.638954" lon="104.136765">
        <time>2026-04-24T09:55:11Z</time>
      </trkpt>
      <trkpt lat="30.638954" lon="104.136765">
        <time>2026-04-24T09:55:12Z</time>
      </trkpt>
      <trkpt lat="30.638954" lon="104.136765">
        <time>2026-04-24T09:55:13Z</time>
      </trkpt>
      <trkpt lat="30.638954" lon="104.136765">
        <time>2026-04-24T09:55:14Z</time>
      </trkpt>
      <trkpt lat="30.638954" lon="104.136765">
        <time>2026-04-24T09:55:15Z</time>
      </trkpt>
      <trkpt lat="30.638954" lon="104.136765">
        <time>2026-04-24T09:55:16Z</time>
      </trkpt>
      <trkpt lat="30.638954" lon="104.136765">
        <time>2026-04-24T09:55:17Z</time>
      </trkpt>
      <trkpt lat="30.638954" lon="104.136765">
        <time>2026-04-24T09:55:18Z</time>
      </trkpt>
      <trkpt lat="30.638954" lon="104.136765">
        <time>2026-04-24T09:55:19Z</time>
      </trkpt>
      <trkpt lat="30.638954" lon="104.136765">
        <time>2026-04-24T09:55:20Z</time>
      </trkpt>
      <trkpt lat="30.638954" lon="104.136765">
        <time>2026-04-24T09:55:21Z</time>
      </trkpt>
      <trkpt lat="30.638954" lon="104.136765">
        <time>2026-04-24T09:55:22Z</time>
      </trkpt>
      <trkpt lat="30.638954" lon="104.136765">
        <time>2026-04-24T09:55:23Z</time>
      </trkpt>
      <trkpt lat="30.638954" lon="104.136765">
        <time>2026-04-24T09:55:24Z</time>
      </trkpt>
      <trkpt lat="30.638954" lon="104.136765">
        <time>2026-04-24T09:55:25Z</time>
      </trkpt>
      <trkpt lat="30.638954" lon="104.136765">
        <time>2026-04-24T09:55:26Z</time>
      </trkpt>
      <trkpt lat="30.638954" lon="104.136765">
        <time>2026-04-24T09:55:27Z</time>
      </trkpt>
      <trkpt lat="30.638954" lon="104.136765">
        <time>2026-04-24T09:55:28Z</time>
      </trkpt>
      <trkpt lat="30.638954" lon="104.136765">
        <time>2026-04-24T09:55:29Z</time>
      </trkpt>
      <trkpt lat="30.638954" lon="104.136765">
        <time>2026-04-24T09:55:30Z</time>
      </trkpt>
      <trkpt lat="30.638954" lon="104.136765">
        <time>2026-04-24T09:55:31Z</time>
      </trkpt>
      <trkpt lat="30.638954" lon="104.136765">
        <time>2026-04-24T09:55:32Z</time>
      </trkpt>
      <trkpt lat="30.638954" lon="104.136765">
        <time>2026-04-24T09:55:33Z</time>
      </trkpt>
      <trkpt lat="30.638954" lon="104.136765">
        <time>2026-04-24T09:55:34Z</time>
      </trkpt>
      <trkpt lat="30.638954" lon="104.136765">
        <time>2026-04-24T09:55:35Z</time>
      </trkpt>
      <trkpt lat="30.638954" lon="104.136765">
        <time>2026-04-24T09:55:36Z</time>
      </trkpt>
      <trkpt lat="30.638954" lon="104.136765">
        <time>2026-04-24T09:55:37Z</time>
      </trkpt>
      <trkpt lat="30.638954" lon="104.136765">
        <time>2026-04-24T09:55:38Z</time>
      </trkpt>
      <trkpt lat="30.638954" lon="104.136765">
        <time>2026-04-24T09:55:39Z</time>
      </trkpt>
      <trkpt lat="30.638954" lon="104.136765">
        <time>2026-04-24T09:55:40Z</time>
      </trkpt>
      <trkpt lat="30.638954" lon="104.136765">
        <time>2026-04-24T09:55:41Z</time>
      </trkpt>
      <trkpt lat="30.638954" lon="104.136765">
        <time>2026-04-24T09:55:42Z</time>
      </trkpt>
      <trkpt lat="30.638954" lon="104.136765">
        <time>2026-04-24T09:55:43Z</time>
      </trkpt>
      <trkpt lat="30.638954" lon="104.136765">
        <time>2026-04-24T09:55:44Z</time>
      </trkpt>
      <trkpt lat="30.638954" lon="104.136765">
        <time>2026-04-24T09:55:45Z</time>
      </trkpt>
      <trkpt lat="30.638954" lon="104.136765">
        <time>2026-04-24T09:55:46Z</time>
      </trkpt>
      <trkpt lat="30.638954" lon="104.136765">
        <time>2026-04-24T09:55:47Z</time>
      </trkpt>
      <trkpt lat="30.638954" lon="104.136765">
        <time>2026-04-24T09:55:48Z</time>
      </trkpt>
      <trkpt lat="30.638954" lon="104.136765">
        <time>2026-04-24T09:55:49Z</time>
      </trkpt>
      <trkpt lat="30.638954" lon="104.136765">
        <time>2026-04-24T09:55:50Z</time>
      </trkpt>
      <trkpt lat="30.638954" lon="104.136765">
        <time>2026-04-24T09:55:51Z</time>
      </trkpt>
      <trkpt lat="30.638954" lon="104.136765">
        <time>2026-04-24T09:55:52Z</time>
      </trkpt>
      <trkpt lat="30.638954" lon="104.136765">
        <time>2026-04-24T09:55:53Z</time>
      </trkpt>
      <trkpt lat="30.638954" lon="104.136765">
        <time>2026-04-24T09:55:54Z</time>
      </trkpt>
      <trkpt lat="30.638954" lon="104.136765">
        <time>2026-04-24T09:55:55Z</time>
      </trkpt>
      <trkpt lat="30.638954" lon="104.136765">
        <time>2026-04-24T09:55:56Z</time>
      </trkpt>
      <trkpt lat="30.638954" lon="104.136765">
        <time>2026-04-24T09:55:57Z</time>
      </trkpt>
      <trkpt lat="30.638954" lon="104.136765">
        <time>2026-04-24T09:55:58Z</time>
      </trkpt>
      <trkpt lat="30.638954" lon="104.136765">
        <time>2026-04-24T09:56:00Z</time>
      </trkpt>
      <trkpt lat="30.638954" lon="104.136765">
        <time>2026-04-24T09:56:01Z</time>
      </trkpt>
      <trkpt lat="30.638954" lon="104.136765">
        <time>2026-04-24T09:56:02Z</time>
      </trkpt>
      <trkpt lat="30.638954" lon="104.136765">
        <time>2026-04-24T09:56:03Z</time>
      </trkpt>
      <trkpt lat="30.638954" lon="104.136765">
        <time>2026-04-24T09:56:04Z</time>
      </trkpt>
      <trkpt lat="30.638954" lon="104.136765">
        <time>2026-04-24T09:56:05Z</time>
      </trkpt>
      <trkpt lat="30.638954" lon="104.136765">
        <time>2026-04-24T09:56:06Z</time>
      </trkpt>
      <trkpt lat="30.638954" lon="104.136765">
        <time>2026-04-24T09:56:07Z</time>
      </trkpt>
      <trkpt lat="30.638954" lon="104.136765">
        <time>2026-04-24T09:56:08Z</time>
      </trkpt>
      <trkpt lat="30.638973" lon="104.13681">
        <time>2026-04-24T09:56:09Z</time>
      </trkpt>
      <trkpt lat="30.638975" lon="104.136826">
        <time>2026-04-24T09:56:10Z</time>
      </trkpt>
      <trkpt lat="30.638979" lon="104.13685">
        <time>2026-04-24T09:56:11Z</time>
      </trkpt>
      <trkpt lat="30.638979" lon="104.136894">
        <time>2026-04-24T09:56:12Z</time>
      </trkpt>
      <trkpt lat="30.638979" lon="104.13695">
        <time>2026-04-24T09:56:13Z</time>
      </trkpt>
      <trkpt lat="30.638973" lon="104.13699">
        <time>2026-04-24T09:56:14Z</time>
      </trkpt>
      <trkpt lat="30.63897" lon="104.13705">
        <time>2026-04-24T09:56:15Z</time>
      </trkpt>
      <trkpt lat="30.638968" lon="104.1371">
        <time>2026-04-24T09:56:16Z</time>
      </trkpt>
      <trkpt lat="30.638964" lon="104.137146">
        <time>2026-04-24T09:56:17Z</time>
      </trkpt>
      <trkpt lat="30.638962" lon="104.13719">
        <time>2026-04-24T09:56:18Z</time>
      </trkpt>
      <trkpt lat="30.638964" lon="104.13724">
        <time>2026-04-24T09:56:19Z</time>
      </trkpt>
      <trkpt lat="30.638966" lon="104.13728">
        <time>2026-04-24T09:56:20Z</time>
      </trkpt>
      <trkpt lat="30.638964" lon="104.137344">
        <time>2026-04-24T09:56:21Z</time>
      </trkpt>
      <trkpt lat="30.638962" lon="104.137405">
        <time>2026-04-24T09:56:22Z</time>
      </trkpt>
      <trkpt lat="30.63896" lon="104.13747">
        <time>2026-04-24T09:56:23Z</time>
      </trkpt>
      <trkpt lat="30.638964" lon="104.13752">
        <time>2026-04-24T09:56:24Z</time>
      </trkpt>
      <trkpt lat="30.63897" lon="104.13759">
        <time>2026-04-24T09:56:25Z</time>
      </trkpt>
      <trkpt lat="30.638975" lon="104.137665">
        <time>2026-04-24T09:56:26Z</time>
      </trkpt>
      <trkpt lat="30.63898" lon="104.13773">
        <time>2026-04-24T09:56:27Z</time>
      </trkpt>
      <trkpt lat="30.63898" lon="104.1378">
        <time>2026-04-24T09:56:28Z</time>
      </trkpt>
      <trkpt lat="30.638977" lon="104.13788">
        <time>2026-04-24T09:56:29Z</time>
      </trkpt>
      <trkpt lat="30.638973" lon="104.13795">
        <time>2026-04-24T09:56:30Z</time>
      </trkpt>
      <trkpt lat="30.638966" lon="104.13802">
        <time>2026-04-24T09:56:31Z</time>
      </trkpt>
      <trkpt lat="30.638954" lon="104.1381">
        <time>2026-04-24T09:56:32Z</time>
      </trkpt>
      <trkpt lat="30.638948" lon="104.13818">
        <time>2026-04-24T09:56:33Z</time>
      </trkpt>
      <trkpt lat="30.638943" lon="104.13827">
        <time>2026-04-24T09:56:34Z</time>
      </trkpt>
      <trkpt lat="30.63894" lon="104.13834">
        <time>2026-04-24T09:56:35Z</time>
      </trkpt>
      <trkpt lat="30.638939" lon="104.13839">
        <time>2026-04-24T09:56:36Z</time>
      </trkpt>
      <trkpt lat="30.638937" lon="104.13844">
        <time>2026-04-24T09:56:37Z</time>
      </trkpt>
      <trkpt lat="30.63894" lon="104.13849">
        <time>2026-04-24T09:56:38Z</time>
      </trkpt>
      <trkpt lat="30.638945" lon="104.13854">
        <time>2026-04-24T09:56:39Z</time>
      </trkpt>
      <trkpt lat="30.63895" lon="104.1386">
        <time>2026-04-24T09:56:40Z</time>
      </trkpt>
      <trkpt lat="30.638952" lon="104.138664">
        <time>2026-04-24T09:56:41Z</time>
      </trkpt>
      <trkpt lat="30.638954" lon="104.138725">
        <time>2026-04-24T09:56:42Z</time>
      </trkpt>
      <trkpt lat="30.638954" lon="104.138794">
        <time>2026-04-24T09:56:43Z</time>
      </trkpt>
      <trkpt lat="30.638954" lon="104.13886">
        <time>2026-04-24T09:56:44Z</time>
      </trkpt>
      <trkpt lat="30.63895" lon="104.138954">
        <time>2026-04-24T09:56:45Z</time>
      </trkpt>
      <trkpt lat="30.638945" lon="104.13904">
        <time>2026-04-24T09:56:46Z</time>
      </trkpt>
      <trkpt lat="30.638937" lon="104.13912">
        <time>2026-04-24T09:56:47Z</time>
      </trkpt>
      <trkpt lat="30.638931" lon="104.139206">
        <time>2026-04-24T09:56:48Z</time>
      </trkpt>
      <trkpt lat="30.638927" lon="104.13929">
        <time>2026-04-24T09:56:49Z</time>
      </trkpt>
      <trkpt lat="30.638939" lon="104.13937">
        <time>2026-04-24T09:56:50Z</time>
      </trkpt>
      <trkpt lat="30.638945" lon="104.13945">
        <time>2026-04-24T09:56:51Z</time>
      </trkpt>
      <trkpt lat="30.638948" lon="104.13953">
        <time>2026-04-24T09:56:52Z</time>
      </trkpt>
      <trkpt lat="30.638947" lon="104.1396">
        <time>2026-04-24T09:56:53Z</time>
      </trkpt>
      <trkpt lat="30.63894" lon="104.13966">
        <time>2026-04-24T09:56:54Z</time>
      </trkpt>
      <trkpt lat="30.638935" lon="104.13973">
        <time>2026-04-24T09:56:55Z</time>
      </trkpt>
      <trkpt lat="30.638927" lon="104.1398">
        <time>2026-04-24T09:56:56Z</time>
      </trkpt>
      <trkpt lat="30.638918" lon="104.13986">
        <time>2026-04-24T09:56:57Z</time>
      </trkpt>
      <trkpt lat="30.638908" lon="104.13992">
        <time>2026-04-24T09:56:58Z</time>
      </trkpt>
      <trkpt lat="30.638899" lon="104.13998">
        <time>2026-04-24T09:56:59Z</time>
      </trkpt>
      <trkpt lat="30.638887" lon="104.14003">
        <time>2026-04-24T09:57:00Z</time>
      </trkpt>
      <trkpt lat="30.638876" lon="104.14009">
        <time>2026-04-24T09:57:01Z</time>
      </trkpt>
      <trkpt lat="30.638868" lon="104.14015">
        <time>2026-04-24T09:57:02Z</time>
      </trkpt>
      <trkpt lat="30.638859" lon="104.14021">
        <time>2026-04-24T09:57:03Z</time>
      </trkpt>
      <trkpt lat="30.638847" lon="104.140274">
        <time>2026-04-24T09:57:04Z</time>
      </trkpt>
      <trkpt lat="30.638832" lon="104.140335">
        <time>2026-04-24T09:57:05Z</time>
      </trkpt>
      <trkpt lat="30.638813" lon="104.14041">
        <time>2026-04-24T09:57:06Z</time>
      </trkpt>
      <trkpt lat="30.638796" lon="104.14048">
        <time>2026-04-24T09:57:07Z</time>
      </trkpt>
      <trkpt lat="30.638779" lon="104.14055">
        <time>2026-04-24T09:57:08Z</time>
      </trkpt>
      <trkpt lat="30.63876" lon="104.14062">
        <time>2026-04-24T09:57:09Z</time>
      </trkpt>
      <trkpt lat="30.638742" lon="104.14067">
        <time>2026-04-24T09:57:10Z</time>
      </trkpt>
      <trkpt lat="30.638725" lon="104.14073">
        <time>2026-04-24T09:57:11Z</time>
      </trkpt>
      <trkpt lat="30.638706" lon="104.14079">
        <time>2026-04-24T09:57:12Z</time>
      </trkpt>
      <trkpt lat="30.638693" lon="104.14085">
        <time>2026-04-24T09:57:13Z</time>
      </trkpt>
      <trkpt lat="30.638681" lon="104.14091">
        <time>2026-04-24T09:57:14Z</time>
      </trkpt>
      <trkpt lat="30.638664" lon="104.14097">
        <time>2026-04-24T09:57:15Z</time>
      </trkpt>
      <trkpt lat="30.638647" lon="104.14102">
        <time>2026-04-24T09:57:16Z</time>
      </trkpt>
      <trkpt lat="30.638626" lon="104.141075">
        <time>2026-04-24T09:57:17Z</time>
      </trkpt>
      <trkpt lat="30.63861" lon="104.14112">
        <time>2026-04-24T09:57:18Z</time>
      </trkpt>
      <trkpt lat="30.638596" lon="104.141174">
        <time>2026-04-24T09:57:19Z</time>
      </trkpt>
      <trkpt lat="30.63858" lon="104.14122">
        <time>2026-04-24T09:57:20Z</time>
      </trkpt>
      <trkpt lat="30.638565" lon="104.141266">
        <time>2026-04-24T09:57:21Z</time>
      </trkpt>
      <trkpt lat="30.63855" lon="104.14132">
        <time>2026-04-24T09:57:22Z</time>
      </trkpt>
      <trkpt lat="30.638536" lon="104.14137">
        <time>2026-04-24T09:57:23Z</time>
      </trkpt>
      <trkpt lat="30.638525" lon="104.141426">
        <time>2026-04-24T09:57:24Z</time>
      </trkpt>
      <trkpt lat="30.638512" lon="104.14148">
        <time>2026-04-24T09:57:25Z</time>
      </trkpt>
      <trkpt lat="30.638496" lon="104.14153">
        <time>2026-04-24T09:57:26Z</time>
      </trkpt>
      <trkpt lat="30.638483" lon="104.14159">
        <time>2026-04-24T09:57:27Z</time>
      </trkpt>
      <trkpt lat="30.63847" lon="104.14164">
        <time>2026-04-24T09:57:28Z</time>
      </trkpt>
      <trkpt lat="30.638454" lon="104.14169">
        <time>2026-04-24T09:57:29Z</time>
      </trkpt>
      <trkpt lat="30.63844" lon="104.141754">
        <time>2026-04-24T09:57:30Z</time>
      </trkpt>
      <trkpt lat="30.6384" lon="104.14187">
        <time>2026-04-24T09:57:31Z</time>
      </trkpt>
      <trkpt lat="30.638386" lon="104.14193">
        <time>2026-04-24T09:57:32Z</time>
      </trkpt>
      <trkpt lat="30.63837" lon="104.14199">
        <time>2026-04-24T09:57:33Z</time>
      </trkpt>
      <trkpt lat="30.638355" lon="104.14205">
        <time>2026-04-24T09:57:34Z</time>
      </trkpt>
      <trkpt lat="30.638338" lon="104.14212">
        <time>2026-04-24T09:57:36Z</time>
      </trkpt>
      <trkpt lat="30.63832" lon="104.14218">
        <time>2026-04-24T09:57:37Z</time>
      </trkpt>
      <trkpt lat="30.638306" lon="104.142235">
        <time>2026-04-24T09:57:38Z</time>
      </trkpt>
      <trkpt lat="30.638292" lon="104.14229">
        <time>2026-04-24T09:57:39Z</time>
      </trkpt>
      <trkpt lat="30.638279" lon="104.14234">
        <time>2026-04-24T09:57:40Z</time>
      </trkpt>
      <trkpt lat="30.638266" lon="104.1424">
        <time>2026-04-24T09:57:41Z</time>
      </trkpt>
      <trkpt lat="30.638248" lon="104.14246">
        <time>2026-04-24T09:57:42Z</time>
      </trkpt>
      <trkpt lat="30.638233" lon="104.142525">
        <time>2026-04-24T09:57:43Z</time>
      </trkpt>
      <trkpt lat="30.638216" lon="104.142586">
        <time>2026-04-24T09:57:44Z</time>
      </trkpt>
      <trkpt lat="30.6382" lon="104.142654">
        <time>2026-04-24T09:57:45Z</time>
      </trkpt>
      <trkpt lat="30.638184" lon="104.14272">
        <time>2026-04-24T09:57:46Z</time>
      </trkpt>
      <trkpt lat="30.638166" lon="104.14279">
        <time>2026-04-24T09:57:47Z</time>
      </trkpt>
      <trkpt lat="30.638153" lon="104.14285">
        <time>2026-04-24T09:57:48Z</time>
      </trkpt>
      <trkpt lat="30.638136" lon="104.142914">
        <time>2026-04-24T09:57:49Z</time>
      </trkpt>
      <trkpt lat="30.638123" lon="104.142975">
        <time>2026-04-24T09:57:50Z</time>
      </trkpt>
      <trkpt lat="30.63811" lon="104.14304">
        <time>2026-04-24T09:57:51Z</time>
      </trkpt>
      <trkpt lat="30.638092" lon="104.14311">
        <time>2026-04-24T09:57:52Z</time>
      </trkpt>
      <trkpt lat="30.63807" lon="104.14318">
        <time>2026-04-24T09:57:53Z</time>
      </trkpt>
      <trkpt lat="30.63805" lon="104.14325">
        <time>2026-04-24T09:57:54Z</time>
      </trkpt>
      <trkpt lat="30.638033" lon="104.14332">
        <time>2026-04-24T09:57:55Z</time>
      </trkpt>
      <trkpt lat="30.638018" lon="104.14339">
        <time>2026-04-24T09:57:56Z</time>
      </trkpt>
      <trkpt lat="30.638006" lon="104.14345">
        <time>2026-04-24T09:57:57Z</time>
      </trkpt>
      <trkpt lat="30.637999" lon="104.1435">
        <time>2026-04-24T09:57:58Z</time>
      </trkpt>
      <trkpt lat="30.63799" lon="104.14355">
        <time>2026-04-24T09:57:59Z</time>
      </trkpt>
      <trkpt lat="30.637981" lon="104.1436">
        <time>2026-04-24T09:58:00Z</time>
      </trkpt>
      <trkpt lat="30.637966" lon="104.143654">
        <time>2026-04-24T09:58:01Z</time>
      </trkpt>
      <trkpt lat="30.63795" lon="104.143715">
        <time>2026-04-24T09:58:02Z</time>
      </trkpt>
      <trkpt lat="30.637932" lon="104.14377">
        <time>2026-04-24T09:58:03Z</time>
      </trkpt>
      <trkpt lat="30.63791" lon="104.14384">
        <time>2026-04-24T09:58:04Z</time>
      </trkpt>
      <trkpt lat="30.63789" lon="104.1439">
        <time>2026-04-24T09:58:05Z</time>
      </trkpt>
      <trkpt lat="30.637869" lon="104.14397">
        <time>2026-04-24T09:58:06Z</time>
      </trkpt>
      <trkpt lat="30.63785" lon="104.144035">
        <time>2026-04-24T09:58:07Z</time>
      </trkpt>
      <trkpt lat="30.637829" lon="104.144104">
        <time>2026-04-24T09:58:08Z</time>
      </trkpt>
      <trkpt lat="30.63781" lon="104.144165">
        <time>2026-04-24T09:58:09Z</time>
      </trkpt>
      <trkpt lat="30.637793" lon="104.14422">
        <time>2026-04-24T09:58:10Z</time>
      </trkpt>
      <trkpt lat="30.637768" lon="104.14427">
        <time>2026-04-24T09:58:11Z</time>
      </trkpt>
      <trkpt lat="30.637747" lon="104.144325">
        <time>2026-04-24T09:58:12Z</time>
      </trkpt>
      <trkpt lat="30.63773" lon="104.14438">
        <time>2026-04-24T09:58:13Z</time>
      </trkpt>
      <trkpt lat="30.63771" lon="104.14444">
        <time>2026-04-24T09:58:14Z</time>
      </trkpt>
      <trkpt lat="30.637693" lon="104.1445">
        <time>2026-04-24T09:58:15Z</time>
      </trkpt>
      <trkpt lat="30.637676" lon="104.14457">
        <time>2026-04-24T09:58:16Z</time>
      </trkpt>
      <trkpt lat="30.63766" lon="104.14463">
        <time>2026-04-24T09:58:17Z</time>
      </trkpt>
      <trkpt lat="30.637644" lon="104.1447">
        <time>2026-04-24T09:58:18Z</time>
      </trkpt>
      <trkpt lat="30.637634" lon="104.14477">
        <time>2026-04-24T09:58:19Z</time>
      </trkpt>
      <trkpt lat="30.637629" lon="104.14484">
        <time>2026-04-24T09:58:20Z</time>
      </trkpt>
      <trkpt lat="30.637623" lon="104.14491">
        <time>2026-04-24T09:58:21Z</time>
      </trkpt>
      <trkpt lat="30.637617" lon="104.14499">
        <time>2026-04-24T09:58:22Z</time>
      </trkpt>
      <trkpt lat="30.637604" lon="104.145065">
        <time>2026-04-24T09:58:23Z</time>
      </trkpt>
      <trkpt lat="30.637589" lon="104.145134">
        <time>2026-04-24T09:58:24Z</time>
      </trkpt>
      <trkpt lat="30.63757" lon="104.14521">
        <time>2026-04-24T09:58:25Z</time>
      </trkpt>
      <trkpt lat="30.637554" lon="104.14529">
        <time>2026-04-24T09:58:26Z</time>
      </trkpt>
      <trkpt lat="30.637539" lon="104.14536">
        <time>2026-04-24T09:58:27Z</time>
      </trkpt>
      <trkpt lat="30.63752" lon="104.14544">
        <time>2026-04-24T09:58:28Z</time>
      </trkpt>
      <trkpt lat="30.637503" lon="104.145515">
        <time>2026-04-24T09:58:29Z</time>
      </trkpt>
      <trkpt lat="30.637487" lon="104.14559">
        <time>2026-04-24T09:58:30Z</time>
      </trkpt>
      <trkpt lat="30.637466" lon="104.14566">
        <time>2026-04-24T09:58:31Z</time>
      </trkpt>
      <trkpt lat="30.637447" lon="104.14574">
        <time>2026-04-24T09:58:32Z</time>
      </trkpt>
      <trkpt lat="30.637426" lon="104.14581">
        <time>2026-04-24T09:58:33Z</time>
      </trkpt>
      <trkpt lat="30.637405" lon="104.14588">
        <time>2026-04-24T09:58:34Z</time>
      </trkpt>
      <trkpt lat="30.637384" lon="104.14596">
        <time>2026-04-24T09:58:35Z</time>
      </trkpt>
      <trkpt lat="30.637365" lon="104.146034">
        <time>2026-04-24T09:58:36Z</time>
      </trkpt>
      <trkpt lat="30.637342" lon="104.14611">
        <time>2026-04-24T09:58:37Z</time>
      </trkpt>
      <trkpt lat="30.63732" lon="104.14619">
        <time>2026-04-24T09:58:38Z</time>
      </trkpt>
      <trkpt lat="30.6373" lon="104.14626">
        <time>2026-04-24T09:58:39Z</time>
      </trkpt>
      <trkpt lat="30.637285" lon="104.14634">
        <time>2026-04-24T09:58:40Z</time>
      </trkpt>
      <trkpt lat="30.637268" lon="104.14641">
        <time>2026-04-24T09:58:41Z</time>
      </trkpt>
      <trkpt lat="30.63725" lon="104.146484">
        <time>2026-04-24T09:58:42Z</time>
      </trkpt>
      <trkpt lat="30.637234" lon="104.14655">
        <time>2026-04-24T09:58:43Z</time>
      </trkpt>
      <trkpt lat="30.637217" lon="104.14662">
        <time>2026-04-24T09:58:44Z</time>
      </trkpt>
      <trkpt lat="30.637197" lon="104.1467">
        <time>2026-04-24T09:58:45Z</time>
      </trkpt>
      <trkpt lat="30.637178" lon="104.14677">
        <time>2026-04-24T09:58:46Z</time>
      </trkpt>
      <trkpt lat="30.637161" lon="104.146835">
        <time>2026-04-24T09:58:47Z</time>
      </trkpt>
      <trkpt lat="30.637144" lon="104.14691">
        <time>2026-04-24T09:58:48Z</time>
      </trkpt>
      <trkpt lat="30.637125" lon="104.14699">
        <time>2026-04-24T09:58:49Z</time>
      </trkpt>
      <trkpt lat="30.637104" lon="104.147064">
        <time>2026-04-24T09:58:50Z</time>
      </trkpt>
      <trkpt lat="30.637087" lon="104.14715">
        <time>2026-04-24T09:58:51Z</time>
      </trkpt>
      <trkpt lat="30.637074" lon="104.14723">
        <time>2026-04-24T09:58:52Z</time>
      </trkpt>
      <trkpt lat="30.637062" lon="104.14732">
        <time>2026-04-24T09:58:53Z</time>
      </trkpt>
      <trkpt lat="30.637056" lon="104.1474">
        <time>2026-04-24T09:58:54Z</time>
      </trkpt>
      <trkpt lat="30.63705" lon="104.14748">
        <time>2026-04-24T09:58:55Z</time>
      </trkpt>
      <trkpt lat="30.637043" lon="104.14755">
        <time>2026-04-24T09:58:56Z</time>
      </trkpt>
      <trkpt lat="30.637032" lon="104.14763">
        <time>2026-04-24T09:58:57Z</time>
      </trkpt>
      <trkpt lat="30.63702" lon="104.1477">
        <time>2026-04-24T09:58:58Z</time>
      </trkpt>
      <trkpt lat="30.637003" lon="104.147766">
        <time>2026-04-24T09:58:59Z</time>
      </trkpt>
      <trkpt lat="30.636972" lon="104.14784">
        <time>2026-04-24T09:59:00Z</time>
      </trkpt>
      <trkpt lat="30.636946" lon="104.14792">
        <time>2026-04-24T09:59:01Z</time>
      </trkpt>
      <trkpt lat="30.636919" lon="104.147995">
        <time>2026-04-24T09:59:02Z</time>
      </trkpt>
      <trkpt lat="30.63688" lon="104.14806">
        <time>2026-04-24T09:59:03Z</time>
      </trkpt>
      <trkpt lat="30.636847" lon="104.148125">
        <time>2026-04-24T09:59:04Z</time>
      </trkpt>
      <trkpt lat="30.636814" lon="104.14819">
        <time>2026-04-24T09:59:05Z</time>
      </trkpt>
      <trkpt lat="30.636787" lon="104.148254">
        <time>2026-04-24T09:59:06Z</time>
      </trkpt>
      <trkpt lat="30.636763" lon="104.14831">
        <time>2026-04-24T09:59:07Z</time>
      </trkpt>
      <trkpt lat="30.636736" lon="104.14837">
        <time>2026-04-24T09:59:08Z</time>
      </trkpt>
      <trkpt lat="30.636715" lon="104.14842">
        <time>2026-04-24T09:59:09Z</time>
      </trkpt>
      <trkpt lat="30.63669" lon="104.14848">
        <time>2026-04-24T09:59:10Z</time>
      </trkpt>
      <trkpt lat="30.636662" lon="104.148544">
        <time>2026-04-24T09:59:11Z</time>
      </trkpt>
      <trkpt lat="30.636631" lon="104.1486">
        <time>2026-04-24T09:59:12Z</time>
      </trkpt>
      <trkpt lat="30.6366" lon="104.14865">
        <time>2026-04-24T09:59:13Z</time>
      </trkpt>
      <trkpt lat="30.63657" lon="104.14869">
        <time>2026-04-24T09:59:14Z</time>
      </trkpt>
      <trkpt lat="30.636536" lon="104.14873">
        <time>2026-04-24T09:59:15Z</time>
      </trkpt>
      <trkpt lat="30.6365" lon="104.14876">
        <time>2026-04-24T09:59:16Z</time>
      </trkpt>
      <trkpt lat="30.636457" lon="104.14879">
        <time>2026-04-24T09:59:17Z</time>
      </trkpt>
      <trkpt lat="30.63641" lon="104.148796">
        <time>2026-04-24T09:59:18Z</time>
      </trkpt>
      <trkpt lat="30.636362" lon="104.14878">
        <time>2026-04-24T09:59:19Z</time>
      </trkpt>
      <trkpt lat="30.636312" lon="104.14875">
        <time>2026-04-24T09:59:20Z</time>
      </trkpt>
      <trkpt lat="30.63626" lon="104.14872">
        <time>2026-04-24T09:59:21Z</time>
      </trkpt>
      <trkpt lat="30.636208" lon="104.14868">
        <time>2026-04-24T09:59:22Z</time>
      </trkpt>
      <trkpt lat="30.636154" lon="104.14865">
        <time>2026-04-24T09:59:23Z</time>
      </trkpt>
      <trkpt lat="30.636099" lon="104.14862">
        <time>2026-04-24T09:59:24Z</time>
      </trkpt>
      <trkpt lat="30.636047" lon="104.14859">
        <time>2026-04-24T09:59:25Z</time>
      </trkpt>
      <trkpt lat="30.635992" lon="104.14857">
        <time>2026-04-24T09:59:26Z</time>
      </trkpt>
      <trkpt lat="30.635883" lon="104.148506">
        <time>2026-04-24T09:59:27Z</time>
      </trkpt>
      <trkpt lat="30.635824" lon="104.148476">
        <time>2026-04-24T09:59:28Z</time>
      </trkpt>
      <trkpt lat="30.635777" lon="104.148445">
        <time>2026-04-24T09:59:29Z</time>
      </trkpt>
      <trkpt lat="30.635736" lon="104.14843">
        <time>2026-04-24T09:59:30Z</time>
      </trkpt>
      <trkpt lat="30.635706" lon="104.148415">
        <time>2026-04-24T09:59:31Z</time>
      </trkpt>
      <trkpt lat="30.635685" lon="104.14839">
        <time>2026-04-24T09:59:32Z</time>
      </trkpt>
      <trkpt lat="30.635658" lon="104.14838">
        <time>2026-04-24T09:59:33Z</time>
      </trkpt>
      <trkpt lat="30.635632" lon="104.14835">
        <time>2026-04-24T09:59:34Z</time>
      </trkpt>
      <trkpt lat="30.635607" lon="104.14833">
        <time>2026-04-24T09:59:35Z</time>
      </trkpt>
      <trkpt lat="30.635582" lon="104.14831">
        <time>2026-04-24T09:59:36Z</time>
      </trkpt>
      <trkpt lat="30.63552" lon="104.1483">
        <time>2026-04-24T09:59:38Z</time>
      </trkpt>
      <trkpt lat="30.635494" lon="104.1483">
        <time>2026-04-24T09:59:40Z</time>
      </trkpt>
      <trkpt lat="30.63548" lon="104.14831">
        <time>2026-04-24T09:59:41Z</time>
      </trkpt>
      <trkpt lat="30.635479" lon="104.1483">
        <time>2026-04-24T09:59:42Z</time>
      </trkpt>
      <trkpt lat="30.635479" lon="104.1483">
        <time>2026-04-24T09:59:43Z</time>
      </trkpt>
      <trkpt lat="30.635479" lon="104.1483">
        <time>2026-04-24T09:59:44Z</time>
      </trkpt>
      <trkpt lat="30.635479" lon="104.1483">
        <time>2026-04-24T09:59:45Z</time>
      </trkpt>
      <trkpt lat="30.635479" lon="104.1483">
        <time>2026-04-24T09:59:46Z</time>
      </trkpt>
      <trkpt lat="30.635479" lon="104.1483">
        <time>2026-04-24T09:59:47Z</time>
      </trkpt>
      <trkpt lat="30.635479" lon="104.1483">
        <time>2026-04-24T09:59:48Z</time>
      </trkpt>
      <trkpt lat="30.635479" lon="104.1483">
        <time>2026-04-24T09:59:49Z</time>
      </trkpt>
      <trkpt lat="30.635479" lon="104.1483">
        <time>2026-04-24T09:59:50Z</time>
      </trkpt>
      <trkpt lat="30.635479" lon="104.1483">
        <time>2026-04-24T09:59:51Z</time>
      </trkpt>
      <trkpt lat="30.635479" lon="104.1483">
        <time>2026-04-24T09:59:52Z</time>
      </trkpt>
      <trkpt lat="30.635479" lon="104.1483">
        <time>2026-04-24T09:59:53Z</time>
      </trkpt>
      <trkpt lat="30.635479" lon="104.1483">
        <time>2026-04-24T09:59:54Z</time>
      </trkpt>
      <trkpt lat="30.635479" lon="104.1483">
        <time>2026-04-24T09:59:55Z</time>
      </trkpt>
      <trkpt lat="30.635479" lon="104.1483">
        <time>2026-04-24T09:59:56Z</time>
      </trkpt>
      <trkpt lat="30.635479" lon="104.1483">
        <time>2026-04-24T09:59:57Z</time>
      </trkpt>
      <trkpt lat="30.635479" lon="104.1483">
        <time>2026-04-24T09:59:58Z</time>
      </trkpt>
      <trkpt lat="30.635479" lon="104.1483">
        <time>2026-04-24T09:59:59Z</time>
      </trkpt>
      <trkpt lat="30.635479" lon="104.1483">
        <time>2026-04-24T10:00:00Z</time>
      </trkpt>
      <trkpt lat="30.635479" lon="104.1483">
        <time>2026-04-24T10:00:01Z</time>
      </trkpt>
      <trkpt lat="30.635479" lon="104.1483">
        <time>2026-04-24T10:00:02Z</time>
      </trkpt>
      <trkpt lat="30.635479" lon="104.1483">
        <time>2026-04-24T10:00:03Z</time>
      </trkpt>
      <trkpt lat="30.635479" lon="104.1483">
        <time>2026-04-24T10:00:04Z</time>
      </trkpt>
      <trkpt lat="30.635479" lon="104.1483">
        <time>2026-04-24T10:00:05Z</time>
      </trkpt>
      <trkpt lat="30.635479" lon="104.1483">
        <time>2026-04-24T10:00:06Z</time>
      </trkpt>
      <trkpt lat="30.635479" lon="104.1483">
        <time>2026-04-24T10:00:07Z</time>
      </trkpt>
      <trkpt lat="30.635479" lon="104.1483">
        <time>2026-04-24T10:00:08Z</time>
      </trkpt>
      <trkpt lat="30.635479" lon="104.1483">
        <time>2026-04-24T10:00:09Z</time>
      </trkpt>
      <trkpt lat="30.635479" lon="104.1483">
        <time>2026-04-24T10:00:10Z</time>
      </trkpt>
      <trkpt lat="30.635479" lon="104.1483">
        <time>2026-04-24T10:00:11Z</time>
      </trkpt>
      <trkpt lat="30.635479" lon="104.1483">
        <time>2026-04-24T10:00:12Z</time>
      </trkpt>
      <trkpt lat="30.635479" lon="104.1483">
        <time>2026-04-24T10:00:13Z</time>
      </trkpt>
      <trkpt lat="30.635479" lon="104.1483">
        <time>2026-04-24T10:00:14Z</time>
      </trkpt>
      <trkpt lat="30.635479" lon="104.1483">
        <time>2026-04-24T10:00:15Z</time>
      </trkpt>
      <trkpt lat="30.635479" lon="104.1483">
        <time>2026-04-24T10:00:16Z</time>
      </trkpt>
      <trkpt lat="30.635479" lon="104.1483">
        <time>2026-04-24T10:00:17Z</time>
      </trkpt>
      <trkpt lat="30.635479" lon="104.1483">
        <time>2026-04-24T10:00:18Z</time>
      </trkpt>
      <trkpt lat="30.635479" lon="104.1483">
        <time>2026-04-24T10:00:19Z</time>
      </trkpt>
      <trkpt lat="30.635479" lon="104.1483">
        <time>2026-04-24T10:00:20Z</time>
      </trkpt>
      <trkpt lat="30.635479" lon="104.1483">
        <time>2026-04-24T10:00:21Z</time>
      </trkpt>
      <trkpt lat="30.635479" lon="104.1483">
        <time>2026-04-24T10:00:22Z</time>
      </trkpt>
      <trkpt lat="30.635479" lon="104.1483">
        <time>2026-04-24T10:00:23Z</time>
      </trkpt>
      <trkpt lat="30.635471" lon="104.14832">
        <time>2026-04-24T10:00:24Z</time>
      </trkpt>
      <trkpt lat="30.635462" lon="104.148346">
        <time>2026-04-24T10:00:25Z</time>
      </trkpt>
      <trkpt lat="30.63546" lon="104.14838">
        <time>2026-04-24T10:00:26Z</time>
      </trkpt>
      <trkpt lat="30.635452" lon="104.14842">
        <time>2026-04-24T10:00:27Z</time>
      </trkpt>
      <trkpt lat="30.635437" lon="104.148476">
        <time>2026-04-24T10:00:28Z</time>
      </trkpt>
      <trkpt lat="30.635424" lon="104.14853">
        <time>2026-04-24T10:00:29Z</time>
      </trkpt>
      <trkpt lat="30.635408" lon="104.14859">
        <time>2026-04-24T10:00:30Z</time>
      </trkpt>
      <trkpt lat="30.635393" lon="104.14866">
        <time>2026-04-24T10:00:31Z</time>
      </trkpt>
      <trkpt lat="30.635368" lon="104.14872">
        <time>2026-04-24T10:00:32Z</time>
      </trkpt>
      <trkpt lat="30.635351" lon="104.14879">
        <time>2026-04-24T10:00:33Z</time>
      </trkpt>
      <trkpt lat="30.635336" lon="104.14886">
        <time>2026-04-24T10:00:34Z</time>
      </trkpt>
      <trkpt lat="30.635315" lon="104.14893">
        <time>2026-04-24T10:00:35Z</time>
      </trkpt>
      <trkpt lat="30.6353" lon="104.149">
        <time>2026-04-24T10:00:36Z</time>
      </trkpt>
      <trkpt lat="30.6353" lon="104.14907">
        <time>2026-04-24T10:00:37Z</time>
      </trkpt>
      <trkpt lat="30.635298" lon="104.14913">
        <time>2026-04-24T10:00:38Z</time>
      </trkpt>
      <trkpt lat="30.635298" lon="104.1492">
        <time>2026-04-24T10:00:39Z</time>
      </trkpt>
      <trkpt lat="30.635305" lon="104.14926">
        <time>2026-04-24T10:00:40Z</time>
      </trkpt>
      <trkpt lat="30.635313" lon="104.149315">
        <time>2026-04-24T10:00:41Z</time>
      </trkpt>
      <trkpt lat="30.63533" lon="104.14935">
        <time>2026-04-24T10:00:42Z</time>
      </trkpt>
      <trkpt lat="30.635357" lon="104.14938">
        <time>2026-04-24T10:00:43Z</time>
      </trkpt>
      <trkpt lat="30.635399" lon="104.1494">
        <time>2026-04-24T10:00:44Z</time>
      </trkpt>
      <trkpt lat="30.635448" lon="104.14941">
        <time>2026-04-24T10:00:45Z</time>
      </trkpt>
      <trkpt lat="30.635508" lon="104.149414">
        <time>2026-04-24T10:00:46Z</time>
      </trkpt>
      <trkpt lat="30.635572" lon="104.14944">
        <time>2026-04-24T10:00:47Z</time>
      </trkpt>
      <trkpt lat="30.63563" lon="104.14946">
        <time>2026-04-24T10:00:48Z</time>
      </trkpt>
      <trkpt lat="30.63569" lon="104.149475">
        <time>2026-04-24T10:00:49Z</time>
      </trkpt>
      <trkpt lat="30.635744" lon="104.1495">
        <time>2026-04-24T10:00:50Z</time>
      </trkpt>
      <trkpt lat="30.63581" lon="104.14953">
        <time>2026-04-24T10:00:51Z</time>
      </trkpt>
      <trkpt lat="30.635866" lon="104.14955">
        <time>2026-04-24T10:00:52Z</time>
      </trkpt>
      <trkpt lat="30.63591" lon="104.1496">
        <time>2026-04-24T10:00:53Z</time>
      </trkpt>
      <trkpt lat="30.635946" lon="104.14966">
        <time>2026-04-24T10:00:54Z</time>
      </trkpt>
      <trkpt lat="30.63598" lon="104.14971">
        <time>2026-04-24T10:00:55Z</time>
      </trkpt>
      <trkpt lat="30.635975" lon="104.14979">
        <time>2026-04-24T10:00:56Z</time>
      </trkpt>
      <trkpt lat="30.63595" lon="104.149864">
        <time>2026-04-24T10:00:57Z</time>
      </trkpt>
      <trkpt lat="30.63592" lon="104.14993">
        <time>2026-04-24T10:00:58Z</time>
      </trkpt>
      <trkpt lat="30.635893" lon="104.15001">
        <time>2026-04-24T10:00:59Z</time>
      </trkpt>
      <trkpt lat="30.63586" lon="104.150085">
        <time>2026-04-24T10:01:00Z</time>
      </trkpt>
      <trkpt lat="30.635832" lon="104.150154">
        <time>2026-04-24T10:01:01Z</time>
      </trkpt>
      <trkpt lat="30.635807" lon="104.15024">
        <time>2026-04-24T10:01:02Z</time>
      </trkpt>
      <trkpt lat="30.63578" lon="104.15031">
        <time>2026-04-24T10:01:03Z</time>
      </trkpt>
      <trkpt lat="30.635756" lon="104.150375">
        <time>2026-04-24T10:01:04Z</time>
      </trkpt>
      <trkpt lat="30.63573" lon="104.15045">
        <time>2026-04-24T10:01:05Z</time>
      </trkpt>
      <trkpt lat="30.635706" lon="104.15052">
        <time>2026-04-24T10:01:06Z</time>
      </trkpt>
      <trkpt lat="30.635677" lon="104.15058">
        <time>2026-04-24T10:01:07Z</time>
      </trkpt>
      <trkpt lat="30.63565" lon="104.15064">
        <time>2026-04-24T10:01:08Z</time>
      </trkpt>
      <trkpt lat="30.635628" lon="104.1507">
        <time>2026-04-24T10:01:09Z</time>
      </trkpt>
      <trkpt lat="30.635605" lon="104.15076">
        <time>2026-04-24T10:01:10Z</time>
      </trkpt>
      <trkpt lat="30.63559" lon="104.1508">
        <time>2026-04-24T10:01:11Z</time>
      </trkpt>
      <trkpt lat="30.635574" lon="104.15085">
        <time>2026-04-24T10:01:12Z</time>
      </trkpt>
      <trkpt lat="30.635565" lon="104.15089">
        <time>2026-04-24T10:01:13Z</time>
      </trkpt>
      <trkpt lat="30.635551" lon="104.15094">
        <time>2026-04-24T10:01:14Z</time>
      </trkpt>
      <trkpt lat="30.635536" lon="104.15098">
        <time>2026-04-24T10:01:15Z</time>
      </trkpt>
      <trkpt lat="30.635525" lon="104.15102">
        <time>2026-04-24T10:01:16Z</time>
      </trkpt>
      <trkpt lat="30.635511" lon="104.151054">
        <time>2026-04-24T10:01:17Z</time>
      </trkpt>
      <trkpt lat="30.6355" lon="104.151085">
        <time>2026-04-24T10:01:18Z</time>
      </trkpt>
      <trkpt lat="30.63548" lon="104.15112">
        <time>2026-04-24T10:01:19Z</time>
      </trkpt>
      <trkpt lat="30.635468" lon="104.15116">
        <time>2026-04-24T10:01:20Z</time>
      </trkpt>
      <trkpt lat="30.635454" lon="104.1512">
        <time>2026-04-24T10:01:21Z</time>
      </trkpt>
      <trkpt lat="30.63544" lon="104.15123">
        <time>2026-04-24T10:01:22Z</time>
      </trkpt>
      <trkpt lat="30.635424" lon="104.15127">
        <time>2026-04-24T10:01:23Z</time>
      </trkpt>
      <trkpt lat="30.63541" lon="104.151306">
        <time>2026-04-24T10:01:24Z</time>
      </trkpt>
      <trkpt lat="30.635395" lon="104.151344">
        <time>2026-04-24T10:01:25Z</time>
      </trkpt>
      <trkpt lat="30.63538" lon="104.151375">
        <time>2026-04-24T10:01:26Z</time>
      </trkpt>
      <trkpt lat="30.635366" lon="104.151405">
        <time>2026-04-24T10:01:27Z</time>
      </trkpt>
      <trkpt lat="30.635355" lon="104.15144">
        <time>2026-04-24T10:01:28Z</time>
      </trkpt>
      <trkpt lat="30.635328" lon="104.15151">
        <time>2026-04-24T10:01:29Z</time>
      </trkpt>
      <trkpt lat="30.635305" lon="104.15157">
        <time>2026-04-24T10:01:31Z</time>
      </trkpt>
      <trkpt lat="30.635294" lon="104.1516">
        <time>2026-04-24T10:01:32Z</time>
      </trkpt>
      <trkpt lat="30.63528" lon="104.15163">
        <time>2026-04-24T10:01:33Z</time>
      </trkpt>
      <trkpt lat="30.635267" lon="104.15166">
        <time>2026-04-24T10:01:35Z</time>
      </trkpt>
      <trkpt lat="30.635256" lon="104.15168">
        <time>2026-04-24T10:01:36Z</time>
      </trkpt>
      <trkpt lat="30.635246" lon="104.15171">
        <time>2026-04-24T10:01:37Z</time>
      </trkpt>
      <trkpt lat="30.635235" lon="104.15174">
        <time>2026-04-24T10:01:38Z</time>
      </trkpt>
      <trkpt lat="30.635223" lon="104.15177">
        <time>2026-04-24T10:01:39Z</time>
      </trkpt>
      <trkpt lat="30.635212" lon="104.1518">
        <time>2026-04-24T10:01:40Z</time>
      </trkpt>
      <trkpt lat="30.6352" lon="104.151825">
        <time>2026-04-24T10:01:41Z</time>
      </trkpt>
      <trkpt lat="30.635187" lon="104.151855">
        <time>2026-04-24T10:01:42Z</time>
      </trkpt>
      <trkpt lat="30.635174" lon="104.15188">
        <time>2026-04-24T10:01:43Z</time>
      </trkpt>
      <trkpt lat="30.635162" lon="104.15192">
        <time>2026-04-24T10:01:44Z</time>
      </trkpt>
      <trkpt lat="30.635147" lon="104.15195">
        <time>2026-04-24T10:01:45Z</time>
      </trkpt>
      <trkpt lat="30.635136" lon="104.15198">
        <time>2026-04-24T10:01:46Z</time>
      </trkpt>
      <trkpt lat="30.635124" lon="104.15201">
        <time>2026-04-24T10:01:47Z</time>
      </trkpt>
      <trkpt lat="30.63511" lon="104.15204">
        <time>2026-04-24T10:01:48Z</time>
      </trkpt>
      <trkpt lat="30.635098" lon="104.15207">
        <time>2026-04-24T10:01:49Z</time>
      </trkpt>
      <trkpt lat="30.635082" lon="104.1521">
        <time>2026-04-24T10:01:50Z</time>
      </trkpt>
      <trkpt lat="30.635067" lon="104.15213">
        <time>2026-04-24T10:01:51Z</time>
      </trkpt>
      <trkpt lat="30.635046" lon="104.15217">
        <time>2026-04-24T10:01:52Z</time>
      </trkpt>
      <trkpt lat="30.635029" lon="104.15221">
        <time>2026-04-24T10:01:53Z</time>
      </trkpt>
      <trkpt lat="30.635008" lon="104.15225">
        <time>2026-04-24T10:01:54Z</time>
      </trkpt>
      <trkpt lat="30.634993" lon="104.152306">
        <time>2026-04-24T10:01:55Z</time>
      </trkpt>
      <trkpt lat="30.634974" lon="104.15236">
        <time>2026-04-24T10:01:56Z</time>
      </trkpt>
      <trkpt lat="30.634956" lon="104.152405">
        <time>2026-04-24T10:01:57Z</time>
      </trkpt>
      <trkpt lat="30.634941" lon="104.15245">
        <time>2026-04-24T10:01:58Z</time>
      </trkpt>
      <trkpt lat="30.634928" lon="104.1525">
        <time>2026-04-24T10:01:59Z</time>
      </trkpt>
      <trkpt lat="30.63491" lon="104.15254">
        <time>2026-04-24T10:02:00Z</time>
      </trkpt>
      <trkpt lat="30.634892" lon="104.15259">
        <time>2026-04-24T10:02:01Z</time>
      </trkpt>
      <trkpt lat="30.634872" lon="104.15263">
        <time>2026-04-24T10:02:02Z</time>
      </trkpt>
      <trkpt lat="30.634857" lon="104.15267">
        <time>2026-04-24T10:02:03Z</time>
      </trkpt>
      <trkpt lat="30.634842" lon="104.15272">
        <time>2026-04-24T10:02:04Z</time>
      </trkpt>
      <trkpt lat="30.634825" lon="104.15276">
        <time>2026-04-24T10:02:05Z</time>
      </trkpt>
      <trkpt lat="30.634804" lon="104.15281">
        <time>2026-04-24T10:02:06Z</time>
      </trkpt>
      <trkpt lat="30.63478" lon="104.152855">
        <time>2026-04-24T10:02:07Z</time>
      </trkpt>
      <trkpt lat="30.634754" lon="104.15289">
        <time>2026-04-24T10:02:08Z</time>
      </trkpt>
      <trkpt lat="30.63473" lon="104.15294">
        <time>2026-04-24T10:02:09Z</time>
      </trkpt>
      <trkpt lat="30.634712" lon="104.15299">
        <time>2026-04-24T10:02:10Z</time>
      </trkpt>
      <trkpt lat="30.63469" lon="104.15304">
        <time>2026-04-24T10:02:11Z</time>
      </trkpt>
      <trkpt lat="30.63467" lon="104.15309">
        <time>2026-04-24T10:02:12Z</time>
      </trkpt>
      <trkpt lat="30.63465" lon="104.15314">
        <time>2026-04-24T10:02:13Z</time>
      </trkpt>
      <trkpt lat="30.634628" lon="104.15319">
        <time>2026-04-24T10:02:14Z</time>
      </trkpt>
      <trkpt lat="30.634607" lon="104.15324">
        <time>2026-04-24T10:02:15Z</time>
      </trkpt>
      <trkpt lat="30.63459" lon="104.15329">
        <time>2026-04-24T10:02:16Z</time>
      </trkpt>
      <trkpt lat="30.634573" lon="104.15334">
        <time>2026-04-24T10:02:17Z</time>
      </trkpt>
      <trkpt lat="30.634562" lon="104.1534">
        <time>2026-04-24T10:02:18Z</time>
      </trkpt>
      <trkpt lat="30.63455" lon="104.15344">
        <time>2026-04-24T10:02:19Z</time>
      </trkpt>
      <trkpt lat="30.634533" lon="104.153496">
        <time>2026-04-24T10:02:20Z</time>
      </trkpt>
      <trkpt lat="30.634518" lon="104.15355">
        <time>2026-04-24T10:02:21Z</time>
      </trkpt>
      <trkpt lat="30.634504" lon="104.153595">
        <time>2026-04-24T10:02:22Z</time>
      </trkpt>
      <trkpt lat="30.63449" lon="104.15365">
        <time>2026-04-24T10:02:23Z</time>
      </trkpt>
      <trkpt lat="30.634468" lon="104.1537">
        <time>2026-04-24T10:02:24Z</time>
      </trkpt>
      <trkpt lat="30.634445" lon="104.15376">
        <time>2026-04-24T10:02:25Z</time>
      </trkpt>
      <trkpt lat="30.634424" lon="104.15383">
        <time>2026-04-24T10:02:26Z</time>
      </trkpt>
      <trkpt lat="30.6344" lon="104.1539">
        <time>2026-04-24T10:02:27Z</time>
      </trkpt>
      <trkpt lat="30.634377" lon="104.15397">
        <time>2026-04-24T10:02:28Z</time>
      </trkpt>
      <trkpt lat="30.634348" lon="104.15402">
        <time>2026-04-24T10:02:29Z</time>
      </trkpt>
      <trkpt lat="30.634323" lon="104.154076">
        <time>2026-04-24T10:02:30Z</time>
      </trkpt>
      <trkpt lat="30.634302" lon="104.15414">
        <time>2026-04-24T10:02:31Z</time>
      </trkpt>
      <trkpt lat="30.63428" lon="104.154205">
        <time>2026-04-24T10:02:32Z</time>
      </trkpt>
      <trkpt lat="30.634253" lon="104.15427">
        <time>2026-04-24T10:02:33Z</time>
      </trkpt>
      <trkpt lat="30.634226" lon="104.154335">
        <time>2026-04-24T10:02:34Z</time>
      </trkpt>
      <trkpt lat="30.634203" lon="104.1544">
        <time>2026-04-24T10:02:35Z</time>
      </trkpt>
      <trkpt lat="30.634184" lon="104.154465">
        <time>2026-04-24T10:02:36Z</time>
      </trkpt>
      <trkpt lat="30.634161" lon="104.15453">
        <time>2026-04-24T10:02:37Z</time>
      </trkpt>
      <trkpt lat="30.634138" lon="104.154594">
        <time>2026-04-24T10:02:38Z</time>
      </trkpt>
      <trkpt lat="30.63411" lon="104.15466">
        <time>2026-04-24T10:02:39Z</time>
      </trkpt>
      <trkpt lat="30.63408" lon="104.15473">
        <time>2026-04-24T10:02:40Z</time>
      </trkpt>
      <trkpt lat="30.634054" lon="104.15481">
        <time>2026-04-24T10:02:41Z</time>
      </trkpt>
      <trkpt lat="30.634024" lon="104.15488">
        <time>2026-04-24T10:02:42Z</time>
      </trkpt>
      <trkpt lat="30.633993" lon="104.15495">
        <time>2026-04-24T10:02:43Z</time>
      </trkpt>
      <trkpt lat="30.633963" lon="104.15503">
        <time>2026-04-24T10:02:44Z</time>
      </trkpt>
      <trkpt lat="30.633934" lon="104.155106">
        <time>2026-04-24T10:02:45Z</time>
      </trkpt>
      <trkpt lat="30.6339" lon="104.15519">
        <time>2026-04-24T10:02:46Z</time>
      </trkpt>
      <trkpt lat="30.63387" lon="104.15527">
        <time>2026-04-24T10:02:47Z</time>
      </trkpt>
      <trkpt lat="30.633839" lon="104.15536">
        <time>2026-04-24T10:02:48Z</time>
      </trkpt>
      <trkpt lat="30.633802" lon="104.15544">
        <time>2026-04-24T10:02:49Z</time>
      </trkpt>
      <trkpt lat="30.633766" lon="104.15553">
        <time>2026-04-24T10:02:50Z</time>
      </trkpt>
      <trkpt lat="30.63373" lon="104.15562">
        <time>2026-04-24T10:02:51Z</time>
      </trkpt>
      <trkpt lat="30.633696" lon="104.15571">
        <time>2026-04-24T10:02:52Z</time>
      </trkpt>
      <trkpt lat="30.633657" lon="104.15579">
        <time>2026-04-24T10:02:53Z</time>
      </trkpt>
      <trkpt lat="30.633625" lon="104.15588">
        <time>2026-04-24T10:02:54Z</time>
      </trkpt>
      <trkpt lat="30.633593" lon="104.155975">
        <time>2026-04-24T10:02:55Z</time>
      </trkpt>
      <trkpt lat="30.633562" lon="104.15607">
        <time>2026-04-24T10:02:56Z</time>
      </trkpt>
      <trkpt lat="30.633528" lon="104.15615">
        <time>2026-04-24T10:02:57Z</time>
      </trkpt>
      <trkpt lat="30.633495" lon="104.15624">
        <time>2026-04-24T10:02:58Z</time>
      </trkpt>
      <trkpt lat="30.63346" lon="104.15633">
        <time>2026-04-24T10:02:59Z</time>
      </trkpt>
      <trkpt lat="30.633419" lon="104.15642">
        <time>2026-04-24T10:03:00Z</time>
      </trkpt>
      <trkpt lat="30.633379" lon="104.1565">
        <time>2026-04-24T10:03:01Z</time>
      </trkpt>
      <trkpt lat="30.633339" lon="104.15659">
        <time>2026-04-24T10:03:02Z</time>
      </trkpt>
      <trkpt lat="30.633297" lon="104.156685">
        <time>2026-04-24T10:03:03Z</time>
      </trkpt>
      <trkpt lat="30.633257" lon="104.15678">
        <time>2026-04-24T10:03:04Z</time>
      </trkpt>
      <trkpt lat="30.633215" lon="104.15687">
        <time>2026-04-24T10:03:05Z</time>
      </trkpt>
      <trkpt lat="30.633127" lon="104.15705">
        <time>2026-04-24T10:03:06Z</time>
      </trkpt>
      <trkpt lat="30.633085" lon="104.15714">
        <time>2026-04-24T10:03:07Z</time>
      </trkpt>
      <trkpt lat="30.633043" lon="104.15723">
        <time>2026-04-24T10:03:08Z</time>
      </trkpt>
      <trkpt lat="30.633007" lon="104.157326">
        <time>2026-04-24T10:03:09Z</time>
      </trkpt>
      <trkpt lat="30.63297" lon="104.15741">
        <time>2026-04-24T10:03:10Z</time>
      </trkpt>
      <trkpt lat="30.632935" lon="104.1575">
        <time>2026-04-24T10:03:12Z</time>
      </trkpt>
      <trkpt lat="30.632898" lon="104.157585">
        <time>2026-04-24T10:03:13Z</time>
      </trkpt>
      <trkpt lat="30.632866" lon="104.15767">
        <time>2026-04-24T10:03:14Z</time>
      </trkpt>
      <trkpt lat="30.63283" lon="104.15775">
        <time>2026-04-24T10:03:15Z</time>
      </trkpt>
      <trkpt lat="30.632797" lon="104.15783">
        <time>2026-04-24T10:03:16Z</time>
      </trkpt>
      <trkpt lat="30.63277" lon="104.157906">
        <time>2026-04-24T10:03:17Z</time>
      </trkpt>
      <trkpt lat="30.632746" lon="104.157974">
        <time>2026-04-24T10:03:18Z</time>
      </trkpt>
      <trkpt lat="30.632725" lon="104.15804">
        <time>2026-04-24T10:03:19Z</time>
      </trkpt>
      <trkpt lat="30.632696" lon="104.15812">
        <time>2026-04-24T10:03:20Z</time>
      </trkpt>
      <trkpt lat="30.632664" lon="104.15819">
        <time>2026-04-24T10:03:21Z</time>
      </trkpt>
      <trkpt lat="30.632627" lon="104.15826">
        <time>2026-04-24T10:03:22Z</time>
      </trkpt>
      <trkpt lat="30.63259" lon="104.158325">
        <time>2026-04-24T10:03:23Z</time>
      </trkpt>
      <trkpt lat="30.63255" lon="104.158394">
        <time>2026-04-24T10:03:24Z</time>
      </trkpt>
      <trkpt lat="30.63251" lon="104.15846">
        <time>2026-04-24T10:03:25Z</time>
      </trkpt>
      <trkpt lat="30.63247" lon="104.15853">
        <time>2026-04-24T10:03:26Z</time>
      </trkpt>
      <trkpt lat="30.632431" lon="104.15861">
        <time>2026-04-24T10:03:27Z</time>
      </trkpt>
      <trkpt lat="30.632393" lon="104.158676">
        <time>2026-04-24T10:03:28Z</time>
      </trkpt>
      <trkpt lat="30.632355" lon="104.158745">
        <time>2026-04-24T10:03:29Z</time>
      </trkpt>
      <trkpt lat="30.632313" lon="104.158806">
        <time>2026-04-24T10:03:30Z</time>
      </trkpt>
      <trkpt lat="30.632273" lon="104.15887">
        <time>2026-04-24T10:03:31Z</time>
      </trkpt>
      <trkpt lat="30.632233" lon="104.158936">
        <time>2026-04-24T10:03:32Z</time>
      </trkpt>
      <trkpt lat="30.632198" lon="104.159004">
        <time>2026-04-24T10:03:33Z</time>
      </trkpt>
      <trkpt lat="30.632166" lon="104.15907">
        <time>2026-04-24T10:03:34Z</time>
      </trkpt>
      <trkpt lat="30.632132" lon="104.15915">
        <time>2026-04-24T10:03:35Z</time>
      </trkpt>
      <trkpt lat="30.6321" lon="104.15922">
        <time>2026-04-24T10:03:36Z</time>
      </trkpt>
      <trkpt lat="30.63207" lon="104.15929">
        <time>2026-04-24T10:03:37Z</time>
      </trkpt>
      <trkpt lat="30.632042" lon="104.159355">
        <time>2026-04-24T10:03:38Z</time>
      </trkpt>
      <trkpt lat="30.632015" lon="104.15942">
        <time>2026-04-24T10:03:39Z</time>
      </trkpt>
      <trkpt lat="30.631985" lon="104.159485">
        <time>2026-04-24T10:03:40Z</time>
      </trkpt>
      <trkpt lat="30.631956" lon="104.15955">
        <time>2026-04-24T10:03:41Z</time>
      </trkpt>
      <trkpt lat="30.631926" lon="104.15962">
        <time>2026-04-24T10:03:42Z</time>
      </trkpt>
      <trkpt lat="30.631893" lon="104.1597">
        <time>2026-04-24T10:03:43Z</time>
      </trkpt>
      <trkpt lat="30.631855" lon="104.15976">
        <time>2026-04-24T10:03:44Z</time>
      </trkpt>
      <trkpt lat="30.631823" lon="104.15983">
        <time>2026-04-24T10:03:45Z</time>
      </trkpt>
      <trkpt lat="30.631783" lon="104.1599">
        <time>2026-04-24T10:03:46Z</time>
      </trkpt>
      <trkpt lat="30.631746" lon="104.159966">
        <time>2026-04-24T10:03:47Z</time>
      </trkpt>
      <trkpt lat="30.631712" lon="104.16003">
        <time>2026-04-24T10:03:48Z</time>
      </trkpt>
      <trkpt lat="30.631676" lon="104.160095">
        <time>2026-04-24T10:03:49Z</time>
      </trkpt>
      <trkpt lat="30.631645" lon="104.16016">
        <time>2026-04-24T10:03:50Z</time>
      </trkpt>
      <trkpt lat="30.63161" lon="104.160225">
        <time>2026-04-24T10:03:51Z</time>
      </trkpt>
      <trkpt lat="30.631577" lon="104.16029">
        <time>2026-04-24T10:03:52Z</time>
      </trkpt>
      <trkpt lat="30.631544" lon="104.160355">
        <time>2026-04-24T10:03:53Z</time>
      </trkpt>
      <trkpt lat="30.631508" lon="104.16043">
        <time>2026-04-24T10:03:54Z</time>
      </trkpt>
      <trkpt lat="30.631474" lon="104.16049">
        <time>2026-04-24T10:03:55Z</time>
      </trkpt>
      <trkpt lat="30.63144" lon="104.16056">
        <time>2026-04-24T10:03:56Z</time>
      </trkpt>
      <trkpt lat="30.631405" lon="104.16063">
        <time>2026-04-24T10:03:57Z</time>
      </trkpt>
      <trkpt lat="30.631372" lon="104.1607">
        <time>2026-04-24T10:03:58Z</time>
      </trkpt>
      <trkpt lat="30.631338" lon="104.16077">
        <time>2026-04-24T10:03:59Z</time>
      </trkpt>
      <trkpt lat="30.631306" lon="104.160835">
        <time>2026-04-24T10:04:00Z</time>
      </trkpt>
      <trkpt lat="30.63127" lon="104.160904">
        <time>2026-04-24T10:04:01Z</time>
      </trkpt>
      <trkpt lat="30.631237" lon="104.160965">
        <time>2026-04-24T10:04:02Z</time>
      </trkpt>
      <trkpt lat="30.631205" lon="104.16104">
        <time>2026-04-24T10:04:03Z</time>
      </trkpt>
      <trkpt lat="30.631172" lon="104.16111">
        <time>2026-04-24T10:04:04Z</time>
      </trkpt>
      <trkpt lat="30.631138" lon="104.16117">
        <time>2026-04-24T10:04:05Z</time>
      </trkpt>
      <trkpt lat="30.631105" lon="104.16124">
        <time>2026-04-24T10:04:06Z</time>
      </trkpt>
      <trkpt lat="30.631075" lon="104.16131">
        <time>2026-04-24T10:04:07Z</time>
      </trkpt>
      <trkpt lat="30.631052" lon="104.16138">
        <time>2026-04-24T10:04:08Z</time>
      </trkpt>
      <trkpt lat="30.63103" lon="104.161446">
        <time>2026-04-24T10:04:09Z</time>
      </trkpt>
      <trkpt lat="30.631004" lon="104.161514">
        <time>2026-04-24T10:04:10Z</time>
      </trkpt>
      <trkpt lat="30.630976" lon="104.16158">
        <time>2026-04-24T10:04:11Z</time>
      </trkpt>
      <trkpt lat="30.630945" lon="104.16165">
        <time>2026-04-24T10:04:12Z</time>
      </trkpt>
      <trkpt lat="30.630913" lon="104.16171">
        <time>2026-04-24T10:04:13Z</time>
      </trkpt>
      <trkpt lat="30.630882" lon="104.16177">
        <time>2026-04-24T10:04:14Z</time>
      </trkpt>
      <trkpt lat="30.630854" lon="104.161835">
        <time>2026-04-24T10:04:15Z</time>
      </trkpt>
      <trkpt lat="30.630823" lon="104.1619">
        <time>2026-04-24T10:04:16Z</time>
      </trkpt>
      <trkpt lat="30.630793" lon="104.161964">
        <time>2026-04-24T10:04:17Z</time>
      </trkpt>
      <trkpt lat="30.630764" lon="104.16202">
        <time>2026-04-24T10:04:18Z</time>
      </trkpt>
      <trkpt lat="30.630737" lon="104.16208">
        <time>2026-04-24T10:04:19Z</time>
      </trkpt>
      <trkpt lat="30.630709" lon="104.16214">
        <time>2026-04-24T10:04:20Z</time>
      </trkpt>
      <trkpt lat="30.630678" lon="104.16221">
        <time>2026-04-24T10:04:21Z</time>
      </trkpt>
      <trkpt lat="30.63065" lon="104.16227">
        <time>2026-04-24T10:04:22Z</time>
      </trkpt>
      <trkpt lat="30.63062" lon="104.16232">
        <time>2026-04-24T10:04:23Z</time>
      </trkpt>
      <trkpt lat="30.630589" lon="104.16238">
        <time>2026-04-24T10:04:24Z</time>
      </trkpt>
      <trkpt lat="30.630554" lon="104.16243">
        <time>2026-04-24T10:04:25Z</time>
      </trkpt>
      <trkpt lat="30.630514" lon="104.16248">
        <time>2026-04-24T10:04:26Z</time>
      </trkpt>
      <trkpt lat="30.630478" lon="104.16254">
        <time>2026-04-24T10:04:27Z</time>
      </trkpt>
      <trkpt lat="30.630444" lon="104.16259">
        <time>2026-04-24T10:04:28Z</time>
      </trkpt>
      <trkpt lat="30.630407" lon="104.16264">
        <time>2026-04-24T10:04:29Z</time>
      </trkpt>
      <trkpt lat="30.630367" lon="104.1627">
        <time>2026-04-24T10:04:30Z</time>
      </trkpt>
      <trkpt lat="30.63033" lon="104.16275">
        <time>2026-04-24T10:04:31Z</time>
      </trkpt>
      <trkpt lat="30.630299" lon="104.16281">
        <time>2026-04-24T10:04:32Z</time>
      </trkpt>
      <trkpt lat="30.630272" lon="104.16287">
        <time>2026-04-24T10:04:33Z</time>
      </trkpt>
      <trkpt lat="30.630243" lon="104.16293">
        <time>2026-04-24T10:04:34Z</time>
      </trkpt>
      <trkpt lat="30.630215" lon="104.162994">
        <time>2026-04-24T10:04:35Z</time>
      </trkpt>
      <trkpt lat="30.630184" lon="104.163055">
        <time>2026-04-24T10:04:36Z</time>
      </trkpt>
      <trkpt lat="30.630154" lon="104.16312">
        <time>2026-04-24T10:04:37Z</time>
      </trkpt>
      <trkpt lat="30.63013" lon="104.16318">
        <time>2026-04-24T10:04:38Z</time>
      </trkpt>
      <trkpt lat="30.630108" lon="104.16324">
        <time>2026-04-24T10:04:39Z</time>
      </trkpt>
      <trkpt lat="30.630083" lon="104.16329">
        <time>2026-04-24T10:04:40Z</time>
      </trkpt>
      <trkpt lat="30.630053" lon="104.16335">
        <time>2026-04-24T10:04:41Z</time>
      </trkpt>
      <trkpt lat="30.630024" lon="104.16341">
        <time>2026-04-24T10:04:42Z</time>
      </trkpt>
      <trkpt lat="30.629993" lon="104.16346">
        <time>2026-04-24T10:04:43Z</time>
      </trkpt>
      <trkpt lat="30.629967" lon="104.16352">
        <time>2026-04-24T10:04:44Z</time>
      </trkpt>
      <trkpt lat="30.629938" lon="104.16358">
        <time>2026-04-24T10:04:45Z</time>
      </trkpt>
      <trkpt lat="30.629908" lon="104.163635">
        <time>2026-04-24T10:04:46Z</time>
      </trkpt>
      <trkpt lat="30.629879" lon="104.1637">
        <time>2026-04-24T10:04:47Z</time>
      </trkpt>
      <trkpt lat="30.629848" lon="104.16375">
        <time>2026-04-24T10:04:48Z</time>
      </trkpt>
      <trkpt lat="30.629818" lon="104.16381">
        <time>2026-04-24T10:04:49Z</time>
      </trkpt>
      <trkpt lat="30.62979" lon="104.163864">
        <time>2026-04-24T10:04:50Z</time>
      </trkpt>
      <trkpt lat="30.62976" lon="104.163925">
        <time>2026-04-24T10:04:51Z</time>
      </trkpt>
      <trkpt lat="30.629732" lon="104.16398">
        <time>2026-04-24T10:04:52Z</time>
      </trkpt>
      <trkpt lat="30.629702" lon="104.16404">
        <time>2026-04-24T10:04:53Z</time>
      </trkpt>
      <trkpt lat="30.629671" lon="104.16409">
        <time>2026-04-24T10:04:54Z</time>
      </trkpt>
      <trkpt lat="30.629642" lon="104.16415">
        <time>2026-04-24T10:04:55Z</time>
      </trkpt>
      <trkpt lat="30.629618" lon="104.1642">
        <time>2026-04-24T10:04:56Z</time>
      </trkpt>
      <trkpt lat="30.629564" lon="104.16431">
        <time>2026-04-24T10:04:57Z</time>
      </trkpt>
      <trkpt lat="30.629541" lon="104.16437">
        <time>2026-04-24T10:04:58Z</time>
      </trkpt>
      <trkpt lat="30.629517" lon="104.16441">
        <time>2026-04-24T10:04:59Z</time>
      </trkpt>
      <trkpt lat="30.629492" lon="104.16447">
        <time>2026-04-24T10:05:00Z</time>
      </trkpt>
      <trkpt lat="30.62947" lon="104.16452">
        <time>2026-04-24T10:05:01Z</time>
      </trkpt>
      <trkpt lat="30.629444" lon="104.16457">
        <time>2026-04-24T10:05:03Z</time>
      </trkpt>
      <trkpt lat="30.629416" lon="104.164635">
        <time>2026-04-24T10:05:04Z</time>
      </trkpt>
      <trkpt lat="30.629387" lon="104.16469">
        <time>2026-04-24T10:05:05Z</time>
      </trkpt>
      <trkpt lat="30.62936" lon="104.16475">
        <time>2026-04-24T10:05:06Z</time>
      </trkpt>
      <trkpt lat="30.629332" lon="104.1648">
        <time>2026-04-24T10:05:07Z</time>
      </trkpt>
      <trkpt lat="30.629303" lon="104.16486">
        <time>2026-04-24T10:05:08Z</time>
      </trkpt>
      <trkpt lat="30.629274" lon="104.16492">
        <time>2026-04-24T10:05:09Z</time>
      </trkpt>
      <trkpt lat="30.629248" lon="104.16498">
        <time>2026-04-24T10:05:10Z</time>
      </trkpt>
      <trkpt lat="30.62922" lon="104.16503">
        <time>2026-04-24T10:05:11Z</time>
      </trkpt>
      <trkpt lat="30.629192" lon="104.165085">
        <time>2026-04-24T10:05:12Z</time>
      </trkpt>
      <trkpt lat="30.629164" lon="104.16514">
        <time>2026-04-24T10:05:13Z</time>
      </trkpt>
      <trkpt lat="30.629131" lon="104.16519">
        <time>2026-04-24T10:05:14Z</time>
      </trkpt>
      <trkpt lat="30.629099" lon="104.165245">
        <time>2026-04-24T10:05:15Z</time>
      </trkpt>
      <trkpt lat="30.62906" lon="104.1653">
        <time>2026-04-24T10:05:16Z</time>
      </trkpt>
      <trkpt lat="30.629023" lon="104.16536">
        <time>2026-04-24T10:05:17Z</time>
      </trkpt>
      <trkpt lat="30.628983" lon="104.16541">
        <time>2026-04-24T10:05:18Z</time>
      </trkpt>
      <trkpt lat="30.628942" lon="104.16547">
        <time>2026-04-24T10:05:19Z</time>
      </trkpt>
      <trkpt lat="30.628899" lon="104.16552">
        <time>2026-04-24T10:05:20Z</time>
      </trkpt>
      <trkpt lat="30.628857" lon="104.16557">
        <time>2026-04-24T10:05:21Z</time>
      </trkpt>
      <trkpt lat="30.628807" lon="104.16562">
        <time>2026-04-24T10:05:22Z</time>
      </trkpt>
      <trkpt lat="30.628763" lon="104.16566">
        <time>2026-04-24T10:05:23Z</time>
      </trkpt>
      <trkpt lat="30.628721" lon="104.1657">
        <time>2026-04-24T10:05:24Z</time>
      </trkpt>
      <trkpt lat="30.62869" lon="104.16576">
        <time>2026-04-24T10:05:25Z</time>
      </trkpt>
      <trkpt lat="30.628666" lon="104.1658">
        <time>2026-04-24T10:05:26Z</time>
      </trkpt>
      <trkpt lat="30.62864" lon="104.16586">
        <time>2026-04-24T10:05:27Z</time>
      </trkpt>
      <trkpt lat="30.628616" lon="104.16592">
        <time>2026-04-24T10:05:28Z</time>
      </trkpt>
      <trkpt lat="30.628601" lon="104.16598">
        <time>2026-04-24T10:05:29Z</time>
      </trkpt>
      <trkpt lat="30.628592" lon="104.16604">
        <time>2026-04-24T10:05:30Z</time>
      </trkpt>
      <trkpt lat="30.628588" lon="104.16609">
        <time>2026-04-24T10:05:31Z</time>
      </trkpt>
      <trkpt lat="30.62858" lon="104.16615">
        <time>2026-04-24T10:05:32Z</time>
      </trkpt>
      <trkpt lat="30.628553" lon="104.16622">
        <time>2026-04-24T10:05:33Z</time>
      </trkpt>
      <trkpt lat="30.62852" lon="104.16628">
        <time>2026-04-24T10:05:34Z</time>
      </trkpt>
      <trkpt lat="30.628475" lon="104.166336">
        <time>2026-04-24T10:05:35Z</time>
      </trkpt>
      <trkpt lat="30.628439" lon="104.16639">
        <time>2026-04-24T10:05:36Z</time>
      </trkpt>
      <trkpt lat="30.628422" lon="104.16645">
        <time>2026-04-24T10:05:37Z</time>
      </trkpt>
      <trkpt lat="30.62841" lon="104.16652">
        <time>2026-04-24T10:05:38Z</time>
      </trkpt>
      <trkpt lat="30.628403" lon="104.166565">
        <time>2026-04-24T10:05:39Z</time>
      </trkpt>
      <trkpt lat="30.628393" lon="104.166595">
        <time>2026-04-24T10:05:40Z</time>
      </trkpt>
      <trkpt lat="30.628374" lon="104.16661">
        <time>2026-04-24T10:05:41Z</time>
      </trkpt>
      <trkpt lat="30.628359" lon="104.16661">
        <time>2026-04-24T10:05:42Z</time>
      </trkpt>
      <trkpt lat="30.628351" lon="104.166595">
        <time>2026-04-24T10:05:43Z</time>
      </trkpt>
      <trkpt lat="30.628351" lon="104.166595">
        <time>2026-04-24T10:05:44Z</time>
      </trkpt>
      <trkpt lat="30.628351" lon="104.166595">
        <time>2026-04-24T10:05:45Z</time>
      </trkpt>
      <trkpt lat="30.628351" lon="104.166595">
        <time>2026-04-24T10:05:46Z</time>
      </trkpt>
      <trkpt lat="30.62833" lon="104.16661">
        <time>2026-04-24T10:05:47Z</time>
      </trkpt>
      <trkpt lat="30.62833" lon="104.16661">
        <time>2026-04-24T10:05:48Z</time>
      </trkpt>
      <trkpt lat="30.62833" lon="104.16661">
        <time>2026-04-24T10:05:49Z</time>
      </trkpt>
      <trkpt lat="30.62833" lon="104.16661">
        <time>2026-04-24T10:05:50Z</time>
      </trkpt>
      <trkpt lat="30.62833" lon="104.16661">
        <time>2026-04-24T10:05:51Z</time>
      </trkpt>
      <trkpt lat="30.62833" lon="104.16661">
        <time>2026-04-24T10:05:52Z</time>
      </trkpt>
      <trkpt lat="30.62833" lon="104.16661">
        <time>2026-04-24T10:05:53Z</time>
      </trkpt>
      <trkpt lat="30.62833" lon="104.16661">
        <time>2026-04-24T10:05:54Z</time>
      </trkpt>
      <trkpt lat="30.62833" lon="104.16661">
        <time>2026-04-24T10:05:55Z</time>
      </trkpt>
      <trkpt lat="30.62833" lon="104.16661">
        <time>2026-04-24T10:05:56Z</time>
      </trkpt>
      <trkpt lat="30.62833" lon="104.16661">
        <time>2026-04-24T10:05:57Z</time>
      </trkpt>
      <trkpt lat="30.62833" lon="104.16661">
        <time>2026-04-24T10:05:58Z</time>
      </trkpt>
      <trkpt lat="30.62833" lon="104.16661">
        <time>2026-04-24T10:05:59Z</time>
      </trkpt>
      <trkpt lat="30.62833" lon="104.16661">
        <time>2026-04-24T10:06:00Z</time>
      </trkpt>
      <trkpt lat="30.628332" lon="104.16663">
        <time>2026-04-24T10:06:01Z</time>
      </trkpt>
      <trkpt lat="30.628332" lon="104.16663">
        <time>2026-04-24T10:06:02Z</time>
      </trkpt>
      <trkpt lat="30.628332" lon="104.16663">
        <time>2026-04-24T10:06:03Z</time>
      </trkpt>
      <trkpt lat="30.628332" lon="104.16663">
        <time>2026-04-24T10:06:04Z</time>
      </trkpt>
      <trkpt lat="30.628332" lon="104.16663">
        <time>2026-04-24T10:06:05Z</time>
      </trkpt>
      <trkpt lat="30.628332" lon="104.16663">
        <time>2026-04-24T10:06:06Z</time>
      </trkpt>
      <trkpt lat="30.628332" lon="104.16663">
        <time>2026-04-24T10:06:07Z</time>
      </trkpt>
      <trkpt lat="30.628332" lon="104.16663">
        <time>2026-04-24T10:06:08Z</time>
      </trkpt>
      <trkpt lat="30.628332" lon="104.16663">
        <time>2026-04-24T10:06:09Z</time>
      </trkpt>
      <trkpt lat="30.628332" lon="104.16663">
        <time>2026-04-24T10:06:10Z</time>
      </trkpt>
      <trkpt lat="30.628332" lon="104.16663">
        <time>2026-04-24T10:06:11Z</time>
      </trkpt>
      <trkpt lat="30.628332" lon="104.16663">
        <time>2026-04-24T10:06:12Z</time>
      </trkpt>
      <trkpt lat="30.628332" lon="104.16663">
        <time>2026-04-24T10:06:13Z</time>
      </trkpt>
      <trkpt lat="30.628332" lon="104.16663">
        <time>2026-04-24T10:06:14Z</time>
      </trkpt>
      <trkpt lat="30.628332" lon="104.16663">
        <time>2026-04-24T10:06:15Z</time>
      </trkpt>
      <trkpt lat="30.628332" lon="104.16663">
        <time>2026-04-24T10:06:16Z</time>
      </trkpt>
      <trkpt lat="30.628332" lon="104.16663">
        <time>2026-04-24T10:06:17Z</time>
      </trkpt>
      <trkpt lat="30.628332" lon="104.16663">
        <time>2026-04-24T10:06:18Z</time>
      </trkpt>
      <trkpt lat="30.628332" lon="104.16663">
        <time>2026-04-24T10:06:19Z</time>
      </trkpt>
      <trkpt lat="30.628332" lon="104.16663">
        <time>2026-04-24T10:06:20Z</time>
      </trkpt>
      <trkpt lat="30.628332" lon="104.16663">
        <time>2026-04-24T10:06:21Z</time>
      </trkpt>
      <trkpt lat="30.628332" lon="104.16663">
        <time>2026-04-24T10:06:22Z</time>
      </trkpt>
      <trkpt lat="30.628332" lon="104.16663">
        <time>2026-04-24T10:06:23Z</time>
      </trkpt>
      <trkpt lat="30.628332" lon="104.16663">
        <time>2026-04-24T10:06:24Z</time>
      </trkpt>
      <trkpt lat="30.628332" lon="104.16663">
        <time>2026-04-24T10:06:25Z</time>
      </trkpt>
      <trkpt lat="30.628332" lon="104.16663">
        <time>2026-04-24T10:06:26Z</time>
      </trkpt>
      <trkpt lat="30.628332" lon="104.16663">
        <time>2026-04-24T10:06:27Z</time>
      </trkpt>
      <trkpt lat="30.62831" lon="104.16666">
        <time>2026-04-24T10:06:28Z</time>
      </trkpt>
      <trkpt lat="30.628296" lon="104.16669">
        <time>2026-04-24T10:06:29Z</time>
      </trkpt>
      <trkpt lat="30.628286" lon="104.166725">
        <time>2026-04-24T10:06:30Z</time>
      </trkpt>
      <trkpt lat="30.628283" lon="104.166756">
        <time>2026-04-24T10:06:31Z</time>
      </trkpt>
      <trkpt lat="30.628283" lon="104.1668">
        <time>2026-04-24T10:06:32Z</time>
      </trkpt>
      <trkpt lat="30.628279" lon="104.16685">
        <time>2026-04-24T10:06:33Z</time>
      </trkpt>
      <trkpt lat="30.628265" lon="104.1669">
        <time>2026-04-24T10:06:34Z</time>
      </trkpt>
      <trkpt lat="30.628248" lon="104.166954">
        <time>2026-04-24T10:06:35Z</time>
      </trkpt>
      <trkpt lat="30.62823" lon="104.167">
        <time>2026-04-24T10:06:36Z</time>
      </trkpt>
      <trkpt lat="30.628216" lon="104.167046">
        <time>2026-04-24T10:06:37Z</time>
      </trkpt>
      <trkpt lat="30.6282" lon="104.1671">
        <time>2026-04-24T10:06:38Z</time>
      </trkpt>
      <trkpt lat="30.628187" lon="104.16714">
        <time>2026-04-24T10:06:39Z</time>
      </trkpt>
      <trkpt lat="30.628172" lon="104.167175">
        <time>2026-04-24T10:06:40Z</time>
      </trkpt>
      <trkpt lat="30.628155" lon="104.16721">
        <time>2026-04-24T10:06:41Z</time>
      </trkpt>
      <trkpt lat="30.628138" lon="104.16725">
        <time>2026-04-24T10:06:42Z</time>
      </trkpt>
      <trkpt lat="30.628124" lon="104.1673">
        <time>2026-04-24T10:06:43Z</time>
      </trkpt>
      <trkpt lat="30.62811" lon="104.16733">
        <time>2026-04-24T10:06:44Z</time>
      </trkpt>
      <trkpt lat="30.628098" lon="104.16737">
        <time>2026-04-24T10:06:45Z</time>
      </trkpt>
      <trkpt lat="30.628086" lon="104.16741">
        <time>2026-04-24T10:06:46Z</time>
      </trkpt>
      <trkpt lat="30.628063" lon="104.167496">
        <time>2026-04-24T10:06:47Z</time>
      </trkpt>
      <trkpt lat="30.628042" lon="104.16753">
        <time>2026-04-24T10:06:49Z</time>
      </trkpt>
      <trkpt lat="30.62802" lon="104.16755">
        <time>2026-04-24T10:06:50Z</time>
      </trkpt>
      <trkpt lat="30.627998" lon="104.16757">
        <time>2026-04-24T10:06:51Z</time>
      </trkpt>
      <trkpt lat="30.62798" lon="104.1676">
        <time>2026-04-24T10:06:52Z</time>
      </trkpt>
      <trkpt lat="30.627941" lon="104.16766">
        <time>2026-04-24T10:06:53Z</time>
      </trkpt>
      <trkpt lat="30.627926" lon="104.16769">
        <time>2026-04-24T10:06:54Z</time>
      </trkpt>
      <trkpt lat="30.62791" lon="104.167725">
        <time>2026-04-24T10:06:55Z</time>
      </trkpt>
      <trkpt lat="30.627893" lon="104.167755">
        <time>2026-04-24T10:06:56Z</time>
      </trkpt>
      <trkpt lat="30.627876" lon="104.167786">
        <time>2026-04-24T10:06:57Z</time>
      </trkpt>
      <trkpt lat="30.627857" lon="104.167816">
        <time>2026-04-24T10:06:58Z</time>
      </trkpt>
      <trkpt lat="30.627838" lon="104.16785">
        <time>2026-04-24T10:06:59Z</time>
      </trkpt>
      <trkpt lat="30.62782" lon="104.167885">
        <time>2026-04-24T10:07:00Z</time>
      </trkpt>
      <trkpt lat="30.627804" lon="104.167915">
        <time>2026-04-24T10:07:02Z</time>
      </trkpt>
      <trkpt lat="30.627787" lon="104.167946">
        <time>2026-04-24T10:07:03Z</time>
      </trkpt>
      <trkpt lat="30.627773" lon="104.167984">
        <time>2026-04-24T10:07:04Z</time>
      </trkpt>
      <trkpt lat="30.627756" lon="104.168015">
        <time>2026-04-24T10:07:05Z</time>
      </trkpt>
      <trkpt lat="30.627747" lon="104.16805">
        <time>2026-04-24T10:07:06Z</time>
      </trkpt>
      <trkpt lat="30.627737" lon="104.16808">
        <time>2026-04-24T10:07:07Z</time>
      </trkpt>
      <trkpt lat="30.627724" lon="104.16811">
        <time>2026-04-24T10:07:08Z</time>
      </trkpt>
      <trkpt lat="30.627707" lon="104.16815">
        <time>2026-04-24T10:07:09Z</time>
      </trkpt>
      <trkpt lat="30.627686" lon="104.16819">
        <time>2026-04-24T10:07:10Z</time>
      </trkpt>
      <trkpt lat="30.627663" lon="104.16822">
        <time>2026-04-24T10:07:11Z</time>
      </trkpt>
      <trkpt lat="30.627642" lon="104.16826">
        <time>2026-04-24T10:07:12Z</time>
      </trkpt>
      <trkpt lat="30.62762" lon="104.16829">
        <time>2026-04-24T10:07:13Z</time>
      </trkpt>
      <trkpt lat="30.627596" lon="104.16831">
        <time>2026-04-24T10:07:14Z</time>
      </trkpt>
      <trkpt lat="30.627575" lon="104.16834">
        <time>2026-04-24T10:07:15Z</time>
      </trkpt>
      <trkpt lat="30.627556" lon="104.16837">
        <time>2026-04-24T10:07:16Z</time>
      </trkpt>
      <trkpt lat="30.627535" lon="104.16841">
        <time>2026-04-24T10:07:17Z</time>
      </trkpt>
      <trkpt lat="30.627518" lon="104.16845">
        <time>2026-04-24T10:07:18Z</time>
      </trkpt>
      <trkpt lat="30.6275" lon="104.16849">
        <time>2026-04-24T10:07:19Z</time>
      </trkpt>
      <trkpt lat="30.627481" lon="104.168526">
        <time>2026-04-24T10:07:20Z</time>
      </trkpt>
      <trkpt lat="30.627462" lon="104.168564">
        <time>2026-04-24T10:07:21Z</time>
      </trkpt>
      <trkpt lat="30.627443" lon="104.1686">
        <time>2026-04-24T10:07:22Z</time>
      </trkpt>
      <trkpt lat="30.627424" lon="104.16864">
        <time>2026-04-24T10:07:23Z</time>
      </trkpt>
      <trkpt lat="30.627405" lon="104.16868">
        <time>2026-04-24T10:07:24Z</time>
      </trkpt>
      <trkpt lat="30.627386" lon="104.16872">
        <time>2026-04-24T10:07:25Z</time>
      </trkpt>
      <trkpt lat="30.627365" lon="104.16876">
        <time>2026-04-24T10:07:26Z</time>
      </trkpt>
      <trkpt lat="30.627344" lon="104.1688">
        <time>2026-04-24T10:07:27Z</time>
      </trkpt>
      <trkpt lat="30.627321" lon="104.168846">
        <time>2026-04-24T10:07:28Z</time>
      </trkpt>
      <trkpt lat="30.627302" lon="104.168884">
        <time>2026-04-24T10:07:29Z</time>
      </trkpt>
      <trkpt lat="30.62728" lon="104.16893">
        <time>2026-04-24T10:07:30Z</time>
      </trkpt>
      <trkpt lat="30.627256" lon="104.168976">
        <time>2026-04-24T10:07:31Z</time>
      </trkpt>
      <trkpt lat="30.627235" lon="104.16902">
        <time>2026-04-24T10:07:32Z</time>
      </trkpt>
      <trkpt lat="30.627213" lon="104.16906">
        <time>2026-04-24T10:07:33Z</time>
      </trkpt>
      <trkpt lat="30.62719" lon="104.169106">
        <time>2026-04-24T10:07:34Z</time>
      </trkpt>
      <trkpt lat="30.627167" lon="104.16915">
        <time>2026-04-24T10:07:35Z</time>
      </trkpt>
      <trkpt lat="30.627144" lon="104.1692">
        <time>2026-04-24T10:07:36Z</time>
      </trkpt>
      <trkpt lat="30.62712" lon="104.16924">
        <time>2026-04-24T10:07:37Z</time>
      </trkpt>
      <trkpt lat="30.627096" lon="104.16929">
        <time>2026-04-24T10:07:38Z</time>
      </trkpt>
      <trkpt lat="30.627068" lon="104.169334">
        <time>2026-04-24T10:07:39Z</time>
      </trkpt>
      <trkpt lat="30.62704" lon="104.16938">
        <time>2026-04-24T10:07:40Z</time>
      </trkpt>
      <trkpt lat="30.627008" lon="104.16942">
        <time>2026-04-24T10:07:41Z</time>
      </trkpt>
      <trkpt lat="30.626976" lon="104.169464">
        <time>2026-04-24T10:07:42Z</time>
      </trkpt>
      <trkpt lat="30.626951" lon="104.16951">
        <time>2026-04-24T10:07:43Z</time>
      </trkpt>
      <trkpt lat="30.62693" lon="104.169556">
        <time>2026-04-24T10:07:44Z</time>
      </trkpt>
      <trkpt lat="30.62691" lon="104.16961">
        <time>2026-04-24T10:07:45Z</time>
      </trkpt>
      <trkpt lat="30.626892" lon="104.169655">
        <time>2026-04-24T10:07:46Z</time>
      </trkpt>
      <trkpt lat="30.626873" lon="104.16971">
        <time>2026-04-24T10:07:47Z</time>
      </trkpt>
      <trkpt lat="30.626854" lon="104.169754">
        <time>2026-04-24T10:07:48Z</time>
      </trkpt>
      <trkpt lat="30.62683" lon="104.1698">
        <time>2026-04-24T10:07:49Z</time>
      </trkpt>
      <trkpt lat="30.626804" lon="104.169846">
        <time>2026-04-24T10:07:50Z</time>
      </trkpt>
      <trkpt lat="30.62678" lon="104.16989">
        <time>2026-04-24T10:07:51Z</time>
      </trkpt>
      <trkpt lat="30.626757" lon="104.16994">
        <time>2026-04-24T10:07:52Z</time>
      </trkpt>
      <trkpt lat="30.626736" lon="104.16998">
        <time>2026-04-24T10:07:53Z</time>
      </trkpt>
      <trkpt lat="30.626709" lon="104.17003">
        <time>2026-04-24T10:07:54Z</time>
      </trkpt>
      <trkpt lat="30.62668" lon="104.170074">
        <time>2026-04-24T10:07:55Z</time>
      </trkpt>
      <trkpt lat="30.62665" lon="104.17012">
        <time>2026-04-24T10:07:56Z</time>
      </trkpt>
      <trkpt lat="30.626623" lon="104.170166">
        <time>2026-04-24T10:07:57Z</time>
      </trkpt>
      <trkpt lat="30.626596" lon="104.17021">
        <time>2026-04-24T10:07:58Z</time>
      </trkpt>
      <trkpt lat="30.626574" lon="104.17026">
        <time>2026-04-24T10:07:59Z</time>
      </trkpt>
      <trkpt lat="30.626553" lon="104.17031">
        <time>2026-04-24T10:08:00Z</time>
      </trkpt>
      <trkpt lat="30.626532" lon="104.17036">
        <time>2026-04-24T10:08:01Z</time>
      </trkpt>
      <trkpt lat="30.626509" lon="104.17041">
        <time>2026-04-24T10:08:02Z</time>
      </trkpt>
      <trkpt lat="30.626486" lon="104.170456">
        <time>2026-04-24T10:08:03Z</time>
      </trkpt>
      <trkpt lat="30.626467" lon="104.17051">
        <time>2026-04-24T10:08:04Z</time>
      </trkpt>
      <trkpt lat="30.62645" lon="104.17056">
        <time>2026-04-24T10:08:05Z</time>
      </trkpt>
      <trkpt lat="30.626434" lon="104.170616">
        <time>2026-04-24T10:08:06Z</time>
      </trkpt>
      <trkpt lat="30.62642" lon="104.17067">
        <time>2026-04-24T10:08:07Z</time>
      </trkpt>
      <trkpt lat="30.626402" lon="104.17072">
        <time>2026-04-24T10:08:08Z</time>
      </trkpt>
      <trkpt lat="30.626377" lon="104.170784">
        <time>2026-04-24T10:08:09Z</time>
      </trkpt>
      <trkpt lat="30.626352" lon="104.17084">
        <time>2026-04-24T10:08:10Z</time>
      </trkpt>
      <trkpt lat="30.626328" lon="104.1709">
        <time>2026-04-24T10:08:11Z</time>
      </trkpt>
      <trkpt lat="30.626303" lon="104.17096">
        <time>2026-04-24T10:08:12Z</time>
      </trkpt>
      <trkpt lat="30.626278" lon="104.17101">
        <time>2026-04-24T10:08:13Z</time>
      </trkpt>
      <trkpt lat="30.626257" lon="104.171074">
        <time>2026-04-24T10:08:14Z</time>
      </trkpt>
      <trkpt lat="30.626234" lon="104.171135">
        <time>2026-04-24T10:08:15Z</time>
      </trkpt>
      <trkpt lat="30.62621" lon="104.171196">
        <time>2026-04-24T10:08:16Z</time>
      </trkpt>
      <trkpt lat="30.626188" lon="104.17126">
        <time>2026-04-24T10:08:17Z</time>
      </trkpt>
      <trkpt lat="30.626167" lon="104.17132">
        <time>2026-04-24T10:08:18Z</time>
      </trkpt>
      <trkpt lat="30.626146" lon="104.17139">
        <time>2026-04-24T10:08:19Z</time>
      </trkpt>
      <trkpt lat="30.62613" lon="104.171455">
        <time>2026-04-24T10:08:20Z</time>
      </trkpt>
      <trkpt lat="30.626108" lon="104.17152">
        <time>2026-04-24T10:08:21Z</time>
      </trkpt>
      <trkpt lat="30.626087" lon="104.171585">
        <time>2026-04-24T10:08:22Z</time>
      </trkpt>
      <trkpt lat="30.626068" lon="104.171646">
        <time>2026-04-24T10:08:23Z</time>
      </trkpt>
      <trkpt lat="30.626047" lon="104.17171">
        <time>2026-04-24T10:08:24Z</time>
      </trkpt>
      <trkpt lat="30.626026" lon="104.171776">
        <time>2026-04-24T10:08:25Z</time>
      </trkpt>
      <trkpt lat="30.626009" lon="104.171844">
        <time>2026-04-24T10:08:26Z</time>
      </trkpt>
      <trkpt lat="30.625988" lon="104.17191">
        <time>2026-04-24T10:08:27Z</time>
      </trkpt>
      <trkpt lat="30.625965" lon="104.171974">
        <time>2026-04-24T10:08:28Z</time>
      </trkpt>
      <trkpt lat="30.625942" lon="104.172035">
        <time>2026-04-24T10:08:29Z</time>
      </trkpt>
      <trkpt lat="30.625921" lon="104.172104">
        <time>2026-04-24T10:08:30Z</time>
      </trkpt>
      <trkpt lat="30.625904" lon="104.17217">
        <time>2026-04-24T10:08:31Z</time>
      </trkpt>
      <trkpt lat="30.625883" lon="104.17224">
        <time>2026-04-24T10:08:32Z</time>
      </trkpt>
      <trkpt lat="30.625858" lon="104.17231">
        <time>2026-04-24T10:08:33Z</time>
      </trkpt>
      <trkpt lat="30.62583" lon="104.17238">
        <time>2026-04-24T10:08:34Z</time>
      </trkpt>
      <trkpt lat="30.625803" lon="104.17244">
        <time>2026-04-24T10:08:35Z</time>
      </trkpt>
      <trkpt lat="30.625776" lon="104.1725">
        <time>2026-04-24T10:08:36Z</time>
      </trkpt>
      <trkpt lat="30.625751" lon="104.17258">
        <time>2026-04-24T10:08:37Z</time>
      </trkpt>
      <trkpt lat="30.625727" lon="104.172646">
        <time>2026-04-24T10:08:38Z</time>
      </trkpt>
      <trkpt lat="30.625706" lon="104.17271">
        <time>2026-04-24T10:08:39Z</time>
      </trkpt>
      <trkpt lat="30.62568" lon="104.172775">
        <time>2026-04-24T10:08:40Z</time>
      </trkpt>
      <trkpt lat="30.625658" lon="104.17284">
        <time>2026-04-24T10:08:41Z</time>
      </trkpt>
      <trkpt lat="30.625635" lon="104.172905">
        <time>2026-04-24T10:08:42Z</time>
      </trkpt>
      <trkpt lat="30.625612" lon="104.17297">
        <time>2026-04-24T10:08:43Z</time>
      </trkpt>
      <trkpt lat="30.625587" lon="104.173035">
        <time>2026-04-24T10:08:44Z</time>
      </trkpt>
      <trkpt lat="30.625563" lon="104.1731">
        <time>2026-04-24T10:08:45Z</time>
      </trkpt>
      <trkpt lat="30.625538" lon="104.17317">
        <time>2026-04-24T10:08:46Z</time>
      </trkpt>
      <trkpt lat="30.625515" lon="104.17324">
        <time>2026-04-24T10:08:47Z</time>
      </trkpt>
      <trkpt lat="30.625488" lon="104.1733">
        <time>2026-04-24T10:08:48Z</time>
      </trkpt>
      <trkpt lat="30.625465" lon="104.17337">
        <time>2026-04-24T10:08:49Z</time>
      </trkpt>
      <trkpt lat="30.625443" lon="104.17344">
        <time>2026-04-24T10:08:50Z</time>
      </trkpt>
      <trkpt lat="30.625418" lon="104.17351">
        <time>2026-04-24T10:08:51Z</time>
      </trkpt>
      <trkpt lat="30.625393" lon="104.17358">
        <time>2026-04-24T10:08:52Z</time>
      </trkpt>
      <trkpt lat="30.62537" lon="104.173645">
        <time>2026-04-24T10:08:53Z</time>
      </trkpt>
      <trkpt lat="30.625347" lon="104.17371">
        <time>2026-04-24T10:08:54Z</time>
      </trkpt>
      <trkpt lat="30.625322" lon="104.173775">
        <time>2026-04-24T10:08:55Z</time>
      </trkpt>
      <trkpt lat="30.625296" lon="104.17384">
        <time>2026-04-24T10:08:56Z</time>
      </trkpt>
      <trkpt lat="30.625269" lon="104.17391">
        <time>2026-04-24T10:08:57Z</time>
      </trkpt>
      <trkpt lat="30.625227" lon="104.17404">
        <time>2026-04-24T10:08:58Z</time>
      </trkpt>
      <trkpt lat="30.625208" lon="104.17412">
        <time>2026-04-24T10:08:59Z</time>
      </trkpt>
      <trkpt lat="30.62519" lon="104.17419">
        <time>2026-04-24T10:09:00Z</time>
      </trkpt>
      <trkpt lat="30.625172" lon="104.17426">
        <time>2026-04-24T10:09:01Z</time>
      </trkpt>
      <trkpt lat="30.62514" lon="104.174324">
        <time>2026-04-24T10:09:02Z</time>
      </trkpt>
      <trkpt lat="30.625103" lon="104.174385">
        <time>2026-04-24T10:09:03Z</time>
      </trkpt>
      <trkpt lat="30.62507" lon="104.174446">
        <time>2026-04-24T10:09:04Z</time>
      </trkpt>
      <trkpt lat="30.62504" lon="104.174515">
        <time>2026-04-24T10:09:06Z</time>
      </trkpt>
      <trkpt lat="30.625011" lon="104.174576">
        <time>2026-04-24T10:09:07Z</time>
      </trkpt>
      <trkpt lat="30.624985" lon="104.174644">
        <time>2026-04-24T10:09:08Z</time>
      </trkpt>
      <trkpt lat="30.624962" lon="104.17471">
        <time>2026-04-24T10:09:09Z</time>
      </trkpt>
      <trkpt lat="30.624939" lon="104.17478">
        <time>2026-04-24T10:09:10Z</time>
      </trkpt>
      <trkpt lat="30.624912" lon="104.17485">
        <time>2026-04-24T10:09:11Z</time>
      </trkpt>
      <trkpt lat="30.624887" lon="104.17492">
        <time>2026-04-24T10:09:12Z</time>
      </trkpt>
      <trkpt lat="30.624863" lon="104.17499">
        <time>2026-04-24T10:09:13Z</time>
      </trkpt>
      <trkpt lat="30.624844" lon="104.17506">
        <time>2026-04-24T10:09:14Z</time>
      </trkpt>
      <trkpt lat="30.624825" lon="104.175125">
        <time>2026-04-24T10:09:15Z</time>
      </trkpt>
      <trkpt lat="30.624802" lon="104.17519">
        <time>2026-04-24T10:09:16Z</time>
      </trkpt>
      <trkpt lat="30.62478" lon="104.17526">
        <time>2026-04-24T10:09:17Z</time>
      </trkpt>
      <trkpt lat="30.624758" lon="104.17533">
        <time>2026-04-24T10:09:18Z</time>
      </trkpt>
      <trkpt lat="30.62473" lon="104.17539">
        <time>2026-04-24T10:09:19Z</time>
      </trkpt>
      <trkpt lat="30.624702" lon="104.17546">
        <time>2026-04-24T10:09:20Z</time>
      </trkpt>
      <trkpt lat="30.624676" lon="104.17553">
        <time>2026-04-24T10:09:21Z</time>
      </trkpt>
      <trkpt lat="30.62465" lon="104.17559">
        <time>2026-04-24T10:09:22Z</time>
      </trkpt>
      <trkpt lat="30.624624" lon="104.17567">
        <time>2026-04-24T10:09:23Z</time>
      </trkpt>
      <trkpt lat="30.6246" lon="104.175735">
        <time>2026-04-24T10:09:24Z</time>
      </trkpt>
      <trkpt lat="30.624575" lon="104.17581">
        <time>2026-04-24T10:09:25Z</time>
      </trkpt>
      <trkpt lat="30.624546" lon="104.17589">
        <time>2026-04-24T10:09:26Z</time>
      </trkpt>
      <trkpt lat="30.62452" lon="104.17596">
        <time>2026-04-24T10:09:27Z</time>
      </trkpt>
      <trkpt lat="30.624493" lon="104.176025">
        <time>2026-04-24T10:09:28Z</time>
      </trkpt>
      <trkpt lat="30.624466" lon="104.17609">
        <time>2026-04-24T10:09:29Z</time>
      </trkpt>
      <trkpt lat="30.62444" lon="104.176155">
        <time>2026-04-24T10:09:30Z</time>
      </trkpt>
      <trkpt lat="30.624413" lon="104.17623">
        <time>2026-04-24T10:09:31Z</time>
      </trkpt>
      <trkpt lat="30.62438" lon="104.17631">
        <time>2026-04-24T10:09:32Z</time>
      </trkpt>
      <trkpt lat="30.62435" lon="104.176384">
        <time>2026-04-24T10:09:33Z</time>
      </trkpt>
      <trkpt lat="30.624323" lon="104.17646">
        <time>2026-04-24T10:09:34Z</time>
      </trkpt>
      <trkpt lat="30.624298" lon="104.17654">
        <time>2026-04-24T10:09:35Z</time>
      </trkpt>
      <trkpt lat="30.624271" lon="104.17661">
        <time>2026-04-24T10:09:36Z</time>
      </trkpt>
      <trkpt lat="30.62425" lon="104.17669">
        <time>2026-04-24T10:09:37Z</time>
      </trkpt>
      <trkpt lat="30.624228" lon="104.17677">
        <time>2026-04-24T10:09:38Z</time>
      </trkpt>
      <trkpt lat="30.62421" lon="104.17685">
        <time>2026-04-24T10:09:39Z</time>
      </trkpt>
      <trkpt lat="30.624191" lon="104.176926">
        <time>2026-04-24T10:09:40Z</time>
      </trkpt>
      <trkpt lat="30.624166" lon="104.177">
        <time>2026-04-24T10:09:41Z</time>
      </trkpt>
      <trkpt lat="30.624144" lon="104.17707">
        <time>2026-04-24T10:09:42Z</time>
      </trkpt>
      <trkpt lat="30.62412" lon="104.17713">
        <time>2026-04-24T10:09:43Z</time>
      </trkpt>
      <trkpt lat="30.624096" lon="104.17721">
        <time>2026-04-24T10:09:44Z</time>
      </trkpt>
      <trkpt lat="30.62407" lon="104.177284">
        <time>2026-04-24T10:09:45Z</time>
      </trkpt>
      <trkpt lat="30.624039" lon="104.17736">
        <time>2026-04-24T10:09:46Z</time>
      </trkpt>
      <trkpt lat="30.624012" lon="104.17744">
        <time>2026-04-24T10:09:47Z</time>
      </trkpt>
      <trkpt lat="30.623987" lon="104.17752">
        <time>2026-04-24T10:09:48Z</time>
      </trkpt>
      <trkpt lat="30.623968" lon="104.177605">
        <time>2026-04-24T10:09:49Z</time>
      </trkpt>
      <trkpt lat="30.623953" lon="104.17767">
        <time>2026-04-24T10:09:50Z</time>
      </trkpt>
      <trkpt lat="30.623928" lon="104.17776">
        <time>2026-04-24T10:09:51Z</time>
      </trkpt>
      <trkpt lat="30.623903" lon="104.17783">
        <time>2026-04-24T10:09:52Z</time>
      </trkpt>
      <trkpt lat="30.623877" lon="104.17791">
        <time>2026-04-24T10:09:53Z</time>
      </trkpt>
      <trkpt lat="30.623844" lon="104.17799">
        <time>2026-04-24T10:09:54Z</time>
      </trkpt>
      <trkpt lat="30.62382" lon="104.17807">
        <time>2026-04-24T10:09:55Z</time>
      </trkpt>
      <trkpt lat="30.623796" lon="104.17815">
        <time>2026-04-24T10:09:56Z</time>
      </trkpt>
      <trkpt lat="30.623777" lon="104.17823">
        <time>2026-04-24T10:09:57Z</time>
      </trkpt>
      <trkpt lat="30.623756" lon="104.1783">
        <time>2026-04-24T10:09:58Z</time>
      </trkpt>
      <trkpt lat="30.623735" lon="104.17836">
        <time>2026-04-24T10:09:59Z</time>
      </trkpt>
      <trkpt lat="30.623714" lon="104.17842">
        <time>2026-04-24T10:10:00Z</time>
      </trkpt>
      <trkpt lat="30.623692" lon="104.17848">
        <time>2026-04-24T10:10:01Z</time>
      </trkpt>
      <trkpt lat="30.62366" lon="104.17856">
        <time>2026-04-24T10:10:02Z</time>
      </trkpt>
      <trkpt lat="30.623632" lon="104.178635">
        <time>2026-04-24T10:10:03Z</time>
      </trkpt>
      <trkpt lat="30.623606" lon="104.17871">
        <time>2026-04-24T10:10:04Z</time>
      </trkpt>
      <trkpt lat="30.623583" lon="104.17877">
        <time>2026-04-24T10:10:05Z</time>
      </trkpt>
      <trkpt lat="30.62356" lon="104.17884">
        <time>2026-04-24T10:10:06Z</time>
      </trkpt>
      <trkpt lat="30.623533" lon="104.178894">
        <time>2026-04-24T10:10:07Z</time>
      </trkpt>
      <trkpt lat="30.623507" lon="104.178955">
        <time>2026-04-24T10:10:08Z</time>
      </trkpt>
      <trkpt lat="30.623476" lon="104.17902">
        <time>2026-04-24T10:10:09Z</time>
      </trkpt>
      <trkpt lat="30.623447" lon="104.1791">
        <time>2026-04-24T10:10:10Z</time>
      </trkpt>
      <trkpt lat="30.623415" lon="104.17917">
        <time>2026-04-24T10:10:11Z</time>
      </trkpt>
      <trkpt lat="30.623396" lon="104.17923">
        <time>2026-04-24T10:10:12Z</time>
      </trkpt>
      <trkpt lat="30.62337" lon="104.17928">
        <time>2026-04-24T10:10:13Z</time>
      </trkpt>
      <trkpt lat="30.623335" lon="104.17937">
        <time>2026-04-24T10:10:14Z</time>
      </trkpt>
      <trkpt lat="30.623318" lon="104.17941">
        <time>2026-04-24T10:10:15Z</time>
      </trkpt>
      <trkpt lat="30.623302" lon="104.17947">
        <time>2026-04-24T10:10:16Z</time>
      </trkpt>
      <trkpt lat="30.623276" lon="104.17954">
        <time>2026-04-24T10:10:17Z</time>
      </trkpt>
      <trkpt lat="30.62325" lon="104.17961">
        <time>2026-04-24T10:10:18Z</time>
      </trkpt>
      <trkpt lat="30.623215" lon="104.17969">
        <time>2026-04-24T10:10:19Z</time>
      </trkpt>
      <trkpt lat="30.623198" lon="104.17975">
        <time>2026-04-24T10:10:20Z</time>
      </trkpt>
      <trkpt lat="30.62319" lon="104.1798">
        <time>2026-04-24T10:10:21Z</time>
      </trkpt>
      <trkpt lat="30.623188" lon="104.179855">
        <time>2026-04-24T10:10:22Z</time>
      </trkpt>
      <trkpt lat="30.623188" lon="104.17992">
        <time>2026-04-24T10:10:23Z</time>
      </trkpt>
      <trkpt lat="30.623182" lon="104.17997">
        <time>2026-04-24T10:10:24Z</time>
      </trkpt>
      <trkpt lat="30.623169" lon="104.18004">
        <time>2026-04-24T10:10:25Z</time>
      </trkpt>
      <trkpt lat="30.623148" lon="104.18011">
        <time>2026-04-24T10:10:26Z</time>
      </trkpt>
      <trkpt lat="30.623098" lon="104.18017">
        <time>2026-04-24T10:10:27Z</time>
      </trkpt>
      <trkpt lat="30.623037" lon="104.18024">
        <time>2026-04-24T10:10:28Z</time>
      </trkpt>
      <trkpt lat="30.623003" lon="104.18028">
        <time>2026-04-24T10:10:29Z</time>
      </trkpt>
      <trkpt lat="30.62298" lon="104.18033">
        <time>2026-04-24T10:10:30Z</time>
      </trkpt>
      <trkpt lat="30.62295" lon="104.18038">
        <time>2026-04-24T10:10:31Z</time>
      </trkpt>
      <trkpt lat="30.622923" lon="104.180435">
        <time>2026-04-24T10:10:32Z</time>
      </trkpt>
      <trkpt lat="30.622902" lon="104.18048">
        <time>2026-04-24T10:10:33Z</time>
      </trkpt>
      <trkpt lat="30.622885" lon="104.180534">
        <time>2026-04-24T10:10:34Z</time>
      </trkpt>
      <trkpt lat="30.622868" lon="104.18059">
        <time>2026-04-24T10:10:35Z</time>
      </trkpt>
      <trkpt lat="30.622854" lon="104.18064">
        <time>2026-04-24T10:10:36Z</time>
      </trkpt>
      <trkpt lat="30.62284" lon="104.180695">
        <time>2026-04-24T10:10:37Z</time>
      </trkpt>
      <trkpt lat="30.622824" lon="104.18074">
        <time>2026-04-24T10:10:38Z</time>
      </trkpt>
      <trkpt lat="30.622807" lon="104.18079">
        <time>2026-04-24T10:10:39Z</time>
      </trkpt>
      <trkpt lat="30.622787" lon="104.18084">
        <time>2026-04-24T10:10:40Z</time>
      </trkpt>
      <trkpt lat="30.622768" lon="104.180885">
        <time>2026-04-24T10:10:41Z</time>
      </trkpt>
      <trkpt lat="30.622755" lon="104.18093">
        <time>2026-04-24T10:10:42Z</time>
      </trkpt>
      <trkpt lat="30.622738" lon="104.18098">
        <time>2026-04-24T10:10:43Z</time>
      </trkpt>
      <trkpt lat="30.62272" lon="104.18102">
        <time>2026-04-24T10:10:44Z</time>
      </trkpt>
      <trkpt lat="30.622707" lon="104.18107">
        <time>2026-04-24T10:10:45Z</time>
      </trkpt>
      <trkpt lat="30.62269" lon="104.181114">
        <time>2026-04-24T10:10:46Z</time>
      </trkpt>
      <trkpt lat="30.622673" lon="104.18116">
        <time>2026-04-24T10:10:47Z</time>
      </trkpt>
      <trkpt lat="30.622656" lon="104.18121">
        <time>2026-04-24T10:10:48Z</time>
      </trkpt>
      <trkpt lat="30.622623" lon="104.181305">
        <time>2026-04-24T10:10:49Z</time>
      </trkpt>
      <trkpt lat="30.622606" lon="104.18135">
        <time>2026-04-24T10:10:50Z</time>
      </trkpt>
      <trkpt lat="30.622591" lon="104.1814">
        <time>2026-04-24T10:10:51Z</time>
      </trkpt>
      <trkpt lat="30.622576" lon="104.18145">
        <time>2026-04-24T10:10:52Z</time>
      </trkpt>
      <trkpt lat="30.622555" lon="104.18149">
        <time>2026-04-24T10:10:53Z</time>
      </trkpt>
      <trkpt lat="30.622534" lon="104.18153">
        <time>2026-04-24T10:10:54Z</time>
      </trkpt>
      <trkpt lat="30.622519" lon="104.18158">
        <time>2026-04-24T10:10:55Z</time>
      </trkpt>
      <trkpt lat="30.622503" lon="104.181625">
        <time>2026-04-24T10:10:56Z</time>
      </trkpt>
      <trkpt lat="30.622488" lon="104.18167">
        <time>2026-04-24T10:10:58Z</time>
      </trkpt>
      <trkpt lat="30.62247" lon="104.18172">
        <time>2026-04-24T10:10:59Z</time>
      </trkpt>
      <trkpt lat="30.622458" lon="104.18176">
        <time>2026-04-24T10:11:00Z</time>
      </trkpt>
      <trkpt lat="30.62244" lon="104.18181">
        <time>2026-04-24T10:11:01Z</time>
      </trkpt>
      <trkpt lat="30.622421" lon="104.18185">
        <time>2026-04-24T10:11:02Z</time>
      </trkpt>
      <trkpt lat="30.622408" lon="104.18189">
        <time>2026-04-24T10:11:03Z</time>
      </trkpt>
      <trkpt lat="30.62239" lon="104.18194">
        <time>2026-04-24T10:11:04Z</time>
      </trkpt>
      <trkpt lat="30.622377" lon="104.18199">
        <time>2026-04-24T10:11:05Z</time>
      </trkpt>
      <trkpt lat="30.622362" lon="104.18204">
        <time>2026-04-24T10:11:06Z</time>
      </trkpt>
      <trkpt lat="30.622343" lon="104.18208">
        <time>2026-04-24T10:11:07Z</time>
      </trkpt>
      <trkpt lat="30.622326" lon="104.18213">
        <time>2026-04-24T10:11:08Z</time>
      </trkpt>
      <trkpt lat="30.622313" lon="104.182175">
        <time>2026-04-24T10:11:09Z</time>
      </trkpt>
      <trkpt lat="30.6223" lon="104.18223">
        <time>2026-04-24T10:11:10Z</time>
      </trkpt>
      <trkpt lat="30.622288" lon="104.182274">
        <time>2026-04-24T10:11:11Z</time>
      </trkpt>
      <trkpt lat="30.622276" lon="104.18233">
        <time>2026-04-24T10:11:12Z</time>
      </trkpt>
      <trkpt lat="30.622263" lon="104.18238">
        <time>2026-04-24T10:11:13Z</time>
      </trkpt>
      <trkpt lat="30.62225" lon="104.182434">
        <time>2026-04-24T10:11:14Z</time>
      </trkpt>
      <trkpt lat="30.622232" lon="104.18249">
        <time>2026-04-24T10:11:15Z</time>
      </trkpt>
      <trkpt lat="30.62222" lon="104.18254">
        <time>2026-04-24T10:11:16Z</time>
      </trkpt>
      <trkpt lat="30.622208" lon="104.1826">
        <time>2026-04-24T10:11:17Z</time>
      </trkpt>
      <trkpt lat="30.622194" lon="104.182655">
        <time>2026-04-24T10:11:18Z</time>
      </trkpt>
      <trkpt lat="30.622179" lon="104.18272">
        <time>2026-04-24T10:11:19Z</time>
      </trkpt>
      <trkpt lat="30.622164" lon="104.18277">
        <time>2026-04-24T10:11:20Z</time>
      </trkpt>
      <trkpt lat="30.622149" lon="104.18284">
        <time>2026-04-24T10:11:21Z</time>
      </trkpt>
      <trkpt lat="30.622131" lon="104.18289">
        <time>2026-04-24T10:11:22Z</time>
      </trkpt>
      <trkpt lat="30.622116" lon="104.18295">
        <time>2026-04-24T10:11:23Z</time>
      </trkpt>
      <trkpt lat="30.6221" lon="104.18302">
        <time>2026-04-24T10:11:24Z</time>
      </trkpt>
      <trkpt lat="30.622086" lon="104.18308">
        <time>2026-04-24T10:11:25Z</time>
      </trkpt>
      <trkpt lat="30.622068" lon="104.18314">
        <time>2026-04-24T10:11:26Z</time>
      </trkpt>
      <trkpt lat="30.62205" lon="104.183205">
        <time>2026-04-24T10:11:27Z</time>
      </trkpt>
      <trkpt lat="30.622034" lon="104.18327">
        <time>2026-04-24T10:11:28Z</time>
      </trkpt>
      <trkpt lat="30.62202" lon="104.18334">
        <time>2026-04-24T10:11:29Z</time>
      </trkpt>
      <trkpt lat="30.622004" lon="104.1834">
        <time>2026-04-24T10:11:30Z</time>
      </trkpt>
      <trkpt lat="30.621984" lon="104.18347">
        <time>2026-04-24T10:11:31Z</time>
      </trkpt>
      <trkpt lat="30.621967" lon="104.18354">
        <time>2026-04-24T10:11:32Z</time>
      </trkpt>
      <trkpt lat="30.62195" lon="104.18361">
        <time>2026-04-24T10:11:33Z</time>
      </trkpt>
      <trkpt lat="30.621933" lon="104.18367">
        <time>2026-04-24T10:11:34Z</time>
      </trkpt>
      <trkpt lat="30.621916" lon="104.18374">
        <time>2026-04-24T10:11:35Z</time>
      </trkpt>
      <trkpt lat="30.621897" lon="104.1838">
        <time>2026-04-24T10:11:36Z</time>
      </trkpt>
      <trkpt lat="30.62188" lon="104.18387">
        <time>2026-04-24T10:11:37Z</time>
      </trkpt>
      <trkpt lat="30.621862" lon="104.18394">
        <time>2026-04-24T10:11:38Z</time>
      </trkpt>
      <trkpt lat="30.621845" lon="104.18401">
        <time>2026-04-24T10:11:39Z</time>
      </trkpt>
      <trkpt lat="30.621824" lon="104.18408">
        <time>2026-04-24T10:11:40Z</time>
      </trkpt>
      <trkpt lat="30.621803" lon="104.18416">
        <time>2026-04-24T10:11:41Z</time>
      </trkpt>
      <trkpt lat="30.621788" lon="104.184235">
        <time>2026-04-24T10:11:42Z</time>
      </trkpt>
      <trkpt lat="30.62177" lon="104.18431">
        <time>2026-04-24T10:11:43Z</time>
      </trkpt>
      <trkpt lat="30.62175" lon="104.18439">
        <time>2026-04-24T10:11:44Z</time>
      </trkpt>
      <trkpt lat="30.621733" lon="104.18446">
        <time>2026-04-24T10:11:45Z</time>
      </trkpt>
      <trkpt lat="30.621716" lon="104.18454">
        <time>2026-04-24T10:11:46Z</time>
      </trkpt>
      <trkpt lat="30.6217" lon="104.184616">
        <time>2026-04-24T10:11:47Z</time>
      </trkpt>
      <trkpt lat="30.621685" lon="104.18469">
        <time>2026-04-24T10:11:48Z</time>
      </trkpt>
      <trkpt lat="30.621666" lon="104.18476">
        <time>2026-04-24T10:11:49Z</time>
      </trkpt>
      <trkpt lat="30.621649" lon="104.18484">
        <time>2026-04-24T10:11:50Z</time>
      </trkpt>
      <trkpt lat="30.621634" lon="104.18491">
        <time>2026-04-24T10:11:51Z</time>
      </trkpt>
      <trkpt lat="30.621613" lon="104.18498">
        <time>2026-04-24T10:11:52Z</time>
      </trkpt>
      <trkpt lat="30.62159" lon="104.18505">
        <time>2026-04-24T10:11:53Z</time>
      </trkpt>
      <trkpt lat="30.621572" lon="104.18512">
        <time>2026-04-24T10:11:54Z</time>
      </trkpt>
      <trkpt lat="30.621557" lon="104.185196">
        <time>2026-04-24T10:11:55Z</time>
      </trkpt>
      <trkpt lat="30.621546" lon="104.185265">
        <time>2026-04-24T10:11:56Z</time>
      </trkpt>
      <trkpt lat="30.621532" lon="104.18534">
        <time>2026-04-24T10:11:57Z</time>
      </trkpt>
      <trkpt lat="30.621525" lon="104.18541">
        <time>2026-04-24T10:11:58Z</time>
      </trkpt>
      <trkpt lat="30.621511" lon="104.18548">
        <time>2026-04-24T10:11:59Z</time>
      </trkpt>
      <trkpt lat="30.621496" lon="104.18555">
        <time>2026-04-24T10:12:00Z</time>
      </trkpt>
      <trkpt lat="30.62148" lon="104.18562">
        <time>2026-04-24T10:12:01Z</time>
      </trkpt>
      <trkpt lat="30.62146" lon="104.18569">
        <time>2026-04-24T10:12:02Z</time>
      </trkpt>
      <trkpt lat="30.62144" lon="104.18577">
        <time>2026-04-24T10:12:03Z</time>
      </trkpt>
      <trkpt lat="30.621424" lon="104.18584">
        <time>2026-04-24T10:12:04Z</time>
      </trkpt>
      <trkpt lat="30.621408" lon="104.18591">
        <time>2026-04-24T10:12:05Z</time>
      </trkpt>
      <trkpt lat="30.621374" lon="104.18606">
        <time>2026-04-24T10:12:06Z</time>
      </trkpt>
      <trkpt lat="30.621357" lon="104.186134">
        <time>2026-04-24T10:12:07Z</time>
      </trkpt>
      <trkpt lat="30.621342" lon="104.1862">
        <time>2026-04-24T10:12:08Z</time>
      </trkpt>
      <trkpt lat="30.621315" lon="104.186356">
        <time>2026-04-24T10:12:10Z</time>
      </trkpt>
      <trkpt lat="30.6213" lon="104.18643">
        <time>2026-04-24T10:12:11Z</time>
      </trkpt>
      <trkpt lat="30.621286" lon="104.18651">
        <time>2026-04-24T10:12:13Z</time>
      </trkpt>
      <trkpt lat="30.621273" lon="104.186584">
        <time>2026-04-24T10:12:14Z</time>
      </trkpt>
      <trkpt lat="30.621258" lon="104.18666">
        <time>2026-04-24T10:12:15Z</time>
      </trkpt>
      <trkpt lat="30.621244" lon="104.18674">
        <time>2026-04-24T10:12:16Z</time>
      </trkpt>
      <trkpt lat="30.621231" lon="104.18681">
        <time>2026-04-24T10:12:17Z</time>
      </trkpt>
      <trkpt lat="30.621218" lon="104.18689">
        <time>2026-04-24T10:12:18Z</time>
      </trkpt>
      <trkpt lat="30.621204" lon="104.186966">
        <time>2026-04-24T10:12:19Z</time>
      </trkpt>
      <trkpt lat="30.62119" lon="104.18704">
        <time>2026-04-24T10:12:20Z</time>
      </trkpt>
      <trkpt lat="30.621176" lon="104.18712">
        <time>2026-04-24T10:12:21Z</time>
      </trkpt>
      <trkpt lat="30.621162" lon="104.18719">
        <time>2026-04-24T10:12:22Z</time>
      </trkpt>
      <trkpt lat="30.621151" lon="104.18726">
        <time>2026-04-24T10:12:23Z</time>
      </trkpt>
      <trkpt lat="30.621138" lon="104.18734">
        <time>2026-04-24T10:12:24Z</time>
      </trkpt>
      <trkpt lat="30.621124" lon="104.18741">
        <time>2026-04-24T10:12:25Z</time>
      </trkpt>
      <trkpt lat="30.62111" lon="104.187485">
        <time>2026-04-24T10:12:26Z</time>
      </trkpt>
      <trkpt lat="30.621098" lon="104.18755">
        <time>2026-04-24T10:12:27Z</time>
      </trkpt>
      <trkpt lat="30.621084" lon="104.18763">
        <time>2026-04-24T10:12:28Z</time>
      </trkpt>
      <trkpt lat="30.62107" lon="104.1877">
        <time>2026-04-24T10:12:29Z</time>
      </trkpt>
      <trkpt lat="30.621058" lon="104.187775">
        <time>2026-04-24T10:12:30Z</time>
      </trkpt>
      <trkpt lat="30.621044" lon="104.18784">
        <time>2026-04-24T10:12:31Z</time>
      </trkpt>
      <trkpt lat="30.62103" lon="104.18791">
        <time>2026-04-24T10:12:32Z</time>
      </trkpt>
      <trkpt lat="30.621017" lon="104.18798">
        <time>2026-04-24T10:12:33Z</time>
      </trkpt>
      <trkpt lat="30.621006" lon="104.18806">
        <time>2026-04-24T10:12:34Z</time>
      </trkpt>
      <trkpt lat="30.620995" lon="104.188126">
        <time>2026-04-24T10:12:35Z</time>
      </trkpt>
      <trkpt lat="30.620981" lon="104.188194">
        <time>2026-04-24T10:12:36Z</time>
      </trkpt>
      <trkpt lat="30.62097" lon="104.188255">
        <time>2026-04-24T10:12:37Z</time>
      </trkpt>
      <trkpt lat="30.620956" lon="104.188324">
        <time>2026-04-24T10:12:38Z</time>
      </trkpt>
      <trkpt lat="30.620943" lon="104.18839">
        <time>2026-04-24T10:12:39Z</time>
      </trkpt>
      <trkpt lat="30.620935" lon="104.18846">
        <time>2026-04-24T10:12:40Z</time>
      </trkpt>
      <trkpt lat="30.620926" lon="104.18853">
        <time>2026-04-24T10:12:41Z</time>
      </trkpt>
      <trkpt lat="30.620913" lon="104.18859">
        <time>2026-04-24T10:12:42Z</time>
      </trkpt>
      <trkpt lat="30.6209" lon="104.18866">
        <time>2026-04-24T10:12:43Z</time>
      </trkpt>
      <trkpt lat="30.620886" lon="104.18873">
        <time>2026-04-24T10:12:44Z</time>
      </trkpt>
      <trkpt lat="30.620874" lon="104.18879">
        <time>2026-04-24T10:12:45Z</time>
      </trkpt>
      <trkpt lat="30.620863" lon="104.18886">
        <time>2026-04-24T10:12:46Z</time>
      </trkpt>
      <trkpt lat="30.620853" lon="104.18893">
        <time>2026-04-24T10:12:47Z</time>
      </trkpt>
      <trkpt lat="30.620842" lon="104.18899">
        <time>2026-04-24T10:12:48Z</time>
      </trkpt>
      <trkpt lat="30.62083" lon="104.18905">
        <time>2026-04-24T10:12:49Z</time>
      </trkpt>
      <trkpt lat="30.62082" lon="104.18912">
        <time>2026-04-24T10:12:50Z</time>
      </trkpt>
      <trkpt lat="30.620804" lon="104.18918">
        <time>2026-04-24T10:12:51Z</time>
      </trkpt>
      <trkpt lat="30.620792" lon="104.18925">
        <time>2026-04-24T10:12:52Z</time>
      </trkpt>
      <trkpt lat="30.620779" lon="104.18931">
        <time>2026-04-24T10:12:53Z</time>
      </trkpt>
      <trkpt lat="30.620766" lon="104.18937">
        <time>2026-04-24T10:12:54Z</time>
      </trkpt>
      <trkpt lat="30.620754" lon="104.18944">
        <time>2026-04-24T10:12:55Z</time>
      </trkpt>
      <trkpt lat="30.62074" lon="104.1895">
        <time>2026-04-24T10:12:56Z</time>
      </trkpt>
      <trkpt lat="30.620731" lon="104.18956">
        <time>2026-04-24T10:12:57Z</time>
      </trkpt>
      <trkpt lat="30.62072" lon="104.18963">
        <time>2026-04-24T10:12:58Z</time>
      </trkpt>
      <trkpt lat="30.620708" lon="104.18969">
        <time>2026-04-24T10:12:59Z</time>
      </trkpt>
      <trkpt lat="30.620695" lon="104.18975">
        <time>2026-04-24T10:13:00Z</time>
      </trkpt>
      <trkpt lat="30.620682" lon="104.18981">
        <time>2026-04-24T10:13:01Z</time>
      </trkpt>
      <trkpt lat="30.62067" lon="104.189865">
        <time>2026-04-24T10:13:02Z</time>
      </trkpt>
      <trkpt lat="30.62066" lon="104.189926">
        <time>2026-04-24T10:13:03Z</time>
      </trkpt>
      <trkpt lat="30.620647" lon="104.18998">
        <time>2026-04-24T10:13:04Z</time>
      </trkpt>
      <trkpt lat="30.620634" lon="104.19003">
        <time>2026-04-24T10:13:05Z</time>
      </trkpt>
      <trkpt lat="30.620623" lon="104.190094">
        <time>2026-04-24T10:13:06Z</time>
      </trkpt>
      <trkpt lat="30.620613" lon="104.19015">
        <time>2026-04-24T10:13:07Z</time>
      </trkpt>
      <trkpt lat="30.620602" lon="104.1902">
        <time>2026-04-24T10:13:08Z</time>
      </trkpt>
      <trkpt lat="30.620592" lon="104.19026">
        <time>2026-04-24T10:13:09Z</time>
      </trkpt>
      <trkpt lat="30.62058" lon="104.190315">
        <time>2026-04-24T10:13:10Z</time>
      </trkpt>
      <trkpt lat="30.62057" lon="104.19037">
        <time>2026-04-24T10:13:11Z</time>
      </trkpt>
      <trkpt lat="30.620558" lon="104.19043">
        <time>2026-04-24T10:13:12Z</time>
      </trkpt>
      <trkpt lat="30.620546" lon="104.19048">
        <time>2026-04-24T10:13:13Z</time>
      </trkpt>
      <trkpt lat="30.620533" lon="104.19054">
        <time>2026-04-24T10:13:14Z</time>
      </trkpt>
      <trkpt lat="30.620522" lon="104.19059">
        <time>2026-04-24T10:13:15Z</time>
      </trkpt>
      <trkpt lat="30.62051" lon="104.19064">
        <time>2026-04-24T10:13:16Z</time>
      </trkpt>
      <trkpt lat="30.620499" lon="104.1907">
        <time>2026-04-24T10:13:17Z</time>
      </trkpt>
      <trkpt lat="30.620487" lon="104.19075">
        <time>2026-04-24T10:13:18Z</time>
      </trkpt>
      <trkpt lat="30.620478" lon="104.1908">
        <time>2026-04-24T10:13:19Z</time>
      </trkpt>
      <trkpt lat="30.620464" lon="104.19086">
        <time>2026-04-24T10:13:20Z</time>
      </trkpt>
      <trkpt lat="30.620453" lon="104.19091">
        <time>2026-04-24T10:13:21Z</time>
      </trkpt>
      <trkpt lat="30.620443" lon="104.19096">
        <time>2026-04-24T10:13:22Z</time>
      </trkpt>
      <trkpt lat="30.620436" lon="104.19102">
        <time>2026-04-24T10:13:23Z</time>
      </trkpt>
      <trkpt lat="30.620424" lon="104.19108">
        <time>2026-04-24T10:13:24Z</time>
      </trkpt>
      <trkpt lat="30.62041" lon="104.19113">
        <time>2026-04-24T10:13:25Z</time>
      </trkpt>
      <trkpt lat="30.6204" lon="104.191185">
        <time>2026-04-24T10:13:26Z</time>
      </trkpt>
      <trkpt lat="30.620388" lon="104.191246">
        <time>2026-04-24T10:13:27Z</time>
      </trkpt>
      <trkpt lat="30.620377" lon="104.1913">
        <time>2026-04-24T10:13:28Z</time>
      </trkpt>
      <trkpt lat="30.620369" lon="104.19135">
        <time>2026-04-24T10:13:29Z</time>
      </trkpt>
      <trkpt lat="30.620358" lon="104.19141">
        <time>2026-04-24T10:13:30Z</time>
      </trkpt>
      <trkpt lat="30.620348" lon="104.19146">
        <time>2026-04-24T10:13:31Z</time>
      </trkpt>
      <trkpt lat="30.620338" lon="104.19151">
        <time>2026-04-24T10:13:32Z</time>
      </trkpt>
      <trkpt lat="30.620325" lon="104.191574">
        <time>2026-04-24T10:13:33Z</time>
      </trkpt>
      <trkpt lat="30.620312" lon="104.19163">
        <time>2026-04-24T10:13:34Z</time>
      </trkpt>
      <trkpt lat="30.6203" lon="104.19168">
        <time>2026-04-24T10:13:35Z</time>
      </trkpt>
      <trkpt lat="30.620289" lon="104.19174">
        <time>2026-04-24T10:13:36Z</time>
      </trkpt>
      <trkpt lat="30.620275" lon="104.191795">
        <time>2026-04-24T10:13:37Z</time>
      </trkpt>
      <trkpt lat="30.620264" lon="104.19186">
        <time>2026-04-24T10:13:38Z</time>
      </trkpt>
      <trkpt lat="30.62025" lon="104.19191">
        <time>2026-04-24T10:13:39Z</time>
      </trkpt>
      <trkpt lat="30.62024" lon="104.19197">
        <time>2026-04-24T10:13:40Z</time>
      </trkpt>
      <trkpt lat="30.620226" lon="104.19203">
        <time>2026-04-24T10:13:41Z</time>
      </trkpt>
      <trkpt lat="30.620213" lon="104.192085">
        <time>2026-04-24T10:13:42Z</time>
      </trkpt>
      <trkpt lat="30.6202" lon="104.19215">
        <time>2026-04-24T10:13:43Z</time>
      </trkpt>
      <trkpt lat="30.620186" lon="104.19221">
        <time>2026-04-24T10:13:44Z</time>
      </trkpt>
      <trkpt lat="30.620173" lon="104.19227">
        <time>2026-04-24T10:13:45Z</time>
      </trkpt>
      <trkpt lat="30.620163" lon="104.19233">
        <time>2026-04-24T10:13:46Z</time>
      </trkpt>
      <trkpt lat="30.620152" lon="104.19239">
        <time>2026-04-24T10:13:47Z</time>
      </trkpt>
      <trkpt lat="30.620138" lon="104.19245">
        <time>2026-04-24T10:13:48Z</time>
      </trkpt>
      <trkpt lat="30.620123" lon="104.192505">
        <time>2026-04-24T10:13:49Z</time>
      </trkpt>
      <trkpt lat="30.62011" lon="104.192566">
        <time>2026-04-24T10:13:50Z</time>
      </trkpt>
      <trkpt lat="30.620096" lon="104.19263">
        <time>2026-04-24T10:13:51Z</time>
      </trkpt>
      <trkpt lat="30.62008" lon="104.19269">
        <time>2026-04-24T10:13:52Z</time>
      </trkpt>
      <trkpt lat="30.620068" lon="104.19276">
        <time>2026-04-24T10:13:53Z</time>
      </trkpt>
      <trkpt lat="30.620052" lon="104.19282">
        <time>2026-04-24T10:13:54Z</time>
      </trkpt>
      <trkpt lat="30.620035" lon="104.19288">
        <time>2026-04-24T10:13:55Z</time>
      </trkpt>
      <trkpt lat="30.62002" lon="104.19295">
        <time>2026-04-24T10:13:56Z</time>
      </trkpt>
      <trkpt lat="30.620003" lon="104.193016">
        <time>2026-04-24T10:13:57Z</time>
      </trkpt>
      <trkpt lat="30.619986" lon="104.193085">
        <time>2026-04-24T10:13:58Z</time>
      </trkpt>
      <trkpt lat="30.619967" lon="104.19315">
        <time>2026-04-24T10:13:59Z</time>
      </trkpt>
      <trkpt lat="30.619946" lon="104.19322">
        <time>2026-04-24T10:14:00Z</time>
      </trkpt>
      <trkpt lat="30.619925" lon="104.19328">
        <time>2026-04-24T10:14:01Z</time>
      </trkpt>
      <trkpt lat="30.619886" lon="104.19342">
        <time>2026-04-24T10:14:02Z</time>
      </trkpt>
      <trkpt lat="30.61987" lon="104.19349">
        <time>2026-04-24T10:14:03Z</time>
      </trkpt>
      <trkpt lat="30.619843" lon="104.19355">
        <time>2026-04-24T10:14:04Z</time>
      </trkpt>
      <trkpt lat="30.619818" lon="104.19361">
        <time>2026-04-24T10:14:05Z</time>
      </trkpt>
      <trkpt lat="30.619791" lon="104.19368">
        <time>2026-04-24T10:14:06Z</time>
      </trkpt>
      <trkpt lat="30.619764" lon="104.19374">
        <time>2026-04-24T10:14:07Z</time>
      </trkpt>
      <trkpt lat="30.619738" lon="104.1938">
        <time>2026-04-24T10:14:08Z</time>
      </trkpt>
      <trkpt lat="30.61969" lon="104.19392">
        <time>2026-04-24T10:14:10Z</time>
      </trkpt>
      <trkpt lat="30.619669" lon="104.19398">
        <time>2026-04-24T10:14:12Z</time>
      </trkpt>
      <trkpt lat="30.61965" lon="104.194046">
        <time>2026-04-24T10:14:13Z</time>
      </trkpt>
      <trkpt lat="30.619633" lon="104.194115">
        <time>2026-04-24T10:14:14Z</time>
      </trkpt>
      <trkpt lat="30.619616" lon="104.19418">
        <time>2026-04-24T10:14:15Z</time>
      </trkpt>
      <trkpt lat="30.619596" lon="104.194244">
        <time>2026-04-24T10:14:16Z</time>
      </trkpt>
      <trkpt lat="30.619577" lon="104.19431">
        <time>2026-04-24T10:14:17Z</time>
      </trkpt>
      <trkpt lat="30.619562" lon="104.19438">
        <time>2026-04-24T10:14:18Z</time>
      </trkpt>
      <trkpt lat="30.619545" lon="104.19444">
        <time>2026-04-24T10:14:19Z</time>
      </trkpt>
      <trkpt lat="30.619526" lon="104.19451">
        <time>2026-04-24T10:14:20Z</time>
      </trkpt>
      <trkpt lat="30.619503" lon="104.19459">
        <time>2026-04-24T10:14:21Z</time>
      </trkpt>
      <trkpt lat="30.619484" lon="104.194664">
        <time>2026-04-24T10:14:22Z</time>
      </trkpt>
      <trkpt lat="30.619465" lon="104.19473">
        <time>2026-04-24T10:14:23Z</time>
      </trkpt>
      <trkpt lat="30.619448" lon="104.1948">
        <time>2026-04-24T10:14:24Z</time>
      </trkpt>
      <trkpt lat="30.61943" lon="104.19487">
        <time>2026-04-24T10:14:25Z</time>
      </trkpt>
      <trkpt lat="30.619411" lon="104.19494">
        <time>2026-04-24T10:14:26Z</time>
      </trkpt>
      <trkpt lat="30.619394" lon="104.195015">
        <time>2026-04-24T10:14:27Z</time>
      </trkpt>
      <trkpt lat="30.619379" lon="104.19508">
        <time>2026-04-24T10:14:28Z</time>
      </trkpt>
      <trkpt lat="30.619362" lon="104.19517">
        <time>2026-04-24T10:14:29Z</time>
      </trkpt>
      <trkpt lat="30.619349" lon="104.19525">
        <time>2026-04-24T10:14:30Z</time>
      </trkpt>
      <trkpt lat="30.619333" lon="104.19533">
        <time>2026-04-24T10:14:31Z</time>
      </trkpt>
      <trkpt lat="30.619318" lon="104.195404">
        <time>2026-04-24T10:14:32Z</time>
      </trkpt>
      <trkpt lat="30.619307" lon="104.19549">
        <time>2026-04-24T10:14:33Z</time>
      </trkpt>
      <trkpt lat="30.619291" lon="104.195564">
        <time>2026-04-24T10:14:34Z</time>
      </trkpt>
      <trkpt lat="30.619278" lon="104.19565">
        <time>2026-04-24T10:14:35Z</time>
      </trkpt>
      <trkpt lat="30.619265" lon="104.19573">
        <time>2026-04-24T10:14:36Z</time>
      </trkpt>
      <trkpt lat="30.61925" lon="104.19581">
        <time>2026-04-24T10:14:37Z</time>
      </trkpt>
      <trkpt lat="30.619232" lon="104.19589">
        <time>2026-04-24T10:14:38Z</time>
      </trkpt>
      <trkpt lat="30.619213" lon="104.19598">
        <time>2026-04-24T10:14:39Z</time>
      </trkpt>
      <trkpt lat="30.619194" lon="104.19606">
        <time>2026-04-24T10:14:40Z</time>
      </trkpt>
      <trkpt lat="30.619173" lon="104.19614">
        <time>2026-04-24T10:14:41Z</time>
      </trkpt>
      <trkpt lat="30.619148" lon="104.19622">
        <time>2026-04-24T10:14:42Z</time>
      </trkpt>
      <trkpt lat="30.619122" lon="104.1963">
        <time>2026-04-24T10:14:43Z</time>
      </trkpt>
      <trkpt lat="30.61909" lon="104.19637">
        <time>2026-04-24T10:14:44Z</time>
      </trkpt>
      <trkpt lat="30.619062" lon="104.19646">
        <time>2026-04-24T10:14:45Z</time>
      </trkpt>
      <trkpt lat="30.61903" lon="104.19653">
        <time>2026-04-24T10:14:46Z</time>
      </trkpt>
      <trkpt lat="30.618992" lon="104.19661">
        <time>2026-04-24T10:14:47Z</time>
      </trkpt>
      <trkpt lat="30.61896" lon="104.19668">
        <time>2026-04-24T10:14:48Z</time>
      </trkpt>
      <trkpt lat="30.618933" lon="104.196754">
        <time>2026-04-24T10:14:49Z</time>
      </trkpt>
      <trkpt lat="30.618912" lon="104.19682">
        <time>2026-04-24T10:14:50Z</time>
      </trkpt>
      <trkpt lat="30.61888" lon="104.19691">
        <time>2026-04-24T10:14:51Z</time>
      </trkpt>
      <trkpt lat="30.61885" lon="104.19697">
        <time>2026-04-24T10:14:52Z</time>
      </trkpt>
      <trkpt lat="30.618826" lon="104.19702">
        <time>2026-04-24T10:14:53Z</time>
      </trkpt>
      <trkpt lat="30.618816" lon="104.19705">
        <time>2026-04-24T10:14:54Z</time>
      </trkpt>
      <trkpt lat="30.618824" lon="104.197075">
        <time>2026-04-24T10:14:55Z</time>
      </trkpt>
      <trkpt lat="30.618837" lon="104.197075">
        <time>2026-04-24T10:14:56Z</time>
      </trkpt>
      <trkpt lat="30.618847" lon="104.19707">
        <time>2026-04-24T10:14:57Z</time>
      </trkpt>
      <trkpt lat="30.618856" lon="104.19705">
        <time>2026-04-24T10:14:58Z</time>
      </trkpt>
      <trkpt lat="30.618864" lon="104.197044">
        <time>2026-04-24T10:14:59Z</time>
      </trkpt>
      <trkpt lat="30.618864" lon="104.19702">
        <time>2026-04-24T10:15:00Z</time>
      </trkpt>
      <trkpt lat="30.618866" lon="104.19699">
        <time>2026-04-24T10:15:01Z</time>
      </trkpt>
      <trkpt lat="30.618874" lon="104.19697">
        <time>2026-04-24T10:15:02Z</time>
      </trkpt>
      <trkpt lat="30.61888" lon="104.196945">
        <time>2026-04-24T10:15:03Z</time>
      </trkpt>
      <trkpt lat="30.61889" lon="104.196915">
        <time>2026-04-24T10:15:04Z</time>
      </trkpt>
      <trkpt lat="30.618898" lon="104.19689">
        <time>2026-04-24T10:15:05Z</time>
      </trkpt>
      <trkpt lat="30.61891" lon="104.19686">
        <time>2026-04-24T10:15:06Z</time>
      </trkpt>
      <trkpt lat="30.618923" lon="104.19684">
        <time>2026-04-24T10:15:07Z</time>
      </trkpt>
      <trkpt lat="30.618933" lon="104.19681">
        <time>2026-04-24T10:15:08Z</time>
      </trkpt>
      <trkpt lat="30.618937" lon="104.196785">
        <time>2026-04-24T10:15:09Z</time>
      </trkpt>
      <trkpt lat="30.618942" lon="104.196754">
        <time>2026-04-24T10:15:10Z</time>
      </trkpt>
      <trkpt lat="30.618948" lon="104.196724">
        <time>2026-04-24T10:15:11Z</time>
      </trkpt>
      <trkpt lat="30.618958" lon="104.19669">
        <time>2026-04-24T10:15:12Z</time>
      </trkpt>
      <trkpt lat="30.618961" lon="104.19666">
        <time>2026-04-24T10:15:13Z</time>
      </trkpt>
      <trkpt lat="30.618967" lon="104.19663">
        <time>2026-04-24T10:15:14Z</time>
      </trkpt>
      <trkpt lat="30.618975" lon="104.1966">
        <time>2026-04-24T10:15:15Z</time>
      </trkpt>
      <trkpt lat="30.618982" lon="104.19658">
        <time>2026-04-24T10:15:16Z</time>
      </trkpt>
      <trkpt lat="30.618992" lon="104.19655">
        <time>2026-04-24T10:15:17Z</time>
      </trkpt>
      <trkpt lat="30.619" lon="104.19652">
        <time>2026-04-24T10:15:18Z</time>
      </trkpt>
      <trkpt lat="30.61901" lon="104.19649">
        <time>2026-04-24T10:15:19Z</time>
      </trkpt>
      <trkpt lat="30.61902" lon="104.19644">
        <time>2026-04-24T10:15:20Z</time>
      </trkpt>
      <trkpt lat="30.619028" lon="104.19641">
        <time>2026-04-24T10:15:21Z</time>
      </trkpt>
      <trkpt lat="30.61904" lon="104.19637">
        <time>2026-04-24T10:15:22Z</time>
      </trkpt>
      <trkpt lat="30.619051" lon="104.196335">
        <time>2026-04-24T10:15:23Z</time>
      </trkpt>
      <trkpt lat="30.619062" lon="104.196304">
        <time>2026-04-24T10:15:24Z</time>
      </trkpt>
      <trkpt lat="30.619076" lon="104.19626">
        <time>2026-04-24T10:15:25Z</time>
      </trkpt>
      <trkpt lat="30.619091" lon="104.19622">
        <time>2026-04-24T10:15:26Z</time>
      </trkpt>
      <trkpt lat="30.619104" lon="104.196175">
        <time>2026-04-24T10:15:27Z</time>
      </trkpt>
      <trkpt lat="30.61912" lon="104.19614">
        <time>2026-04-24T10:15:28Z</time>
      </trkpt>
      <trkpt lat="30.619131" lon="104.1961">
        <time>2026-04-24T10:15:29Z</time>
      </trkpt>
      <trkpt lat="30.619143" lon="104.19606">
        <time>2026-04-24T10:15:30Z</time>
      </trkpt>
      <trkpt lat="30.619165" lon="104.19599">
        <time>2026-04-24T10:15:31Z</time>
      </trkpt>
      <trkpt lat="30.619177" lon="104.19596">
        <time>2026-04-24T10:15:32Z</time>
      </trkpt>
      <trkpt lat="30.619184" lon="104.19593">
        <time>2026-04-24T10:15:33Z</time>
      </trkpt>
      <trkpt lat="30.619194" lon="104.1959">
        <time>2026-04-24T10:15:34Z</time>
      </trkpt>
      <trkpt lat="30.619198" lon="104.19587">
        <time>2026-04-24T10:15:35Z</time>
      </trkpt>
      <trkpt lat="30.619205" lon="104.19585">
        <time>2026-04-24T10:15:36Z</time>
      </trkpt>
      <trkpt lat="30.61921" lon="104.19582">
        <time>2026-04-24T10:15:37Z</time>
      </trkpt>
      <trkpt lat="30.619213" lon="104.19581">
        <time>2026-04-24T10:15:38Z</time>
      </trkpt>
      <trkpt lat="30.61922" lon="104.195786">
        <time>2026-04-24T10:15:39Z</time>
      </trkpt>
      <trkpt lat="30.619223" lon="104.19577">
        <time>2026-04-24T10:15:40Z</time>
      </trkpt>
      <trkpt lat="30.619228" lon="104.19574">
        <time>2026-04-24T10:15:41Z</time>
      </trkpt>
      <trkpt lat="30.619234" lon="104.19572">
        <time>2026-04-24T10:15:42Z</time>
      </trkpt>
      <trkpt lat="30.619247" lon="104.19566">
        <time>2026-04-24T10:15:44Z</time>
      </trkpt>
      <trkpt lat="30.61925" lon="104.19563">
        <time>2026-04-24T10:15:46Z</time>
      </trkpt>
      <trkpt lat="30.619257" lon="104.1956">
        <time>2026-04-24T10:15:47Z</time>
      </trkpt>
      <trkpt lat="30.619263" lon="104.19557">
        <time>2026-04-24T10:15:48Z</time>
      </trkpt>
      <trkpt lat="30.619272" lon="104.19553">
        <time>2026-04-24T10:15:49Z</time>
      </trkpt>
      <trkpt lat="30.61928" lon="104.195496">
        <time>2026-04-24T10:15:50Z</time>
      </trkpt>
      <trkpt lat="30.619287" lon="104.195465">
        <time>2026-04-24T10:15:51Z</time>
      </trkpt>
      <trkpt lat="30.619295" lon="104.195435">
        <time>2026-04-24T10:15:52Z</time>
      </trkpt>
      <trkpt lat="30.6193" lon="104.195404">
        <time>2026-04-24T10:15:53Z</time>
      </trkpt>
      <trkpt lat="30.6193" lon="104.19538">
        <time>2026-04-24T10:15:54Z</time>
      </trkpt>
      <trkpt lat="30.619305" lon="104.19536">
        <time>2026-04-24T10:15:55Z</time>
      </trkpt>
      <trkpt lat="30.619305" lon="104.195335">
        <time>2026-04-24T10:15:56Z</time>
      </trkpt>
      <trkpt lat="30.61931" lon="104.195305">
        <time>2026-04-24T10:15:57Z</time>
      </trkpt>
      <trkpt lat="30.619316" lon="104.19529">
        <time>2026-04-24T10:15:58Z</time>
      </trkpt>
      <trkpt lat="30.619324" lon="104.19527">
        <time>2026-04-24T10:15:59Z</time>
      </trkpt>
      <trkpt lat="30.61933" lon="104.19525">
        <time>2026-04-24T10:16:00Z</time>
      </trkpt>
      <trkpt lat="30.619339" lon="104.19523">
        <time>2026-04-24T10:16:01Z</time>
      </trkpt>
      <trkpt lat="30.619345" lon="104.1952">
        <time>2026-04-24T10:16:02Z</time>
      </trkpt>
      <trkpt lat="30.61935" lon="104.195175">
        <time>2026-04-24T10:16:03Z</time>
      </trkpt>
      <trkpt lat="30.619354" lon="104.195145">
        <time>2026-04-24T10:16:04Z</time>
      </trkpt>
      <trkpt lat="30.619362" lon="104.195114">
        <time>2026-04-24T10:16:05Z</time>
      </trkpt>
      <trkpt lat="30.61937" lon="104.19508">
        <time>2026-04-24T10:16:06Z</time>
      </trkpt>
      <trkpt lat="30.619371" lon="104.19505">
        <time>2026-04-24T10:16:07Z</time>
      </trkpt>
      <trkpt lat="30.619373" lon="104.195015">
        <time>2026-04-24T10:16:08Z</time>
      </trkpt>
      <trkpt lat="30.619375" lon="104.194984">
        <time>2026-04-24T10:16:09Z</time>
      </trkpt>
      <trkpt lat="30.61938" lon="104.19495">
        <time>2026-04-24T10:16:10Z</time>
      </trkpt>
      <trkpt lat="30.619392" lon="104.19491">
        <time>2026-04-24T10:16:11Z</time>
      </trkpt>
      <trkpt lat="30.619402" lon="104.19488">
        <time>2026-04-24T10:16:12Z</time>
      </trkpt>
      <trkpt lat="30.619411" lon="104.19485">
        <time>2026-04-24T10:16:13Z</time>
      </trkpt>
      <trkpt lat="30.61942" lon="104.19481">
        <time>2026-04-24T10:16:14Z</time>
      </trkpt>
      <trkpt lat="30.619425" lon="104.19477">
        <time>2026-04-24T10:16:15Z</time>
      </trkpt>
      <trkpt lat="30.619434" lon="104.19473">
        <time>2026-04-24T10:16:16Z</time>
      </trkpt>
      <trkpt lat="30.619446" lon="104.1947">
        <time>2026-04-24T10:16:17Z</time>
      </trkpt>
      <trkpt lat="30.619455" lon="104.19467">
        <time>2026-04-24T10:16:18Z</time>
      </trkpt>
      <trkpt lat="30.619465" lon="104.19463">
        <time>2026-04-24T10:16:19Z</time>
      </trkpt>
      <trkpt lat="30.619474" lon="104.194595">
        <time>2026-04-24T10:16:20Z</time>
      </trkpt>
      <trkpt lat="30.619482" lon="104.19457">
        <time>2026-04-24T10:16:21Z</time>
      </trkpt>
      <trkpt lat="30.619486" lon="104.19454">
        <time>2026-04-24T10:16:22Z</time>
      </trkpt>
      <trkpt lat="30.619495" lon="104.1945">
        <time>2026-04-24T10:16:23Z</time>
      </trkpt>
      <trkpt lat="30.6195" lon="104.19447">
        <time>2026-04-24T10:16:24Z</time>
      </trkpt>
      <trkpt lat="30.61951" lon="104.194435">
        <time>2026-04-24T10:16:25Z</time>
      </trkpt>
      <trkpt lat="30.619516" lon="104.194405">
        <time>2026-04-24T10:16:26Z</time>
      </trkpt>
      <trkpt lat="30.619526" lon="104.194374">
        <time>2026-04-24T10:16:27Z</time>
      </trkpt>
      <trkpt lat="30.619534" lon="104.19434">
        <time>2026-04-24T10:16:28Z</time>
      </trkpt>
      <trkpt lat="30.61954" lon="104.19431">
        <time>2026-04-24T10:16:29Z</time>
      </trkpt>
      <trkpt lat="30.619547" lon="104.19428">
        <time>2026-04-24T10:16:30Z</time>
      </trkpt>
      <trkpt lat="30.61956" lon="104.19425">
        <time>2026-04-24T10:16:31Z</time>
      </trkpt>
      <trkpt lat="30.61957" lon="104.19422">
        <time>2026-04-24T10:16:32Z</time>
      </trkpt>
      <trkpt lat="30.619577" lon="104.19419">
        <time>2026-04-24T10:16:33Z</time>
      </trkpt>
      <trkpt lat="30.619587" lon="104.19416">
        <time>2026-04-24T10:16:34Z</time>
      </trkpt>
      <trkpt lat="30.619596" lon="104.19413">
        <time>2026-04-24T10:16:35Z</time>
      </trkpt>
      <trkpt lat="30.619606" lon="104.1941">
        <time>2026-04-24T10:16:36Z</time>
      </trkpt>
      <trkpt lat="30.619617" lon="104.19406">
        <time>2026-04-24T10:16:37Z</time>
      </trkpt>
      <trkpt lat="30.619625" lon="104.19403">
        <time>2026-04-24T10:16:38Z</time>
      </trkpt>
      <trkpt lat="30.619635" lon="104.194">
        <time>2026-04-24T10:16:39Z</time>
      </trkpt>
      <trkpt lat="30.619644" lon="104.19397">
        <time>2026-04-24T10:16:40Z</time>
      </trkpt>
      <trkpt lat="30.619654" lon="104.19393">
        <time>2026-04-24T10:16:41Z</time>
      </trkpt>
      <trkpt lat="30.619663" lon="104.1939">
        <time>2026-04-24T10:16:42Z</time>
      </trkpt>
      <trkpt lat="30.619673" lon="104.19386">
        <time>2026-04-24T10:16:43Z</time>
      </trkpt>
      <trkpt lat="30.619684" lon="104.19383">
        <time>2026-04-24T10:16:44Z</time>
      </trkpt>
      <trkpt lat="30.61968" lon="104.1938">
        <time>2026-04-24T10:16:45Z</time>
      </trkpt>
      <trkpt lat="30.619677" lon="104.19377">
        <time>2026-04-24T10:16:46Z</time>
      </trkpt>
      <trkpt lat="30.619665" lon="104.193756">
        <time>2026-04-24T10:16:47Z</time>
      </trkpt>
      <trkpt lat="30.619644" lon="104.19375">
        <time>2026-04-24T10:16:48Z</time>
      </trkpt>
      <trkpt lat="30.619617" lon="104.19375">
        <time>2026-04-24T10:16:49Z</time>
      </trkpt>
      <trkpt lat="30.61959" lon="104.19375">
        <time>2026-04-24T10:16:50Z</time>
      </trkpt>
      <trkpt lat="30.619564" lon="104.19375">
        <time>2026-04-24T10:16:51Z</time>
      </trkpt>
      <trkpt lat="30.61954" lon="104.19375">
        <time>2026-04-24T10:16:52Z</time>
      </trkpt>
      <trkpt lat="30.619513" lon="104.19375">
        <time>2026-04-24T10:16:53Z</time>
      </trkpt>
      <trkpt lat="30.619497" lon="104.19375">
        <time>2026-04-24T10:16:54Z</time>
      </trkpt>
      <trkpt lat="30.619484" lon="104.19375">
        <time>2026-04-24T10:16:55Z</time>
      </trkpt>
      <trkpt lat="30.619469" lon="104.19375">
        <time>2026-04-24T10:16:56Z</time>
      </trkpt>
      <trkpt lat="30.61946" lon="104.19374">
        <time>2026-04-24T10:16:57Z</time>
      </trkpt>
      <trkpt lat="30.619446" lon="104.19374">
        <time>2026-04-24T10:16:58Z</time>
      </trkpt>
      <trkpt lat="30.61943" lon="104.19374">
        <time>2026-04-24T10:16:59Z</time>
      </trkpt>
      <trkpt lat="30.61941" lon="104.19373">
        <time>2026-04-24T10:17:00Z</time>
      </trkpt>
      <trkpt lat="30.61938" lon="104.193726">
        <time>2026-04-24T10:17:01Z</time>
      </trkpt>
      <trkpt lat="30.619354" lon="104.193726">
        <time>2026-04-24T10:17:02Z</time>
      </trkpt>
      <trkpt lat="30.61933" lon="104.19373">
        <time>2026-04-24T10:17:03Z</time>
      </trkpt>
      <trkpt lat="30.619303" lon="104.19373">
        <time>2026-04-24T10:17:04Z</time>
      </trkpt>
      <trkpt lat="30.619278" lon="104.193726">
        <time>2026-04-24T10:17:05Z</time>
      </trkpt>
      <trkpt lat="30.619251" lon="104.193726">
        <time>2026-04-24T10:17:06Z</time>
      </trkpt>
      <trkpt lat="30.619232" lon="104.193726">
        <time>2026-04-24T10:17:07Z</time>
      </trkpt>
      <trkpt lat="30.619213" lon="104.19373">
        <time>2026-04-24T10:17:08Z</time>
      </trkpt>
      <trkpt lat="30.6192" lon="104.19375">
        <time>2026-04-24T10:17:09Z</time>
      </trkpt>
      <trkpt lat="30.619198" lon="104.19376">
        <time>2026-04-24T10:17:10Z</time>
      </trkpt>
      <trkpt lat="30.61921" lon="104.19377">
        <time>2026-04-24T10:17:11Z</time>
      </trkpt>
      <trkpt lat="30.619211" lon="104.19378">
        <time>2026-04-24T10:17:12Z</time>
      </trkpt>
      <trkpt lat="30.619217" lon="104.19379">
        <time>2026-04-24T10:17:13Z</time>
      </trkpt>
      <trkpt lat="30.619226" lon="104.19379">
        <time>2026-04-24T10:17:14Z</time>
      </trkpt>
      <trkpt lat="30.619244" lon="104.19379">
        <time>2026-04-24T10:17:15Z</time>
      </trkpt>
      <trkpt lat="30.61926" lon="104.19379">
        <time>2026-04-24T10:17:16Z</time>
      </trkpt>
      <trkpt lat="30.619282" lon="104.19379">
        <time>2026-04-24T10:17:17Z</time>
      </trkpt>
      <trkpt lat="30.619299" lon="104.19379">
        <time>2026-04-24T10:17:18Z</time>
      </trkpt>
      <trkpt lat="30.619316" lon="104.19379">
        <time>2026-04-24T10:17:19Z</time>
      </trkpt>
      <trkpt lat="30.619339" lon="104.19379">
        <time>2026-04-24T10:17:20Z</time>
      </trkpt>
      <trkpt lat="30.619354" lon="104.19379">
        <time>2026-04-24T10:17:21Z</time>
      </trkpt>
      <trkpt lat="30.619371" lon="104.19379">
        <time>2026-04-24T10:17:22Z</time>
      </trkpt>
      <trkpt lat="30.619389" lon="104.19379">
        <time>2026-04-24T10:17:23Z</time>
      </trkpt>
      <trkpt lat="30.619404" lon="104.19379">
        <time>2026-04-24T10:17:24Z</time>
      </trkpt>
      <trkpt lat="30.619423" lon="104.19379">
        <time>2026-04-24T10:17:25Z</time>
      </trkpt>
      <trkpt lat="30.619442" lon="104.19378">
        <time>2026-04-24T10:17:26Z</time>
      </trkpt>
      <trkpt lat="30.619467" lon="104.19379">
        <time>2026-04-24T10:17:27Z</time>
      </trkpt>
      <trkpt lat="30.619486" lon="104.19379">
        <time>2026-04-24T10:17:28Z</time>
      </trkpt>
      <trkpt lat="30.619507" lon="104.19379">
        <time>2026-04-24T10:17:29Z</time>
      </trkpt>
      <trkpt lat="30.619528" lon="104.193794">
        <time>2026-04-24T10:17:30Z</time>
      </trkpt>
      <trkpt lat="30.61955" lon="104.1938">
        <time>2026-04-24T10:17:31Z</time>
      </trkpt>
      <trkpt lat="30.61957" lon="104.19382">
        <time>2026-04-24T10:17:32Z</time>
      </trkpt>
      <trkpt lat="30.61959" lon="104.193825">
        <time>2026-04-24T10:17:33Z</time>
      </trkpt>
      <trkpt lat="30.619616" lon="104.19383">
        <time>2026-04-24T10:17:34Z</time>
      </trkpt>
      <trkpt lat="30.61964" lon="104.19384">
        <time>2026-04-24T10:17:35Z</time>
      </trkpt>
      <trkpt lat="30.619665" lon="104.193855">
        <time>2026-04-24T10:17:36Z</time>
      </trkpt>
      <trkpt lat="30.61969" lon="104.19386">
        <time>2026-04-24T10:17:37Z</time>
      </trkpt>
      <trkpt lat="30.619713" lon="104.19387">
        <time>2026-04-24T10:17:38Z</time>
      </trkpt>
      <trkpt lat="30.619736" lon="104.19388">
        <time>2026-04-24T10:17:39Z</time>
      </trkpt>
      <trkpt lat="30.619762" lon="104.193886">
        <time>2026-04-24T10:17:40Z</time>
      </trkpt>
      <trkpt lat="30.619787" lon="104.19389">
        <time>2026-04-24T10:17:41Z</time>
      </trkpt>
      <trkpt lat="30.619812" lon="104.19391">
        <time>2026-04-24T10:17:42Z</time>
      </trkpt>
      <trkpt lat="30.619839" lon="104.19392">
        <time>2026-04-24T10:17:43Z</time>
      </trkpt>
      <trkpt lat="30.619865" lon="104.193924">
        <time>2026-04-24T10:17:44Z</time>
      </trkpt>
      <trkpt lat="30.619894" lon="104.19393">
        <time>2026-04-24T10:17:45Z</time>
      </trkpt>
      <trkpt lat="30.619919" lon="104.19393">
        <time>2026-04-24T10:17:46Z</time>
      </trkpt>
      <trkpt lat="30.619942" lon="104.19394">
        <time>2026-04-24T10:17:47Z</time>
      </trkpt>
      <trkpt lat="30.619965" lon="104.193954">
        <time>2026-04-24T10:17:48Z</time>
      </trkpt>
      <trkpt lat="30.619987" lon="104.19396">
        <time>2026-04-24T10:17:49Z</time>
      </trkpt>
      <trkpt lat="30.620014" lon="104.19397">
        <time>2026-04-24T10:17:50Z</time>
      </trkpt>
      <trkpt lat="30.62004" lon="104.193985">
        <time>2026-04-24T10:17:51Z</time>
      </trkpt>
      <trkpt lat="30.620071" lon="104.194">
        <time>2026-04-24T10:17:52Z</time>
      </trkpt>
      <trkpt lat="30.620106" lon="104.19402">
        <time>2026-04-24T10:17:53Z</time>
      </trkpt>
      <trkpt lat="30.62014" lon="104.19405">
        <time>2026-04-24T10:17:54Z</time>
      </trkpt>
      <trkpt lat="30.620163" lon="104.19408">
        <time>2026-04-24T10:17:55Z</time>
      </trkpt>
      <trkpt lat="30.620436" lon="104.194214">
        <time>2026-04-24T10:18:05Z</time>
      </trkpt>
      <trkpt lat="30.620506" lon="104.194214">
        <time>2026-04-24T10:18:06Z</time>
      </trkpt>
      <trkpt lat="30.620544" lon="104.194214">
        <time>2026-04-24T10:18:07Z</time>
      </trkpt>
      <trkpt lat="30.620577" lon="104.19421">
        <time>2026-04-24T10:18:08Z</time>
      </trkpt>
      <trkpt lat="30.62061" lon="104.19417">
        <time>2026-04-24T10:18:09Z</time>
      </trkpt>
      <trkpt lat="30.62062" lon="104.19412">
        <time>2026-04-24T10:18:10Z</time>
      </trkpt>
      <trkpt lat="30.620642" lon="104.19407">
        <time>2026-04-24T10:18:11Z</time>
      </trkpt>
      <trkpt lat="30.620668" lon="104.19401">
        <time>2026-04-24T10:18:12Z</time>
      </trkpt>
      <trkpt lat="30.620693" lon="104.193954">
        <time>2026-04-24T10:18:13Z</time>
      </trkpt>
      <trkpt lat="30.620716" lon="104.19389">
        <time>2026-04-24T10:18:14Z</time>
      </trkpt>
      <trkpt lat="30.620739" lon="104.19384">
        <time>2026-04-24T10:18:15Z</time>
      </trkpt>
      <trkpt lat="30.620749" lon="104.19381">
        <time>2026-04-24T10:18:16Z</time>
      </trkpt>
      <trkpt lat="30.620747" lon="104.193794">
        <time>2026-04-24T10:18:17Z</time>
      </trkpt>
      <trkpt lat="30.620747" lon="104.193794">
        <time>2026-04-24T10:18:18Z</time>
      </trkpt>
      <trkpt lat="30.620747" lon="104.193794">
        <time>2026-04-24T10:18:19Z</time>
      </trkpt>
      <trkpt lat="30.620747" lon="104.193794">
        <time>2026-04-24T10:18:20Z</time>
      </trkpt>
      <trkpt lat="30.620747" lon="104.193794">
        <time>2026-04-24T10:18:21Z</time>
      </trkpt>
      <trkpt lat="30.620722" lon="104.19386">
        <time>2026-04-24T10:18:22Z</time>
      </trkpt>
      <trkpt lat="30.620722" lon="104.19386">
        <time>2026-04-24T10:18:23Z</time>
      </trkpt>
      <trkpt lat="30.620693" lon="104.1939">
        <time>2026-04-24T10:18:24Z</time>
      </trkpt>
      <trkpt lat="30.620674" lon="104.19395">
        <time>2026-04-24T10:18:25Z</time>
      </trkpt>
      <trkpt lat="30.620651" lon="104.19399">
        <time>2026-04-24T10:18:26Z</time>
      </trkpt>
      <trkpt lat="30.620632" lon="104.19405">
        <time>2026-04-24T10:18:27Z</time>
      </trkpt>
      <trkpt lat="30.620613" lon="104.19411">
        <time>2026-04-24T10:18:28Z</time>
      </trkpt>
      <trkpt lat="30.620592" lon="104.19418">
        <time>2026-04-24T10:18:29Z</time>
      </trkpt>
      <trkpt lat="30.62057" lon="104.19425">
        <time>2026-04-24T10:18:30Z</time>
      </trkpt>
      <trkpt lat="30.620543" lon="104.19434">
        <time>2026-04-24T10:18:31Z</time>
      </trkpt>
      <trkpt lat="30.62052" lon="104.19443">
        <time>2026-04-24T10:18:32Z</time>
      </trkpt>
      <trkpt lat="30.620497" lon="104.19451">
        <time>2026-04-24T10:18:33Z</time>
      </trkpt>
      <trkpt lat="30.620476" lon="104.194595">
        <time>2026-04-24T10:18:34Z</time>
      </trkpt>
      <trkpt lat="30.620443" lon="104.19464">
        <time>2026-04-24T10:18:35Z</time>
      </trkpt>
      <trkpt lat="30.62041" lon="104.194664">
        <time>2026-04-24T10:18:36Z</time>
      </trkpt>
      <trkpt lat="30.620384" lon="104.19466">
        <time>2026-04-24T10:18:37Z</time>
      </trkpt>
      <trkpt lat="30.620378" lon="104.19463">
        <time>2026-04-24T10:18:38Z</time>
      </trkpt>
      <trkpt lat="30.620386" lon="104.19461">
        <time>2026-04-24T10:18:39Z</time>
      </trkpt>
      <trkpt lat="30.620403" lon="104.19459">
        <time>2026-04-24T10:18:40Z</time>
      </trkpt>
      <trkpt lat="30.62042" lon="104.194565">
        <time>2026-04-24T10:18:41Z</time>
      </trkpt>
      <trkpt lat="30.620432" lon="104.194534">
        <time>2026-04-24T10:18:42Z</time>
      </trkpt>
      <trkpt lat="30.62044" lon="104.19451">
        <time>2026-04-24T10:18:43Z</time>
      </trkpt>
      <trkpt lat="30.620441" lon="104.19448">
        <time>2026-04-24T10:18:44Z</time>
      </trkpt>
      <trkpt lat="30.620445" lon="104.19446">
        <time>2026-04-24T10:18:45Z</time>
      </trkpt>
      <trkpt lat="30.62045" lon="104.19441">
        <time>2026-04-24T10:18:46Z</time>
      </trkpt>
      <trkpt lat="30.620459" lon="104.194374">
        <time>2026-04-24T10:18:47Z</time>
      </trkpt>
      <trkpt lat="30.620466" lon="104.19434">
        <time>2026-04-24T10:18:48Z</time>
      </trkpt>
      <trkpt lat="30.620474" lon="104.19431">
        <time>2026-04-24T10:18:49Z</time>
      </trkpt>
      <trkpt lat="30.620481" lon="104.194275">
        <time>2026-04-24T10:18:50Z</time>
      </trkpt>
      <trkpt lat="30.62049" lon="104.194244">
        <time>2026-04-24T10:18:51Z</time>
      </trkpt>
      <trkpt lat="30.620502" lon="104.194214">
        <time>2026-04-24T10:18:52Z</time>
      </trkpt>
      <trkpt lat="30.62051" lon="104.1942">
        <time>2026-04-24T10:18:53Z</time>
      </trkpt>
      <trkpt lat="30.620516" lon="104.194176">
        <time>2026-04-24T10:18:54Z</time>
      </trkpt>
      <trkpt lat="30.620522" lon="104.19415">
        <time>2026-04-24T10:18:55Z</time>
      </trkpt>
      <trkpt lat="30.620527" lon="104.19412">
        <time>2026-04-24T10:18:56Z</time>
      </trkpt>
      <trkpt lat="30.620537" lon="104.19409">
        <time>2026-04-24T10:18:57Z</time>
      </trkpt>
      <trkpt lat="30.620548" lon="104.19406">
        <time>2026-04-24T10:18:58Z</time>
      </trkpt>
      <trkpt lat="30.620562" lon="104.19402">
        <time>2026-04-24T10:18:59Z</time>
      </trkpt>
      <trkpt lat="30.620573" lon="104.193985">
        <time>2026-04-24T10:19:00Z</time>
      </trkpt>
      <trkpt lat="30.620588" lon="104.19395">
        <time>2026-04-24T10:19:01Z</time>
      </trkpt>
      <trkpt lat="30.62061" lon="104.1939">
        <time>2026-04-24T10:19:02Z</time>
      </trkpt>
      <trkpt lat="30.620628" lon="104.19386">
        <time>2026-04-24T10:19:03Z</time>
      </trkpt>
      <trkpt lat="30.620642" lon="104.19382">
        <time>2026-04-24T10:19:04Z</time>
      </trkpt>
      <trkpt lat="30.620657" lon="104.19377">
        <time>2026-04-24T10:19:05Z</time>
      </trkpt>
      <trkpt lat="30.620674" lon="104.19372">
        <time>2026-04-24T10:19:06Z</time>
      </trkpt>
      <trkpt lat="30.620691" lon="104.19368">
        <time>2026-04-24T10:19:07Z</time>
      </trkpt>
      <trkpt lat="30.620707" lon="104.193634">
        <time>2026-04-24T10:19:08Z</time>
      </trkpt>
      <trkpt lat="30.620714" lon="104.19359">
        <time>2026-04-24T10:19:09Z</time>
      </trkpt>
      <trkpt lat="30.620726" lon="104.19354">
        <time>2026-04-24T10:19:10Z</time>
      </trkpt>
      <trkpt lat="30.620739" lon="104.1935">
        <time>2026-04-24T10:19:11Z</time>
      </trkpt>
      <trkpt lat="30.620754" lon="104.19346">
        <time>2026-04-24T10:19:12Z</time>
      </trkpt>
      <trkpt lat="30.620773" lon="104.19341">
        <time>2026-04-24T10:19:13Z</time>
      </trkpt>
      <trkpt lat="30.620792" lon="104.193375">
        <time>2026-04-24T10:19:14Z</time>
      </trkpt>
      <trkpt lat="30.62081" lon="104.19333">
        <time>2026-04-24T10:19:15Z</time>
      </trkpt>
      <trkpt lat="30.62083" lon="104.19328">
        <time>2026-04-24T10:19:16Z</time>
      </trkpt>
      <trkpt lat="30.620846" lon="104.193245">
        <time>2026-04-24T10:19:17Z</time>
      </trkpt>
      <trkpt lat="30.620855" lon="104.19321">
        <time>2026-04-24T10:19:18Z</time>
      </trkpt>
      <trkpt lat="30.62087" lon="104.19316">
        <time>2026-04-24T10:19:19Z</time>
      </trkpt>
      <trkpt lat="30.620886" lon="104.19312">
        <time>2026-04-24T10:19:20Z</time>
      </trkpt>
      <trkpt lat="30.620905" lon="104.19308">
        <time>2026-04-24T10:19:21Z</time>
      </trkpt>
      <trkpt lat="30.620918" lon="104.19302">
        <time>2026-04-24T10:19:22Z</time>
      </trkpt>
      <trkpt lat="30.620935" lon="104.192955">
        <time>2026-04-24T10:19:23Z</time>
      </trkpt>
      <trkpt lat="30.62095" lon="104.19289">
        <time>2026-04-24T10:19:24Z</time>
      </trkpt>
      <trkpt lat="30.620964" lon="104.19282">
        <time>2026-04-24T10:19:25Z</time>
      </trkpt>
      <trkpt lat="30.62098" lon="104.19275">
        <time>2026-04-24T10:19:26Z</time>
      </trkpt>
      <trkpt lat="30.620995" lon="104.19269">
        <time>2026-04-24T10:19:27Z</time>
      </trkpt>
      <trkpt lat="30.621006" lon="104.19262">
        <time>2026-04-24T10:19:28Z</time>
      </trkpt>
      <trkpt lat="30.621021" lon="104.19256">
        <time>2026-04-24T10:19:29Z</time>
      </trkpt>
      <trkpt lat="30.621035" lon="104.1925">
        <time>2026-04-24T10:19:30Z</time>
      </trkpt>
      <trkpt lat="30.621044" lon="104.19244">
        <time>2026-04-24T10:19:31Z</time>
      </trkpt>
      <trkpt lat="30.621056" lon="104.192375">
        <time>2026-04-24T10:19:32Z</time>
      </trkpt>
      <trkpt lat="30.621067" lon="104.192314">
        <time>2026-04-24T10:19:33Z</time>
      </trkpt>
      <trkpt lat="30.621082" lon="104.192245">
        <time>2026-04-24T10:19:34Z</time>
      </trkpt>
      <trkpt lat="30.621098" lon="104.192184">
        <time>2026-04-24T10:19:35Z</time>
      </trkpt>
      <trkpt lat="30.62111" lon="104.192116">
        <time>2026-04-24T10:19:36Z</time>
      </trkpt>
      <trkpt lat="30.621122" lon="104.192055">
        <time>2026-04-24T10:19:37Z</time>
      </trkpt>
      <trkpt lat="30.621136" lon="104.191986">
        <time>2026-04-24T10:19:38Z</time>
      </trkpt>
      <trkpt lat="30.62115" lon="104.19192">
        <time>2026-04-24T10:19:39Z</time>
      </trkpt>
      <trkpt lat="30.621162" lon="104.19185">
        <time>2026-04-24T10:19:40Z</time>
      </trkpt>
      <trkpt lat="30.621176" lon="104.19178">
        <time>2026-04-24T10:19:41Z</time>
      </trkpt>
      <trkpt lat="30.621193" lon="104.19171">
        <time>2026-04-24T10:19:42Z</time>
      </trkpt>
      <trkpt lat="30.621208" lon="104.19164">
        <time>2026-04-24T10:19:43Z</time>
      </trkpt>
      <trkpt lat="30.621222" lon="104.191574">
        <time>2026-04-24T10:19:44Z</time>
      </trkpt>
      <trkpt lat="30.621235" lon="104.191505">
        <time>2026-04-24T10:19:45Z</time>
      </trkpt>
      <trkpt lat="30.62125" lon="104.19144">
        <time>2026-04-24T10:19:46Z</time>
      </trkpt>
      <trkpt lat="30.621265" lon="104.19136">
        <time>2026-04-24T10:19:47Z</time>
      </trkpt>
      <trkpt lat="30.621279" lon="104.191284">
        <time>2026-04-24T10:19:48Z</time>
      </trkpt>
      <trkpt lat="30.62129" lon="104.19121">
        <time>2026-04-24T10:19:49Z</time>
      </trkpt>
      <trkpt lat="30.621304" lon="104.19114">
        <time>2026-04-24T10:19:50Z</time>
      </trkpt>
      <trkpt lat="30.621319" lon="104.19106">
        <time>2026-04-24T10:19:51Z</time>
      </trkpt>
      <trkpt lat="30.621336" lon="104.19099">
        <time>2026-04-24T10:19:52Z</time>
      </trkpt>
      <trkpt lat="30.621357" lon="104.19092">
        <time>2026-04-24T10:19:53Z</time>
      </trkpt>
      <trkpt lat="30.621376" lon="104.19084">
        <time>2026-04-24T10:19:54Z</time>
      </trkpt>
      <trkpt lat="30.621395" lon="104.19077">
        <time>2026-04-24T10:19:55Z</time>
      </trkpt>
      <trkpt lat="30.621408" lon="104.1907">
        <time>2026-04-24T10:19:56Z</time>
      </trkpt>
      <trkpt lat="30.621426" lon="104.19062">
        <time>2026-04-24T10:19:57Z</time>
      </trkpt>
      <trkpt lat="30.621439" lon="104.190544">
        <time>2026-04-24T10:19:58Z</time>
      </trkpt>
      <trkpt lat="30.621452" lon="104.19047">
        <time>2026-04-24T10:19:59Z</time>
      </trkpt>
      <trkpt lat="30.621466" lon="104.19039">
        <time>2026-04-24T10:20:00Z</time>
      </trkpt>
      <trkpt lat="30.62148" lon="104.19032">
        <time>2026-04-24T10:20:01Z</time>
      </trkpt>
      <trkpt lat="30.621494" lon="104.19025">
        <time>2026-04-24T10:20:02Z</time>
      </trkpt>
      <trkpt lat="30.621508" lon="104.19017">
        <time>2026-04-24T10:20:03Z</time>
      </trkpt>
      <trkpt lat="30.621525" lon="104.1901">
        <time>2026-04-24T10:20:04Z</time>
      </trkpt>
      <trkpt lat="30.621538" lon="104.190025">
        <time>2026-04-24T10:20:05Z</time>
      </trkpt>
      <trkpt lat="30.621548" lon="104.18995">
        <time>2026-04-24T10:20:06Z</time>
      </trkpt>
      <trkpt lat="30.62156" lon="104.18988">
        <time>2026-04-24T10:20:07Z</time>
      </trkpt>
      <trkpt lat="30.621572" lon="104.189804">
        <time>2026-04-24T10:20:08Z</time>
      </trkpt>
      <trkpt lat="30.621588" lon="104.189735">
        <time>2026-04-24T10:20:09Z</time>
      </trkpt>
      <trkpt lat="30.621605" lon="104.18966">
        <time>2026-04-24T10:20:10Z</time>
      </trkpt>
      <trkpt lat="30.62162" lon="104.18959">
        <time>2026-04-24T10:20:11Z</time>
      </trkpt>
      <trkpt lat="30.621635" lon="104.189514">
        <time>2026-04-24T10:20:12Z</time>
      </trkpt>
      <trkpt lat="30.621649" lon="104.18944">
        <time>2026-04-24T10:20:13Z</time>
      </trkpt>
      <trkpt lat="30.621664" lon="104.18937">
        <time>2026-04-24T10:20:14Z</time>
      </trkpt>
      <trkpt lat="30.62168" lon="104.18929">
        <time>2026-04-24T10:20:15Z</time>
      </trkpt>
      <trkpt lat="30.621693" lon="104.189224">
        <time>2026-04-24T10:20:16Z</time>
      </trkpt>
      <trkpt lat="30.621704" lon="104.189156">
        <time>2026-04-24T10:20:17Z</time>
      </trkpt>
      <trkpt lat="30.621714" lon="104.18908">
        <time>2026-04-24T10:20:18Z</time>
      </trkpt>
      <trkpt lat="30.621727" lon="104.18901">
        <time>2026-04-24T10:20:19Z</time>
      </trkpt>
      <trkpt lat="30.621742" lon="104.188934">
        <time>2026-04-24T10:20:20Z</time>
      </trkpt>
      <trkpt lat="30.621758" lon="104.188866">
        <time>2026-04-24T10:20:21Z</time>
      </trkpt>
      <trkpt lat="30.62177" lon="104.18879">
        <time>2026-04-24T10:20:22Z</time>
      </trkpt>
      <trkpt lat="30.621786" lon="104.18872">
        <time>2026-04-24T10:20:23Z</time>
      </trkpt>
      <trkpt lat="30.621803" lon="104.18865">
        <time>2026-04-24T10:20:24Z</time>
      </trkpt>
      <trkpt lat="30.62182" lon="104.188576">
        <time>2026-04-24T10:20:25Z</time>
      </trkpt>
      <trkpt lat="30.621834" lon="104.18851">
        <time>2026-04-24T10:20:26Z</time>
      </trkpt>
      <trkpt lat="30.621847" lon="104.18844">
        <time>2026-04-24T10:20:27Z</time>
      </trkpt>
      <trkpt lat="30.621862" lon="104.18836">
        <time>2026-04-24T10:20:28Z</time>
      </trkpt>
      <trkpt lat="30.621876" lon="104.18829">
        <time>2026-04-24T10:20:29Z</time>
      </trkpt>
      <trkpt lat="30.621893" lon="104.18822">
        <time>2026-04-24T10:20:30Z</time>
      </trkpt>
      <trkpt lat="30.62191" lon="104.18815">
        <time>2026-04-24T10:20:31Z</time>
      </trkpt>
      <trkpt lat="30.621923" lon="104.18807">
        <time>2026-04-24T10:20:32Z</time>
      </trkpt>
      <trkpt lat="30.621937" lon="104.188">
        <time>2026-04-24T10:20:33Z</time>
      </trkpt>
      <trkpt lat="30.62195" lon="104.18793">
        <time>2026-04-24T10:20:34Z</time>
      </trkpt>
      <trkpt lat="30.621964" lon="104.18785">
        <time>2026-04-24T10:20:35Z</time>
      </trkpt>
      <trkpt lat="30.621977" lon="104.187775">
        <time>2026-04-24T10:20:36Z</time>
      </trkpt>
      <trkpt lat="30.62199" lon="104.187706">
        <time>2026-04-24T10:20:37Z</time>
      </trkpt>
      <trkpt lat="30.622004" lon="104.18764">
        <time>2026-04-24T10:20:38Z</time>
      </trkpt>
      <trkpt lat="30.622017" lon="104.18757">
        <time>2026-04-24T10:20:39Z</time>
      </trkpt>
      <trkpt lat="30.622028" lon="104.1875">
        <time>2026-04-24T10:20:40Z</time>
      </trkpt>
      <trkpt lat="30.622038" lon="104.18743">
        <time>2026-04-24T10:20:41Z</time>
      </trkpt>
      <trkpt lat="30.622046" lon="104.18736">
        <time>2026-04-24T10:20:42Z</time>
      </trkpt>
      <trkpt lat="30.622051" lon="104.187294">
        <time>2026-04-24T10:20:43Z</time>
      </trkpt>
      <trkpt lat="30.622057" lon="104.18723">
        <time>2026-04-24T10:20:44Z</time>
      </trkpt>
      <trkpt lat="30.622063" lon="104.18717">
        <time>2026-04-24T10:20:45Z</time>
      </trkpt>
      <trkpt lat="30.622074" lon="104.18711">
        <time>2026-04-24T10:20:46Z</time>
      </trkpt>
      <trkpt lat="30.622087" lon="104.18705">
        <time>2026-04-24T10:20:47Z</time>
      </trkpt>
      <trkpt lat="30.622103" lon="104.18699">
        <time>2026-04-24T10:20:48Z</time>
      </trkpt>
      <trkpt lat="30.622116" lon="104.186935">
        <time>2026-04-24T10:20:49Z</time>
      </trkpt>
      <trkpt lat="30.62213" lon="104.186874">
        <time>2026-04-24T10:20:50Z</time>
      </trkpt>
      <trkpt lat="30.62214" lon="104.18681">
        <time>2026-04-24T10:20:51Z</time>
      </trkpt>
      <trkpt lat="30.622152" lon="104.18675">
        <time>2026-04-24T10:20:52Z</time>
      </trkpt>
      <trkpt lat="30.622164" lon="104.18668">
        <time>2026-04-24T10:20:53Z</time>
      </trkpt>
      <trkpt lat="30.622173" lon="104.18662">
        <time>2026-04-24T10:20:54Z</time>
      </trkpt>
      <trkpt lat="30.622185" lon="104.18656">
        <time>2026-04-24T10:20:55Z</time>
      </trkpt>
      <trkpt lat="30.622196" lon="104.18649">
        <time>2026-04-24T10:20:56Z</time>
      </trkpt>
      <trkpt lat="30.622211" lon="104.18643">
        <time>2026-04-24T10:20:57Z</time>
      </trkpt>
      <trkpt lat="30.622223" lon="104.18637">
        <time>2026-04-24T10:20:58Z</time>
      </trkpt>
      <trkpt lat="30.622232" lon="104.18631">
        <time>2026-04-24T10:20:59Z</time>
      </trkpt>
      <trkpt lat="30.622244" lon="104.18625">
        <time>2026-04-24T10:21:00Z</time>
      </trkpt>
      <trkpt lat="30.622257" lon="104.18619">
        <time>2026-04-24T10:21:01Z</time>
      </trkpt>
      <trkpt lat="30.62227" lon="104.18613">
        <time>2026-04-24T10:21:02Z</time>
      </trkpt>
      <trkpt lat="30.62228" lon="104.18606">
        <time>2026-04-24T10:21:03Z</time>
      </trkpt>
      <trkpt lat="30.622286" lon="104.186">
        <time>2026-04-24T10:21:04Z</time>
      </trkpt>
      <trkpt lat="30.6223" lon="104.185936">
        <time>2026-04-24T10:21:05Z</time>
      </trkpt>
      <trkpt lat="30.622313" lon="104.18587">
        <time>2026-04-24T10:21:06Z</time>
      </trkpt>
      <trkpt lat="30.622326" lon="104.18581">
        <time>2026-04-24T10:21:07Z</time>
      </trkpt>
      <trkpt lat="30.62234" lon="104.185745">
        <time>2026-04-24T10:21:08Z</time>
      </trkpt>
      <trkpt lat="30.622355" lon="104.18568">
        <time>2026-04-24T10:21:09Z</time>
      </trkpt>
      <trkpt lat="30.622368" lon="104.185616">
        <time>2026-04-24T10:21:10Z</time>
      </trkpt>
      <trkpt lat="30.622383" lon="104.18555">
        <time>2026-04-24T10:21:11Z</time>
      </trkpt>
      <trkpt lat="30.622396" lon="104.18548">
        <time>2026-04-24T10:21:12Z</time>
      </trkpt>
      <trkpt lat="30.622412" lon="104.18541">
        <time>2026-04-24T10:21:13Z</time>
      </trkpt>
      <trkpt lat="30.622427" lon="104.18534">
        <time>2026-04-24T10:21:14Z</time>
      </trkpt>
      <trkpt lat="30.622438" lon="104.18527">
        <time>2026-04-24T10:21:15Z</time>
      </trkpt>
      <trkpt lat="30.62245" lon="104.18521">
        <time>2026-04-24T10:21:16Z</time>
      </trkpt>
      <trkpt lat="30.622463" lon="104.18514">
        <time>2026-04-24T10:21:17Z</time>
      </trkpt>
      <trkpt lat="30.622473" lon="104.18508">
        <time>2026-04-24T10:21:18Z</time>
      </trkpt>
      <trkpt lat="30.622484" lon="104.18501">
        <time>2026-04-24T10:21:19Z</time>
      </trkpt>
      <trkpt lat="30.622498" lon="104.18495">
        <time>2026-04-24T10:21:20Z</time>
      </trkpt>
      <trkpt lat="30.622513" lon="104.18489">
        <time>2026-04-24T10:21:21Z</time>
      </trkpt>
      <trkpt lat="30.622528" lon="104.18482">
        <time>2026-04-24T10:21:22Z</time>
      </trkpt>
      <trkpt lat="30.622541" lon="104.18476">
        <time>2026-04-24T10:21:23Z</time>
      </trkpt>
      <trkpt lat="30.622551" lon="104.1847">
        <time>2026-04-24T10:21:24Z</time>
      </trkpt>
      <trkpt lat="30.622564" lon="104.18463">
        <time>2026-04-24T10:21:25Z</time>
      </trkpt>
      <trkpt lat="30.62258" lon="104.18458">
        <time>2026-04-24T10:21:26Z</time>
      </trkpt>
      <trkpt lat="30.622591" lon="104.18452">
        <time>2026-04-24T10:21:27Z</time>
      </trkpt>
      <trkpt lat="30.622602" lon="104.18445">
        <time>2026-04-24T10:21:28Z</time>
      </trkpt>
      <trkpt lat="30.622614" lon="104.18439">
        <time>2026-04-24T10:21:29Z</time>
      </trkpt>
      <trkpt lat="30.622625" lon="104.184326">
        <time>2026-04-24T10:21:30Z</time>
      </trkpt>
      <trkpt lat="30.622639" lon="104.184265">
        <time>2026-04-24T10:21:31Z</time>
      </trkpt>
      <trkpt lat="30.622652" lon="104.184204">
        <time>2026-04-24T10:21:32Z</time>
      </trkpt>
      <trkpt lat="30.622663" lon="104.18414">
        <time>2026-04-24T10:21:33Z</time>
      </trkpt>
      <trkpt lat="30.622677" lon="104.18408">
        <time>2026-04-24T10:21:34Z</time>
      </trkpt>
      <trkpt lat="30.622692" lon="104.18401">
        <time>2026-04-24T10:21:35Z</time>
      </trkpt>
      <trkpt lat="30.622707" lon="104.18395">
        <time>2026-04-24T10:21:36Z</time>
      </trkpt>
      <trkpt lat="30.622719" lon="104.18389">
        <time>2026-04-24T10:21:37Z</time>
      </trkpt>
      <trkpt lat="30.622734" lon="104.18382">
        <time>2026-04-24T10:21:38Z</time>
      </trkpt>
      <trkpt lat="30.622746" lon="104.18376">
        <time>2026-04-24T10:21:39Z</time>
      </trkpt>
      <trkpt lat="30.62276" lon="104.1837">
        <time>2026-04-24T10:21:40Z</time>
      </trkpt>
      <trkpt lat="30.622774" lon="104.18363">
        <time>2026-04-24T10:21:41Z</time>
      </trkpt>
      <trkpt lat="30.622787" lon="104.18357">
        <time>2026-04-24T10:21:42Z</time>
      </trkpt>
      <trkpt lat="30.6228" lon="104.18351">
        <time>2026-04-24T10:21:43Z</time>
      </trkpt>
      <trkpt lat="30.622824" lon="104.18344">
        <time>2026-04-24T10:21:44Z</time>
      </trkpt>
      <trkpt lat="30.622839" lon="104.18337">
        <time>2026-04-24T10:21:45Z</time>
      </trkpt>
      <trkpt lat="30.622854" lon="104.183304">
        <time>2026-04-24T10:21:46Z</time>
      </trkpt>
      <trkpt lat="30.62287" lon="104.183235">
        <time>2026-04-24T10:21:47Z</time>
      </trkpt>
      <trkpt lat="30.622889" lon="104.18317">
        <time>2026-04-24T10:21:48Z</time>
      </trkpt>
      <trkpt lat="30.622908" lon="104.183105">
        <time>2026-04-24T10:21:49Z</time>
      </trkpt>
      <trkpt lat="30.622929" lon="104.18304">
        <time>2026-04-24T10:21:50Z</time>
      </trkpt>
      <trkpt lat="30.622944" lon="104.182976">
        <time>2026-04-24T10:21:51Z</time>
      </trkpt>
      <trkpt lat="30.622957" lon="104.18291">
        <time>2026-04-24T10:21:52Z</time>
      </trkpt>
      <trkpt lat="30.622972" lon="104.18284">
        <time>2026-04-24T10:21:53Z</time>
      </trkpt>
      <trkpt lat="30.62299" lon="104.18277">
        <time>2026-04-24T10:21:54Z</time>
      </trkpt>
      <trkpt lat="30.623009" lon="104.18271">
        <time>2026-04-24T10:21:55Z</time>
      </trkpt>
      <trkpt lat="30.623026" lon="104.18265">
        <time>2026-04-24T10:21:56Z</time>
      </trkpt>
      <trkpt lat="30.623041" lon="104.18258">
        <time>2026-04-24T10:21:57Z</time>
      </trkpt>
      <trkpt lat="30.623058" lon="104.18252">
        <time>2026-04-24T10:21:58Z</time>
      </trkpt>
      <trkpt lat="30.623077" lon="104.18246">
        <time>2026-04-24T10:21:59Z</time>
      </trkpt>
      <trkpt lat="30.623093" lon="104.18239">
        <time>2026-04-24T10:22:00Z</time>
      </trkpt>
      <trkpt lat="30.623114" lon="104.18233">
        <time>2026-04-24T10:22:01Z</time>
      </trkpt>
      <trkpt lat="30.623133" lon="104.18227">
        <time>2026-04-24T10:22:02Z</time>
      </trkpt>
      <trkpt lat="30.623152" lon="104.1822">
        <time>2026-04-24T10:22:03Z</time>
      </trkpt>
      <trkpt lat="30.62317" lon="104.18214">
        <time>2026-04-24T10:22:04Z</time>
      </trkpt>
      <trkpt lat="30.623188" lon="104.18207">
        <time>2026-04-24T10:22:05Z</time>
      </trkpt>
      <trkpt lat="30.62321" lon="104.182">
        <time>2026-04-24T10:22:06Z</time>
      </trkpt>
      <trkpt lat="30.623234" lon="104.18193">
        <time>2026-04-24T10:22:07Z</time>
      </trkpt>
      <trkpt lat="30.623259" lon="104.18186">
        <time>2026-04-24T10:22:08Z</time>
      </trkpt>
      <trkpt lat="30.623281" lon="104.1818">
        <time>2026-04-24T10:22:09Z</time>
      </trkpt>
      <trkpt lat="30.623304" lon="104.18173">
        <time>2026-04-24T10:22:10Z</time>
      </trkpt>
      <trkpt lat="30.62333" lon="104.18166">
        <time>2026-04-24T10:22:11Z</time>
      </trkpt>
      <trkpt lat="30.623356" lon="104.18159">
        <time>2026-04-24T10:22:12Z</time>
      </trkpt>
      <trkpt lat="30.623388" lon="104.18152">
        <time>2026-04-24T10:22:13Z</time>
      </trkpt>
      <trkpt lat="30.62342" lon="104.18145">
        <time>2026-04-24T10:22:14Z</time>
      </trkpt>
      <trkpt lat="30.62345" lon="104.18137">
        <time>2026-04-24T10:22:15Z</time>
      </trkpt>
      <trkpt lat="30.623476" lon="104.1813">
        <time>2026-04-24T10:22:16Z</time>
      </trkpt>
      <trkpt lat="30.623503" lon="104.18121">
        <time>2026-04-24T10:22:17Z</time>
      </trkpt>
      <trkpt lat="30.62353" lon="104.18114">
        <time>2026-04-24T10:22:18Z</time>
      </trkpt>
      <trkpt lat="30.623552" lon="104.18105">
        <time>2026-04-24T10:22:19Z</time>
      </trkpt>
      <trkpt lat="30.623568" lon="104.18097">
        <time>2026-04-24T10:22:20Z</time>
      </trkpt>
      <trkpt lat="30.623592" lon="104.180885">
        <time>2026-04-24T10:22:21Z</time>
      </trkpt>
      <trkpt lat="30.623621" lon="104.1808">
        <time>2026-04-24T10:22:22Z</time>
      </trkpt>
      <trkpt lat="30.623653" lon="104.18072">
        <time>2026-04-24T10:22:23Z</time>
      </trkpt>
      <trkpt lat="30.623684" lon="104.18063">
        <time>2026-04-24T10:22:24Z</time>
      </trkpt>
      <trkpt lat="30.623714" lon="104.18054">
        <time>2026-04-24T10:22:25Z</time>
      </trkpt>
      <trkpt lat="30.623747" lon="104.18046">
        <time>2026-04-24T10:22:26Z</time>
      </trkpt>
      <trkpt lat="30.623777" lon="104.18037">
        <time>2026-04-24T10:22:27Z</time>
      </trkpt>
      <trkpt lat="30.62381" lon="104.18028">
        <time>2026-04-24T10:22:28Z</time>
      </trkpt>
      <trkpt lat="30.62384" lon="104.18019">
        <time>2026-04-24T10:22:29Z</time>
      </trkpt>
      <trkpt lat="30.623875" lon="104.1801">
        <time>2026-04-24T10:22:30Z</time>
      </trkpt>
      <trkpt lat="30.623909" lon="104.18001">
        <time>2026-04-24T10:22:31Z</time>
      </trkpt>
      <trkpt lat="30.623938" lon="104.17992">
        <time>2026-04-24T10:22:32Z</time>
      </trkpt>
      <trkpt lat="30.62397" lon="104.17982">
        <time>2026-04-24T10:22:33Z</time>
      </trkpt>
      <trkpt lat="30.624002" lon="104.179726">
        <time>2026-04-24T10:22:34Z</time>
      </trkpt>
      <trkpt lat="30.62404" lon="104.179634">
        <time>2026-04-24T10:22:35Z</time>
      </trkpt>
      <trkpt lat="30.624075" lon="104.179535">
        <time>2026-04-24T10:22:36Z</time>
      </trkpt>
      <trkpt lat="30.624113" lon="104.17944">
        <time>2026-04-24T10:22:37Z</time>
      </trkpt>
      <trkpt lat="30.624146" lon="104.179344">
        <time>2026-04-24T10:22:38Z</time>
      </trkpt>
      <trkpt lat="30.624176" lon="104.17925">
        <time>2026-04-24T10:22:39Z</time>
      </trkpt>
      <trkpt lat="30.624208" lon="104.17915">
        <time>2026-04-24T10:22:40Z</time>
      </trkpt>
      <trkpt lat="30.624243" lon="104.179054">
        <time>2026-04-24T10:22:41Z</time>
      </trkpt>
      <trkpt lat="30.62428" lon="104.17896">
        <time>2026-04-24T10:22:42Z</time>
      </trkpt>
      <trkpt lat="30.62432" lon="104.17886">
        <time>2026-04-24T10:22:43Z</time>
      </trkpt>
      <trkpt lat="30.624355" lon="104.17877">
        <time>2026-04-24T10:22:44Z</time>
      </trkpt>
      <trkpt lat="30.624386" lon="104.17867">
        <time>2026-04-24T10:22:45Z</time>
      </trkpt>
      <trkpt lat="30.624414" lon="104.17858">
        <time>2026-04-24T10:22:46Z</time>
      </trkpt>
      <trkpt lat="30.624449" lon="104.17848">
        <time>2026-04-24T10:22:47Z</time>
      </trkpt>
      <trkpt lat="30.624481" lon="104.17839">
        <time>2026-04-24T10:22:48Z</time>
      </trkpt>
      <trkpt lat="30.624517" lon="104.17831">
        <time>2026-04-24T10:22:49Z</time>
      </trkpt>
      <trkpt lat="30.624554" lon="104.178215">
        <time>2026-04-24T10:22:50Z</time>
      </trkpt>
      <trkpt lat="30.624586" lon="104.17813">
        <time>2026-04-24T10:22:51Z</time>
      </trkpt>
      <trkpt lat="30.624619" lon="104.17804">
        <time>2026-04-24T10:22:52Z</time>
      </trkpt>
      <trkpt lat="30.62465" lon="104.177956">
        <time>2026-04-24T10:22:53Z</time>
      </trkpt>
      <trkpt lat="30.624683" lon="104.17787">
        <time>2026-04-24T10:22:54Z</time>
      </trkpt>
      <trkpt lat="30.624716" lon="104.177795">
        <time>2026-04-24T10:22:55Z</time>
      </trkpt>
      <trkpt lat="30.624756" lon="104.17772">
        <time>2026-04-24T10:22:56Z</time>
      </trkpt>
      <trkpt lat="30.624794" lon="104.17764">
        <time>2026-04-24T10:22:57Z</time>
      </trkpt>
      <trkpt lat="30.624823" lon="104.177574">
        <time>2026-04-24T10:22:58Z</time>
      </trkpt>
      <trkpt lat="30.62485" lon="104.1775">
        <time>2026-04-24T10:22:59Z</time>
      </trkpt>
      <trkpt lat="30.624874" lon="104.17742">
        <time>2026-04-24T10:23:00Z</time>
      </trkpt>
      <trkpt lat="30.624893" lon="104.17735">
        <time>2026-04-24T10:23:01Z</time>
      </trkpt>
      <trkpt lat="30.624908" lon="104.17728">
        <time>2026-04-24T10:23:02Z</time>
      </trkpt>
      <trkpt lat="30.62492" lon="104.1772">
        <time>2026-04-24T10:23:03Z</time>
      </trkpt>
      <trkpt lat="30.624939" lon="104.17713">
        <time>2026-04-24T10:23:04Z</time>
      </trkpt>
      <trkpt lat="30.624966" lon="104.17706">
        <time>2026-04-24T10:23:05Z</time>
      </trkpt>
      <trkpt lat="30.624994" lon="104.176994">
        <time>2026-04-24T10:23:06Z</time>
      </trkpt>
      <trkpt lat="30.62502" lon="104.176926">
        <time>2026-04-24T10:23:07Z</time>
      </trkpt>
      <trkpt lat="30.625044" lon="104.176865">
        <time>2026-04-24T10:23:08Z</time>
      </trkpt>
      <trkpt lat="30.62507" lon="104.176796">
        <time>2026-04-24T10:23:09Z</time>
      </trkpt>
      <trkpt lat="30.6251" lon="104.176735">
        <time>2026-04-24T10:23:10Z</time>
      </trkpt>
      <trkpt lat="30.625122" lon="104.17667">
        <time>2026-04-24T10:23:11Z</time>
      </trkpt>
      <trkpt lat="30.625145" lon="104.176605">
        <time>2026-04-24T10:23:12Z</time>
      </trkpt>
      <trkpt lat="30.625166" lon="104.17654">
        <time>2026-04-24T10:23:13Z</time>
      </trkpt>
      <trkpt lat="30.625189" lon="104.176476">
        <time>2026-04-24T10:23:14Z</time>
      </trkpt>
      <trkpt lat="30.625214" lon="104.176414">
        <time>2026-04-24T10:23:15Z</time>
      </trkpt>
      <trkpt lat="30.625238" lon="104.17635">
        <time>2026-04-24T10:23:16Z</time>
      </trkpt>
      <trkpt lat="30.62526" lon="104.176285">
        <time>2026-04-24T10:23:17Z</time>
      </trkpt>
      <trkpt lat="30.62528" lon="104.17622">
        <time>2026-04-24T10:23:18Z</time>
      </trkpt>
      <trkpt lat="30.625303" lon="104.17617">
        <time>2026-04-24T10:23:19Z</time>
      </trkpt>
      <trkpt lat="30.62533" lon="104.17611">
        <time>2026-04-24T10:23:20Z</time>
      </trkpt>
      <trkpt lat="30.625355" lon="104.176056">
        <time>2026-04-24T10:23:21Z</time>
      </trkpt>
      <trkpt lat="30.625376" lon="104.175995">
        <time>2026-04-24T10:23:22Z</time>
      </trkpt>
      <trkpt lat="30.625399" lon="104.17594">
        <time>2026-04-24T10:23:23Z</time>
      </trkpt>
      <trkpt lat="30.625416" lon="104.17588">
        <time>2026-04-24T10:23:24Z</time>
      </trkpt>
      <trkpt lat="30.625433" lon="104.17582">
        <time>2026-04-24T10:23:25Z</time>
      </trkpt>
      <trkpt lat="30.625454" lon="104.17576">
        <time>2026-04-24T10:23:26Z</time>
      </trkpt>
      <trkpt lat="30.625475" lon="104.17569">
        <time>2026-04-24T10:23:27Z</time>
      </trkpt>
      <trkpt lat="30.625496" lon="104.17563">
        <time>2026-04-24T10:23:28Z</time>
      </trkpt>
      <trkpt lat="30.625513" lon="104.175575">
        <time>2026-04-24T10:23:29Z</time>
      </trkpt>
      <trkpt lat="30.625534" lon="104.175514">
        <time>2026-04-24T10:23:30Z</time>
      </trkpt>
      <trkpt lat="30.625553" lon="104.17545">
        <time>2026-04-24T10:23:31Z</time>
      </trkpt>
      <trkpt lat="30.625578" lon="104.175385">
        <time>2026-04-24T10:23:32Z</time>
      </trkpt>
      <trkpt lat="30.625605" lon="104.175316">
        <time>2026-04-24T10:23:33Z</time>
      </trkpt>
      <trkpt lat="30.62563" lon="104.17525">
        <time>2026-04-24T10:23:34Z</time>
      </trkpt>
      <trkpt lat="30.625654" lon="104.175186">
        <time>2026-04-24T10:23:35Z</time>
      </trkpt>
      <trkpt lat="30.625679" lon="104.17512">
        <time>2026-04-24T10:23:36Z</time>
      </trkpt>
      <trkpt lat="30.625702" lon="104.17505">
        <time>2026-04-24T10:23:37Z</time>
      </trkpt>
      <trkpt lat="30.625727" lon="104.17499">
        <time>2026-04-24T10:23:38Z</time>
      </trkpt>
      <trkpt lat="30.625751" lon="104.17492">
        <time>2026-04-24T10:23:39Z</time>
      </trkpt>
      <trkpt lat="30.625772" lon="104.17485">
        <time>2026-04-24T10:23:40Z</time>
      </trkpt>
      <trkpt lat="30.6258" lon="104.17478">
        <time>2026-04-24T10:23:41Z</time>
      </trkpt>
      <trkpt lat="30.625824" lon="104.17471">
        <time>2026-04-24T10:23:42Z</time>
      </trkpt>
      <trkpt lat="30.625849" lon="104.17465">
        <time>2026-04-24T10:23:43Z</time>
      </trkpt>
      <trkpt lat="30.625875" lon="104.17458">
        <time>2026-04-24T10:23:44Z</time>
      </trkpt>
      <trkpt lat="30.625898" lon="104.174515">
        <time>2026-04-24T10:23:45Z</time>
      </trkpt>
      <trkpt lat="30.625921" lon="104.17445">
        <time>2026-04-24T10:23:46Z</time>
      </trkpt>
      <trkpt lat="30.625946" lon="104.174385">
        <time>2026-04-24T10:23:47Z</time>
      </trkpt>
      <trkpt lat="30.62597" lon="104.17432">
        <time>2026-04-24T10:23:48Z</time>
      </trkpt>
      <trkpt lat="30.625996" lon="104.174255">
        <time>2026-04-24T10:23:49Z</time>
      </trkpt>
      <trkpt lat="30.626019" lon="104.174194">
        <time>2026-04-24T10:23:50Z</time>
      </trkpt>
      <trkpt lat="30.626041" lon="104.174126">
        <time>2026-04-24T10:23:51Z</time>
      </trkpt>
      <trkpt lat="30.626062" lon="104.174065">
        <time>2026-04-24T10:23:52Z</time>
      </trkpt>
      <trkpt lat="30.626085" lon="104.173996">
        <time>2026-04-24T10:23:53Z</time>
      </trkpt>
      <trkpt lat="30.626108" lon="104.173935">
        <time>2026-04-24T10:23:54Z</time>
      </trkpt>
      <trkpt lat="30.626131" lon="104.17387">
        <time>2026-04-24T10:23:55Z</time>
      </trkpt>
      <trkpt lat="30.626156" lon="104.173805">
        <time>2026-04-24T10:23:56Z</time>
      </trkpt>
      <trkpt lat="30.62618" lon="104.173744">
        <time>2026-04-24T10:23:57Z</time>
      </trkpt>
      <trkpt lat="30.626207" lon="104.17368">
        <time>2026-04-24T10:23:58Z</time>
      </trkpt>
      <trkpt lat="30.62623" lon="104.17362">
        <time>2026-04-24T10:23:59Z</time>
      </trkpt>
      <trkpt lat="30.62625" lon="104.17355">
        <time>2026-04-24T10:24:00Z</time>
      </trkpt>
      <trkpt lat="30.626274" lon="104.17349">
        <time>2026-04-24T10:24:01Z</time>
      </trkpt>
      <trkpt lat="30.626297" lon="104.17343">
        <time>2026-04-24T10:24:02Z</time>
      </trkpt>
      <trkpt lat="30.62632" lon="104.17337">
        <time>2026-04-24T10:24:03Z</time>
      </trkpt>
      <trkpt lat="30.62634" lon="104.17331">
        <time>2026-04-24T10:24:04Z</time>
      </trkpt>
      <trkpt lat="30.626366" lon="104.17324">
        <time>2026-04-24T10:24:05Z</time>
      </trkpt>
      <trkpt lat="30.62639" lon="104.17318">
        <time>2026-04-24T10:24:06Z</time>
      </trkpt>
      <trkpt lat="30.626413" lon="104.17312">
        <time>2026-04-24T10:24:07Z</time>
      </trkpt>
      <trkpt lat="30.626436" lon="104.17305">
        <time>2026-04-24T10:24:08Z</time>
      </trkpt>
      <trkpt lat="30.626463" lon="104.17299">
        <time>2026-04-24T10:24:09Z</time>
      </trkpt>
      <trkpt lat="30.626488" lon="104.17293">
        <time>2026-04-24T10:24:10Z</time>
      </trkpt>
      <trkpt lat="30.626513" lon="104.17286">
        <time>2026-04-24T10:24:11Z</time>
      </trkpt>
      <trkpt lat="30.626537" lon="104.1728">
        <time>2026-04-24T10:24:12Z</time>
      </trkpt>
      <trkpt lat="30.626558" lon="104.17273">
        <time>2026-04-24T10:24:13Z</time>
      </trkpt>
      <trkpt lat="30.626581" lon="104.17266">
        <time>2026-04-24T10:24:14Z</time>
      </trkpt>
      <trkpt lat="30.626606" lon="104.1726">
        <time>2026-04-24T10:24:15Z</time>
      </trkpt>
      <trkpt lat="30.626633" lon="104.17253">
        <time>2026-04-24T10:24:16Z</time>
      </trkpt>
      <trkpt lat="30.626657" lon="104.17247">
        <time>2026-04-24T10:24:17Z</time>
      </trkpt>
      <trkpt lat="30.626682" lon="104.1724">
        <time>2026-04-24T10:24:18Z</time>
      </trkpt>
      <trkpt lat="30.626707" lon="104.17233">
        <time>2026-04-24T10:24:19Z</time>
      </trkpt>
      <trkpt lat="30.626732" lon="104.172264">
        <time>2026-04-24T10:24:20Z</time>
      </trkpt>
      <trkpt lat="30.626757" lon="104.172195">
        <time>2026-04-24T10:24:21Z</time>
      </trkpt>
      <trkpt lat="30.626785" lon="104.17213">
        <time>2026-04-24T10:24:22Z</time>
      </trkpt>
      <trkpt lat="30.626814" lon="104.17206">
        <time>2026-04-24T10:24:23Z</time>
      </trkpt>
      <trkpt lat="30.62684" lon="104.17199">
        <time>2026-04-24T10:24:24Z</time>
      </trkpt>
      <trkpt lat="30.62687" lon="104.17192">
        <time>2026-04-24T10:24:25Z</time>
      </trkpt>
      <trkpt lat="30.626898" lon="104.17185">
        <time>2026-04-24T10:24:26Z</time>
      </trkpt>
      <trkpt lat="30.626928" lon="104.17179">
        <time>2026-04-24T10:24:27Z</time>
      </trkpt>
      <trkpt lat="30.62696" lon="104.17172">
        <time>2026-04-24T10:24:28Z</time>
      </trkpt>
      <trkpt lat="30.626991" lon="104.17165">
        <time>2026-04-24T10:24:29Z</time>
      </trkpt>
      <trkpt lat="30.627024" lon="104.17159">
        <time>2026-04-24T10:24:30Z</time>
      </trkpt>
      <trkpt lat="30.627054" lon="104.171524">
        <time>2026-04-24T10:24:31Z</time>
      </trkpt>
      <trkpt lat="30.627087" lon="104.17146">
        <time>2026-04-24T10:24:32Z</time>
      </trkpt>
      <trkpt lat="30.627117" lon="104.171394">
        <time>2026-04-24T10:24:33Z</time>
      </trkpt>
      <trkpt lat="30.627146" lon="104.171326">
        <time>2026-04-24T10:24:34Z</time>
      </trkpt>
      <trkpt lat="30.627174" lon="104.17126">
        <time>2026-04-24T10:24:35Z</time>
      </trkpt>
      <trkpt lat="30.627205" lon="104.17119">
        <time>2026-04-24T10:24:36Z</time>
      </trkpt>
      <trkpt lat="30.627235" lon="104.17112">
        <time>2026-04-24T10:24:37Z</time>
      </trkpt>
      <trkpt lat="30.627268" lon="104.17105">
        <time>2026-04-24T10:24:38Z</time>
      </trkpt>
      <trkpt lat="30.627304" lon="104.17098">
        <time>2026-04-24T10:24:39Z</time>
      </trkpt>
      <trkpt lat="30.627337" lon="104.17091">
        <time>2026-04-24T10:24:40Z</time>
      </trkpt>
      <trkpt lat="30.627369" lon="104.170845">
        <time>2026-04-24T10:24:41Z</time>
      </trkpt>
      <trkpt lat="30.627398" lon="104.17078">
        <time>2026-04-24T10:24:42Z</time>
      </trkpt>
      <trkpt lat="30.627424" lon="104.17071">
        <time>2026-04-24T10:24:43Z</time>
      </trkpt>
      <trkpt lat="30.627453" lon="104.17064">
        <time>2026-04-24T10:24:44Z</time>
      </trkpt>
      <trkpt lat="30.627483" lon="104.17056">
        <time>2026-04-24T10:24:45Z</time>
      </trkpt>
      <trkpt lat="30.627516" lon="104.170494">
        <time>2026-04-24T10:24:46Z</time>
      </trkpt>
      <trkpt lat="30.627542" lon="104.17042">
        <time>2026-04-24T10:24:47Z</time>
      </trkpt>
      <trkpt lat="30.62757" lon="104.17034">
        <time>2026-04-24T10:24:48Z</time>
      </trkpt>
      <trkpt lat="30.6276" lon="104.17027">
        <time>2026-04-24T10:24:49Z</time>
      </trkpt>
      <trkpt lat="30.627634" lon="104.170204">
        <time>2026-04-24T10:24:50Z</time>
      </trkpt>
      <trkpt lat="30.627674" lon="104.170135">
        <time>2026-04-24T10:24:51Z</time>
      </trkpt>
      <trkpt lat="30.627714" lon="104.170074">
        <time>2026-04-24T10:24:52Z</time>
      </trkpt>
      <trkpt lat="30.62775" lon="104.170006">
        <time>2026-04-24T10:24:53Z</time>
      </trkpt>
      <trkpt lat="30.627783" lon="104.16994">
        <time>2026-04-24T10:24:54Z</time>
      </trkpt>
      <trkpt lat="30.627817" lon="104.16987">
        <time>2026-04-24T10:24:55Z</time>
      </trkpt>
      <trkpt lat="30.627846" lon="104.16979">
        <time>2026-04-24T10:24:56Z</time>
      </trkpt>
      <trkpt lat="30.627876" lon="104.16972">
        <time>2026-04-24T10:24:57Z</time>
      </trkpt>
      <trkpt lat="30.627907" lon="104.169655">
        <time>2026-04-24T10:24:58Z</time>
      </trkpt>
      <trkpt lat="30.62794" lon="104.169586">
        <time>2026-04-24T10:24:59Z</time>
      </trkpt>
      <trkpt lat="30.627975" lon="104.169525">
        <time>2026-04-24T10:25:00Z</time>
      </trkpt>
      <trkpt lat="30.628012" lon="104.16946">
        <time>2026-04-24T10:25:01Z</time>
      </trkpt>
      <trkpt lat="30.628046" lon="104.16939">
        <time>2026-04-24T10:25:02Z</time>
      </trkpt>
      <trkpt lat="30.62808" lon="104.16932">
        <time>2026-04-24T10:25:03Z</time>
      </trkpt>
      <trkpt lat="30.628115" lon="104.16925">
        <time>2026-04-24T10:25:04Z</time>
      </trkpt>
      <trkpt lat="30.62815" lon="104.16918">
        <time>2026-04-24T10:25:05Z</time>
      </trkpt>
      <trkpt lat="30.628185" lon="104.16911">
        <time>2026-04-24T10:25:06Z</time>
      </trkpt>
      <trkpt lat="30.62822" lon="104.169044">
        <time>2026-04-24T10:25:07Z</time>
      </trkpt>
      <trkpt lat="30.628256" lon="104.168976">
        <time>2026-04-24T10:25:08Z</time>
      </trkpt>
      <trkpt lat="30.62829" lon="104.1689">
        <time>2026-04-24T10:25:09Z</time>
      </trkpt>
      <trkpt lat="30.628326" lon="104.16883">
        <time>2026-04-24T10:25:10Z</time>
      </trkpt>
      <trkpt lat="30.628366" lon="104.16877">
        <time>2026-04-24T10:25:11Z</time>
      </trkpt>
      <trkpt lat="30.628407" lon="104.1687">
        <time>2026-04-24T10:25:12Z</time>
      </trkpt>
      <trkpt lat="30.628447" lon="104.16863">
        <time>2026-04-24T10:25:13Z</time>
      </trkpt>
      <trkpt lat="30.628487" lon="104.168564">
        <time>2026-04-24T10:25:14Z</time>
      </trkpt>
      <trkpt lat="30.628527" lon="104.168495">
        <time>2026-04-24T10:25:15Z</time>
      </trkpt>
      <trkpt lat="30.628567" lon="104.16843">
        <time>2026-04-24T10:25:16Z</time>
      </trkpt>
      <trkpt lat="30.628607" lon="104.16835">
        <time>2026-04-24T10:25:17Z</time>
      </trkpt>
      <trkpt lat="30.62864" lon="104.16828">
        <time>2026-04-24T10:25:18Z</time>
      </trkpt>
      <trkpt lat="30.62867" lon="104.168205">
        <time>2026-04-24T10:25:19Z</time>
      </trkpt>
      <trkpt lat="30.628704" lon="104.16814">
        <time>2026-04-24T10:25:20Z</time>
      </trkpt>
      <trkpt lat="30.628746" lon="104.16808">
        <time>2026-04-24T10:25:21Z</time>
      </trkpt>
      <trkpt lat="30.628786" lon="104.16802">
        <time>2026-04-24T10:25:22Z</time>
      </trkpt>
      <trkpt lat="30.628828" lon="104.16796">
        <time>2026-04-24T10:25:23Z</time>
      </trkpt>
      <trkpt lat="30.628874" lon="104.16789">
        <time>2026-04-24T10:25:24Z</time>
      </trkpt>
      <trkpt lat="30.628927" lon="104.16783">
        <time>2026-04-24T10:25:25Z</time>
      </trkpt>
      <trkpt lat="30.628983" lon="104.167786">
        <time>2026-04-24T10:25:26Z</time>
      </trkpt>
      <trkpt lat="30.629042" lon="104.16775">
        <time>2026-04-24T10:25:27Z</time>
      </trkpt>
      <trkpt lat="30.629103" lon="104.16772">
        <time>2026-04-24T10:25:28Z</time>
      </trkpt>
      <trkpt lat="30.62917" lon="104.16769">
        <time>2026-04-24T10:25:29Z</time>
      </trkpt>
      <trkpt lat="30.629238" lon="104.16766">
        <time>2026-04-24T10:25:30Z</time>
      </trkpt>
      <trkpt lat="30.629309" lon="104.16765">
        <time>2026-04-24T10:25:31Z</time>
      </trkpt>
      <trkpt lat="30.62938" lon="104.16763">
        <time>2026-04-24T10:25:32Z</time>
      </trkpt>
      <trkpt lat="30.629446" lon="104.16763">
        <time>2026-04-24T10:25:33Z</time>
      </trkpt>
      <trkpt lat="30.629515" lon="104.167625">
        <time>2026-04-24T10:25:34Z</time>
      </trkpt>
      <trkpt lat="30.629585" lon="104.16763">
        <time>2026-04-24T10:25:35Z</time>
      </trkpt>
      <trkpt lat="30.629652" lon="104.16764">
        <time>2026-04-24T10:25:36Z</time>
      </trkpt>
      <trkpt lat="30.629715" lon="104.16766">
        <time>2026-04-24T10:25:37Z</time>
      </trkpt>
      <trkpt lat="30.629778" lon="104.16769">
        <time>2026-04-24T10:25:38Z</time>
      </trkpt>
      <trkpt lat="30.629904" lon="104.16773">
        <time>2026-04-24T10:25:39Z</time>
      </trkpt>
      <trkpt lat="30.629965" lon="104.16776">
        <time>2026-04-24T10:25:40Z</time>
      </trkpt>
      <trkpt lat="30.630028" lon="104.16779">
        <time>2026-04-24T10:25:41Z</time>
      </trkpt>
      <trkpt lat="30.63009" lon="104.16782">
        <time>2026-04-24T10:25:42Z</time>
      </trkpt>
      <trkpt lat="30.630154" lon="104.16785">
        <time>2026-04-24T10:25:43Z</time>
      </trkpt>
      <trkpt lat="30.630215" lon="104.16788">
        <time>2026-04-24T10:25:45Z</time>
      </trkpt>
      <trkpt lat="30.630276" lon="104.16791">
        <time>2026-04-24T10:25:46Z</time>
      </trkpt>
      <trkpt lat="30.630331" lon="104.16794">
        <time>2026-04-24T10:25:47Z</time>
      </trkpt>
      <trkpt lat="30.630392" lon="104.16796">
        <time>2026-04-24T10:25:48Z</time>
      </trkpt>
      <trkpt lat="30.630447" lon="104.16799">
        <time>2026-04-24T10:25:49Z</time>
      </trkpt>
      <trkpt lat="30.6305" lon="104.168015">
        <time>2026-04-24T10:25:50Z</time>
      </trkpt>
      <trkpt lat="30.630562" lon="104.168045">
        <time>2026-04-24T10:25:51Z</time>
      </trkpt>
      <trkpt lat="30.630621" lon="104.16807">
        <time>2026-04-24T10:25:52Z</time>
      </trkpt>
      <trkpt lat="30.630682" lon="104.168106">
        <time>2026-04-24T10:25:53Z</time>
      </trkpt>
      <trkpt lat="30.630737" lon="104.168144">
        <time>2026-04-24T10:25:54Z</time>
      </trkpt>
      <trkpt lat="30.630793" lon="104.168175">
        <time>2026-04-24T10:25:55Z</time>
      </trkpt>
      <trkpt lat="30.630844" lon="104.16821">
        <time>2026-04-24T10:25:56Z</time>
      </trkpt>
      <trkpt lat="30.630898" lon="104.16824">
        <time>2026-04-24T10:25:57Z</time>
      </trkpt>
      <trkpt lat="30.63095" lon="104.16828">
        <time>2026-04-24T10:25:58Z</time>
      </trkpt>
      <trkpt lat="30.631002" lon="104.16832">
        <time>2026-04-24T10:25:59Z</time>
      </trkpt>
      <trkpt lat="30.631056" lon="104.16836">
        <time>2026-04-24T10:26:00Z</time>
      </trkpt>
      <trkpt lat="30.631107" lon="104.168396">
        <time>2026-04-24T10:26:01Z</time>
      </trkpt>
      <trkpt lat="30.631159" lon="104.16843">
        <time>2026-04-24T10:26:02Z</time>
      </trkpt>
      <trkpt lat="30.631214" lon="104.168465">
        <time>2026-04-24T10:26:03Z</time>
      </trkpt>
      <trkpt lat="30.631268" lon="104.168495">
        <time>2026-04-24T10:26:04Z</time>
      </trkpt>
      <trkpt lat="30.631319" lon="104.16853">
        <time>2026-04-24T10:26:05Z</time>
      </trkpt>
      <trkpt lat="30.631372" lon="104.16857">
        <time>2026-04-24T10:26:06Z</time>
      </trkpt>
      <trkpt lat="30.631426" lon="104.16861">
        <time>2026-04-24T10:26:07Z</time>
      </trkpt>
      <trkpt lat="30.63148" lon="104.16864">
        <time>2026-04-24T10:26:08Z</time>
      </trkpt>
      <trkpt lat="30.631533" lon="104.16868">
        <time>2026-04-24T10:26:09Z</time>
      </trkpt>
      <trkpt lat="30.631586" lon="104.16871">
        <time>2026-04-24T10:26:10Z</time>
      </trkpt>
      <trkpt lat="30.631638" lon="104.16875">
        <time>2026-04-24T10:26:11Z</time>
      </trkpt>
      <trkpt lat="30.631693" lon="104.16878">
        <time>2026-04-24T10:26:12Z</time>
      </trkpt>
      <trkpt lat="30.631748" lon="104.16881">
        <time>2026-04-24T10:26:13Z</time>
      </trkpt>
      <trkpt lat="30.631802" lon="104.16884">
        <time>2026-04-24T10:26:14Z</time>
      </trkpt>
      <trkpt lat="30.631855" lon="104.16887">
        <time>2026-04-24T10:26:15Z</time>
      </trkpt>
      <trkpt lat="30.631907" lon="104.16891">
        <time>2026-04-24T10:26:16Z</time>
      </trkpt>
      <trkpt lat="30.63196" lon="104.16894">
        <time>2026-04-24T10:26:17Z</time>
      </trkpt>
      <trkpt lat="30.632011" lon="104.168976">
        <time>2026-04-24T10:26:18Z</time>
      </trkpt>
      <trkpt lat="30.632063" lon="104.16901">
        <time>2026-04-24T10:26:19Z</time>
      </trkpt>
      <trkpt lat="30.632114" lon="104.169044">
        <time>2026-04-24T10:26:20Z</time>
      </trkpt>
      <trkpt lat="30.632166" lon="104.169075">
        <time>2026-04-24T10:26:21Z</time>
      </trkpt>
      <trkpt lat="30.632217" lon="104.16911">
        <time>2026-04-24T10:26:22Z</time>
      </trkpt>
      <trkpt lat="30.632265" lon="104.16914">
        <time>2026-04-24T10:26:23Z</time>
      </trkpt>
      <trkpt lat="30.632315" lon="104.169174">
        <time>2026-04-24T10:26:24Z</time>
      </trkpt>
      <trkpt lat="30.632364" lon="104.16921">
        <time>2026-04-24T10:26:25Z</time>
      </trkpt>
      <trkpt lat="30.632414" lon="104.16924">
        <time>2026-04-24T10:26:26Z</time>
      </trkpt>
      <trkpt lat="30.63246" lon="104.16927">
        <time>2026-04-24T10:26:27Z</time>
      </trkpt>
      <trkpt lat="30.632505" lon="104.169304">
        <time>2026-04-24T10:26:28Z</time>
      </trkpt>
      <trkpt lat="30.632551" lon="104.169334">
        <time>2026-04-24T10:26:29Z</time>
      </trkpt>
      <trkpt lat="30.632595" lon="104.169365">
        <time>2026-04-24T10:26:30Z</time>
      </trkpt>
      <trkpt lat="30.632639" lon="104.1694">
        <time>2026-04-24T10:26:31Z</time>
      </trkpt>
      <trkpt lat="30.632683" lon="104.16943">
        <time>2026-04-24T10:26:32Z</time>
      </trkpt>
      <trkpt lat="30.632727" lon="104.16946">
        <time>2026-04-24T10:26:33Z</time>
      </trkpt>
      <trkpt lat="30.63277" lon="104.16949">
        <time>2026-04-24T10:26:34Z</time>
      </trkpt>
      <trkpt lat="30.63281" lon="104.16952">
        <time>2026-04-24T10:26:35Z</time>
      </trkpt>
      <trkpt lat="30.632853" lon="104.16955">
        <time>2026-04-24T10:26:36Z</time>
      </trkpt>
      <trkpt lat="30.632895" lon="104.16958">
        <time>2026-04-24T10:26:37Z</time>
      </trkpt>
      <trkpt lat="30.632935" lon="104.1696">
        <time>2026-04-24T10:26:38Z</time>
      </trkpt>
      <trkpt lat="30.632975" lon="104.16963">
        <time>2026-04-24T10:26:39Z</time>
      </trkpt>
      <trkpt lat="30.633017" lon="104.169655">
        <time>2026-04-24T10:26:40Z</time>
      </trkpt>
      <trkpt lat="30.633059" lon="104.169685">
        <time>2026-04-24T10:26:41Z</time>
      </trkpt>
      <trkpt lat="30.6331" lon="104.16971">
        <time>2026-04-24T10:26:42Z</time>
      </trkpt>
      <trkpt lat="30.633142" lon="104.16973">
        <time>2026-04-24T10:26:43Z</time>
      </trkpt>
      <trkpt lat="30.633186" lon="104.16976">
        <time>2026-04-24T10:26:44Z</time>
      </trkpt>
      <trkpt lat="30.633228" lon="104.169785">
        <time>2026-04-24T10:26:45Z</time>
      </trkpt>
      <trkpt lat="30.633268" lon="104.16982">
        <time>2026-04-24T10:26:46Z</time>
      </trkpt>
      <trkpt lat="30.633307" lon="104.16985">
        <time>2026-04-24T10:26:47Z</time>
      </trkpt>
      <trkpt lat="30.633347" lon="104.16988">
        <time>2026-04-24T10:26:48Z</time>
      </trkpt>
      <trkpt lat="30.633387" lon="104.169914">
        <time>2026-04-24T10:26:49Z</time>
      </trkpt>
      <trkpt lat="30.63343" lon="104.169945">
        <time>2026-04-24T10:26:50Z</time>
      </trkpt>
      <trkpt lat="30.633472" lon="104.169975">
        <time>2026-04-24T10:26:51Z</time>
      </trkpt>
      <trkpt lat="30.633512" lon="104.17">
        <time>2026-04-24T10:26:52Z</time>
      </trkpt>
      <trkpt lat="30.633554" lon="104.17002">
        <time>2026-04-24T10:26:53Z</time>
      </trkpt>
      <trkpt lat="30.633596" lon="104.170044">
        <time>2026-04-24T10:26:54Z</time>
      </trkpt>
      <trkpt lat="30.633636" lon="104.17007">
        <time>2026-04-24T10:26:55Z</time>
      </trkpt>
      <trkpt lat="30.633678" lon="104.1701">
        <time>2026-04-24T10:26:56Z</time>
      </trkpt>
      <trkpt lat="30.633718" lon="104.17013">
        <time>2026-04-24T10:26:57Z</time>
      </trkpt>
      <trkpt lat="30.633759" lon="104.17016">
        <time>2026-04-24T10:26:58Z</time>
      </trkpt>
      <trkpt lat="30.633797" lon="104.17018">
        <time>2026-04-24T10:26:59Z</time>
      </trkpt>
      <trkpt lat="30.633837" lon="104.17021">
        <time>2026-04-24T10:27:00Z</time>
      </trkpt>
      <trkpt lat="30.633875" lon="104.17024">
        <time>2026-04-24T10:27:01Z</time>
      </trkpt>
      <trkpt lat="30.633913" lon="104.17027">
        <time>2026-04-24T10:27:02Z</time>
      </trkpt>
      <trkpt lat="30.633953" lon="104.170296">
        <time>2026-04-24T10:27:03Z</time>
      </trkpt>
      <trkpt lat="30.633993" lon="104.17032">
        <time>2026-04-24T10:27:04Z</time>
      </trkpt>
      <trkpt lat="30.634033" lon="104.17035">
        <time>2026-04-24T10:27:05Z</time>
      </trkpt>
      <trkpt lat="30.634075" lon="104.17037">
        <time>2026-04-24T10:27:06Z</time>
      </trkpt>
      <trkpt lat="30.634115" lon="104.170395">
        <time>2026-04-24T10:27:07Z</time>
      </trkpt>
      <trkpt lat="30.634157" lon="104.17042">
        <time>2026-04-24T10:27:08Z</time>
      </trkpt>
      <trkpt lat="30.634195" lon="104.17044">
        <time>2026-04-24T10:27:09Z</time>
      </trkpt>
      <trkpt lat="30.634237" lon="104.17046">
        <time>2026-04-24T10:27:10Z</time>
      </trkpt>
      <trkpt lat="30.634275" lon="104.17048">
        <time>2026-04-24T10:27:11Z</time>
      </trkpt>
      <trkpt lat="30.634315" lon="104.1705">
        <time>2026-04-24T10:27:12Z</time>
      </trkpt>
      <trkpt lat="30.634354" lon="104.17052">
        <time>2026-04-24T10:27:13Z</time>
      </trkpt>
      <trkpt lat="30.63438" lon="104.170555">
        <time>2026-04-24T10:27:14Z</time>
      </trkpt>
      <trkpt lat="30.63439" lon="104.17059">
        <time>2026-04-24T10:27:15Z</time>
      </trkpt>
      <trkpt lat="30.634401" lon="104.17064">
        <time>2026-04-24T10:27:16Z</time>
      </trkpt>
      <trkpt lat="30.634405" lon="104.17068">
        <time>2026-04-24T10:27:17Z</time>
      </trkpt>
      <trkpt lat="30.63438" lon="104.170715">
        <time>2026-04-24T10:27:18Z</time>
      </trkpt>
      <trkpt lat="30.634363" lon="104.17075">
        <time>2026-04-24T10:27:19Z</time>
      </trkpt>
      <trkpt lat="30.634348" lon="104.17079">
        <time>2026-04-24T10:27:20Z</time>
      </trkpt>
      <trkpt lat="30.63433" lon="104.170845">
        <time>2026-04-24T10:27:21Z</time>
      </trkpt>
      <trkpt lat="30.634308" lon="104.17088">
        <time>2026-04-24T10:27:22Z</time>
      </trkpt>
      <trkpt lat="30.634285" lon="104.17093">
        <time>2026-04-24T10:27:23Z</time>
      </trkpt>
      <trkpt lat="30.634264" lon="104.17097">
        <time>2026-04-24T10:27:24Z</time>
      </trkpt>
      <trkpt lat="30.63424" lon="104.17101">
        <time>2026-04-24T10:27:25Z</time>
      </trkpt>
      <trkpt lat="30.634218" lon="104.17105">
        <time>2026-04-24T10:27:26Z</time>
      </trkpt>
      <trkpt lat="30.634201" lon="104.1711">
        <time>2026-04-24T10:27:27Z</time>
      </trkpt>
      <trkpt lat="30.634184" lon="104.17115">
        <time>2026-04-24T10:27:28Z</time>
      </trkpt>
      <trkpt lat="30.634165" lon="104.171196">
        <time>2026-04-24T10:27:29Z</time>
      </trkpt>
      <trkpt lat="30.634146" lon="104.17124">
        <time>2026-04-24T10:27:30Z</time>
      </trkpt>
      <trkpt lat="30.634125" lon="104.171295">
        <time>2026-04-24T10:27:31Z</time>
      </trkpt>
      <trkpt lat="30.634108" lon="104.17134">
        <time>2026-04-24T10:27:32Z</time>
      </trkpt>
      <trkpt lat="30.634089" lon="104.171394">
        <time>2026-04-24T10:27:33Z</time>
      </trkpt>
      <trkpt lat="30.634068" lon="104.17144">
        <time>2026-04-24T10:27:34Z</time>
      </trkpt>
      <trkpt lat="30.634047" lon="104.17149">
        <time>2026-04-24T10:27:35Z</time>
      </trkpt>
      <trkpt lat="30.634024" lon="104.17154">
        <time>2026-04-24T10:27:36Z</time>
      </trkpt>
      <trkpt lat="30.634" lon="104.171585">
        <time>2026-04-24T10:27:37Z</time>
      </trkpt>
      <trkpt lat="30.633982" lon="104.17163">
        <time>2026-04-24T10:27:38Z</time>
      </trkpt>
      <trkpt lat="30.633968" lon="104.171684">
        <time>2026-04-24T10:27:39Z</time>
      </trkpt>
      <trkpt lat="30.633965" lon="104.17174">
        <time>2026-04-24T10:27:40Z</time>
      </trkpt>
      <trkpt lat="30.633968" lon="104.17179">
        <time>2026-04-24T10:27:41Z</time>
      </trkpt>
      <trkpt lat="30.633974" lon="104.171844">
        <time>2026-04-24T10:27:42Z</time>
      </trkpt>
      <trkpt lat="30.633976" lon="104.1719">
        <time>2026-04-24T10:27:43Z</time>
      </trkpt>
      <trkpt lat="30.633978" lon="104.17195">
        <time>2026-04-24T10:27:44Z</time>
      </trkpt>
      <trkpt lat="30.633982" lon="104.172005">
        <time>2026-04-24T10:27:45Z</time>
      </trkpt>
      <trkpt lat="30.633982" lon="104.17206">
        <time>2026-04-24T10:27:46Z</time>
      </trkpt>
      <trkpt lat="30.63398" lon="104.17211">
        <time>2026-04-24T10:27:47Z</time>
      </trkpt>
      <trkpt lat="30.633976" lon="104.172165">
        <time>2026-04-24T10:27:48Z</time>
      </trkpt>
      <trkpt lat="30.633968" lon="104.17222">
        <time>2026-04-24T10:27:49Z</time>
      </trkpt>
      <trkpt lat="30.633959" lon="104.17227">
        <time>2026-04-24T10:27:50Z</time>
      </trkpt>
      <trkpt lat="30.63395" lon="104.172325">
        <time>2026-04-24T10:27:51Z</time>
      </trkpt>
      <trkpt lat="30.633942" lon="104.17238">
        <time>2026-04-24T10:27:52Z</time>
      </trkpt>
      <trkpt lat="30.633926" lon="104.17243">
        <time>2026-04-24T10:27:53Z</time>
      </trkpt>
      <trkpt lat="30.633905" lon="104.17248">
        <time>2026-04-24T10:27:54Z</time>
      </trkpt>
      <trkpt lat="30.633877" lon="104.17252">
        <time>2026-04-24T10:27:55Z</time>
      </trkpt>
      <trkpt lat="30.633846" lon="104.17256">
        <time>2026-04-24T10:27:56Z</time>
      </trkpt>
      <trkpt lat="30.633814" lon="104.17261">
        <time>2026-04-24T10:27:57Z</time>
      </trkpt>
      <trkpt lat="30.633783" lon="104.17265">
        <time>2026-04-24T10:27:58Z</time>
      </trkpt>
      <trkpt lat="30.633755" lon="104.1727">
        <time>2026-04-24T10:27:59Z</time>
      </trkpt>
      <trkpt lat="30.633726" lon="104.172745">
        <time>2026-04-24T10:28:00Z</time>
      </trkpt>
      <trkpt lat="30.633701" lon="104.17279">
        <time>2026-04-24T10:28:01Z</time>
      </trkpt>
      <trkpt lat="30.63368" lon="104.17284">
        <time>2026-04-24T10:28:02Z</time>
      </trkpt>
      <trkpt lat="30.633665" lon="104.1729">
        <time>2026-04-24T10:28:03Z</time>
      </trkpt>
      <trkpt lat="30.633657" lon="104.17295">
        <time>2026-04-24T10:28:04Z</time>
      </trkpt>
      <trkpt lat="30.633657" lon="104.17301">
        <time>2026-04-24T10:28:05Z</time>
      </trkpt>
      <trkpt lat="30.633656" lon="104.17307">
        <time>2026-04-24T10:28:06Z</time>
      </trkpt>
      <trkpt lat="30.633654" lon="104.17313">
        <time>2026-04-24T10:28:07Z</time>
      </trkpt>
      <trkpt lat="30.633656" lon="104.17319">
        <time>2026-04-24T10:28:08Z</time>
      </trkpt>
      <trkpt lat="30.633657" lon="104.17324">
        <time>2026-04-24T10:28:09Z</time>
      </trkpt>
      <trkpt lat="30.633663" lon="104.1733">
        <time>2026-04-24T10:28:10Z</time>
      </trkpt>
      <trkpt lat="30.633667" lon="104.173355">
        <time>2026-04-24T10:28:11Z</time>
      </trkpt>
      <trkpt lat="30.633675" lon="104.17341">
        <time>2026-04-24T10:28:12Z</time>
      </trkpt>
      <trkpt lat="30.63368" lon="104.17347">
        <time>2026-04-24T10:28:13Z</time>
      </trkpt>
      <trkpt lat="30.633677" lon="104.17352">
        <time>2026-04-24T10:28:14Z</time>
      </trkpt>
      <trkpt lat="30.63367" lon="104.17358">
        <time>2026-04-24T10:28:15Z</time>
      </trkpt>
      <trkpt lat="30.633665" lon="104.17363">
        <time>2026-04-24T10:28:16Z</time>
      </trkpt>
      <trkpt lat="30.633661" lon="104.17368">
        <time>2026-04-24T10:28:17Z</time>
      </trkpt>
      <trkpt lat="30.633657" lon="104.17374">
        <time>2026-04-24T10:28:18Z</time>
      </trkpt>
      <trkpt lat="30.633657" lon="104.17378">
        <time>2026-04-24T10:28:19Z</time>
      </trkpt>
      <trkpt lat="30.633657" lon="104.173836">
        <time>2026-04-24T10:28:20Z</time>
      </trkpt>
      <trkpt lat="30.633635" lon="104.17389">
        <time>2026-04-24T10:28:21Z</time>
      </trkpt>
      <trkpt lat="30.633606" lon="104.17393">
        <time>2026-04-24T10:28:22Z</time>
      </trkpt>
      <trkpt lat="30.633589" lon="104.17397">
        <time>2026-04-24T10:28:23Z</time>
      </trkpt>
      <trkpt lat="30.63357" lon="104.17402">
        <time>2026-04-24T10:28:24Z</time>
      </trkpt>
      <trkpt lat="30.633574" lon="104.17407">
        <time>2026-04-24T10:28:25Z</time>
      </trkpt>
      <trkpt lat="30.633585" lon="104.17412">
        <time>2026-04-24T10:28:26Z</time>
      </trkpt>
      <trkpt lat="30.633593" lon="104.17417">
        <time>2026-04-24T10:28:27Z</time>
      </trkpt>
      <trkpt lat="30.633595" lon="104.17422">
        <time>2026-04-24T10:28:28Z</time>
      </trkpt>
      <trkpt lat="30.63359" lon="104.17426">
        <time>2026-04-24T10:28:29Z</time>
      </trkpt>
      <trkpt lat="30.63358" lon="104.17431">
        <time>2026-04-24T10:28:30Z</time>
      </trkpt>
      <trkpt lat="30.633566" lon="104.174355">
        <time>2026-04-24T10:28:31Z</time>
      </trkpt>
      <trkpt lat="30.633543" lon="104.17439">
        <time>2026-04-24T10:28:32Z</time>
      </trkpt>
      <trkpt lat="30.633516" lon="104.17442">
        <time>2026-04-24T10:28:33Z</time>
      </trkpt>
      <trkpt lat="30.633493" lon="104.17446">
        <time>2026-04-24T10:28:34Z</time>
      </trkpt>
      <trkpt lat="30.633472" lon="104.1745">
        <time>2026-04-24T10:28:35Z</time>
      </trkpt>
      <trkpt lat="30.633463" lon="104.17454">
        <time>2026-04-24T10:28:36Z</time>
      </trkpt>
      <trkpt lat="30.63346" lon="104.17458">
        <time>2026-04-24T10:28:37Z</time>
      </trkpt>
      <trkpt lat="30.63346" lon="104.17463">
        <time>2026-04-24T10:28:38Z</time>
      </trkpt>
      <trkpt lat="30.633457" lon="104.174675">
        <time>2026-04-24T10:28:39Z</time>
      </trkpt>
      <trkpt lat="30.633446" lon="104.17472">
        <time>2026-04-24T10:28:40Z</time>
      </trkpt>
      <trkpt lat="30.633432" lon="104.17477">
        <time>2026-04-24T10:28:41Z</time>
      </trkpt>
      <trkpt lat="30.633408" lon="104.174805">
        <time>2026-04-24T10:28:42Z</time>
      </trkpt>
      <trkpt lat="30.63337" lon="104.174835">
        <time>2026-04-24T10:28:43Z</time>
      </trkpt>
      <trkpt lat="30.633327" lon="104.17485">
        <time>2026-04-24T10:28:44Z</time>
      </trkpt>
      <trkpt lat="30.633284" lon="104.17486">
        <time>2026-04-24T10:28:45Z</time>
      </trkpt>
      <trkpt lat="30.63324" lon="104.17487">
        <time>2026-04-24T10:28:46Z</time>
      </trkpt>
      <trkpt lat="30.6332" lon="104.1749">
        <time>2026-04-24T10:28:47Z</time>
      </trkpt>
      <trkpt lat="30.63317" lon="104.174934">
        <time>2026-04-24T10:28:48Z</time>
      </trkpt>
      <trkpt lat="30.633142" lon="104.17497">
        <time>2026-04-24T10:28:49Z</time>
      </trkpt>
      <trkpt lat="30.633116" lon="104.17502">
        <time>2026-04-24T10:28:50Z</time>
      </trkpt>
      <trkpt lat="30.633093" lon="104.17506">
        <time>2026-04-24T10:28:51Z</time>
      </trkpt>
      <trkpt lat="30.63308" lon="104.1751">
        <time>2026-04-24T10:28:52Z</time>
      </trkpt>
      <trkpt lat="30.633074" lon="104.175156">
        <time>2026-04-24T10:28:53Z</time>
      </trkpt>
      <trkpt lat="30.633072" lon="104.1752">
        <time>2026-04-24T10:28:54Z</time>
      </trkpt>
      <trkpt lat="30.633072" lon="104.175255">
        <time>2026-04-24T10:28:55Z</time>
      </trkpt>
      <trkpt lat="30.633072" lon="104.17531">
        <time>2026-04-24T10:28:56Z</time>
      </trkpt>
      <trkpt lat="30.633074" lon="104.175354">
        <time>2026-04-24T10:28:57Z</time>
      </trkpt>
      <trkpt lat="30.633076" lon="104.17541">
        <time>2026-04-24T10:28:58Z</time>
      </trkpt>
      <trkpt lat="30.633083" lon="104.17546">
        <time>2026-04-24T10:28:59Z</time>
      </trkpt>
      <trkpt lat="30.633097" lon="104.175514">
        <time>2026-04-24T10:29:00Z</time>
      </trkpt>
      <trkpt lat="30.633114" lon="104.17556">
        <time>2026-04-24T10:29:01Z</time>
      </trkpt>
      <trkpt lat="30.633131" lon="104.17561">
        <time>2026-04-24T10:29:02Z</time>
      </trkpt>
      <trkpt lat="30.633152" lon="104.17567">
        <time>2026-04-24T10:29:03Z</time>
      </trkpt>
      <trkpt lat="30.633162" lon="104.17572">
        <time>2026-04-24T10:29:04Z</time>
      </trkpt>
      <trkpt lat="30.633165" lon="104.17578">
        <time>2026-04-24T10:29:05Z</time>
      </trkpt>
      <trkpt lat="30.633158" lon="104.175835">
        <time>2026-04-24T10:29:06Z</time>
      </trkpt>
      <trkpt lat="30.633146" lon="104.17589">
        <time>2026-04-24T10:29:07Z</time>
      </trkpt>
      <trkpt lat="30.633127" lon="104.17594">
        <time>2026-04-24T10:29:08Z</time>
      </trkpt>
      <trkpt lat="30.63311" lon="104.17599">
        <time>2026-04-24T10:29:09Z</time>
      </trkpt>
      <trkpt lat="30.6331" lon="104.17604">
        <time>2026-04-24T10:29:10Z</time>
      </trkpt>
      <trkpt lat="30.633099" lon="104.176094">
        <time>2026-04-24T10:29:11Z</time>
      </trkpt>
      <trkpt lat="30.633099" lon="104.176155">
        <time>2026-04-24T10:29:12Z</time>
      </trkpt>
      <trkpt lat="30.633099" lon="104.17621">
        <time>2026-04-24T10:29:13Z</time>
      </trkpt>
      <trkpt lat="30.633102" lon="104.17626">
        <time>2026-04-24T10:29:14Z</time>
      </trkpt>
      <trkpt lat="30.633106" lon="104.17632">
        <time>2026-04-24T10:29:15Z</time>
      </trkpt>
      <trkpt lat="30.63311" lon="104.17638">
        <time>2026-04-24T10:29:16Z</time>
      </trkpt>
      <trkpt lat="30.633114" lon="104.17643">
        <time>2026-04-24T10:29:17Z</time>
      </trkpt>
      <trkpt lat="30.633116" lon="104.17649">
        <time>2026-04-24T10:29:18Z</time>
      </trkpt>
      <trkpt lat="30.63312" lon="104.176544">
        <time>2026-04-24T10:29:19Z</time>
      </trkpt>
      <trkpt lat="30.633123" lon="104.1766">
        <time>2026-04-24T10:29:20Z</time>
      </trkpt>
      <trkpt lat="30.63313" lon="104.17666">
        <time>2026-04-24T10:29:21Z</time>
      </trkpt>
      <trkpt lat="30.633131" lon="104.17671">
        <time>2026-04-24T10:29:22Z</time>
      </trkpt>
      <trkpt lat="30.633135" lon="104.176765">
        <time>2026-04-24T10:29:23Z</time>
      </trkpt>
      <trkpt lat="30.633137" lon="104.17683">
        <time>2026-04-24T10:29:24Z</time>
      </trkpt>
      <trkpt lat="30.63314" lon="104.17688">
        <time>2026-04-24T10:29:25Z</time>
      </trkpt>
      <trkpt lat="30.633142" lon="104.17694">
        <time>2026-04-24T10:29:26Z</time>
      </trkpt>
      <trkpt lat="30.633142" lon="104.177">
        <time>2026-04-24T10:29:27Z</time>
      </trkpt>
      <trkpt lat="30.633144" lon="104.177055">
        <time>2026-04-24T10:29:28Z</time>
      </trkpt>
      <trkpt lat="30.633146" lon="104.17712">
        <time>2026-04-24T10:29:29Z</time>
      </trkpt>
      <trkpt lat="30.633146" lon="104.17717">
        <time>2026-04-24T10:29:30Z</time>
      </trkpt>
      <trkpt lat="30.633146" lon="104.17723">
        <time>2026-04-24T10:29:31Z</time>
      </trkpt>
      <trkpt lat="30.633142" lon="104.177284">
        <time>2026-04-24T10:29:32Z</time>
      </trkpt>
      <trkpt lat="30.63314" lon="104.177345">
        <time>2026-04-24T10:29:33Z</time>
      </trkpt>
      <trkpt lat="30.633131" lon="104.17746">
        <time>2026-04-24T10:29:34Z</time>
      </trkpt>
      <trkpt lat="30.633125" lon="104.17751">
        <time>2026-04-24T10:29:36Z</time>
      </trkpt>
      <trkpt lat="30.633116" lon="104.17757">
        <time>2026-04-24T10:29:37Z</time>
      </trkpt>
      <trkpt lat="30.633106" lon="104.17763">
        <time>2026-04-24T10:29:38Z</time>
      </trkpt>
      <trkpt lat="30.633095" lon="104.17768">
        <time>2026-04-24T10:29:39Z</time>
      </trkpt>
      <trkpt lat="30.633085" lon="104.177734">
        <time>2026-04-24T10:29:40Z</time>
      </trkpt>
      <trkpt lat="30.633076" lon="104.177795">
        <time>2026-04-24T10:29:41Z</time>
      </trkpt>
      <trkpt lat="30.633066" lon="104.17785">
        <time>2026-04-24T10:29:42Z</time>
      </trkpt>
      <trkpt lat="30.633059" lon="104.17791">
        <time>2026-04-24T10:29:43Z</time>
      </trkpt>
      <trkpt lat="30.633049" lon="104.17796">
        <time>2026-04-24T10:29:44Z</time>
      </trkpt>
      <trkpt lat="30.633034" lon="104.17802">
        <time>2026-04-24T10:29:45Z</time>
      </trkpt>
      <trkpt lat="30.633015" lon="104.17807">
        <time>2026-04-24T10:29:46Z</time>
      </trkpt>
      <trkpt lat="30.632996" lon="104.178116">
        <time>2026-04-24T10:29:47Z</time>
      </trkpt>
      <trkpt lat="30.632975" lon="104.17817">
        <time>2026-04-24T10:29:48Z</time>
      </trkpt>
      <trkpt lat="30.632957" lon="104.178215">
        <time>2026-04-24T10:29:49Z</time>
      </trkpt>
      <trkpt lat="30.632938" lon="104.17827">
        <time>2026-04-24T10:29:50Z</time>
      </trkpt>
      <trkpt lat="30.63292" lon="104.178314">
        <time>2026-04-24T10:29:51Z</time>
      </trkpt>
      <trkpt lat="30.632898" lon="104.17836">
        <time>2026-04-24T10:29:52Z</time>
      </trkpt>
      <trkpt lat="30.63288" lon="104.178406">
        <time>2026-04-24T10:29:53Z</time>
      </trkpt>
      <trkpt lat="30.63286" lon="104.17845">
        <time>2026-04-24T10:29:54Z</time>
      </trkpt>
      <trkpt lat="30.63284" lon="104.1785">
        <time>2026-04-24T10:29:55Z</time>
      </trkpt>
      <trkpt lat="30.63282" lon="104.17854">
        <time>2026-04-24T10:29:56Z</time>
      </trkpt>
      <trkpt lat="30.6328" lon="104.17859">
        <time>2026-04-24T10:29:57Z</time>
      </trkpt>
      <trkpt lat="30.632774" lon="104.178635">
        <time>2026-04-24T10:29:58Z</time>
      </trkpt>
      <trkpt lat="30.632753" lon="104.17868">
        <time>2026-04-24T10:29:59Z</time>
      </trkpt>
      <trkpt lat="30.63273" lon="104.17872">
        <time>2026-04-24T10:30:00Z</time>
      </trkpt>
      <trkpt lat="30.63271" lon="104.178764">
        <time>2026-04-24T10:30:01Z</time>
      </trkpt>
      <trkpt lat="30.632687" lon="104.17881">
        <time>2026-04-24T10:30:02Z</time>
      </trkpt>
      <trkpt lat="30.632662" lon="104.17885">
        <time>2026-04-24T10:30:03Z</time>
      </trkpt>
      <trkpt lat="30.632637" lon="104.17889">
        <time>2026-04-24T10:30:04Z</time>
      </trkpt>
      <trkpt lat="30.632616" lon="104.178925">
        <time>2026-04-24T10:30:05Z</time>
      </trkpt>
      <trkpt lat="30.6326" lon="104.17897">
        <time>2026-04-24T10:30:06Z</time>
      </trkpt>
      <trkpt lat="30.632593" lon="104.179016">
        <time>2026-04-24T10:30:07Z</time>
      </trkpt>
      <trkpt lat="30.632587" lon="104.17906">
        <time>2026-04-24T10:30:08Z</time>
      </trkpt>
      <trkpt lat="30.632584" lon="104.179115">
        <time>2026-04-24T10:30:09Z</time>
      </trkpt>
      <trkpt lat="30.632582" lon="104.17917">
        <time>2026-04-24T10:30:10Z</time>
      </trkpt>
      <trkpt lat="30.632576" lon="104.17922">
        <time>2026-04-24T10:30:11Z</time>
      </trkpt>
      <trkpt lat="30.632572" lon="104.179276">
        <time>2026-04-24T10:30:12Z</time>
      </trkpt>
      <trkpt lat="30.63256" lon="104.17933">
        <time>2026-04-24T10:30:13Z</time>
      </trkpt>
      <trkpt lat="30.632544" lon="104.17938">
        <time>2026-04-24T10:30:14Z</time>
      </trkpt>
      <trkpt lat="30.632523" lon="104.179436">
        <time>2026-04-24T10:30:15Z</time>
      </trkpt>
      <trkpt lat="30.6325" lon="104.17948">
        <time>2026-04-24T10:30:16Z</time>
      </trkpt>
      <trkpt lat="30.632471" lon="104.17952">
        <time>2026-04-24T10:30:17Z</time>
      </trkpt>
      <trkpt lat="30.632433" lon="104.17954">
        <time>2026-04-24T10:30:18Z</time>
      </trkpt>
      <trkpt lat="30.632395" lon="104.179565">
        <time>2026-04-24T10:30:19Z</time>
      </trkpt>
      <trkpt lat="30.632357" lon="104.17958">
        <time>2026-04-24T10:30:20Z</time>
      </trkpt>
      <trkpt lat="30.63232" lon="104.179596">
        <time>2026-04-24T10:30:21Z</time>
      </trkpt>
      <trkpt lat="30.632284" lon="104.17961">
        <time>2026-04-24T10:30:22Z</time>
      </trkpt>
      <trkpt lat="30.632248" lon="104.17963">
        <time>2026-04-24T10:30:23Z</time>
      </trkpt>
      <trkpt lat="30.632215" lon="104.17965">
        <time>2026-04-24T10:30:24Z</time>
      </trkpt>
      <trkpt lat="30.63218" lon="104.179665">
        <time>2026-04-24T10:30:25Z</time>
      </trkpt>
      <trkpt lat="30.632145" lon="104.17969">
        <time>2026-04-24T10:30:26Z</time>
      </trkpt>
      <trkpt lat="30.632114" lon="104.17972">
        <time>2026-04-24T10:30:27Z</time>
      </trkpt>
      <trkpt lat="30.63209" lon="104.179756">
        <time>2026-04-24T10:30:28Z</time>
      </trkpt>
      <trkpt lat="30.632067" lon="104.1798">
        <time>2026-04-24T10:30:29Z</time>
      </trkpt>
      <trkpt lat="30.632042" lon="104.17984">
        <time>2026-04-24T10:30:30Z</time>
      </trkpt>
      <trkpt lat="30.632015" lon="104.17988">
        <time>2026-04-24T10:30:31Z</time>
      </trkpt>
      <trkpt lat="30.631987" lon="104.17991">
        <time>2026-04-24T10:30:32Z</time>
      </trkpt>
      <trkpt lat="30.631958" lon="104.17995">
        <time>2026-04-24T10:30:33Z</time>
      </trkpt>
      <trkpt lat="30.63193" lon="104.179985">
        <time>2026-04-24T10:30:34Z</time>
      </trkpt>
      <trkpt lat="30.6319" lon="104.18002">
        <time>2026-04-24T10:30:35Z</time>
      </trkpt>
      <trkpt lat="30.63187" lon="104.18006">
        <time>2026-04-24T10:30:36Z</time>
      </trkpt>
      <trkpt lat="30.631842" lon="104.1801">
        <time>2026-04-24T10:30:37Z</time>
      </trkpt>
      <trkpt lat="30.631815" lon="104.18014">
        <time>2026-04-24T10:30:38Z</time>
      </trkpt>
      <trkpt lat="30.63179" lon="104.18018">
        <time>2026-04-24T10:30:39Z</time>
      </trkpt>
      <trkpt lat="30.631767" lon="104.18022">
        <time>2026-04-24T10:30:40Z</time>
      </trkpt>
      <trkpt lat="30.631742" lon="104.18027">
        <time>2026-04-24T10:30:41Z</time>
      </trkpt>
      <trkpt lat="30.631712" lon="104.18031">
        <time>2026-04-24T10:30:42Z</time>
      </trkpt>
      <trkpt lat="30.63168" lon="104.18036">
        <time>2026-04-24T10:30:43Z</time>
      </trkpt>
      <trkpt lat="30.631649" lon="104.18041">
        <time>2026-04-24T10:30:44Z</time>
      </trkpt>
      <trkpt lat="30.631615" lon="104.180466">
        <time>2026-04-24T10:30:45Z</time>
      </trkpt>
      <trkpt lat="30.631584" lon="104.18052">
        <time>2026-04-24T10:30:46Z</time>
      </trkpt>
      <trkpt lat="30.631556" lon="104.18057">
        <time>2026-04-24T10:30:47Z</time>
      </trkpt>
      <trkpt lat="30.631523" lon="104.18063">
        <time>2026-04-24T10:30:48Z</time>
      </trkpt>
      <trkpt lat="30.631495" lon="104.18069">
        <time>2026-04-24T10:30:49Z</time>
      </trkpt>
      <trkpt lat="30.631466" lon="104.18075">
        <time>2026-04-24T10:30:50Z</time>
      </trkpt>
      <trkpt lat="30.631437" lon="104.18081">
        <time>2026-04-24T10:30:51Z</time>
      </trkpt>
      <trkpt lat="30.631416" lon="104.18087">
        <time>2026-04-24T10:30:52Z</time>
      </trkpt>
      <trkpt lat="30.631403" lon="104.18093">
        <time>2026-04-24T10:30:53Z</time>
      </trkpt>
      <trkpt lat="30.631393" lon="104.181">
        <time>2026-04-24T10:30:54Z</time>
      </trkpt>
      <trkpt lat="30.631395" lon="104.18106">
        <time>2026-04-24T10:30:55Z</time>
      </trkpt>
      <trkpt lat="30.631403" lon="104.18113">
        <time>2026-04-24T10:30:56Z</time>
      </trkpt>
      <trkpt lat="30.631414" lon="104.1812">
        <time>2026-04-24T10:30:57Z</time>
      </trkpt>
      <trkpt lat="30.63142" lon="104.18126">
        <time>2026-04-24T10:30:58Z</time>
      </trkpt>
      <trkpt lat="30.631422" lon="104.18133">
        <time>2026-04-24T10:30:59Z</time>
      </trkpt>
      <trkpt lat="30.631424" lon="104.1814">
        <time>2026-04-24T10:31:00Z</time>
      </trkpt>
      <trkpt lat="30.63142" lon="104.181465">
        <time>2026-04-24T10:31:01Z</time>
      </trkpt>
      <trkpt lat="30.631413" lon="104.18153">
        <time>2026-04-24T10:31:02Z</time>
      </trkpt>
      <trkpt lat="30.631405" lon="104.18161">
        <time>2026-04-24T10:31:03Z</time>
      </trkpt>
      <trkpt lat="30.631392" lon="104.18168">
        <time>2026-04-24T10:31:04Z</time>
      </trkpt>
      <trkpt lat="30.631376" lon="104.181755">
        <time>2026-04-24T10:31:05Z</time>
      </trkpt>
      <trkpt lat="30.63136" lon="104.18182">
        <time>2026-04-24T10:31:06Z</time>
      </trkpt>
      <trkpt lat="30.631346" lon="104.1819">
        <time>2026-04-24T10:31:07Z</time>
      </trkpt>
      <trkpt lat="30.631332" lon="104.18197">
        <time>2026-04-24T10:31:08Z</time>
      </trkpt>
      <trkpt lat="30.631319" lon="104.182045">
        <time>2026-04-24T10:31:09Z</time>
      </trkpt>
      <trkpt lat="30.631304" lon="104.18213">
        <time>2026-04-24T10:31:10Z</time>
      </trkpt>
      <trkpt lat="30.631289" lon="104.182205">
        <time>2026-04-24T10:31:11Z</time>
      </trkpt>
      <trkpt lat="30.631273" lon="104.18228">
        <time>2026-04-24T10:31:12Z</time>
      </trkpt>
      <trkpt lat="30.631256" lon="104.18235">
        <time>2026-04-24T10:31:13Z</time>
      </trkpt>
      <trkpt lat="30.631237" lon="104.18243">
        <time>2026-04-24T10:31:14Z</time>
      </trkpt>
      <trkpt lat="30.63122" lon="104.182495">
        <time>2026-04-24T10:31:15Z</time>
      </trkpt>
      <trkpt lat="30.6312" lon="104.18257">
        <time>2026-04-24T10:31:16Z</time>
      </trkpt>
      <trkpt lat="30.631186" lon="104.18265">
        <time>2026-04-24T10:31:17Z</time>
      </trkpt>
      <trkpt lat="30.631172" lon="104.18272">
        <time>2026-04-24T10:31:18Z</time>
      </trkpt>
      <trkpt lat="30.631163" lon="104.182785">
        <time>2026-04-24T10:31:19Z</time>
      </trkpt>
      <trkpt lat="30.631147" lon="104.18285">
        <time>2026-04-24T10:31:20Z</time>
      </trkpt>
      <trkpt lat="30.631134" lon="104.18292">
        <time>2026-04-24T10:31:21Z</time>
      </trkpt>
      <trkpt lat="30.631123" lon="104.18299">
        <time>2026-04-24T10:31:22Z</time>
      </trkpt>
      <trkpt lat="30.63111" lon="104.18306">
        <time>2026-04-24T10:31:23Z</time>
      </trkpt>
      <trkpt lat="30.631096" lon="104.18313">
        <time>2026-04-24T10:31:24Z</time>
      </trkpt>
      <trkpt lat="30.631083" lon="104.1832">
        <time>2026-04-24T10:31:25Z</time>
      </trkpt>
      <trkpt lat="30.631071" lon="104.183266">
        <time>2026-04-24T10:31:26Z</time>
      </trkpt>
      <trkpt lat="30.631067" lon="104.18334">
        <time>2026-04-24T10:31:27Z</time>
      </trkpt>
      <trkpt lat="30.631062" lon="104.18341">
        <time>2026-04-24T10:31:28Z</time>
      </trkpt>
      <trkpt lat="30.631056" lon="104.18349">
        <time>2026-04-24T10:31:29Z</time>
      </trkpt>
      <trkpt lat="30.631052" lon="104.183586">
        <time>2026-04-24T10:31:30Z</time>
      </trkpt>
      <trkpt lat="30.63105" lon="104.18367">
        <time>2026-04-24T10:31:31Z</time>
      </trkpt>
      <trkpt lat="30.63105" lon="104.183754">
        <time>2026-04-24T10:31:32Z</time>
      </trkpt>
      <trkpt lat="30.631054" lon="104.18384">
        <time>2026-04-24T10:31:33Z</time>
      </trkpt>
      <trkpt lat="30.631056" lon="104.18392">
        <time>2026-04-24T10:31:34Z</time>
      </trkpt>
      <trkpt lat="30.631054" lon="104.184006">
        <time>2026-04-24T10:31:35Z</time>
      </trkpt>
      <trkpt lat="30.631042" lon="104.18409">
        <time>2026-04-24T10:31:36Z</time>
      </trkpt>
      <trkpt lat="30.63103" lon="104.18417">
        <time>2026-04-24T10:31:37Z</time>
      </trkpt>
      <trkpt lat="30.631008" lon="104.18425">
        <time>2026-04-24T10:31:38Z</time>
      </trkpt>
      <trkpt lat="30.63099" lon="104.184326">
        <time>2026-04-24T10:31:39Z</time>
      </trkpt>
      <trkpt lat="30.630941" lon="104.18448">
        <time>2026-04-24T10:31:40Z</time>
      </trkpt>
      <trkpt lat="30.630917" lon="104.18455">
        <time>2026-04-24T10:31:42Z</time>
      </trkpt>
      <trkpt lat="30.630894" lon="104.18462">
        <time>2026-04-24T10:31:43Z</time>
      </trkpt>
      <trkpt lat="30.630869" lon="104.18469">
        <time>2026-04-24T10:31:44Z</time>
      </trkpt>
      <trkpt lat="30.63084" lon="104.18476">
        <time>2026-04-24T10:31:45Z</time>
      </trkpt>
      <trkpt lat="30.630804" lon="104.18482">
        <time>2026-04-24T10:31:46Z</time>
      </trkpt>
      <trkpt lat="30.630766" lon="104.184875">
        <time>2026-04-24T10:31:47Z</time>
      </trkpt>
      <trkpt lat="30.630733" lon="104.18493">
        <time>2026-04-24T10:31:48Z</time>
      </trkpt>
      <trkpt lat="30.630701" lon="104.184975">
        <time>2026-04-24T10:31:49Z</time>
      </trkpt>
      <trkpt lat="30.630663" lon="104.18501">
        <time>2026-04-24T10:31:50Z</time>
      </trkpt>
      <trkpt lat="30.630625" lon="104.18506">
        <time>2026-04-24T10:31:51Z</time>
      </trkpt>
      <trkpt lat="30.630587" lon="104.185104">
        <time>2026-04-24T10:31:52Z</time>
      </trkpt>
      <trkpt lat="30.63055" lon="104.185135">
        <time>2026-04-24T10:31:53Z</time>
      </trkpt>
      <trkpt lat="30.630516" lon="104.18518">
        <time>2026-04-24T10:31:54Z</time>
      </trkpt>
      <trkpt lat="30.630478" lon="104.18521">
        <time>2026-04-24T10:31:55Z</time>
      </trkpt>
      <trkpt lat="30.630442" lon="104.18525">
        <time>2026-04-24T10:31:56Z</time>
      </trkpt>
      <trkpt lat="30.630394" lon="104.18528">
        <time>2026-04-24T10:31:57Z</time>
      </trkpt>
      <trkpt lat="30.630344" lon="104.18531">
        <time>2026-04-24T10:31:58Z</time>
      </trkpt>
      <trkpt lat="30.630304" lon="104.18533">
        <time>2026-04-24T10:31:59Z</time>
      </trkpt>
      <trkpt lat="30.63027" lon="104.18537">
        <time>2026-04-24T10:32:00Z</time>
      </trkpt>
      <trkpt lat="30.63023" lon="104.18537">
        <time>2026-04-24T10:32:01Z</time>
      </trkpt>
      <trkpt lat="30.630184" lon="104.18539">
        <time>2026-04-24T10:32:02Z</time>
      </trkpt>
      <trkpt lat="30.630144" lon="104.185394">
        <time>2026-04-24T10:32:03Z</time>
      </trkpt>
      <trkpt lat="30.630108" lon="104.18541">
        <time>2026-04-24T10:32:04Z</time>
      </trkpt>
      <trkpt lat="30.630075" lon="104.185425">
        <time>2026-04-24T10:32:05Z</time>
      </trkpt>
      <trkpt lat="30.630045" lon="104.18545">
        <time>2026-04-24T10:32:06Z</time>
      </trkpt>
      <trkpt lat="30.630016" lon="104.18546">
        <time>2026-04-24T10:32:07Z</time>
      </trkpt>
      <trkpt lat="30.62999" lon="104.18547">
        <time>2026-04-24T10:32:08Z</time>
      </trkpt>
      <trkpt lat="30.62996" lon="104.18548">
        <time>2026-04-24T10:32:09Z</time>
      </trkpt>
      <trkpt lat="30.629932" lon="104.185486">
        <time>2026-04-24T10:32:10Z</time>
      </trkpt>
      <trkpt lat="30.629904" lon="104.185486">
        <time>2026-04-24T10:32:11Z</time>
      </trkpt>
      <trkpt lat="30.629873" lon="104.185486">
        <time>2026-04-24T10:32:12Z</time>
      </trkpt>
      <trkpt lat="30.62984" lon="104.18549">
        <time>2026-04-24T10:32:13Z</time>
      </trkpt>
      <trkpt lat="30.62981" lon="104.18549">
        <time>2026-04-24T10:32:14Z</time>
      </trkpt>
      <trkpt lat="30.629776" lon="104.1855">
        <time>2026-04-24T10:32:15Z</time>
      </trkpt>
      <trkpt lat="30.629738" lon="104.18551">
        <time>2026-04-24T10:32:16Z</time>
      </trkpt>
      <trkpt lat="30.629696" lon="104.18551">
        <time>2026-04-24T10:32:17Z</time>
      </trkpt>
      <trkpt lat="30.629646" lon="104.18552">
        <time>2026-04-24T10:32:18Z</time>
      </trkpt>
      <trkpt lat="30.629602" lon="104.18552">
        <time>2026-04-24T10:32:19Z</time>
      </trkpt>
      <trkpt lat="30.629559" lon="104.18551">
        <time>2026-04-24T10:32:20Z</time>
      </trkpt>
      <trkpt lat="30.629513" lon="104.18551">
        <time>2026-04-24T10:32:21Z</time>
      </trkpt>
      <trkpt lat="30.629473" lon="104.18549">
        <time>2026-04-24T10:32:22Z</time>
      </trkpt>
      <trkpt lat="30.629435" lon="104.185486">
        <time>2026-04-24T10:32:23Z</time>
      </trkpt>
      <trkpt lat="30.6294" lon="104.18548">
        <time>2026-04-24T10:32:24Z</time>
      </trkpt>
      <trkpt lat="30.629366" lon="104.18548">
        <time>2026-04-24T10:32:25Z</time>
      </trkpt>
      <trkpt lat="30.629333" lon="104.18547">
        <time>2026-04-24T10:32:26Z</time>
      </trkpt>
      <trkpt lat="30.629303" lon="104.18547">
        <time>2026-04-24T10:32:27Z</time>
      </trkpt>
      <trkpt lat="30.629272" lon="104.18547">
        <time>2026-04-24T10:32:28Z</time>
      </trkpt>
      <trkpt lat="30.629246" lon="104.18547">
        <time>2026-04-24T10:32:29Z</time>
      </trkpt>
      <trkpt lat="30.62922" lon="104.18548">
        <time>2026-04-24T10:32:30Z</time>
      </trkpt>
      <trkpt lat="30.629194" lon="104.185486">
        <time>2026-04-24T10:32:31Z</time>
      </trkpt>
      <trkpt lat="30.629168" lon="104.185486">
        <time>2026-04-24T10:32:32Z</time>
      </trkpt>
      <trkpt lat="30.62914" lon="104.18549">
        <time>2026-04-24T10:32:33Z</time>
      </trkpt>
      <trkpt lat="30.629112" lon="104.18551">
        <time>2026-04-24T10:32:34Z</time>
      </trkpt>
      <trkpt lat="30.629084" lon="104.18551">
        <time>2026-04-24T10:32:35Z</time>
      </trkpt>
      <trkpt lat="30.629055" lon="104.18551">
        <time>2026-04-24T10:32:36Z</time>
      </trkpt>
      <trkpt lat="30.629028" lon="104.18552">
        <time>2026-04-24T10:32:37Z</time>
      </trkpt>
      <trkpt lat="30.629002" lon="104.18553">
        <time>2026-04-24T10:32:38Z</time>
      </trkpt>
      <trkpt lat="30.628975" lon="104.18553">
        <time>2026-04-24T10:32:39Z</time>
      </trkpt>
      <trkpt lat="30.62895" lon="104.18555">
        <time>2026-04-24T10:32:40Z</time>
      </trkpt>
      <trkpt lat="30.628923" lon="104.18555">
        <time>2026-04-24T10:32:41Z</time>
      </trkpt>
      <trkpt lat="30.628902" lon="104.18556">
        <time>2026-04-24T10:32:42Z</time>
      </trkpt>
      <trkpt lat="30.628881" lon="104.18558">
        <time>2026-04-24T10:32:43Z</time>
      </trkpt>
      <trkpt lat="30.628855" lon="104.18559">
        <time>2026-04-24T10:32:44Z</time>
      </trkpt>
      <trkpt lat="30.62883" lon="104.18561">
        <time>2026-04-24T10:32:45Z</time>
      </trkpt>
      <trkpt lat="30.628805" lon="104.18562">
        <time>2026-04-24T10:32:46Z</time>
      </trkpt>
      <trkpt lat="30.62878" lon="104.18564">
        <time>2026-04-24T10:32:47Z</time>
      </trkpt>
      <trkpt lat="30.628756" lon="104.18565">
        <time>2026-04-24T10:32:48Z</time>
      </trkpt>
      <trkpt lat="30.628738" lon="104.18567">
        <time>2026-04-24T10:32:49Z</time>
      </trkpt>
      <trkpt lat="30.628717" lon="104.18569">
        <time>2026-04-24T10:32:50Z</time>
      </trkpt>
      <trkpt lat="30.628704" lon="104.18571">
        <time>2026-04-24T10:32:51Z</time>
      </trkpt>
      <trkpt lat="30.628685" lon="104.18573">
        <time>2026-04-24T10:32:52Z</time>
      </trkpt>
      <trkpt lat="30.62867" lon="104.18575">
        <time>2026-04-24T10:32:53Z</time>
      </trkpt>
      <trkpt lat="30.628656" lon="104.18578">
        <time>2026-04-24T10:32:54Z</time>
      </trkpt>
      <trkpt lat="30.628647" lon="104.185814">
        <time>2026-04-24T10:32:55Z</time>
      </trkpt>
      <trkpt lat="30.62864" lon="104.185844">
        <time>2026-04-24T10:32:56Z</time>
      </trkpt>
      <trkpt lat="30.62863" lon="104.18588">
        <time>2026-04-24T10:32:57Z</time>
      </trkpt>
      <trkpt lat="30.628618" lon="104.18592">
        <time>2026-04-24T10:32:58Z</time>
      </trkpt>
      <trkpt lat="30.628613" lon="104.18596">
        <time>2026-04-24T10:32:59Z</time>
      </trkpt>
      <trkpt lat="30.628607" lon="104.186">
        <time>2026-04-24T10:33:00Z</time>
      </trkpt>
      <trkpt lat="30.628601" lon="104.186035">
        <time>2026-04-24T10:33:01Z</time>
      </trkpt>
      <trkpt lat="30.628601" lon="104.18609">
        <time>2026-04-24T10:33:02Z</time>
      </trkpt>
      <trkpt lat="30.6286" lon="104.18614">
        <time>2026-04-24T10:33:03Z</time>
      </trkpt>
      <trkpt lat="30.628592" lon="104.1862">
        <time>2026-04-24T10:33:04Z</time>
      </trkpt>
      <trkpt lat="30.62859" lon="104.186264">
        <time>2026-04-24T10:33:05Z</time>
      </trkpt>
      <trkpt lat="30.628586" lon="104.18633">
        <time>2026-04-24T10:33:06Z</time>
      </trkpt>
      <trkpt lat="30.628584" lon="104.18639">
        <time>2026-04-24T10:33:07Z</time>
      </trkpt>
      <trkpt lat="30.628567" lon="104.18646">
        <time>2026-04-24T10:33:08Z</time>
      </trkpt>
      <trkpt lat="30.628551" lon="104.18652">
        <time>2026-04-24T10:33:09Z</time>
      </trkpt>
      <trkpt lat="30.62854" lon="104.1866">
        <time>2026-04-24T10:33:10Z</time>
      </trkpt>
      <trkpt lat="30.628529" lon="104.186676">
        <time>2026-04-24T10:33:11Z</time>
      </trkpt>
      <trkpt lat="30.628513" lon="104.186745">
        <time>2026-04-24T10:33:12Z</time>
      </trkpt>
      <trkpt lat="30.628498" lon="104.18681">
        <time>2026-04-24T10:33:13Z</time>
      </trkpt>
      <trkpt lat="30.628485" lon="104.18689">
        <time>2026-04-24T10:33:14Z</time>
      </trkpt>
      <trkpt lat="30.628473" lon="104.186966">
        <time>2026-04-24T10:33:15Z</time>
      </trkpt>
      <trkpt lat="30.628454" lon="104.18704">
        <time>2026-04-24T10:33:16Z</time>
      </trkpt>
      <trkpt lat="30.62843" lon="104.18712">
        <time>2026-04-24T10:33:17Z</time>
      </trkpt>
      <trkpt lat="30.628414" lon="104.18719">
        <time>2026-04-24T10:33:18Z</time>
      </trkpt>
      <trkpt lat="30.6284" lon="104.18726">
        <time>2026-04-24T10:33:19Z</time>
      </trkpt>
      <trkpt lat="30.628393" lon="104.18734">
        <time>2026-04-24T10:33:20Z</time>
      </trkpt>
      <trkpt lat="30.628386" lon="104.187416">
        <time>2026-04-24T10:33:21Z</time>
      </trkpt>
      <trkpt lat="30.628378" lon="104.18749">
        <time>2026-04-24T10:33:22Z</time>
      </trkpt>
      <trkpt lat="30.628372" lon="104.18757">
        <time>2026-04-24T10:33:23Z</time>
      </trkpt>
      <trkpt lat="30.62836" lon="104.18764">
        <time>2026-04-24T10:33:24Z</time>
      </trkpt>
      <trkpt lat="30.62835" lon="104.18771">
        <time>2026-04-24T10:33:25Z</time>
      </trkpt>
      <trkpt lat="30.628344" lon="104.18778">
        <time>2026-04-24T10:33:26Z</time>
      </trkpt>
      <trkpt lat="30.628336" lon="104.18786">
        <time>2026-04-24T10:33:27Z</time>
      </trkpt>
      <trkpt lat="30.628325" lon="104.18793">
        <time>2026-04-24T10:33:28Z</time>
      </trkpt>
      <trkpt lat="30.628317" lon="104.187996">
        <time>2026-04-24T10:33:29Z</time>
      </trkpt>
      <trkpt lat="30.62831" lon="104.18807">
        <time>2026-04-24T10:33:30Z</time>
      </trkpt>
      <trkpt lat="30.628298" lon="104.18814">
        <time>2026-04-24T10:33:31Z</time>
      </trkpt>
      <trkpt lat="30.628283" lon="104.1882">
        <time>2026-04-24T10:33:32Z</time>
      </trkpt>
      <trkpt lat="30.628265" lon="104.18827">
        <time>2026-04-24T10:33:33Z</time>
      </trkpt>
      <trkpt lat="30.628242" lon="104.18833">
        <time>2026-04-24T10:33:34Z</time>
      </trkpt>
      <trkpt lat="30.628216" lon="104.18839">
        <time>2026-04-24T10:33:35Z</time>
      </trkpt>
      <trkpt lat="30.628193" lon="104.18845">
        <time>2026-04-24T10:33:36Z</time>
      </trkpt>
      <trkpt lat="30.628174" lon="104.18851">
        <time>2026-04-24T10:33:37Z</time>
      </trkpt>
      <trkpt lat="30.628162" lon="104.18856">
        <time>2026-04-24T10:33:38Z</time>
      </trkpt>
      <trkpt lat="30.628174" lon="104.188614">
        <time>2026-04-24T10:33:39Z</time>
      </trkpt>
      <trkpt lat="30.628202" lon="104.188644">
        <time>2026-04-24T10:33:40Z</time>
      </trkpt>
      <trkpt lat="30.628233" lon="104.18864">
        <time>2026-04-24T10:33:41Z</time>
      </trkpt>
      <trkpt lat="30.628262" lon="104.18862">
        <time>2026-04-24T10:33:42Z</time>
      </trkpt>
      <trkpt lat="30.62829" lon="104.1886">
        <time>2026-04-24T10:33:43Z</time>
      </trkpt>
      <trkpt lat="30.628323" lon="104.18858">
        <time>2026-04-24T10:33:44Z</time>
      </trkpt>
      <trkpt lat="30.62836" lon="104.188576">
        <time>2026-04-24T10:33:45Z</time>
      </trkpt>
      <trkpt lat="30.628403" lon="104.18857">
        <time>2026-04-24T10:33:46Z</time>
      </trkpt>
      <trkpt lat="30.628447" lon="104.18856">
        <time>2026-04-24T10:33:47Z</time>
      </trkpt>
      <trkpt lat="30.62849" lon="104.18855">
        <time>2026-04-24T10:33:48Z</time>
      </trkpt>
      <trkpt lat="30.628536" lon="104.18854">
        <time>2026-04-24T10:33:49Z</time>
      </trkpt>
      <trkpt lat="30.628584" lon="104.18853">
        <time>2026-04-24T10:33:50Z</time>
      </trkpt>
      <trkpt lat="30.628633" lon="104.18853">
        <time>2026-04-24T10:33:51Z</time>
      </trkpt>
      <trkpt lat="30.628681" lon="104.18852">
        <time>2026-04-24T10:33:52Z</time>
      </trkpt>
      <trkpt lat="30.628733" lon="104.188515">
        <time>2026-04-24T10:33:53Z</time>
      </trkpt>
      <trkpt lat="30.628784" lon="104.188515">
        <time>2026-04-24T10:33:54Z</time>
      </trkpt>
      <trkpt lat="30.628838" lon="104.18852">
        <time>2026-04-24T10:33:55Z</time>
      </trkpt>
      <trkpt lat="30.62889" lon="104.18854">
        <time>2026-04-24T10:33:56Z</time>
      </trkpt>
      <trkpt lat="30.62894" lon="104.188545">
        <time>2026-04-24T10:33:57Z</time>
      </trkpt>
      <trkpt lat="30.628992" lon="104.18856">
        <time>2026-04-24T10:33:58Z</time>
      </trkpt>
      <trkpt lat="30.629042" lon="104.18858">
        <time>2026-04-24T10:33:59Z</time>
      </trkpt>
      <trkpt lat="30.62909" lon="104.188614">
        <time>2026-04-24T10:34:00Z</time>
      </trkpt>
      <trkpt lat="30.629137" lon="104.188644">
        <time>2026-04-24T10:34:01Z</time>
      </trkpt>
      <trkpt lat="30.62918" lon="104.18867">
        <time>2026-04-24T10:34:02Z</time>
      </trkpt>
      <trkpt lat="30.629227" lon="104.1887">
        <time>2026-04-24T10:34:03Z</time>
      </trkpt>
      <trkpt lat="30.629269" lon="104.188736">
        <time>2026-04-24T10:34:04Z</time>
      </trkpt>
      <trkpt lat="30.629309" lon="104.188774">
        <time>2026-04-24T10:34:05Z</time>
      </trkpt>
      <trkpt lat="30.62935" lon="104.18881">
        <time>2026-04-24T10:34:06Z</time>
      </trkpt>
      <trkpt lat="30.62939" lon="104.18884">
        <time>2026-04-24T10:34:07Z</time>
      </trkpt>
      <trkpt lat="30.629429" lon="104.18889">
        <time>2026-04-24T10:34:08Z</time>
      </trkpt>
      <trkpt lat="30.629467" lon="104.18892">
        <time>2026-04-24T10:34:09Z</time>
      </trkpt>
      <trkpt lat="30.629505" lon="104.18896">
        <time>2026-04-24T10:34:10Z</time>
      </trkpt>
      <trkpt lat="30.629543" lon="104.188995">
        <time>2026-04-24T10:34:11Z</time>
      </trkpt>
      <trkpt lat="30.62959" lon="104.18903">
        <time>2026-04-24T10:34:12Z</time>
      </trkpt>
      <trkpt lat="30.629633" lon="104.189064">
        <time>2026-04-24T10:34:13Z</time>
      </trkpt>
      <trkpt lat="30.629679" lon="104.189095">
        <time>2026-04-24T10:34:14Z</time>
      </trkpt>
      <trkpt lat="30.629726" lon="104.189125">
        <time>2026-04-24T10:34:15Z</time>
      </trkpt>
      <trkpt lat="30.629774" lon="104.18916">
        <time>2026-04-24T10:34:16Z</time>
      </trkpt>
      <trkpt lat="30.629818" lon="104.18919">
        <time>2026-04-24T10:34:17Z</time>
      </trkpt>
      <trkpt lat="30.62986" lon="104.18923">
        <time>2026-04-24T10:34:18Z</time>
      </trkpt>
      <trkpt lat="30.629894" lon="104.18928">
        <time>2026-04-24T10:34:19Z</time>
      </trkpt>
      <trkpt lat="30.629927" lon="104.18932">
        <time>2026-04-24T10:34:20Z</time>
      </trkpt>
      <trkpt lat="30.62996" lon="104.18937">
        <time>2026-04-24T10:34:21Z</time>
      </trkpt>
      <trkpt lat="30.63" lon="104.18942">
        <time>2026-04-24T10:34:22Z</time>
      </trkpt>
      <trkpt lat="30.63004" lon="104.18947">
        <time>2026-04-24T10:34:23Z</time>
      </trkpt>
      <trkpt lat="30.630083" lon="104.18949">
        <time>2026-04-24T10:34:24Z</time>
      </trkpt>
      <trkpt lat="30.63013" lon="104.18952">
        <time>2026-04-24T10:34:25Z</time>
      </trkpt>
      <trkpt lat="30.630182" lon="104.18956">
        <time>2026-04-24T10:34:26Z</time>
      </trkpt>
      <trkpt lat="30.63023" lon="104.18959">
        <time>2026-04-24T10:34:27Z</time>
      </trkpt>
      <trkpt lat="30.630285" lon="104.18962">
        <time>2026-04-24T10:34:28Z</time>
      </trkpt>
      <trkpt lat="30.630333" lon="104.18965">
        <time>2026-04-24T10:34:29Z</time>
      </trkpt>
      <trkpt lat="30.630384" lon="104.18968">
        <time>2026-04-24T10:34:30Z</time>
      </trkpt>
      <trkpt lat="30.630436" lon="104.189705">
        <time>2026-04-24T10:34:31Z</time>
      </trkpt>
      <trkpt lat="30.630487" lon="104.189735">
        <time>2026-04-24T10:34:32Z</time>
      </trkpt>
      <trkpt lat="30.630539" lon="104.18975">
        <time>2026-04-24T10:34:33Z</time>
      </trkpt>
      <trkpt lat="30.630594" lon="104.18976">
        <time>2026-04-24T10:34:34Z</time>
      </trkpt>
      <trkpt lat="30.63065" lon="104.18976">
        <time>2026-04-24T10:34:35Z</time>
      </trkpt>
      <trkpt lat="30.630707" lon="104.18975">
        <time>2026-04-24T10:34:36Z</time>
      </trkpt>
      <trkpt lat="30.630764" lon="104.189735">
        <time>2026-04-24T10:34:37Z</time>
      </trkpt>
      <trkpt lat="30.630821" lon="104.18971">
        <time>2026-04-24T10:34:38Z</time>
      </trkpt>
      <trkpt lat="30.630882" lon="104.18969">
        <time>2026-04-24T10:34:39Z</time>
      </trkpt>
      <trkpt lat="30.630945" lon="104.189674">
        <time>2026-04-24T10:34:40Z</time>
      </trkpt>
      <trkpt lat="30.631006" lon="104.18967">
        <time>2026-04-24T10:34:41Z</time>
      </trkpt>
      <trkpt lat="30.63107" lon="104.18966">
        <time>2026-04-24T10:34:42Z</time>
      </trkpt>
      <trkpt lat="30.631136" lon="104.18966">
        <time>2026-04-24T10:34:43Z</time>
      </trkpt>
      <trkpt lat="30.631203" lon="104.18967">
        <time>2026-04-24T10:34:44Z</time>
      </trkpt>
      <trkpt lat="30.631268" lon="104.18969">
        <time>2026-04-24T10:34:45Z</time>
      </trkpt>
      <trkpt lat="30.631327" lon="104.18972">
        <time>2026-04-24T10:34:46Z</time>
      </trkpt>
      <trkpt lat="30.631386" lon="104.18975">
        <time>2026-04-24T10:34:47Z</time>
      </trkpt>
      <trkpt lat="30.631443" lon="104.18978">
        <time>2026-04-24T10:34:48Z</time>
      </trkpt>
      <trkpt lat="30.631502" lon="104.18981">
        <time>2026-04-24T10:34:49Z</time>
      </trkpt>
      <trkpt lat="30.631557" lon="104.18984">
        <time>2026-04-24T10:34:50Z</time>
      </trkpt>
      <trkpt lat="30.63161" lon="104.18987">
        <time>2026-04-24T10:34:51Z</time>
      </trkpt>
      <trkpt lat="30.631664" lon="104.189896">
        <time>2026-04-24T10:34:52Z</time>
      </trkpt>
      <trkpt lat="30.631714" lon="104.189926">
        <time>2026-04-24T10:34:53Z</time>
      </trkpt>
      <trkpt lat="30.631762" lon="104.18995">
        <time>2026-04-24T10:34:54Z</time>
      </trkpt>
      <trkpt lat="30.63181" lon="104.18997">
        <time>2026-04-24T10:34:55Z</time>
      </trkpt>
      <trkpt lat="30.63186" lon="104.18999">
        <time>2026-04-24T10:34:56Z</time>
      </trkpt>
      <trkpt lat="30.63191" lon="104.18998">
        <time>2026-04-24T10:34:57Z</time>
      </trkpt>
      <trkpt lat="30.631958" lon="104.189964">
        <time>2026-04-24T10:34:58Z</time>
      </trkpt>
      <trkpt lat="30.631998" lon="104.189926">
        <time>2026-04-24T10:34:59Z</time>
      </trkpt>
      <trkpt lat="30.632029" lon="104.18987">
        <time>2026-04-24T10:35:00Z</time>
      </trkpt>
      <trkpt lat="30.632055" lon="104.18981">
        <time>2026-04-24T10:35:01Z</time>
      </trkpt>
      <trkpt lat="30.632084" lon="104.18976">
        <time>2026-04-24T10:35:02Z</time>
      </trkpt>
      <trkpt lat="30.632114" lon="104.1897">
        <time>2026-04-24T10:35:03Z</time>
      </trkpt>
      <trkpt lat="30.632147" lon="104.18964">
        <time>2026-04-24T10:35:04Z</time>
      </trkpt>
      <trkpt lat="30.632177" lon="104.189575">
        <time>2026-04-24T10:35:05Z</time>
      </trkpt>
      <trkpt lat="30.632204" lon="104.189514">
        <time>2026-04-24T10:35:06Z</time>
      </trkpt>
      <trkpt lat="30.63223" lon="104.18945">
        <time>2026-04-24T10:35:07Z</time>
      </trkpt>
      <trkpt lat="30.63226" lon="104.18939">
        <time>2026-04-24T10:35:08Z</time>
      </trkpt>
      <trkpt lat="30.632292" lon="104.18933">
        <time>2026-04-24T10:35:09Z</time>
      </trkpt>
      <trkpt lat="30.632326" lon="104.18926">
        <time>2026-04-24T10:35:10Z</time>
      </trkpt>
      <trkpt lat="30.632368" lon="104.189186">
        <time>2026-04-24T10:35:11Z</time>
      </trkpt>
      <trkpt lat="30.632406" lon="104.18912">
        <time>2026-04-24T10:35:12Z</time>
      </trkpt>
      <trkpt lat="30.632446" lon="104.18905">
        <time>2026-04-24T10:35:13Z</time>
      </trkpt>
      <trkpt lat="30.63249" lon="104.18899">
        <time>2026-04-24T10:35:14Z</time>
      </trkpt>
      <trkpt lat="30.632534" lon="104.18893">
        <time>2026-04-24T10:35:15Z</time>
      </trkpt>
      <trkpt lat="30.632586" lon="104.18888">
        <time>2026-04-24T10:35:16Z</time>
      </trkpt>
      <trkpt lat="30.632643" lon="104.188835">
        <time>2026-04-24T10:35:17Z</time>
      </trkpt>
      <trkpt lat="30.6327" lon="104.188805">
        <time>2026-04-24T10:35:18Z</time>
      </trkpt>
      <trkpt lat="30.63277" lon="104.18879">
        <time>2026-04-24T10:35:19Z</time>
      </trkpt>
      <trkpt lat="30.63284" lon="104.188774">
        <time>2026-04-24T10:35:20Z</time>
      </trkpt>
      <trkpt lat="30.632914" lon="104.18877">
        <time>2026-04-24T10:35:21Z</time>
      </trkpt>
      <trkpt lat="30.632984" lon="104.18876">
        <time>2026-04-24T10:35:22Z</time>
      </trkpt>
      <trkpt lat="30.63305" lon="104.18874">
        <time>2026-04-24T10:35:23Z</time>
      </trkpt>
      <trkpt lat="30.633118" lon="104.18873">
        <time>2026-04-24T10:35:24Z</time>
      </trkpt>
      <trkpt lat="30.633183" lon="104.188705">
        <time>2026-04-24T10:35:25Z</time>
      </trkpt>
      <trkpt lat="30.633242" lon="104.18869">
        <time>2026-04-24T10:35:26Z</time>
      </trkpt>
      <trkpt lat="30.6333" lon="104.18867">
        <time>2026-04-24T10:35:27Z</time>
      </trkpt>
      <trkpt lat="30.633354" lon="104.18863">
        <time>2026-04-24T10:35:28Z</time>
      </trkpt>
      <trkpt lat="30.633406" lon="104.18859">
        <time>2026-04-24T10:35:29Z</time>
      </trkpt>
      <trkpt lat="30.633453" lon="104.188545">
        <time>2026-04-24T10:35:30Z</time>
      </trkpt>
      <trkpt lat="30.6335" lon="104.1885">
        <time>2026-04-24T10:35:31Z</time>
      </trkpt>
      <trkpt lat="30.63354" lon="104.18845">
        <time>2026-04-24T10:35:32Z</time>
      </trkpt>
      <trkpt lat="30.633575" lon="104.18841">
        <time>2026-04-24T10:35:33Z</time>
      </trkpt>
      <trkpt lat="30.6336" lon="104.188354">
        <time>2026-04-24T10:35:34Z</time>
      </trkpt>
      <trkpt lat="30.633627" lon="104.1883">
        <time>2026-04-24T10:35:35Z</time>
      </trkpt>
      <trkpt lat="30.63365" lon="104.18825">
        <time>2026-04-24T10:35:36Z</time>
      </trkpt>
      <trkpt lat="30.63367" lon="104.188194">
        <time>2026-04-24T10:35:37Z</time>
      </trkpt>
      <trkpt lat="30.633694" lon="104.18815">
        <time>2026-04-24T10:35:38Z</time>
      </trkpt>
      <trkpt lat="30.633717" lon="104.188095">
        <time>2026-04-24T10:35:39Z</time>
      </trkpt>
      <trkpt lat="30.633736" lon="104.18804">
        <time>2026-04-24T10:35:40Z</time>
      </trkpt>
      <trkpt lat="30.633755" lon="104.18799">
        <time>2026-04-24T10:35:41Z</time>
      </trkpt>
      <trkpt lat="30.633778" lon="104.187935">
        <time>2026-04-24T10:35:42Z</time>
      </trkpt>
      <trkpt lat="30.6338" lon="104.18789">
        <time>2026-04-24T10:35:43Z</time>
      </trkpt>
      <trkpt lat="30.633823" lon="104.18784">
        <time>2026-04-24T10:35:44Z</time>
      </trkpt>
      <trkpt lat="30.63385" lon="104.18779">
        <time>2026-04-24T10:35:45Z</time>
      </trkpt>
      <trkpt lat="30.63387" lon="104.187744">
        <time>2026-04-24T10:35:46Z</time>
      </trkpt>
      <trkpt lat="30.633884" lon="104.18769">
        <time>2026-04-24T10:35:47Z</time>
      </trkpt>
      <trkpt lat="30.633894" lon="104.18764">
        <time>2026-04-24T10:35:48Z</time>
      </trkpt>
      <trkpt lat="30.63391" lon="104.187584">
        <time>2026-04-24T10:35:49Z</time>
      </trkpt>
      <trkpt lat="30.63393" lon="104.18754">
        <time>2026-04-24T10:35:50Z</time>
      </trkpt>
      <trkpt lat="30.633959" lon="104.187485">
        <time>2026-04-24T10:35:51Z</time>
      </trkpt>
      <trkpt lat="30.633986" lon="104.18745">
        <time>2026-04-24T10:35:52Z</time>
      </trkpt>
      <trkpt lat="30.634014" lon="104.1874">
        <time>2026-04-24T10:35:53Z</time>
      </trkpt>
      <trkpt lat="30.63404" lon="104.187355">
        <time>2026-04-24T10:35:54Z</time>
      </trkpt>
      <trkpt lat="30.634062" lon="104.18731">
        <time>2026-04-24T10:35:55Z</time>
      </trkpt>
      <trkpt lat="30.63408" lon="104.187256">
        <time>2026-04-24T10:35:56Z</time>
      </trkpt>
      <trkpt lat="30.634096" lon="104.1872">
        <time>2026-04-24T10:35:57Z</time>
      </trkpt>
      <trkpt lat="30.634117" lon="104.18715">
        <time>2026-04-24T10:35:58Z</time>
      </trkpt>
      <trkpt lat="30.634136" lon="104.1871">
        <time>2026-04-24T10:35:59Z</time>
      </trkpt>
      <trkpt lat="30.63416" lon="104.18705">
        <time>2026-04-24T10:36:00Z</time>
      </trkpt>
      <trkpt lat="30.634192" lon="104.18701">
        <time>2026-04-24T10:36:01Z</time>
      </trkpt>
      <trkpt lat="30.63424" lon="104.18699">
        <time>2026-04-24T10:36:02Z</time>
      </trkpt>
      <trkpt lat="30.634289" lon="104.18698">
        <time>2026-04-24T10:36:03Z</time>
      </trkpt>
      <trkpt lat="30.634333" lon="104.18696">
        <time>2026-04-24T10:36:04Z</time>
      </trkpt>
      <trkpt lat="30.634365" lon="104.18691">
        <time>2026-04-24T10:36:05Z</time>
      </trkpt>
      <trkpt lat="30.634403" lon="104.18688">
        <time>2026-04-24T10:36:06Z</time>
      </trkpt>
      <trkpt lat="30.634432" lon="104.18685">
        <time>2026-04-24T10:36:07Z</time>
      </trkpt>
      <trkpt lat="30.634445" lon="104.186806">
        <time>2026-04-24T10:36:08Z</time>
      </trkpt>
      <trkpt lat="30.634462" lon="104.18676">
        <time>2026-04-24T10:36:09Z</time>
      </trkpt>
      <trkpt lat="30.63448" lon="104.186714">
        <time>2026-04-24T10:36:10Z</time>
      </trkpt>
      <trkpt lat="30.634497" lon="104.18666">
        <time>2026-04-24T10:36:11Z</time>
      </trkpt>
      <trkpt lat="30.634518" lon="104.18661">
        <time>2026-04-24T10:36:12Z</time>
      </trkpt>
      <trkpt lat="30.634537" lon="104.186554">
        <time>2026-04-24T10:36:13Z</time>
      </trkpt>
      <trkpt lat="30.634556" lon="104.1865">
        <time>2026-04-24T10:36:14Z</time>
      </trkpt>
      <trkpt lat="30.63458" lon="104.18645">
        <time>2026-04-24T10:36:15Z</time>
      </trkpt>
      <trkpt lat="30.63461" lon="104.186386">
        <time>2026-04-24T10:36:16Z</time>
      </trkpt>
      <trkpt lat="30.63465" lon="104.18633">
        <time>2026-04-24T10:36:17Z</time>
      </trkpt>
      <trkpt lat="30.634687" lon="104.18628">
        <time>2026-04-24T10:36:18Z</time>
      </trkpt>
      <trkpt lat="30.634714" lon="104.186226">
        <time>2026-04-24T10:36:19Z</time>
      </trkpt>
      <trkpt lat="30.634743" lon="104.186165">
        <time>2026-04-24T10:36:20Z</time>
      </trkpt>
      <trkpt lat="30.63477" lon="104.18611">
        <time>2026-04-24T10:36:21Z</time>
      </trkpt>
      <trkpt lat="30.6348" lon="104.18605">
        <time>2026-04-24T10:36:22Z</time>
      </trkpt>
      <trkpt lat="30.634825" lon="104.186">
        <time>2026-04-24T10:36:23Z</time>
      </trkpt>
      <trkpt lat="30.634853" lon="104.18594">
        <time>2026-04-24T10:36:24Z</time>
      </trkpt>
      <trkpt lat="30.634878" lon="104.18588">
        <time>2026-04-24T10:36:25Z</time>
      </trkpt>
      <trkpt lat="30.634903" lon="104.18583">
        <time>2026-04-24T10:36:26Z</time>
      </trkpt>
      <trkpt lat="30.634926" lon="104.18578">
        <time>2026-04-24T10:36:27Z</time>
      </trkpt>
      <trkpt lat="30.63495" lon="104.18573">
        <time>2026-04-24T10:36:28Z</time>
      </trkpt>
      <trkpt lat="30.634972" lon="104.185684">
        <time>2026-04-24T10:36:29Z</time>
      </trkpt>
      <trkpt lat="30.63499" lon="104.18562">
        <time>2026-04-24T10:36:30Z</time>
      </trkpt>
      <trkpt lat="30.635012" lon="104.18556">
        <time>2026-04-24T10:36:31Z</time>
      </trkpt>
      <trkpt lat="30.63503" lon="104.18552">
        <time>2026-04-24T10:36:32Z</time>
      </trkpt>
      <trkpt lat="30.635046" lon="104.18546">
        <time>2026-04-24T10:36:33Z</time>
      </trkpt>
      <trkpt lat="30.635057" lon="104.18541">
        <time>2026-04-24T10:36:34Z</time>
      </trkpt>
      <trkpt lat="30.635069" lon="104.18536">
        <time>2026-04-24T10:36:35Z</time>
      </trkpt>
      <trkpt lat="30.635084" lon="104.18531">
        <time>2026-04-24T10:36:36Z</time>
      </trkpt>
      <trkpt lat="30.635096" lon="104.185265">
        <time>2026-04-24T10:36:37Z</time>
      </trkpt>
      <trkpt lat="30.635107" lon="104.18522">
        <time>2026-04-24T10:36:38Z</time>
      </trkpt>
      <trkpt lat="30.63512" lon="104.18515">
        <time>2026-04-24T10:36:39Z</time>
      </trkpt>
      <trkpt lat="30.63513" lon="104.18509">
        <time>2026-04-24T10:36:40Z</time>
      </trkpt>
      <trkpt lat="30.63514" lon="104.18503">
        <time>2026-04-24T10:36:41Z</time>
      </trkpt>
      <trkpt lat="30.635155" lon="104.18496">
        <time>2026-04-24T10:36:42Z</time>
      </trkpt>
      <trkpt lat="30.635166" lon="104.1849">
        <time>2026-04-24T10:36:43Z</time>
      </trkpt>
      <trkpt lat="30.635178" lon="104.184845">
        <time>2026-04-24T10:36:44Z</time>
      </trkpt>
      <trkpt lat="30.635195" lon="104.184784">
        <time>2026-04-24T10:36:45Z</time>
      </trkpt>
      <trkpt lat="30.635223" lon="104.18474">
        <time>2026-04-24T10:36:46Z</time>
      </trkpt>
      <trkpt lat="30.63526" lon="104.18469">
        <time>2026-04-24T10:36:47Z</time>
      </trkpt>
      <trkpt lat="30.635303" lon="104.184654">
        <time>2026-04-24T10:36:48Z</time>
      </trkpt>
      <trkpt lat="30.635344" lon="104.184616">
        <time>2026-04-24T10:36:49Z</time>
      </trkpt>
      <trkpt lat="30.63538" lon="104.18458">
        <time>2026-04-24T10:36:50Z</time>
      </trkpt>
      <trkpt lat="30.635418" lon="104.18454">
        <time>2026-04-24T10:36:51Z</time>
      </trkpt>
      <trkpt lat="30.635458" lon="104.1845">
        <time>2026-04-24T10:36:52Z</time>
      </trkpt>
      <trkpt lat="30.635506" lon="104.18446">
        <time>2026-04-24T10:36:53Z</time>
      </trkpt>
      <trkpt lat="30.635551" lon="104.18443">
        <time>2026-04-24T10:36:54Z</time>
      </trkpt>
      <trkpt lat="30.635595" lon="104.184395">
        <time>2026-04-24T10:36:55Z</time>
      </trkpt>
      <trkpt lat="30.635643" lon="104.184364">
        <time>2026-04-24T10:36:56Z</time>
      </trkpt>
      <trkpt lat="30.635683" lon="104.18432">
        <time>2026-04-24T10:36:57Z</time>
      </trkpt>
      <trkpt lat="30.635715" lon="104.18427">
        <time>2026-04-24T10:36:58Z</time>
      </trkpt>
      <trkpt lat="30.635752" lon="104.18423">
        <time>2026-04-24T10:36:59Z</time>
      </trkpt>
      <trkpt lat="30.635784" lon="104.18418">
        <time>2026-04-24T10:37:00Z</time>
      </trkpt>
      <trkpt lat="30.635822" lon="104.18413">
        <time>2026-04-24T10:37:01Z</time>
      </trkpt>
      <trkpt lat="30.635857" lon="104.184074">
        <time>2026-04-24T10:37:02Z</time>
      </trkpt>
      <trkpt lat="30.635893" lon="104.18402">
        <time>2026-04-24T10:37:03Z</time>
      </trkpt>
      <trkpt lat="30.635927" lon="104.18397">
        <time>2026-04-24T10:37:04Z</time>
      </trkpt>
      <trkpt lat="30.635958" lon="104.183914">
        <time>2026-04-24T10:37:05Z</time>
      </trkpt>
      <trkpt lat="30.635992" lon="104.18387">
        <time>2026-04-24T10:37:06Z</time>
      </trkpt>
      <trkpt lat="30.636024" lon="104.183815">
        <time>2026-04-24T10:37:07Z</time>
      </trkpt>
      <trkpt lat="30.63606" lon="104.18376">
        <time>2026-04-24T10:37:08Z</time>
      </trkpt>
      <trkpt lat="30.636099" lon="104.183716">
        <time>2026-04-24T10:37:09Z</time>
      </trkpt>
      <trkpt lat="30.636126" lon="104.18366">
        <time>2026-04-24T10:37:10Z</time>
      </trkpt>
      <trkpt lat="30.636148" lon="104.18361">
        <time>2026-04-24T10:37:11Z</time>
      </trkpt>
      <trkpt lat="30.636171" lon="104.18356">
        <time>2026-04-24T10:37:12Z</time>
      </trkpt>
      <trkpt lat="30.6362" lon="104.1835">
        <time>2026-04-24T10:37:13Z</time>
      </trkpt>
      <trkpt lat="30.636227" lon="104.18345">
        <time>2026-04-24T10:37:14Z</time>
      </trkpt>
      <trkpt lat="30.636251" lon="104.1834">
        <time>2026-04-24T10:37:15Z</time>
      </trkpt>
      <trkpt lat="30.636286" lon="104.18335">
        <time>2026-04-24T10:37:16Z</time>
      </trkpt>
      <trkpt lat="30.636314" lon="104.183304">
        <time>2026-04-24T10:37:17Z</time>
      </trkpt>
      <trkpt lat="30.636345" lon="104.18326">
        <time>2026-04-24T10:37:18Z</time>
      </trkpt>
      <trkpt lat="30.636374" lon="104.18322">
        <time>2026-04-24T10:37:19Z</time>
      </trkpt>
      <trkpt lat="30.636402" lon="104.183174">
        <time>2026-04-24T10:37:20Z</time>
      </trkpt>
      <trkpt lat="30.63643" lon="104.18313">
        <time>2026-04-24T10:37:21Z</time>
      </trkpt>
      <trkpt lat="30.636456" lon="104.18308">
        <time>2026-04-24T10:37:22Z</time>
      </trkpt>
      <trkpt lat="30.63648" lon="104.18304">
        <time>2026-04-24T10:37:23Z</time>
      </trkpt>
      <trkpt lat="30.636505" lon="104.18299">
        <time>2026-04-24T10:37:24Z</time>
      </trkpt>
      <trkpt lat="30.636532" lon="104.182945">
        <time>2026-04-24T10:37:25Z</time>
      </trkpt>
      <trkpt lat="30.636562" lon="104.1829">
        <time>2026-04-24T10:37:26Z</time>
      </trkpt>
      <trkpt lat="30.63659" lon="104.18286">
        <time>2026-04-24T10:37:27Z</time>
      </trkpt>
      <trkpt lat="30.636614" lon="104.18282">
        <time>2026-04-24T10:37:28Z</time>
      </trkpt>
      <trkpt lat="30.636642" lon="104.18278">
        <time>2026-04-24T10:37:29Z</time>
      </trkpt>
      <trkpt lat="30.636683" lon="104.182724">
        <time>2026-04-24T10:37:30Z</time>
      </trkpt>
      <trkpt lat="30.636723" lon="104.18268">
        <time>2026-04-24T10:37:31Z</time>
      </trkpt>
      <trkpt lat="30.636765" lon="104.18264">
        <time>2026-04-24T10:37:32Z</time>
      </trkpt>
      <trkpt lat="30.636814" lon="104.18261">
        <time>2026-04-24T10:37:33Z</time>
      </trkpt>
      <trkpt lat="30.636873" lon="104.18258">
        <time>2026-04-24T10:37:34Z</time>
      </trkpt>
      <trkpt lat="30.63693" lon="104.18256">
        <time>2026-04-24T10:37:35Z</time>
      </trkpt>
      <trkpt lat="30.636986" lon="104.18254">
        <time>2026-04-24T10:37:36Z</time>
      </trkpt>
      <trkpt lat="30.637037" lon="104.18252">
        <time>2026-04-24T10:37:37Z</time>
      </trkpt>
      <trkpt lat="30.637093" lon="104.182495">
        <time>2026-04-24T10:37:38Z</time>
      </trkpt>
      <trkpt lat="30.637142" lon="104.18247">
        <time>2026-04-24T10:37:39Z</time>
      </trkpt>
      <trkpt lat="30.637197" lon="104.18244">
        <time>2026-04-24T10:37:40Z</time>
      </trkpt>
      <trkpt lat="30.637253" lon="104.18241">
        <time>2026-04-24T10:37:41Z</time>
      </trkpt>
      <trkpt lat="30.637299" lon="104.18239">
        <time>2026-04-24T10:37:42Z</time>
      </trkpt>
      <trkpt lat="30.637333" lon="104.182365">
        <time>2026-04-24T10:37:43Z</time>
      </trkpt>
      <trkpt lat="30.637377" lon="104.18235">
        <time>2026-04-24T10:37:44Z</time>
      </trkpt>
      <trkpt lat="30.637415" lon="104.18237">
        <time>2026-04-24T10:37:45Z</time>
      </trkpt>
      <trkpt lat="30.637455" lon="104.18238">
        <time>2026-04-24T10:37:46Z</time>
      </trkpt>
      <trkpt lat="30.637478" lon="104.18241">
        <time>2026-04-24T10:37:47Z</time>
      </trkpt>
      <trkpt lat="30.63748" lon="104.18245">
        <time>2026-04-24T10:37:48Z</time>
      </trkpt>
      <trkpt lat="30.637491" lon="104.182495">
        <time>2026-04-24T10:37:49Z</time>
      </trkpt>
      <trkpt lat="30.637505" lon="104.18254">
        <time>2026-04-24T10:37:50Z</time>
      </trkpt>
      <trkpt lat="30.637518" lon="104.18259">
        <time>2026-04-24T10:37:51Z</time>
      </trkpt>
      <trkpt lat="30.63753" lon="104.182625">
        <time>2026-04-24T10:37:52Z</time>
      </trkpt>
      <trkpt lat="30.637545" lon="104.18267">
        <time>2026-04-24T10:37:53Z</time>
      </trkpt>
      <trkpt lat="30.637568" lon="104.18271">
        <time>2026-04-24T10:37:54Z</time>
      </trkpt>
      <trkpt lat="30.637604" lon="104.18273">
        <time>2026-04-24T10:37:55Z</time>
      </trkpt>
      <trkpt lat="30.637646" lon="104.182724">
        <time>2026-04-24T10:37:56Z</time>
      </trkpt>
      <trkpt lat="30.63769" lon="104.18271">
        <time>2026-04-24T10:37:57Z</time>
      </trkpt>
      <trkpt lat="30.63774" lon="104.18268">
        <time>2026-04-24T10:37:58Z</time>
      </trkpt>
      <trkpt lat="30.637793" lon="104.18265">
        <time>2026-04-24T10:37:59Z</time>
      </trkpt>
      <trkpt lat="30.637854" lon="104.182625">
        <time>2026-04-24T10:38:00Z</time>
      </trkpt>
      <trkpt lat="30.637918" lon="104.1826">
        <time>2026-04-24T10:38:01Z</time>
      </trkpt>
      <trkpt lat="30.637981" lon="104.18259">
        <time>2026-04-24T10:38:02Z</time>
      </trkpt>
      <trkpt lat="30.638042" lon="104.18257">
        <time>2026-04-24T10:38:03Z</time>
      </trkpt>
      <trkpt lat="30.638107" lon="104.182556">
        <time>2026-04-24T10:38:04Z</time>
      </trkpt>
      <trkpt lat="30.638172" lon="104.182526">
        <time>2026-04-24T10:38:05Z</time>
      </trkpt>
      <trkpt lat="30.638239" lon="104.182495">
        <time>2026-04-24T10:38:06Z</time>
      </trkpt>
      <trkpt lat="30.638302" lon="104.182465">
        <time>2026-04-24T10:38:07Z</time>
      </trkpt>
      <trkpt lat="30.638355" lon="104.18245">
        <time>2026-04-24T10:38:08Z</time>
      </trkpt>
      <trkpt lat="30.638412" lon="104.18242">
        <time>2026-04-24T10:38:09Z</time>
      </trkpt>
      <trkpt lat="30.638477" lon="104.18239">
        <time>2026-04-24T10:38:10Z</time>
      </trkpt>
      <trkpt lat="30.638538" lon="104.18236">
        <time>2026-04-24T10:38:11Z</time>
      </trkpt>
      <trkpt lat="30.638597" lon="104.18233">
        <time>2026-04-24T10:38:12Z</time>
      </trkpt>
      <trkpt lat="30.63866" lon="104.18229">
        <time>2026-04-24T10:38:13Z</time>
      </trkpt>
      <trkpt lat="30.638723" lon="104.18226">
        <time>2026-04-24T10:38:14Z</time>
      </trkpt>
      <trkpt lat="30.63878" lon="104.18222">
        <time>2026-04-24T10:38:15Z</time>
      </trkpt>
      <trkpt lat="30.638838" lon="104.18218">
        <time>2026-04-24T10:38:16Z</time>
      </trkpt>
      <trkpt lat="30.638891" lon="104.18215">
        <time>2026-04-24T10:38:17Z</time>
      </trkpt>
      <trkpt lat="30.638948" lon="104.18212">
        <time>2026-04-24T10:38:18Z</time>
      </trkpt>
      <trkpt lat="30.639006" lon="104.1821">
        <time>2026-04-24T10:38:19Z</time>
      </trkpt>
      <trkpt lat="30.639067" lon="104.18207">
        <time>2026-04-24T10:38:20Z</time>
      </trkpt>
      <trkpt lat="30.639126" lon="104.182045">
        <time>2026-04-24T10:38:21Z</time>
      </trkpt>
      <trkpt lat="30.639177" lon="104.18202">
        <time>2026-04-24T10:38:22Z</time>
      </trkpt>
      <trkpt lat="30.63923" lon="104.18201">
        <time>2026-04-24T10:38:23Z</time>
      </trkpt>
      <trkpt lat="30.639284" lon="104.181984">
        <time>2026-04-24T10:38:24Z</time>
      </trkpt>
      <trkpt lat="30.639334" lon="104.18196">
        <time>2026-04-24T10:38:25Z</time>
      </trkpt>
      <trkpt lat="30.639389" lon="104.18193">
        <time>2026-04-24T10:38:26Z</time>
      </trkpt>
      <trkpt lat="30.639431" lon="104.18191">
        <time>2026-04-24T10:38:27Z</time>
      </trkpt>
      <trkpt lat="30.639475" lon="104.18188">
        <time>2026-04-24T10:38:28Z</time>
      </trkpt>
      <trkpt lat="30.639523" lon="104.18183">
        <time>2026-04-24T10:38:29Z</time>
      </trkpt>
      <trkpt lat="30.639574" lon="104.18179">
        <time>2026-04-24T10:38:30Z</time>
      </trkpt>
      <trkpt lat="30.63962" lon="104.181755">
        <time>2026-04-24T10:38:31Z</time>
      </trkpt>
      <trkpt lat="30.63966" lon="104.18171">
        <time>2026-04-24T10:38:32Z</time>
      </trkpt>
      <trkpt lat="30.639711" lon="104.18166">
        <time>2026-04-24T10:38:33Z</time>
      </trkpt>
      <trkpt lat="30.639765" lon="104.181625">
        <time>2026-04-24T10:38:34Z</time>
      </trkpt>
      <trkpt lat="30.639812" lon="104.18158">
        <time>2026-04-24T10:38:35Z</time>
      </trkpt>
      <trkpt lat="30.639862" lon="104.18153">
        <time>2026-04-24T10:38:36Z</time>
      </trkpt>
      <trkpt lat="30.639906" lon="104.18148">
        <time>2026-04-24T10:38:37Z</time>
      </trkpt>
      <trkpt lat="30.639952" lon="104.18143">
        <time>2026-04-24T10:38:38Z</time>
      </trkpt>
      <trkpt lat="30.64" lon="104.18137">
        <time>2026-04-24T10:38:39Z</time>
      </trkpt>
      <trkpt lat="30.640047" lon="104.18133">
        <time>2026-04-24T10:38:40Z</time>
      </trkpt>
      <trkpt lat="30.640099" lon="104.181274">
        <time>2026-04-24T10:38:41Z</time>
      </trkpt>
      <trkpt lat="30.64015" lon="104.18123">
        <time>2026-04-24T10:38:42Z</time>
      </trkpt>
      <trkpt lat="30.6402" lon="104.18118">
        <time>2026-04-24T10:38:43Z</time>
      </trkpt>
      <trkpt lat="30.640257" lon="104.18114">
        <time>2026-04-24T10:38:44Z</time>
      </trkpt>
      <trkpt lat="30.640316" lon="104.1811">
        <time>2026-04-24T10:38:45Z</time>
      </trkpt>
      <trkpt lat="30.64038" lon="104.18107">
        <time>2026-04-24T10:38:46Z</time>
      </trkpt>
      <trkpt lat="30.640446" lon="104.18105">
        <time>2026-04-24T10:38:47Z</time>
      </trkpt>
      <trkpt lat="30.640512" lon="104.181046">
        <time>2026-04-24T10:38:48Z</time>
      </trkpt>
      <trkpt lat="30.640575" lon="104.18104">
        <time>2026-04-24T10:38:49Z</time>
      </trkpt>
      <trkpt lat="30.640644" lon="104.181046">
        <time>2026-04-24T10:38:50Z</time>
      </trkpt>
      <trkpt lat="30.64071" lon="104.18106">
        <time>2026-04-24T10:38:51Z</time>
      </trkpt>
      <trkpt lat="30.640776" lon="104.18107">
        <time>2026-04-24T10:38:52Z</time>
      </trkpt>
      <trkpt lat="30.640839" lon="104.18107">
        <time>2026-04-24T10:38:53Z</time>
      </trkpt>
      <trkpt lat="30.640902" lon="104.18106">
        <time>2026-04-24T10:38:54Z</time>
      </trkpt>
      <trkpt lat="30.640963" lon="104.18105">
        <time>2026-04-24T10:38:55Z</time>
      </trkpt>
      <trkpt lat="30.641022" lon="104.18104">
        <time>2026-04-24T10:38:56Z</time>
      </trkpt>
      <trkpt lat="30.641077" lon="104.18103">
        <time>2026-04-24T10:38:57Z</time>
      </trkpt>
      <trkpt lat="30.641134" lon="104.181015">
        <time>2026-04-24T10:38:58Z</time>
      </trkpt>
      <trkpt lat="30.64119" lon="104.181">
        <time>2026-04-24T10:38:59Z</time>
      </trkpt>
      <trkpt lat="30.641245" lon="104.180984">
        <time>2026-04-24T10:39:00Z</time>
      </trkpt>
      <trkpt lat="30.641294" lon="104.18098">
        <time>2026-04-24T10:39:01Z</time>
      </trkpt>
      <trkpt lat="30.641344" lon="104.180954">
        <time>2026-04-24T10:39:02Z</time>
      </trkpt>
      <trkpt lat="30.641388" lon="104.18091">
        <time>2026-04-24T10:39:03Z</time>
      </trkpt>
      <trkpt lat="30.64143" lon="104.18087">
        <time>2026-04-24T10:39:04Z</time>
      </trkpt>
      <trkpt lat="30.641466" lon="104.180824">
        <time>2026-04-24T10:39:05Z</time>
      </trkpt>
      <trkpt lat="30.641499" lon="104.18077">
        <time>2026-04-24T10:39:06Z</time>
      </trkpt>
      <trkpt lat="30.641531" lon="104.180725">
        <time>2026-04-24T10:39:07Z</time>
      </trkpt>
      <trkpt lat="30.641563" lon="104.18068">
        <time>2026-04-24T10:39:08Z</time>
      </trkpt>
      <trkpt lat="30.641602" lon="104.18063">
        <time>2026-04-24T10:39:09Z</time>
      </trkpt>
      <trkpt lat="30.641638" lon="104.18058">
        <time>2026-04-24T10:39:10Z</time>
      </trkpt>
      <trkpt lat="30.641676" lon="104.180534">
        <time>2026-04-24T10:39:11Z</time>
      </trkpt>
      <trkpt lat="30.641708" lon="104.18048">
        <time>2026-04-24T10:39:12Z</time>
      </trkpt>
      <trkpt lat="30.641743" lon="104.180435">
        <time>2026-04-24T10:39:13Z</time>
      </trkpt>
      <trkpt lat="30.641779" lon="104.18038">
        <time>2026-04-24T10:39:14Z</time>
      </trkpt>
      <trkpt lat="30.641811" lon="104.18033">
        <time>2026-04-24T10:39:15Z</time>
      </trkpt>
      <trkpt lat="30.641848" lon="104.18028">
        <time>2026-04-24T10:39:16Z</time>
      </trkpt>
      <trkpt lat="30.641878" lon="104.18023">
        <time>2026-04-24T10:39:17Z</time>
      </trkpt>
      <trkpt lat="30.641909" lon="104.18018">
        <time>2026-04-24T10:39:18Z</time>
      </trkpt>
      <trkpt lat="30.64194" lon="104.18013">
        <time>2026-04-24T10:39:19Z</time>
      </trkpt>
      <trkpt lat="30.641966" lon="104.18008">
        <time>2026-04-24T10:39:20Z</time>
      </trkpt>
      <trkpt lat="30.641993" lon="104.18003">
        <time>2026-04-24T10:39:21Z</time>
      </trkpt>
      <trkpt lat="30.642023" lon="104.17998">
        <time>2026-04-24T10:39:22Z</time>
      </trkpt>
      <trkpt lat="30.642048" lon="104.17993">
        <time>2026-04-24T10:39:23Z</time>
      </trkpt>
      <trkpt lat="30.64207" lon="104.17987">
        <time>2026-04-24T10:39:24Z</time>
      </trkpt>
      <trkpt lat="30.642088" lon="104.17982">
        <time>2026-04-24T10:39:25Z</time>
      </trkpt>
      <trkpt lat="30.64211" lon="104.17976">
        <time>2026-04-24T10:39:26Z</time>
      </trkpt>
      <trkpt lat="30.642128" lon="104.17972">
        <time>2026-04-24T10:39:27Z</time>
      </trkpt>
      <trkpt lat="30.642145" lon="104.179665">
        <time>2026-04-24T10:39:28Z</time>
      </trkpt>
      <trkpt lat="30.642162" lon="104.1796">
        <time>2026-04-24T10:39:29Z</time>
      </trkpt>
      <trkpt lat="30.642174" lon="104.17955">
        <time>2026-04-24T10:39:30Z</time>
      </trkpt>
      <trkpt lat="30.642181" lon="104.1795">
        <time>2026-04-24T10:39:31Z</time>
      </trkpt>
      <trkpt lat="30.642185" lon="104.17944">
        <time>2026-04-24T10:39:32Z</time>
      </trkpt>
      <trkpt lat="30.642181" lon="104.179375">
        <time>2026-04-24T10:39:33Z</time>
      </trkpt>
      <trkpt lat="30.642176" lon="104.1793">
        <time>2026-04-24T10:39:34Z</time>
      </trkpt>
      <trkpt lat="30.642172" lon="104.17922">
        <time>2026-04-24T10:39:35Z</time>
      </trkpt>
      <trkpt lat="30.642166" lon="104.179146">
        <time>2026-04-24T10:39:36Z</time>
      </trkpt>
      <trkpt lat="30.642162" lon="104.17908">
        <time>2026-04-24T10:39:37Z</time>
      </trkpt>
      <trkpt lat="30.642153" lon="104.179">
        <time>2026-04-24T10:39:38Z</time>
      </trkpt>
      <trkpt lat="30.642141" lon="104.17893">
        <time>2026-04-24T10:39:39Z</time>
      </trkpt>
      <trkpt lat="30.642124" lon="104.17886">
        <time>2026-04-24T10:39:40Z</time>
      </trkpt>
      <trkpt lat="30.642105" lon="104.178795">
        <time>2026-04-24T10:39:41Z</time>
      </trkpt>
      <trkpt lat="30.642088" lon="104.178734">
        <time>2026-04-24T10:39:42Z</time>
      </trkpt>
      <trkpt lat="30.642076" lon="104.17866">
        <time>2026-04-24T10:39:43Z</time>
      </trkpt>
      <trkpt lat="30.64206" lon="104.17859">
        <time>2026-04-24T10:39:44Z</time>
      </trkpt>
      <trkpt lat="30.642044" lon="104.17853">
        <time>2026-04-24T10:39:45Z</time>
      </trkpt>
      <trkpt lat="30.642015" lon="104.17846">
        <time>2026-04-24T10:39:46Z</time>
      </trkpt>
      <trkpt lat="30.641993" lon="104.1784">
        <time>2026-04-24T10:39:47Z</time>
      </trkpt>
      <trkpt lat="30.64197" lon="104.17833">
        <time>2026-04-24T10:39:48Z</time>
      </trkpt>
      <trkpt lat="30.641954" lon="104.17826">
        <time>2026-04-24T10:39:49Z</time>
      </trkpt>
      <trkpt lat="30.641943" lon="104.17819">
        <time>2026-04-24T10:39:50Z</time>
      </trkpt>
      <trkpt lat="30.64193" lon="104.17813">
        <time>2026-04-24T10:39:51Z</time>
      </trkpt>
      <trkpt lat="30.64192" lon="104.17806">
        <time>2026-04-24T10:39:52Z</time>
      </trkpt>
      <trkpt lat="30.641909" lon="104.178">
        <time>2026-04-24T10:39:53Z</time>
      </trkpt>
      <trkpt lat="30.641893" lon="104.17795">
        <time>2026-04-24T10:39:54Z</time>
      </trkpt>
      <trkpt lat="30.641872" lon="104.177895">
        <time>2026-04-24T10:39:55Z</time>
      </trkpt>
      <trkpt lat="30.641853" lon="104.17785">
        <time>2026-04-24T10:39:56Z</time>
      </trkpt>
      <trkpt lat="30.641832" lon="104.1778">
        <time>2026-04-24T10:39:57Z</time>
      </trkpt>
      <trkpt lat="30.641815" lon="104.17774">
        <time>2026-04-24T10:39:58Z</time>
      </trkpt>
      <trkpt lat="30.641804" lon="104.17768">
        <time>2026-04-24T10:39:59Z</time>
      </trkpt>
      <trkpt lat="30.64179" lon="104.17762">
        <time>2026-04-24T10:40:00Z</time>
      </trkpt>
      <trkpt lat="30.641771" lon="104.17754">
        <time>2026-04-24T10:40:01Z</time>
      </trkpt>
      <trkpt lat="30.641754" lon="104.177475">
        <time>2026-04-24T10:40:02Z</time>
      </trkpt>
      <trkpt lat="30.64174" lon="104.17741">
        <time>2026-04-24T10:40:03Z</time>
      </trkpt>
      <trkpt lat="30.641731" lon="104.17734">
        <time>2026-04-24T10:40:04Z</time>
      </trkpt>
      <trkpt lat="30.641722" lon="104.17726">
        <time>2026-04-24T10:40:05Z</time>
      </trkpt>
      <trkpt lat="30.641708" lon="104.17719">
        <time>2026-04-24T10:40:06Z</time>
      </trkpt>
      <trkpt lat="30.641706" lon="104.17713">
        <time>2026-04-24T10:40:07Z</time>
      </trkpt>
      <trkpt lat="30.641714" lon="104.17707">
        <time>2026-04-24T10:40:08Z</time>
      </trkpt>
      <trkpt lat="30.641726" lon="104.17701">
        <time>2026-04-24T10:40:09Z</time>
      </trkpt>
      <trkpt lat="30.641737" lon="104.17695">
        <time>2026-04-24T10:40:10Z</time>
      </trkpt>
      <trkpt lat="30.641752" lon="104.17689">
        <time>2026-04-24T10:40:11Z</time>
      </trkpt>
      <trkpt lat="30.641775" lon="104.17684">
        <time>2026-04-24T10:40:12Z</time>
      </trkpt>
      <trkpt lat="30.6418" lon="104.17679">
        <time>2026-04-24T10:40:13Z</time>
      </trkpt>
      <trkpt lat="30.641823" lon="104.176735">
        <time>2026-04-24T10:40:14Z</time>
      </trkpt>
      <trkpt lat="30.641844" lon="104.17669">
        <time>2026-04-24T10:40:15Z</time>
      </trkpt>
      <trkpt lat="30.641863" lon="104.176636">
        <time>2026-04-24T10:40:16Z</time>
      </trkpt>
      <trkpt lat="30.641886" lon="104.17659">
        <time>2026-04-24T10:40:17Z</time>
      </trkpt>
      <trkpt lat="30.641909" lon="104.176544">
        <time>2026-04-24T10:40:18Z</time>
      </trkpt>
      <trkpt lat="30.641935" lon="104.1765">
        <time>2026-04-24T10:40:19Z</time>
      </trkpt>
      <trkpt lat="30.64196" lon="104.17645">
        <time>2026-04-24T10:40:20Z</time>
      </trkpt>
      <trkpt lat="30.641987" lon="104.17641">
        <time>2026-04-24T10:40:21Z</time>
      </trkpt>
      <trkpt lat="30.642014" lon="104.17637">
        <time>2026-04-24T10:40:22Z</time>
      </trkpt>
      <trkpt lat="30.64204" lon="104.17632">
        <time>2026-04-24T10:40:23Z</time>
      </trkpt>
      <trkpt lat="30.642061" lon="104.176285">
        <time>2026-04-24T10:40:24Z</time>
      </trkpt>
      <trkpt lat="30.642082" lon="104.17624">
        <time>2026-04-24T10:40:25Z</time>
      </trkpt>
      <trkpt lat="30.642097" lon="104.17619">
        <time>2026-04-24T10:40:26Z</time>
      </trkpt>
      <trkpt lat="30.64211" lon="104.17615">
        <time>2026-04-24T10:40:27Z</time>
      </trkpt>
      <trkpt lat="30.642122" lon="104.1761">
        <time>2026-04-24T10:40:28Z</time>
      </trkpt>
      <trkpt lat="30.642132" lon="104.17605">
        <time>2026-04-24T10:40:29Z</time>
      </trkpt>
      <trkpt lat="30.642143" lon="104.175995">
        <time>2026-04-24T10:40:30Z</time>
      </trkpt>
      <trkpt lat="30.642153" lon="104.17595">
        <time>2026-04-24T10:40:31Z</time>
      </trkpt>
      <trkpt lat="30.642164" lon="104.1759">
        <time>2026-04-24T10:40:32Z</time>
      </trkpt>
      <trkpt lat="30.642174" lon="104.17585">
        <time>2026-04-24T10:40:33Z</time>
      </trkpt>
      <trkpt lat="30.64218" lon="104.17581">
        <time>2026-04-24T10:40:34Z</time>
      </trkpt>
      <trkpt lat="30.64219" lon="104.17576">
        <time>2026-04-24T10:40:35Z</time>
      </trkpt>
      <trkpt lat="30.642202" lon="104.1757">
        <time>2026-04-24T10:40:36Z</time>
      </trkpt>
      <trkpt lat="30.64222" lon="104.175644">
        <time>2026-04-24T10:40:37Z</time>
      </trkpt>
      <trkpt lat="30.642256" lon="104.1756">
        <time>2026-04-24T10:40:38Z</time>
      </trkpt>
      <trkpt lat="30.642298" lon="104.17557">
        <time>2026-04-24T10:40:39Z</time>
      </trkpt>
      <trkpt lat="30.642345" lon="104.17556">
        <time>2026-04-24T10:40:40Z</time>
      </trkpt>
      <trkpt lat="30.642395" lon="104.17556">
        <time>2026-04-24T10:40:41Z</time>
      </trkpt>
      <trkpt lat="30.64244" lon="104.17557">
        <time>2026-04-24T10:40:42Z</time>
      </trkpt>
      <trkpt lat="30.642488" lon="104.175575">
        <time>2026-04-24T10:40:43Z</time>
      </trkpt>
      <trkpt lat="30.642534" lon="104.17558">
        <time>2026-04-24T10:40:44Z</time>
      </trkpt>
      <trkpt lat="30.642582" lon="104.17559">
        <time>2026-04-24T10:40:45Z</time>
      </trkpt>
      <trkpt lat="30.642632" lon="104.1756">
        <time>2026-04-24T10:40:46Z</time>
      </trkpt>
      <trkpt lat="30.64268" lon="104.175606">
        <time>2026-04-24T10:40:47Z</time>
      </trkpt>
      <trkpt lat="30.642727" lon="104.17561">
        <time>2026-04-24T10:40:48Z</time>
      </trkpt>
      <trkpt lat="30.642775" lon="104.17562">
        <time>2026-04-24T10:40:49Z</time>
      </trkpt>
      <trkpt lat="30.642824" lon="104.17563">
        <time>2026-04-24T10:40:50Z</time>
      </trkpt>
      <trkpt lat="30.64287" lon="104.17564">
        <time>2026-04-24T10:40:51Z</time>
      </trkpt>
      <trkpt lat="30.642916" lon="104.17565">
        <time>2026-04-24T10:40:52Z</time>
      </trkpt>
      <trkpt lat="30.642958" lon="104.175674">
        <time>2026-04-24T10:40:53Z</time>
      </trkpt>
      <trkpt lat="30.642994" lon="104.17572">
        <time>2026-04-24T10:40:54Z</time>
      </trkpt>
      <trkpt lat="30.643017" lon="104.17577">
        <time>2026-04-24T10:40:55Z</time>
      </trkpt>
      <trkpt lat="30.643032" lon="104.17583">
        <time>2026-04-24T10:40:56Z</time>
      </trkpt>
      <trkpt lat="30.643042" lon="104.17589">
        <time>2026-04-24T10:40:57Z</time>
      </trkpt>
      <trkpt lat="30.643053" lon="104.17594">
        <time>2026-04-24T10:40:58Z</time>
      </trkpt>
      <trkpt lat="30.643064" lon="104.176">
        <time>2026-04-24T10:40:59Z</time>
      </trkpt>
      <trkpt lat="30.64308" lon="104.17606">
        <time>2026-04-24T10:41:00Z</time>
      </trkpt>
      <trkpt lat="30.643095" lon="104.17612">
        <time>2026-04-24T10:41:01Z</time>
      </trkpt>
      <trkpt lat="30.643112" lon="104.17618">
        <time>2026-04-24T10:41:02Z</time>
      </trkpt>
      <trkpt lat="30.64313" lon="104.17623">
        <time>2026-04-24T10:41:03Z</time>
      </trkpt>
      <trkpt lat="30.643156" lon="104.176285">
        <time>2026-04-24T10:41:04Z</time>
      </trkpt>
      <trkpt lat="30.643187" lon="104.17634">
        <time>2026-04-24T10:41:05Z</time>
      </trkpt>
      <trkpt lat="30.643217" lon="104.17639">
        <time>2026-04-24T10:41:06Z</time>
      </trkpt>
      <trkpt lat="30.643248" lon="104.17644">
        <time>2026-04-24T10:41:07Z</time>
      </trkpt>
      <trkpt lat="30.643286" lon="104.176476">
        <time>2026-04-24T10:41:08Z</time>
      </trkpt>
      <trkpt lat="30.643326" lon="104.17651">
        <time>2026-04-24T10:41:09Z</time>
      </trkpt>
      <trkpt lat="30.643366" lon="104.176544">
        <time>2026-04-24T10:41:10Z</time>
      </trkpt>
      <trkpt lat="30.643406" lon="104.17658">
        <time>2026-04-24T10:41:11Z</time>
      </trkpt>
      <trkpt lat="30.643444" lon="104.17661">
        <time>2026-04-24T10:41:12Z</time>
      </trkpt>
      <trkpt lat="30.643488" lon="104.17664">
        <time>2026-04-24T10:41:13Z</time>
      </trkpt>
      <trkpt lat="30.643534" lon="104.17667">
        <time>2026-04-24T10:41:14Z</time>
      </trkpt>
      <trkpt lat="30.64358" lon="104.17669">
        <time>2026-04-24T10:41:15Z</time>
      </trkpt>
      <trkpt lat="30.643627" lon="104.17671">
        <time>2026-04-24T10:41:16Z</time>
      </trkpt>
      <trkpt lat="30.643673" lon="104.17672">
        <time>2026-04-24T10:41:17Z</time>
      </trkpt>
      <trkpt lat="30.643717" lon="104.176735">
        <time>2026-04-24T10:41:18Z</time>
      </trkpt>
      <trkpt lat="30.643763" lon="104.176735">
        <time>2026-04-24T10:41:19Z</time>
      </trkpt>
      <trkpt lat="30.643808" lon="104.176735">
        <time>2026-04-24T10:41:20Z</time>
      </trkpt>
      <trkpt lat="30.643856" lon="104.176735">
        <time>2026-04-24T10:41:21Z</time>
      </trkpt>
      <trkpt lat="30.643904" lon="104.17673">
        <time>2026-04-24T10:41:22Z</time>
      </trkpt>
      <trkpt lat="30.64395" lon="104.17672">
        <time>2026-04-24T10:41:23Z</time>
      </trkpt>
      <trkpt lat="30.643997" lon="104.1767">
        <time>2026-04-24T10:41:24Z</time>
      </trkpt>
      <trkpt lat="30.644043" lon="104.17668">
        <time>2026-04-24T10:41:25Z</time>
      </trkpt>
      <trkpt lat="30.644085" lon="104.17666">
        <time>2026-04-24T10:41:26Z</time>
      </trkpt>
      <trkpt lat="30.644121" lon="104.176636">
        <time>2026-04-24T10:41:27Z</time>
      </trkpt>
      <trkpt lat="30.644165" lon="104.17661">
        <time>2026-04-24T10:41:28Z</time>
      </trkpt>
      <trkpt lat="30.644209" lon="104.17658">
        <time>2026-04-24T10:41:29Z</time>
      </trkpt>
      <trkpt lat="30.64425" lon="104.17655">
        <time>2026-04-24T10:41:30Z</time>
      </trkpt>
      <trkpt lat="30.644304" lon="104.17651">
        <time>2026-04-24T10:41:31Z</time>
      </trkpt>
      <trkpt lat="30.644348" lon="104.17648">
        <time>2026-04-24T10:41:32Z</time>
      </trkpt>
      <trkpt lat="30.644394" lon="104.176445">
        <time>2026-04-24T10:41:33Z</time>
      </trkpt>
      <trkpt lat="30.644432" lon="104.1764">
        <time>2026-04-24T10:41:34Z</time>
      </trkpt>
      <trkpt lat="30.644476" lon="104.17636">
        <time>2026-04-24T10:41:35Z</time>
      </trkpt>
      <trkpt lat="30.644516" lon="104.176315">
        <time>2026-04-24T10:41:36Z</time>
      </trkpt>
      <trkpt lat="30.644548" lon="104.17627">
        <time>2026-04-24T10:41:37Z</time>
      </trkpt>
      <trkpt lat="30.644573" lon="104.17622">
        <time>2026-04-24T10:41:38Z</time>
      </trkpt>
      <trkpt lat="30.644588" lon="104.17616">
        <time>2026-04-24T10:41:39Z</time>
      </trkpt>
      <trkpt lat="30.644602" lon="104.17611">
        <time>2026-04-24T10:41:40Z</time>
      </trkpt>
      <trkpt lat="30.644606" lon="104.176056">
        <time>2026-04-24T10:41:41Z</time>
      </trkpt>
      <trkpt lat="30.644615" lon="104.175995">
        <time>2026-04-24T10:41:42Z</time>
      </trkpt>
      <trkpt lat="30.644632" lon="104.17594">
        <time>2026-04-24T10:41:43Z</time>
      </trkpt>
      <trkpt lat="30.64465" lon="104.17589">
        <time>2026-04-24T10:41:44Z</time>
      </trkpt>
      <trkpt lat="30.644667" lon="104.17583">
        <time>2026-04-24T10:41:45Z</time>
      </trkpt>
      <trkpt lat="30.644678" lon="104.17577">
        <time>2026-04-24T10:41:46Z</time>
      </trkpt>
      <trkpt lat="30.644686" lon="104.175705">
        <time>2026-04-24T10:41:47Z</time>
      </trkpt>
      <trkpt lat="30.6447" lon="104.175644">
        <time>2026-04-24T10:41:48Z</time>
      </trkpt>
      <trkpt lat="30.644707" lon="104.17558">
        <time>2026-04-24T10:41:49Z</time>
      </trkpt>
      <trkpt lat="30.644712" lon="104.17553">
        <time>2026-04-24T10:41:50Z</time>
      </trkpt>
      <trkpt lat="30.644724" lon="104.17547">
        <time>2026-04-24T10:41:51Z</time>
      </trkpt>
      <trkpt lat="30.644732" lon="104.175415">
        <time>2026-04-24T10:41:52Z</time>
      </trkpt>
      <trkpt lat="30.64474" lon="104.175354">
        <time>2026-04-24T10:41:53Z</time>
      </trkpt>
      <trkpt lat="30.644745" lon="104.1753">
        <time>2026-04-24T10:41:54Z</time>
      </trkpt>
      <trkpt lat="30.64475" lon="104.17525">
        <time>2026-04-24T10:41:55Z</time>
      </trkpt>
      <trkpt lat="30.644756" lon="104.17519">
        <time>2026-04-24T10:41:56Z</time>
      </trkpt>
      <trkpt lat="30.644766" lon="104.17514">
        <time>2026-04-24T10:41:57Z</time>
      </trkpt>
      <trkpt lat="30.644777" lon="104.175095">
        <time>2026-04-24T10:41:58Z</time>
      </trkpt>
      <trkpt lat="30.644789" lon="104.17504">
        <time>2026-04-24T10:41:59Z</time>
      </trkpt>
      <trkpt lat="30.644806" lon="104.174995">
        <time>2026-04-24T10:42:00Z</time>
      </trkpt>
      <trkpt lat="30.64483" lon="104.17496">
        <time>2026-04-24T10:42:01Z</time>
      </trkpt>
      <trkpt lat="30.644857" lon="104.17493">
        <time>2026-04-24T10:42:02Z</time>
      </trkpt>
      <trkpt lat="30.644894" lon="104.174904">
        <time>2026-04-24T10:42:03Z</time>
      </trkpt>
      <trkpt lat="30.644934" lon="104.17489">
        <time>2026-04-24T10:42:04Z</time>
      </trkpt>
      <trkpt lat="30.644978" lon="104.17487">
        <time>2026-04-24T10:42:05Z</time>
      </trkpt>
      <trkpt lat="30.645025" lon="104.17488">
        <time>2026-04-24T10:42:06Z</time>
      </trkpt>
      <trkpt lat="30.645071" lon="104.17489">
        <time>2026-04-24T10:42:07Z</time>
      </trkpt>
      <trkpt lat="30.64512" lon="104.17491">
        <time>2026-04-24T10:42:08Z</time>
      </trkpt>
      <trkpt lat="30.645168" lon="104.17493">
        <time>2026-04-24T10:42:09Z</time>
      </trkpt>
      <trkpt lat="30.645216" lon="104.17494">
        <time>2026-04-24T10:42:10Z</time>
      </trkpt>
      <trkpt lat="30.645264" lon="104.17496">
        <time>2026-04-24T10:42:11Z</time>
      </trkpt>
      <trkpt lat="30.64531" lon="104.17497">
        <time>2026-04-24T10:42:12Z</time>
      </trkpt>
      <trkpt lat="30.645357" lon="104.17499">
        <time>2026-04-24T10:42:13Z</time>
      </trkpt>
      <trkpt lat="30.645409" lon="104.175">
        <time>2026-04-24T10:42:14Z</time>
      </trkpt>
      <trkpt lat="30.645452" lon="104.17502">
        <time>2026-04-24T10:42:15Z</time>
      </trkpt>
      <trkpt lat="30.6455" lon="104.17503">
        <time>2026-04-24T10:42:16Z</time>
      </trkpt>
      <trkpt lat="30.645544" lon="104.17505">
        <time>2026-04-24T10:42:17Z</time>
      </trkpt>
      <trkpt lat="30.645596" lon="104.175064">
        <time>2026-04-24T10:42:18Z</time>
      </trkpt>
      <trkpt lat="30.645638" lon="104.17508">
        <time>2026-04-24T10:42:19Z</time>
      </trkpt>
      <trkpt lat="30.645678" lon="104.17509">
        <time>2026-04-24T10:42:20Z</time>
      </trkpt>
      <trkpt lat="30.645716" lon="104.1751">
        <time>2026-04-24T10:42:21Z</time>
      </trkpt>
      <trkpt lat="30.645748" lon="104.17511">
        <time>2026-04-24T10:42:22Z</time>
      </trkpt>
      <trkpt lat="30.645788" lon="104.17512">
        <time>2026-04-24T10:42:23Z</time>
      </trkpt>
      <trkpt lat="30.645834" lon="104.17513">
        <time>2026-04-24T10:42:24Z</time>
      </trkpt>
      <trkpt lat="30.645876" lon="104.17515">
        <time>2026-04-24T10:42:25Z</time>
      </trkpt>
      <trkpt lat="30.64592" lon="104.175156">
        <time>2026-04-24T10:42:26Z</time>
      </trkpt>
      <trkpt lat="30.645967" lon="104.17518">
        <time>2026-04-24T10:42:27Z</time>
      </trkpt>
      <trkpt lat="30.646013" lon="104.175186">
        <time>2026-04-24T10:42:28Z</time>
      </trkpt>
      <trkpt lat="30.64606" lon="104.17519">
        <time>2026-04-24T10:42:29Z</time>
      </trkpt>
      <trkpt lat="30.646107" lon="104.17521">
        <time>2026-04-24T10:42:30Z</time>
      </trkpt>
      <trkpt lat="30.646149" lon="104.17522">
        <time>2026-04-24T10:42:31Z</time>
      </trkpt>
      <trkpt lat="30.646185" lon="104.17523">
        <time>2026-04-24T10:42:32Z</time>
      </trkpt>
      <trkpt lat="30.646223" lon="104.17523">
        <time>2026-04-24T10:42:33Z</time>
      </trkpt>
      <trkpt lat="30.646261" lon="104.17523">
        <time>2026-04-24T10:42:34Z</time>
      </trkpt>
      <trkpt lat="30.646297" lon="104.17523">
        <time>2026-04-24T10:42:35Z</time>
      </trkpt>
      <trkpt lat="30.64633" lon="104.175224">
        <time>2026-04-24T10:42:36Z</time>
      </trkpt>
      <trkpt lat="30.646357" lon="104.17522">
        <time>2026-04-24T10:42:37Z</time>
      </trkpt>
      <trkpt lat="30.646389" lon="104.1752">
        <time>2026-04-24T10:42:38Z</time>
      </trkpt>
      <trkpt lat="30.64642" lon="104.1752">
        <time>2026-04-24T10:42:39Z</time>
      </trkpt>
      <trkpt lat="30.646456" lon="104.17521">
        <time>2026-04-24T10:42:40Z</time>
      </trkpt>
      <trkpt lat="30.64649" lon="104.175224">
        <time>2026-04-24T10:42:41Z</time>
      </trkpt>
      <trkpt lat="30.64652" lon="104.17523">
        <time>2026-04-24T10:42:42Z</time>
      </trkpt>
      <trkpt lat="30.646553" lon="104.17524">
        <time>2026-04-24T10:42:43Z</time>
      </trkpt>
      <trkpt lat="30.646582" lon="104.17525">
        <time>2026-04-24T10:42:44Z</time>
      </trkpt>
      <trkpt lat="30.646608" lon="104.175255">
        <time>2026-04-24T10:42:45Z</time>
      </trkpt>
      <trkpt lat="30.646624" lon="104.17526">
        <time>2026-04-24T10:42:46Z</time>
      </trkpt>
      <trkpt lat="30.646643" lon="104.17526">
        <time>2026-04-24T10:42:47Z</time>
      </trkpt>
      <trkpt lat="30.646658" lon="104.17527">
        <time>2026-04-24T10:42:48Z</time>
      </trkpt>
      <trkpt lat="30.646687" lon="104.17528">
        <time>2026-04-24T10:42:49Z</time>
      </trkpt>
      <trkpt lat="30.646711" lon="104.17529">
        <time>2026-04-24T10:42:50Z</time>
      </trkpt>
      <trkpt lat="30.646738" lon="104.1753">
        <time>2026-04-24T10:42:51Z</time>
      </trkpt>
      <trkpt lat="30.64676" lon="104.17531">
        <time>2026-04-24T10:42:52Z</time>
      </trkpt>
      <trkpt lat="30.646786" lon="104.17532">
        <time>2026-04-24T10:42:53Z</time>
      </trkpt>
      <trkpt lat="30.646814" lon="104.17533">
        <time>2026-04-24T10:42:54Z</time>
      </trkpt>
      <trkpt lat="30.646854" lon="104.17533">
        <time>2026-04-24T10:42:55Z</time>
      </trkpt>
      <trkpt lat="30.646893" lon="104.17534">
        <time>2026-04-24T10:42:56Z</time>
      </trkpt>
      <trkpt lat="30.64693" lon="104.17535">
        <time>2026-04-24T10:42:57Z</time>
      </trkpt>
      <trkpt lat="30.646963" lon="104.175354">
        <time>2026-04-24T10:42:58Z</time>
      </trkpt>
      <trkpt lat="30.646997" lon="104.17536">
        <time>2026-04-24T10:42:59Z</time>
      </trkpt>
      <trkpt lat="30.647034" lon="104.17537">
        <time>2026-04-24T10:43:00Z</time>
      </trkpt>
      <trkpt lat="30.647068" lon="104.17538">
        <time>2026-04-24T10:43:01Z</time>
      </trkpt>
      <trkpt lat="30.64711" lon="104.17538">
        <time>2026-04-24T10:43:02Z</time>
      </trkpt>
      <trkpt lat="30.647152" lon="104.17538">
        <time>2026-04-24T10:43:03Z</time>
      </trkpt>
      <trkpt lat="30.647196" lon="104.17537">
        <time>2026-04-24T10:43:04Z</time>
      </trkpt>
      <trkpt lat="30.647236" lon="104.17537">
        <time>2026-04-24T10:43:05Z</time>
      </trkpt>
      <trkpt lat="30.647278" lon="104.17536">
        <time>2026-04-24T10:43:06Z</time>
      </trkpt>
      <trkpt lat="30.64732" lon="104.175354">
        <time>2026-04-24T10:43:07Z</time>
      </trkpt>
      <trkpt lat="30.647362" lon="104.175354">
        <time>2026-04-24T10:43:08Z</time>
      </trkpt>
      <trkpt lat="30.647398" lon="104.17535">
        <time>2026-04-24T10:43:09Z</time>
      </trkpt>
      <trkpt lat="30.647432" lon="104.17534">
        <time>2026-04-24T10:43:10Z</time>
      </trkpt>
      <trkpt lat="30.647469" lon="104.17532">
        <time>2026-04-24T10:43:11Z</time>
      </trkpt>
      <trkpt lat="30.647503" lon="104.175316">
        <time>2026-04-24T10:43:12Z</time>
      </trkpt>
      <trkpt lat="30.647535" lon="104.1753">
        <time>2026-04-24T10:43:13Z</time>
      </trkpt>
      <trkpt lat="30.64757" lon="104.175285">
        <time>2026-04-24T10:43:14Z</time>
      </trkpt>
      <trkpt lat="30.647604" lon="104.17526">
        <time>2026-04-24T10:43:15Z</time>
      </trkpt>
      <trkpt lat="30.647646" lon="104.17524">
        <time>2026-04-24T10:43:16Z</time>
      </trkpt>
      <trkpt lat="30.64768" lon="104.17521">
        <time>2026-04-24T10:43:17Z</time>
      </trkpt>
      <trkpt lat="30.647713" lon="104.17518">
        <time>2026-04-24T10:43:18Z</time>
      </trkpt>
      <trkpt lat="30.647753" lon="104.17515">
        <time>2026-04-24T10:43:19Z</time>
      </trkpt>
      <trkpt lat="30.64778" lon="104.17512">
        <time>2026-04-24T10:43:20Z</time>
      </trkpt>
      <trkpt lat="30.647816" lon="104.175095">
        <time>2026-04-24T10:43:21Z</time>
      </trkpt>
      <trkpt lat="30.647848" lon="104.175064">
        <time>2026-04-24T10:43:22Z</time>
      </trkpt>
      <trkpt lat="30.647884" lon="104.17503">
        <time>2026-04-24T10:43:23Z</time>
      </trkpt>
      <trkpt lat="30.64792" lon="104.174995">
        <time>2026-04-24T10:43:24Z</time>
      </trkpt>
      <trkpt lat="30.647951" lon="104.17497">
        <time>2026-04-24T10:43:25Z</time>
      </trkpt>
      <trkpt lat="30.647987" lon="104.174934">
        <time>2026-04-24T10:43:26Z</time>
      </trkpt>
      <trkpt lat="30.648018" lon="104.174904">
        <time>2026-04-24T10:43:27Z</time>
      </trkpt>
      <trkpt lat="30.648054" lon="104.17487">
        <time>2026-04-24T10:43:28Z</time>
      </trkpt>
      <trkpt lat="30.648087" lon="104.17484">
        <time>2026-04-24T10:43:29Z</time>
      </trkpt>
      <trkpt lat="30.648113" lon="104.174805">
        <time>2026-04-24T10:43:30Z</time>
      </trkpt>
      <trkpt lat="30.648148" lon="104.17477">
        <time>2026-04-24T10:43:31Z</time>
      </trkpt>
      <trkpt lat="30.648174" lon="104.17474">
        <time>2026-04-24T10:43:32Z</time>
      </trkpt>
      <trkpt lat="30.648201" lon="104.17471">
        <time>2026-04-24T10:43:33Z</time>
      </trkpt>
      <trkpt lat="30.648233" lon="104.17469">
        <time>2026-04-24T10:43:34Z</time>
      </trkpt>
      <trkpt lat="30.648266" lon="104.17465">
        <time>2026-04-24T10:43:35Z</time>
      </trkpt>
      <trkpt lat="30.6483" lon="104.17462">
        <time>2026-04-24T10:43:36Z</time>
      </trkpt>
      <trkpt lat="30.648336" lon="104.17459">
        <time>2026-04-24T10:43:37Z</time>
      </trkpt>
      <trkpt lat="30.648369" lon="104.17457">
        <time>2026-04-24T10:43:38Z</time>
      </trkpt>
      <trkpt lat="30.648401" lon="104.17454">
        <time>2026-04-24T10:43:39Z</time>
      </trkpt>
      <trkpt lat="30.648434" lon="104.17454">
        <time>2026-04-24T10:43:40Z</time>
      </trkpt>
      <trkpt lat="30.648464" lon="104.174545">
        <time>2026-04-24T10:43:41Z</time>
      </trkpt>
      <trkpt lat="30.64849" lon="104.174545">
        <time>2026-04-24T10:43:42Z</time>
      </trkpt>
      <trkpt lat="30.648512" lon="104.174545">
        <time>2026-04-24T10:43:43Z</time>
      </trkpt>
      <trkpt lat="30.648531" lon="104.174545">
        <time>2026-04-24T10:43:44Z</time>
      </trkpt>
      <trkpt lat="30.648556" lon="104.174545">
        <time>2026-04-24T10:43:45Z</time>
      </trkpt>
      <trkpt lat="30.648573" lon="104.174545">
        <time>2026-04-24T10:43:46Z</time>
      </trkpt>
      <trkpt lat="30.648582" lon="104.174545">
        <time>2026-04-24T10:43:47Z</time>
      </trkpt>
      <trkpt lat="30.64859" lon="104.174545">
        <time>2026-04-24T10:43:48Z</time>
      </trkpt>
      <trkpt lat="30.64859" lon="104.174545">
        <time>2026-04-24T10:43:49Z</time>
      </trkpt>
      <trkpt lat="30.64859" lon="104.174545">
        <time>2026-04-24T10:43:50Z</time>
      </trkpt>
      <trkpt lat="30.64859" lon="104.174545">
        <time>2026-04-24T10:43:51Z</time>
      </trkpt>
      <trkpt lat="30.64859" lon="104.174545">
        <time>2026-04-24T10:43:52Z</time>
      </trkpt>
      <trkpt lat="30.64859" lon="104.174545">
        <time>2026-04-24T10:43:53Z</time>
      </trkpt>
      <trkpt lat="30.64859" lon="104.174545">
        <time>2026-04-24T10:43:54Z</time>
      </trkpt>
      <trkpt lat="30.64859" lon="104.174545">
        <time>2026-04-24T10:43:55Z</time>
      </trkpt>
      <trkpt lat="30.64859" lon="104.174545">
        <time>2026-04-24T10:43:56Z</time>
      </trkpt>
      <trkpt lat="30.64859" lon="104.174545">
        <time>2026-04-24T10:43:57Z</time>
      </trkpt>
      <trkpt lat="30.64859" lon="104.174545">
        <time>2026-04-24T10:43:58Z</time>
      </trkpt>
      <trkpt lat="30.64859" lon="104.174545">
        <time>2026-04-24T10:43:59Z</time>
      </trkpt>
      <trkpt lat="30.64859" lon="104.174545">
        <time>2026-04-24T10:44:00Z</time>
      </trkpt>
      <trkpt lat="30.648623" lon="104.17454">
        <time>2026-04-24T10:44:01Z</time>
      </trkpt>
      <trkpt lat="30.648638" lon="104.174545">
        <time>2026-04-24T10:44:02Z</time>
      </trkpt>
      <trkpt lat="30.648647" lon="104.17456">
        <time>2026-04-24T10:44:03Z</time>
      </trkpt>
      <trkpt lat="30.64865" lon="104.17457">
        <time>2026-04-24T10:44:04Z</time>
      </trkpt>
      <trkpt lat="30.648657" lon="104.17458">
        <time>2026-04-24T10:44:05Z</time>
      </trkpt>
      <trkpt lat="30.648663" lon="104.1746">
        <time>2026-04-24T10:44:06Z</time>
      </trkpt>
      <trkpt lat="30.648663" lon="104.1746">
        <time>2026-04-24T10:44:07Z</time>
      </trkpt>
      <trkpt lat="30.648663" lon="104.1746">
        <time>2026-04-24T10:44:08Z</time>
      </trkpt>
      <trkpt lat="30.648663" lon="104.1746">
        <time>2026-04-24T10:44:09Z</time>
      </trkpt>
      <trkpt lat="30.648663" lon="104.1746">
        <time>2026-04-24T10:44:10Z</time>
      </trkpt>
      <trkpt lat="30.648663" lon="104.1746">
        <time>2026-04-24T10:44:11Z</time>
      </trkpt>
      <trkpt lat="30.648663" lon="104.1746">
        <time>2026-04-24T10:44:12Z</time>
      </trkpt>
      <trkpt lat="30.648663" lon="104.1746">
        <time>2026-04-24T10:44:13Z</time>
      </trkpt>
      <trkpt lat="30.648663" lon="104.1746">
        <time>2026-04-24T10:44:14Z</time>
      </trkpt>
      <trkpt lat="30.648663" lon="104.1746">
        <time>2026-04-24T10:44:15Z</time>
      </trkpt>
      <trkpt lat="30.648659" lon="104.17459">
        <time>2026-04-24T10:44:16Z</time>
      </trkpt>
      <trkpt lat="30.648663" lon="104.17457">
        <time>2026-04-24T10:44:17Z</time>
      </trkpt>
      <trkpt lat="30.64867" lon="104.17454">
        <time>2026-04-24T10:44:18Z</time>
      </trkpt>
      <trkpt lat="30.648674" lon="104.174515">
        <time>2026-04-24T10:44:19Z</time>
      </trkpt>
      <trkpt lat="30.64868" lon="104.17449">
        <time>2026-04-24T10:44:20Z</time>
      </trkpt>
      <trkpt lat="30.648682" lon="104.17445">
        <time>2026-04-24T10:44:21Z</time>
      </trkpt>
      <trkpt lat="30.648674" lon="104.174416">
        <time>2026-04-24T10:44:22Z</time>
      </trkpt>
      <trkpt lat="30.64867" lon="104.17438">
        <time>2026-04-24T10:44:23Z</time>
      </trkpt>
      <trkpt lat="30.648664" lon="104.17435">
        <time>2026-04-24T10:44:24Z</time>
      </trkpt>
      <trkpt lat="30.648657" lon="104.17432">
        <time>2026-04-24T10:44:25Z</time>
      </trkpt>
      <trkpt lat="30.648651" lon="104.17427">
        <time>2026-04-24T10:44:26Z</time>
      </trkpt>
      <trkpt lat="30.64865" lon="104.174225">
        <time>2026-04-24T10:44:27Z</time>
      </trkpt>
      <trkpt lat="30.64864" lon="104.17418">
        <time>2026-04-24T10:44:28Z</time>
      </trkpt>
      <trkpt lat="30.648636" lon="104.17413">
        <time>2026-04-24T10:44:29Z</time>
      </trkpt>
      <trkpt lat="30.648634" lon="104.17408">
        <time>2026-04-24T10:44:30Z</time>
      </trkpt>
      <trkpt lat="30.648628" lon="104.174034">
        <time>2026-04-24T10:44:31Z</time>
      </trkpt>
      <trkpt lat="30.648623" lon="104.17399">
        <time>2026-04-24T10:44:32Z</time>
      </trkpt>
      <trkpt lat="30.648617" lon="104.173935">
        <time>2026-04-24T10:44:33Z</time>
      </trkpt>
      <trkpt lat="30.648611" lon="104.17389">
        <time>2026-04-24T10:44:34Z</time>
      </trkpt>
      <trkpt lat="30.648605" lon="104.173836">
        <time>2026-04-24T10:44:35Z</time>
      </trkpt>
      <trkpt lat="30.6486" lon="104.17379">
        <time>2026-04-24T10:44:36Z</time>
      </trkpt>
      <trkpt lat="30.648596" lon="104.173744">
        <time>2026-04-24T10:44:37Z</time>
      </trkpt>
      <trkpt lat="30.648592" lon="104.1737">
        <time>2026-04-24T10:44:38Z</time>
      </trkpt>
      <trkpt lat="30.648588" lon="104.17365">
        <time>2026-04-24T10:44:39Z</time>
      </trkpt>
      <trkpt lat="30.648584" lon="104.17361">
        <time>2026-04-24T10:44:40Z</time>
      </trkpt>
      <trkpt lat="30.648577" lon="104.17355">
        <time>2026-04-24T10:44:41Z</time>
      </trkpt>
      <trkpt lat="30.648571" lon="104.17351">
        <time>2026-04-24T10:44:42Z</time>
      </trkpt>
      <trkpt lat="30.648565" lon="104.173454">
        <time>2026-04-24T10:44:43Z</time>
      </trkpt>
      <trkpt lat="30.64856" lon="104.1734">
        <time>2026-04-24T10:44:44Z</time>
      </trkpt>
      <trkpt lat="30.648552" lon="104.17335">
        <time>2026-04-24T10:44:45Z</time>
      </trkpt>
      <trkpt lat="30.64855" lon="104.1733">
        <time>2026-04-24T10:44:46Z</time>
      </trkpt>
      <trkpt lat="30.648544" lon="104.17325">
        <time>2026-04-24T10:44:47Z</time>
      </trkpt>
      <trkpt lat="30.64854" lon="104.1732">
        <time>2026-04-24T10:44:48Z</time>
      </trkpt>
      <trkpt lat="30.648537" lon="104.173164">
        <time>2026-04-24T10:44:49Z</time>
      </trkpt>
      <trkpt lat="30.648533" lon="104.17312">
        <time>2026-04-24T10:44:50Z</time>
      </trkpt>
      <trkpt lat="30.648531" lon="104.17308">
        <time>2026-04-24T10:44:51Z</time>
      </trkpt>
      <trkpt lat="30.648531" lon="104.17304">
        <time>2026-04-24T10:44:52Z</time>
      </trkpt>
      <trkpt lat="30.648531" lon="104.173004">
        <time>2026-04-24T10:44:53Z</time>
      </trkpt>
      <trkpt lat="30.648531" lon="104.172966">
        <time>2026-04-24T10:44:54Z</time>
      </trkpt>
      <trkpt lat="30.648523" lon="104.17293">
        <time>2026-04-24T10:44:55Z</time>
      </trkpt>
      <trkpt lat="30.648518" lon="104.17288">
        <time>2026-04-24T10:44:56Z</time>
      </trkpt>
      <trkpt lat="30.648518" lon="104.17284">
        <time>2026-04-24T10:44:57Z</time>
      </trkpt>
      <trkpt lat="30.648516" lon="104.1728">
        <time>2026-04-24T10:44:58Z</time>
      </trkpt>
      <trkpt lat="30.64851" lon="104.17275">
        <time>2026-04-24T10:44:59Z</time>
      </trkpt>
      <trkpt lat="30.648502" lon="104.17271">
        <time>2026-04-24T10:45:00Z</time>
      </trkpt>
      <trkpt lat="30.648499" lon="104.17267">
        <time>2026-04-24T10:45:01Z</time>
      </trkpt>
      <trkpt lat="30.648499" lon="104.17262">
        <time>2026-04-24T10:45:02Z</time>
      </trkpt>
      <trkpt lat="30.648504" lon="104.172585">
        <time>2026-04-24T10:45:03Z</time>
      </trkpt>
      <trkpt lat="30.648518" lon="104.17255">
        <time>2026-04-24T10:45:04Z</time>
      </trkpt>
      <trkpt lat="30.648539" lon="104.17251">
        <time>2026-04-24T10:45:05Z</time>
      </trkpt>
      <trkpt lat="30.648563" lon="104.17248">
        <time>2026-04-24T10:45:06Z</time>
      </trkpt>
      <trkpt lat="30.648584" lon="104.172455">
        <time>2026-04-24T10:45:07Z</time>
      </trkpt>
      <trkpt lat="30.648613" lon="104.17244">
        <time>2026-04-24T10:45:08Z</time>
      </trkpt>
      <trkpt lat="30.648642" lon="104.17243">
        <time>2026-04-24T10:45:09Z</time>
      </trkpt>
      <trkpt lat="30.648664" lon="104.172424">
        <time>2026-04-24T10:45:10Z</time>
      </trkpt>
      <trkpt lat="30.648685" lon="104.17242">
        <time>2026-04-24T10:45:11Z</time>
      </trkpt>
      <trkpt lat="30.648705" lon="104.17241">
        <time>2026-04-24T10:45:12Z</time>
      </trkpt>
      <trkpt lat="30.648726" lon="104.1724">
        <time>2026-04-24T10:45:13Z</time>
      </trkpt>
      <trkpt lat="30.648743" lon="104.1724">
        <time>2026-04-24T10:45:14Z</time>
      </trkpt>
      <trkpt lat="30.648758" lon="104.17239">
        <time>2026-04-24T10:45:15Z</time>
      </trkpt>
      <trkpt lat="30.648779" lon="104.172386">
        <time>2026-04-24T10:45:16Z</time>
      </trkpt>
      <trkpt lat="30.6488" lon="104.17238">
        <time>2026-04-24T10:45:17Z</time>
      </trkpt>
      <trkpt lat="30.648825" lon="104.172386">
        <time>2026-04-24T10:45:18Z</time>
      </trkpt>
      <trkpt lat="30.648842" lon="104.17239">
        <time>2026-04-24T10:45:19Z</time>
      </trkpt>
      <trkpt lat="30.648872" lon="104.1724">
        <time>2026-04-24T10:45:20Z</time>
      </trkpt>
      <trkpt lat="30.6489" lon="104.17239">
        <time>2026-04-24T10:45:21Z</time>
      </trkpt>
      <trkpt lat="30.648922" lon="104.17238">
        <time>2026-04-24T10:45:22Z</time>
      </trkpt>
      <trkpt lat="30.648928" lon="104.17236">
        <time>2026-04-24T10:45:23Z</time>
      </trkpt>
      <trkpt lat="30.648928" lon="104.17236">
        <time>2026-04-24T10:45:24Z</time>
      </trkpt>
      <trkpt lat="30.648928" lon="104.17236">
        <time>2026-04-24T10:45:25Z</time>
      </trkpt>
      <trkpt lat="30.648928" lon="104.17236">
        <time>2026-04-24T10:45:26Z</time>
      </trkpt>
      <trkpt lat="30.648928" lon="104.17236">
        <time>2026-04-24T10:45:27Z</time>
      </trkpt>
      <trkpt lat="30.648928" lon="104.17236">
        <time>2026-04-24T10:45:28Z</time>
      </trkpt>
      <trkpt lat="30.648928" lon="104.17236">
        <time>2026-04-24T10:45:29Z</time>
      </trkpt>
      <trkpt lat="30.648928" lon="104.17236">
        <time>2026-04-24T10:45:30Z</time>
      </trkpt>
      <trkpt lat="30.648928" lon="104.17236">
        <time>2026-04-24T10:45:31Z</time>
      </trkpt>
      <trkpt lat="30.648928" lon="104.17236">
        <time>2026-04-24T10:45:32Z</time>
      </trkpt>
      <trkpt lat="30.648928" lon="104.17236">
        <time>2026-04-24T10:45:33Z</time>
      </trkpt>
      <trkpt lat="30.648928" lon="104.17236">
        <time>2026-04-24T10:45:34Z</time>
      </trkpt>
      <trkpt lat="30.648928" lon="104.17236">
        <time>2026-04-24T10:45:35Z</time>
      </trkpt>
      <trkpt lat="30.648928" lon="104.17236">
        <time>2026-04-24T10:45:36Z</time>
      </trkpt>
      <trkpt lat="30.648928" lon="104.17236">
        <time>2026-04-24T10:45:37Z</time>
      </trkpt>
      <trkpt lat="30.648928" lon="104.17236">
        <time>2026-04-24T10:45:39Z</time>
      </trkpt>
      <trkpt lat="30.648928" lon="104.17236">
        <time>2026-04-24T10:45:41Z</time>
      </trkpt>
      <trkpt lat="30.648928" lon="104.17236">
        <time>2026-04-24T10:45:43Z</time>
      </trkpt>
      <trkpt lat="30.648928" lon="104.17236">
        <time>2026-04-24T10:45:44Z</time>
      </trkpt>
      <trkpt lat="30.648928" lon="104.17236">
        <time>2026-04-24T10:45:45Z</time>
      </trkpt>
      <trkpt lat="30.648932" lon="104.17233">
        <time>2026-04-24T10:45:46Z</time>
      </trkpt>
      <trkpt lat="30.648952" lon="104.17232">
        <time>2026-04-24T10:45:47Z</time>
      </trkpt>
      <trkpt lat="30.648966" lon="104.17231">
        <time>2026-04-24T10:45:48Z</time>
      </trkpt>
      <trkpt lat="30.64898" lon="104.17225">
        <time>2026-04-24T10:45:49Z</time>
      </trkpt>
      <trkpt lat="30.648989" lon="104.17221">
        <time>2026-04-24T10:45:51Z</time>
      </trkpt>
      <trkpt lat="30.648996" lon="104.172165">
        <time>2026-04-24T10:45:52Z</time>
      </trkpt>
      <trkpt lat="30.649006" lon="104.17212">
        <time>2026-04-24T10:45:53Z</time>
      </trkpt>
      <trkpt lat="30.649015" lon="104.172066">
        <time>2026-04-24T10:45:54Z</time>
      </trkpt>
      <trkpt lat="30.64901" lon="104.172005">
        <time>2026-04-24T10:45:55Z</time>
      </trkpt>
      <trkpt lat="30.648996" lon="104.17194">
        <time>2026-04-24T10:45:56Z</time>
      </trkpt>
      <trkpt lat="30.648966" lon="104.17189">
        <time>2026-04-24T10:45:57Z</time>
      </trkpt>
      <trkpt lat="30.648932" lon="104.17183">
        <time>2026-04-24T10:45:58Z</time>
      </trkpt>
      <trkpt lat="30.648901" lon="104.171776">
        <time>2026-04-24T10:45:59Z</time>
      </trkpt>
      <trkpt lat="30.648884" lon="104.171715">
        <time>2026-04-24T10:46:00Z</time>
      </trkpt>
      <trkpt lat="30.648867" lon="104.17165">
        <time>2026-04-24T10:46:01Z</time>
      </trkpt>
      <trkpt lat="30.648859" lon="104.17159">
        <time>2026-04-24T10:46:02Z</time>
      </trkpt>
      <trkpt lat="30.648853" lon="104.17154">
        <time>2026-04-24T10:46:03Z</time>
      </trkpt>
      <trkpt lat="30.648848" lon="104.17148">
        <time>2026-04-24T10:46:04Z</time>
      </trkpt>
      <trkpt lat="30.648842" lon="104.171425">
        <time>2026-04-24T10:46:05Z</time>
      </trkpt>
      <trkpt lat="30.648838" lon="104.17137">
        <time>2026-04-24T10:46:06Z</time>
      </trkpt>
      <trkpt lat="30.648834" lon="104.17132">
        <time>2026-04-24T10:46:07Z</time>
      </trkpt>
      <trkpt lat="30.648829" lon="104.171265">
        <time>2026-04-24T10:46:08Z</time>
      </trkpt>
      <trkpt lat="30.648819" lon="104.17121">
        <time>2026-04-24T10:46:09Z</time>
      </trkpt>
      <trkpt lat="30.648813" lon="104.171165">
        <time>2026-04-24T10:46:10Z</time>
      </trkpt>
      <trkpt lat="30.648808" lon="104.17112">
        <time>2026-04-24T10:46:11Z</time>
      </trkpt>
      <trkpt lat="30.648806" lon="104.17107">
        <time>2026-04-24T10:46:12Z</time>
      </trkpt>
      <trkpt lat="30.648802" lon="104.17103">
        <time>2026-04-24T10:46:13Z</time>
      </trkpt>
      <trkpt lat="30.648794" lon="104.17098">
        <time>2026-04-24T10:46:14Z</time>
      </trkpt>
      <trkpt lat="30.648788" lon="104.17094">
        <time>2026-04-24T10:46:15Z</time>
      </trkpt>
      <trkpt lat="30.64878" lon="104.17089">
        <time>2026-04-24T10:46:16Z</time>
      </trkpt>
      <trkpt lat="30.648773" lon="104.17085">
        <time>2026-04-24T10:46:17Z</time>
      </trkpt>
      <trkpt lat="30.648767" lon="104.17081">
        <time>2026-04-24T10:46:18Z</time>
      </trkpt>
      <trkpt lat="30.648758" lon="104.17077">
        <time>2026-04-24T10:46:19Z</time>
      </trkpt>
      <trkpt lat="30.648754" lon="104.17072">
        <time>2026-04-24T10:46:20Z</time>
      </trkpt>
      <trkpt lat="30.648752" lon="104.17068">
        <time>2026-04-24T10:46:21Z</time>
      </trkpt>
      <trkpt lat="30.648754" lon="104.17064">
        <time>2026-04-24T10:46:22Z</time>
      </trkpt>
      <trkpt lat="30.648754" lon="104.17059">
        <time>2026-04-24T10:46:23Z</time>
      </trkpt>
      <trkpt lat="30.648754" lon="104.170555">
        <time>2026-04-24T10:46:24Z</time>
      </trkpt>
      <trkpt lat="30.648754" lon="104.17052">
        <time>2026-04-24T10:46:25Z</time>
      </trkpt>
      <trkpt lat="30.648752" lon="104.17047">
        <time>2026-04-24T10:46:26Z</time>
      </trkpt>
      <trkpt lat="30.648746" lon="104.17043">
        <time>2026-04-24T10:46:27Z</time>
      </trkpt>
      <trkpt lat="30.64874" lon="104.17039">
        <time>2026-04-24T10:46:28Z</time>
      </trkpt>
      <trkpt lat="30.648739" lon="104.17035">
        <time>2026-04-24T10:46:29Z</time>
      </trkpt>
      <trkpt lat="30.648739" lon="104.17031">
        <time>2026-04-24T10:46:30Z</time>
      </trkpt>
      <trkpt lat="30.648739" lon="104.17027">
        <time>2026-04-24T10:46:31Z</time>
      </trkpt>
      <trkpt lat="30.64874" lon="104.170235">
        <time>2026-04-24T10:46:32Z</time>
      </trkpt>
      <trkpt lat="30.648739" lon="104.170204">
        <time>2026-04-24T10:46:33Z</time>
      </trkpt>
      <trkpt lat="30.648733" lon="104.17016">
        <time>2026-04-24T10:46:34Z</time>
      </trkpt>
      <trkpt lat="30.648727" lon="104.17013">
        <time>2026-04-24T10:46:35Z</time>
      </trkpt>
      <trkpt lat="30.648724" lon="104.17009">
        <time>2026-04-24T10:46:36Z</time>
      </trkpt>
      <trkpt lat="30.648722" lon="104.17007">
        <time>2026-04-24T10:46:37Z</time>
      </trkpt>
      <trkpt lat="30.648722" lon="104.17005">
        <time>2026-04-24T10:46:38Z</time>
      </trkpt>
      <trkpt lat="30.648718" lon="104.17005">
        <time>2026-04-24T10:46:39Z</time>
      </trkpt>
      <trkpt lat="30.64872" lon="104.17005">
        <time>2026-04-24T10:46:40Z</time>
      </trkpt>
      <trkpt lat="30.64872" lon="104.170044">
        <time>2026-04-24T10:46:41Z</time>
      </trkpt>
      <trkpt lat="30.64872" lon="104.170044">
        <time>2026-04-24T10:46:42Z</time>
      </trkpt>
      <trkpt lat="30.64872" lon="104.170044">
        <time>2026-04-24T10:46:43Z</time>
      </trkpt>
      <trkpt lat="30.64872" lon="104.170044">
        <time>2026-04-24T10:46:44Z</time>
      </trkpt>
      <trkpt lat="30.64872" lon="104.170044">
        <time>2026-04-24T10:46:45Z</time>
      </trkpt>
      <trkpt lat="30.64872" lon="104.170044">
        <time>2026-04-24T10:46:46Z</time>
      </trkpt>
      <trkpt lat="30.64872" lon="104.170044">
        <time>2026-04-24T10:46:47Z</time>
      </trkpt>
      <trkpt lat="30.64872" lon="104.170044">
        <time>2026-04-24T10:46:48Z</time>
      </trkpt>
      <trkpt lat="30.64872" lon="104.170044">
        <time>2026-04-24T10:46:49Z</time>
      </trkpt>
      <trkpt lat="30.64872" lon="104.170044">
        <time>2026-04-24T10:46:50Z</time>
      </trkpt>
      <trkpt lat="30.64872" lon="104.170044">
        <time>2026-04-24T10:46:51Z</time>
      </trkpt>
      <trkpt lat="30.64872" lon="104.170044">
        <time>2026-04-24T10:46:52Z</time>
      </trkpt>
      <trkpt lat="30.64872" lon="104.170044">
        <time>2026-04-24T10:46:53Z</time>
      </trkpt>
      <trkpt lat="30.64872" lon="104.170044">
        <time>2026-04-24T10:46:54Z</time>
      </trkpt>
      <trkpt lat="30.64872" lon="104.170044">
        <time>2026-04-24T10:46:55Z</time>
      </trkpt>
      <trkpt lat="30.64872" lon="104.170044">
        <time>2026-04-24T10:46:56Z</time>
      </trkpt>
      <trkpt lat="30.64872" lon="104.170044">
        <time>2026-04-24T10:46:57Z</time>
      </trkpt>
      <trkpt lat="30.64872" lon="104.170044">
        <time>2026-04-24T10:46:58Z</time>
      </trkpt>
      <trkpt lat="30.64872" lon="104.170044">
        <time>2026-04-24T10:46:59Z</time>
      </trkpt>
      <trkpt lat="30.64872" lon="104.170044">
        <time>2026-04-24T10:47:00Z</time>
      </trkpt>
      <trkpt lat="30.64872" lon="104.170044">
        <time>2026-04-24T10:47:01Z</time>
      </trkpt>
      <trkpt lat="30.64872" lon="104.170044">
        <time>2026-04-24T10:47:02Z</time>
      </trkpt>
      <trkpt lat="30.64872" lon="104.170044">
        <time>2026-04-24T10:47:03Z</time>
      </trkpt>
      <trkpt lat="30.64872" lon="104.170044">
        <time>2026-04-24T10:47:04Z</time>
      </trkpt>
      <trkpt lat="30.64872" lon="104.170044">
        <time>2026-04-24T10:47:05Z</time>
      </trkpt>
      <trkpt lat="30.64872" lon="104.170044">
        <time>2026-04-24T10:47:06Z</time>
      </trkpt>
      <trkpt lat="30.64872" lon="104.170044">
        <time>2026-04-24T10:47:07Z</time>
      </trkpt>
      <trkpt lat="30.64872" lon="104.170044">
        <time>2026-04-24T10:47:08Z</time>
      </trkpt>
      <trkpt lat="30.64872" lon="104.170044">
        <time>2026-04-24T10:47:09Z</time>
      </trkpt>
      <trkpt lat="30.64872" lon="104.170044">
        <time>2026-04-24T10:47:10Z</time>
      </trkpt>
      <trkpt lat="30.64872" lon="104.170044">
        <time>2026-04-24T10:47:11Z</time>
      </trkpt>
      <trkpt lat="30.64872" lon="104.170044">
        <time>2026-04-24T10:47:12Z</time>
      </trkpt>
      <trkpt lat="30.648712" lon="104.17003">
        <time>2026-04-24T10:47:13Z</time>
      </trkpt>
      <trkpt lat="30.648712" lon="104.17">
        <time>2026-04-24T10:47:14Z</time>
      </trkpt>
      <trkpt lat="30.648708" lon="104.16996">
        <time>2026-04-24T10:47:15Z</time>
      </trkpt>
      <trkpt lat="30.648705" lon="104.169914">
        <time>2026-04-24T10:47:16Z</time>
      </trkpt>
      <trkpt lat="30.6487" lon="104.16986">
        <time>2026-04-24T10:47:17Z</time>
      </trkpt>
      <trkpt lat="30.648697" lon="104.16981">
        <time>2026-04-24T10:47:18Z</time>
      </trkpt>
      <trkpt lat="30.64869" lon="104.16975">
        <time>2026-04-24T10:47:19Z</time>
      </trkpt>
      <trkpt lat="30.64868" lon="104.169685">
        <time>2026-04-24T10:47:20Z</time>
      </trkpt>
      <trkpt lat="30.648672" lon="104.16963">
        <time>2026-04-24T10:47:21Z</time>
      </trkpt>
      <trkpt lat="30.648663" lon="104.16957">
        <time>2026-04-24T10:47:22Z</time>
      </trkpt>
      <trkpt lat="30.648655" lon="104.16951">
        <time>2026-04-24T10:47:23Z</time>
      </trkpt>
      <trkpt lat="30.648645" lon="104.16946">
        <time>2026-04-24T10:47:24Z</time>
      </trkpt>
      <trkpt lat="30.648636" lon="104.1694">
        <time>2026-04-24T10:47:25Z</time>
      </trkpt>
      <trkpt lat="30.648628" lon="104.16934">
        <time>2026-04-24T10:47:26Z</time>
      </trkpt>
      <trkpt lat="30.648623" lon="104.16929">
        <time>2026-04-24T10:47:27Z</time>
      </trkpt>
      <trkpt lat="30.648623" lon="104.169235">
        <time>2026-04-24T10:47:28Z</time>
      </trkpt>
      <trkpt lat="30.648623" lon="104.16918">
        <time>2026-04-24T10:47:29Z</time>
      </trkpt>
      <trkpt lat="30.648623" lon="104.16913">
        <time>2026-04-24T10:47:30Z</time>
      </trkpt>
      <trkpt lat="30.648623" lon="104.169075">
        <time>2026-04-24T10:47:31Z</time>
      </trkpt>
      <trkpt lat="30.64862" lon="104.16902">
        <time>2026-04-24T10:47:32Z</time>
      </trkpt>
      <trkpt lat="30.64862" lon="104.16897">
        <time>2026-04-24T10:47:33Z</time>
      </trkpt>
      <trkpt lat="30.648619" lon="104.168915">
        <time>2026-04-24T10:47:34Z</time>
      </trkpt>
      <trkpt lat="30.648617" lon="104.16885">
        <time>2026-04-24T10:47:35Z</time>
      </trkpt>
      <trkpt lat="30.648611" lon="104.16881">
        <time>2026-04-24T10:47:36Z</time>
      </trkpt>
      <trkpt lat="30.648605" lon="104.168755">
        <time>2026-04-24T10:47:37Z</time>
      </trkpt>
      <trkpt lat="30.648596" lon="104.16869">
        <time>2026-04-24T10:47:38Z</time>
      </trkpt>
      <trkpt lat="30.64859" lon="104.16863">
        <time>2026-04-24T10:47:39Z</time>
      </trkpt>
      <trkpt lat="30.648582" lon="104.16858">
        <time>2026-04-24T10:47:40Z</time>
      </trkpt>
      <trkpt lat="30.648573" lon="104.16852">
        <time>2026-04-24T10:47:41Z</time>
      </trkpt>
      <trkpt lat="30.648565" lon="104.168465">
        <time>2026-04-24T10:47:42Z</time>
      </trkpt>
      <trkpt lat="30.64856" lon="104.16842">
        <time>2026-04-24T10:47:43Z</time>
      </trkpt>
      <trkpt lat="30.648556" lon="104.168365">
        <time>2026-04-24T10:47:44Z</time>
      </trkpt>
      <trkpt lat="30.648552" lon="104.16831">
        <time>2026-04-24T10:47:45Z</time>
      </trkpt>
      <trkpt lat="30.648544" lon="104.16826">
        <time>2026-04-24T10:47:46Z</time>
      </trkpt>
      <trkpt lat="30.648542" lon="104.168205">
        <time>2026-04-24T10:47:47Z</time>
      </trkpt>
      <trkpt lat="30.648539" lon="104.16815">
        <time>2026-04-24T10:47:48Z</time>
      </trkpt>
      <trkpt lat="30.648535" lon="104.1681">
        <time>2026-04-24T10:47:49Z</time>
      </trkpt>
      <trkpt lat="30.648533" lon="104.16804">
        <time>2026-04-24T10:47:50Z</time>
      </trkpt>
      <trkpt lat="30.64853" lon="104.16798">
        <time>2026-04-24T10:47:51Z</time>
      </trkpt>
      <trkpt lat="30.64853" lon="104.16792">
        <time>2026-04-24T10:47:52Z</time>
      </trkpt>
      <trkpt lat="30.648527" lon="104.16786">
        <time>2026-04-24T10:47:53Z</time>
      </trkpt>
      <trkpt lat="30.648527" lon="104.16781">
        <time>2026-04-24T10:47:54Z</time>
      </trkpt>
      <trkpt lat="30.648527" lon="104.16775">
        <time>2026-04-24T10:47:55Z</time>
      </trkpt>
      <trkpt lat="30.648525" lon="104.16769">
        <time>2026-04-24T10:47:56Z</time>
      </trkpt>
      <trkpt lat="30.648527" lon="104.167625">
        <time>2026-04-24T10:47:57Z</time>
      </trkpt>
      <trkpt lat="30.64853" lon="104.16757">
        <time>2026-04-24T10:47:58Z</time>
      </trkpt>
      <trkpt lat="30.64853" lon="104.16751">
        <time>2026-04-24T10:47:59Z</time>
      </trkpt>
      <trkpt lat="30.648531" lon="104.16745">
        <time>2026-04-24T10:48:00Z</time>
      </trkpt>
      <trkpt lat="30.648537" lon="104.16739">
        <time>2026-04-24T10:48:01Z</time>
      </trkpt>
      <trkpt lat="30.648535" lon="104.16733">
        <time>2026-04-24T10:48:02Z</time>
      </trkpt>
      <trkpt lat="30.648539" lon="104.16727">
        <time>2026-04-24T10:48:03Z</time>
      </trkpt>
      <trkpt lat="30.648542" lon="104.167206">
        <time>2026-04-24T10:48:04Z</time>
      </trkpt>
      <trkpt lat="30.648542" lon="104.167145">
        <time>2026-04-24T10:48:05Z</time>
      </trkpt>
      <trkpt lat="30.648546" lon="104.167076">
        <time>2026-04-24T10:48:06Z</time>
      </trkpt>
      <trkpt lat="30.648548" lon="104.167015">
        <time>2026-04-24T10:48:07Z</time>
      </trkpt>
      <trkpt lat="30.648554" lon="104.166954">
        <time>2026-04-24T10:48:08Z</time>
      </trkpt>
      <trkpt lat="30.648558" lon="104.16689">
        <time>2026-04-24T10:48:09Z</time>
      </trkpt>
      <trkpt lat="30.648563" lon="104.16683">
        <time>2026-04-24T10:48:10Z</time>
      </trkpt>
      <trkpt lat="30.64857" lon="104.16676">
        <time>2026-04-24T10:48:11Z</time>
      </trkpt>
      <trkpt lat="30.648577" lon="104.166695">
        <time>2026-04-24T10:48:12Z</time>
      </trkpt>
      <trkpt lat="30.648582" lon="104.16663">
        <time>2026-04-24T10:48:13Z</time>
      </trkpt>
      <trkpt lat="30.648592" lon="104.16657">
        <time>2026-04-24T10:48:14Z</time>
      </trkpt>
      <trkpt lat="30.648598" lon="104.16651">
        <time>2026-04-24T10:48:15Z</time>
      </trkpt>
      <trkpt lat="30.648603" lon="104.16645">
        <time>2026-04-24T10:48:16Z</time>
      </trkpt>
      <trkpt lat="30.64861" lon="104.16639">
        <time>2026-04-24T10:48:17Z</time>
      </trkpt>
      <trkpt lat="30.648617" lon="104.16633">
        <time>2026-04-24T10:48:18Z</time>
      </trkpt>
      <trkpt lat="30.648626" lon="104.16627">
        <time>2026-04-24T10:48:19Z</time>
      </trkpt>
      <trkpt lat="30.648636" lon="104.16621">
        <time>2026-04-24T10:48:20Z</time>
      </trkpt>
      <trkpt lat="30.64865" lon="104.166145">
        <time>2026-04-24T10:48:21Z</time>
      </trkpt>
      <trkpt lat="30.648663" lon="104.16608">
        <time>2026-04-24T10:48:22Z</time>
      </trkpt>
      <trkpt lat="30.648676" lon="104.166016">
        <time>2026-04-24T10:48:23Z</time>
      </trkpt>
      <trkpt lat="30.64869" lon="104.16595">
        <time>2026-04-24T10:48:24Z</time>
      </trkpt>
      <trkpt lat="30.648697" lon="104.16588">
        <time>2026-04-24T10:48:25Z</time>
      </trkpt>
      <trkpt lat="30.648712" lon="104.16582">
        <time>2026-04-24T10:48:26Z</time>
      </trkpt>
      <trkpt lat="30.648727" lon="104.16576">
        <time>2026-04-24T10:48:27Z</time>
      </trkpt>
      <trkpt lat="30.64874" lon="104.16569">
        <time>2026-04-24T10:48:28Z</time>
      </trkpt>
      <trkpt lat="30.648754" lon="104.16563">
        <time>2026-04-24T10:48:29Z</time>
      </trkpt>
      <trkpt lat="30.648767" lon="104.16556">
        <time>2026-04-24T10:48:30Z</time>
      </trkpt>
      <trkpt lat="30.64878" lon="104.1655">
        <time>2026-04-24T10:48:31Z</time>
      </trkpt>
      <trkpt lat="30.648794" lon="104.165436">
        <time>2026-04-24T10:48:32Z</time>
      </trkpt>
      <trkpt lat="30.648811" lon="104.16537">
        <time>2026-04-24T10:48:33Z</time>
      </trkpt>
      <trkpt lat="30.64883" lon="104.1653">
        <time>2026-04-24T10:48:34Z</time>
      </trkpt>
      <trkpt lat="30.648848" lon="104.16524">
        <time>2026-04-24T10:48:35Z</time>
      </trkpt>
      <trkpt lat="30.64886" lon="104.16517">
        <time>2026-04-24T10:48:36Z</time>
      </trkpt>
      <trkpt lat="30.648878" lon="104.1651">
        <time>2026-04-24T10:48:37Z</time>
      </trkpt>
      <trkpt lat="30.648895" lon="104.16503">
        <time>2026-04-24T10:48:38Z</time>
      </trkpt>
      <trkpt lat="30.648905" lon="104.16497">
        <time>2026-04-24T10:48:39Z</time>
      </trkpt>
      <trkpt lat="30.648916" lon="104.1649">
        <time>2026-04-24T10:48:40Z</time>
      </trkpt>
      <trkpt lat="30.648932" lon="104.16483">
        <time>2026-04-24T10:48:41Z</time>
      </trkpt>
      <trkpt lat="30.648947" lon="104.16477">
        <time>2026-04-24T10:48:42Z</time>
      </trkpt>
      <trkpt lat="30.648962" lon="104.16471">
        <time>2026-04-24T10:48:43Z</time>
      </trkpt>
      <trkpt lat="30.648975" lon="104.16465">
        <time>2026-04-24T10:48:44Z</time>
      </trkpt>
      <trkpt lat="30.648985" lon="104.16458">
        <time>2026-04-24T10:48:45Z</time>
      </trkpt>
      <trkpt lat="30.648994" lon="104.16452">
        <time>2026-04-24T10:48:46Z</time>
      </trkpt>
      <trkpt lat="30.649004" lon="104.16445">
        <time>2026-04-24T10:48:47Z</time>
      </trkpt>
      <trkpt lat="30.649014" lon="104.16439">
        <time>2026-04-24T10:48:48Z</time>
      </trkpt>
      <trkpt lat="30.649023" lon="104.16432">
        <time>2026-04-24T10:48:49Z</time>
      </trkpt>
      <trkpt lat="30.649033" lon="104.16426">
        <time>2026-04-24T10:48:50Z</time>
      </trkpt>
      <trkpt lat="30.64904" lon="104.1642">
        <time>2026-04-24T10:48:51Z</time>
      </trkpt>
      <trkpt lat="30.649048" lon="104.16414">
        <time>2026-04-24T10:48:52Z</time>
      </trkpt>
      <trkpt lat="30.649057" lon="104.16408">
        <time>2026-04-24T10:48:53Z</time>
      </trkpt>
      <trkpt lat="30.64907" lon="104.16402">
        <time>2026-04-24T10:48:54Z</time>
      </trkpt>
      <trkpt lat="30.649078" lon="104.16396">
        <time>2026-04-24T10:48:55Z</time>
      </trkpt>
      <trkpt lat="30.64909" lon="104.16391">
        <time>2026-04-24T10:48:56Z</time>
      </trkpt>
      <trkpt lat="30.649105" lon="104.16386">
        <time>2026-04-24T10:48:57Z</time>
      </trkpt>
      <trkpt lat="30.649113" lon="104.1638">
        <time>2026-04-24T10:48:58Z</time>
      </trkpt>
      <trkpt lat="30.649124" lon="104.16376">
        <time>2026-04-24T10:48:59Z</time>
      </trkpt>
      <trkpt lat="30.649136" lon="104.16371">
        <time>2026-04-24T10:49:00Z</time>
      </trkpt>
      <trkpt lat="30.649149" lon="104.16367">
        <time>2026-04-24T10:49:01Z</time>
      </trkpt>
      <trkpt lat="30.649164" lon="104.16363">
        <time>2026-04-24T10:49:02Z</time>
      </trkpt>
      <trkpt lat="30.649187" lon="104.16358">
        <time>2026-04-24T10:49:03Z</time>
      </trkpt>
      <trkpt lat="30.649208" lon="104.16353">
        <time>2026-04-24T10:49:04Z</time>
      </trkpt>
      <trkpt lat="30.649221" lon="104.163475">
        <time>2026-04-24T10:49:05Z</time>
      </trkpt>
      <trkpt lat="30.64923" lon="104.16342">
        <time>2026-04-24T10:49:06Z</time>
      </trkpt>
      <trkpt lat="30.649239" lon="104.16337">
        <time>2026-04-24T10:49:07Z</time>
      </trkpt>
      <trkpt lat="30.649242" lon="104.16332">
        <time>2026-04-24T10:49:08Z</time>
      </trkpt>
      <trkpt lat="30.64925" lon="104.16326">
        <time>2026-04-24T10:49:09Z</time>
      </trkpt>
      <trkpt lat="30.649258" lon="104.16321">
        <time>2026-04-24T10:49:10Z</time>
      </trkpt>
      <trkpt lat="30.649275" lon="104.16315">
        <time>2026-04-24T10:49:11Z</time>
      </trkpt>
      <trkpt lat="30.649288" lon="104.163086">
        <time>2026-04-24T10:49:12Z</time>
      </trkpt>
      <trkpt lat="30.649302" lon="104.163025">
        <time>2026-04-24T10:49:13Z</time>
      </trkpt>
      <trkpt lat="30.649317" lon="104.162964">
        <time>2026-04-24T10:49:14Z</time>
      </trkpt>
      <trkpt lat="30.649334" lon="104.1629">
        <time>2026-04-24T10:49:15Z</time>
      </trkpt>
      <trkpt lat="30.64935" lon="104.16284">
        <time>2026-04-24T10:49:16Z</time>
      </trkpt>
      <trkpt lat="30.649368" lon="104.16278">
        <time>2026-04-24T10:49:17Z</time>
      </trkpt>
      <trkpt lat="30.64938" lon="104.16273">
        <time>2026-04-24T10:49:18Z</time>
      </trkpt>
      <trkpt lat="30.649393" lon="104.16267">
        <time>2026-04-24T10:49:19Z</time>
      </trkpt>
      <trkpt lat="30.649406" lon="104.16261">
        <time>2026-04-24T10:49:20Z</time>
      </trkpt>
      <trkpt lat="30.649422" lon="104.16256">
        <time>2026-04-24T10:49:21Z</time>
      </trkpt>
      <trkpt lat="30.649433" lon="104.16251">
        <time>2026-04-24T10:49:22Z</time>
      </trkpt>
      <trkpt lat="30.649445" lon="104.16246">
        <time>2026-04-24T10:49:23Z</time>
      </trkpt>
      <trkpt lat="30.649458" lon="104.16241">
        <time>2026-04-24T10:49:24Z</time>
      </trkpt>
      <trkpt lat="30.64948" lon="104.162346">
        <time>2026-04-24T10:49:25Z</time>
      </trkpt>
      <trkpt lat="30.649496" lon="104.162285">
        <time>2026-04-24T10:49:26Z</time>
      </trkpt>
      <trkpt lat="30.64951" lon="104.16223">
        <time>2026-04-24T10:49:27Z</time>
      </trkpt>
      <trkpt lat="30.64952" lon="104.16218">
        <time>2026-04-24T10:49:28Z</time>
      </trkpt>
      <trkpt lat="30.649548" lon="104.16211">
        <time>2026-04-24T10:49:29Z</time>
      </trkpt>
      <trkpt lat="30.649567" lon="104.16205">
        <time>2026-04-24T10:49:30Z</time>
      </trkpt>
      <trkpt lat="30.649586" lon="104.16199">
        <time>2026-04-24T10:49:31Z</time>
      </trkpt>
      <trkpt lat="30.649595" lon="104.161934">
        <time>2026-04-24T10:49:32Z</time>
      </trkpt>
      <trkpt lat="30.649607" lon="104.16188">
        <time>2026-04-24T10:49:33Z</time>
      </trkpt>
      <trkpt lat="30.649618" lon="104.16182">
        <time>2026-04-24T10:49:34Z</time>
      </trkpt>
      <trkpt lat="30.649628" lon="104.16175">
        <time>2026-04-24T10:49:35Z</time>
      </trkpt>
      <trkpt lat="30.649645" lon="104.16163">
        <time>2026-04-24T10:49:36Z</time>
      </trkpt>
      <trkpt lat="30.649656" lon="104.161575">
        <time>2026-04-24T10:49:37Z</time>
      </trkpt>
      <trkpt lat="30.649672" lon="104.16153">
        <time>2026-04-24T10:49:38Z</time>
      </trkpt>
      <trkpt lat="30.649694" lon="104.161476">
        <time>2026-04-24T10:49:39Z</time>
      </trkpt>
      <trkpt lat="30.649723" lon="104.16143">
        <time>2026-04-24T10:49:40Z</time>
      </trkpt>
      <trkpt lat="30.649746" lon="104.16138">
        <time>2026-04-24T10:49:41Z</time>
      </trkpt>
      <trkpt lat="30.64977" lon="104.161316">
        <time>2026-04-24T10:49:43Z</time>
      </trkpt>
      <trkpt lat="30.649784" lon="104.161255">
        <time>2026-04-24T10:49:44Z</time>
      </trkpt>
      <trkpt lat="30.649803" lon="104.16119">
        <time>2026-04-24T10:49:45Z</time>
      </trkpt>
      <trkpt lat="30.649817" lon="104.16111">
        <time>2026-04-24T10:49:46Z</time>
      </trkpt>
      <trkpt lat="30.64983" lon="104.16105">
        <time>2026-04-24T10:49:47Z</time>
      </trkpt>
      <trkpt lat="30.649843" lon="104.16098">
        <time>2026-04-24T10:49:48Z</time>
      </trkpt>
      <trkpt lat="30.649857" lon="104.16092">
        <time>2026-04-24T10:49:49Z</time>
      </trkpt>
      <trkpt lat="30.649876" lon="104.16087">
        <time>2026-04-24T10:49:50Z</time>
      </trkpt>
      <trkpt lat="30.64989" lon="104.16083">
        <time>2026-04-24T10:49:51Z</time>
      </trkpt>
      <trkpt lat="30.649904" lon="104.1608">
        <time>2026-04-24T10:49:52Z</time>
      </trkpt>
      <trkpt lat="30.649916" lon="104.16077">
        <time>2026-04-24T10:49:53Z</time>
      </trkpt>
      <trkpt lat="30.64992" lon="104.16075">
        <time>2026-04-24T10:49:54Z</time>
      </trkpt>
      <trkpt lat="30.64992" lon="104.16075">
        <time>2026-04-24T10:49:55Z</time>
      </trkpt>
      <trkpt lat="30.64992" lon="104.16075">
        <time>2026-04-24T10:49:56Z</time>
      </trkpt>
      <trkpt lat="30.649921" lon="104.16073">
        <time>2026-04-24T10:49:57Z</time>
      </trkpt>
      <trkpt lat="30.649925" lon="104.16072">
        <time>2026-04-24T10:49:58Z</time>
      </trkpt>
      <trkpt lat="30.649931" lon="104.160706">
        <time>2026-04-24T10:49:59Z</time>
      </trkpt>
      <trkpt lat="30.649935" lon="104.1607">
        <time>2026-04-24T10:50:00Z</time>
      </trkpt>
      <trkpt lat="30.649939" lon="104.16069">
        <time>2026-04-24T10:50:01Z</time>
      </trkpt>
      <trkpt lat="30.649946" lon="104.16068">
        <time>2026-04-24T10:50:02Z</time>
      </trkpt>
      <trkpt lat="30.649956" lon="104.16068">
        <time>2026-04-24T10:50:03Z</time>
      </trkpt>
      <trkpt lat="30.649956" lon="104.16069">
        <time>2026-04-24T10:50:04Z</time>
      </trkpt>
      <trkpt lat="30.649956" lon="104.16069">
        <time>2026-04-24T10:50:05Z</time>
      </trkpt>
      <trkpt lat="30.649956" lon="104.16069">
        <time>2026-04-24T10:50:06Z</time>
      </trkpt>
      <trkpt lat="30.649956" lon="104.16069">
        <time>2026-04-24T10:50:07Z</time>
      </trkpt>
      <trkpt lat="30.649956" lon="104.16069">
        <time>2026-04-24T10:50:08Z</time>
      </trkpt>
      <trkpt lat="30.649956" lon="104.16069">
        <time>2026-04-24T10:50:09Z</time>
      </trkpt>
      <trkpt lat="30.649956" lon="104.16069">
        <time>2026-04-24T10:50:10Z</time>
      </trkpt>
      <trkpt lat="30.649956" lon="104.16069">
        <time>2026-04-24T10:50:11Z</time>
      </trkpt>
      <trkpt lat="30.649956" lon="104.16069">
        <time>2026-04-24T10:50:12Z</time>
      </trkpt>
      <trkpt lat="30.649956" lon="104.16069">
        <time>2026-04-24T10:50:13Z</time>
      </trkpt>
      <trkpt lat="30.649956" lon="104.16069">
        <time>2026-04-24T10:50:14Z</time>
      </trkpt>
      <trkpt lat="30.649956" lon="104.16069">
        <time>2026-04-24T10:50:15Z</time>
      </trkpt>
      <trkpt lat="30.649956" lon="104.16069">
        <time>2026-04-24T10:50:16Z</time>
      </trkpt>
      <trkpt lat="30.649956" lon="104.16069">
        <time>2026-04-24T10:50:17Z</time>
      </trkpt>
      <trkpt lat="30.649979" lon="104.16066">
        <time>2026-04-24T10:50:18Z</time>
      </trkpt>
      <trkpt lat="30.649982" lon="104.16066">
        <time>2026-04-24T10:50:19Z</time>
      </trkpt>
      <trkpt lat="30.649982" lon="104.160645">
        <time>2026-04-24T10:50:20Z</time>
      </trkpt>
      <trkpt lat="30.649982" lon="104.16064">
        <time>2026-04-24T10:50:21Z</time>
      </trkpt>
      <trkpt lat="30.649971" lon="104.160614">
        <time>2026-04-24T10:50:22Z</time>
      </trkpt>
      <trkpt lat="30.649967" lon="104.16059">
        <time>2026-04-24T10:50:23Z</time>
      </trkpt>
      <trkpt lat="30.649961" lon="104.16055">
        <time>2026-04-24T10:50:24Z</time>
      </trkpt>
      <trkpt lat="30.64997" lon="104.160515">
        <time>2026-04-24T10:50:25Z</time>
      </trkpt>
      <trkpt lat="30.649979" lon="104.16046">
        <time>2026-04-24T10:50:26Z</time>
      </trkpt>
      <trkpt lat="30.649986" lon="104.160416">
        <time>2026-04-24T10:50:27Z</time>
      </trkpt>
      <trkpt lat="30.649992" lon="104.16037">
        <time>2026-04-24T10:50:28Z</time>
      </trkpt>
      <trkpt lat="30.649996" lon="104.160324">
        <time>2026-04-24T10:50:29Z</time>
      </trkpt>
      <trkpt lat="30.650005" lon="104.16027">
        <time>2026-04-24T10:50:30Z</time>
      </trkpt>
      <trkpt lat="30.650019" lon="104.160225">
        <time>2026-04-24T10:50:31Z</time>
      </trkpt>
      <trkpt lat="30.65003" lon="104.16017">
        <time>2026-04-24T10:50:32Z</time>
      </trkpt>
      <trkpt lat="30.65004" lon="104.16012">
        <time>2026-04-24T10:50:33Z</time>
      </trkpt>
      <trkpt lat="30.650053" lon="104.160065">
        <time>2026-04-24T10:50:34Z</time>
      </trkpt>
      <trkpt lat="30.650066" lon="104.16">
        <time>2026-04-24T10:50:35Z</time>
      </trkpt>
      <trkpt lat="30.650082" lon="104.15996">
        <time>2026-04-24T10:50:36Z</time>
      </trkpt>
      <trkpt lat="30.650105" lon="104.159904">
        <time>2026-04-24T10:50:37Z</time>
      </trkpt>
      <trkpt lat="30.650127" lon="104.15986">
        <time>2026-04-24T10:50:38Z</time>
      </trkpt>
      <trkpt lat="30.650154" lon="104.159805">
        <time>2026-04-24T10:50:39Z</time>
      </trkpt>
      <trkpt lat="30.65017" lon="104.159744">
        <time>2026-04-24T10:50:40Z</time>
      </trkpt>
      <trkpt lat="30.650183" lon="104.15968">
        <time>2026-04-24T10:50:41Z</time>
      </trkpt>
      <trkpt lat="30.650194" lon="104.15963">
        <time>2026-04-24T10:50:42Z</time>
      </trkpt>
      <trkpt lat="30.650217" lon="104.15957">
        <time>2026-04-24T10:50:43Z</time>
      </trkpt>
      <trkpt lat="30.650242" lon="104.15951">
        <time>2026-04-24T10:50:44Z</time>
      </trkpt>
      <trkpt lat="30.650267" lon="104.15944">
        <time>2026-04-24T10:50:45Z</time>
      </trkpt>
      <trkpt lat="30.650284" lon="104.15938">
        <time>2026-04-24T10:50:46Z</time>
      </trkpt>
      <trkpt lat="30.650301" lon="104.15931">
        <time>2026-04-24T10:50:47Z</time>
      </trkpt>
      <trkpt lat="30.65032" lon="104.15924">
        <time>2026-04-24T10:50:48Z</time>
      </trkpt>
      <trkpt lat="30.650337" lon="104.15917">
        <time>2026-04-24T10:50:49Z</time>
      </trkpt>
      <trkpt lat="30.650356" lon="104.15911">
        <time>2026-04-24T10:50:50Z</time>
      </trkpt>
      <trkpt lat="30.650375" lon="104.15904">
        <time>2026-04-24T10:50:51Z</time>
      </trkpt>
      <trkpt lat="30.650394" lon="104.15898">
        <time>2026-04-24T10:50:52Z</time>
      </trkpt>
      <trkpt lat="30.650412" lon="104.158905">
        <time>2026-04-24T10:50:53Z</time>
      </trkpt>
      <trkpt lat="30.650427" lon="104.15884">
        <time>2026-04-24T10:50:54Z</time>
      </trkpt>
      <trkpt lat="30.65044" lon="104.158775">
        <time>2026-04-24T10:50:55Z</time>
      </trkpt>
      <trkpt lat="30.650454" lon="104.15871">
        <time>2026-04-24T10:50:56Z</time>
      </trkpt>
      <trkpt lat="30.65047" lon="104.15863">
        <time>2026-04-24T10:50:57Z</time>
      </trkpt>
      <trkpt lat="30.650486" lon="104.15856">
        <time>2026-04-24T10:50:58Z</time>
      </trkpt>
      <trkpt lat="30.650507" lon="104.158485">
        <time>2026-04-24T10:50:59Z</time>
      </trkpt>
      <trkpt lat="30.650524" lon="104.15842">
        <time>2026-04-24T10:51:00Z</time>
      </trkpt>
      <trkpt lat="30.650545" lon="104.15834">
        <time>2026-04-24T10:51:01Z</time>
      </trkpt>
      <trkpt lat="30.650562" lon="104.158264">
        <time>2026-04-24T10:51:02Z</time>
      </trkpt>
      <trkpt lat="30.650578" lon="104.1582">
        <time>2026-04-24T10:51:03Z</time>
      </trkpt>
      <trkpt lat="30.650599" lon="104.158134">
        <time>2026-04-24T10:51:04Z</time>
      </trkpt>
      <trkpt lat="30.650623" lon="104.15808">
        <time>2026-04-24T10:51:05Z</time>
      </trkpt>
      <trkpt lat="30.650656" lon="104.15803">
        <time>2026-04-24T10:51:06Z</time>
      </trkpt>
      <trkpt lat="30.650688" lon="104.15796">
        <time>2026-04-24T10:51:07Z</time>
      </trkpt>
      <trkpt lat="30.650719" lon="104.15789">
        <time>2026-04-24T10:51:08Z</time>
      </trkpt>
      <trkpt lat="30.650738" lon="104.15783">
        <time>2026-04-24T10:51:09Z</time>
      </trkpt>
      <trkpt lat="30.650759" lon="104.15776">
        <time>2026-04-24T10:51:10Z</time>
      </trkpt>
      <trkpt lat="30.650774" lon="104.1577">
        <time>2026-04-24T10:51:11Z</time>
      </trkpt>
      <trkpt lat="30.650787" lon="104.15764">
        <time>2026-04-24T10:51:12Z</time>
      </trkpt>
      <trkpt lat="30.650808" lon="104.15756">
        <time>2026-04-24T10:51:13Z</time>
      </trkpt>
      <trkpt lat="30.650827" lon="104.15749">
        <time>2026-04-24T10:51:14Z</time>
      </trkpt>
      <trkpt lat="30.650848" lon="104.157425">
        <time>2026-04-24T10:51:15Z</time>
      </trkpt>
      <trkpt lat="30.65087" lon="104.15735">
        <time>2026-04-24T10:51:16Z</time>
      </trkpt>
      <trkpt lat="30.650894" lon="104.15727">
        <time>2026-04-24T10:51:17Z</time>
      </trkpt>
      <trkpt lat="30.650917" lon="104.157196">
        <time>2026-04-24T10:51:18Z</time>
      </trkpt>
      <trkpt lat="30.65093" lon="104.15713">
        <time>2026-04-24T10:51:19Z</time>
      </trkpt>
      <trkpt lat="30.650948" lon="104.15705">
        <time>2026-04-24T10:51:20Z</time>
      </trkpt>
      <trkpt lat="30.65097" lon="104.15698">
        <time>2026-04-24T10:51:21Z</time>
      </trkpt>
      <trkpt lat="30.650986" lon="104.156906">
        <time>2026-04-24T10:51:22Z</time>
      </trkpt>
      <trkpt lat="30.651005" lon="104.15684">
        <time>2026-04-24T10:51:23Z</time>
      </trkpt>
      <trkpt lat="30.651031" lon="104.1567">
        <time>2026-04-24T10:51:24Z</time>
      </trkpt>
      <trkpt lat="30.651037" lon="104.15663">
        <time>2026-04-24T10:51:25Z</time>
      </trkpt>
      <trkpt lat="30.651043" lon="104.15655">
        <time>2026-04-24T10:51:26Z</time>
      </trkpt>
      <trkpt lat="30.651056" lon="104.15646">
        <time>2026-04-24T10:51:28Z</time>
      </trkpt>
      <trkpt lat="30.651068" lon="104.15639">
        <time>2026-04-24T10:51:29Z</time>
      </trkpt>
      <trkpt lat="30.651083" lon="104.15631">
        <time>2026-04-24T10:51:30Z</time>
      </trkpt>
      <trkpt lat="30.651094" lon="104.156235">
        <time>2026-04-24T10:51:31Z</time>
      </trkpt>
      <trkpt lat="30.65111" lon="104.15615">
        <time>2026-04-24T10:51:32Z</time>
      </trkpt>
      <trkpt lat="30.651125" lon="104.156075">
        <time>2026-04-24T10:51:33Z</time>
      </trkpt>
      <trkpt lat="30.651138" lon="104.15601">
        <time>2026-04-24T10:51:34Z</time>
      </trkpt>
      <trkpt lat="30.651155" lon="104.15595">
        <time>2026-04-24T10:51:35Z</time>
      </trkpt>
      <trkpt lat="30.65117" lon="104.15591">
        <time>2026-04-24T10:51:36Z</time>
      </trkpt>
      <trkpt lat="30.651188" lon="104.15587">
        <time>2026-04-24T10:51:37Z</time>
      </trkpt>
      <trkpt lat="30.65121" lon="104.155846">
        <time>2026-04-24T10:51:38Z</time>
      </trkpt>
      <trkpt lat="30.651226" lon="104.15583">
        <time>2026-04-24T10:51:39Z</time>
      </trkpt>
      <trkpt lat="30.651222" lon="104.15581">
        <time>2026-04-24T10:51:40Z</time>
      </trkpt>
      <trkpt lat="30.651201" lon="104.1558">
        <time>2026-04-24T10:51:41Z</time>
      </trkpt>
      <trkpt lat="30.651182" lon="104.1558">
        <time>2026-04-24T10:51:42Z</time>
      </trkpt>
      <trkpt lat="30.651152" lon="104.155815">
        <time>2026-04-24T10:51:43Z</time>
      </trkpt>
      <trkpt lat="30.651123" lon="104.15582">
        <time>2026-04-24T10:51:44Z</time>
      </trkpt>
      <trkpt lat="30.651098" lon="104.15582">
        <time>2026-04-24T10:51:45Z</time>
      </trkpt>
      <trkpt lat="30.651075" lon="104.15582">
        <time>2026-04-24T10:51:46Z</time>
      </trkpt>
      <trkpt lat="30.651052" lon="104.155815">
        <time>2026-04-24T10:51:47Z</time>
      </trkpt>
      <trkpt lat="30.651031" lon="104.15581">
        <time>2026-04-24T10:51:48Z</time>
      </trkpt>
      <trkpt lat="30.651016" lon="104.1558">
        <time>2026-04-24T10:51:49Z</time>
      </trkpt>
      <trkpt lat="30.651" lon="104.15579">
        <time>2026-04-24T10:51:50Z</time>
      </trkpt>
      <trkpt lat="30.650984" lon="104.155785">
        <time>2026-04-24T10:51:51Z</time>
      </trkpt>
      <trkpt lat="30.650963" lon="104.1558">
        <time>2026-04-24T10:51:52Z</time>
      </trkpt>
      <trkpt lat="30.650951" lon="104.155815">
        <time>2026-04-24T10:51:53Z</time>
      </trkpt>
      <trkpt lat="30.650938" lon="104.15584">
        <time>2026-04-24T10:51:54Z</time>
      </trkpt>
      <trkpt lat="30.65092" lon="104.15587">
        <time>2026-04-24T10:51:55Z</time>
      </trkpt>
      <trkpt lat="30.650902" lon="104.1559">
        <time>2026-04-24T10:51:56Z</time>
      </trkpt>
      <trkpt lat="30.650879" lon="104.15594">
        <time>2026-04-24T10:51:57Z</time>
      </trkpt>
      <trkpt lat="30.650864" lon="104.155975">
        <time>2026-04-24T10:51:58Z</time>
      </trkpt>
      <trkpt lat="30.650845" lon="104.15603">
        <time>2026-04-24T10:51:59Z</time>
      </trkpt>
      <trkpt lat="30.650827" lon="104.15607">
        <time>2026-04-24T10:52:00Z</time>
      </trkpt>
      <trkpt lat="30.650814" lon="104.15611">
        <time>2026-04-24T10:52:01Z</time>
      </trkpt>
      <trkpt lat="30.650805" lon="104.15614">
        <time>2026-04-24T10:52:02Z</time>
      </trkpt>
      <trkpt lat="30.650797" lon="104.15617">
        <time>2026-04-24T10:52:03Z</time>
      </trkpt>
      <trkpt lat="30.650778" lon="104.156204">
        <time>2026-04-24T10:52:04Z</time>
      </trkpt>
      <trkpt lat="30.650764" lon="104.156235">
        <time>2026-04-24T10:52:05Z</time>
      </trkpt>
      <trkpt lat="30.650755" lon="104.156265">
        <time>2026-04-24T10:52:06Z</time>
      </trkpt>
      <trkpt lat="30.65075" lon="104.156296">
        <time>2026-04-24T10:52:07Z</time>
      </trkpt>
      <trkpt lat="30.650742" lon="104.15632">
        <time>2026-04-24T10:52:08Z</time>
      </trkpt>
      <trkpt lat="30.650736" lon="104.156334">
        <time>2026-04-24T10:52:09Z</time>
      </trkpt>
      <trkpt lat="30.650726" lon="104.15635">
        <time>2026-04-24T10:52:10Z</time>
      </trkpt>
      <trkpt lat="30.650717" lon="104.15636">
        <time>2026-04-24T10:52:11Z</time>
      </trkpt>
      <trkpt lat="30.650711" lon="104.15636">
        <time>2026-04-24T10:52:12Z</time>
      </trkpt>
      <trkpt lat="30.650711" lon="104.15636">
        <time>2026-04-24T10:52:13Z</time>
      </trkpt>
      <trkpt lat="30.650711" lon="104.15636">
        <time>2026-04-24T10:52:14Z</time>
      </trkpt>
      <trkpt lat="30.650711" lon="104.15636">
        <time>2026-04-24T10:52:15Z</time>
      </trkpt>
      <trkpt lat="30.650711" lon="104.15636">
        <time>2026-04-24T10:52:16Z</time>
      </trkpt>
      <trkpt lat="30.650711" lon="104.15636">
        <time>2026-04-24T10:52:17Z</time>
      </trkpt>
      <trkpt lat="30.650711" lon="104.15636">
        <time>2026-04-24T10:52:18Z</time>
      </trkpt>
      <trkpt lat="30.650711" lon="104.15636">
        <time>2026-04-24T10:52:19Z</time>
      </trkpt>
      <trkpt lat="30.650711" lon="104.15636">
        <time>2026-04-24T10:52:20Z</time>
      </trkpt>
      <trkpt lat="30.650711" lon="104.15636">
        <time>2026-04-24T10:52:21Z</time>
      </trkpt>
      <trkpt lat="30.650711" lon="104.15636">
        <time>2026-04-24T10:52:22Z</time>
      </trkpt>
      <trkpt lat="30.650711" lon="104.15636">
        <time>2026-04-24T10:52:23Z</time>
      </trkpt>
      <trkpt lat="30.650711" lon="104.15636">
        <time>2026-04-24T10:52:24Z</time>
      </trkpt>
      <trkpt lat="30.650711" lon="104.15636">
        <time>2026-04-24T10:52:25Z</time>
      </trkpt>
      <trkpt lat="30.650711" lon="104.15636">
        <time>2026-04-24T10:52:26Z</time>
      </trkpt>
      <trkpt lat="30.650711" lon="104.15636">
        <time>2026-04-24T10:52:27Z</time>
      </trkpt>
      <trkpt lat="30.650711" lon="104.15636">
        <time>2026-04-24T10:52:28Z</time>
      </trkpt>
      <trkpt lat="30.650711" lon="104.15636">
        <time>2026-04-24T10:52:29Z</time>
      </trkpt>
      <trkpt lat="30.650711" lon="104.15636">
        <time>2026-04-24T10:52:30Z</time>
      </trkpt>
      <trkpt lat="30.650711" lon="104.15636">
        <time>2026-04-24T10:52:31Z</time>
      </trkpt>
      <trkpt lat="30.650711" lon="104.15636">
        <time>2026-04-24T10:52:32Z</time>
      </trkpt>
      <trkpt lat="30.650711" lon="104.15636">
        <time>2026-04-24T10:52:33Z</time>
      </trkpt>
      <trkpt lat="30.650736" lon="104.15628">
        <time>2026-04-24T10:52:34Z</time>
      </trkpt>
      <trkpt lat="30.650736" lon="104.15628">
        <time>2026-04-24T10:52:35Z</time>
      </trkpt>
      <trkpt lat="30.650736" lon="104.15628">
        <time>2026-04-24T10:52:36Z</time>
      </trkpt>
      <trkpt lat="30.650736" lon="104.15628">
        <time>2026-04-24T10:52:37Z</time>
      </trkpt>
      <trkpt lat="30.650736" lon="104.15628">
        <time>2026-04-24T10:52:38Z</time>
      </trkpt>
      <trkpt lat="30.650736" lon="104.15628">
        <time>2026-04-24T10:52:39Z</time>
      </trkpt>
      <trkpt lat="30.650736" lon="104.15628">
        <time>2026-04-24T10:52:40Z</time>
      </trkpt>
      <trkpt lat="30.650736" lon="104.15628">
        <time>2026-04-24T10:52:41Z</time>
      </trkpt>
      <trkpt lat="30.650736" lon="104.15628">
        <time>2026-04-24T10:52:42Z</time>
      </trkpt>
      <trkpt lat="30.650736" lon="104.15628">
        <time>2026-04-24T10:52:43Z</time>
      </trkpt>
      <trkpt lat="30.650736" lon="104.15628">
        <time>2026-04-24T10:52:44Z</time>
      </trkpt>
      <trkpt lat="30.650736" lon="104.15628">
        <time>2026-04-24T10:52:45Z</time>
      </trkpt>
      <trkpt lat="30.650736" lon="104.15628">
        <time>2026-04-24T10:52:46Z</time>
      </trkpt>
      <trkpt lat="30.650736" lon="104.15628">
        <time>2026-04-24T10:52:47Z</time>
      </trkpt>
      <trkpt lat="30.65076" lon="104.1562">
        <time>2026-04-24T10:52:48Z</time>
      </trkpt>
      <trkpt lat="30.650772" lon="104.15617">
        <time>2026-04-24T10:52:49Z</time>
      </trkpt>
      <trkpt lat="30.65078" lon="104.156166">
        <time>2026-04-24T10:52:50Z</time>
      </trkpt>
      <trkpt lat="30.650787" lon="104.15615">
        <time>2026-04-24T10:52:51Z</time>
      </trkpt>
      <trkpt lat="30.650793" lon="104.15613">
        <time>2026-04-24T10:52:52Z</time>
      </trkpt>
      <trkpt lat="30.650803" lon="104.1561">
        <time>2026-04-24T10:52:53Z</time>
      </trkpt>
      <trkpt lat="30.650814" lon="104.15605">
        <time>2026-04-24T10:52:54Z</time>
      </trkpt>
      <trkpt lat="30.650824" lon="104.15602">
        <time>2026-04-24T10:52:55Z</time>
      </trkpt>
      <trkpt lat="30.650835" lon="104.15598">
        <time>2026-04-24T10:52:56Z</time>
      </trkpt>
      <trkpt lat="30.650839" lon="104.15595">
        <time>2026-04-24T10:52:57Z</time>
      </trkpt>
      <trkpt lat="30.65084" lon="104.15592">
        <time>2026-04-24T10:52:58Z</time>
      </trkpt>
      <trkpt lat="30.65084" lon="104.15588">
        <time>2026-04-24T10:52:59Z</time>
      </trkpt>
      <trkpt lat="30.650837" lon="104.15585">
        <time>2026-04-24T10:53:00Z</time>
      </trkpt>
      <trkpt lat="30.650833" lon="104.15582">
        <time>2026-04-24T10:53:01Z</time>
      </trkpt>
      <trkpt lat="30.650831" lon="104.1558">
        <time>2026-04-24T10:53:02Z</time>
      </trkpt>
      <trkpt lat="30.65083" lon="104.15577">
        <time>2026-04-24T10:53:03Z</time>
      </trkpt>
      <trkpt lat="30.65083" lon="104.15575">
        <time>2026-04-24T10:53:04Z</time>
      </trkpt>
      <trkpt lat="30.650833" lon="104.155716">
        <time>2026-04-24T10:53:05Z</time>
      </trkpt>
      <trkpt lat="30.650835" lon="104.15569">
        <time>2026-04-24T10:53:06Z</time>
      </trkpt>
      <trkpt lat="30.65084" lon="104.15567">
        <time>2026-04-24T10:53:07Z</time>
      </trkpt>
      <trkpt lat="30.650848" lon="104.15565">
        <time>2026-04-24T10:53:08Z</time>
      </trkpt>
      <trkpt lat="30.65086" lon="104.15563">
        <time>2026-04-24T10:53:09Z</time>
      </trkpt>
      <trkpt lat="30.65087" lon="104.15562">
        <time>2026-04-24T10:53:10Z</time>
      </trkpt>
      <trkpt lat="30.65088" lon="104.1556">
        <time>2026-04-24T10:53:11Z</time>
      </trkpt>
      <trkpt lat="30.650894" lon="104.155594">
        <time>2026-04-24T10:53:12Z</time>
      </trkpt>
      <trkpt lat="30.650911" lon="104.15558">
        <time>2026-04-24T10:53:13Z</time>
      </trkpt>
      <trkpt lat="30.650927" lon="104.155556">
        <time>2026-04-24T10:53:14Z</time>
      </trkpt>
      <trkpt lat="30.650934" lon="104.15553">
        <time>2026-04-24T10:53:15Z</time>
      </trkpt>
      <trkpt lat="30.650928" lon="104.1555">
        <time>2026-04-24T10:53:16Z</time>
      </trkpt>
      <trkpt lat="30.650928" lon="104.15548">
        <time>2026-04-24T10:53:17Z</time>
      </trkpt>
      <trkpt lat="30.650927" lon="104.15545">
        <time>2026-04-24T10:53:18Z</time>
      </trkpt>
      <trkpt lat="30.650928" lon="104.155426">
        <time>2026-04-24T10:53:19Z</time>
      </trkpt>
      <trkpt lat="30.650927" lon="104.1554">
        <time>2026-04-24T10:53:20Z</time>
      </trkpt>
      <trkpt lat="30.650923" lon="104.15538">
        <time>2026-04-24T10:53:21Z</time>
      </trkpt>
      <trkpt lat="30.650925" lon="104.15536">
        <time>2026-04-24T10:53:22Z</time>
      </trkpt>
      <trkpt lat="30.650927" lon="104.155334">
        <time>2026-04-24T10:53:23Z</time>
      </trkpt>
      <trkpt lat="30.650925" lon="104.155304">
        <time>2026-04-24T10:53:24Z</time>
      </trkpt>
      <trkpt lat="30.650927" lon="104.15528">
        <time>2026-04-24T10:53:25Z</time>
      </trkpt>
      <trkpt lat="30.650923" lon="104.15525">
        <time>2026-04-24T10:53:26Z</time>
      </trkpt>
      <trkpt lat="30.650923" lon="104.15523">
        <time>2026-04-24T10:53:27Z</time>
      </trkpt>
      <trkpt lat="30.65092" lon="104.1552">
        <time>2026-04-24T10:53:28Z</time>
      </trkpt>
      <trkpt lat="30.65092" lon="104.15516">
        <time>2026-04-24T10:53:29Z</time>
      </trkpt>
      <trkpt lat="30.650927" lon="104.15512">
        <time>2026-04-24T10:53:30Z</time>
      </trkpt>
      <trkpt lat="30.650934" lon="104.15509">
        <time>2026-04-24T10:53:31Z</time>
      </trkpt>
      <trkpt lat="30.650938" lon="104.15505">
        <time>2026-04-24T10:53:32Z</time>
      </trkpt>
      <trkpt lat="30.650942" lon="104.155014">
        <time>2026-04-24T10:53:33Z</time>
      </trkpt>
      <trkpt lat="30.650944" lon="104.154976">
        <time>2026-04-24T10:53:34Z</time>
      </trkpt>
      <trkpt lat="30.650944" lon="104.15494">
        <time>2026-04-24T10:53:35Z</time>
      </trkpt>
      <trkpt lat="30.650946" lon="104.15489">
        <time>2026-04-24T10:53:36Z</time>
      </trkpt>
      <trkpt lat="30.650948" lon="104.154854">
        <time>2026-04-24T10:53:37Z</time>
      </trkpt>
      <trkpt lat="30.650948" lon="104.154816">
        <time>2026-04-24T10:53:38Z</time>
      </trkpt>
      <trkpt lat="30.650948" lon="104.15478">
        <time>2026-04-24T10:53:39Z</time>
      </trkpt>
      <trkpt lat="30.650948" lon="104.15474">
        <time>2026-04-24T10:53:40Z</time>
      </trkpt>
      <trkpt lat="30.650942" lon="104.1547">
        <time>2026-04-24T10:53:41Z</time>
      </trkpt>
      <trkpt lat="30.650925" lon="104.15466">
        <time>2026-04-24T10:53:42Z</time>
      </trkpt>
      <trkpt lat="30.650911" lon="104.15463">
        <time>2026-04-24T10:53:43Z</time>
      </trkpt>
      <trkpt lat="30.650898" lon="104.154594">
        <time>2026-04-24T10:53:44Z</time>
      </trkpt>
      <trkpt lat="30.650883" lon="104.15456">
        <time>2026-04-24T10:53:45Z</time>
      </trkpt>
      <trkpt lat="30.65087" lon="104.154526">
        <time>2026-04-24T10:53:46Z</time>
      </trkpt>
      <trkpt lat="30.650856" lon="104.15449">
        <time>2026-04-24T10:53:47Z</time>
      </trkpt>
      <trkpt lat="30.650846" lon="104.15446">
        <time>2026-04-24T10:53:48Z</time>
      </trkpt>
      <trkpt lat="30.65084" lon="104.15443">
        <time>2026-04-24T10:53:49Z</time>
      </trkpt>
      <trkpt lat="30.65084" lon="104.1544">
        <time>2026-04-24T10:53:50Z</time>
      </trkpt>
      <trkpt lat="30.650843" lon="104.154366">
        <time>2026-04-24T10:53:51Z</time>
      </trkpt>
      <trkpt lat="30.650845" lon="104.15432">
        <time>2026-04-24T10:53:52Z</time>
      </trkpt>
      <trkpt lat="30.650848" lon="104.15428">
        <time>2026-04-24T10:53:53Z</time>
      </trkpt>
      <trkpt lat="30.650852" lon="104.154236">
        <time>2026-04-24T10:53:54Z</time>
      </trkpt>
      <trkpt lat="30.650854" lon="104.15419">
        <time>2026-04-24T10:53:55Z</time>
      </trkpt>
      <trkpt lat="30.650856" lon="104.15416">
        <time>2026-04-24T10:53:56Z</time>
      </trkpt>
      <trkpt lat="30.650858" lon="104.15414">
        <time>2026-04-24T10:53:57Z</time>
      </trkpt>
      <trkpt lat="30.650856" lon="104.15413">
        <time>2026-04-24T10:53:58Z</time>
      </trkpt>
      <trkpt lat="30.650856" lon="104.15413">
        <time>2026-04-24T10:53:59Z</time>
      </trkpt>
      <trkpt lat="30.650856" lon="104.15412">
        <time>2026-04-24T10:54:00Z</time>
      </trkpt>
      <trkpt lat="30.650854" lon="104.15412">
        <time>2026-04-24T10:54:01Z</time>
      </trkpt>
      <trkpt lat="30.650854" lon="104.15412">
        <time>2026-04-24T10:54:02Z</time>
      </trkpt>
      <trkpt lat="30.650856" lon="104.15411">
        <time>2026-04-24T10:54:03Z</time>
      </trkpt>
      <trkpt lat="30.650856" lon="104.154106">
        <time>2026-04-24T10:54:04Z</time>
      </trkpt>
      <trkpt lat="30.650858" lon="104.15408">
        <time>2026-04-24T10:54:05Z</time>
      </trkpt>
      <trkpt lat="30.650862" lon="104.15406">
        <time>2026-04-24T10:54:06Z</time>
      </trkpt>
      <trkpt lat="30.650867" lon="104.154045">
        <time>2026-04-24T10:54:07Z</time>
      </trkpt>
      <trkpt lat="30.650873" lon="104.15401">
        <time>2026-04-24T10:54:08Z</time>
      </trkpt>
      <trkpt lat="30.650879" lon="104.15398">
        <time>2026-04-24T10:54:09Z</time>
      </trkpt>
      <trkpt lat="30.650885" lon="104.15393">
        <time>2026-04-24T10:54:10Z</time>
      </trkpt>
      <trkpt lat="30.650894" lon="104.15388">
        <time>2026-04-24T10:54:11Z</time>
      </trkpt>
      <trkpt lat="30.650894" lon="104.15383">
        <time>2026-04-24T10:54:12Z</time>
      </trkpt>
      <trkpt lat="30.650894" lon="104.15379">
        <time>2026-04-24T10:54:13Z</time>
      </trkpt>
      <trkpt lat="30.6509" lon="104.15375">
        <time>2026-04-24T10:54:14Z</time>
      </trkpt>
      <trkpt lat="30.650906" lon="104.15369">
        <time>2026-04-24T10:54:15Z</time>
      </trkpt>
      <trkpt lat="30.650913" lon="104.15361">
        <time>2026-04-24T10:54:16Z</time>
      </trkpt>
      <trkpt lat="30.650913" lon="104.153534">
        <time>2026-04-24T10:54:17Z</time>
      </trkpt>
      <trkpt lat="30.65091" lon="104.153465">
        <time>2026-04-24T10:54:18Z</time>
      </trkpt>
      <trkpt lat="30.65091" lon="104.1534">
        <time>2026-04-24T10:54:19Z</time>
      </trkpt>
      <trkpt lat="30.65091" lon="104.153336">
        <time>2026-04-24T10:54:20Z</time>
      </trkpt>
      <trkpt lat="30.6509" lon="104.153275">
        <time>2026-04-24T10:54:21Z</time>
      </trkpt>
      <trkpt lat="30.650892" lon="104.15322">
        <time>2026-04-24T10:54:22Z</time>
      </trkpt>
      <trkpt lat="30.650887" lon="104.153175">
        <time>2026-04-24T10:54:23Z</time>
      </trkpt>
      <trkpt lat="30.650885" lon="104.15314">
        <time>2026-04-24T10:54:24Z</time>
      </trkpt>
      <trkpt lat="30.65088" lon="104.15308">
        <time>2026-04-24T10:54:25Z</time>
      </trkpt>
      <trkpt lat="30.650875" lon="104.153046">
        <time>2026-04-24T10:54:26Z</time>
      </trkpt>
      <trkpt lat="30.650867" lon="104.153015">
        <time>2026-04-24T10:54:27Z</time>
      </trkpt>
      <trkpt lat="30.650862" lon="104.153">
        <time>2026-04-24T10:54:28Z</time>
      </trkpt>
      <trkpt lat="30.650854" lon="104.152985">
        <time>2026-04-24T10:54:29Z</time>
      </trkpt>
      <trkpt lat="30.650843" lon="104.15296">
        <time>2026-04-24T10:54:30Z</time>
      </trkpt>
      <trkpt lat="30.65083" lon="104.15294">
        <time>2026-04-24T10:54:31Z</time>
      </trkpt>
      <trkpt lat="30.650814" lon="104.15291">
        <time>2026-04-24T10:54:32Z</time>
      </trkpt>
      <trkpt lat="30.65079" lon="104.15288">
        <time>2026-04-24T10:54:33Z</time>
      </trkpt>
      <trkpt lat="30.65076" lon="104.15283">
        <time>2026-04-24T10:54:34Z</time>
      </trkpt>
      <trkpt lat="30.650732" lon="104.15279">
        <time>2026-04-24T10:54:35Z</time>
      </trkpt>
      <trkpt lat="30.650702" lon="104.15275">
        <time>2026-04-24T10:54:36Z</time>
      </trkpt>
      <trkpt lat="30.650656" lon="104.15272">
        <time>2026-04-24T10:54:37Z</time>
      </trkpt>
      <trkpt lat="30.6506" lon="104.152695">
        <time>2026-04-24T10:54:38Z</time>
      </trkpt>
      <trkpt lat="30.650545" lon="104.15267">
        <time>2026-04-24T10:54:39Z</time>
      </trkpt>
      <trkpt lat="30.650488" lon="104.15266">
        <time>2026-04-24T10:54:40Z</time>
      </trkpt>
      <trkpt lat="30.650433" lon="104.15264">
        <time>2026-04-24T10:54:41Z</time>
      </trkpt>
      <trkpt lat="30.65038" lon="104.15263">
        <time>2026-04-24T10:54:42Z</time>
      </trkpt>
      <trkpt lat="30.650326" lon="104.15262">
        <time>2026-04-24T10:54:43Z</time>
      </trkpt>
      <trkpt lat="30.650276" lon="104.152596">
        <time>2026-04-24T10:54:44Z</time>
      </trkpt>
      <trkpt lat="30.650225" lon="104.15258">
        <time>2026-04-24T10:54:45Z</time>
      </trkpt>
      <trkpt lat="30.650173" lon="104.152565">
        <time>2026-04-24T10:54:46Z</time>
      </trkpt>
      <trkpt lat="30.65012" lon="104.15254">
        <time>2026-04-24T10:54:47Z</time>
      </trkpt>
      <trkpt lat="30.650063" lon="104.15253">
        <time>2026-04-24T10:54:48Z</time>
      </trkpt>
      <trkpt lat="30.650005" lon="104.15251">
        <time>2026-04-24T10:54:49Z</time>
      </trkpt>
      <trkpt lat="30.649954" lon="104.15249">
        <time>2026-04-24T10:54:50Z</time>
      </trkpt>
      <trkpt lat="30.6499" lon="104.152466">
        <time>2026-04-24T10:54:51Z</time>
      </trkpt>
      <trkpt lat="30.64984" lon="104.15244">
        <time>2026-04-24T10:54:52Z</time>
      </trkpt>
      <trkpt lat="30.649776" lon="104.15242">
        <time>2026-04-24T10:54:53Z</time>
      </trkpt>
      <trkpt lat="30.649717" lon="104.152405">
        <time>2026-04-24T10:54:54Z</time>
      </trkpt>
      <trkpt lat="30.649656" lon="104.15238">
        <time>2026-04-24T10:54:55Z</time>
      </trkpt>
      <trkpt lat="30.649595" lon="104.15236">
        <time>2026-04-24T10:54:56Z</time>
      </trkpt>
      <trkpt lat="30.649534" lon="104.152336">
        <time>2026-04-24T10:54:57Z</time>
      </trkpt>
      <trkpt lat="30.64947" lon="104.15231">
        <time>2026-04-24T10:54:58Z</time>
      </trkpt>
      <trkpt lat="30.649405" lon="104.15229">
        <time>2026-04-24T10:54:59Z</time>
      </trkpt>
      <trkpt lat="30.649342" lon="104.152275">
        <time>2026-04-24T10:55:00Z</time>
      </trkpt>
      <trkpt lat="30.649279" lon="104.15225">
        <time>2026-04-24T10:55:01Z</time>
      </trkpt>
      <trkpt lat="30.649216" lon="104.15223">
        <time>2026-04-24T10:55:02Z</time>
      </trkpt>
      <trkpt lat="30.64915" lon="104.15221">
        <time>2026-04-24T10:55:03Z</time>
      </trkpt>
      <trkpt lat="30.649086" lon="104.15218">
        <time>2026-04-24T10:55:04Z</time>
      </trkpt>
      <trkpt lat="30.649023" lon="104.15216">
        <time>2026-04-24T10:55:05Z</time>
      </trkpt>
      <trkpt lat="30.648964" lon="104.15214">
        <time>2026-04-24T10:55:06Z</time>
      </trkpt>
      <trkpt lat="30.648903" lon="104.152115">
        <time>2026-04-24T10:55:07Z</time>
      </trkpt>
      <trkpt lat="30.648844" lon="104.1521">
        <time>2026-04-24T10:55:08Z</time>
      </trkpt>
      <trkpt lat="30.648783" lon="104.15207">
        <time>2026-04-24T10:55:09Z</time>
      </trkpt>
      <trkpt lat="30.648727" lon="104.15205">
        <time>2026-04-24T10:55:10Z</time>
      </trkpt>
      <trkpt lat="30.648668" lon="104.15202">
        <time>2026-04-24T10:55:11Z</time>
      </trkpt>
      <trkpt lat="30.64861" lon="104.15201">
        <time>2026-04-24T10:55:12Z</time>
      </trkpt>
      <trkpt lat="30.648552" lon="104.151985">
        <time>2026-04-24T10:55:13Z</time>
      </trkpt>
      <trkpt lat="30.648495" lon="104.15197">
        <time>2026-04-24T10:55:14Z</time>
      </trkpt>
      <trkpt lat="30.648438" lon="104.15195">
        <time>2026-04-24T10:55:15Z</time>
      </trkpt>
      <trkpt lat="30.648378" lon="104.15193">
        <time>2026-04-24T10:55:16Z</time>
      </trkpt>
      <trkpt lat="30.648321" lon="104.15192">
        <time>2026-04-24T10:55:17Z</time>
      </trkpt>
      <trkpt lat="30.648266" lon="104.15189">
        <time>2026-04-24T10:55:18Z</time>
      </trkpt>
      <trkpt lat="30.648209" lon="104.15188">
        <time>2026-04-24T10:55:19Z</time>
      </trkpt>
      <trkpt lat="30.648153" lon="104.151855">
        <time>2026-04-24T10:55:20Z</time>
      </trkpt>
      <trkpt lat="30.6481" lon="104.15183">
        <time>2026-04-24T10:55:21Z</time>
      </trkpt>
      <trkpt lat="30.648046" lon="104.1518">
        <time>2026-04-24T10:55:22Z</time>
      </trkpt>
      <trkpt lat="30.647993" lon="104.15178">
        <time>2026-04-24T10:55:23Z</time>
      </trkpt>
      <trkpt lat="30.647942" lon="104.15175">
        <time>2026-04-24T10:55:24Z</time>
      </trkpt>
      <trkpt lat="30.647886" lon="104.151726">
        <time>2026-04-24T10:55:25Z</time>
      </trkpt>
      <trkpt lat="30.647837" lon="104.1517">
        <time>2026-04-24T10:55:26Z</time>
      </trkpt>
      <trkpt lat="30.647785" lon="104.15169">
        <time>2026-04-24T10:55:27Z</time>
      </trkpt>
      <trkpt lat="30.647743" lon="104.15167">
        <time>2026-04-24T10:55:28Z</time>
      </trkpt>
      <trkpt lat="30.64771" lon="104.151665">
        <time>2026-04-24T10:55:29Z</time>
      </trkpt>
      <trkpt lat="30.647682" lon="104.15166">
        <time>2026-04-24T10:55:30Z</time>
      </trkpt>
      <trkpt lat="30.64766" lon="104.15165">
        <time>2026-04-24T10:55:31Z</time>
      </trkpt>
      <trkpt lat="30.647646" lon="104.15164">
        <time>2026-04-24T10:55:32Z</time>
      </trkpt>
      <trkpt lat="30.647635" lon="104.15164">
        <time>2026-04-24T10:55:33Z</time>
      </trkpt>
      <trkpt lat="30.647635" lon="104.15164">
        <time>2026-04-24T10:55:34Z</time>
      </trkpt>
      <trkpt lat="30.647635" lon="104.15164">
        <time>2026-04-24T10:55:35Z</time>
      </trkpt>
      <trkpt lat="30.647635" lon="104.15164">
        <time>2026-04-24T10:55:36Z</time>
      </trkpt>
      <trkpt lat="30.647635" lon="104.15164">
        <time>2026-04-24T10:55:37Z</time>
      </trkpt>
      <trkpt lat="30.647635" lon="104.15164">
        <time>2026-04-24T10:55:38Z</time>
      </trkpt>
      <trkpt lat="30.647635" lon="104.15164">
        <time>2026-04-24T10:55:39Z</time>
      </trkpt>
      <trkpt lat="30.647635" lon="104.15164">
        <time>2026-04-24T10:55:40Z</time>
      </trkpt>
      <trkpt lat="30.647606" lon="104.15164">
        <time>2026-04-24T10:55:41Z</time>
      </trkpt>
      <trkpt lat="30.647589" lon="104.15164">
        <time>2026-04-24T10:55:42Z</time>
      </trkpt>
      <trkpt lat="30.647566" lon="104.15163">
        <time>2026-04-24T10:55:43Z</time>
      </trkpt>
      <trkpt lat="30.647532" lon="104.15161">
        <time>2026-04-24T10:55:44Z</time>
      </trkpt>
      <trkpt lat="30.6475" lon="104.151596">
        <time>2026-04-24T10:55:45Z</time>
      </trkpt>
      <trkpt lat="30.647465" lon="104.15158">
        <time>2026-04-24T10:55:46Z</time>
      </trkpt>
      <trkpt lat="30.647429" lon="104.15156">
        <time>2026-04-24T10:55:47Z</time>
      </trkpt>
      <trkpt lat="30.647394" lon="104.15154">
        <time>2026-04-24T10:55:48Z</time>
      </trkpt>
      <trkpt lat="30.647354" lon="104.15153">
        <time>2026-04-24T10:55:49Z</time>
      </trkpt>
      <trkpt lat="30.647308" lon="104.15151">
        <time>2026-04-24T10:55:50Z</time>
      </trkpt>
      <trkpt lat="30.647266" lon="104.15149">
        <time>2026-04-24T10:55:51Z</time>
      </trkpt>
      <trkpt lat="30.647226" lon="104.151474">
        <time>2026-04-24T10:55:52Z</time>
      </trkpt>
      <trkpt lat="30.647184" lon="104.15145">
        <time>2026-04-24T10:55:53Z</time>
      </trkpt>
      <trkpt lat="30.647144" lon="104.15143">
        <time>2026-04-24T10:55:54Z</time>
      </trkpt>
      <trkpt lat="30.647104" lon="104.151405">
        <time>2026-04-24T10:55:55Z</time>
      </trkpt>
      <trkpt lat="30.647064" lon="104.15139">
        <time>2026-04-24T10:55:56Z</time>
      </trkpt>
      <trkpt lat="30.647022" lon="104.151375">
        <time>2026-04-24T10:55:57Z</time>
      </trkpt>
      <trkpt lat="30.64697" lon="104.15136">
        <time>2026-04-24T10:55:58Z</time>
      </trkpt>
      <trkpt lat="30.64692" lon="104.15134">
        <time>2026-04-24T10:55:59Z</time>
      </trkpt>
      <trkpt lat="30.646877" lon="104.15132">
        <time>2026-04-24T10:56:00Z</time>
      </trkpt>
      <trkpt lat="30.646832" lon="104.151306">
        <time>2026-04-24T10:56:01Z</time>
      </trkpt>
      <trkpt lat="30.646788" lon="104.15128">
        <time>2026-04-24T10:56:02Z</time>
      </trkpt>
      <trkpt lat="30.646742" lon="104.151276">
        <time>2026-04-24T10:56:03Z</time>
      </trkpt>
      <trkpt lat="30.646694" lon="104.151276">
        <time>2026-04-24T10:56:04Z</time>
      </trkpt>
      <trkpt lat="30.64665" lon="104.15126">
        <time>2026-04-24T10:56:05Z</time>
      </trkpt>
      <trkpt lat="30.6466" lon="104.151245">
        <time>2026-04-24T10:56:06Z</time>
      </trkpt>
      <trkpt lat="30.646553" lon="104.15124">
        <time>2026-04-24T10:56:07Z</time>
      </trkpt>
      <trkpt lat="30.646503" lon="104.15122">
        <time>2026-04-24T10:56:08Z</time>
      </trkpt>
      <trkpt lat="30.646458" lon="104.15121">
        <time>2026-04-24T10:56:09Z</time>
      </trkpt>
      <trkpt lat="30.646412" lon="104.151184">
        <time>2026-04-24T10:56:10Z</time>
      </trkpt>
      <trkpt lat="30.646364" lon="104.15118">
        <time>2026-04-24T10:56:11Z</time>
      </trkpt>
      <trkpt lat="30.646317" lon="104.15115">
        <time>2026-04-24T10:56:12Z</time>
      </trkpt>
      <trkpt lat="30.646273" lon="104.15114">
        <time>2026-04-24T10:56:13Z</time>
      </trkpt>
      <trkpt lat="30.646229" lon="104.15112">
        <time>2026-04-24T10:56:14Z</time>
      </trkpt>
      <trkpt lat="30.646185" lon="104.15111">
        <time>2026-04-24T10:56:15Z</time>
      </trkpt>
      <trkpt lat="30.64614" lon="104.1511">
        <time>2026-04-24T10:56:16Z</time>
      </trkpt>
      <trkpt lat="30.64609" lon="104.151085">
        <time>2026-04-24T10:56:17Z</time>
      </trkpt>
      <trkpt lat="30.646042" lon="104.15107">
        <time>2026-04-24T10:56:18Z</time>
      </trkpt>
      <trkpt lat="30.645996" lon="104.15105">
        <time>2026-04-24T10:56:19Z</time>
      </trkpt>
      <trkpt lat="30.645954" lon="104.151024">
        <time>2026-04-24T10:56:20Z</time>
      </trkpt>
      <trkpt lat="30.64591" lon="104.15101">
        <time>2026-04-24T10:56:21Z</time>
      </trkpt>
      <trkpt lat="30.645874" lon="104.150986">
        <time>2026-04-24T10:56:22Z</time>
      </trkpt>
      <trkpt lat="30.645836" lon="104.15096">
        <time>2026-04-24T10:56:23Z</time>
      </trkpt>
      <trkpt lat="30.645796" lon="104.150955">
        <time>2026-04-24T10:56:24Z</time>
      </trkpt>
      <trkpt lat="30.645756" lon="104.15094">
        <time>2026-04-24T10:56:25Z</time>
      </trkpt>
      <trkpt lat="30.645716" lon="104.15094">
        <time>2026-04-24T10:56:26Z</time>
      </trkpt>
      <trkpt lat="30.645674" lon="104.150925">
        <time>2026-04-24T10:56:27Z</time>
      </trkpt>
      <trkpt lat="30.645634" lon="104.15091">
        <time>2026-04-24T10:56:28Z</time>
      </trkpt>
      <trkpt lat="30.645597" lon="104.150894">
        <time>2026-04-24T10:56:29Z</time>
      </trkpt>
      <trkpt lat="30.645557" lon="104.15088">
        <time>2026-04-24T10:56:30Z</time>
      </trkpt>
      <trkpt lat="30.64552" lon="104.15086">
        <time>2026-04-24T10:56:31Z</time>
      </trkpt>
      <trkpt lat="30.645483" lon="104.15085">
        <time>2026-04-24T10:56:32Z</time>
      </trkpt>
      <trkpt lat="30.645447" lon="104.150826">
        <time>2026-04-24T10:56:33Z</time>
      </trkpt>
      <trkpt lat="30.645412" lon="104.15081">
        <time>2026-04-24T10:56:34Z</time>
      </trkpt>
      <trkpt lat="30.64538" lon="104.150795">
        <time>2026-04-24T10:56:35Z</time>
      </trkpt>
      <trkpt lat="30.645344" lon="104.15077">
        <time>2026-04-24T10:56:36Z</time>
      </trkpt>
      <trkpt lat="30.645308" lon="104.15076">
        <time>2026-04-24T10:56:37Z</time>
      </trkpt>
      <trkpt lat="30.645271" lon="104.15075">
        <time>2026-04-24T10:56:38Z</time>
      </trkpt>
      <trkpt lat="30.645233" lon="104.15075">
        <time>2026-04-24T10:56:39Z</time>
      </trkpt>
      <trkpt lat="30.645197" lon="104.150734">
        <time>2026-04-24T10:56:40Z</time>
      </trkpt>
      <trkpt lat="30.64516" lon="104.15072">
        <time>2026-04-24T10:56:41Z</time>
      </trkpt>
      <trkpt lat="30.645123" lon="104.1507">
        <time>2026-04-24T10:56:42Z</time>
      </trkpt>
      <trkpt lat="30.64509" lon="104.15068">
        <time>2026-04-24T10:56:43Z</time>
      </trkpt>
      <trkpt lat="30.645058" lon="104.15067">
        <time>2026-04-24T10:56:44Z</time>
      </trkpt>
      <trkpt lat="30.645018" lon="104.15066">
        <time>2026-04-24T10:56:45Z</time>
      </trkpt>
      <trkpt lat="30.64498" lon="104.15065">
        <time>2026-04-24T10:56:46Z</time>
      </trkpt>
      <trkpt lat="30.644947" lon="104.150635">
        <time>2026-04-24T10:56:47Z</time>
      </trkpt>
      <trkpt lat="30.644913" lon="104.15062">
        <time>2026-04-24T10:56:48Z</time>
      </trkpt>
      <trkpt lat="30.644876" lon="104.150604">
        <time>2026-04-24T10:56:49Z</time>
      </trkpt>
      <trkpt lat="30.644844" lon="104.15059">
        <time>2026-04-24T10:56:50Z</time>
      </trkpt>
      <trkpt lat="30.644815" lon="104.150566">
        <time>2026-04-24T10:56:51Z</time>
      </trkpt>
      <trkpt lat="30.644789" lon="104.15055">
        <time>2026-04-24T10:56:52Z</time>
      </trkpt>
      <trkpt lat="30.644775" lon="104.150536">
        <time>2026-04-24T10:56:53Z</time>
      </trkpt>
      <trkpt lat="30.644768" lon="104.15053">
        <time>2026-04-24T10:56:54Z</time>
      </trkpt>
      <trkpt lat="30.644758" lon="104.15052">
        <time>2026-04-24T10:56:55Z</time>
      </trkpt>
      <trkpt lat="30.644741" lon="104.15051">
        <time>2026-04-24T10:56:56Z</time>
      </trkpt>
      <trkpt lat="30.644722" lon="104.150505">
        <time>2026-04-24T10:56:57Z</time>
      </trkpt>
      <trkpt lat="30.644697" lon="104.1505">
        <time>2026-04-24T10:56:58Z</time>
      </trkpt>
      <trkpt lat="30.644663" lon="104.15049">
        <time>2026-04-24T10:56:59Z</time>
      </trkpt>
      <trkpt lat="30.644634" lon="104.15048">
        <time>2026-04-24T10:57:00Z</time>
      </trkpt>
      <trkpt lat="30.644608" lon="104.150475">
        <time>2026-04-24T10:57:01Z</time>
      </trkpt>
      <trkpt lat="30.64458" lon="104.15046">
        <time>2026-04-24T10:57:02Z</time>
      </trkpt>
      <trkpt lat="30.64455" lon="104.15045">
        <time>2026-04-24T10:57:03Z</time>
      </trkpt>
      <trkpt lat="30.644516" lon="104.15044">
        <time>2026-04-24T10:57:04Z</time>
      </trkpt>
      <trkpt lat="30.644485" lon="104.15043">
        <time>2026-04-24T10:57:05Z</time>
      </trkpt>
      <trkpt lat="30.644453" lon="104.15043">
        <time>2026-04-24T10:57:06Z</time>
      </trkpt>
      <trkpt lat="30.644423" lon="104.15041">
        <time>2026-04-24T10:57:07Z</time>
      </trkpt>
      <trkpt lat="30.644388" lon="104.150406">
        <time>2026-04-24T10:57:08Z</time>
      </trkpt>
      <trkpt lat="30.644354" lon="104.1504">
        <time>2026-04-24T10:57:09Z</time>
      </trkpt>
      <trkpt lat="30.64432" lon="104.15038">
        <time>2026-04-24T10:57:10Z</time>
      </trkpt>
      <trkpt lat="30.64428" lon="104.150375">
        <time>2026-04-24T10:57:11Z</time>
      </trkpt>
      <trkpt lat="30.64424" lon="104.15037">
        <time>2026-04-24T10:57:12Z</time>
      </trkpt>
      <trkpt lat="30.644203" lon="104.15035">
        <time>2026-04-24T10:57:13Z</time>
      </trkpt>
      <trkpt lat="30.644173" lon="104.15033">
        <time>2026-04-24T10:57:14Z</time>
      </trkpt>
      <trkpt lat="30.644142" lon="104.150314">
        <time>2026-04-24T10:57:15Z</time>
      </trkpt>
      <trkpt lat="30.64411" lon="104.15031">
        <time>2026-04-24T10:57:16Z</time>
      </trkpt>
      <trkpt lat="30.644077" lon="104.15029">
        <time>2026-04-24T10:57:17Z</time>
      </trkpt>
      <trkpt lat="30.644045" lon="104.15028">
        <time>2026-04-24T10:57:18Z</time>
      </trkpt>
      <trkpt lat="30.644012" lon="104.15027">
        <time>2026-04-24T10:57:19Z</time>
      </trkpt>
      <trkpt lat="30.64398" lon="104.15027">
        <time>2026-04-24T10:57:20Z</time>
      </trkpt>
      <trkpt lat="30.643948" lon="104.15026">
        <time>2026-04-24T10:57:21Z</time>
      </trkpt>
      <trkpt lat="30.643913" lon="104.150246">
        <time>2026-04-24T10:57:22Z</time>
      </trkpt>
      <trkpt lat="30.643879" lon="104.15023">
        <time>2026-04-24T10:57:23Z</time>
      </trkpt>
      <trkpt lat="30.643843" lon="104.15022">
        <time>2026-04-24T10:57:24Z</time>
      </trkpt>
      <trkpt lat="30.643808" lon="104.15021">
        <time>2026-04-24T10:57:25Z</time>
      </trkpt>
      <trkpt lat="30.643774" lon="104.15019">
        <time>2026-04-24T10:57:26Z</time>
      </trkpt>
      <trkpt lat="30.643738" lon="104.150185">
        <time>2026-04-24T10:57:27Z</time>
      </trkpt>
      <trkpt lat="30.643702" lon="104.15017">
        <time>2026-04-24T10:57:28Z</time>
      </trkpt>
      <trkpt lat="30.643661" lon="104.150154">
        <time>2026-04-24T10:57:29Z</time>
      </trkpt>
      <trkpt lat="30.643625" lon="104.15015">
        <time>2026-04-24T10:57:30Z</time>
      </trkpt>
      <trkpt lat="30.643587" lon="104.15013">
        <time>2026-04-24T10:57:31Z</time>
      </trkpt>
      <trkpt lat="30.64355" lon="104.15012">
        <time>2026-04-24T10:57:32Z</time>
      </trkpt>
      <trkpt lat="30.643515" lon="104.15011">
        <time>2026-04-24T10:57:33Z</time>
      </trkpt>
      <trkpt lat="30.643478" lon="104.1501">
        <time>2026-04-24T10:57:34Z</time>
      </trkpt>
      <trkpt lat="30.643444" lon="104.150085">
        <time>2026-04-24T10:57:35Z</time>
      </trkpt>
      <trkpt lat="30.64341" lon="104.15007">
        <time>2026-04-24T10:57:36Z</time>
      </trkpt>
      <trkpt lat="30.643377" lon="104.150055">
        <time>2026-04-24T10:57:37Z</time>
      </trkpt>
      <trkpt lat="30.64334" lon="104.15004">
        <time>2026-04-24T10:57:38Z</time>
      </trkpt>
      <trkpt lat="30.64331" lon="104.15003">
        <time>2026-04-24T10:57:39Z</time>
      </trkpt>
      <trkpt lat="30.643276" lon="104.15002">
        <time>2026-04-24T10:57:40Z</time>
      </trkpt>
      <trkpt lat="30.643244" lon="104.15">
        <time>2026-04-24T10:57:41Z</time>
      </trkpt>
      <trkpt lat="30.643206" lon="104.14999">
        <time>2026-04-24T10:57:42Z</time>
      </trkpt>
      <trkpt lat="30.643166" lon="104.14998">
        <time>2026-04-24T10:57:43Z</time>
      </trkpt>
      <trkpt lat="30.643127" lon="104.14996">
        <time>2026-04-24T10:57:44Z</time>
      </trkpt>
      <trkpt lat="30.643087" lon="104.14995">
        <time>2026-04-24T10:57:45Z</time>
      </trkpt>
      <trkpt lat="30.643047" lon="104.14994">
        <time>2026-04-24T10:57:46Z</time>
      </trkpt>
      <trkpt lat="30.643002" lon="104.149925">
        <time>2026-04-24T10:57:47Z</time>
      </trkpt>
      <trkpt lat="30.642963" lon="104.14992">
        <time>2026-04-24T10:57:48Z</time>
      </trkpt>
      <trkpt lat="30.642921" lon="104.149895">
        <time>2026-04-24T10:57:49Z</time>
      </trkpt>
      <trkpt lat="30.642883" lon="104.14989">
        <time>2026-04-24T10:57:50Z</time>
      </trkpt>
      <trkpt lat="30.642845" lon="104.14987">
        <time>2026-04-24T10:57:51Z</time>
      </trkpt>
      <trkpt lat="30.642807" lon="104.14985">
        <time>2026-04-24T10:57:52Z</time>
      </trkpt>
      <trkpt lat="30.642767" lon="104.14983">
        <time>2026-04-24T10:57:53Z</time>
      </trkpt>
      <trkpt lat="30.642727" lon="104.14982">
        <time>2026-04-24T10:57:54Z</time>
      </trkpt>
      <trkpt lat="30.64269" lon="104.1498">
        <time>2026-04-24T10:57:55Z</time>
      </trkpt>
      <trkpt lat="30.642653" lon="104.14979">
        <time>2026-04-24T10:57:56Z</time>
      </trkpt>
      <trkpt lat="30.642612" lon="104.149765">
        <time>2026-04-24T10:57:57Z</time>
      </trkpt>
      <trkpt lat="30.642576" lon="104.14974">
        <time>2026-04-24T10:57:58Z</time>
      </trkpt>
      <trkpt lat="30.64254" lon="104.14973">
        <time>2026-04-24T10:57:59Z</time>
      </trkpt>
      <trkpt lat="30.642502" lon="104.14971">
        <time>2026-04-24T10:58:00Z</time>
      </trkpt>
      <trkpt lat="30.642464" lon="104.1497">
        <time>2026-04-24T10:58:01Z</time>
      </trkpt>
      <trkpt lat="30.642427" lon="104.14967">
        <time>2026-04-24T10:58:02Z</time>
      </trkpt>
      <trkpt lat="30.64239" lon="104.14966">
        <time>2026-04-24T10:58:03Z</time>
      </trkpt>
      <trkpt lat="30.642359" lon="104.14964">
        <time>2026-04-24T10:58:04Z</time>
      </trkpt>
      <trkpt lat="30.642313" lon="104.14962">
        <time>2026-04-24T10:58:05Z</time>
      </trkpt>
      <trkpt lat="30.642271" lon="104.1496">
        <time>2026-04-24T10:58:06Z</time>
      </trkpt>
      <trkpt lat="30.642237" lon="104.14957">
        <time>2026-04-24T10:58:07Z</time>
      </trkpt>
      <trkpt lat="30.642214" lon="104.14953">
        <time>2026-04-24T10:58:08Z</time>
      </trkpt>
      <trkpt lat="30.6422" lon="104.14948">
        <time>2026-04-24T10:58:09Z</time>
      </trkpt>
      <trkpt lat="30.642208" lon="104.14943">
        <time>2026-04-24T10:58:10Z</time>
      </trkpt>
      <trkpt lat="30.64222" lon="104.14938">
        <time>2026-04-24T10:58:11Z</time>
      </trkpt>
      <trkpt lat="30.642235" lon="104.14933">
        <time>2026-04-24T10:58:12Z</time>
      </trkpt>
      <trkpt lat="30.642246" lon="104.149284">
        <time>2026-04-24T10:58:13Z</time>
      </trkpt>
      <trkpt lat="30.642262" lon="104.14923">
        <time>2026-04-24T10:58:14Z</time>
      </trkpt>
      <trkpt lat="30.642275" lon="104.14918">
        <time>2026-04-24T10:58:15Z</time>
      </trkpt>
      <trkpt lat="30.64229" lon="104.14913">
        <time>2026-04-24T10:58:16Z</time>
      </trkpt>
      <trkpt lat="30.642305" lon="104.14908">
        <time>2026-04-24T10:58:17Z</time>
      </trkpt>
      <trkpt lat="30.642323" lon="104.149025">
        <time>2026-04-24T10:58:18Z</time>
      </trkpt>
      <trkpt lat="30.642344" lon="104.14897">
        <time>2026-04-24T10:58:19Z</time>
      </trkpt>
      <trkpt lat="30.642363" lon="104.14892">
        <time>2026-04-24T10:58:20Z</time>
      </trkpt>
      <trkpt lat="30.642376" lon="104.148865">
        <time>2026-04-24T10:58:21Z</time>
      </trkpt>
      <trkpt lat="30.642393" lon="104.14881">
        <time>2026-04-24T10:58:22Z</time>
      </trkpt>
      <trkpt lat="30.642408" lon="104.14875">
        <time>2026-04-24T10:58:23Z</time>
      </trkpt>
      <trkpt lat="30.642426" lon="104.1487">
        <time>2026-04-24T10:58:24Z</time>
      </trkpt>
      <trkpt lat="30.642447" lon="104.14864">
        <time>2026-04-24T10:58:25Z</time>
      </trkpt>
      <trkpt lat="30.642467" lon="104.14859">
        <time>2026-04-24T10:58:26Z</time>
      </trkpt>
      <trkpt lat="30.642488" lon="104.14854">
        <time>2026-04-24T10:58:27Z</time>
      </trkpt>
      <trkpt lat="30.642508" lon="104.14848">
        <time>2026-04-24T10:58:28Z</time>
      </trkpt>
      <trkpt lat="30.64253" lon="104.14842">
        <time>2026-04-24T10:58:29Z</time>
      </trkpt>
      <trkpt lat="30.64256" lon="104.14837">
        <time>2026-04-24T10:58:30Z</time>
      </trkpt>
      <trkpt lat="30.642582" lon="104.148315">
        <time>2026-04-24T10:58:31Z</time>
      </trkpt>
      <trkpt lat="30.6426" lon="104.14826">
        <time>2026-04-24T10:58:32Z</time>
      </trkpt>
      <trkpt lat="30.642622" lon="104.1482">
        <time>2026-04-24T10:58:33Z</time>
      </trkpt>
      <trkpt lat="30.642643" lon="104.14814">
        <time>2026-04-24T10:58:34Z</time>
      </trkpt>
      <trkpt lat="30.642672" lon="104.14809">
        <time>2026-04-24T10:58:35Z</time>
      </trkpt>
      <trkpt lat="30.642702" lon="104.148026">
        <time>2026-04-24T10:58:36Z</time>
      </trkpt>
      <trkpt lat="30.64273" lon="104.14797">
        <time>2026-04-24T10:58:37Z</time>
      </trkpt>
      <trkpt lat="30.642757" lon="104.14792">
        <time>2026-04-24T10:58:38Z</time>
      </trkpt>
      <trkpt lat="30.642784" lon="104.147865">
        <time>2026-04-24T10:58:39Z</time>
      </trkpt>
      <trkpt lat="30.64281" lon="104.147804">
        <time>2026-04-24T10:58:40Z</time>
      </trkpt>
      <trkpt lat="30.642834" lon="104.14774">
        <time>2026-04-24T10:58:41Z</time>
      </trkpt>
      <trkpt lat="30.642853" lon="104.14768">
        <time>2026-04-24T10:58:42Z</time>
      </trkpt>
      <trkpt lat="30.642876" lon="104.14764">
        <time>2026-04-24T10:58:43Z</time>
      </trkpt>
      <trkpt lat="30.642895" lon="104.14758">
        <time>2026-04-24T10:58:44Z</time>
      </trkpt>
      <trkpt lat="30.642916" lon="104.147545">
        <time>2026-04-24T10:58:45Z</time>
      </trkpt>
      <trkpt lat="30.642935" lon="104.14751">
        <time>2026-04-24T10:58:46Z</time>
      </trkpt>
      <trkpt lat="30.642962" lon="104.14747">
        <time>2026-04-24T10:58:47Z</time>
      </trkpt>
      <trkpt lat="30.642992" lon="104.147446">
        <time>2026-04-24T10:58:48Z</time>
      </trkpt>
      <trkpt lat="30.643023" lon="104.147415">
        <time>2026-04-24T10:58:49Z</time>
      </trkpt>
      <trkpt lat="30.64305" lon="104.147385">
        <time>2026-04-24T10:58:50Z</time>
      </trkpt>
      <trkpt lat="30.643063" lon="104.14735">
        <time>2026-04-24T10:58:51Z</time>
      </trkpt>
      <trkpt lat="30.64307" lon="104.14731">
        <time>2026-04-24T10:58:52Z</time>
      </trkpt>
      <trkpt lat="30.643063" lon="104.14727">
        <time>2026-04-24T10:58:53Z</time>
      </trkpt>
      <trkpt lat="30.643042" lon="104.14724">
        <time>2026-04-24T10:58:54Z</time>
      </trkpt>
      <trkpt lat="30.64301" lon="104.147224">
        <time>2026-04-24T10:58:55Z</time>
      </trkpt>
      <trkpt lat="30.642971" lon="104.147224">
        <time>2026-04-24T10:58:56Z</time>
      </trkpt>
      <trkpt lat="30.642935" lon="104.147224">
        <time>2026-04-24T10:58:57Z</time>
      </trkpt>
      <trkpt lat="30.642899" lon="104.14722">
        <time>2026-04-24T10:58:58Z</time>
      </trkpt>
      <trkpt lat="30.642862" lon="104.14722">
        <time>2026-04-24T10:58:59Z</time>
      </trkpt>
      <trkpt lat="30.642824" lon="104.1472">
        <time>2026-04-24T10:59:00Z</time>
      </trkpt>
      <trkpt lat="30.642784" lon="104.147194">
        <time>2026-04-24T10:59:01Z</time>
      </trkpt>
      <trkpt lat="30.642746" lon="104.14718">
        <time>2026-04-24T10:59:02Z</time>
      </trkpt>
      <trkpt lat="30.642706" lon="104.14716">
        <time>2026-04-24T10:59:03Z</time>
      </trkpt>
      <trkpt lat="30.642666" lon="104.14714">
        <time>2026-04-24T10:59:04Z</time>
      </trkpt>
      <trkpt lat="30.642624" lon="104.14713">
        <time>2026-04-24T10:59:05Z</time>
      </trkpt>
      <trkpt lat="30.642578" lon="104.14712">
        <time>2026-04-24T10:59:06Z</time>
      </trkpt>
      <trkpt lat="30.642534" lon="104.1471">
        <time>2026-04-24T10:59:07Z</time>
      </trkpt>
      <trkpt lat="30.642492" lon="104.14709">
        <time>2026-04-24T10:59:08Z</time>
      </trkpt>
      <trkpt lat="30.642448" lon="104.14707">
        <time>2026-04-24T10:59:09Z</time>
      </trkpt>
      <trkpt lat="30.642405" lon="104.14705">
        <time>2026-04-24T10:59:10Z</time>
      </trkpt>
      <trkpt lat="30.642363" lon="104.14703">
        <time>2026-04-24T10:59:11Z</time>
      </trkpt>
      <trkpt lat="30.642319" lon="104.14701">
        <time>2026-04-24T10:59:12Z</time>
      </trkpt>
      <trkpt lat="30.642275" lon="104.146996">
        <time>2026-04-24T10:59:13Z</time>
      </trkpt>
      <trkpt lat="30.642231" lon="104.14697">
        <time>2026-04-24T10:59:14Z</time>
      </trkpt>
      <trkpt lat="30.642187" lon="104.14695">
        <time>2026-04-24T10:59:15Z</time>
      </trkpt>
      <trkpt lat="30.642143" lon="104.14693">
        <time>2026-04-24T10:59:16Z</time>
      </trkpt>
      <trkpt lat="30.642101" lon="104.146904">
        <time>2026-04-24T10:59:17Z</time>
      </trkpt>
      <trkpt lat="30.642057" lon="104.14689">
        <time>2026-04-24T10:59:18Z</time>
      </trkpt>
      <trkpt lat="30.642014" lon="104.146866">
        <time>2026-04-24T10:59:19Z</time>
      </trkpt>
      <trkpt lat="30.641972" lon="104.14685">
        <time>2026-04-24T10:59:20Z</time>
      </trkpt>
      <trkpt lat="30.641926" lon="104.14683">
        <time>2026-04-24T10:59:21Z</time>
      </trkpt>
      <trkpt lat="30.64188" lon="104.146805">
        <time>2026-04-24T10:59:22Z</time>
      </trkpt>
      <trkpt lat="30.641834" lon="104.14679">
        <time>2026-04-24T10:59:23Z</time>
      </trkpt>
      <trkpt lat="30.641785" lon="104.14677">
        <time>2026-04-24T10:59:24Z</time>
      </trkpt>
      <trkpt lat="30.641733" lon="104.14675">
        <time>2026-04-24T10:59:25Z</time>
      </trkpt>
      <trkpt lat="30.641685" lon="104.146736">
        <time>2026-04-24T10:59:26Z</time>
      </trkpt>
      <trkpt lat="30.641636" lon="104.14672">
        <time>2026-04-24T10:59:27Z</time>
      </trkpt>
      <trkpt lat="30.64159" lon="104.146706">
        <time>2026-04-24T10:59:28Z</time>
      </trkpt>
      <trkpt lat="30.641542" lon="104.14669">
        <time>2026-04-24T10:59:29Z</time>
      </trkpt>
      <trkpt lat="30.641499" lon="104.14667">
        <time>2026-04-24T10:59:30Z</time>
      </trkpt>
      <trkpt lat="30.64145" lon="104.146645">
        <time>2026-04-24T10:59:31Z</time>
      </trkpt>
      <trkpt lat="30.641401" lon="104.14662">
        <time>2026-04-24T10:59:32Z</time>
      </trkpt>
      <trkpt lat="30.641352" lon="104.1466">
        <time>2026-04-24T10:59:33Z</time>
      </trkpt>
      <trkpt lat="30.641302" lon="104.14658">
        <time>2026-04-24T10:59:34Z</time>
      </trkpt>
      <trkpt lat="30.64125" lon="104.14657">
        <time>2026-04-24T10:59:35Z</time>
      </trkpt>
      <trkpt lat="30.641197" lon="104.14655">
        <time>2026-04-24T10:59:36Z</time>
      </trkpt>
      <trkpt lat="30.641148" lon="104.14653">
        <time>2026-04-24T10:59:37Z</time>
      </trkpt>
      <trkpt lat="30.641102" lon="104.1465">
        <time>2026-04-24T10:59:38Z</time>
      </trkpt>
      <trkpt lat="30.641054" lon="104.14647">
        <time>2026-04-24T10:59:39Z</time>
      </trkpt>
      <trkpt lat="30.641005" lon="104.14644">
        <time>2026-04-24T10:59:40Z</time>
      </trkpt>
      <trkpt lat="30.640959" lon="104.14641">
        <time>2026-04-24T10:59:41Z</time>
      </trkpt>
      <trkpt lat="30.640913" lon="104.146385">
        <time>2026-04-24T10:59:42Z</time>
      </trkpt>
      <trkpt lat="30.64087" lon="104.146355">
        <time>2026-04-24T10:59:43Z</time>
      </trkpt>
      <trkpt lat="30.640825" lon="104.14633">
        <time>2026-04-24T10:59:44Z</time>
      </trkpt>
      <trkpt lat="30.640787" lon="104.14631">
        <time>2026-04-24T10:59:45Z</time>
      </trkpt>
      <trkpt lat="30.640749" lon="104.146286">
        <time>2026-04-24T10:59:46Z</time>
      </trkpt>
      <trkpt lat="30.64071" lon="104.14627">
        <time>2026-04-24T10:59:47Z</time>
      </trkpt>
      <trkpt lat="30.640676" lon="104.146255">
        <time>2026-04-24T10:59:48Z</time>
      </trkpt>
      <trkpt lat="30.640644" lon="104.14623">
        <time>2026-04-24T10:59:49Z</time>
      </trkpt>
      <trkpt lat="30.640614" lon="104.146225">
        <time>2026-04-24T10:59:50Z</time>
      </trkpt>
      <trkpt lat="30.640581" lon="104.1462">
        <time>2026-04-24T10:59:51Z</time>
      </trkpt>
      <trkpt lat="30.640553" lon="104.14619">
        <time>2026-04-24T10:59:52Z</time>
      </trkpt>
      <trkpt lat="30.640526" lon="104.14617">
        <time>2026-04-24T10:59:53Z</time>
      </trkpt>
      <trkpt lat="30.6405" lon="104.146164">
        <time>2026-04-24T10:59:54Z</time>
      </trkpt>
      <trkpt lat="30.64047" lon="104.14615">
        <time>2026-04-24T10:59:55Z</time>
      </trkpt>
      <trkpt lat="30.640444" lon="104.14613">
        <time>2026-04-24T10:59:56Z</time>
      </trkpt>
      <trkpt lat="30.640417" lon="104.14611">
        <time>2026-04-24T10:59:57Z</time>
      </trkpt>
      <trkpt lat="30.640392" lon="104.146095">
        <time>2026-04-24T10:59:58Z</time>
      </trkpt>
      <trkpt lat="30.640373" lon="104.14608">
        <time>2026-04-24T10:59:59Z</time>
      </trkpt>
      <trkpt lat="30.640366" lon="104.14607">
        <time>2026-04-24T11:00:00Z</time>
      </trkpt>
      <trkpt lat="30.64036" lon="104.146065">
        <time>2026-04-24T11:00:01Z</time>
      </trkpt>
      <trkpt lat="30.640354" lon="104.146065">
        <time>2026-04-24T11:00:02Z</time>
      </trkpt>
      <trkpt lat="30.640348" lon="104.14605">
        <time>2026-04-24T11:00:03Z</time>
      </trkpt>
      <trkpt lat="30.640343" lon="104.14604">
        <time>2026-04-24T11:00:04Z</time>
      </trkpt>
      <trkpt lat="30.640337" lon="104.146034">
        <time>2026-04-24T11:00:05Z</time>
      </trkpt>
      <trkpt lat="30.64033" lon="104.14603">
        <time>2026-04-24T11:00:06Z</time>
      </trkpt>
      <trkpt lat="30.64031" lon="104.146">
        <time>2026-04-24T11:00:07Z</time>
      </trkpt>
      <trkpt lat="30.640293" lon="104.14599">
        <time>2026-04-24T11:00:08Z</time>
      </trkpt>
      <trkpt lat="30.640282" lon="104.14596">
        <time>2026-04-24T11:00:09Z</time>
      </trkpt>
      <trkpt lat="30.640266" lon="104.14593">
        <time>2026-04-24T11:00:10Z</time>
      </trkpt>
      <trkpt lat="30.640245" lon="104.145905">
        <time>2026-04-24T11:00:11Z</time>
      </trkpt>
      <trkpt lat="30.640223" lon="104.14588">
        <time>2026-04-24T11:00:12Z</time>
      </trkpt>
      <trkpt lat="30.640198" lon="104.14587">
        <time>2026-04-24T11:00:13Z</time>
      </trkpt>
      <trkpt lat="30.640171" lon="104.14584">
        <time>2026-04-24T11:00:14Z</time>
      </trkpt>
      <trkpt lat="30.640144" lon="104.14582">
        <time>2026-04-24T11:00:15Z</time>
      </trkpt>
      <trkpt lat="30.64012" lon="104.1458">
        <time>2026-04-24T11:00:16Z</time>
      </trkpt>
      <trkpt lat="30.640093" lon="104.145775">
        <time>2026-04-24T11:00:17Z</time>
      </trkpt>
      <trkpt lat="30.640066" lon="104.14575">
        <time>2026-04-24T11:00:18Z</time>
      </trkpt>
      <trkpt lat="30.640038" lon="104.14574">
        <time>2026-04-24T11:00:19Z</time>
      </trkpt>
      <trkpt lat="30.640009" lon="104.14571">
        <time>2026-04-24T11:00:20Z</time>
      </trkpt>
      <trkpt lat="30.639982" lon="104.1457">
        <time>2026-04-24T11:00:21Z</time>
      </trkpt>
      <trkpt lat="30.639954" lon="104.145676">
        <time>2026-04-24T11:00:22Z</time>
      </trkpt>
      <trkpt lat="30.639923" lon="104.14566">
        <time>2026-04-24T11:00:23Z</time>
      </trkpt>
      <trkpt lat="30.639893" lon="104.145645">
        <time>2026-04-24T11:00:24Z</time>
      </trkpt>
      <trkpt lat="30.639866" lon="104.14563">
        <time>2026-04-24T11:00:25Z</time>
      </trkpt>
      <trkpt lat="30.639837" lon="104.145615">
        <time>2026-04-24T11:00:26Z</time>
      </trkpt>
      <trkpt lat="30.639812" lon="104.14559">
        <time>2026-04-24T11:00:27Z</time>
      </trkpt>
      <trkpt lat="30.639786" lon="104.14557">
        <time>2026-04-24T11:00:28Z</time>
      </trkpt>
      <trkpt lat="30.639763" lon="104.145546">
        <time>2026-04-24T11:00:29Z</time>
      </trkpt>
      <trkpt lat="30.639736" lon="104.14552">
        <time>2026-04-24T11:00:30Z</time>
      </trkpt>
      <trkpt lat="30.639713" lon="104.14551">
        <time>2026-04-24T11:00:31Z</time>
      </trkpt>
      <trkpt lat="30.639685" lon="104.14549">
        <time>2026-04-24T11:00:32Z</time>
      </trkpt>
      <trkpt lat="30.63966" lon="104.14548">
        <time>2026-04-24T11:00:33Z</time>
      </trkpt>
      <trkpt lat="30.639633" lon="104.14546">
        <time>2026-04-24T11:00:34Z</time>
      </trkpt>
      <trkpt lat="30.639608" lon="104.14545">
        <time>2026-04-24T11:00:35Z</time>
      </trkpt>
      <trkpt lat="30.63958" lon="104.14542">
        <time>2026-04-24T11:00:36Z</time>
      </trkpt>
      <trkpt lat="30.639551" lon="104.14539">
        <time>2026-04-24T11:00:37Z</time>
      </trkpt>
      <trkpt lat="30.639523" lon="104.14538">
        <time>2026-04-24T11:00:38Z</time>
      </trkpt>
      <trkpt lat="30.639494" lon="104.14536">
        <time>2026-04-24T11:00:39Z</time>
      </trkpt>
      <trkpt lat="30.63947" lon="104.14534">
        <time>2026-04-24T11:00:40Z</time>
      </trkpt>
      <trkpt lat="30.63944" lon="104.14533">
        <time>2026-04-24T11:00:41Z</time>
      </trkpt>
      <trkpt lat="30.63941" lon="104.145325">
        <time>2026-04-24T11:00:42Z</time>
      </trkpt>
      <trkpt lat="30.639385" lon="104.1453">
        <time>2026-04-24T11:00:43Z</time>
      </trkpt>
      <trkpt lat="30.639357" lon="104.14528">
        <time>2026-04-24T11:00:44Z</time>
      </trkpt>
      <trkpt lat="30.639332" lon="104.14526">
        <time>2026-04-24T11:00:45Z</time>
      </trkpt>
      <trkpt lat="30.639307" lon="104.14524">
        <time>2026-04-24T11:00:46Z</time>
      </trkpt>
      <trkpt lat="30.639282" lon="104.145226">
        <time>2026-04-24T11:00:47Z</time>
      </trkpt>
      <trkpt lat="30.639257" lon="104.14521">
        <time>2026-04-24T11:00:48Z</time>
      </trkpt>
      <trkpt lat="30.63923" lon="104.145195">
        <time>2026-04-24T11:00:49Z</time>
      </trkpt>
      <trkpt lat="30.639204" lon="104.14518">
        <time>2026-04-24T11:00:50Z</time>
      </trkpt>
      <trkpt lat="30.63918" lon="104.145164">
        <time>2026-04-24T11:00:51Z</time>
      </trkpt>
      <trkpt lat="30.639153" lon="104.14515">
        <time>2026-04-24T11:00:52Z</time>
      </trkpt>
      <trkpt lat="30.639126" lon="104.14513">
        <time>2026-04-24T11:00:53Z</time>
      </trkpt>
      <trkpt lat="30.6391" lon="104.14511">
        <time>2026-04-24T11:00:54Z</time>
      </trkpt>
      <trkpt lat="30.639076" lon="104.145096">
        <time>2026-04-24T11:00:55Z</time>
      </trkpt>
      <trkpt lat="30.63905" lon="104.14507">
        <time>2026-04-24T11:00:56Z</time>
      </trkpt>
      <trkpt lat="30.63902" lon="104.14505">
        <time>2026-04-24T11:00:57Z</time>
      </trkpt>
      <trkpt lat="30.638992" lon="104.145035">
        <time>2026-04-24T11:00:58Z</time>
      </trkpt>
      <trkpt lat="30.638958" lon="104.14501">
        <time>2026-04-24T11:00:59Z</time>
      </trkpt>
      <trkpt lat="30.638927" lon="104.145">
        <time>2026-04-24T11:01:00Z</time>
      </trkpt>
      <trkpt lat="30.638887" lon="104.14497">
        <time>2026-04-24T11:01:01Z</time>
      </trkpt>
      <trkpt lat="30.638855" lon="104.14496">
        <time>2026-04-24T11:01:02Z</time>
      </trkpt>
      <trkpt lat="30.638823" lon="104.144936">
        <time>2026-04-24T11:01:03Z</time>
      </trkpt>
      <trkpt lat="30.638796" lon="104.14492">
        <time>2026-04-24T11:01:04Z</time>
      </trkpt>
      <trkpt lat="30.638765" lon="104.1449">
        <time>2026-04-24T11:01:05Z</time>
      </trkpt>
      <trkpt lat="30.638733" lon="104.144875">
        <time>2026-04-24T11:01:06Z</time>
      </trkpt>
      <trkpt lat="30.638702" lon="104.144844">
        <time>2026-04-24T11:01:07Z</time>
      </trkpt>
      <trkpt lat="30.638674" lon="104.14482">
        <time>2026-04-24T11:01:08Z</time>
      </trkpt>
      <trkpt lat="30.638638" lon="104.144806">
        <time>2026-04-24T11:01:09Z</time>
      </trkpt>
      <trkpt lat="30.638603" lon="104.144775">
        <time>2026-04-24T11:01:10Z</time>
      </trkpt>
      <trkpt lat="30.63857" lon="104.14475">
        <time>2026-04-24T11:01:11Z</time>
      </trkpt>
      <trkpt lat="30.638538" lon="104.14473">
        <time>2026-04-24T11:01:12Z</time>
      </trkpt>
      <trkpt lat="30.638506" lon="104.144714">
        <time>2026-04-24T11:01:13Z</time>
      </trkpt>
      <trkpt lat="30.638472" lon="104.14469">
        <time>2026-04-24T11:01:14Z</time>
      </trkpt>
      <trkpt lat="30.63844" lon="104.14467">
        <time>2026-04-24T11:01:15Z</time>
      </trkpt>
      <trkpt lat="30.638405" lon="104.14465">
        <time>2026-04-24T11:01:16Z</time>
      </trkpt>
      <trkpt lat="30.638374" lon="104.144615">
        <time>2026-04-24T11:01:17Z</time>
      </trkpt>
      <trkpt lat="30.638355" lon="104.144585">
        <time>2026-04-24T11:01:18Z</time>
      </trkpt>
      <trkpt lat="30.638342" lon="104.14454">
        <time>2026-04-24T11:01:19Z</time>
      </trkpt>
      <trkpt lat="30.63833" lon="104.1445">
        <time>2026-04-24T11:01:20Z</time>
      </trkpt>
      <trkpt lat="30.638317" lon="104.144455">
        <time>2026-04-24T11:01:21Z</time>
      </trkpt>
      <trkpt lat="30.638304" lon="104.14442">
        <time>2026-04-24T11:01:22Z</time>
      </trkpt>
      <trkpt lat="30.638288" lon="104.14438">
        <time>2026-04-24T11:01:23Z</time>
      </trkpt>
      <trkpt lat="30.638271" lon="104.14434">
        <time>2026-04-24T11:01:24Z</time>
      </trkpt>
      <trkpt lat="30.638262" lon="104.1443">
        <time>2026-04-24T11:01:25Z</time>
      </trkpt>
      <trkpt lat="30.638254" lon="104.14426">
        <time>2026-04-24T11:01:26Z</time>
      </trkpt>
      <trkpt lat="30.638266" lon="104.14422">
        <time>2026-04-24T11:01:27Z</time>
      </trkpt>
      <trkpt lat="30.638279" lon="104.14418">
        <time>2026-04-24T11:01:28Z</time>
      </trkpt>
      <trkpt lat="30.63829" lon="104.14415">
        <time>2026-04-24T11:01:29Z</time>
      </trkpt>
      <trkpt lat="30.638304" lon="104.14411">
        <time>2026-04-24T11:01:30Z</time>
      </trkpt>
      <trkpt lat="30.638313" lon="104.14407">
        <time>2026-04-24T11:01:31Z</time>
      </trkpt>
      <trkpt lat="30.63832" lon="104.144035">
        <time>2026-04-24T11:01:32Z</time>
      </trkpt>
      <trkpt lat="30.638332" lon="104.144">
        <time>2026-04-24T11:01:33Z</time>
      </trkpt>
      <trkpt lat="30.638346" lon="104.14395">
        <time>2026-04-24T11:01:34Z</time>
      </trkpt>
      <trkpt lat="30.638355" lon="104.1439">
        <time>2026-04-24T11:01:35Z</time>
      </trkpt>
      <trkpt lat="30.638367" lon="104.143845">
        <time>2026-04-24T11:01:36Z</time>
      </trkpt>
      <trkpt lat="30.638386" lon="104.14379">
        <time>2026-04-24T11:01:37Z</time>
      </trkpt>
      <trkpt lat="30.638397" lon="104.14374">
        <time>2026-04-24T11:01:38Z</time>
      </trkpt>
      <trkpt lat="30.63841" lon="104.143684">
        <time>2026-04-24T11:01:39Z</time>
      </trkpt>
      <trkpt lat="30.63842" lon="104.14364">
        <time>2026-04-24T11:01:40Z</time>
      </trkpt>
      <trkpt lat="30.638433" lon="104.143585">
        <time>2026-04-24T11:01:41Z</time>
      </trkpt>
      <trkpt lat="30.638441" lon="104.14354">
        <time>2026-04-24T11:01:42Z</time>
      </trkpt>
      <trkpt lat="30.638453" lon="104.14348">
        <time>2026-04-24T11:01:43Z</time>
      </trkpt>
      <trkpt lat="30.63847" lon="104.14342">
        <time>2026-04-24T11:01:44Z</time>
      </trkpt>
      <trkpt lat="30.638485" lon="104.14335">
        <time>2026-04-24T11:01:45Z</time>
      </trkpt>
      <trkpt lat="30.6385" lon="104.14328">
        <time>2026-04-24T11:01:46Z</time>
      </trkpt>
      <trkpt lat="30.638517" lon="104.1432">
        <time>2026-04-24T11:01:47Z</time>
      </trkpt>
      <trkpt lat="30.63853" lon="104.14313">
        <time>2026-04-24T11:01:48Z</time>
      </trkpt>
      <trkpt lat="30.638546" lon="104.14306">
        <time>2026-04-24T11:01:49Z</time>
      </trkpt>
      <trkpt lat="30.638561" lon="104.143">
        <time>2026-04-24T11:01:50Z</time>
      </trkpt>
      <trkpt lat="30.638575" lon="104.14294">
        <time>2026-04-24T11:01:51Z</time>
      </trkpt>
      <trkpt lat="30.638592" lon="104.142876">
        <time>2026-04-24T11:01:52Z</time>
      </trkpt>
      <trkpt lat="30.638605" lon="104.142815">
        <time>2026-04-24T11:01:53Z</time>
      </trkpt>
      <trkpt lat="30.638618" lon="104.142746">
        <time>2026-04-24T11:01:54Z</time>
      </trkpt>
      <trkpt lat="30.638636" lon="104.142685">
        <time>2026-04-24T11:01:55Z</time>
      </trkpt>
      <trkpt lat="30.63865" lon="104.14263">
        <time>2026-04-24T11:01:56Z</time>
      </trkpt>
      <trkpt lat="30.638666" lon="104.14256">
        <time>2026-04-24T11:01:57Z</time>
      </trkpt>
      <trkpt lat="30.638683" lon="104.1425">
        <time>2026-04-24T11:01:58Z</time>
      </trkpt>
      <trkpt lat="30.638699" lon="104.14244">
        <time>2026-04-24T11:01:59Z</time>
      </trkpt>
      <trkpt lat="30.638714" lon="104.14238">
        <time>2026-04-24T11:02:00Z</time>
      </trkpt>
      <trkpt lat="30.63873" lon="104.14232">
        <time>2026-04-24T11:02:01Z</time>
      </trkpt>
      <trkpt lat="30.638746" lon="104.14225">
        <time>2026-04-24T11:02:02Z</time>
      </trkpt>
      <trkpt lat="30.63876" lon="104.14219">
        <time>2026-04-24T11:02:03Z</time>
      </trkpt>
      <trkpt lat="30.638777" lon="104.14213">
        <time>2026-04-24T11:02:04Z</time>
      </trkpt>
      <trkpt lat="30.638792" lon="104.14206">
        <time>2026-04-24T11:02:05Z</time>
      </trkpt>
      <trkpt lat="30.63881" lon="104.142">
        <time>2026-04-24T11:02:06Z</time>
      </trkpt>
      <trkpt lat="30.638823" lon="104.14194">
        <time>2026-04-24T11:02:07Z</time>
      </trkpt>
      <trkpt lat="30.638838" lon="104.14187">
        <time>2026-04-24T11:02:08Z</time>
      </trkpt>
      <trkpt lat="30.638853" lon="104.14181">
        <time>2026-04-24T11:02:09Z</time>
      </trkpt>
      <trkpt lat="30.63887" lon="104.14175">
        <time>2026-04-24T11:02:10Z</time>
      </trkpt>
      <trkpt lat="30.638887" lon="104.14168">
        <time>2026-04-24T11:02:11Z</time>
      </trkpt>
      <trkpt lat="30.6389" lon="104.14162">
        <time>2026-04-24T11:02:12Z</time>
      </trkpt>
      <trkpt lat="30.638916" lon="104.14155">
        <time>2026-04-24T11:02:13Z</time>
      </trkpt>
      <trkpt lat="30.638931" lon="104.14149">
        <time>2026-04-24T11:02:14Z</time>
      </trkpt>
      <trkpt lat="30.638947" lon="104.141426">
        <time>2026-04-24T11:02:15Z</time>
      </trkpt>
      <trkpt lat="30.638962" lon="104.14136">
        <time>2026-04-24T11:02:16Z</time>
      </trkpt>
      <trkpt lat="30.638983" lon="104.1413">
        <time>2026-04-24T11:02:17Z</time>
      </trkpt>
      <trkpt lat="30.639006" lon="104.14124">
        <time>2026-04-24T11:02:18Z</time>
      </trkpt>
      <trkpt lat="30.63902" lon="104.14118">
        <time>2026-04-24T11:02:19Z</time>
      </trkpt>
      <trkpt lat="30.639042" lon="104.14113">
        <time>2026-04-24T11:02:20Z</time>
      </trkpt>
      <trkpt lat="30.639061" lon="104.14108">
        <time>2026-04-24T11:02:21Z</time>
      </trkpt>
      <trkpt lat="30.639088" lon="104.14102">
        <time>2026-04-24T11:02:22Z</time>
      </trkpt>
      <trkpt lat="30.639103" lon="104.14096">
        <time>2026-04-24T11:02:23Z</time>
      </trkpt>
      <trkpt lat="30.639128" lon="104.14091">
        <time>2026-04-24T11:02:24Z</time>
      </trkpt>
      <trkpt lat="30.639154" lon="104.14085">
        <time>2026-04-24T11:02:25Z</time>
      </trkpt>
      <trkpt lat="30.63918" lon="104.14078">
        <time>2026-04-24T11:02:26Z</time>
      </trkpt>
      <trkpt lat="30.639198" lon="104.1407">
        <time>2026-04-24T11:02:27Z</time>
      </trkpt>
      <trkpt lat="30.63922" lon="104.14063">
        <time>2026-04-24T11:02:28Z</time>
      </trkpt>
      <trkpt lat="30.639236" lon="104.140564">
        <time>2026-04-24T11:02:29Z</time>
      </trkpt>
      <trkpt lat="30.639256" lon="104.140495">
        <time>2026-04-24T11:02:30Z</time>
      </trkpt>
      <trkpt lat="30.639273" lon="104.14041">
        <time>2026-04-24T11:02:31Z</time>
      </trkpt>
      <trkpt lat="30.639288" lon="104.14033">
        <time>2026-04-24T11:02:32Z</time>
      </trkpt>
      <trkpt lat="30.639307" lon="104.140236">
        <time>2026-04-24T11:02:33Z</time>
      </trkpt>
      <trkpt lat="30.639324" lon="104.140144">
        <time>2026-04-24T11:02:34Z</time>
      </trkpt>
      <trkpt lat="30.63934" lon="104.14005">
        <time>2026-04-24T11:02:35Z</time>
      </trkpt>
      <trkpt lat="30.639353" lon="104.13997">
        <time>2026-04-24T11:02:36Z</time>
      </trkpt>
      <trkpt lat="30.639364" lon="104.13989">
        <time>2026-04-24T11:02:37Z</time>
      </trkpt>
      <trkpt lat="30.63937" lon="104.1398">
        <time>2026-04-24T11:02:38Z</time>
      </trkpt>
      <trkpt lat="30.639376" lon="104.13972">
        <time>2026-04-24T11:02:39Z</time>
      </trkpt>
      <trkpt lat="30.639378" lon="104.13963">
        <time>2026-04-24T11:02:40Z</time>
      </trkpt>
      <trkpt lat="30.639381" lon="104.13955">
        <time>2026-04-24T11:02:41Z</time>
      </trkpt>
      <trkpt lat="30.639387" lon="104.13947">
        <time>2026-04-24T11:02:42Z</time>
      </trkpt>
      <trkpt lat="30.639395" lon="104.139404">
        <time>2026-04-24T11:02:43Z</time>
      </trkpt>
      <trkpt lat="30.639402" lon="104.13933">
        <time>2026-04-24T11:02:44Z</time>
      </trkpt>
      <trkpt lat="30.639412" lon="104.13926">
        <time>2026-04-24T11:02:45Z</time>
      </trkpt>
      <trkpt lat="30.639418" lon="104.13919">
        <time>2026-04-24T11:02:46Z</time>
      </trkpt>
      <trkpt lat="30.639421" lon="104.13912">
        <time>2026-04-24T11:02:47Z</time>
      </trkpt>
      <trkpt lat="30.63943" lon="104.13905">
        <time>2026-04-24T11:02:48Z</time>
      </trkpt>
      <trkpt lat="30.639433" lon="104.138985">
        <time>2026-04-24T11:02:49Z</time>
      </trkpt>
      <trkpt lat="30.639439" lon="104.13892">
        <time>2026-04-24T11:02:50Z</time>
      </trkpt>
      <trkpt lat="30.639444" lon="104.13886">
        <time>2026-04-24T11:02:51Z</time>
      </trkpt>
      <trkpt lat="30.639442" lon="104.13882">
        <time>2026-04-24T11:02:52Z</time>
      </trkpt>
      <trkpt lat="30.639435" lon="104.13879">
        <time>2026-04-24T11:02:53Z</time>
      </trkpt>
      <trkpt lat="30.639437" lon="104.13876">
        <time>2026-04-24T11:02:54Z</time>
      </trkpt>
      <trkpt lat="30.639437" lon="104.13874">
        <time>2026-04-24T11:02:55Z</time>
      </trkpt>
      <trkpt lat="30.639437" lon="104.13872">
        <time>2026-04-24T11:02:56Z</time>
      </trkpt>
      <trkpt lat="30.639423" lon="104.13868">
        <time>2026-04-24T11:02:57Z</time>
      </trkpt>
      <trkpt lat="30.639418" lon="104.13865">
        <time>2026-04-24T11:02:58Z</time>
      </trkpt>
      <trkpt lat="30.639406" lon="104.13861">
        <time>2026-04-24T11:02:59Z</time>
      </trkpt>
      <trkpt lat="30.639404" lon="104.138565">
        <time>2026-04-24T11:03:00Z</time>
      </trkpt>
      <trkpt lat="30.639402" lon="104.13853">
        <time>2026-04-24T11:03:01Z</time>
      </trkpt>
      <trkpt lat="30.639399" lon="104.13845">
        <time>2026-04-24T11:03:02Z</time>
      </trkpt>
      <trkpt lat="30.639395" lon="104.138405">
        <time>2026-04-24T11:03:04Z</time>
      </trkpt>
      <trkpt lat="30.639393" lon="104.13836">
        <time>2026-04-24T11:03:05Z</time>
      </trkpt>
      <trkpt lat="30.639397" lon="104.13831">
        <time>2026-04-24T11:03:06Z</time>
      </trkpt>
      <trkpt lat="30.639402" lon="104.13826">
        <time>2026-04-24T11:03:07Z</time>
      </trkpt>
      <trkpt lat="30.639406" lon="104.1382">
        <time>2026-04-24T11:03:08Z</time>
      </trkpt>
      <trkpt lat="30.63941" lon="104.138145">
        <time>2026-04-24T11:03:09Z</time>
      </trkpt>
      <trkpt lat="30.639416" lon="104.138084">
        <time>2026-04-24T11:03:10Z</time>
      </trkpt>
      <trkpt lat="30.639431" lon="104.13803">
        <time>2026-04-24T11:03:11Z</time>
      </trkpt>
      <trkpt lat="30.639448" lon="104.13798">
        <time>2026-04-24T11:03:12Z</time>
      </trkpt>
      <trkpt lat="30.63947" lon="104.137924">
        <time>2026-04-24T11:03:13Z</time>
      </trkpt>
      <trkpt lat="30.639486" lon="104.13787">
        <time>2026-04-24T11:03:14Z</time>
      </trkpt>
      <trkpt lat="30.639502" lon="104.13782">
        <time>2026-04-24T11:03:15Z</time>
      </trkpt>
      <trkpt lat="30.63951" lon="104.137764">
        <time>2026-04-24T11:03:16Z</time>
      </trkpt>
      <trkpt lat="30.639511" lon="104.13772">
        <time>2026-04-24T11:03:17Z</time>
      </trkpt>
      <trkpt lat="30.63952" lon="104.137665">
        <time>2026-04-24T11:03:18Z</time>
      </trkpt>
      <trkpt lat="30.639517" lon="104.13761">
        <time>2026-04-24T11:03:19Z</time>
      </trkpt>
      <trkpt lat="30.639513" lon="104.13756">
        <time>2026-04-24T11:03:20Z</time>
      </trkpt>
      <trkpt lat="30.639505" lon="104.13751">
        <time>2026-04-24T11:03:21Z</time>
      </trkpt>
      <trkpt lat="30.639496" lon="104.13747">
        <time>2026-04-24T11:03:22Z</time>
      </trkpt>
      <trkpt lat="30.639496" lon="104.13742">
        <time>2026-04-24T11:03:23Z</time>
      </trkpt>
      <trkpt lat="30.639496" lon="104.13738">
        <time>2026-04-24T11:03:24Z</time>
      </trkpt>
      <trkpt lat="30.639494" lon="104.13736">
        <time>2026-04-24T11:03:25Z</time>
      </trkpt>
      <trkpt lat="30.639494" lon="104.13735">
        <time>2026-04-24T11:03:26Z</time>
      </trkpt>
      <trkpt lat="30.639494" lon="104.13735">
        <time>2026-04-24T11:03:27Z</time>
      </trkpt>
      <trkpt lat="30.639494" lon="104.13735">
        <time>2026-04-24T11:03:28Z</time>
      </trkpt>
      <trkpt lat="30.639494" lon="104.13735">
        <time>2026-04-24T11:03:29Z</time>
      </trkpt>
      <trkpt lat="30.639494" lon="104.13735">
        <time>2026-04-24T11:03:30Z</time>
      </trkpt>
      <trkpt lat="30.639494" lon="104.13735">
        <time>2026-04-24T11:03:31Z</time>
      </trkpt>
      <trkpt lat="30.639494" lon="104.13735">
        <time>2026-04-24T11:03:32Z</time>
      </trkpt>
      <trkpt lat="30.639494" lon="104.13735">
        <time>2026-04-24T11:03:33Z</time>
      </trkpt>
      <trkpt lat="30.639494" lon="104.13735">
        <time>2026-04-24T11:03:34Z</time>
      </trkpt>
      <trkpt lat="30.639494" lon="104.13735">
        <time>2026-04-24T11:03:35Z</time>
      </trkpt>
      <trkpt lat="30.639494" lon="104.13735">
        <time>2026-04-24T11:03:36Z</time>
      </trkpt>
      <trkpt lat="30.639494" lon="104.13735">
        <time>2026-04-24T11:03:37Z</time>
      </trkpt>
      <trkpt lat="30.639494" lon="104.13735">
        <time>2026-04-24T11:03:38Z</time>
      </trkpt>
      <trkpt lat="30.639494" lon="104.13735">
        <time>2026-04-24T11:03:39Z</time>
      </trkpt>
      <trkpt lat="30.639494" lon="104.13735">
        <time>2026-04-24T11:03:40Z</time>
      </trkpt>
      <trkpt lat="30.639494" lon="104.13735">
        <time>2026-04-24T11:03:41Z</time>
      </trkpt>
      <trkpt lat="30.639494" lon="104.13735">
        <time>2026-04-24T11:03:42Z</time>
      </trkpt>
      <trkpt lat="30.639494" lon="104.13735">
        <time>2026-04-24T11:03:43Z</time>
      </trkpt>
      <trkpt lat="30.639494" lon="104.13735">
        <time>2026-04-24T11:03:44Z</time>
      </trkpt>
      <trkpt lat="30.639494" lon="104.13735">
        <time>2026-04-24T11:03:45Z</time>
      </trkpt>
      <trkpt lat="30.639494" lon="104.13735">
        <time>2026-04-24T11:03:46Z</time>
      </trkpt>
      <trkpt lat="30.639494" lon="104.13735">
        <time>2026-04-24T11:03:47Z</time>
      </trkpt>
      <trkpt lat="30.639494" lon="104.13735">
        <time>2026-04-24T11:03:48Z</time>
      </trkpt>
      <trkpt lat="30.639494" lon="104.13735">
        <time>2026-04-24T11:03:49Z</time>
      </trkpt>
      <trkpt lat="30.639494" lon="104.13735">
        <time>2026-04-24T11:03:50Z</time>
      </trkpt>
      <trkpt lat="30.639494" lon="104.13735">
        <time>2026-04-24T11:03:51Z</time>
      </trkpt>
      <trkpt lat="30.639494" lon="104.13735">
        <time>2026-04-24T11:03:52Z</time>
      </trkpt>
      <trkpt lat="30.639494" lon="104.13735">
        <time>2026-04-24T11:03:53Z</time>
      </trkpt>
      <trkpt lat="30.639494" lon="104.13735">
        <time>2026-04-24T11:03:54Z</time>
      </trkpt>
      <trkpt lat="30.639494" lon="104.13735">
        <time>2026-04-24T11:03:55Z</time>
      </trkpt>
      <trkpt lat="30.639494" lon="104.13735">
        <time>2026-04-24T11:03:56Z</time>
      </trkpt>
      <trkpt lat="30.639494" lon="104.13735">
        <time>2026-04-24T11:03:57Z</time>
      </trkpt>
      <trkpt lat="30.639494" lon="104.13735">
        <time>2026-04-24T11:03:58Z</time>
      </trkpt>
      <trkpt lat="30.639494" lon="104.13735">
        <time>2026-04-24T11:03:59Z</time>
      </trkpt>
      <trkpt lat="30.639494" lon="104.13735">
        <time>2026-04-24T11:04:00Z</time>
      </trkpt>
      <trkpt lat="30.639494" lon="104.13735">
        <time>2026-04-24T11:04:01Z</time>
      </trkpt>
      <trkpt lat="30.639494" lon="104.13735">
        <time>2026-04-24T11:04:02Z</time>
      </trkpt>
      <trkpt lat="30.639494" lon="104.13735">
        <time>2026-04-24T11:04:03Z</time>
      </trkpt>
      <trkpt lat="30.639494" lon="104.13735">
        <time>2026-04-24T11:04:04Z</time>
      </trkpt>
      <trkpt lat="30.639494" lon="104.13735">
        <time>2026-04-24T11:04:05Z</time>
      </trkpt>
      <trkpt lat="30.639494" lon="104.13735">
        <time>2026-04-24T11:04:06Z</time>
      </trkpt>
      <trkpt lat="30.639494" lon="104.13735">
        <time>2026-04-24T11:04:07Z</time>
      </trkpt>
      <trkpt lat="30.639494" lon="104.13735">
        <time>2026-04-24T11:04:08Z</time>
      </trkpt>
      <trkpt lat="30.639494" lon="104.13735">
        <time>2026-04-24T11:04:09Z</time>
      </trkpt>
      <trkpt lat="30.639494" lon="104.13735">
        <time>2026-04-24T11:04:10Z</time>
      </trkpt>
      <trkpt lat="30.639494" lon="104.13735">
        <time>2026-04-24T11:04:11Z</time>
      </trkpt>
      <trkpt lat="30.639494" lon="104.13735">
        <time>2026-04-24T11:04:12Z</time>
      </trkpt>
      <trkpt lat="30.639494" lon="104.13735">
        <time>2026-04-24T11:04:13Z</time>
      </trkpt>
      <trkpt lat="30.639494" lon="104.13735">
        <time>2026-04-24T11:04:14Z</time>
      </trkpt>
      <trkpt lat="30.639494" lon="104.13735">
        <time>2026-04-24T11:04:15Z</time>
      </trkpt>
      <trkpt lat="30.639494" lon="104.13735">
        <time>2026-04-24T11:04:16Z</time>
      </trkpt>
      <trkpt lat="30.639494" lon="104.13735">
        <time>2026-04-24T11:04:17Z</time>
      </trkpt>
      <trkpt lat="30.639494" lon="104.13735">
        <time>2026-04-24T11:04:18Z</time>
      </trkpt>
      <trkpt lat="30.639494" lon="104.13735">
        <time>2026-04-24T11:04:19Z</time>
      </trkpt>
      <trkpt lat="30.639494" lon="104.13735">
        <time>2026-04-24T11:04:20Z</time>
      </trkpt>
      <trkpt lat="30.639494" lon="104.13735">
        <time>2026-04-24T11:04:21Z</time>
      </trkpt>
      <trkpt lat="30.639494" lon="104.13735">
        <time>2026-04-24T11:04:22Z</time>
      </trkpt>
      <trkpt lat="30.639494" lon="104.13735">
        <time>2026-04-24T11:04:23Z</time>
      </trkpt>
      <trkpt lat="30.639494" lon="104.13735">
        <time>2026-04-24T11:04:24Z</time>
      </trkpt>
      <trkpt lat="30.639494" lon="104.13735">
        <time>2026-04-24T11:04:25Z</time>
      </trkpt>
      <trkpt lat="30.639494" lon="104.13735">
        <time>2026-04-24T11:04:26Z</time>
      </trkpt>
      <trkpt lat="30.639494" lon="104.13735">
        <time>2026-04-24T11:04:27Z</time>
      </trkpt>
      <trkpt lat="30.639494" lon="104.13735">
        <time>2026-04-24T11:04:28Z</time>
      </trkpt>
      <trkpt lat="30.639494" lon="104.13735">
        <time>2026-04-24T11:04:29Z</time>
      </trkpt>
      <trkpt lat="30.639494" lon="104.13735">
        <time>2026-04-24T11:04:30Z</time>
      </trkpt>
      <trkpt lat="30.639494" lon="104.13735">
        <time>2026-04-24T11:04:31Z</time>
      </trkpt>
      <trkpt lat="30.639494" lon="104.13735">
        <time>2026-04-24T11:04:32Z</time>
      </trkpt>
      <trkpt lat="30.639494" lon="104.13735">
        <time>2026-04-24T11:04:33Z</time>
      </trkpt>
      <trkpt lat="30.639494" lon="104.13735">
        <time>2026-04-24T11:04:34Z</time>
      </trkpt>
      <trkpt lat="30.639494" lon="104.13735">
        <time>2026-04-24T11:04:35Z</time>
      </trkpt>
      <trkpt lat="30.639494" lon="104.13735">
        <time>2026-04-24T11:04:36Z</time>
      </trkpt>
      <trkpt lat="30.639494" lon="104.13735">
        <time>2026-04-24T11:04:37Z</time>
      </trkpt>
      <trkpt lat="30.639494" lon="104.13735">
        <time>2026-04-24T11:04:38Z</time>
      </trkpt>
      <trkpt lat="30.639494" lon="104.13735">
        <time>2026-04-24T11:04:39Z</time>
      </trkpt>
      <trkpt lat="30.639494" lon="104.13735">
        <time>2026-04-24T11:04:40Z</time>
      </trkpt>
      <trkpt lat="30.639494" lon="104.13735">
        <time>2026-04-24T11:04:41Z</time>
      </trkpt>
      <trkpt lat="30.639494" lon="104.13735">
        <time>2026-04-24T11:04:42Z</time>
      </trkpt>
      <trkpt lat="30.639494" lon="104.13735">
        <time>2026-04-24T11:04:43Z</time>
      </trkpt>
      <trkpt lat="30.639494" lon="104.13735">
        <time>2026-04-24T11:04:44Z</time>
      </trkpt>
      <trkpt lat="30.639494" lon="104.13735">
        <time>2026-04-24T11:04:45Z</time>
      </trkpt>
      <trkpt lat="30.639494" lon="104.13735">
        <time>2026-04-24T11:04:46Z</time>
      </trkpt>
      <trkpt lat="30.639494" lon="104.13735">
        <time>2026-04-24T11:04:47Z</time>
      </trkpt>
      <trkpt lat="30.639494" lon="104.13735">
        <time>2026-04-24T11:04:48Z</time>
      </trkpt>
      <trkpt lat="30.639494" lon="104.13735">
        <time>2026-04-24T11:04:49Z</time>
      </trkpt>
      <trkpt lat="30.639494" lon="104.13735">
        <time>2026-04-24T11:04:50Z</time>
      </trkpt>
      <trkpt lat="30.639494" lon="104.13735">
        <time>2026-04-24T11:04:51Z</time>
      </trkpt>
      <trkpt lat="30.639494" lon="104.13735">
        <time>2026-04-24T11:04:52Z</time>
      </trkpt>
      <trkpt lat="30.639494" lon="104.13735">
        <time>2026-04-24T11:04:53Z</time>
      </trkpt>
      <trkpt lat="30.639494" lon="104.13735">
        <time>2026-04-24T11:04:54Z</time>
      </trkpt>
      <trkpt lat="30.639494" lon="104.13735">
        <time>2026-04-24T11:04:55Z</time>
      </trkpt>
      <trkpt lat="30.639494" lon="104.13735">
        <time>2026-04-24T11:04:56Z</time>
      </trkpt>
      <trkpt lat="30.639494" lon="104.13735">
        <time>2026-04-24T11:04:57Z</time>
      </trkpt>
      <trkpt lat="30.639494" lon="104.13735">
        <time>2026-04-24T11:04:58Z</time>
      </trkpt>
      <trkpt lat="30.639494" lon="104.13735">
        <time>2026-04-24T11:04:59Z</time>
      </trkpt>
      <trkpt lat="30.639494" lon="104.13735">
        <time>2026-04-24T11:05:00Z</time>
      </trkpt>
      <trkpt lat="30.639494" lon="104.13735">
        <time>2026-04-24T11:05:01Z</time>
      </trkpt>
      <trkpt lat="30.639494" lon="104.13735">
        <time>2026-04-24T11:05:02Z</time>
      </trkpt>
      <trkpt lat="30.639494" lon="104.13735">
        <time>2026-04-24T11:05:03Z</time>
      </trkpt>
      <trkpt lat="30.639494" lon="104.13735">
        <time>2026-04-24T11:05:04Z</time>
      </trkpt>
      <trkpt lat="30.639494" lon="104.13735">
        <time>2026-04-24T11:05:05Z</time>
      </trkpt>
      <trkpt lat="30.639494" lon="104.13735">
        <time>2026-04-24T11:05:06Z</time>
      </trkpt>
      <trkpt lat="30.639494" lon="104.13735">
        <time>2026-04-24T11:05:07Z</time>
      </trkpt>
      <trkpt lat="30.639494" lon="104.13735">
        <time>2026-04-24T11:05:08Z</time>
      </trkpt>
      <trkpt lat="30.639494" lon="104.13735">
        <time>2026-04-24T11:05:09Z</time>
      </trkpt>
      <trkpt lat="30.639494" lon="104.13735">
        <time>2026-04-24T11:05:10Z</time>
      </trkpt>
      <trkpt lat="30.639494" lon="104.13735">
        <time>2026-04-24T11:05:11Z</time>
      </trkpt>
      <trkpt lat="30.639479" lon="104.13729">
        <time>2026-04-24T11:05:12Z</time>
      </trkpt>
      <trkpt lat="30.639473" lon="104.137245">
        <time>2026-04-24T11:05:13Z</time>
      </trkpt>
      <trkpt lat="30.639465" lon="104.1372">
        <time>2026-04-24T11:05:14Z</time>
      </trkpt>
      <trkpt lat="30.639452" lon="104.137146">
        <time>2026-04-24T11:05:15Z</time>
      </trkpt>
      <trkpt lat="30.639435" lon="104.137085">
        <time>2026-04-24T11:05:16Z</time>
      </trkpt>
      <trkpt lat="30.639421" lon="104.137024">
        <time>2026-04-24T11:05:17Z</time>
      </trkpt>
      <trkpt lat="30.639416" lon="104.13696">
        <time>2026-04-24T11:05:18Z</time>
      </trkpt>
      <trkpt lat="30.639406" lon="104.13689">
        <time>2026-04-24T11:05:19Z</time>
      </trkpt>
      <trkpt lat="30.63941" lon="104.13681">
        <time>2026-04-24T11:05:20Z</time>
      </trkpt>
      <trkpt lat="30.639416" lon="104.13674">
        <time>2026-04-24T11:05:21Z</time>
      </trkpt>
      <trkpt lat="30.63942" lon="104.13667">
        <time>2026-04-24T11:05:22Z</time>
      </trkpt>
      <trkpt lat="30.639423" lon="104.1366">
        <time>2026-04-24T11:05:23Z</time>
      </trkpt>
      <trkpt lat="30.639431" lon="104.13652">
        <time>2026-04-24T11:05:24Z</time>
      </trkpt>
      <trkpt lat="30.639444" lon="104.136444">
        <time>2026-04-24T11:05:25Z</time>
      </trkpt>
      <trkpt lat="30.639454" lon="104.13636">
        <time>2026-04-24T11:05:26Z</time>
      </trkpt>
      <trkpt lat="30.639458" lon="104.13628">
        <time>2026-04-24T11:05:27Z</time>
      </trkpt>
      <trkpt lat="30.639462" lon="104.1362">
        <time>2026-04-24T11:05:28Z</time>
      </trkpt>
      <trkpt lat="30.639467" lon="104.13611">
        <time>2026-04-24T11:05:29Z</time>
      </trkpt>
      <trkpt lat="30.639471" lon="104.13601">
        <time>2026-04-24T11:05:30Z</time>
      </trkpt>
      <trkpt lat="30.63948" lon="104.13592">
        <time>2026-04-24T11:05:31Z</time>
      </trkpt>
      <trkpt lat="30.639484" lon="104.135826">
        <time>2026-04-24T11:05:32Z</time>
      </trkpt>
      <trkpt lat="30.63949" lon="104.13574">
        <time>2026-04-24T11:05:33Z</time>
      </trkpt>
      <trkpt lat="30.639492" lon="104.13564">
        <time>2026-04-24T11:05:34Z</time>
      </trkpt>
      <trkpt lat="30.639496" lon="104.135544">
        <time>2026-04-24T11:05:35Z</time>
      </trkpt>
      <trkpt lat="30.639503" lon="104.13545">
        <time>2026-04-24T11:05:36Z</time>
      </trkpt>
      <trkpt lat="30.639517" lon="104.13537">
        <time>2026-04-24T11:05:37Z</time>
      </trkpt>
      <trkpt lat="30.639524" lon="104.13529">
        <time>2026-04-24T11:05:38Z</time>
      </trkpt>
      <trkpt lat="30.639528" lon="104.13521">
        <time>2026-04-24T11:05:39Z</time>
      </trkpt>
      <trkpt lat="30.639536" lon="104.13513">
        <time>2026-04-24T11:05:40Z</time>
      </trkpt>
      <trkpt lat="30.639545" lon="104.135056">
        <time>2026-04-24T11:05:41Z</time>
      </trkpt>
      <trkpt lat="30.639551" lon="104.13498">
        <time>2026-04-24T11:05:42Z</time>
      </trkpt>
      <trkpt lat="30.639557" lon="104.1349">
        <time>2026-04-24T11:05:43Z</time>
      </trkpt>
      <trkpt lat="30.639544" lon="104.134834">
        <time>2026-04-24T11:05:44Z</time>
      </trkpt>
      <trkpt lat="30.639536" lon="104.13476">
        <time>2026-04-24T11:05:45Z</time>
      </trkpt>
      <trkpt lat="30.639534" lon="104.134674">
        <time>2026-04-24T11:05:46Z</time>
      </trkpt>
      <trkpt lat="30.639538" lon="104.13459">
        <time>2026-04-24T11:05:47Z</time>
      </trkpt>
      <trkpt lat="30.639536" lon="104.134514">
        <time>2026-04-24T11:05:48Z</time>
      </trkpt>
      <trkpt lat="30.639536" lon="104.13444">
        <time>2026-04-24T11:05:49Z</time>
      </trkpt>
      <trkpt lat="30.639536" lon="104.13436">
        <time>2026-04-24T11:05:50Z</time>
      </trkpt>
      <trkpt lat="30.639536" lon="104.13428">
        <time>2026-04-24T11:05:51Z</time>
      </trkpt>
      <trkpt lat="30.639534" lon="104.1342">
        <time>2026-04-24T11:05:52Z</time>
      </trkpt>
      <trkpt lat="30.639534" lon="104.134125">
        <time>2026-04-24T11:05:53Z</time>
      </trkpt>
      <trkpt lat="30.639534" lon="104.13405">
        <time>2026-04-24T11:05:54Z</time>
      </trkpt>
      <trkpt lat="30.639534" lon="104.13397">
        <time>2026-04-24T11:05:55Z</time>
      </trkpt>
      <trkpt lat="30.639536" lon="104.133896">
        <time>2026-04-24T11:05:56Z</time>
      </trkpt>
      <trkpt lat="30.639536" lon="104.13381">
        <time>2026-04-24T11:05:57Z</time>
      </trkpt>
      <trkpt lat="30.639538" lon="104.133736">
        <time>2026-04-24T11:05:58Z</time>
      </trkpt>
      <trkpt lat="30.63954" lon="104.13366">
        <time>2026-04-24T11:05:59Z</time>
      </trkpt>
      <trkpt lat="30.639542" lon="104.133575">
        <time>2026-04-24T11:06:00Z</time>
      </trkpt>
      <trkpt lat="30.63954" lon="104.13349">
        <time>2026-04-24T11:06:01Z</time>
      </trkpt>
      <trkpt lat="30.63954" lon="104.133415">
        <time>2026-04-24T11:06:02Z</time>
      </trkpt>
      <trkpt lat="30.639542" lon="104.13333">
        <time>2026-04-24T11:06:03Z</time>
      </trkpt>
      <trkpt lat="30.639542" lon="104.133255">
        <time>2026-04-24T11:06:04Z</time>
      </trkpt>
      <trkpt lat="30.639544" lon="104.13317">
        <time>2026-04-24T11:06:05Z</time>
      </trkpt>
      <trkpt lat="30.639545" lon="104.133095">
        <time>2026-04-24T11:06:06Z</time>
      </trkpt>
      <trkpt lat="30.639544" lon="104.13301">
        <time>2026-04-24T11:06:07Z</time>
      </trkpt>
      <trkpt lat="30.639547" lon="104.132935">
        <time>2026-04-24T11:06:08Z</time>
      </trkpt>
      <trkpt lat="30.63955" lon="104.13286">
        <time>2026-04-24T11:06:09Z</time>
      </trkpt>
      <trkpt lat="30.639551" lon="104.13278">
        <time>2026-04-24T11:06:10Z</time>
      </trkpt>
      <trkpt lat="30.639555" lon="104.1327">
        <time>2026-04-24T11:06:11Z</time>
      </trkpt>
      <trkpt lat="30.639559" lon="104.132614">
        <time>2026-04-24T11:06:12Z</time>
      </trkpt>
      <trkpt lat="30.639563" lon="104.13253">
        <time>2026-04-24T11:06:13Z</time>
      </trkpt>
      <trkpt lat="30.63957" lon="104.13245">
        <time>2026-04-24T11:06:14Z</time>
      </trkpt>
      <trkpt lat="30.639572" lon="104.13236">
        <time>2026-04-24T11:06:15Z</time>
      </trkpt>
      <trkpt lat="30.63957" lon="104.132286">
        <time>2026-04-24T11:06:16Z</time>
      </trkpt>
      <trkpt lat="30.63957" lon="104.1322">
        <time>2026-04-24T11:06:17Z</time>
      </trkpt>
      <trkpt lat="30.63957" lon="104.132126">
        <time>2026-04-24T11:06:18Z</time>
      </trkpt>
      <trkpt lat="30.639574" lon="104.132034">
        <time>2026-04-24T11:06:19Z</time>
      </trkpt>
      <trkpt lat="30.639576" lon="104.13195">
        <time>2026-04-24T11:06:20Z</time>
      </trkpt>
      <trkpt lat="30.639582" lon="104.13188">
        <time>2026-04-24T11:06:21Z</time>
      </trkpt>
      <trkpt lat="30.639587" lon="104.13183">
        <time>2026-04-24T11:06:22Z</time>
      </trkpt>
      <trkpt lat="30.63959" lon="104.13179">
        <time>2026-04-24T11:06:23Z</time>
      </trkpt>
      <trkpt lat="30.639591" lon="104.131775">
        <time>2026-04-24T11:06:24Z</time>
      </trkpt>
      <trkpt lat="30.639591" lon="104.13176">
        <time>2026-04-24T11:06:25Z</time>
      </trkpt>
      <trkpt lat="30.639591" lon="104.131744">
        <time>2026-04-24T11:06:26Z</time>
      </trkpt>
      <trkpt lat="30.639587" lon="104.13172">
        <time>2026-04-24T11:06:27Z</time>
      </trkpt>
      <trkpt lat="30.639587" lon="104.1317">
        <time>2026-04-24T11:06:28Z</time>
      </trkpt>
      <trkpt lat="30.639587" lon="104.13167">
        <time>2026-04-24T11:06:29Z</time>
      </trkpt>
      <trkpt lat="30.639587" lon="104.13163">
        <time>2026-04-24T11:06:30Z</time>
      </trkpt>
      <trkpt lat="30.639585" lon="104.131584">
        <time>2026-04-24T11:06:31Z</time>
      </trkpt>
      <trkpt lat="30.639582" lon="104.13154">
        <time>2026-04-24T11:06:32Z</time>
      </trkpt>
      <trkpt lat="30.639576" lon="104.131485">
        <time>2026-04-24T11:06:33Z</time>
      </trkpt>
      <trkpt lat="30.639572" lon="104.13143">
        <time>2026-04-24T11:06:34Z</time>
      </trkpt>
      <trkpt lat="30.639565" lon="104.13138">
        <time>2026-04-24T11:06:35Z</time>
      </trkpt>
      <trkpt lat="30.639559" lon="104.13132">
        <time>2026-04-24T11:06:36Z</time>
      </trkpt>
      <trkpt lat="30.639555" lon="104.13125">
        <time>2026-04-24T11:06:37Z</time>
      </trkpt>
      <trkpt lat="30.639559" lon="104.13117">
        <time>2026-04-24T11:06:38Z</time>
      </trkpt>
      <trkpt lat="30.639551" lon="104.13109">
        <time>2026-04-24T11:06:39Z</time>
      </trkpt>
      <trkpt lat="30.639545" lon="104.131">
        <time>2026-04-24T11:06:40Z</time>
      </trkpt>
      <trkpt lat="30.63954" lon="104.13092">
        <time>2026-04-24T11:06:41Z</time>
      </trkpt>
      <trkpt lat="30.639536" lon="104.13082">
        <time>2026-04-24T11:06:42Z</time>
      </trkpt>
      <trkpt lat="30.639528" lon="104.13073">
        <time>2026-04-24T11:06:43Z</time>
      </trkpt>
      <trkpt lat="30.639523" lon="104.13064">
        <time>2026-04-24T11:06:44Z</time>
      </trkpt>
      <trkpt lat="30.639515" lon="104.13055">
        <time>2026-04-24T11:06:45Z</time>
      </trkpt>
      <trkpt lat="30.639507" lon="104.13045">
        <time>2026-04-24T11:06:46Z</time>
      </trkpt>
      <trkpt lat="30.639496" lon="104.130356">
        <time>2026-04-24T11:06:47Z</time>
      </trkpt>
      <trkpt lat="30.639488" lon="104.130264">
        <time>2026-04-24T11:06:48Z</time>
      </trkpt>
      <trkpt lat="30.639479" lon="104.13018">
        <time>2026-04-24T11:06:49Z</time>
      </trkpt>
      <trkpt lat="30.639467" lon="104.13009">
        <time>2026-04-24T11:06:50Z</time>
      </trkpt>
      <trkpt lat="30.63945" lon="104.13">
        <time>2026-04-24T11:06:51Z</time>
      </trkpt>
      <trkpt lat="30.639431" lon="104.12992">
        <time>2026-04-24T11:06:52Z</time>
      </trkpt>
      <trkpt lat="30.639418" lon="104.129845">
        <time>2026-04-24T11:06:53Z</time>
      </trkpt>
      <trkpt lat="30.639406" lon="104.12977">
        <time>2026-04-24T11:06:54Z</time>
      </trkpt>
      <trkpt lat="30.639393" lon="104.1297">
        <time>2026-04-24T11:06:55Z</time>
      </trkpt>
      <trkpt lat="30.63938" lon="104.12963">
        <time>2026-04-24T11:06:56Z</time>
      </trkpt>
      <trkpt lat="30.639372" lon="104.12956">
        <time>2026-04-24T11:06:57Z</time>
      </trkpt>
      <trkpt lat="30.639364" lon="104.12949">
        <time>2026-04-24T11:06:58Z</time>
      </trkpt>
      <trkpt lat="30.63936" lon="104.129425">
        <time>2026-04-24T11:06:59Z</time>
      </trkpt>
      <trkpt lat="30.639355" lon="104.12936">
        <time>2026-04-24T11:07:00Z</time>
      </trkpt>
      <trkpt lat="30.639347" lon="104.12929">
        <time>2026-04-24T11:07:01Z</time>
      </trkpt>
      <trkpt lat="30.639338" lon="104.12921">
        <time>2026-04-24T11:07:02Z</time>
      </trkpt>
      <trkpt lat="30.639328" lon="104.12914">
        <time>2026-04-24T11:07:03Z</time>
      </trkpt>
      <trkpt lat="30.63932" lon="104.12906">
        <time>2026-04-24T11:07:04Z</time>
      </trkpt>
      <trkpt lat="30.63931" lon="104.128975">
        <time>2026-04-24T11:07:05Z</time>
      </trkpt>
      <trkpt lat="30.639301" lon="104.12888">
        <time>2026-04-24T11:07:06Z</time>
      </trkpt>
      <trkpt lat="30.639292" lon="104.12879">
        <time>2026-04-24T11:07:07Z</time>
      </trkpt>
      <trkpt lat="30.639282" lon="104.12869">
        <time>2026-04-24T11:07:08Z</time>
      </trkpt>
      <trkpt lat="30.63927" lon="104.1286">
        <time>2026-04-24T11:07:09Z</time>
      </trkpt>
      <trkpt lat="30.639263" lon="104.1285">
        <time>2026-04-24T11:07:10Z</time>
      </trkpt>
      <trkpt lat="30.639254" lon="104.12841">
        <time>2026-04-24T11:07:11Z</time>
      </trkpt>
      <trkpt lat="30.639244" lon="104.12831">
        <time>2026-04-24T11:07:12Z</time>
      </trkpt>
      <trkpt lat="30.639235" lon="104.12821">
        <time>2026-04-24T11:07:13Z</time>
      </trkpt>
      <trkpt lat="30.639225" lon="104.12811">
        <time>2026-04-24T11:07:14Z</time>
      </trkpt>
      <trkpt lat="30.639223" lon="104.12801">
        <time>2026-04-24T11:07:15Z</time>
      </trkpt>
      <trkpt lat="30.639217" lon="104.127914">
        <time>2026-04-24T11:07:16Z</time>
      </trkpt>
      <trkpt lat="30.639206" lon="104.127815">
        <time>2026-04-24T11:07:17Z</time>
      </trkpt>
      <trkpt lat="30.6392" lon="104.12772">
        <time>2026-04-24T11:07:18Z</time>
      </trkpt>
      <trkpt lat="30.639194" lon="104.12764">
        <time>2026-04-24T11:07:19Z</time>
      </trkpt>
      <trkpt lat="30.639187" lon="104.12754">
        <time>2026-04-24T11:07:20Z</time>
      </trkpt>
      <trkpt lat="30.639181" lon="104.12746">
        <time>2026-04-24T11:07:21Z</time>
      </trkpt>
      <trkpt lat="30.639172" lon="104.127365">
        <time>2026-04-24T11:07:22Z</time>
      </trkpt>
      <trkpt lat="30.639162" lon="104.12728">
        <time>2026-04-24T11:07:23Z</time>
      </trkpt>
      <trkpt lat="30.63915" lon="104.1272">
        <time>2026-04-24T11:07:24Z</time>
      </trkpt>
      <trkpt lat="30.63914" lon="104.12711">
        <time>2026-04-24T11:07:25Z</time>
      </trkpt>
      <trkpt lat="30.63913" lon="104.12704">
        <time>2026-04-24T11:07:26Z</time>
      </trkpt>
      <trkpt lat="30.639124" lon="104.12695">
        <time>2026-04-24T11:07:27Z</time>
      </trkpt>
      <trkpt lat="30.639112" lon="104.126884">
        <time>2026-04-24T11:07:28Z</time>
      </trkpt>
      <trkpt lat="30.639105" lon="104.12681">
        <time>2026-04-24T11:07:29Z</time>
      </trkpt>
      <trkpt lat="30.6391" lon="104.12673">
        <time>2026-04-24T11:07:30Z</time>
      </trkpt>
      <trkpt lat="30.639095" lon="104.12665">
        <time>2026-04-24T11:07:31Z</time>
      </trkpt>
      <trkpt lat="30.63909" lon="104.12657">
        <time>2026-04-24T11:07:32Z</time>
      </trkpt>
      <trkpt lat="30.639084" lon="104.1265">
        <time>2026-04-24T11:07:33Z</time>
      </trkpt>
      <trkpt lat="30.63908" lon="104.126434">
        <time>2026-04-24T11:07:34Z</time>
      </trkpt>
      <trkpt lat="30.639074" lon="104.12636">
        <time>2026-04-24T11:07:35Z</time>
      </trkpt>
      <trkpt lat="30.63907" lon="104.12629">
        <time>2026-04-24T11:07:36Z</time>
      </trkpt>
      <trkpt lat="30.639069" lon="104.12622">
        <time>2026-04-24T11:07:37Z</time>
      </trkpt>
      <trkpt lat="30.63907" lon="104.12615">
        <time>2026-04-24T11:07:38Z</time>
      </trkpt>
      <trkpt lat="30.639072" lon="104.12608">
        <time>2026-04-24T11:07:39Z</time>
      </trkpt>
      <trkpt lat="30.639074" lon="104.12601">
        <time>2026-04-24T11:07:40Z</time>
      </trkpt>
      <trkpt lat="30.639074" lon="104.12594">
        <time>2026-04-24T11:07:41Z</time>
      </trkpt>
      <trkpt lat="30.63907" lon="104.12587">
        <time>2026-04-24T11:07:42Z</time>
      </trkpt>
      <trkpt lat="30.639061" lon="104.12579">
        <time>2026-04-24T11:07:43Z</time>
      </trkpt>
      <trkpt lat="30.63905" lon="104.125725">
        <time>2026-04-24T11:07:44Z</time>
      </trkpt>
      <trkpt lat="30.639042" lon="104.12565">
        <time>2026-04-24T11:07:45Z</time>
      </trkpt>
      <trkpt lat="30.639034" lon="104.12558">
        <time>2026-04-24T11:07:46Z</time>
      </trkpt>
      <trkpt lat="30.639015" lon="104.12551">
        <time>2026-04-24T11:07:47Z</time>
      </trkpt>
      <trkpt lat="30.638996" lon="104.125435">
        <time>2026-04-24T11:07:48Z</time>
      </trkpt>
      <trkpt lat="30.638977" lon="104.12537">
        <time>2026-04-24T11:07:49Z</time>
      </trkpt>
      <trkpt lat="30.638966" lon="104.12529">
        <time>2026-04-24T11:07:50Z</time>
      </trkpt>
      <trkpt lat="30.638958" lon="104.12522">
        <time>2026-04-24T11:07:51Z</time>
      </trkpt>
      <trkpt lat="30.638947" lon="104.125145">
        <time>2026-04-24T11:07:52Z</time>
      </trkpt>
      <trkpt lat="30.638937" lon="104.12507">
        <time>2026-04-24T11:07:53Z</time>
      </trkpt>
      <trkpt lat="30.638926" lon="104.124985">
        <time>2026-04-24T11:07:54Z</time>
      </trkpt>
      <trkpt lat="30.63892" lon="104.1249">
        <time>2026-04-24T11:07:55Z</time>
      </trkpt>
      <trkpt lat="30.638918" lon="104.12481">
        <time>2026-04-24T11:07:56Z</time>
      </trkpt>
      <trkpt lat="30.638912" lon="104.124725">
        <time>2026-04-24T11:07:57Z</time>
      </trkpt>
      <trkpt lat="30.638914" lon="104.12464">
        <time>2026-04-24T11:07:58Z</time>
      </trkpt>
      <trkpt lat="30.638914" lon="104.12455">
        <time>2026-04-24T11:07:59Z</time>
      </trkpt>
      <trkpt lat="30.638914" lon="104.12447">
        <time>2026-04-24T11:08:00Z</time>
      </trkpt>
      <trkpt lat="30.638912" lon="104.1244">
        <time>2026-04-24T11:08:01Z</time>
      </trkpt>
      <trkpt lat="30.63891" lon="104.12432">
        <time>2026-04-24T11:08:02Z</time>
      </trkpt>
      <trkpt lat="30.638906" lon="104.124245">
        <time>2026-04-24T11:08:03Z</time>
      </trkpt>
      <trkpt lat="30.638905" lon="104.124176">
        <time>2026-04-24T11:08:04Z</time>
      </trkpt>
      <trkpt lat="30.638905" lon="104.1241">
        <time>2026-04-24T11:08:05Z</time>
      </trkpt>
      <trkpt lat="30.638906" lon="104.12402">
        <time>2026-04-24T11:08:06Z</time>
      </trkpt>
      <trkpt lat="30.63891" lon="104.12395">
        <time>2026-04-24T11:08:07Z</time>
      </trkpt>
      <trkpt lat="30.638914" lon="104.12387">
        <time>2026-04-24T11:08:08Z</time>
      </trkpt>
      <trkpt lat="30.63892" lon="104.123795">
        <time>2026-04-24T11:08:09Z</time>
      </trkpt>
      <trkpt lat="30.638926" lon="104.123726">
        <time>2026-04-24T11:08:10Z</time>
      </trkpt>
      <trkpt lat="30.63893" lon="104.12365">
        <time>2026-04-24T11:08:11Z</time>
      </trkpt>
      <trkpt lat="30.638939" lon="104.12357">
        <time>2026-04-24T11:08:12Z</time>
      </trkpt>
      <trkpt lat="30.638947" lon="104.1235">
        <time>2026-04-24T11:08:13Z</time>
      </trkpt>
      <trkpt lat="30.638956" lon="104.12343">
        <time>2026-04-24T11:08:14Z</time>
      </trkpt>
      <trkpt lat="30.638966" lon="104.12335">
        <time>2026-04-24T11:08:15Z</time>
      </trkpt>
      <trkpt lat="30.638975" lon="104.123276">
        <time>2026-04-24T11:08:16Z</time>
      </trkpt>
      <trkpt lat="30.638985" lon="104.1232">
        <time>2026-04-24T11:08:17Z</time>
      </trkpt>
      <trkpt lat="30.638996" lon="104.12312">
        <time>2026-04-24T11:08:18Z</time>
      </trkpt>
      <trkpt lat="30.639008" lon="104.12304">
        <time>2026-04-24T11:08:19Z</time>
      </trkpt>
      <trkpt lat="30.639019" lon="104.12296">
        <time>2026-04-24T11:08:20Z</time>
      </trkpt>
      <trkpt lat="30.63903" lon="104.12288">
        <time>2026-04-24T11:08:21Z</time>
      </trkpt>
      <trkpt lat="30.639044" lon="104.122795">
        <time>2026-04-24T11:08:22Z</time>
      </trkpt>
      <trkpt lat="30.639057" lon="104.12272">
        <time>2026-04-24T11:08:23Z</time>
      </trkpt>
      <trkpt lat="30.639072" lon="104.122635">
        <time>2026-04-24T11:08:24Z</time>
      </trkpt>
      <trkpt lat="30.639091" lon="104.12255">
        <time>2026-04-24T11:08:25Z</time>
      </trkpt>
      <trkpt lat="30.639112" lon="104.12247">
        <time>2026-04-24T11:08:26Z</time>
      </trkpt>
      <trkpt lat="30.639135" lon="104.12238">
        <time>2026-04-24T11:08:27Z</time>
      </trkpt>
      <trkpt lat="30.63916" lon="104.12231">
        <time>2026-04-24T11:08:28Z</time>
      </trkpt>
      <trkpt lat="30.639183" lon="104.12222">
        <time>2026-04-24T11:08:29Z</time>
      </trkpt>
      <trkpt lat="30.63921" lon="104.12213">
        <time>2026-04-24T11:08:30Z</time>
      </trkpt>
      <trkpt lat="30.639238" lon="104.122055">
        <time>2026-04-24T11:08:31Z</time>
      </trkpt>
      <trkpt lat="30.639265" lon="104.12197">
        <time>2026-04-24T11:08:32Z</time>
      </trkpt>
      <trkpt lat="30.63929" lon="104.121895">
        <time>2026-04-24T11:08:33Z</time>
      </trkpt>
      <trkpt lat="30.639318" lon="104.12181">
        <time>2026-04-24T11:08:34Z</time>
      </trkpt>
      <trkpt lat="30.63935" lon="104.12173">
        <time>2026-04-24T11:08:35Z</time>
      </trkpt>
      <trkpt lat="30.639381" lon="104.12164">
        <time>2026-04-24T11:08:36Z</time>
      </trkpt>
      <trkpt lat="30.639421" lon="104.12155">
        <time>2026-04-24T11:08:37Z</time>
      </trkpt>
      <trkpt lat="30.63946" lon="104.121475">
        <time>2026-04-24T11:08:38Z</time>
      </trkpt>
      <trkpt lat="30.639502" lon="104.12139">
        <time>2026-04-24T11:08:39Z</time>
      </trkpt>
      <trkpt lat="30.639544" lon="104.12132">
        <time>2026-04-24T11:08:40Z</time>
      </trkpt>
      <trkpt lat="30.639585" lon="104.12125">
        <time>2026-04-24T11:08:41Z</time>
      </trkpt>
      <trkpt lat="30.639627" lon="104.12117">
        <time>2026-04-24T11:08:42Z</time>
      </trkpt>
      <trkpt lat="30.639708" lon="104.121025">
        <time>2026-04-24T11:08:43Z</time>
      </trkpt>
      <trkpt lat="30.639746" lon="104.12094">
        <time>2026-04-24T11:08:45Z</time>
      </trkpt>
      <trkpt lat="30.639772" lon="104.120865">
        <time>2026-04-24T11:08:46Z</time>
      </trkpt>
      <trkpt lat="30.639809" lon="104.12079">
        <time>2026-04-24T11:08:47Z</time>
      </trkpt>
      <trkpt lat="30.639845" lon="104.12071">
        <time>2026-04-24T11:08:48Z</time>
      </trkpt>
      <trkpt lat="30.63988" lon="104.12064">
        <time>2026-04-24T11:08:49Z</time>
      </trkpt>
      <trkpt lat="30.63992" lon="104.12057">
        <time>2026-04-24T11:08:50Z</time>
      </trkpt>
      <trkpt lat="30.639957" lon="104.12049">
        <time>2026-04-24T11:08:51Z</time>
      </trkpt>
      <trkpt lat="30.639996" lon="104.120415">
        <time>2026-04-24T11:08:52Z</time>
      </trkpt>
      <trkpt lat="30.640034" lon="104.12034">
        <time>2026-04-24T11:08:53Z</time>
      </trkpt>
      <trkpt lat="30.640074" lon="104.12026">
        <time>2026-04-24T11:08:54Z</time>
      </trkpt>
      <trkpt lat="30.64011" lon="104.120186">
        <time>2026-04-24T11:08:55Z</time>
      </trkpt>
      <trkpt lat="30.640144" lon="104.12011">
        <time>2026-04-24T11:08:56Z</time>
      </trkpt>
      <trkpt lat="30.640182" lon="104.120026">
        <time>2026-04-24T11:08:57Z</time>
      </trkpt>
      <trkpt lat="30.640215" lon="104.11996">
        <time>2026-04-24T11:08:58Z</time>
      </trkpt>
      <trkpt lat="30.640247" lon="104.11987">
        <time>2026-04-24T11:08:59Z</time>
      </trkpt>
      <trkpt lat="30.640276" lon="104.119804">
        <time>2026-04-24T11:09:00Z</time>
      </trkpt>
      <trkpt lat="30.6403" lon="104.11974">
        <time>2026-04-24T11:09:01Z</time>
      </trkpt>
      <trkpt lat="30.640322" lon="104.11969">
        <time>2026-04-24T11:09:02Z</time>
      </trkpt>
      <trkpt lat="30.64034" lon="104.11964">
        <time>2026-04-24T11:09:03Z</time>
      </trkpt>
      <trkpt lat="30.640366" lon="104.11958">
        <time>2026-04-24T11:09:04Z</time>
      </trkpt>
      <trkpt lat="30.640388" lon="104.11953">
        <time>2026-04-24T11:09:05Z</time>
      </trkpt>
      <trkpt lat="30.640411" lon="104.11948">
        <time>2026-04-24T11:09:06Z</time>
      </trkpt>
      <trkpt lat="30.640432" lon="104.119415">
        <time>2026-04-24T11:09:07Z</time>
      </trkpt>
      <trkpt lat="30.64046" lon="104.11935">
        <time>2026-04-24T11:09:08Z</time>
      </trkpt>
      <trkpt lat="30.640486" lon="104.119286">
        <time>2026-04-24T11:09:09Z</time>
      </trkpt>
      <trkpt lat="30.640518" lon="104.11922">
        <time>2026-04-24T11:09:10Z</time>
      </trkpt>
      <trkpt lat="30.640545" lon="104.11915">
        <time>2026-04-24T11:09:11Z</time>
      </trkpt>
      <trkpt lat="30.640572" lon="104.11908">
        <time>2026-04-24T11:09:12Z</time>
      </trkpt>
      <trkpt lat="30.640598" lon="104.11902">
        <time>2026-04-24T11:09:13Z</time>
      </trkpt>
      <trkpt lat="30.640627" lon="104.11896">
        <time>2026-04-24T11:09:14Z</time>
      </trkpt>
      <trkpt lat="30.640654" lon="104.1189">
        <time>2026-04-24T11:09:15Z</time>
      </trkpt>
      <trkpt lat="30.640682" lon="104.118835">
        <time>2026-04-24T11:09:16Z</time>
      </trkpt>
      <trkpt lat="30.64071" lon="104.11877">
        <time>2026-04-24T11:09:17Z</time>
      </trkpt>
      <trkpt lat="30.640741" lon="104.11871">
        <time>2026-04-24T11:09:18Z</time>
      </trkpt>
      <trkpt lat="30.640776" lon="104.11865">
        <time>2026-04-24T11:09:19Z</time>
      </trkpt>
      <trkpt lat="30.640806" lon="104.1186">
        <time>2026-04-24T11:09:20Z</time>
      </trkpt>
      <trkpt lat="30.640833" lon="104.11854">
        <time>2026-04-24T11:09:21Z</time>
      </trkpt>
      <trkpt lat="30.64086" lon="104.11848">
        <time>2026-04-24T11:09:22Z</time>
      </trkpt>
      <trkpt lat="30.64089" lon="104.118416">
        <time>2026-04-24T11:09:23Z</time>
      </trkpt>
      <trkpt lat="30.64092" lon="104.118355">
        <time>2026-04-24T11:09:24Z</time>
      </trkpt>
      <trkpt lat="30.64095" lon="104.11829">
        <time>2026-04-24T11:09:25Z</time>
      </trkpt>
      <trkpt lat="30.640974" lon="104.118225">
        <time>2026-04-24T11:09:26Z</time>
      </trkpt>
      <trkpt lat="30.640993" lon="104.118164">
        <time>2026-04-24T11:09:27Z</time>
      </trkpt>
      <trkpt lat="30.641014" lon="104.1181">
        <time>2026-04-24T11:09:28Z</time>
      </trkpt>
      <trkpt lat="30.641039" lon="104.11804">
        <time>2026-04-24T11:09:29Z</time>
      </trkpt>
      <trkpt lat="30.64106" lon="104.11798">
        <time>2026-04-24T11:09:30Z</time>
      </trkpt>
      <trkpt lat="30.64108" lon="104.11792">
        <time>2026-04-24T11:09:31Z</time>
      </trkpt>
      <trkpt lat="30.641104" lon="104.11787">
        <time>2026-04-24T11:09:32Z</time>
      </trkpt>
      <trkpt lat="30.641127" lon="104.117805">
        <time>2026-04-24T11:09:33Z</time>
      </trkpt>
      <trkpt lat="30.641153" lon="104.117744">
        <time>2026-04-24T11:09:34Z</time>
      </trkpt>
      <trkpt lat="30.641184" lon="104.11769">
        <time>2026-04-24T11:09:35Z</time>
      </trkpt>
      <trkpt lat="30.641212" lon="104.11763">
        <time>2026-04-24T11:09:36Z</time>
      </trkpt>
      <trkpt lat="30.64124" lon="104.11758">
        <time>2026-04-24T11:09:37Z</time>
      </trkpt>
      <trkpt lat="30.641262" lon="104.117516">
        <time>2026-04-24T11:09:38Z</time>
      </trkpt>
      <trkpt lat="30.641289" lon="104.117455">
        <time>2026-04-24T11:09:39Z</time>
      </trkpt>
      <trkpt lat="30.641317" lon="104.1174">
        <time>2026-04-24T11:09:40Z</time>
      </trkpt>
      <trkpt lat="30.641344" lon="104.11734">
        <time>2026-04-24T11:09:41Z</time>
      </trkpt>
      <trkpt lat="30.641382" lon="104.11729">
        <time>2026-04-24T11:09:42Z</time>
      </trkpt>
      <trkpt lat="30.641415" lon="104.11724">
        <time>2026-04-24T11:09:43Z</time>
      </trkpt>
      <trkpt lat="30.641443" lon="104.11718">
        <time>2026-04-24T11:09:44Z</time>
      </trkpt>
      <trkpt lat="30.641472" lon="104.11713">
        <time>2026-04-24T11:09:45Z</time>
      </trkpt>
      <trkpt lat="30.641499" lon="104.117065">
        <time>2026-04-24T11:09:46Z</time>
      </trkpt>
      <trkpt lat="30.64153" lon="104.117004">
        <time>2026-04-24T11:09:47Z</time>
      </trkpt>
      <trkpt lat="30.641558" lon="104.11695">
        <time>2026-04-24T11:09:48Z</time>
      </trkpt>
      <trkpt lat="30.641586" lon="104.11689">
        <time>2026-04-24T11:09:49Z</time>
      </trkpt>
      <trkpt lat="30.641619" lon="104.11683">
        <time>2026-04-24T11:09:50Z</time>
      </trkpt>
      <trkpt lat="30.64165" lon="104.116776">
        <time>2026-04-24T11:09:51Z</time>
      </trkpt>
      <trkpt lat="30.641672" lon="104.116714">
        <time>2026-04-24T11:09:52Z</time>
      </trkpt>
      <trkpt lat="30.641697" lon="104.11666">
        <time>2026-04-24T11:09:53Z</time>
      </trkpt>
      <trkpt lat="30.641718" lon="104.1166">
        <time>2026-04-24T11:09:54Z</time>
      </trkpt>
      <trkpt lat="30.64174" lon="104.11655">
        <time>2026-04-24T11:09:55Z</time>
      </trkpt>
      <trkpt lat="30.641762" lon="104.11649">
        <time>2026-04-24T11:09:56Z</time>
      </trkpt>
      <trkpt lat="30.641783" lon="104.11645">
        <time>2026-04-24T11:09:57Z</time>
      </trkpt>
      <trkpt lat="30.641808" lon="104.11639">
        <time>2026-04-24T11:09:58Z</time>
      </trkpt>
      <trkpt lat="30.641834" lon="104.116325">
        <time>2026-04-24T11:09:59Z</time>
      </trkpt>
      <trkpt lat="30.641865" lon="104.11626">
        <time>2026-04-24T11:10:00Z</time>
      </trkpt>
      <trkpt lat="30.641893" lon="104.11619">
        <time>2026-04-24T11:10:01Z</time>
      </trkpt>
      <trkpt lat="30.641928" lon="104.11612">
        <time>2026-04-24T11:10:02Z</time>
      </trkpt>
      <trkpt lat="30.64196" lon="104.11605">
        <time>2026-04-24T11:10:03Z</time>
      </trkpt>
      <trkpt lat="30.641989" lon="104.11599">
        <time>2026-04-24T11:10:04Z</time>
      </trkpt>
      <trkpt lat="30.64202" lon="104.11593">
        <time>2026-04-24T11:10:05Z</time>
      </trkpt>
      <trkpt lat="30.642048" lon="104.11587">
        <time>2026-04-24T11:10:06Z</time>
      </trkpt>
      <trkpt lat="30.642078" lon="104.11581">
        <time>2026-04-24T11:10:07Z</time>
      </trkpt>
      <trkpt lat="30.642109" lon="104.11575">
        <time>2026-04-24T11:10:08Z</time>
      </trkpt>
      <trkpt lat="30.642136" lon="104.11571">
        <time>2026-04-24T11:10:09Z</time>
      </trkpt>
      <trkpt lat="30.642162" lon="104.11568">
        <time>2026-04-24T11:10:10Z</time>
      </trkpt>
      <trkpt lat="30.642183" lon="104.11566">
        <time>2026-04-24T11:10:11Z</time>
      </trkpt>
      <trkpt lat="30.642204" lon="104.11566">
        <time>2026-04-24T11:10:12Z</time>
      </trkpt>
      <trkpt lat="30.642225" lon="104.11565">
        <time>2026-04-24T11:10:13Z</time>
      </trkpt>
      <trkpt lat="30.642242" lon="104.11564">
        <time>2026-04-24T11:10:14Z</time>
      </trkpt>
      <trkpt lat="30.642262" lon="104.11562">
        <time>2026-04-24T11:10:15Z</time>
      </trkpt>
      <trkpt lat="30.64228" lon="104.11561">
        <time>2026-04-24T11:10:16Z</time>
      </trkpt>
      <trkpt lat="30.642294" lon="104.11559">
        <time>2026-04-24T11:10:17Z</time>
      </trkpt>
      <trkpt lat="30.642294" lon="104.11559">
        <time>2026-04-24T11:10:18Z</time>
      </trkpt>
      <trkpt lat="30.642294" lon="104.11559">
        <time>2026-04-24T11:10:19Z</time>
      </trkpt>
      <trkpt lat="30.642294" lon="104.11559">
        <time>2026-04-24T11:10:20Z</time>
      </trkpt>
      <trkpt lat="30.642298" lon="104.11559">
        <time>2026-04-24T11:10:21Z</time>
      </trkpt>
      <trkpt lat="30.642298" lon="104.11559">
        <time>2026-04-24T11:10:22Z</time>
      </trkpt>
      <trkpt lat="30.642298" lon="104.11559">
        <time>2026-04-24T11:10:23Z</time>
      </trkpt>
      <trkpt lat="30.642298" lon="104.11559">
        <time>2026-04-24T11:10:24Z</time>
      </trkpt>
      <trkpt lat="30.642298" lon="104.11559">
        <time>2026-04-24T11:10:25Z</time>
      </trkpt>
      <trkpt lat="30.642298" lon="104.11559">
        <time>2026-04-24T11:10:26Z</time>
      </trkpt>
      <trkpt lat="30.642298" lon="104.11559">
        <time>2026-04-24T11:10:27Z</time>
      </trkpt>
      <trkpt lat="30.642298" lon="104.11559">
        <time>2026-04-24T11:10:28Z</time>
      </trkpt>
      <trkpt lat="30.642298" lon="104.11559">
        <time>2026-04-24T11:10:29Z</time>
      </trkpt>
      <trkpt lat="30.642298" lon="104.11559">
        <time>2026-04-24T11:10:30Z</time>
      </trkpt>
      <trkpt lat="30.642298" lon="104.11559">
        <time>2026-04-24T11:10:31Z</time>
      </trkpt>
      <trkpt lat="30.642298" lon="104.11559">
        <time>2026-04-24T11:10:32Z</time>
      </trkpt>
      <trkpt lat="30.642298" lon="104.11559">
        <time>2026-04-24T11:10:33Z</time>
      </trkpt>
      <trkpt lat="30.642298" lon="104.11559">
        <time>2026-04-24T11:10:34Z</time>
      </trkpt>
      <trkpt lat="30.642298" lon="104.11559">
        <time>2026-04-24T11:10:35Z</time>
      </trkpt>
      <trkpt lat="30.642298" lon="104.11559">
        <time>2026-04-24T11:10:36Z</time>
      </trkpt>
      <trkpt lat="30.642298" lon="104.11559">
        <time>2026-04-24T11:10:37Z</time>
      </trkpt>
      <trkpt lat="30.642298" lon="104.11559">
        <time>2026-04-24T11:10:38Z</time>
      </trkpt>
      <trkpt lat="30.642298" lon="104.11559">
        <time>2026-04-24T11:10:39Z</time>
      </trkpt>
      <trkpt lat="30.642307" lon="104.11559">
        <time>2026-04-24T11:10:40Z</time>
      </trkpt>
      <trkpt lat="30.642313" lon="104.11558">
        <time>2026-04-24T11:10:41Z</time>
      </trkpt>
      <trkpt lat="30.642317" lon="104.11557">
        <time>2026-04-24T11:10:42Z</time>
      </trkpt>
      <trkpt lat="30.642319" lon="104.115555">
        <time>2026-04-24T11:10:43Z</time>
      </trkpt>
      <trkpt lat="30.642324" lon="104.11554">
        <time>2026-04-24T11:10:44Z</time>
      </trkpt>
      <trkpt lat="30.642332" lon="104.11552">
        <time>2026-04-24T11:10:45Z</time>
      </trkpt>
      <trkpt lat="30.642344" lon="104.11549">
        <time>2026-04-24T11:10:46Z</time>
      </trkpt>
      <trkpt lat="30.642355" lon="104.11545">
        <time>2026-04-24T11:10:47Z</time>
      </trkpt>
      <trkpt lat="30.64237" lon="104.11541">
        <time>2026-04-24T11:10:48Z</time>
      </trkpt>
      <trkpt lat="30.642391" lon="104.11536">
        <time>2026-04-24T11:10:49Z</time>
      </trkpt>
      <trkpt lat="30.642412" lon="104.11531">
        <time>2026-04-24T11:10:50Z</time>
      </trkpt>
      <trkpt lat="30.642427" lon="104.11526">
        <time>2026-04-24T11:10:51Z</time>
      </trkpt>
      <trkpt lat="30.64244" lon="104.1152">
        <time>2026-04-24T11:10:52Z</time>
      </trkpt>
      <trkpt lat="30.642462" lon="104.115135">
        <time>2026-04-24T11:10:53Z</time>
      </trkpt>
      <trkpt lat="30.642485" lon="104.11508">
        <time>2026-04-24T11:10:54Z</time>
      </trkpt>
      <trkpt lat="30.642508" lon="104.11502">
        <time>2026-04-24T11:10:55Z</time>
      </trkpt>
      <trkpt lat="30.642534" lon="104.11496">
        <time>2026-04-24T11:10:56Z</time>
      </trkpt>
      <trkpt lat="30.64256" lon="104.11491">
        <time>2026-04-24T11:10:57Z</time>
      </trkpt>
      <trkpt lat="30.642582" lon="104.114845">
        <time>2026-04-24T11:10:58Z</time>
      </trkpt>
      <trkpt lat="30.642607" lon="104.11479">
        <time>2026-04-24T11:10:59Z</time>
      </trkpt>
      <trkpt lat="30.642633" lon="104.11474">
        <time>2026-04-24T11:11:00Z</time>
      </trkpt>
      <trkpt lat="30.642654" lon="104.11468">
        <time>2026-04-24T11:11:01Z</time>
      </trkpt>
      <trkpt lat="30.64268" lon="104.114624">
        <time>2026-04-24T11:11:02Z</time>
      </trkpt>
      <trkpt lat="30.642708" lon="104.11456">
        <time>2026-04-24T11:11:03Z</time>
      </trkpt>
      <trkpt lat="30.642736" lon="104.11451">
        <time>2026-04-24T11:11:04Z</time>
      </trkpt>
      <trkpt lat="30.642769" lon="104.11445">
        <time>2026-04-24T11:11:05Z</time>
      </trkpt>
      <trkpt lat="30.6428" lon="104.11438">
        <time>2026-04-24T11:11:06Z</time>
      </trkpt>
      <trkpt lat="30.642832" lon="104.11432">
        <time>2026-04-24T11:11:07Z</time>
      </trkpt>
      <trkpt lat="30.642864" lon="104.11426">
        <time>2026-04-24T11:11:08Z</time>
      </trkpt>
      <trkpt lat="30.642899" lon="104.11419">
        <time>2026-04-24T11:11:09Z</time>
      </trkpt>
      <trkpt lat="30.642931" lon="104.11413">
        <time>2026-04-24T11:11:10Z</time>
      </trkpt>
      <trkpt lat="30.642967" lon="104.11405">
        <time>2026-04-24T11:11:11Z</time>
      </trkpt>
      <trkpt lat="30.642996" lon="104.113976">
        <time>2026-04-24T11:11:12Z</time>
      </trkpt>
      <trkpt lat="30.643024" lon="104.11391">
        <time>2026-04-24T11:11:13Z</time>
      </trkpt>
      <trkpt lat="30.643063" lon="104.11382">
        <time>2026-04-24T11:11:14Z</time>
      </trkpt>
      <trkpt lat="30.643097" lon="104.11376">
        <time>2026-04-24T11:11:15Z</time>
      </trkpt>
      <trkpt lat="30.643124" lon="104.11369">
        <time>2026-04-24T11:11:16Z</time>
      </trkpt>
      <trkpt lat="30.643158" lon="104.11362">
        <time>2026-04-24T11:11:17Z</time>
      </trkpt>
      <trkpt lat="30.64319" lon="104.11355">
        <time>2026-04-24T11:11:18Z</time>
      </trkpt>
      <trkpt lat="30.64322" lon="104.11348">
        <time>2026-04-24T11:11:19Z</time>
      </trkpt>
      <trkpt lat="30.64325" lon="104.11342">
        <time>2026-04-24T11:11:20Z</time>
      </trkpt>
      <trkpt lat="30.64328" lon="104.11336">
        <time>2026-04-24T11:11:21Z</time>
      </trkpt>
      <trkpt lat="30.643312" lon="104.1133">
        <time>2026-04-24T11:11:22Z</time>
      </trkpt>
      <trkpt lat="30.643343" lon="104.113235">
        <time>2026-04-24T11:11:23Z</time>
      </trkpt>
      <trkpt lat="30.643373" lon="104.113174">
        <time>2026-04-24T11:11:24Z</time>
      </trkpt>
      <trkpt lat="30.643406" lon="104.11311">
        <time>2026-04-24T11:11:25Z</time>
      </trkpt>
      <trkpt lat="30.643438" lon="104.113045">
        <time>2026-04-24T11:11:26Z</time>
      </trkpt>
      <trkpt lat="30.64347" lon="104.11299">
        <time>2026-04-24T11:11:27Z</time>
      </trkpt>
      <trkpt lat="30.643505" lon="104.11292">
        <time>2026-04-24T11:11:28Z</time>
      </trkpt>
      <trkpt lat="30.643532" lon="104.11287">
        <time>2026-04-24T11:11:29Z</time>
      </trkpt>
      <trkpt lat="30.64356" lon="104.11281">
        <time>2026-04-24T11:11:30Z</time>
      </trkpt>
      <trkpt lat="30.64359" lon="104.112755">
        <time>2026-04-24T11:11:31Z</time>
      </trkpt>
      <trkpt lat="30.64362" lon="104.1127">
        <time>2026-04-24T11:11:32Z</time>
      </trkpt>
      <trkpt lat="30.643646" lon="104.11265">
        <time>2026-04-24T11:11:33Z</time>
      </trkpt>
      <trkpt lat="30.643673" lon="104.11259">
        <time>2026-04-24T11:11:34Z</time>
      </trkpt>
      <trkpt lat="30.6437" lon="104.11253">
        <time>2026-04-24T11:11:35Z</time>
      </trkpt>
      <trkpt lat="30.643726" lon="104.11248">
        <time>2026-04-24T11:11:36Z</time>
      </trkpt>
      <trkpt lat="30.643753" lon="104.11243">
        <time>2026-04-24T11:11:37Z</time>
      </trkpt>
      <trkpt lat="30.643782" lon="104.11237">
        <time>2026-04-24T11:11:38Z</time>
      </trkpt>
      <trkpt lat="30.643814" lon="104.11233">
        <time>2026-04-24T11:11:39Z</time>
      </trkpt>
      <trkpt lat="30.643843" lon="104.11229">
        <time>2026-04-24T11:11:40Z</time>
      </trkpt>
      <trkpt lat="30.64386" lon="104.112274">
        <time>2026-04-24T11:11:41Z</time>
      </trkpt>
      <trkpt lat="30.643867" lon="104.11226">
        <time>2026-04-24T11:11:42Z</time>
      </trkpt>
      <trkpt lat="30.643867" lon="104.11226">
        <time>2026-04-24T11:11:43Z</time>
      </trkpt>
      <trkpt lat="30.643867" lon="104.11226">
        <time>2026-04-24T11:11:44Z</time>
      </trkpt>
      <trkpt lat="30.643867" lon="104.11226">
        <time>2026-04-24T11:11:45Z</time>
      </trkpt>
      <trkpt lat="30.643867" lon="104.11226">
        <time>2026-04-24T11:11:46Z</time>
      </trkpt>
      <trkpt lat="30.643867" lon="104.11226">
        <time>2026-04-24T11:11:47Z</time>
      </trkpt>
      <trkpt lat="30.643867" lon="104.11226">
        <time>2026-04-24T11:11:48Z</time>
      </trkpt>
      <trkpt lat="30.643867" lon="104.11226">
        <time>2026-04-24T11:11:49Z</time>
      </trkpt>
      <trkpt lat="30.643867" lon="104.11226">
        <time>2026-04-24T11:11:50Z</time>
      </trkpt>
      <trkpt lat="30.643867" lon="104.11226">
        <time>2026-04-24T11:11:51Z</time>
      </trkpt>
      <trkpt lat="30.643867" lon="104.11226">
        <time>2026-04-24T11:11:52Z</time>
      </trkpt>
      <trkpt lat="30.643867" lon="104.11226">
        <time>2026-04-24T11:11:53Z</time>
      </trkpt>
      <trkpt lat="30.643867" lon="104.11226">
        <time>2026-04-24T11:11:54Z</time>
      </trkpt>
      <trkpt lat="30.643867" lon="104.11226">
        <time>2026-04-24T11:11:55Z</time>
      </trkpt>
      <trkpt lat="30.643867" lon="104.11226">
        <time>2026-04-24T11:11:56Z</time>
      </trkpt>
      <trkpt lat="30.643867" lon="104.11226">
        <time>2026-04-24T11:11:57Z</time>
      </trkpt>
      <trkpt lat="30.643867" lon="104.11226">
        <time>2026-04-24T11:11:58Z</time>
      </trkpt>
      <trkpt lat="30.643867" lon="104.11226">
        <time>2026-04-24T11:11:59Z</time>
      </trkpt>
      <trkpt lat="30.643867" lon="104.11226">
        <time>2026-04-24T11:12:00Z</time>
      </trkpt>
      <trkpt lat="30.643867" lon="104.11226">
        <time>2026-04-24T11:12:01Z</time>
      </trkpt>
      <trkpt lat="30.643867" lon="104.11226">
        <time>2026-04-24T11:12:02Z</time>
      </trkpt>
      <trkpt lat="30.643867" lon="104.11226">
        <time>2026-04-24T11:12:03Z</time>
      </trkpt>
      <trkpt lat="30.643867" lon="104.11226">
        <time>2026-04-24T11:12:04Z</time>
      </trkpt>
      <trkpt lat="30.643867" lon="104.11226">
        <time>2026-04-24T11:12:05Z</time>
      </trkpt>
      <trkpt lat="30.643867" lon="104.11226">
        <time>2026-04-24T11:12:06Z</time>
      </trkpt>
      <trkpt lat="30.643867" lon="104.11226">
        <time>2026-04-24T11:12:07Z</time>
      </trkpt>
      <trkpt lat="30.643867" lon="104.11226">
        <time>2026-04-24T11:12:08Z</time>
      </trkpt>
      <trkpt lat="30.643867" lon="104.11226">
        <time>2026-04-24T11:12:09Z</time>
      </trkpt>
      <trkpt lat="30.643867" lon="104.11226">
        <time>2026-04-24T11:12:10Z</time>
      </trkpt>
      <trkpt lat="30.643867" lon="104.11226">
        <time>2026-04-24T11:12:11Z</time>
      </trkpt>
      <trkpt lat="30.643867" lon="104.11226">
        <time>2026-04-24T11:12:12Z</time>
      </trkpt>
      <trkpt lat="30.643867" lon="104.11226">
        <time>2026-04-24T11:12:13Z</time>
      </trkpt>
      <trkpt lat="30.643867" lon="104.11226">
        <time>2026-04-24T11:12:14Z</time>
      </trkpt>
      <trkpt lat="30.643867" lon="104.11226">
        <time>2026-04-24T11:12:15Z</time>
      </trkpt>
      <trkpt lat="30.643867" lon="104.11226">
        <time>2026-04-24T11:12:16Z</time>
      </trkpt>
      <trkpt lat="30.643867" lon="104.11226">
        <time>2026-04-24T11:12:17Z</time>
      </trkpt>
      <trkpt lat="30.643867" lon="104.11226">
        <time>2026-04-24T11:12:18Z</time>
      </trkpt>
      <trkpt lat="30.643867" lon="104.11226">
        <time>2026-04-24T11:12:20Z</time>
      </trkpt>
      <trkpt lat="30.643867" lon="104.11226">
        <time>2026-04-24T11:12:21Z</time>
      </trkpt>
      <trkpt lat="30.643867" lon="104.11226">
        <time>2026-04-24T11:12:22Z</time>
      </trkpt>
      <trkpt lat="30.643867" lon="104.11226">
        <time>2026-04-24T11:12:23Z</time>
      </trkpt>
      <trkpt lat="30.643867" lon="104.11226">
        <time>2026-04-24T11:12:24Z</time>
      </trkpt>
      <trkpt lat="30.643867" lon="104.11226">
        <time>2026-04-24T11:12:25Z</time>
      </trkpt>
      <trkpt lat="30.643867" lon="104.11226">
        <time>2026-04-24T11:12:26Z</time>
      </trkpt>
      <trkpt lat="30.643867" lon="104.11226">
        <time>2026-04-24T11:12:27Z</time>
      </trkpt>
      <trkpt lat="30.643867" lon="104.11226">
        <time>2026-04-24T11:12:28Z</time>
      </trkpt>
      <trkpt lat="30.643867" lon="104.11226">
        <time>2026-04-24T11:12:29Z</time>
      </trkpt>
      <trkpt lat="30.643867" lon="104.11226">
        <time>2026-04-24T11:12:30Z</time>
      </trkpt>
      <trkpt lat="30.643867" lon="104.11226">
        <time>2026-04-24T11:12:31Z</time>
      </trkpt>
      <trkpt lat="30.643867" lon="104.11226">
        <time>2026-04-24T11:12:32Z</time>
      </trkpt>
      <trkpt lat="30.643867" lon="104.11226">
        <time>2026-04-24T11:12:33Z</time>
      </trkpt>
      <trkpt lat="30.643867" lon="104.11226">
        <time>2026-04-24T11:12:34Z</time>
      </trkpt>
      <trkpt lat="30.643867" lon="104.11226">
        <time>2026-04-24T11:12:35Z</time>
      </trkpt>
      <trkpt lat="30.643867" lon="104.11226">
        <time>2026-04-24T11:12:36Z</time>
      </trkpt>
      <trkpt lat="30.643867" lon="104.11226">
        <time>2026-04-24T11:12:37Z</time>
      </trkpt>
      <trkpt lat="30.643867" lon="104.11226">
        <time>2026-04-24T11:12:38Z</time>
      </trkpt>
      <trkpt lat="30.643867" lon="104.11226">
        <time>2026-04-24T11:12:39Z</time>
      </trkpt>
      <trkpt lat="30.643867" lon="104.11226">
        <time>2026-04-24T11:12:40Z</time>
      </trkpt>
      <trkpt lat="30.643867" lon="104.11226">
        <time>2026-04-24T11:12:41Z</time>
      </trkpt>
      <trkpt lat="30.643867" lon="104.11226">
        <time>2026-04-24T11:12:42Z</time>
      </trkpt>
      <trkpt lat="30.643867" lon="104.11226">
        <time>2026-04-24T11:12:43Z</time>
      </trkpt>
      <trkpt lat="30.643867" lon="104.11226">
        <time>2026-04-24T11:12:44Z</time>
      </trkpt>
      <trkpt lat="30.643867" lon="104.11226">
        <time>2026-04-24T11:12:45Z</time>
      </trkpt>
      <trkpt lat="30.643867" lon="104.11226">
        <time>2026-04-24T11:12:46Z</time>
      </trkpt>
      <trkpt lat="30.643867" lon="104.11226">
        <time>2026-04-24T11:12:47Z</time>
      </trkpt>
      <trkpt lat="30.643867" lon="104.11226">
        <time>2026-04-24T11:12:48Z</time>
      </trkpt>
      <trkpt lat="30.643867" lon="104.11226">
        <time>2026-04-24T11:12:49Z</time>
      </trkpt>
      <trkpt lat="30.643867" lon="104.11226">
        <time>2026-04-24T11:12:50Z</time>
      </trkpt>
      <trkpt lat="30.643867" lon="104.11226">
        <time>2026-04-24T11:12:51Z</time>
      </trkpt>
      <trkpt lat="30.643867" lon="104.11226">
        <time>2026-04-24T11:12:52Z</time>
      </trkpt>
      <trkpt lat="30.643867" lon="104.11226">
        <time>2026-04-24T11:12:53Z</time>
      </trkpt>
      <trkpt lat="30.643867" lon="104.11226">
        <time>2026-04-24T11:12:54Z</time>
      </trkpt>
      <trkpt lat="30.64387" lon="104.11223">
        <time>2026-04-24T11:12:55Z</time>
      </trkpt>
      <trkpt lat="30.643877" lon="104.112206">
        <time>2026-04-24T11:12:56Z</time>
      </trkpt>
      <trkpt lat="30.643888" lon="104.112175">
        <time>2026-04-24T11:12:57Z</time>
      </trkpt>
      <trkpt lat="30.643908" lon="104.11214">
        <time>2026-04-24T11:12:58Z</time>
      </trkpt>
      <trkpt lat="30.64394" lon="104.1121">
        <time>2026-04-24T11:12:59Z</time>
      </trkpt>
      <trkpt lat="30.643974" lon="104.112045">
        <time>2026-04-24T11:13:00Z</time>
      </trkpt>
      <trkpt lat="30.64401" lon="104.11199">
        <time>2026-04-24T11:13:01Z</time>
      </trkpt>
      <trkpt lat="30.64403" lon="104.11192">
        <time>2026-04-24T11:13:02Z</time>
      </trkpt>
      <trkpt lat="30.644035" lon="104.11186">
        <time>2026-04-24T11:13:03Z</time>
      </trkpt>
      <trkpt lat="30.644041" lon="104.11179">
        <time>2026-04-24T11:13:04Z</time>
      </trkpt>
      <trkpt lat="30.644053" lon="104.11173">
        <time>2026-04-24T11:13:05Z</time>
      </trkpt>
      <trkpt lat="30.64408" lon="104.11167">
        <time>2026-04-24T11:13:06Z</time>
      </trkpt>
      <trkpt lat="30.644104" lon="104.11162">
        <time>2026-04-24T11:13:07Z</time>
      </trkpt>
      <trkpt lat="30.644127" lon="104.11155">
        <time>2026-04-24T11:13:08Z</time>
      </trkpt>
      <trkpt lat="30.64415" lon="104.11149">
        <time>2026-04-24T11:13:09Z</time>
      </trkpt>
      <trkpt lat="30.644176" lon="104.111435">
        <time>2026-04-24T11:13:10Z</time>
      </trkpt>
      <trkpt lat="30.644207" lon="104.11137">
        <time>2026-04-24T11:13:11Z</time>
      </trkpt>
      <trkpt lat="30.644238" lon="104.11131">
        <time>2026-04-24T11:13:12Z</time>
      </trkpt>
      <trkpt lat="30.644266" lon="104.11125">
        <time>2026-04-24T11:13:13Z</time>
      </trkpt>
      <trkpt lat="30.64429" lon="104.11119">
        <time>2026-04-24T11:13:14Z</time>
      </trkpt>
      <trkpt lat="30.644318" lon="104.11113">
        <time>2026-04-24T11:13:15Z</time>
      </trkpt>
      <trkpt lat="30.644346" lon="104.11107">
        <time>2026-04-24T11:13:16Z</time>
      </trkpt>
      <trkpt lat="30.644379" lon="104.11101">
        <time>2026-04-24T11:13:17Z</time>
      </trkpt>
      <trkpt lat="30.64441" lon="104.11095">
        <time>2026-04-24T11:13:18Z</time>
      </trkpt>
      <trkpt lat="30.644436" lon="104.11088">
        <time>2026-04-24T11:13:19Z</time>
      </trkpt>
      <trkpt lat="30.644466" lon="104.11082">
        <time>2026-04-24T11:13:20Z</time>
      </trkpt>
      <trkpt lat="30.644499" lon="104.11075">
        <time>2026-04-24T11:13:21Z</time>
      </trkpt>
      <trkpt lat="30.64453" lon="104.110695">
        <time>2026-04-24T11:13:22Z</time>
      </trkpt>
      <trkpt lat="30.64456" lon="104.110634">
        <time>2026-04-24T11:13:23Z</time>
      </trkpt>
      <trkpt lat="30.644587" lon="104.11057">
        <time>2026-04-24T11:13:24Z</time>
      </trkpt>
      <trkpt lat="30.644613" lon="104.11051">
        <time>2026-04-24T11:13:25Z</time>
      </trkpt>
      <trkpt lat="30.644642" lon="104.11045">
        <time>2026-04-24T11:13:26Z</time>
      </trkpt>
      <trkpt lat="30.64467" lon="104.11039">
        <time>2026-04-24T11:13:27Z</time>
      </trkpt>
      <trkpt lat="30.644697" lon="104.11033">
        <time>2026-04-24T11:13:28Z</time>
      </trkpt>
      <trkpt lat="30.644726" lon="104.11027">
        <time>2026-04-24T11:13:29Z</time>
      </trkpt>
      <trkpt lat="30.644754" lon="104.11021">
        <time>2026-04-24T11:13:30Z</time>
      </trkpt>
      <trkpt lat="30.644783" lon="104.11015">
        <time>2026-04-24T11:13:31Z</time>
      </trkpt>
      <trkpt lat="30.64481" lon="104.110085">
        <time>2026-04-24T11:13:32Z</time>
      </trkpt>
      <trkpt lat="30.644835" lon="104.11003">
        <time>2026-04-24T11:13:33Z</time>
      </trkpt>
      <trkpt lat="30.64486" lon="104.10997">
        <time>2026-04-24T11:13:34Z</time>
      </trkpt>
      <trkpt lat="30.644888" lon="104.10991">
        <time>2026-04-24T11:13:35Z</time>
      </trkpt>
      <trkpt lat="30.644917" lon="104.10985">
        <time>2026-04-24T11:13:36Z</time>
      </trkpt>
      <trkpt lat="30.644943" lon="104.10979">
        <time>2026-04-24T11:13:37Z</time>
      </trkpt>
      <trkpt lat="30.644974" lon="104.109726">
        <time>2026-04-24T11:13:38Z</time>
      </trkpt>
      <trkpt lat="30.645004" lon="104.109665">
        <time>2026-04-24T11:13:39Z</time>
      </trkpt>
      <trkpt lat="30.645035" lon="104.109604">
        <time>2026-04-24T11:13:40Z</time>
      </trkpt>
      <trkpt lat="30.645065" lon="104.10954">
        <time>2026-04-24T11:13:41Z</time>
      </trkpt>
      <trkpt lat="30.645094" lon="104.10948">
        <time>2026-04-24T11:13:42Z</time>
      </trkpt>
      <trkpt lat="30.64512" lon="104.10942">
        <time>2026-04-24T11:13:43Z</time>
      </trkpt>
      <trkpt lat="30.64515" lon="104.10936">
        <time>2026-04-24T11:13:44Z</time>
      </trkpt>
      <trkpt lat="30.645178" lon="104.1093">
        <time>2026-04-24T11:13:45Z</time>
      </trkpt>
      <trkpt lat="30.64521" lon="104.10924">
        <time>2026-04-24T11:13:46Z</time>
      </trkpt>
      <trkpt lat="30.64524" lon="104.109184">
        <time>2026-04-24T11:13:47Z</time>
      </trkpt>
      <trkpt lat="30.645267" lon="104.109116">
        <time>2026-04-24T11:13:48Z</time>
      </trkpt>
      <trkpt lat="30.645296" lon="104.109055">
        <time>2026-04-24T11:13:49Z</time>
      </trkpt>
      <trkpt lat="30.645327" lon="104.10899">
        <time>2026-04-24T11:13:50Z</time>
      </trkpt>
      <trkpt lat="30.64536" lon="104.10893">
        <time>2026-04-24T11:13:51Z</time>
      </trkpt>
      <trkpt lat="30.6454" lon="104.10888">
        <time>2026-04-24T11:13:52Z</time>
      </trkpt>
      <trkpt lat="30.645435" lon="104.10882">
        <time>2026-04-24T11:13:53Z</time>
      </trkpt>
      <trkpt lat="30.64547" lon="104.108765">
        <time>2026-04-24T11:13:54Z</time>
      </trkpt>
      <trkpt lat="30.645506" lon="104.10872">
        <time>2026-04-24T11:13:55Z</time>
      </trkpt>
      <trkpt lat="30.645536" lon="104.108665">
        <time>2026-04-24T11:13:56Z</time>
      </trkpt>
      <trkpt lat="30.64557" lon="104.108604">
        <time>2026-04-24T11:13:57Z</time>
      </trkpt>
      <trkpt lat="30.645607" lon="104.10854">
        <time>2026-04-24T11:13:58Z</time>
      </trkpt>
      <trkpt lat="30.645641" lon="104.10848">
        <time>2026-04-24T11:13:59Z</time>
      </trkpt>
      <trkpt lat="30.645672" lon="104.10842">
        <time>2026-04-24T11:14:00Z</time>
      </trkpt>
      <trkpt lat="30.645702" lon="104.10836">
        <time>2026-04-24T11:14:01Z</time>
      </trkpt>
      <trkpt lat="30.645727" lon="104.10831">
        <time>2026-04-24T11:14:02Z</time>
      </trkpt>
      <trkpt lat="30.645733" lon="104.108246">
        <time>2026-04-24T11:14:03Z</time>
      </trkpt>
      <trkpt lat="30.645737" lon="104.108185">
        <time>2026-04-24T11:14:04Z</time>
      </trkpt>
      <trkpt lat="30.645742" lon="104.10812">
        <time>2026-04-24T11:14:05Z</time>
      </trkpt>
      <trkpt lat="30.645756" lon="104.10806">
        <time>2026-04-24T11:14:06Z</time>
      </trkpt>
      <trkpt lat="30.645763" lon="104.108">
        <time>2026-04-24T11:14:07Z</time>
      </trkpt>
      <trkpt lat="30.645775" lon="104.10795">
        <time>2026-04-24T11:14:08Z</time>
      </trkpt>
      <trkpt lat="30.645784" lon="104.107895">
        <time>2026-04-24T11:14:09Z</time>
      </trkpt>
      <trkpt lat="30.645803" lon="104.10784">
        <time>2026-04-24T11:14:10Z</time>
      </trkpt>
      <trkpt lat="30.645824" lon="104.10778">
        <time>2026-04-24T11:14:11Z</time>
      </trkpt>
      <trkpt lat="30.645847" lon="104.10773">
        <time>2026-04-24T11:14:12Z</time>
      </trkpt>
      <trkpt lat="30.645868" lon="104.10767">
        <time>2026-04-24T11:14:13Z</time>
      </trkpt>
      <trkpt lat="30.645891" lon="104.10761">
        <time>2026-04-24T11:14:14Z</time>
      </trkpt>
      <trkpt lat="30.645918" lon="104.10757">
        <time>2026-04-24T11:14:15Z</time>
      </trkpt>
      <trkpt lat="30.645943" lon="104.10751">
        <time>2026-04-24T11:14:16Z</time>
      </trkpt>
      <trkpt lat="30.645975" lon="104.10745">
        <time>2026-04-24T11:14:17Z</time>
      </trkpt>
      <trkpt lat="30.646004" lon="104.10739">
        <time>2026-04-24T11:14:18Z</time>
      </trkpt>
      <trkpt lat="30.64607" lon="104.10726">
        <time>2026-04-24T11:14:19Z</time>
      </trkpt>
      <trkpt lat="30.646112" lon="104.10721">
        <time>2026-04-24T11:14:20Z</time>
      </trkpt>
      <trkpt lat="30.646154" lon="104.10714">
        <time>2026-04-24T11:14:21Z</time>
      </trkpt>
      <trkpt lat="30.646193" lon="104.10708">
        <time>2026-04-24T11:14:23Z</time>
      </trkpt>
      <trkpt lat="30.646227" lon="104.10701">
        <time>2026-04-24T11:14:24Z</time>
      </trkpt>
      <trkpt lat="30.646254" lon="104.10696">
        <time>2026-04-24T11:14:25Z</time>
      </trkpt>
      <trkpt lat="30.646284" lon="104.1069">
        <time>2026-04-24T11:14:26Z</time>
      </trkpt>
      <trkpt lat="30.646315" lon="104.10685">
        <time>2026-04-24T11:14:27Z</time>
      </trkpt>
      <trkpt lat="30.646341" lon="104.1068">
        <time>2026-04-24T11:14:28Z</time>
      </trkpt>
      <trkpt lat="30.646376" lon="104.10674">
        <time>2026-04-24T11:14:29Z</time>
      </trkpt>
      <trkpt lat="30.64641" lon="104.10669">
        <time>2026-04-24T11:14:30Z</time>
      </trkpt>
      <trkpt lat="30.646442" lon="104.106636">
        <time>2026-04-24T11:14:31Z</time>
      </trkpt>
      <trkpt lat="30.646479" lon="104.10657">
        <time>2026-04-24T11:14:32Z</time>
      </trkpt>
      <trkpt lat="30.646511" lon="104.106514">
        <time>2026-04-24T11:14:33Z</time>
      </trkpt>
      <trkpt lat="30.646545" lon="104.106445">
        <time>2026-04-24T11:14:34Z</time>
      </trkpt>
      <trkpt lat="30.646578" lon="104.10638">
        <time>2026-04-24T11:14:35Z</time>
      </trkpt>
      <trkpt lat="30.646614" lon="104.10631">
        <time>2026-04-24T11:14:36Z</time>
      </trkpt>
      <trkpt lat="30.646645" lon="104.106255">
        <time>2026-04-24T11:14:37Z</time>
      </trkpt>
      <trkpt lat="30.646673" lon="104.10618">
        <time>2026-04-24T11:14:38Z</time>
      </trkpt>
      <trkpt lat="30.646702" lon="104.1061">
        <time>2026-04-24T11:14:39Z</time>
      </trkpt>
      <trkpt lat="30.646732" lon="104.10603">
        <time>2026-04-24T11:14:40Z</time>
      </trkpt>
      <trkpt lat="30.64676" lon="104.105965">
        <time>2026-04-24T11:14:41Z</time>
      </trkpt>
      <trkpt lat="30.646791" lon="104.10589">
        <time>2026-04-24T11:14:42Z</time>
      </trkpt>
      <trkpt lat="30.64682" lon="104.10582">
        <time>2026-04-24T11:14:43Z</time>
      </trkpt>
      <trkpt lat="30.646849" lon="104.10575">
        <time>2026-04-24T11:14:44Z</time>
      </trkpt>
      <trkpt lat="30.64688" lon="104.10568">
        <time>2026-04-24T11:14:45Z</time>
      </trkpt>
      <trkpt lat="30.64691" lon="104.10561">
        <time>2026-04-24T11:14:46Z</time>
      </trkpt>
      <trkpt lat="30.646942" lon="104.105545">
        <time>2026-04-24T11:14:47Z</time>
      </trkpt>
      <trkpt lat="30.646965" lon="104.10547">
        <time>2026-04-24T11:14:48Z</time>
      </trkpt>
      <trkpt lat="30.646986" lon="104.1054">
        <time>2026-04-24T11:14:49Z</time>
      </trkpt>
      <trkpt lat="30.647009" lon="104.10533">
        <time>2026-04-24T11:14:50Z</time>
      </trkpt>
      <trkpt lat="30.647028" lon="104.10527">
        <time>2026-04-24T11:14:51Z</time>
      </trkpt>
      <trkpt lat="30.64706" lon="104.10522">
        <time>2026-04-24T11:14:52Z</time>
      </trkpt>
      <trkpt lat="30.647093" lon="104.10515">
        <time>2026-04-24T11:14:53Z</time>
      </trkpt>
      <trkpt lat="30.647121" lon="104.10509">
        <time>2026-04-24T11:14:54Z</time>
      </trkpt>
      <trkpt lat="30.647148" lon="104.10502">
        <time>2026-04-24T11:14:55Z</time>
      </trkpt>
      <trkpt lat="30.647177" lon="104.10496">
        <time>2026-04-24T11:14:56Z</time>
      </trkpt>
      <trkpt lat="30.647202" lon="104.10489">
        <time>2026-04-24T11:14:57Z</time>
      </trkpt>
      <trkpt lat="30.647224" lon="104.10483">
        <time>2026-04-24T11:14:58Z</time>
      </trkpt>
      <trkpt lat="30.647251" lon="104.10477">
        <time>2026-04-24T11:14:59Z</time>
      </trkpt>
      <trkpt lat="30.64728" lon="104.104706">
        <time>2026-04-24T11:15:00Z</time>
      </trkpt>
      <trkpt lat="30.647308" lon="104.104645">
        <time>2026-04-24T11:15:01Z</time>
      </trkpt>
      <trkpt lat="30.647335" lon="104.10458">
        <time>2026-04-24T11:15:02Z</time>
      </trkpt>
      <trkpt lat="30.647364" lon="104.10453">
        <time>2026-04-24T11:15:03Z</time>
      </trkpt>
      <trkpt lat="30.647394" lon="104.10447">
        <time>2026-04-24T11:15:04Z</time>
      </trkpt>
      <trkpt lat="30.647423" lon="104.104416">
        <time>2026-04-24T11:15:05Z</time>
      </trkpt>
      <trkpt lat="30.647448" lon="104.104355">
        <time>2026-04-24T11:15:06Z</time>
      </trkpt>
      <trkpt lat="30.647472" lon="104.1043">
        <time>2026-04-24T11:15:07Z</time>
      </trkpt>
      <trkpt lat="30.647501" lon="104.10424">
        <time>2026-04-24T11:15:08Z</time>
      </trkpt>
      <trkpt lat="30.647532" lon="104.10419">
        <time>2026-04-24T11:15:09Z</time>
      </trkpt>
      <trkpt lat="30.647558" lon="104.104126">
        <time>2026-04-24T11:15:10Z</time>
      </trkpt>
      <trkpt lat="30.647581" lon="104.10407">
        <time>2026-04-24T11:15:11Z</time>
      </trkpt>
      <trkpt lat="30.647606" lon="104.10401">
        <time>2026-04-24T11:15:12Z</time>
      </trkpt>
      <trkpt lat="30.647633" lon="104.10396">
        <time>2026-04-24T11:15:13Z</time>
      </trkpt>
      <trkpt lat="30.647657" lon="104.1039">
        <time>2026-04-24T11:15:14Z</time>
      </trkpt>
      <trkpt lat="30.647682" lon="104.10385">
        <time>2026-04-24T11:15:15Z</time>
      </trkpt>
      <trkpt lat="30.6477" lon="104.10382">
        <time>2026-04-24T11:15:16Z</time>
      </trkpt>
      <trkpt lat="30.64771" lon="104.103806">
        <time>2026-04-24T11:15:17Z</time>
      </trkpt>
      <trkpt lat="30.647722" lon="104.10379">
        <time>2026-04-24T11:15:18Z</time>
      </trkpt>
      <trkpt lat="30.647736" lon="104.10377">
        <time>2026-04-24T11:15:19Z</time>
      </trkpt>
      <trkpt lat="30.647749" lon="104.103745">
        <time>2026-04-24T11:15:20Z</time>
      </trkpt>
      <trkpt lat="30.647762" lon="104.10371">
        <time>2026-04-24T11:15:21Z</time>
      </trkpt>
      <trkpt lat="30.647778" lon="104.10367">
        <time>2026-04-24T11:15:22Z</time>
      </trkpt>
      <trkpt lat="30.647795" lon="104.10363">
        <time>2026-04-24T11:15:23Z</time>
      </trkpt>
      <trkpt lat="30.647812" lon="104.103584">
        <time>2026-04-24T11:15:24Z</time>
      </trkpt>
      <trkpt lat="30.647831" lon="104.103546">
        <time>2026-04-24T11:15:25Z</time>
      </trkpt>
      <trkpt lat="30.647852" lon="104.1035">
        <time>2026-04-24T11:15:26Z</time>
      </trkpt>
      <trkpt lat="30.647871" lon="104.103455">
        <time>2026-04-24T11:15:27Z</time>
      </trkpt>
      <trkpt lat="30.647892" lon="104.10342">
        <time>2026-04-24T11:15:28Z</time>
      </trkpt>
      <trkpt lat="30.647913" lon="104.10338">
        <time>2026-04-24T11:15:29Z</time>
      </trkpt>
      <trkpt lat="30.647934" lon="104.10333">
        <time>2026-04-24T11:15:30Z</time>
      </trkpt>
      <trkpt lat="30.647955" lon="104.10329">
        <time>2026-04-24T11:15:31Z</time>
      </trkpt>
      <trkpt lat="30.647978" lon="104.10324">
        <time>2026-04-24T11:15:32Z</time>
      </trkpt>
      <trkpt lat="30.647999" lon="104.10319">
        <time>2026-04-24T11:15:33Z</time>
      </trkpt>
      <trkpt lat="30.648016" lon="104.10314">
        <time>2026-04-24T11:15:34Z</time>
      </trkpt>
      <trkpt lat="30.64804" lon="104.103096">
        <time>2026-04-24T11:15:35Z</time>
      </trkpt>
      <trkpt lat="30.648066" lon="104.10305">
        <time>2026-04-24T11:15:36Z</time>
      </trkpt>
      <trkpt lat="30.648094" lon="104.10299">
        <time>2026-04-24T11:15:37Z</time>
      </trkpt>
      <trkpt lat="30.64812" lon="104.10293">
        <time>2026-04-24T11:15:38Z</time>
      </trkpt>
      <trkpt lat="30.648157" lon="104.102875">
        <time>2026-04-24T11:15:39Z</time>
      </trkpt>
      <trkpt lat="30.648191" lon="104.10281">
        <time>2026-04-24T11:15:40Z</time>
      </trkpt>
      <trkpt lat="30.648218" lon="104.10275">
        <time>2026-04-24T11:15:41Z</time>
      </trkpt>
      <trkpt lat="30.648243" lon="104.10269">
        <time>2026-04-24T11:15:42Z</time>
      </trkpt>
      <trkpt lat="30.648266" lon="104.10262">
        <time>2026-04-24T11:15:43Z</time>
      </trkpt>
      <trkpt lat="30.648283" lon="104.10256">
        <time>2026-04-24T11:15:44Z</time>
      </trkpt>
      <trkpt lat="30.648304" lon="104.1025">
        <time>2026-04-24T11:15:45Z</time>
      </trkpt>
      <trkpt lat="30.648327" lon="104.10244">
        <time>2026-04-24T11:15:46Z</time>
      </trkpt>
      <trkpt lat="30.64835" lon="104.10239">
        <time>2026-04-24T11:15:47Z</time>
      </trkpt>
      <trkpt lat="30.648376" lon="104.102325">
        <time>2026-04-24T11:15:48Z</time>
      </trkpt>
      <trkpt lat="30.648405" lon="104.102264">
        <time>2026-04-24T11:15:49Z</time>
      </trkpt>
      <trkpt lat="30.648436" lon="104.10221">
        <time>2026-04-24T11:15:50Z</time>
      </trkpt>
      <trkpt lat="30.648474" lon="104.102165">
        <time>2026-04-24T11:15:51Z</time>
      </trkpt>
      <trkpt lat="30.648512" lon="104.10211">
        <time>2026-04-24T11:15:52Z</time>
      </trkpt>
      <trkpt lat="30.648542" lon="104.10206">
        <time>2026-04-24T11:15:53Z</time>
      </trkpt>
      <trkpt lat="30.648573" lon="104.102">
        <time>2026-04-24T11:15:54Z</time>
      </trkpt>
      <trkpt lat="30.648611" lon="104.101944">
        <time>2026-04-24T11:15:55Z</time>
      </trkpt>
      <trkpt lat="30.648638" lon="104.10188">
        <time>2026-04-24T11:15:56Z</time>
      </trkpt>
      <trkpt lat="30.648663" lon="104.10183">
        <time>2026-04-24T11:15:57Z</time>
      </trkpt>
      <trkpt lat="30.648685" lon="104.10177">
        <time>2026-04-24T11:15:58Z</time>
      </trkpt>
      <trkpt lat="30.648697" lon="104.10171">
        <time>2026-04-24T11:15:59Z</time>
      </trkpt>
      <trkpt lat="30.648705" lon="104.10165">
        <time>2026-04-24T11:16:00Z</time>
      </trkpt>
      <trkpt lat="30.648726" lon="104.101585">
        <time>2026-04-24T11:16:01Z</time>
      </trkpt>
      <trkpt lat="30.64875" lon="104.10152">
        <time>2026-04-24T11:16:02Z</time>
      </trkpt>
      <trkpt lat="30.648775" lon="104.10146">
        <time>2026-04-24T11:16:03Z</time>
      </trkpt>
      <trkpt lat="30.648798" lon="104.1014">
        <time>2026-04-24T11:16:04Z</time>
      </trkpt>
      <trkpt lat="30.648825" lon="104.10135">
        <time>2026-04-24T11:16:05Z</time>
      </trkpt>
      <trkpt lat="30.64885" lon="104.1013">
        <time>2026-04-24T11:16:06Z</time>
      </trkpt>
      <trkpt lat="30.648876" lon="104.10124">
        <time>2026-04-24T11:16:07Z</time>
      </trkpt>
      <trkpt lat="30.648901" lon="104.10119">
        <time>2026-04-24T11:16:08Z</time>
      </trkpt>
      <trkpt lat="30.648932" lon="104.10113">
        <time>2026-04-24T11:16:09Z</time>
      </trkpt>
      <trkpt lat="30.64896" lon="104.101074">
        <time>2026-04-24T11:16:10Z</time>
      </trkpt>
      <trkpt lat="30.64899" lon="104.10101">
        <time>2026-04-24T11:16:11Z</time>
      </trkpt>
      <trkpt lat="30.649017" lon="104.100945">
        <time>2026-04-24T11:16:12Z</time>
      </trkpt>
      <trkpt lat="30.649046" lon="104.10088">
        <time>2026-04-24T11:16:13Z</time>
      </trkpt>
      <trkpt lat="30.649069" lon="104.10082">
        <time>2026-04-24T11:16:14Z</time>
      </trkpt>
      <trkpt lat="30.649094" lon="104.10076">
        <time>2026-04-24T11:16:15Z</time>
      </trkpt>
      <trkpt lat="30.64912" lon="104.1007">
        <time>2026-04-24T11:16:16Z</time>
      </trkpt>
      <trkpt lat="30.649145" lon="104.10064">
        <time>2026-04-24T11:16:17Z</time>
      </trkpt>
      <trkpt lat="30.64917" lon="104.100586">
        <time>2026-04-24T11:16:18Z</time>
      </trkpt>
      <trkpt lat="30.6492" lon="104.10053">
        <time>2026-04-24T11:16:19Z</time>
      </trkpt>
      <trkpt lat="30.649227" lon="104.10047">
        <time>2026-04-24T11:16:20Z</time>
      </trkpt>
      <trkpt lat="30.649254" lon="104.10042">
        <time>2026-04-24T11:16:21Z</time>
      </trkpt>
      <trkpt lat="30.649282" lon="104.100365">
        <time>2026-04-24T11:16:22Z</time>
      </trkpt>
      <trkpt lat="30.649303" lon="104.10031">
        <time>2026-04-24T11:16:23Z</time>
      </trkpt>
      <trkpt lat="30.649323" lon="104.10026">
        <time>2026-04-24T11:16:24Z</time>
      </trkpt>
      <trkpt lat="30.649347" lon="104.100204">
        <time>2026-04-24T11:16:25Z</time>
      </trkpt>
      <trkpt lat="30.649364" lon="104.10015">
        <time>2026-04-24T11:16:26Z</time>
      </trkpt>
      <trkpt lat="30.649387" lon="104.1001">
        <time>2026-04-24T11:16:27Z</time>
      </trkpt>
      <trkpt lat="30.64941" lon="104.100044">
        <time>2026-04-24T11:16:28Z</time>
      </trkpt>
      <trkpt lat="30.649437" lon="104.09999">
        <time>2026-04-24T11:16:29Z</time>
      </trkpt>
      <trkpt lat="30.649466" lon="104.09994">
        <time>2026-04-24T11:16:30Z</time>
      </trkpt>
      <trkpt lat="30.649492" lon="104.099884">
        <time>2026-04-24T11:16:31Z</time>
      </trkpt>
      <trkpt lat="30.649519" lon="104.09983">
        <time>2026-04-24T11:16:32Z</time>
      </trkpt>
      <trkpt lat="30.649548" lon="104.09977">
        <time>2026-04-24T11:16:33Z</time>
      </trkpt>
      <trkpt lat="30.649578" lon="104.099724">
        <time>2026-04-24T11:16:34Z</time>
      </trkpt>
      <trkpt lat="30.649603" lon="104.09967">
        <time>2026-04-24T11:16:35Z</time>
      </trkpt>
      <trkpt lat="30.649628" lon="104.09962">
        <time>2026-04-24T11:16:36Z</time>
      </trkpt>
      <trkpt lat="30.649658" lon="104.09956">
        <time>2026-04-24T11:16:37Z</time>
      </trkpt>
      <trkpt lat="30.649685" lon="104.0995">
        <time>2026-04-24T11:16:38Z</time>
      </trkpt>
      <trkpt lat="30.64971" lon="104.09945">
        <time>2026-04-24T11:16:39Z</time>
      </trkpt>
      <trkpt lat="30.649734" lon="104.099396">
        <time>2026-04-24T11:16:40Z</time>
      </trkpt>
      <trkpt lat="30.649755" lon="104.09934">
        <time>2026-04-24T11:16:41Z</time>
      </trkpt>
      <trkpt lat="30.649778" lon="104.09929">
        <time>2026-04-24T11:16:42Z</time>
      </trkpt>
      <trkpt lat="30.649809" lon="104.09923">
        <time>2026-04-24T11:16:43Z</time>
      </trkpt>
      <trkpt lat="30.64984" lon="104.099174">
        <time>2026-04-24T11:16:44Z</time>
      </trkpt>
      <trkpt lat="30.649874" lon="104.09912">
        <time>2026-04-24T11:16:45Z</time>
      </trkpt>
      <trkpt lat="30.649902" lon="104.09906">
        <time>2026-04-24T11:16:46Z</time>
      </trkpt>
      <trkpt lat="30.649931" lon="104.09901">
        <time>2026-04-24T11:16:47Z</time>
      </trkpt>
      <trkpt lat="30.649956" lon="104.098946">
        <time>2026-04-24T11:16:48Z</time>
      </trkpt>
      <trkpt lat="30.649982" lon="104.09889">
        <time>2026-04-24T11:16:49Z</time>
      </trkpt>
      <trkpt lat="30.650005" lon="104.09884">
        <time>2026-04-24T11:16:50Z</time>
      </trkpt>
      <trkpt lat="30.650032" lon="104.098785">
        <time>2026-04-24T11:16:51Z</time>
      </trkpt>
      <trkpt lat="30.650057" lon="104.098724">
        <time>2026-04-24T11:16:52Z</time>
      </trkpt>
      <trkpt lat="30.650084" lon="104.09867">
        <time>2026-04-24T11:16:53Z</time>
      </trkpt>
      <trkpt lat="30.650112" lon="104.09861">
        <time>2026-04-24T11:16:54Z</time>
      </trkpt>
      <trkpt lat="30.65014" lon="104.09855">
        <time>2026-04-24T11:16:55Z</time>
      </trkpt>
      <trkpt lat="30.650166" lon="104.09849">
        <time>2026-04-24T11:16:56Z</time>
      </trkpt>
      <trkpt lat="30.650192" lon="104.098434">
        <time>2026-04-24T11:16:57Z</time>
      </trkpt>
      <trkpt lat="30.650215" lon="104.09837">
        <time>2026-04-24T11:16:58Z</time>
      </trkpt>
      <trkpt lat="30.650246" lon="104.09832">
        <time>2026-04-24T11:16:59Z</time>
      </trkpt>
      <trkpt lat="30.65027" lon="104.09827">
        <time>2026-04-24T11:17:00Z</time>
      </trkpt>
      <trkpt lat="30.650286" lon="104.09822">
        <time>2026-04-24T11:17:01Z</time>
      </trkpt>
      <trkpt lat="30.6503" lon="104.0982">
        <time>2026-04-24T11:17:02Z</time>
      </trkpt>
      <trkpt lat="30.650322" lon="104.098175">
        <time>2026-04-24T11:17:03Z</time>
      </trkpt>
      <trkpt lat="30.650341" lon="104.09816">
        <time>2026-04-24T11:17:04Z</time>
      </trkpt>
      <trkpt lat="30.650364" lon="104.098145">
        <time>2026-04-24T11:17:05Z</time>
      </trkpt>
      <trkpt lat="30.650394" lon="104.098145">
        <time>2026-04-24T11:17:06Z</time>
      </trkpt>
      <trkpt lat="30.650429" lon="104.098145">
        <time>2026-04-24T11:17:07Z</time>
      </trkpt>
      <trkpt lat="30.650463" lon="104.09815">
        <time>2026-04-24T11:17:08Z</time>
      </trkpt>
      <trkpt lat="30.650497" lon="104.09817">
        <time>2026-04-24T11:17:09Z</time>
      </trkpt>
      <trkpt lat="30.650528" lon="104.09818">
        <time>2026-04-24T11:17:10Z</time>
      </trkpt>
      <trkpt lat="30.650558" lon="104.0982">
        <time>2026-04-24T11:17:11Z</time>
      </trkpt>
      <trkpt lat="30.650593" lon="104.09821">
        <time>2026-04-24T11:17:12Z</time>
      </trkpt>
      <trkpt lat="30.650618" lon="104.09823">
        <time>2026-04-24T11:17:13Z</time>
      </trkpt>
      <trkpt lat="30.650642" lon="104.09825">
        <time>2026-04-24T11:17:14Z</time>
      </trkpt>
      <trkpt lat="30.65067" lon="104.098274">
        <time>2026-04-24T11:17:15Z</time>
      </trkpt>
      <trkpt lat="30.6507" lon="104.098305">
        <time>2026-04-24T11:17:16Z</time>
      </trkpt>
      <trkpt lat="30.650734" lon="104.09833">
        <time>2026-04-24T11:17:17Z</time>
      </trkpt>
      <trkpt lat="30.650766" lon="104.09836">
        <time>2026-04-24T11:17:18Z</time>
      </trkpt>
      <trkpt lat="30.650797" lon="104.09838">
        <time>2026-04-24T11:17:19Z</time>
      </trkpt>
      <trkpt lat="30.650827" lon="104.098404">
        <time>2026-04-24T11:17:20Z</time>
      </trkpt>
      <trkpt lat="30.650854" lon="104.09843">
        <time>2026-04-24T11:17:21Z</time>
      </trkpt>
      <trkpt lat="30.650883" lon="104.09845">
        <time>2026-04-24T11:17:22Z</time>
      </trkpt>
      <trkpt lat="30.65092" lon="104.09847">
        <time>2026-04-24T11:17:23Z</time>
      </trkpt>
      <trkpt lat="30.65096" lon="104.098495">
        <time>2026-04-24T11:17:24Z</time>
      </trkpt>
      <trkpt lat="30.651" lon="104.09852">
        <time>2026-04-24T11:17:25Z</time>
      </trkpt>
      <trkpt lat="30.65104" lon="104.09854">
        <time>2026-04-24T11:17:26Z</time>
      </trkpt>
      <trkpt lat="30.65108" lon="104.09857">
        <time>2026-04-24T11:17:27Z</time>
      </trkpt>
      <trkpt lat="30.651125" lon="104.098595">
        <time>2026-04-24T11:17:28Z</time>
      </trkpt>
      <trkpt lat="30.651165" lon="104.09862">
        <time>2026-04-24T11:17:29Z</time>
      </trkpt>
      <trkpt lat="30.651205" lon="104.09864">
        <time>2026-04-24T11:17:30Z</time>
      </trkpt>
      <trkpt lat="30.651241" lon="104.098656">
        <time>2026-04-24T11:17:31Z</time>
      </trkpt>
      <trkpt lat="30.651278" lon="104.09867">
        <time>2026-04-24T11:17:32Z</time>
      </trkpt>
      <trkpt lat="30.651321" lon="104.09869">
        <time>2026-04-24T11:17:33Z</time>
      </trkpt>
      <trkpt lat="30.65137" lon="104.0987">
        <time>2026-04-24T11:17:34Z</time>
      </trkpt>
      <trkpt lat="30.651415" lon="104.09872">
        <time>2026-04-24T11:17:35Z</time>
      </trkpt>
      <trkpt lat="30.65146" lon="104.09874">
        <time>2026-04-24T11:17:36Z</time>
      </trkpt>
      <trkpt lat="30.65151" lon="104.098755">
        <time>2026-04-24T11:17:37Z</time>
      </trkpt>
      <trkpt lat="30.651554" lon="104.09878">
        <time>2026-04-24T11:17:38Z</time>
      </trkpt>
      <trkpt lat="30.651596" lon="104.0988">
        <time>2026-04-24T11:17:39Z</time>
      </trkpt>
      <trkpt lat="30.65164" lon="104.09882">
        <time>2026-04-24T11:17:40Z</time>
      </trkpt>
      <trkpt lat="30.651682" lon="104.09885">
        <time>2026-04-24T11:17:41Z</time>
      </trkpt>
      <trkpt lat="30.651722" lon="104.09888">
        <time>2026-04-24T11:17:42Z</time>
      </trkpt>
      <trkpt lat="30.651764" lon="104.09891">
        <time>2026-04-24T11:17:43Z</time>
      </trkpt>
      <trkpt lat="30.651802" lon="104.09894">
        <time>2026-04-24T11:17:44Z</time>
      </trkpt>
      <trkpt lat="30.65184" lon="104.098976">
        <time>2026-04-24T11:17:45Z</time>
      </trkpt>
      <trkpt lat="30.651878" lon="104.09901">
        <time>2026-04-24T11:17:46Z</time>
      </trkpt>
      <trkpt lat="30.651924" lon="104.09903">
        <time>2026-04-24T11:17:47Z</time>
      </trkpt>
      <trkpt lat="30.651968" lon="104.09906">
        <time>2026-04-24T11:17:48Z</time>
      </trkpt>
      <trkpt lat="30.652016" lon="104.09908">
        <time>2026-04-24T11:17:49Z</time>
      </trkpt>
      <trkpt lat="30.65206" lon="104.099106">
        <time>2026-04-24T11:17:50Z</time>
      </trkpt>
      <trkpt lat="30.65211" lon="104.09914">
        <time>2026-04-24T11:17:51Z</time>
      </trkpt>
      <trkpt lat="30.652155" lon="104.09917">
        <time>2026-04-24T11:17:52Z</time>
      </trkpt>
      <trkpt lat="30.652203" lon="104.09919">
        <time>2026-04-24T11:17:53Z</time>
      </trkpt>
      <trkpt lat="30.652252" lon="104.09922">
        <time>2026-04-24T11:17:54Z</time>
      </trkpt>
      <trkpt lat="30.652296" lon="104.09924">
        <time>2026-04-24T11:17:55Z</time>
      </trkpt>
      <trkpt lat="30.65234" lon="104.09928">
        <time>2026-04-24T11:17:56Z</time>
      </trkpt>
      <trkpt lat="30.652388" lon="104.09931">
        <time>2026-04-24T11:17:57Z</time>
      </trkpt>
      <trkpt lat="30.652437" lon="104.09934">
        <time>2026-04-24T11:17:58Z</time>
      </trkpt>
      <trkpt lat="30.65248" lon="104.09937">
        <time>2026-04-24T11:17:59Z</time>
      </trkpt>
      <trkpt lat="30.652525" lon="104.0994">
        <time>2026-04-24T11:18:00Z</time>
      </trkpt>
      <trkpt lat="30.65257" lon="104.09943">
        <time>2026-04-24T11:18:01Z</time>
      </trkpt>
      <trkpt lat="30.652617" lon="104.099464">
        <time>2026-04-24T11:18:02Z</time>
      </trkpt>
      <trkpt lat="30.652658" lon="104.09949">
        <time>2026-04-24T11:18:03Z</time>
      </trkpt>
      <trkpt lat="30.652697" lon="104.09951">
        <time>2026-04-24T11:18:04Z</time>
      </trkpt>
      <trkpt lat="30.652742" lon="104.09954">
        <time>2026-04-24T11:18:05Z</time>
      </trkpt>
      <trkpt lat="30.652794" lon="104.09957">
        <time>2026-04-24T11:18:06Z</time>
      </trkpt>
      <trkpt lat="30.652838" lon="104.099594">
        <time>2026-04-24T11:18:07Z</time>
      </trkpt>
      <trkpt lat="30.652876" lon="104.09962">
        <time>2026-04-24T11:18:08Z</time>
      </trkpt>
      <trkpt lat="30.65292" lon="104.09964">
        <time>2026-04-24T11:18:09Z</time>
      </trkpt>
      <trkpt lat="30.652962" lon="104.09966">
        <time>2026-04-24T11:18:10Z</time>
      </trkpt>
      <trkpt lat="30.653" lon="104.09969">
        <time>2026-04-24T11:18:11Z</time>
      </trkpt>
      <trkpt lat="30.653036" lon="104.09972">
        <time>2026-04-24T11:18:12Z</time>
      </trkpt>
      <trkpt lat="30.653074" lon="104.09975">
        <time>2026-04-24T11:18:13Z</time>
      </trkpt>
      <trkpt lat="30.653114" lon="104.09977">
        <time>2026-04-24T11:18:14Z</time>
      </trkpt>
      <trkpt lat="30.65316" lon="104.0998">
        <time>2026-04-24T11:18:15Z</time>
      </trkpt>
      <trkpt lat="30.6532" lon="104.09982">
        <time>2026-04-24T11:18:16Z</time>
      </trkpt>
      <trkpt lat="30.653246" lon="104.09985">
        <time>2026-04-24T11:18:17Z</time>
      </trkpt>
      <trkpt lat="30.653294" lon="104.099884">
        <time>2026-04-24T11:18:18Z</time>
      </trkpt>
      <trkpt lat="30.653337" lon="104.09991">
        <time>2026-04-24T11:18:19Z</time>
      </trkpt>
      <trkpt lat="30.653378" lon="104.09993">
        <time>2026-04-24T11:18:20Z</time>
      </trkpt>
      <trkpt lat="30.653418" lon="104.09995">
        <time>2026-04-24T11:18:21Z</time>
      </trkpt>
      <trkpt lat="30.653461" lon="104.09998">
        <time>2026-04-24T11:18:22Z</time>
      </trkpt>
      <trkpt lat="30.653505" lon="104.100006">
        <time>2026-04-24T11:18:23Z</time>
      </trkpt>
      <trkpt lat="30.653551" lon="104.10003">
        <time>2026-04-24T11:18:24Z</time>
      </trkpt>
      <trkpt lat="30.653599" lon="104.10007">
        <time>2026-04-24T11:18:25Z</time>
      </trkpt>
      <trkpt lat="30.653637" lon="104.10009">
        <time>2026-04-24T11:18:26Z</time>
      </trkpt>
      <trkpt lat="30.65367" lon="104.100105">
        <time>2026-04-24T11:18:27Z</time>
      </trkpt>
      <trkpt lat="30.65371" lon="104.10012">
        <time>2026-04-24T11:18:28Z</time>
      </trkpt>
      <trkpt lat="30.653751" lon="104.10014">
        <time>2026-04-24T11:18:29Z</time>
      </trkpt>
      <trkpt lat="30.653786" lon="104.10017">
        <time>2026-04-24T11:18:30Z</time>
      </trkpt>
      <trkpt lat="30.653826" lon="104.10018">
        <time>2026-04-24T11:18:31Z</time>
      </trkpt>
      <trkpt lat="30.65388" lon="104.10019">
        <time>2026-04-24T11:18:32Z</time>
      </trkpt>
      <trkpt lat="30.653929" lon="104.100204">
        <time>2026-04-24T11:18:33Z</time>
      </trkpt>
      <trkpt lat="30.653967" lon="104.100235">
        <time>2026-04-24T11:18:34Z</time>
      </trkpt>
      <trkpt lat="30.653997" lon="104.10026">
        <time>2026-04-24T11:18:35Z</time>
      </trkpt>
      <trkpt lat="30.654034" lon="104.10029">
        <time>2026-04-24T11:18:36Z</time>
      </trkpt>
      <trkpt lat="30.65407" lon="104.10031">
        <time>2026-04-24T11:18:37Z</time>
      </trkpt>
      <trkpt lat="30.654102" lon="104.100334">
        <time>2026-04-24T11:18:38Z</time>
      </trkpt>
      <trkpt lat="30.654137" lon="104.10036">
        <time>2026-04-24T11:18:39Z</time>
      </trkpt>
      <trkpt lat="30.654171" lon="104.10039">
        <time>2026-04-24T11:18:40Z</time>
      </trkpt>
      <trkpt lat="30.654205" lon="104.10041">
        <time>2026-04-24T11:18:41Z</time>
      </trkpt>
      <trkpt lat="30.654236" lon="104.10043">
        <time>2026-04-24T11:18:42Z</time>
      </trkpt>
      <trkpt lat="30.654264" lon="104.100464">
        <time>2026-04-24T11:18:43Z</time>
      </trkpt>
      <trkpt lat="30.654299" lon="104.10049">
        <time>2026-04-24T11:18:44Z</time>
      </trkpt>
      <trkpt lat="30.654333" lon="104.10052">
        <time>2026-04-24T11:18:45Z</time>
      </trkpt>
      <trkpt lat="30.654367" lon="104.10054">
        <time>2026-04-24T11:18:46Z</time>
      </trkpt>
      <trkpt lat="30.6544" lon="104.10057">
        <time>2026-04-24T11:18:47Z</time>
      </trkpt>
      <trkpt lat="30.654434" lon="104.10059">
        <time>2026-04-24T11:18:48Z</time>
      </trkpt>
      <trkpt lat="30.654474" lon="104.10062">
        <time>2026-04-24T11:18:49Z</time>
      </trkpt>
      <trkpt lat="30.654509" lon="104.10064">
        <time>2026-04-24T11:18:50Z</time>
      </trkpt>
      <trkpt lat="30.654545" lon="104.10066">
        <time>2026-04-24T11:18:51Z</time>
      </trkpt>
      <trkpt lat="30.654581" lon="104.100685">
        <time>2026-04-24T11:18:52Z</time>
      </trkpt>
      <trkpt lat="30.65462" lon="104.10071">
        <time>2026-04-24T11:18:53Z</time>
      </trkpt>
      <trkpt lat="30.654657" lon="104.10073">
        <time>2026-04-24T11:18:54Z</time>
      </trkpt>
      <trkpt lat="30.654694" lon="104.100746">
        <time>2026-04-24T11:18:55Z</time>
      </trkpt>
      <trkpt lat="30.654732" lon="104.10077">
        <time>2026-04-24T11:18:56Z</time>
      </trkpt>
      <trkpt lat="30.654768" lon="104.10079">
        <time>2026-04-24T11:18:57Z</time>
      </trkpt>
      <trkpt lat="30.654806" lon="104.10081">
        <time>2026-04-24T11:18:58Z</time>
      </trkpt>
      <trkpt lat="30.654844" lon="104.10083">
        <time>2026-04-24T11:18:59Z</time>
      </trkpt>
      <trkpt lat="30.654882" lon="104.100845">
        <time>2026-04-24T11:19:00Z</time>
      </trkpt>
      <trkpt lat="30.654922" lon="104.10087">
        <time>2026-04-24T11:19:01Z</time>
      </trkpt>
      <trkpt lat="30.654963" lon="104.10089">
        <time>2026-04-24T11:19:02Z</time>
      </trkpt>
      <trkpt lat="30.655003" lon="104.100914">
        <time>2026-04-24T11:19:03Z</time>
      </trkpt>
      <trkpt lat="30.65504" lon="104.10094">
        <time>2026-04-24T11:19:04Z</time>
      </trkpt>
      <trkpt lat="30.65508" lon="104.10096">
        <time>2026-04-24T11:19:05Z</time>
      </trkpt>
      <trkpt lat="30.65512" lon="104.10098">
        <time>2026-04-24T11:19:06Z</time>
      </trkpt>
      <trkpt lat="30.65516" lon="104.101006">
        <time>2026-04-24T11:19:07Z</time>
      </trkpt>
      <trkpt lat="30.655203" lon="104.10102">
        <time>2026-04-24T11:19:08Z</time>
      </trkpt>
      <trkpt lat="30.65524" lon="104.10101">
        <time>2026-04-24T11:19:09Z</time>
      </trkpt>
      <trkpt lat="30.655266" lon="104.101006">
        <time>2026-04-24T11:19:10Z</time>
      </trkpt>
      <trkpt lat="30.655293" lon="104.10099">
        <time>2026-04-24T11:19:11Z</time>
      </trkpt>
      <trkpt lat="30.655315" lon="104.10097">
        <time>2026-04-24T11:19:12Z</time>
      </trkpt>
      <trkpt lat="30.655334" lon="104.100945">
        <time>2026-04-24T11:19:13Z</time>
      </trkpt>
      <trkpt lat="30.655354" lon="104.10093">
        <time>2026-04-24T11:19:14Z</time>
      </trkpt>
      <trkpt lat="30.65536" lon="104.100914">
        <time>2026-04-24T11:19:15Z</time>
      </trkpt>
      <trkpt lat="30.655363" lon="104.1009">
        <time>2026-04-24T11:19:16Z</time>
      </trkpt>
      <trkpt lat="30.655367" lon="104.100876">
        <time>2026-04-24T11:19:17Z</time>
      </trkpt>
      <trkpt lat="30.655373" lon="104.10084">
        <time>2026-04-24T11:19:18Z</time>
      </trkpt>
      <trkpt lat="30.655378" lon="104.10081">
        <time>2026-04-24T11:19:19Z</time>
      </trkpt>
      <trkpt lat="30.655386" lon="104.10078">
        <time>2026-04-24T11:19:20Z</time>
      </trkpt>
      <trkpt lat="30.655397" lon="104.10073">
        <time>2026-04-24T11:19:21Z</time>
      </trkpt>
      <trkpt lat="30.655409" lon="104.10069">
        <time>2026-04-24T11:19:22Z</time>
      </trkpt>
      <trkpt lat="30.65542" lon="104.10066">
        <time>2026-04-24T11:19:23Z</time>
      </trkpt>
      <trkpt lat="30.655434" lon="104.100624">
        <time>2026-04-24T11:19:24Z</time>
      </trkpt>
      <trkpt lat="30.65545" lon="104.100586">
        <time>2026-04-24T11:19:25Z</time>
      </trkpt>
      <trkpt lat="30.655478" lon="104.10056">
        <time>2026-04-24T11:19:26Z</time>
      </trkpt>
      <trkpt lat="30.655504" lon="104.10054">
        <time>2026-04-24T11:19:27Z</time>
      </trkpt>
      <trkpt lat="30.655533" lon="104.10053">
        <time>2026-04-24T11:19:28Z</time>
      </trkpt>
      <trkpt lat="30.655556" lon="104.10055">
        <time>2026-04-24T11:19:29Z</time>
      </trkpt>
      <trkpt lat="30.655582" lon="104.10056">
        <time>2026-04-24T11:19:30Z</time>
      </trkpt>
      <trkpt lat="30.655611" lon="104.10058">
        <time>2026-04-24T11:19:31Z</time>
      </trkpt>
      <trkpt lat="30.655647" lon="104.10059">
        <time>2026-04-24T11:19:32Z</time>
      </trkpt>
      <trkpt lat="30.655678" lon="104.10061">
        <time>2026-04-24T11:19:33Z</time>
      </trkpt>
      <trkpt lat="30.655703" lon="104.10063">
        <time>2026-04-24T11:19:34Z</time>
      </trkpt>
      <trkpt lat="30.655722" lon="104.100655">
        <time>2026-04-24T11:19:35Z</time>
      </trkpt>
      <trkpt lat="30.655752" lon="104.100685">
        <time>2026-04-24T11:19:36Z</time>
      </trkpt>
      <trkpt lat="30.655783" lon="104.100716">
        <time>2026-04-24T11:19:37Z</time>
      </trkpt>
      <trkpt lat="30.655817" lon="104.10074">
        <time>2026-04-24T11:19:38Z</time>
      </trkpt>
      <trkpt lat="30.655846" lon="104.10076">
        <time>2026-04-24T11:19:39Z</time>
      </trkpt>
      <trkpt lat="30.655874" lon="104.10079">
        <time>2026-04-24T11:19:40Z</time>
      </trkpt>
      <trkpt lat="30.655903" lon="104.10081">
        <time>2026-04-24T11:19:41Z</time>
      </trkpt>
      <trkpt lat="30.655933" lon="104.10083">
        <time>2026-04-24T11:19:42Z</time>
      </trkpt>
      <trkpt lat="30.655966" lon="104.10085">
        <time>2026-04-24T11:19:43Z</time>
      </trkpt>
      <trkpt lat="30.655996" lon="104.10087">
        <time>2026-04-24T11:19:44Z</time>
      </trkpt>
      <trkpt lat="30.656025" lon="104.10088">
        <time>2026-04-24T11:19:45Z</time>
      </trkpt>
      <trkpt lat="30.656055" lon="104.1009">
        <time>2026-04-24T11:19:46Z</time>
      </trkpt>
      <trkpt lat="30.656084" lon="104.100914">
        <time>2026-04-24T11:19:47Z</time>
      </trkpt>
      <trkpt lat="30.656115" lon="104.10094">
        <time>2026-04-24T11:19:48Z</time>
      </trkpt>
      <trkpt lat="30.656143" lon="104.10095">
        <time>2026-04-24T11:19:49Z</time>
      </trkpt>
      <trkpt lat="30.656176" lon="104.100975">
        <time>2026-04-24T11:19:50Z</time>
      </trkpt>
      <trkpt lat="30.656204" lon="104.10099">
        <time>2026-04-24T11:19:51Z</time>
      </trkpt>
      <trkpt lat="30.65623" lon="104.10101">
        <time>2026-04-24T11:19:52Z</time>
      </trkpt>
      <trkpt lat="30.656258" lon="104.10103">
        <time>2026-04-24T11:19:53Z</time>
      </trkpt>
      <trkpt lat="30.656286" lon="104.10104">
        <time>2026-04-24T11:19:54Z</time>
      </trkpt>
      <trkpt lat="30.656319" lon="104.10107">
        <time>2026-04-24T11:19:55Z</time>
      </trkpt>
      <trkpt lat="30.65635" lon="104.10108">
        <time>2026-04-24T11:19:56Z</time>
      </trkpt>
      <trkpt lat="30.656376" lon="104.1011">
        <time>2026-04-24T11:19:57Z</time>
      </trkpt>
      <trkpt lat="30.65641" lon="104.10111">
        <time>2026-04-24T11:19:58Z</time>
      </trkpt>
      <trkpt lat="30.65644" lon="104.10113">
        <time>2026-04-24T11:19:59Z</time>
      </trkpt>
      <trkpt lat="30.656471" lon="104.10115">
        <time>2026-04-24T11:20:00Z</time>
      </trkpt>
      <trkpt lat="30.656504" lon="104.10117">
        <time>2026-04-24T11:20:01Z</time>
      </trkpt>
      <trkpt lat="30.656536" lon="104.1012">
        <time>2026-04-24T11:20:02Z</time>
      </trkpt>
      <trkpt lat="30.656565" lon="104.10121">
        <time>2026-04-24T11:20:03Z</time>
      </trkpt>
      <trkpt lat="30.656593" lon="104.10123">
        <time>2026-04-24T11:20:04Z</time>
      </trkpt>
      <trkpt lat="30.656626" lon="104.10124">
        <time>2026-04-24T11:20:05Z</time>
      </trkpt>
      <trkpt lat="30.656656" lon="104.101265">
        <time>2026-04-24T11:20:06Z</time>
      </trkpt>
      <trkpt lat="30.656685" lon="104.10128">
        <time>2026-04-24T11:20:07Z</time>
      </trkpt>
      <trkpt lat="30.656712" lon="104.1013">
        <time>2026-04-24T11:20:08Z</time>
      </trkpt>
      <trkpt lat="30.656734" lon="104.101326">
        <time>2026-04-24T11:20:09Z</time>
      </trkpt>
      <trkpt lat="30.65676" lon="104.10135">
        <time>2026-04-24T11:20:10Z</time>
      </trkpt>
      <trkpt lat="30.656778" lon="104.101364">
        <time>2026-04-24T11:20:11Z</time>
      </trkpt>
      <trkpt lat="30.65678" lon="104.101364">
        <time>2026-04-24T11:20:13Z</time>
      </trkpt>
      <trkpt lat="30.656782" lon="104.10137">
        <time>2026-04-24T11:20:14Z</time>
      </trkpt>
      <trkpt lat="30.656782" lon="104.10137">
        <time>2026-04-24T11:20:15Z</time>
      </trkpt>
      <trkpt lat="30.656782" lon="104.10137">
        <time>2026-04-24T11:20:16Z</time>
      </trkpt>
      <trkpt lat="30.656782" lon="104.10137">
        <time>2026-04-24T11:20:17Z</time>
      </trkpt>
    </trkseg>
  </trk>
</gpx>