<?xml version="1.0" encoding="UTF-8"?>
<gpx version="1.1" creator="Go GPS Converter">
  <trk>
    <name>GPS Track</name>
    <trkseg>
      <trkpt lat="30.656397" lon="104.10116">
        <time>2026-08-03T11:46:09Z</time>
      </trkpt>
      <trkpt lat="30.656334" lon="104.10112">
        <time>2026-08-03T11:46:10Z</time>
      </trkpt>
      <trkpt lat="30.656338" lon="104.10112">
        <time>2026-08-03T11:46:11Z</time>
      </trkpt>
      <trkpt lat="30.65629" lon="104.10108">
        <time>2026-08-03T11:46:12Z</time>
      </trkpt>
      <trkpt lat="30.656248" lon="104.10104">
        <time>2026-08-03T11:46:13Z</time>
      </trkpt>
      <trkpt lat="30.656206" lon="104.10101">
        <time>2026-08-03T11:46:14Z</time>
      </trkpt>
      <trkpt lat="30.656162" lon="104.10098">
        <time>2026-08-03T11:46:15Z</time>
      </trkpt>
      <trkpt lat="30.656118" lon="104.10096">
        <time>2026-08-03T11:46:16Z</time>
      </trkpt>
      <trkpt lat="30.656073" lon="104.10093">
        <time>2026-08-03T11:46:17Z</time>
      </trkpt>
      <trkpt lat="30.656029" lon="104.10091">
        <time>2026-08-03T11:46:18Z</time>
      </trkpt>
      <trkpt lat="30.655981" lon="104.10088">
        <time>2026-08-03T11:46:19Z</time>
      </trkpt>
      <trkpt lat="30.65594" lon="104.10085">
        <time>2026-08-03T11:46:20Z</time>
      </trkpt>
      <trkpt lat="30.655897" lon="104.10083">
        <time>2026-08-03T11:46:21Z</time>
      </trkpt>
      <trkpt lat="30.655855" lon="104.1008">
        <time>2026-08-03T11:46:22Z</time>
      </trkpt>
      <trkpt lat="30.655815" lon="104.10077">
        <time>2026-08-03T11:46:23Z</time>
      </trkpt>
      <trkpt lat="30.655775" lon="104.100746">
        <time>2026-08-03T11:46:24Z</time>
      </trkpt>
      <trkpt lat="30.655737" lon="104.100716">
        <time>2026-08-03T11:46:25Z</time>
      </trkpt>
      <trkpt lat="30.655699" lon="104.100685">
        <time>2026-08-03T11:46:26Z</time>
      </trkpt>
      <trkpt lat="30.655659" lon="104.100655">
        <time>2026-08-03T11:46:27Z</time>
      </trkpt>
      <trkpt lat="30.65562" lon="104.100624">
        <time>2026-08-03T11:46:28Z</time>
      </trkpt>
      <trkpt lat="30.655582" lon="104.10059">
        <time>2026-08-03T11:46:29Z</time>
      </trkpt>
      <trkpt lat="30.655544" lon="104.10056">
        <time>2026-08-03T11:46:30Z</time>
      </trkpt>
      <trkpt lat="30.655508" lon="104.10054">
        <time>2026-08-03T11:46:31Z</time>
      </trkpt>
      <trkpt lat="30.655474" lon="104.10054">
        <time>2026-08-03T11:46:32Z</time>
      </trkpt>
      <trkpt lat="30.655422" lon="104.100586">
        <time>2026-08-03T11:46:33Z</time>
      </trkpt>
      <trkpt lat="30.655397" lon="104.100655">
        <time>2026-08-03T11:46:35Z</time>
      </trkpt>
      <trkpt lat="30.655384" lon="104.10069">
        <time>2026-08-03T11:46:36Z</time>
      </trkpt>
      <trkpt lat="30.655369" lon="104.10073">
        <time>2026-08-03T11:46:37Z</time>
      </trkpt>
      <trkpt lat="30.65536" lon="104.10077">
        <time>2026-08-03T11:46:39Z</time>
      </trkpt>
      <trkpt lat="30.655354" lon="104.10081">
        <time>2026-08-03T11:46:40Z</time>
      </trkpt>
      <trkpt lat="30.655355" lon="104.10085">
        <time>2026-08-03T11:46:41Z</time>
      </trkpt>
      <trkpt lat="30.655357" lon="104.10088">
        <time>2026-08-03T11:46:42Z</time>
      </trkpt>
      <trkpt lat="30.655355" lon="104.100914">
        <time>2026-08-03T11:46:43Z</time>
      </trkpt>
      <trkpt lat="30.655346" lon="104.10094">
        <time>2026-08-03T11:46:44Z</time>
      </trkpt>
      <trkpt lat="30.655327" lon="104.10095">
        <time>2026-08-03T11:46:45Z</time>
      </trkpt>
      <trkpt lat="30.655294" lon="104.10095">
        <time>2026-08-03T11:46:46Z</time>
      </trkpt>
      <trkpt lat="30.65525" lon="104.10094">
        <time>2026-08-03T11:46:47Z</time>
      </trkpt>
      <trkpt lat="30.6552" lon="104.10091">
        <time>2026-08-03T11:46:48Z</time>
      </trkpt>
      <trkpt lat="30.655146" lon="104.100876">
        <time>2026-08-03T11:46:49Z</time>
      </trkpt>
      <trkpt lat="30.655092" lon="104.100845">
        <time>2026-08-03T11:46:50Z</time>
      </trkpt>
      <trkpt lat="30.655039" lon="104.100815">
        <time>2026-08-03T11:46:51Z</time>
      </trkpt>
      <trkpt lat="30.654938" lon="104.10076">
        <time>2026-08-03T11:46:52Z</time>
      </trkpt>
      <trkpt lat="30.654888" lon="104.10074">
        <time>2026-08-03T11:46:53Z</time>
      </trkpt>
      <trkpt lat="30.654842" lon="104.10071">
        <time>2026-08-03T11:46:54Z</time>
      </trkpt>
      <trkpt lat="30.654797" lon="104.100685">
        <time>2026-08-03T11:46:55Z</time>
      </trkpt>
      <trkpt lat="30.654755" lon="104.100655">
        <time>2026-08-03T11:46:56Z</time>
      </trkpt>
      <trkpt lat="30.654716" lon="104.100624">
        <time>2026-08-03T11:46:57Z</time>
      </trkpt>
      <trkpt lat="30.65468" lon="104.1006">
        <time>2026-08-03T11:46:58Z</time>
      </trkpt>
      <trkpt lat="30.654646" lon="104.10058">
        <time>2026-08-03T11:46:59Z</time>
      </trkpt>
      <trkpt lat="30.654615" lon="104.100555">
        <time>2026-08-03T11:47:00Z</time>
      </trkpt>
      <trkpt lat="30.654589" lon="104.10054">
        <time>2026-08-03T11:47:01Z</time>
      </trkpt>
      <trkpt lat="30.65456" lon="104.100525">
        <time>2026-08-03T11:47:02Z</time>
      </trkpt>
      <trkpt lat="30.654533" lon="104.10051">
        <time>2026-08-03T11:47:03Z</time>
      </trkpt>
      <trkpt lat="30.654507" lon="104.100494">
        <time>2026-08-03T11:47:04Z</time>
      </trkpt>
      <trkpt lat="30.65448" lon="104.10048">
        <time>2026-08-03T11:47:05Z</time>
      </trkpt>
      <trkpt lat="30.654451" lon="104.100464">
        <time>2026-08-03T11:47:06Z</time>
      </trkpt>
      <trkpt lat="30.654419" lon="104.10045">
        <time>2026-08-03T11:47:07Z</time>
      </trkpt>
      <trkpt lat="30.65438" lon="104.10043">
        <time>2026-08-03T11:47:08Z</time>
      </trkpt>
      <trkpt lat="30.654339" lon="104.10042">
        <time>2026-08-03T11:47:09Z</time>
      </trkpt>
      <trkpt lat="30.654287" lon="104.10038">
        <time>2026-08-03T11:47:10Z</time>
      </trkpt>
      <trkpt lat="30.65423" lon="104.10035">
        <time>2026-08-03T11:47:11Z</time>
      </trkpt>
      <trkpt lat="30.654173" lon="104.10032">
        <time>2026-08-03T11:47:12Z</time>
      </trkpt>
      <trkpt lat="30.654118" lon="104.10028">
        <time>2026-08-03T11:47:13Z</time>
      </trkpt>
      <trkpt lat="30.654064" lon="104.10025">
        <time>2026-08-03T11:47:14Z</time>
      </trkpt>
      <trkpt lat="30.654009" lon="104.10021">
        <time>2026-08-03T11:47:15Z</time>
      </trkpt>
      <trkpt lat="30.653952" lon="104.10018">
        <time>2026-08-03T11:47:16Z</time>
      </trkpt>
      <trkpt lat="30.653896" lon="104.10014">
        <time>2026-08-03T11:47:17Z</time>
      </trkpt>
      <trkpt lat="30.653841" lon="104.10011">
        <time>2026-08-03T11:47:18Z</time>
      </trkpt>
      <trkpt lat="30.653786" lon="104.10008">
        <time>2026-08-03T11:47:19Z</time>
      </trkpt>
      <trkpt lat="30.65372" lon="104.10004">
        <time>2026-08-03T11:47:20Z</time>
      </trkpt>
      <trkpt lat="30.653654" lon="104.09999">
        <time>2026-08-03T11:47:21Z</time>
      </trkpt>
      <trkpt lat="30.653584" lon="104.099945">
        <time>2026-08-03T11:47:22Z</time>
      </trkpt>
      <trkpt lat="30.653511" lon="104.09991">
        <time>2026-08-03T11:47:23Z</time>
      </trkpt>
      <trkpt lat="30.653442" lon="104.09987">
        <time>2026-08-03T11:47:24Z</time>
      </trkpt>
      <trkpt lat="30.653374" lon="104.09982">
        <time>2026-08-03T11:47:25Z</time>
      </trkpt>
      <trkpt lat="30.653309" lon="104.09978">
        <time>2026-08-03T11:47:26Z</time>
      </trkpt>
      <trkpt lat="30.653246" lon="104.09974">
        <time>2026-08-03T11:47:27Z</time>
      </trkpt>
      <trkpt lat="30.653181" lon="104.0997">
        <time>2026-08-03T11:47:28Z</time>
      </trkpt>
      <trkpt lat="30.653118" lon="104.099655">
        <time>2026-08-03T11:47:29Z</time>
      </trkpt>
      <trkpt lat="30.653051" lon="104.09962">
        <time>2026-08-03T11:47:30Z</time>
      </trkpt>
      <trkpt lat="30.652985" lon="104.09958">
        <time>2026-08-03T11:47:31Z</time>
      </trkpt>
      <trkpt lat="30.65292" lon="104.09954">
        <time>2026-08-03T11:47:32Z</time>
      </trkpt>
      <trkpt lat="30.652857" lon="104.0995">
        <time>2026-08-03T11:47:33Z</time>
      </trkpt>
      <trkpt lat="30.652798" lon="104.099464">
        <time>2026-08-03T11:47:34Z</time>
      </trkpt>
      <trkpt lat="30.652735" lon="104.09943">
        <time>2026-08-03T11:47:35Z</time>
      </trkpt>
      <trkpt lat="30.652672" lon="104.09939">
        <time>2026-08-03T11:47:36Z</time>
      </trkpt>
      <trkpt lat="30.652607" lon="104.09934">
        <time>2026-08-03T11:47:37Z</time>
      </trkpt>
      <trkpt lat="30.652544" lon="104.099304">
        <time>2026-08-03T11:47:38Z</time>
      </trkpt>
      <trkpt lat="30.652481" lon="104.09926">
        <time>2026-08-03T11:47:39Z</time>
      </trkpt>
      <trkpt lat="30.65242" lon="104.09922">
        <time>2026-08-03T11:47:40Z</time>
      </trkpt>
      <trkpt lat="30.652359" lon="104.099174">
        <time>2026-08-03T11:47:41Z</time>
      </trkpt>
      <trkpt lat="30.652296" lon="104.09914">
        <time>2026-08-03T11:47:42Z</time>
      </trkpt>
      <trkpt lat="30.652235" lon="104.099106">
        <time>2026-08-03T11:47:43Z</time>
      </trkpt>
      <trkpt lat="30.652176" lon="104.09907">
        <time>2026-08-03T11:47:44Z</time>
      </trkpt>
      <trkpt lat="30.65212" lon="104.09903">
        <time>2026-08-03T11:47:45Z</time>
      </trkpt>
      <trkpt lat="30.652063" lon="104.09899">
        <time>2026-08-03T11:47:46Z</time>
      </trkpt>
      <trkpt lat="30.652004" lon="104.09895">
        <time>2026-08-03T11:47:47Z</time>
      </trkpt>
      <trkpt lat="30.651949" lon="104.09892">
        <time>2026-08-03T11:47:48Z</time>
      </trkpt>
      <trkpt lat="30.651892" lon="104.098885">
        <time>2026-08-03T11:47:49Z</time>
      </trkpt>
      <trkpt lat="30.651836" lon="104.09885">
        <time>2026-08-03T11:47:50Z</time>
      </trkpt>
      <trkpt lat="30.65178" lon="104.09881">
        <time>2026-08-03T11:47:51Z</time>
      </trkpt>
      <trkpt lat="30.651724" lon="104.09877">
        <time>2026-08-03T11:47:52Z</time>
      </trkpt>
      <trkpt lat="30.651665" lon="104.09874">
        <time>2026-08-03T11:47:53Z</time>
      </trkpt>
      <trkpt lat="30.651608" lon="104.0987">
        <time>2026-08-03T11:47:54Z</time>
      </trkpt>
      <trkpt lat="30.651546" lon="104.09866">
        <time>2026-08-03T11:47:55Z</time>
      </trkpt>
      <trkpt lat="30.651487" lon="104.098625">
        <time>2026-08-03T11:47:56Z</time>
      </trkpt>
      <trkpt lat="30.651426" lon="104.09859">
        <time>2026-08-03T11:47:57Z</time>
      </trkpt>
      <trkpt lat="30.651367" lon="104.09855">
        <time>2026-08-03T11:47:58Z</time>
      </trkpt>
      <trkpt lat="30.651304" lon="104.09852">
        <time>2026-08-03T11:47:59Z</time>
      </trkpt>
      <trkpt lat="30.651243" lon="104.09849">
        <time>2026-08-03T11:48:00Z</time>
      </trkpt>
      <trkpt lat="30.651184" lon="104.09845">
        <time>2026-08-03T11:48:01Z</time>
      </trkpt>
      <trkpt lat="30.651123" lon="104.09841">
        <time>2026-08-03T11:48:02Z</time>
      </trkpt>
      <trkpt lat="30.651064" lon="104.09837">
        <time>2026-08-03T11:48:03Z</time>
      </trkpt>
      <trkpt lat="30.651003" lon="104.098335">
        <time>2026-08-03T11:48:04Z</time>
      </trkpt>
      <trkpt lat="30.650948" lon="104.0983">
        <time>2026-08-03T11:48:05Z</time>
      </trkpt>
      <trkpt lat="30.650894" lon="104.09825">
        <time>2026-08-03T11:48:06Z</time>
      </trkpt>
      <trkpt lat="30.650839" lon="104.09821">
        <time>2026-08-03T11:48:07Z</time>
      </trkpt>
      <trkpt lat="30.650784" lon="104.098175">
        <time>2026-08-03T11:48:08Z</time>
      </trkpt>
      <trkpt lat="30.650728" lon="104.09814">
        <time>2026-08-03T11:48:09Z</time>
      </trkpt>
      <trkpt lat="30.650679" lon="104.09811">
        <time>2026-08-03T11:48:10Z</time>
      </trkpt>
      <trkpt lat="30.650633" lon="104.098076">
        <time>2026-08-03T11:48:11Z</time>
      </trkpt>
      <trkpt lat="30.650593" lon="104.098045">
        <time>2026-08-03T11:48:12Z</time>
      </trkpt>
      <trkpt lat="30.650558" lon="104.09802">
        <time>2026-08-03T11:48:13Z</time>
      </trkpt>
      <trkpt lat="30.650536" lon="104.098">
        <time>2026-08-03T11:48:14Z</time>
      </trkpt>
      <trkpt lat="30.65052" lon="104.09799">
        <time>2026-08-03T11:48:15Z</time>
      </trkpt>
      <trkpt lat="30.650509" lon="104.09797">
        <time>2026-08-03T11:48:16Z</time>
      </trkpt>
      <trkpt lat="30.650505" lon="104.097946">
        <time>2026-08-03T11:48:17Z</time>
      </trkpt>
      <trkpt lat="30.650505" lon="104.09793">
        <time>2026-08-03T11:48:18Z</time>
      </trkpt>
      <trkpt lat="30.650497" lon="104.097916">
        <time>2026-08-03T11:48:19Z</time>
      </trkpt>
      <trkpt lat="30.650488" lon="104.09791">
        <time>2026-08-03T11:48:20Z</time>
      </trkpt>
      <trkpt lat="30.65048" lon="104.0979">
        <time>2026-08-03T11:48:21Z</time>
      </trkpt>
      <trkpt lat="30.650473" lon="104.09789">
        <time>2026-08-03T11:48:22Z</time>
      </trkpt>
      <trkpt lat="30.650473" lon="104.09789">
        <time>2026-08-03T11:48:23Z</time>
      </trkpt>
      <trkpt lat="30.650473" lon="104.09789">
        <time>2026-08-03T11:48:24Z</time>
      </trkpt>
      <trkpt lat="30.650473" lon="104.09789">
        <time>2026-08-03T11:48:25Z</time>
      </trkpt>
      <trkpt lat="30.650473" lon="104.09789">
        <time>2026-08-03T11:48:26Z</time>
      </trkpt>
      <trkpt lat="30.650473" lon="104.09789">
        <time>2026-08-03T11:48:27Z</time>
      </trkpt>
      <trkpt lat="30.650473" lon="104.09789">
        <time>2026-08-03T11:48:28Z</time>
      </trkpt>
      <trkpt lat="30.650473" lon="104.09789">
        <time>2026-08-03T11:48:29Z</time>
      </trkpt>
      <trkpt lat="30.650473" lon="104.09789">
        <time>2026-08-03T11:48:30Z</time>
      </trkpt>
      <trkpt lat="30.650473" lon="104.09789">
        <time>2026-08-03T11:48:31Z</time>
      </trkpt>
      <trkpt lat="30.650473" lon="104.09789">
        <time>2026-08-03T11:48:32Z</time>
      </trkpt>
      <trkpt lat="30.65045" lon="104.09788">
        <time>2026-08-03T11:48:33Z</time>
      </trkpt>
      <trkpt lat="30.650434" lon="104.09786">
        <time>2026-08-03T11:48:34Z</time>
      </trkpt>
      <trkpt lat="30.65042" lon="104.097855">
        <time>2026-08-03T11:48:35Z</time>
      </trkpt>
      <trkpt lat="30.6504" lon="104.09784">
        <time>2026-08-03T11:48:36Z</time>
      </trkpt>
      <trkpt lat="30.65037" lon="104.09782">
        <time>2026-08-03T11:48:37Z</time>
      </trkpt>
      <trkpt lat="30.65033" lon="104.09779">
        <time>2026-08-03T11:48:38Z</time>
      </trkpt>
      <trkpt lat="30.650297" lon="104.09778">
        <time>2026-08-03T11:48:39Z</time>
      </trkpt>
      <trkpt lat="30.650269" lon="104.09776">
        <time>2026-08-03T11:48:40Z</time>
      </trkpt>
      <trkpt lat="30.650248" lon="104.097755">
        <time>2026-08-03T11:48:41Z</time>
      </trkpt>
      <trkpt lat="30.650232" lon="104.09775">
        <time>2026-08-03T11:48:42Z</time>
      </trkpt>
      <trkpt lat="30.650217" lon="104.09775">
        <time>2026-08-03T11:48:43Z</time>
      </trkpt>
      <trkpt lat="30.650202" lon="104.09775">
        <time>2026-08-03T11:48:44Z</time>
      </trkpt>
      <trkpt lat="30.650204" lon="104.09775">
        <time>2026-08-03T11:48:45Z</time>
      </trkpt>
      <trkpt lat="30.650204" lon="104.09775">
        <time>2026-08-03T11:48:46Z</time>
      </trkpt>
      <trkpt lat="30.650204" lon="104.09775">
        <time>2026-08-03T11:48:47Z</time>
      </trkpt>
      <trkpt lat="30.650204" lon="104.09775">
        <time>2026-08-03T11:48:48Z</time>
      </trkpt>
      <trkpt lat="30.650204" lon="104.09775">
        <time>2026-08-03T11:48:49Z</time>
      </trkpt>
      <trkpt lat="30.650204" lon="104.09775">
        <time>2026-08-03T11:48:50Z</time>
      </trkpt>
      <trkpt lat="30.650204" lon="104.09775">
        <time>2026-08-03T11:48:51Z</time>
      </trkpt>
      <trkpt lat="30.650204" lon="104.09775">
        <time>2026-08-03T11:48:52Z</time>
      </trkpt>
      <trkpt lat="30.650204" lon="104.09775">
        <time>2026-08-03T11:48:53Z</time>
      </trkpt>
      <trkpt lat="30.650204" lon="104.09775">
        <time>2026-08-03T11:48:54Z</time>
      </trkpt>
      <trkpt lat="30.650204" lon="104.09775">
        <time>2026-08-03T11:48:55Z</time>
      </trkpt>
      <trkpt lat="30.650204" lon="104.09775">
        <time>2026-08-03T11:48:56Z</time>
      </trkpt>
      <trkpt lat="30.650204" lon="104.09775">
        <time>2026-08-03T11:48:57Z</time>
      </trkpt>
      <trkpt lat="30.650204" lon="104.09775">
        <time>2026-08-03T11:48:58Z</time>
      </trkpt>
      <trkpt lat="30.650204" lon="104.09775">
        <time>2026-08-03T11:48:59Z</time>
      </trkpt>
      <trkpt lat="30.650204" lon="104.09775">
        <time>2026-08-03T11:49:00Z</time>
      </trkpt>
      <trkpt lat="30.650204" lon="104.09775">
        <time>2026-08-03T11:49:01Z</time>
      </trkpt>
      <trkpt lat="30.650204" lon="104.09775">
        <time>2026-08-03T11:49:02Z</time>
      </trkpt>
      <trkpt lat="30.650204" lon="104.09775">
        <time>2026-08-03T11:49:03Z</time>
      </trkpt>
      <trkpt lat="30.650204" lon="104.09775">
        <time>2026-08-03T11:49:04Z</time>
      </trkpt>
      <trkpt lat="30.650204" lon="104.09775">
        <time>2026-08-03T11:49:05Z</time>
      </trkpt>
      <trkpt lat="30.650204" lon="104.09775">
        <time>2026-08-03T11:49:06Z</time>
      </trkpt>
      <trkpt lat="30.650204" lon="104.09775">
        <time>2026-08-03T11:49:07Z</time>
      </trkpt>
      <trkpt lat="30.650204" lon="104.09775">
        <time>2026-08-03T11:49:08Z</time>
      </trkpt>
      <trkpt lat="30.650204" lon="104.09775">
        <time>2026-08-03T11:49:09Z</time>
      </trkpt>
      <trkpt lat="30.650204" lon="104.09775">
        <time>2026-08-03T11:49:10Z</time>
      </trkpt>
      <trkpt lat="30.650204" lon="104.09775">
        <time>2026-08-03T11:49:11Z</time>
      </trkpt>
      <trkpt lat="30.650204" lon="104.09775">
        <time>2026-08-03T11:49:12Z</time>
      </trkpt>
      <trkpt lat="30.650204" lon="104.09775">
        <time>2026-08-03T11:49:13Z</time>
      </trkpt>
      <trkpt lat="30.650204" lon="104.09775">
        <time>2026-08-03T11:49:14Z</time>
      </trkpt>
      <trkpt lat="30.650204" lon="104.09775">
        <time>2026-08-03T11:49:15Z</time>
      </trkpt>
      <trkpt lat="30.650204" lon="104.09775">
        <time>2026-08-03T11:49:16Z</time>
      </trkpt>
      <trkpt lat="30.650204" lon="104.09775">
        <time>2026-08-03T11:49:17Z</time>
      </trkpt>
      <trkpt lat="30.650204" lon="104.09775">
        <time>2026-08-03T11:49:18Z</time>
      </trkpt>
      <trkpt lat="30.650215" lon="104.09777">
        <time>2026-08-03T11:49:19Z</time>
      </trkpt>
      <trkpt lat="30.650202" lon="104.09779">
        <time>2026-08-03T11:49:20Z</time>
      </trkpt>
      <trkpt lat="30.650185" lon="104.09782">
        <time>2026-08-03T11:49:21Z</time>
      </trkpt>
      <trkpt lat="30.650167" lon="104.09785">
        <time>2026-08-03T11:49:22Z</time>
      </trkpt>
      <trkpt lat="30.65015" lon="104.097885">
        <time>2026-08-03T11:49:23Z</time>
      </trkpt>
      <trkpt lat="30.65013" lon="104.09794">
        <time>2026-08-03T11:49:24Z</time>
      </trkpt>
      <trkpt lat="30.650106" lon="104.09799">
        <time>2026-08-03T11:49:25Z</time>
      </trkpt>
      <trkpt lat="30.650078" lon="104.098045">
        <time>2026-08-03T11:49:26Z</time>
      </trkpt>
      <trkpt lat="30.650053" lon="104.0981">
        <time>2026-08-03T11:49:27Z</time>
      </trkpt>
      <trkpt lat="30.650028" lon="104.098145">
        <time>2026-08-03T11:49:28Z</time>
      </trkpt>
      <trkpt lat="30.649998" lon="104.0982">
        <time>2026-08-03T11:49:29Z</time>
      </trkpt>
      <trkpt lat="30.649965" lon="104.09826">
        <time>2026-08-03T11:49:30Z</time>
      </trkpt>
      <trkpt lat="30.649937" lon="104.09833">
        <time>2026-08-03T11:49:31Z</time>
      </trkpt>
      <trkpt lat="30.649906" lon="104.098404">
        <time>2026-08-03T11:49:32Z</time>
      </trkpt>
      <trkpt lat="30.64988" lon="104.09847">
        <time>2026-08-03T11:49:33Z</time>
      </trkpt>
      <trkpt lat="30.64986" lon="104.098526">
        <time>2026-08-03T11:49:34Z</time>
      </trkpt>
      <trkpt lat="30.649845" lon="104.09855">
        <time>2026-08-03T11:49:35Z</time>
      </trkpt>
      <trkpt lat="30.649828" lon="104.098595">
        <time>2026-08-03T11:49:36Z</time>
      </trkpt>
      <trkpt lat="30.64981" lon="104.09863">
        <time>2026-08-03T11:49:37Z</time>
      </trkpt>
      <trkpt lat="30.649792" lon="104.09868">
        <time>2026-08-03T11:49:38Z</time>
      </trkpt>
      <trkpt lat="30.64977" lon="104.09873">
        <time>2026-08-03T11:49:39Z</time>
      </trkpt>
      <trkpt lat="30.649752" lon="104.09878">
        <time>2026-08-03T11:49:40Z</time>
      </trkpt>
      <trkpt lat="30.649734" lon="104.09885">
        <time>2026-08-03T11:49:41Z</time>
      </trkpt>
      <trkpt lat="30.64971" lon="104.098915">
        <time>2026-08-03T11:49:42Z</time>
      </trkpt>
      <trkpt lat="30.64968" lon="104.09898">
        <time>2026-08-03T11:49:43Z</time>
      </trkpt>
      <trkpt lat="30.649652" lon="104.09904">
        <time>2026-08-03T11:49:44Z</time>
      </trkpt>
      <trkpt lat="30.649616" lon="104.099106">
        <time>2026-08-03T11:49:45Z</time>
      </trkpt>
      <trkpt lat="30.649582" lon="104.09918">
        <time>2026-08-03T11:49:46Z</time>
      </trkpt>
      <trkpt lat="30.649548" lon="104.09926">
        <time>2026-08-03T11:49:47Z</time>
      </trkpt>
      <trkpt lat="30.649515" lon="104.09933">
        <time>2026-08-03T11:49:48Z</time>
      </trkpt>
      <trkpt lat="30.649483" lon="104.0994">
        <time>2026-08-03T11:49:49Z</time>
      </trkpt>
      <trkpt lat="30.64944" lon="104.09949">
        <time>2026-08-03T11:49:50Z</time>
      </trkpt>
      <trkpt lat="30.649399" lon="104.09958">
        <time>2026-08-03T11:49:51Z</time>
      </trkpt>
      <trkpt lat="30.64936" lon="104.09966">
        <time>2026-08-03T11:49:52Z</time>
      </trkpt>
      <trkpt lat="30.649324" lon="104.09975">
        <time>2026-08-03T11:49:53Z</time>
      </trkpt>
      <trkpt lat="30.649292" lon="104.09982">
        <time>2026-08-03T11:49:54Z</time>
      </trkpt>
      <trkpt lat="30.649254" lon="104.099915">
        <time>2026-08-03T11:49:55Z</time>
      </trkpt>
      <trkpt lat="30.649218" lon="104.09999">
        <time>2026-08-03T11:49:56Z</time>
      </trkpt>
      <trkpt lat="30.649181" lon="104.100075">
        <time>2026-08-03T11:49:57Z</time>
      </trkpt>
      <trkpt lat="30.649113" lon="104.10024">
        <time>2026-08-03T11:49:58Z</time>
      </trkpt>
      <trkpt lat="30.649076" lon="104.10032">
        <time>2026-08-03T11:49:59Z</time>
      </trkpt>
      <trkpt lat="30.649042" lon="104.1004">
        <time>2026-08-03T11:50:01Z</time>
      </trkpt>
      <trkpt lat="30.649004" lon="104.10048">
        <time>2026-08-03T11:50:02Z</time>
      </trkpt>
      <trkpt lat="30.648962" lon="104.100555">
        <time>2026-08-03T11:50:03Z</time>
      </trkpt>
      <trkpt lat="30.648918" lon="104.100624">
        <time>2026-08-03T11:50:04Z</time>
      </trkpt>
      <trkpt lat="30.64888" lon="104.1007">
        <time>2026-08-03T11:50:05Z</time>
      </trkpt>
      <trkpt lat="30.648844" lon="104.10078">
        <time>2026-08-03T11:50:06Z</time>
      </trkpt>
      <trkpt lat="30.648808" lon="104.100845">
        <time>2026-08-03T11:50:07Z</time>
      </trkpt>
      <trkpt lat="30.648771" lon="104.10092">
        <time>2026-08-03T11:50:08Z</time>
      </trkpt>
      <trkpt lat="30.648737" lon="104.10099">
        <time>2026-08-03T11:50:09Z</time>
      </trkpt>
      <trkpt lat="30.648703" lon="104.10107">
        <time>2026-08-03T11:50:10Z</time>
      </trkpt>
      <trkpt lat="30.64867" lon="104.10113">
        <time>2026-08-03T11:50:11Z</time>
      </trkpt>
      <trkpt lat="30.648636" lon="104.1012">
        <time>2026-08-03T11:50:12Z</time>
      </trkpt>
      <trkpt lat="30.6486" lon="104.101265">
        <time>2026-08-03T11:50:13Z</time>
      </trkpt>
      <trkpt lat="30.648563" lon="104.10133">
        <time>2026-08-03T11:50:14Z</time>
      </trkpt>
      <trkpt lat="30.648527" lon="104.1014">
        <time>2026-08-03T11:50:15Z</time>
      </trkpt>
      <trkpt lat="30.648495" lon="104.10146">
        <time>2026-08-03T11:50:16Z</time>
      </trkpt>
      <trkpt lat="30.648464" lon="104.10153">
        <time>2026-08-03T11:50:17Z</time>
      </trkpt>
      <trkpt lat="30.64843" lon="104.10159">
        <time>2026-08-03T11:50:18Z</time>
      </trkpt>
      <trkpt lat="30.648397" lon="104.101654">
        <time>2026-08-03T11:50:19Z</time>
      </trkpt>
      <trkpt lat="30.648365" lon="104.101715">
        <time>2026-08-03T11:50:20Z</time>
      </trkpt>
      <trkpt lat="30.648336" lon="104.101776">
        <time>2026-08-03T11:50:21Z</time>
      </trkpt>
      <trkpt lat="30.648306" lon="104.101845">
        <time>2026-08-03T11:50:22Z</time>
      </trkpt>
      <trkpt lat="30.64828" lon="104.101906">
        <time>2026-08-03T11:50:23Z</time>
      </trkpt>
      <trkpt lat="30.648254" lon="104.10197">
        <time>2026-08-03T11:50:24Z</time>
      </trkpt>
      <trkpt lat="30.648228" lon="104.10203">
        <time>2026-08-03T11:50:25Z</time>
      </trkpt>
      <trkpt lat="30.648201" lon="104.1021">
        <time>2026-08-03T11:50:26Z</time>
      </trkpt>
      <trkpt lat="30.648174" lon="104.10216">
        <time>2026-08-03T11:50:27Z</time>
      </trkpt>
      <trkpt lat="30.648142" lon="104.10222">
        <time>2026-08-03T11:50:28Z</time>
      </trkpt>
      <trkpt lat="30.64811" lon="104.10229">
        <time>2026-08-03T11:50:29Z</time>
      </trkpt>
      <trkpt lat="30.64808" lon="104.10235">
        <time>2026-08-03T11:50:30Z</time>
      </trkpt>
      <trkpt lat="30.64805" lon="104.10241">
        <time>2026-08-03T11:50:31Z</time>
      </trkpt>
      <trkpt lat="30.648022" lon="104.10248">
        <time>2026-08-03T11:50:32Z</time>
      </trkpt>
      <trkpt lat="30.647991" lon="104.10254">
        <time>2026-08-03T11:50:33Z</time>
      </trkpt>
      <trkpt lat="30.64796" lon="104.10261">
        <time>2026-08-03T11:50:34Z</time>
      </trkpt>
      <trkpt lat="30.64793" lon="104.10268">
        <time>2026-08-03T11:50:35Z</time>
      </trkpt>
      <trkpt lat="30.6479" lon="104.102745">
        <time>2026-08-03T11:50:36Z</time>
      </trkpt>
      <trkpt lat="30.647871" lon="104.10281">
        <time>2026-08-03T11:50:37Z</time>
      </trkpt>
      <trkpt lat="30.64784" lon="104.10288">
        <time>2026-08-03T11:50:38Z</time>
      </trkpt>
      <trkpt lat="30.647806" lon="104.10295">
        <time>2026-08-03T11:50:39Z</time>
      </trkpt>
      <trkpt lat="30.647774" lon="104.10302">
        <time>2026-08-03T11:50:40Z</time>
      </trkpt>
      <trkpt lat="30.647741" lon="104.103096">
        <time>2026-08-03T11:50:41Z</time>
      </trkpt>
      <trkpt lat="30.647709" lon="104.103165">
        <time>2026-08-03T11:50:42Z</time>
      </trkpt>
      <trkpt lat="30.647676" lon="104.10324">
        <time>2026-08-03T11:50:43Z</time>
      </trkpt>
      <trkpt lat="30.647646" lon="104.10332">
        <time>2026-08-03T11:50:44Z</time>
      </trkpt>
      <trkpt lat="30.647614" lon="104.103386">
        <time>2026-08-03T11:50:45Z</time>
      </trkpt>
      <trkpt lat="30.64758" lon="104.10346">
        <time>2026-08-03T11:50:46Z</time>
      </trkpt>
      <trkpt lat="30.647541" lon="104.10354">
        <time>2026-08-03T11:50:47Z</time>
      </trkpt>
      <trkpt lat="30.647505" lon="104.10361">
        <time>2026-08-03T11:50:48Z</time>
      </trkpt>
      <trkpt lat="30.647469" lon="104.103676">
        <time>2026-08-03T11:50:49Z</time>
      </trkpt>
      <trkpt lat="30.647429" lon="104.103745">
        <time>2026-08-03T11:50:50Z</time>
      </trkpt>
      <trkpt lat="30.647388" lon="104.10381">
        <time>2026-08-03T11:50:51Z</time>
      </trkpt>
      <trkpt lat="30.647352" lon="104.103874">
        <time>2026-08-03T11:50:52Z</time>
      </trkpt>
      <trkpt lat="30.64732" lon="104.103935">
        <time>2026-08-03T11:50:53Z</time>
      </trkpt>
      <trkpt lat="30.64729" lon="104.104004">
        <time>2026-08-03T11:50:54Z</time>
      </trkpt>
      <trkpt lat="30.64726" lon="104.104065">
        <time>2026-08-03T11:50:55Z</time>
      </trkpt>
      <trkpt lat="30.64723" lon="104.10413">
        <time>2026-08-03T11:50:56Z</time>
      </trkpt>
      <trkpt lat="30.6472" lon="104.10419">
        <time>2026-08-03T11:50:57Z</time>
      </trkpt>
      <trkpt lat="30.64717" lon="104.104256">
        <time>2026-08-03T11:50:58Z</time>
      </trkpt>
      <trkpt lat="30.647139" lon="104.104324">
        <time>2026-08-03T11:50:59Z</time>
      </trkpt>
      <trkpt lat="30.647104" lon="104.10439">
        <time>2026-08-03T11:51:00Z</time>
      </trkpt>
      <trkpt lat="30.647072" lon="104.104454">
        <time>2026-08-03T11:51:01Z</time>
      </trkpt>
      <trkpt lat="30.647038" lon="104.10452">
        <time>2026-08-03T11:51:02Z</time>
      </trkpt>
      <trkpt lat="30.647003" lon="104.10459">
        <time>2026-08-03T11:51:03Z</time>
      </trkpt>
      <trkpt lat="30.64697" lon="104.10465">
        <time>2026-08-03T11:51:04Z</time>
      </trkpt>
      <trkpt lat="30.646938" lon="104.10472">
        <time>2026-08-03T11:51:05Z</time>
      </trkpt>
      <trkpt lat="30.646906" lon="104.10479">
        <time>2026-08-03T11:51:06Z</time>
      </trkpt>
      <trkpt lat="30.646877" lon="104.10486">
        <time>2026-08-03T11:51:07Z</time>
      </trkpt>
      <trkpt lat="30.646845" lon="104.10493">
        <time>2026-08-03T11:51:08Z</time>
      </trkpt>
      <trkpt lat="30.646812" lon="104.104996">
        <time>2026-08-03T11:51:09Z</time>
      </trkpt>
      <trkpt lat="30.64678" lon="104.10506">
        <time>2026-08-03T11:51:10Z</time>
      </trkpt>
      <trkpt lat="30.646751" lon="104.10511">
        <time>2026-08-03T11:51:11Z</time>
      </trkpt>
      <trkpt lat="30.646729" lon="104.105156">
        <time>2026-08-03T11:51:12Z</time>
      </trkpt>
      <trkpt lat="30.646704" lon="104.1052">
        <time>2026-08-03T11:51:13Z</time>
      </trkpt>
      <trkpt lat="30.646675" lon="104.10524">
        <time>2026-08-03T11:51:14Z</time>
      </trkpt>
      <trkpt lat="30.646645" lon="104.10528">
        <time>2026-08-03T11:51:15Z</time>
      </trkpt>
      <trkpt lat="30.64662" lon="104.10532">
        <time>2026-08-03T11:51:16Z</time>
      </trkpt>
      <trkpt lat="30.646593" lon="104.10538">
        <time>2026-08-03T11:51:17Z</time>
      </trkpt>
      <trkpt lat="30.646566" lon="104.10543">
        <time>2026-08-03T11:51:18Z</time>
      </trkpt>
      <trkpt lat="30.646538" lon="104.105484">
        <time>2026-08-03T11:51:19Z</time>
      </trkpt>
      <trkpt lat="30.646511" lon="104.10554">
        <time>2026-08-03T11:51:20Z</time>
      </trkpt>
      <trkpt lat="30.64648" lon="104.1056">
        <time>2026-08-03T11:51:21Z</time>
      </trkpt>
      <trkpt lat="30.64645" lon="104.10567">
        <time>2026-08-03T11:51:22Z</time>
      </trkpt>
      <trkpt lat="30.646421" lon="104.10573">
        <time>2026-08-03T11:51:23Z</time>
      </trkpt>
      <trkpt lat="30.64639" lon="104.1058">
        <time>2026-08-03T11:51:24Z</time>
      </trkpt>
      <trkpt lat="30.646364" lon="104.10586">
        <time>2026-08-03T11:51:25Z</time>
      </trkpt>
      <trkpt lat="30.646336" lon="104.10593">
        <time>2026-08-03T11:51:26Z</time>
      </trkpt>
      <trkpt lat="30.646303" lon="104.105995">
        <time>2026-08-03T11:51:27Z</time>
      </trkpt>
      <trkpt lat="30.64627" lon="104.106064">
        <time>2026-08-03T11:51:28Z</time>
      </trkpt>
      <trkpt lat="30.646236" lon="104.106125">
        <time>2026-08-03T11:51:29Z</time>
      </trkpt>
      <trkpt lat="30.646204" lon="104.10619">
        <time>2026-08-03T11:51:30Z</time>
      </trkpt>
      <trkpt lat="30.646168" lon="104.10626">
        <time>2026-08-03T11:51:31Z</time>
      </trkpt>
      <trkpt lat="30.64614" lon="104.10633">
        <time>2026-08-03T11:51:32Z</time>
      </trkpt>
      <trkpt lat="30.646105" lon="104.1064">
        <time>2026-08-03T11:51:33Z</time>
      </trkpt>
      <trkpt lat="30.646074" lon="104.10647">
        <time>2026-08-03T11:51:34Z</time>
      </trkpt>
      <trkpt lat="30.646044" lon="104.10654">
        <time>2026-08-03T11:51:35Z</time>
      </trkpt>
      <trkpt lat="30.646013" lon="104.10661">
        <time>2026-08-03T11:51:36Z</time>
      </trkpt>
      <trkpt lat="30.645983" lon="104.10668">
        <time>2026-08-03T11:51:37Z</time>
      </trkpt>
      <trkpt lat="30.645945" lon="104.10676">
        <time>2026-08-03T11:51:38Z</time>
      </trkpt>
      <trkpt lat="30.645914" lon="104.106834">
        <time>2026-08-03T11:51:39Z</time>
      </trkpt>
      <trkpt lat="30.64588" lon="104.10691">
        <time>2026-08-03T11:51:40Z</time>
      </trkpt>
      <trkpt lat="30.64585" lon="104.10697">
        <time>2026-08-03T11:51:41Z</time>
      </trkpt>
      <trkpt lat="30.645823" lon="104.10704">
        <time>2026-08-03T11:51:42Z</time>
      </trkpt>
      <trkpt lat="30.645803" lon="104.1071">
        <time>2026-08-03T11:51:43Z</time>
      </trkpt>
      <trkpt lat="30.645782" lon="104.10717">
        <time>2026-08-03T11:51:44Z</time>
      </trkpt>
      <trkpt lat="30.645756" lon="104.10724">
        <time>2026-08-03T11:51:45Z</time>
      </trkpt>
      <trkpt lat="30.645727" lon="104.10731">
        <time>2026-08-03T11:51:46Z</time>
      </trkpt>
      <trkpt lat="30.645699" lon="104.10737">
        <time>2026-08-03T11:51:47Z</time>
      </trkpt>
      <trkpt lat="30.645672" lon="104.10743">
        <time>2026-08-03T11:51:48Z</time>
      </trkpt>
      <trkpt lat="30.64562" lon="104.10755">
        <time>2026-08-03T11:51:49Z</time>
      </trkpt>
      <trkpt lat="30.645586" lon="104.10762">
        <time>2026-08-03T11:51:50Z</time>
      </trkpt>
      <trkpt lat="30.64555" lon="104.10768">
        <time>2026-08-03T11:51:52Z</time>
      </trkpt>
      <trkpt lat="30.645508" lon="104.10774">
        <time>2026-08-03T11:51:53Z</time>
      </trkpt>
      <trkpt lat="30.645454" lon="104.107834">
        <time>2026-08-03T11:51:54Z</time>
      </trkpt>
      <trkpt lat="30.64544" lon="104.107864">
        <time>2026-08-03T11:51:55Z</time>
      </trkpt>
      <trkpt lat="30.645424" lon="104.10788">
        <time>2026-08-03T11:51:56Z</time>
      </trkpt>
      <trkpt lat="30.645412" lon="104.107895">
        <time>2026-08-03T11:51:58Z</time>
      </trkpt>
      <trkpt lat="30.6454" lon="104.10792">
        <time>2026-08-03T11:51:59Z</time>
      </trkpt>
      <trkpt lat="30.645382" lon="104.10793">
        <time>2026-08-03T11:52:00Z</time>
      </trkpt>
      <trkpt lat="30.64536" lon="104.10795">
        <time>2026-08-03T11:52:01Z</time>
      </trkpt>
      <trkpt lat="30.645332" lon="104.10797">
        <time>2026-08-03T11:52:02Z</time>
      </trkpt>
      <trkpt lat="30.645292" lon="104.10801">
        <time>2026-08-03T11:52:03Z</time>
      </trkpt>
      <trkpt lat="30.645247" lon="104.108055">
        <time>2026-08-03T11:52:04Z</time>
      </trkpt>
      <trkpt lat="30.64521" lon="104.10809">
        <time>2026-08-03T11:52:05Z</time>
      </trkpt>
      <trkpt lat="30.645176" lon="104.10814">
        <time>2026-08-03T11:52:06Z</time>
      </trkpt>
      <trkpt lat="30.64515" lon="104.108185">
        <time>2026-08-03T11:52:07Z</time>
      </trkpt>
      <trkpt lat="30.645136" lon="104.10825">
        <time>2026-08-03T11:52:08Z</time>
      </trkpt>
      <trkpt lat="30.64512" lon="104.10833">
        <time>2026-08-03T11:52:09Z</time>
      </trkpt>
      <trkpt lat="30.6451" lon="104.108406">
        <time>2026-08-03T11:52:10Z</time>
      </trkpt>
      <trkpt lat="30.645084" lon="104.108475">
        <time>2026-08-03T11:52:11Z</time>
      </trkpt>
      <trkpt lat="30.645056" lon="104.10856">
        <time>2026-08-03T11:52:12Z</time>
      </trkpt>
      <trkpt lat="30.645033" lon="104.108635">
        <time>2026-08-03T11:52:13Z</time>
      </trkpt>
      <trkpt lat="30.645004" lon="104.10871">
        <time>2026-08-03T11:52:14Z</time>
      </trkpt>
      <trkpt lat="30.64497" lon="104.108795">
        <time>2026-08-03T11:52:15Z</time>
      </trkpt>
      <trkpt lat="30.644936" lon="104.10888">
        <time>2026-08-03T11:52:16Z</time>
      </trkpt>
      <trkpt lat="30.644897" lon="104.108955">
        <time>2026-08-03T11:52:17Z</time>
      </trkpt>
      <trkpt lat="30.644867" lon="104.10903">
        <time>2026-08-03T11:52:18Z</time>
      </trkpt>
      <trkpt lat="30.64483" lon="104.10912">
        <time>2026-08-03T11:52:19Z</time>
      </trkpt>
      <trkpt lat="30.644798" lon="104.1092">
        <time>2026-08-03T11:52:20Z</time>
      </trkpt>
      <trkpt lat="30.64476" lon="104.10928">
        <time>2026-08-03T11:52:21Z</time>
      </trkpt>
      <trkpt lat="30.644718" lon="104.109375">
        <time>2026-08-03T11:52:22Z</time>
      </trkpt>
      <trkpt lat="30.644676" lon="104.10946">
        <time>2026-08-03T11:52:23Z</time>
      </trkpt>
      <trkpt lat="30.644632" lon="104.10955">
        <time>2026-08-03T11:52:24Z</time>
      </trkpt>
      <trkpt lat="30.64459" lon="104.109634">
        <time>2026-08-03T11:52:25Z</time>
      </trkpt>
      <trkpt lat="30.644552" lon="104.109726">
        <time>2026-08-03T11:52:26Z</time>
      </trkpt>
      <trkpt lat="30.644514" lon="104.10982">
        <time>2026-08-03T11:52:27Z</time>
      </trkpt>
      <trkpt lat="30.644476" lon="104.10991">
        <time>2026-08-03T11:52:28Z</time>
      </trkpt>
      <trkpt lat="30.644436" lon="104.11">
        <time>2026-08-03T11:52:29Z</time>
      </trkpt>
      <trkpt lat="30.644396" lon="104.11009">
        <time>2026-08-03T11:52:30Z</time>
      </trkpt>
      <trkpt lat="30.644356" lon="104.11018">
        <time>2026-08-03T11:52:31Z</time>
      </trkpt>
      <trkpt lat="30.644316" lon="104.110275">
        <time>2026-08-03T11:52:32Z</time>
      </trkpt>
      <trkpt lat="30.644278" lon="104.11037">
        <time>2026-08-03T11:52:33Z</time>
      </trkpt>
      <trkpt lat="30.644238" lon="104.11046">
        <time>2026-08-03T11:52:34Z</time>
      </trkpt>
      <trkpt lat="30.644186" lon="104.11055">
        <time>2026-08-03T11:52:35Z</time>
      </trkpt>
      <trkpt lat="30.644138" lon="104.11064">
        <time>2026-08-03T11:52:36Z</time>
      </trkpt>
      <trkpt lat="30.644093" lon="104.11073">
        <time>2026-08-03T11:52:37Z</time>
      </trkpt>
      <trkpt lat="30.644049" lon="104.110825">
        <time>2026-08-03T11:52:38Z</time>
      </trkpt>
      <trkpt lat="30.644005" lon="104.110916">
        <time>2026-08-03T11:52:39Z</time>
      </trkpt>
      <trkpt lat="30.64396" lon="104.111015">
        <time>2026-08-03T11:52:40Z</time>
      </trkpt>
      <trkpt lat="30.643913" lon="104.11111">
        <time>2026-08-03T11:52:41Z</time>
      </trkpt>
      <trkpt lat="30.64387" lon="104.1112">
        <time>2026-08-03T11:52:42Z</time>
      </trkpt>
      <trkpt lat="30.643827" lon="104.11129">
        <time>2026-08-03T11:52:43Z</time>
      </trkpt>
      <trkpt lat="30.643784" lon="104.111374">
        <time>2026-08-03T11:52:44Z</time>
      </trkpt>
      <trkpt lat="30.643736" lon="104.11146">
        <time>2026-08-03T11:52:45Z</time>
      </trkpt>
      <trkpt lat="30.643692" lon="104.111534">
        <time>2026-08-03T11:52:46Z</time>
      </trkpt>
      <trkpt lat="30.64365" lon="104.11162">
        <time>2026-08-03T11:52:47Z</time>
      </trkpt>
      <trkpt lat="30.643616" lon="104.1117">
        <time>2026-08-03T11:52:48Z</time>
      </trkpt>
      <trkpt lat="30.643578" lon="104.11178">
        <time>2026-08-03T11:52:49Z</time>
      </trkpt>
      <trkpt lat="30.643538" lon="104.11185">
        <time>2026-08-03T11:52:50Z</time>
      </trkpt>
      <trkpt lat="30.643492" lon="104.11192">
        <time>2026-08-03T11:52:51Z</time>
      </trkpt>
      <trkpt lat="30.643444" lon="104.11201">
        <time>2026-08-03T11:52:52Z</time>
      </trkpt>
      <trkpt lat="30.643394" lon="104.11209">
        <time>2026-08-03T11:52:53Z</time>
      </trkpt>
      <trkpt lat="30.643353" lon="104.112175">
        <time>2026-08-03T11:52:54Z</time>
      </trkpt>
      <trkpt lat="30.643314" lon="104.11226">
        <time>2026-08-03T11:52:55Z</time>
      </trkpt>
      <trkpt lat="30.643276" lon="104.112335">
        <time>2026-08-03T11:52:56Z</time>
      </trkpt>
      <trkpt lat="30.643248" lon="104.112404">
        <time>2026-08-03T11:52:57Z</time>
      </trkpt>
      <trkpt lat="30.64322" lon="104.11247">
        <time>2026-08-03T11:52:58Z</time>
      </trkpt>
      <trkpt lat="30.643185" lon="104.11254">
        <time>2026-08-03T11:52:59Z</time>
      </trkpt>
      <trkpt lat="30.643152" lon="104.11261">
        <time>2026-08-03T11:53:00Z</time>
      </trkpt>
      <trkpt lat="30.643122" lon="104.11268">
        <time>2026-08-03T11:53:01Z</time>
      </trkpt>
      <trkpt lat="30.64309" lon="104.112755">
        <time>2026-08-03T11:53:02Z</time>
      </trkpt>
      <trkpt lat="30.64306" lon="104.112816">
        <time>2026-08-03T11:53:03Z</time>
      </trkpt>
      <trkpt lat="30.64303" lon="104.112885">
        <time>2026-08-03T11:53:04Z</time>
      </trkpt>
      <trkpt lat="30.643" lon="104.112946">
        <time>2026-08-03T11:53:05Z</time>
      </trkpt>
      <trkpt lat="30.642967" lon="104.113014">
        <time>2026-08-03T11:53:06Z</time>
      </trkpt>
      <trkpt lat="30.642935" lon="104.113075">
        <time>2026-08-03T11:53:07Z</time>
      </trkpt>
      <trkpt lat="30.642904" lon="104.113144">
        <time>2026-08-03T11:53:08Z</time>
      </trkpt>
      <trkpt lat="30.642874" lon="104.113205">
        <time>2026-08-03T11:53:09Z</time>
      </trkpt>
      <trkpt lat="30.642841" lon="104.11327">
        <time>2026-08-03T11:53:10Z</time>
      </trkpt>
      <trkpt lat="30.64281" lon="104.113335">
        <time>2026-08-03T11:53:11Z</time>
      </trkpt>
      <trkpt lat="30.642776" lon="104.113396">
        <time>2026-08-03T11:53:12Z</time>
      </trkpt>
      <trkpt lat="30.642746" lon="104.11346">
        <time>2026-08-03T11:53:13Z</time>
      </trkpt>
      <trkpt lat="30.642717" lon="104.113525">
        <time>2026-08-03T11:53:14Z</time>
      </trkpt>
      <trkpt lat="30.642687" lon="104.11359">
        <time>2026-08-03T11:53:15Z</time>
      </trkpt>
      <trkpt lat="30.642656" lon="104.11365">
        <time>2026-08-03T11:53:16Z</time>
      </trkpt>
      <trkpt lat="30.642626" lon="104.11371">
        <time>2026-08-03T11:53:17Z</time>
      </trkpt>
      <trkpt lat="30.6426" lon="104.11376">
        <time>2026-08-03T11:53:18Z</time>
      </trkpt>
      <trkpt lat="30.64257" lon="104.11382">
        <time>2026-08-03T11:53:19Z</time>
      </trkpt>
      <trkpt lat="30.642546" lon="104.113884">
        <time>2026-08-03T11:53:20Z</time>
      </trkpt>
      <trkpt lat="30.64252" lon="104.11394">
        <time>2026-08-03T11:53:21Z</time>
      </trkpt>
      <trkpt lat="30.642496" lon="104.11399">
        <time>2026-08-03T11:53:22Z</time>
      </trkpt>
      <trkpt lat="30.64247" lon="104.11404">
        <time>2026-08-03T11:53:23Z</time>
      </trkpt>
      <trkpt lat="30.642445" lon="104.11409">
        <time>2026-08-03T11:53:24Z</time>
      </trkpt>
      <trkpt lat="30.642422" lon="104.114136">
        <time>2026-08-03T11:53:25Z</time>
      </trkpt>
      <trkpt lat="30.642399" lon="104.11418">
        <time>2026-08-03T11:53:26Z</time>
      </trkpt>
      <trkpt lat="30.642376" lon="104.11423">
        <time>2026-08-03T11:53:27Z</time>
      </trkpt>
      <trkpt lat="30.642353" lon="104.11427">
        <time>2026-08-03T11:53:28Z</time>
      </trkpt>
      <trkpt lat="30.642332" lon="104.11432">
        <time>2026-08-03T11:53:29Z</time>
      </trkpt>
      <trkpt lat="30.64231" lon="104.114365">
        <time>2026-08-03T11:53:30Z</time>
      </trkpt>
      <trkpt lat="30.64229" lon="104.1144">
        <time>2026-08-03T11:53:31Z</time>
      </trkpt>
      <trkpt lat="30.642271" lon="104.11445">
        <time>2026-08-03T11:53:32Z</time>
      </trkpt>
      <trkpt lat="30.642252" lon="104.11449">
        <time>2026-08-03T11:53:33Z</time>
      </trkpt>
      <trkpt lat="30.642235" lon="104.114525">
        <time>2026-08-03T11:53:34Z</time>
      </trkpt>
      <trkpt lat="30.64222" lon="104.114555">
        <time>2026-08-03T11:53:35Z</time>
      </trkpt>
      <trkpt lat="30.642204" lon="104.11459">
        <time>2026-08-03T11:53:36Z</time>
      </trkpt>
      <trkpt lat="30.64219" lon="104.11463">
        <time>2026-08-03T11:53:37Z</time>
      </trkpt>
      <trkpt lat="30.642176" lon="104.11466">
        <time>2026-08-03T11:53:38Z</time>
      </trkpt>
      <trkpt lat="30.642157" lon="104.11469">
        <time>2026-08-03T11:53:39Z</time>
      </trkpt>
      <trkpt lat="30.64214" lon="104.11472">
        <time>2026-08-03T11:53:40Z</time>
      </trkpt>
      <trkpt lat="30.642124" lon="104.11475">
        <time>2026-08-03T11:53:41Z</time>
      </trkpt>
      <trkpt lat="30.642113" lon="104.114784">
        <time>2026-08-03T11:53:42Z</time>
      </trkpt>
      <trkpt lat="30.6421" lon="104.11481">
        <time>2026-08-03T11:53:43Z</time>
      </trkpt>
      <trkpt lat="30.64209" lon="104.11483">
        <time>2026-08-03T11:53:44Z</time>
      </trkpt>
      <trkpt lat="30.64208" lon="104.11485">
        <time>2026-08-03T11:53:45Z</time>
      </trkpt>
      <trkpt lat="30.64207" lon="104.114876">
        <time>2026-08-03T11:53:46Z</time>
      </trkpt>
      <trkpt lat="30.642065" lon="104.11489">
        <time>2026-08-03T11:53:47Z</time>
      </trkpt>
      <trkpt lat="30.64206" lon="104.11491">
        <time>2026-08-03T11:53:48Z</time>
      </trkpt>
      <trkpt lat="30.642057" lon="104.114914">
        <time>2026-08-03T11:53:49Z</time>
      </trkpt>
      <trkpt lat="30.64205" lon="104.11493">
        <time>2026-08-03T11:53:50Z</time>
      </trkpt>
      <trkpt lat="30.642046" lon="104.11494">
        <time>2026-08-03T11:53:51Z</time>
      </trkpt>
      <trkpt lat="30.642042" lon="104.11495">
        <time>2026-08-03T11:53:52Z</time>
      </trkpt>
      <trkpt lat="30.642036" lon="104.11496">
        <time>2026-08-03T11:53:53Z</time>
      </trkpt>
      <trkpt lat="30.642036" lon="104.11496">
        <time>2026-08-03T11:53:54Z</time>
      </trkpt>
      <trkpt lat="30.642036" lon="104.11496">
        <time>2026-08-03T11:53:55Z</time>
      </trkpt>
      <trkpt lat="30.642036" lon="104.11496">
        <time>2026-08-03T11:53:56Z</time>
      </trkpt>
      <trkpt lat="30.642036" lon="104.11496">
        <time>2026-08-03T11:53:57Z</time>
      </trkpt>
      <trkpt lat="30.642036" lon="104.11496">
        <time>2026-08-03T11:53:58Z</time>
      </trkpt>
      <trkpt lat="30.642036" lon="104.11496">
        <time>2026-08-03T11:53:59Z</time>
      </trkpt>
      <trkpt lat="30.642036" lon="104.11496">
        <time>2026-08-03T11:54:00Z</time>
      </trkpt>
      <trkpt lat="30.642036" lon="104.11496">
        <time>2026-08-03T11:54:01Z</time>
      </trkpt>
      <trkpt lat="30.642036" lon="104.11496">
        <time>2026-08-03T11:54:02Z</time>
      </trkpt>
      <trkpt lat="30.642036" lon="104.11496">
        <time>2026-08-03T11:54:03Z</time>
      </trkpt>
      <trkpt lat="30.642036" lon="104.11496">
        <time>2026-08-03T11:54:04Z</time>
      </trkpt>
      <trkpt lat="30.642036" lon="104.11496">
        <time>2026-08-03T11:54:05Z</time>
      </trkpt>
      <trkpt lat="30.642036" lon="104.11496">
        <time>2026-08-03T11:54:06Z</time>
      </trkpt>
      <trkpt lat="30.642036" lon="104.11496">
        <time>2026-08-03T11:54:07Z</time>
      </trkpt>
      <trkpt lat="30.642036" lon="104.11496">
        <time>2026-08-03T11:54:08Z</time>
      </trkpt>
      <trkpt lat="30.642036" lon="104.11496">
        <time>2026-08-03T11:54:09Z</time>
      </trkpt>
      <trkpt lat="30.642036" lon="104.11496">
        <time>2026-08-03T11:54:10Z</time>
      </trkpt>
      <trkpt lat="30.642036" lon="104.11496">
        <time>2026-08-03T11:54:11Z</time>
      </trkpt>
      <trkpt lat="30.642036" lon="104.11496">
        <time>2026-08-03T11:54:12Z</time>
      </trkpt>
      <trkpt lat="30.642036" lon="104.11496">
        <time>2026-08-03T11:54:13Z</time>
      </trkpt>
      <trkpt lat="30.642036" lon="104.11496">
        <time>2026-08-03T11:54:14Z</time>
      </trkpt>
      <trkpt lat="30.642036" lon="104.11496">
        <time>2026-08-03T11:54:15Z</time>
      </trkpt>
      <trkpt lat="30.642036" lon="104.11496">
        <time>2026-08-03T11:54:16Z</time>
      </trkpt>
      <trkpt lat="30.642036" lon="104.11496">
        <time>2026-08-03T11:54:17Z</time>
      </trkpt>
      <trkpt lat="30.642036" lon="104.11496">
        <time>2026-08-03T11:54:18Z</time>
      </trkpt>
      <trkpt lat="30.642036" lon="104.11496">
        <time>2026-08-03T11:54:19Z</time>
      </trkpt>
      <trkpt lat="30.642036" lon="104.11496">
        <time>2026-08-03T11:54:20Z</time>
      </trkpt>
      <trkpt lat="30.642036" lon="104.11496">
        <time>2026-08-03T11:54:21Z</time>
      </trkpt>
      <trkpt lat="30.642036" lon="104.11496">
        <time>2026-08-03T11:54:22Z</time>
      </trkpt>
      <trkpt lat="30.642036" lon="104.11496">
        <time>2026-08-03T11:54:23Z</time>
      </trkpt>
      <trkpt lat="30.642036" lon="104.11496">
        <time>2026-08-03T11:54:24Z</time>
      </trkpt>
      <trkpt lat="30.642036" lon="104.11496">
        <time>2026-08-03T11:54:25Z</time>
      </trkpt>
      <trkpt lat="30.642036" lon="104.11496">
        <time>2026-08-03T11:54:26Z</time>
      </trkpt>
      <trkpt lat="30.642036" lon="104.11496">
        <time>2026-08-03T11:54:27Z</time>
      </trkpt>
      <trkpt lat="30.642036" lon="104.11496">
        <time>2026-08-03T11:54:28Z</time>
      </trkpt>
      <trkpt lat="30.642036" lon="104.11496">
        <time>2026-08-03T11:54:29Z</time>
      </trkpt>
      <trkpt lat="30.642036" lon="104.11496">
        <time>2026-08-03T11:54:30Z</time>
      </trkpt>
      <trkpt lat="30.642036" lon="104.11496">
        <time>2026-08-03T11:54:31Z</time>
      </trkpt>
      <trkpt lat="30.642036" lon="104.11496">
        <time>2026-08-03T11:54:32Z</time>
      </trkpt>
      <trkpt lat="30.642036" lon="104.11496">
        <time>2026-08-03T11:54:33Z</time>
      </trkpt>
      <trkpt lat="30.642036" lon="104.11496">
        <time>2026-08-03T11:54:34Z</time>
      </trkpt>
      <trkpt lat="30.642036" lon="104.11496">
        <time>2026-08-03T11:54:35Z</time>
      </trkpt>
      <trkpt lat="30.642025" lon="104.115">
        <time>2026-08-03T11:54:36Z</time>
      </trkpt>
      <trkpt lat="30.642006" lon="104.115036">
        <time>2026-08-03T11:54:37Z</time>
      </trkpt>
      <trkpt lat="30.641987" lon="104.11508">
        <time>2026-08-03T11:54:38Z</time>
      </trkpt>
      <trkpt lat="30.641966" lon="104.11514">
        <time>2026-08-03T11:54:39Z</time>
      </trkpt>
      <trkpt lat="30.641945" lon="104.115204">
        <time>2026-08-03T11:54:40Z</time>
      </trkpt>
      <trkpt lat="30.641926" lon="104.11526">
        <time>2026-08-03T11:54:41Z</time>
      </trkpt>
      <trkpt lat="30.641905" lon="104.115326">
        <time>2026-08-03T11:54:42Z</time>
      </trkpt>
      <trkpt lat="30.641878" lon="104.1154">
        <time>2026-08-03T11:54:43Z</time>
      </trkpt>
      <trkpt lat="30.641855" lon="104.11547">
        <time>2026-08-03T11:54:44Z</time>
      </trkpt>
      <trkpt lat="30.641832" lon="104.11554">
        <time>2026-08-03T11:54:45Z</time>
      </trkpt>
      <trkpt lat="30.641808" lon="104.11561">
        <time>2026-08-03T11:54:46Z</time>
      </trkpt>
      <trkpt lat="30.641773" lon="104.11566">
        <time>2026-08-03T11:54:47Z</time>
      </trkpt>
      <trkpt lat="30.64174" lon="104.11572">
        <time>2026-08-03T11:54:48Z</time>
      </trkpt>
      <trkpt lat="30.641712" lon="104.11579">
        <time>2026-08-03T11:54:49Z</time>
      </trkpt>
      <trkpt lat="30.64168" lon="104.11586">
        <time>2026-08-03T11:54:50Z</time>
      </trkpt>
      <trkpt lat="30.641647" lon="104.11593">
        <time>2026-08-03T11:54:51Z</time>
      </trkpt>
      <trkpt lat="30.641615" lon="104.116">
        <time>2026-08-03T11:54:52Z</time>
      </trkpt>
      <trkpt lat="30.641579" lon="104.11607">
        <time>2026-08-03T11:54:53Z</time>
      </trkpt>
      <trkpt lat="30.641542" lon="104.11614">
        <time>2026-08-03T11:54:54Z</time>
      </trkpt>
      <trkpt lat="30.64151" lon="104.11621">
        <time>2026-08-03T11:54:55Z</time>
      </trkpt>
      <trkpt lat="30.641478" lon="104.11629">
        <time>2026-08-03T11:54:56Z</time>
      </trkpt>
      <trkpt lat="30.641443" lon="104.116356">
        <time>2026-08-03T11:54:57Z</time>
      </trkpt>
      <trkpt lat="30.641417" lon="104.11642">
        <time>2026-08-03T11:54:58Z</time>
      </trkpt>
      <trkpt lat="30.641397" lon="104.11648">
        <time>2026-08-03T11:54:59Z</time>
      </trkpt>
      <trkpt lat="30.641378" lon="104.11652">
        <time>2026-08-03T11:55:00Z</time>
      </trkpt>
      <trkpt lat="30.641357" lon="104.11657">
        <time>2026-08-03T11:55:01Z</time>
      </trkpt>
      <trkpt lat="30.641344" lon="104.116615">
        <time>2026-08-03T11:55:02Z</time>
      </trkpt>
      <trkpt lat="30.641329" lon="104.11667">
        <time>2026-08-03T11:55:03Z</time>
      </trkpt>
      <trkpt lat="30.641304" lon="104.11672">
        <time>2026-08-03T11:55:04Z</time>
      </trkpt>
      <trkpt lat="30.64128" lon="104.11677">
        <time>2026-08-03T11:55:05Z</time>
      </trkpt>
      <trkpt lat="30.64125" lon="104.11682">
        <time>2026-08-03T11:55:06Z</time>
      </trkpt>
      <trkpt lat="30.641218" lon="104.116875">
        <time>2026-08-03T11:55:07Z</time>
      </trkpt>
      <trkpt lat="30.64119" lon="104.11693">
        <time>2026-08-03T11:55:08Z</time>
      </trkpt>
      <trkpt lat="30.64116" lon="104.11699">
        <time>2026-08-03T11:55:09Z</time>
      </trkpt>
      <trkpt lat="30.641134" lon="104.11704">
        <time>2026-08-03T11:55:10Z</time>
      </trkpt>
      <trkpt lat="30.641106" lon="104.117096">
        <time>2026-08-03T11:55:11Z</time>
      </trkpt>
      <trkpt lat="30.64108" lon="104.11715">
        <time>2026-08-03T11:55:12Z</time>
      </trkpt>
      <trkpt lat="30.641054" lon="104.11721">
        <time>2026-08-03T11:55:13Z</time>
      </trkpt>
      <trkpt lat="30.641022" lon="104.11726">
        <time>2026-08-03T11:55:14Z</time>
      </trkpt>
      <trkpt lat="30.640987" lon="104.11732">
        <time>2026-08-03T11:55:15Z</time>
      </trkpt>
      <trkpt lat="30.640951" lon="104.11737">
        <time>2026-08-03T11:55:16Z</time>
      </trkpt>
      <trkpt lat="30.640919" lon="104.117424">
        <time>2026-08-03T11:55:17Z</time>
      </trkpt>
      <trkpt lat="30.640888" lon="104.11748">
        <time>2026-08-03T11:55:18Z</time>
      </trkpt>
      <trkpt lat="30.640856" lon="104.117546">
        <time>2026-08-03T11:55:19Z</time>
      </trkpt>
      <trkpt lat="30.640825" lon="104.11762">
        <time>2026-08-03T11:55:20Z</time>
      </trkpt>
      <trkpt lat="30.640793" lon="104.11769">
        <time>2026-08-03T11:55:21Z</time>
      </trkpt>
      <trkpt lat="30.64076" lon="104.11776">
        <time>2026-08-03T11:55:22Z</time>
      </trkpt>
      <trkpt lat="30.640732" lon="104.11783">
        <time>2026-08-03T11:55:23Z</time>
      </trkpt>
      <trkpt lat="30.640705" lon="104.117905">
        <time>2026-08-03T11:55:24Z</time>
      </trkpt>
      <trkpt lat="30.640678" lon="104.11797">
        <time>2026-08-03T11:55:25Z</time>
      </trkpt>
      <trkpt lat="30.640644" lon="104.118034">
        <time>2026-08-03T11:55:26Z</time>
      </trkpt>
      <trkpt lat="30.640608" lon="104.118095">
        <time>2026-08-03T11:55:27Z</time>
      </trkpt>
      <trkpt lat="30.640574" lon="104.11815">
        <time>2026-08-03T11:55:28Z</time>
      </trkpt>
      <trkpt lat="30.640547" lon="104.118195">
        <time>2026-08-03T11:55:29Z</time>
      </trkpt>
      <trkpt lat="30.640524" lon="104.11823">
        <time>2026-08-03T11:55:30Z</time>
      </trkpt>
      <trkpt lat="30.640505" lon="104.11826">
        <time>2026-08-03T11:55:31Z</time>
      </trkpt>
      <trkpt lat="30.640486" lon="104.11829">
        <time>2026-08-03T11:55:32Z</time>
      </trkpt>
      <trkpt lat="30.640472" lon="104.11831">
        <time>2026-08-03T11:55:33Z</time>
      </trkpt>
      <trkpt lat="30.640463" lon="104.11833">
        <time>2026-08-03T11:55:34Z</time>
      </trkpt>
      <trkpt lat="30.640457" lon="104.11834">
        <time>2026-08-03T11:55:35Z</time>
      </trkpt>
      <trkpt lat="30.640451" lon="104.11835">
        <time>2026-08-03T11:55:36Z</time>
      </trkpt>
      <trkpt lat="30.640446" lon="104.118355">
        <time>2026-08-03T11:55:37Z</time>
      </trkpt>
      <trkpt lat="30.640442" lon="104.11836">
        <time>2026-08-03T11:55:38Z</time>
      </trkpt>
      <trkpt lat="30.64044" lon="104.11837">
        <time>2026-08-03T11:55:39Z</time>
      </trkpt>
      <trkpt lat="30.640436" lon="104.11838">
        <time>2026-08-03T11:55:40Z</time>
      </trkpt>
      <trkpt lat="30.640436" lon="104.11838">
        <time>2026-08-03T11:55:41Z</time>
      </trkpt>
      <trkpt lat="30.640436" lon="104.11838">
        <time>2026-08-03T11:55:42Z</time>
      </trkpt>
      <trkpt lat="30.640436" lon="104.11838">
        <time>2026-08-03T11:55:43Z</time>
      </trkpt>
      <trkpt lat="30.640436" lon="104.11838">
        <time>2026-08-03T11:55:44Z</time>
      </trkpt>
      <trkpt lat="30.640436" lon="104.11838">
        <time>2026-08-03T11:55:45Z</time>
      </trkpt>
      <trkpt lat="30.640436" lon="104.11838">
        <time>2026-08-03T11:55:46Z</time>
      </trkpt>
      <trkpt lat="30.640436" lon="104.11838">
        <time>2026-08-03T11:55:47Z</time>
      </trkpt>
      <trkpt lat="30.640436" lon="104.11838">
        <time>2026-08-03T11:55:48Z</time>
      </trkpt>
      <trkpt lat="30.640436" lon="104.11838">
        <time>2026-08-03T11:55:49Z</time>
      </trkpt>
      <trkpt lat="30.640436" lon="104.11838">
        <time>2026-08-03T11:55:50Z</time>
      </trkpt>
      <trkpt lat="30.640436" lon="104.11838">
        <time>2026-08-03T11:55:51Z</time>
      </trkpt>
      <trkpt lat="30.640436" lon="104.11838">
        <time>2026-08-03T11:55:52Z</time>
      </trkpt>
      <trkpt lat="30.640436" lon="104.11838">
        <time>2026-08-03T11:55:53Z</time>
      </trkpt>
      <trkpt lat="30.640436" lon="104.11838">
        <time>2026-08-03T11:55:54Z</time>
      </trkpt>
      <trkpt lat="30.640436" lon="104.11838">
        <time>2026-08-03T11:55:55Z</time>
      </trkpt>
      <trkpt lat="30.640436" lon="104.11838">
        <time>2026-08-03T11:55:56Z</time>
      </trkpt>
      <trkpt lat="30.640436" lon="104.11838">
        <time>2026-08-03T11:55:57Z</time>
      </trkpt>
      <trkpt lat="30.640436" lon="104.11838">
        <time>2026-08-03T11:55:58Z</time>
      </trkpt>
      <trkpt lat="30.640436" lon="104.11838">
        <time>2026-08-03T11:55:59Z</time>
      </trkpt>
      <trkpt lat="30.640436" lon="104.11838">
        <time>2026-08-03T11:56:00Z</time>
      </trkpt>
      <trkpt lat="30.640436" lon="104.11838">
        <time>2026-08-03T11:56:01Z</time>
      </trkpt>
      <trkpt lat="30.640436" lon="104.11838">
        <time>2026-08-03T11:56:02Z</time>
      </trkpt>
      <trkpt lat="30.640436" lon="104.11838">
        <time>2026-08-03T11:56:03Z</time>
      </trkpt>
      <trkpt lat="30.640436" lon="104.11838">
        <time>2026-08-03T11:56:04Z</time>
      </trkpt>
      <trkpt lat="30.640436" lon="104.11838">
        <time>2026-08-03T11:56:05Z</time>
      </trkpt>
      <trkpt lat="30.640436" lon="104.11838">
        <time>2026-08-03T11:56:06Z</time>
      </trkpt>
      <trkpt lat="30.640436" lon="104.11838">
        <time>2026-08-03T11:56:07Z</time>
      </trkpt>
      <trkpt lat="30.640436" lon="104.11838">
        <time>2026-08-03T11:56:08Z</time>
      </trkpt>
      <trkpt lat="30.640436" lon="104.11838">
        <time>2026-08-03T11:56:09Z</time>
      </trkpt>
      <trkpt lat="30.640436" lon="104.11838">
        <time>2026-08-03T11:56:10Z</time>
      </trkpt>
      <trkpt lat="30.640436" lon="104.11838">
        <time>2026-08-03T11:56:11Z</time>
      </trkpt>
      <trkpt lat="30.640436" lon="104.11838">
        <time>2026-08-03T11:56:12Z</time>
      </trkpt>
      <trkpt lat="30.640436" lon="104.11838">
        <time>2026-08-03T11:56:13Z</time>
      </trkpt>
      <trkpt lat="30.640436" lon="104.11839">
        <time>2026-08-03T11:56:14Z</time>
      </trkpt>
      <trkpt lat="30.640434" lon="104.11839">
        <time>2026-08-03T11:56:15Z</time>
      </trkpt>
      <trkpt lat="30.640434" lon="104.11839">
        <time>2026-08-03T11:56:16Z</time>
      </trkpt>
      <trkpt lat="30.640434" lon="104.11839">
        <time>2026-08-03T11:56:17Z</time>
      </trkpt>
      <trkpt lat="30.640434" lon="104.11839">
        <time>2026-08-03T11:56:18Z</time>
      </trkpt>
      <trkpt lat="30.640411" lon="104.118454">
        <time>2026-08-03T11:56:19Z</time>
      </trkpt>
      <trkpt lat="30.640394" lon="104.11849">
        <time>2026-08-03T11:56:20Z</time>
      </trkpt>
      <trkpt lat="30.640371" lon="104.11854">
        <time>2026-08-03T11:56:21Z</time>
      </trkpt>
      <trkpt lat="30.640347" lon="104.11859">
        <time>2026-08-03T11:56:22Z</time>
      </trkpt>
      <trkpt lat="30.640318" lon="104.11866">
        <time>2026-08-03T11:56:23Z</time>
      </trkpt>
      <trkpt lat="30.640287" lon="104.11873">
        <time>2026-08-03T11:56:24Z</time>
      </trkpt>
      <trkpt lat="30.640255" lon="104.1188">
        <time>2026-08-03T11:56:25Z</time>
      </trkpt>
      <trkpt lat="30.640223" lon="104.11886">
        <time>2026-08-03T11:56:26Z</time>
      </trkpt>
      <trkpt lat="30.64019" lon="104.11893">
        <time>2026-08-03T11:56:27Z</time>
      </trkpt>
      <trkpt lat="30.64016" lon="104.11899">
        <time>2026-08-03T11:56:28Z</time>
      </trkpt>
      <trkpt lat="30.640133" lon="104.11905">
        <time>2026-08-03T11:56:29Z</time>
      </trkpt>
      <trkpt lat="30.640104" lon="104.1191">
        <time>2026-08-03T11:56:30Z</time>
      </trkpt>
      <trkpt lat="30.640078" lon="104.11916">
        <time>2026-08-03T11:56:31Z</time>
      </trkpt>
      <trkpt lat="30.64005" lon="104.119225">
        <time>2026-08-03T11:56:32Z</time>
      </trkpt>
      <trkpt lat="30.640024" lon="104.11928">
        <time>2026-08-03T11:56:33Z</time>
      </trkpt>
      <trkpt lat="30.639997" lon="104.11933">
        <time>2026-08-03T11:56:34Z</time>
      </trkpt>
      <trkpt lat="30.639973" lon="104.119385">
        <time>2026-08-03T11:56:35Z</time>
      </trkpt>
      <trkpt lat="30.639948" lon="104.11943">
        <time>2026-08-03T11:56:36Z</time>
      </trkpt>
      <trkpt lat="30.639927" lon="104.11948">
        <time>2026-08-03T11:56:37Z</time>
      </trkpt>
      <trkpt lat="30.639904" lon="104.11953">
        <time>2026-08-03T11:56:38Z</time>
      </trkpt>
      <trkpt lat="30.63988" lon="104.119576">
        <time>2026-08-03T11:56:39Z</time>
      </trkpt>
      <trkpt lat="30.639856" lon="104.11963">
        <time>2026-08-03T11:56:40Z</time>
      </trkpt>
      <trkpt lat="30.63983" lon="104.11968">
        <time>2026-08-03T11:56:41Z</time>
      </trkpt>
      <trkpt lat="30.639805" lon="104.11973">
        <time>2026-08-03T11:56:42Z</time>
      </trkpt>
      <trkpt lat="30.639774" lon="104.11979">
        <time>2026-08-03T11:56:43Z</time>
      </trkpt>
      <trkpt lat="30.639748" lon="104.11984">
        <time>2026-08-03T11:56:44Z</time>
      </trkpt>
      <trkpt lat="30.639713" lon="104.119896">
        <time>2026-08-03T11:56:45Z</time>
      </trkpt>
      <trkpt lat="30.639683" lon="104.11995">
        <time>2026-08-03T11:56:46Z</time>
      </trkpt>
      <trkpt lat="30.639654" lon="104.12">
        <time>2026-08-03T11:56:47Z</time>
      </trkpt>
      <trkpt lat="30.63963" lon="104.12006">
        <time>2026-08-03T11:56:48Z</time>
      </trkpt>
      <trkpt lat="30.639605" lon="104.12012">
        <time>2026-08-03T11:56:49Z</time>
      </trkpt>
      <trkpt lat="30.639584" lon="104.12018">
        <time>2026-08-03T11:56:50Z</time>
      </trkpt>
      <trkpt lat="30.639559" lon="104.12023">
        <time>2026-08-03T11:56:51Z</time>
      </trkpt>
      <trkpt lat="30.639532" lon="104.12029">
        <time>2026-08-03T11:56:52Z</time>
      </trkpt>
      <trkpt lat="30.639502" lon="104.12035">
        <time>2026-08-03T11:56:53Z</time>
      </trkpt>
      <trkpt lat="30.639473" lon="104.12041">
        <time>2026-08-03T11:56:54Z</time>
      </trkpt>
      <trkpt lat="30.639444" lon="104.12046">
        <time>2026-08-03T11:56:55Z</time>
      </trkpt>
      <trkpt lat="30.639425" lon="104.12052">
        <time>2026-08-03T11:56:56Z</time>
      </trkpt>
      <trkpt lat="30.6394" lon="104.12058">
        <time>2026-08-03T11:56:57Z</time>
      </trkpt>
      <trkpt lat="30.639376" lon="104.12064">
        <time>2026-08-03T11:56:58Z</time>
      </trkpt>
      <trkpt lat="30.63935" lon="104.120705">
        <time>2026-08-03T11:56:59Z</time>
      </trkpt>
      <trkpt lat="30.639324" lon="104.12076">
        <time>2026-08-03T11:57:00Z</time>
      </trkpt>
      <trkpt lat="30.639296" lon="104.12082">
        <time>2026-08-03T11:57:01Z</time>
      </trkpt>
      <trkpt lat="30.639263" lon="104.12089">
        <time>2026-08-03T11:57:02Z</time>
      </trkpt>
      <trkpt lat="30.639235" lon="104.12096">
        <time>2026-08-03T11:57:03Z</time>
      </trkpt>
      <trkpt lat="30.639206" lon="104.121025">
        <time>2026-08-03T11:57:04Z</time>
      </trkpt>
      <trkpt lat="30.639177" lon="104.121086">
        <time>2026-08-03T11:57:05Z</time>
      </trkpt>
      <trkpt lat="30.639143" lon="104.121155">
        <time>2026-08-03T11:57:06Z</time>
      </trkpt>
      <trkpt lat="30.639109" lon="104.12122">
        <time>2026-08-03T11:57:07Z</time>
      </trkpt>
      <trkpt lat="30.639074" lon="104.121284">
        <time>2026-08-03T11:57:08Z</time>
      </trkpt>
      <trkpt lat="30.639042" lon="104.12135">
        <time>2026-08-03T11:57:09Z</time>
      </trkpt>
      <trkpt lat="30.639008" lon="104.12142">
        <time>2026-08-03T11:57:10Z</time>
      </trkpt>
      <trkpt lat="30.638975" lon="104.12148">
        <time>2026-08-03T11:57:11Z</time>
      </trkpt>
      <trkpt lat="30.638945" lon="104.12155">
        <time>2026-08-03T11:57:12Z</time>
      </trkpt>
      <trkpt lat="30.638922" lon="104.12161">
        <time>2026-08-03T11:57:13Z</time>
      </trkpt>
      <trkpt lat="30.6389" lon="104.121666">
        <time>2026-08-03T11:57:14Z</time>
      </trkpt>
      <trkpt lat="30.63889" lon="104.12171">
        <time>2026-08-03T11:57:15Z</time>
      </trkpt>
      <trkpt lat="30.638882" lon="104.12176">
        <time>2026-08-03T11:57:16Z</time>
      </trkpt>
      <trkpt lat="30.638874" lon="104.12181">
        <time>2026-08-03T11:57:17Z</time>
      </trkpt>
      <trkpt lat="30.63886" lon="104.121864">
        <time>2026-08-03T11:57:18Z</time>
      </trkpt>
      <trkpt lat="30.63884" lon="104.121925">
        <time>2026-08-03T11:57:19Z</time>
      </trkpt>
      <trkpt lat="30.638819" lon="104.12198">
        <time>2026-08-03T11:57:20Z</time>
      </trkpt>
      <trkpt lat="30.638798" lon="104.12203">
        <time>2026-08-03T11:57:21Z</time>
      </trkpt>
      <trkpt lat="30.638783" lon="104.12208">
        <time>2026-08-03T11:57:22Z</time>
      </trkpt>
      <trkpt lat="30.638763" lon="104.12212">
        <time>2026-08-03T11:57:23Z</time>
      </trkpt>
      <trkpt lat="30.638742" lon="104.12218">
        <time>2026-08-03T11:57:24Z</time>
      </trkpt>
      <trkpt lat="30.638716" lon="104.12223">
        <time>2026-08-03T11:57:25Z</time>
      </trkpt>
      <trkpt lat="30.638693" lon="104.12229">
        <time>2026-08-03T11:57:26Z</time>
      </trkpt>
      <trkpt lat="30.63867" lon="104.122345">
        <time>2026-08-03T11:57:27Z</time>
      </trkpt>
      <trkpt lat="30.638655" lon="104.12239">
        <time>2026-08-03T11:57:28Z</time>
      </trkpt>
      <trkpt lat="30.638672" lon="104.12244">
        <time>2026-08-03T11:57:29Z</time>
      </trkpt>
      <trkpt lat="30.638687" lon="104.122475">
        <time>2026-08-03T11:57:30Z</time>
      </trkpt>
      <trkpt lat="30.638702" lon="104.12251">
        <time>2026-08-03T11:57:31Z</time>
      </trkpt>
      <trkpt lat="30.638708" lon="104.12255">
        <time>2026-08-03T11:57:32Z</time>
      </trkpt>
      <trkpt lat="30.638706" lon="104.12259">
        <time>2026-08-03T11:57:33Z</time>
      </trkpt>
      <trkpt lat="30.638706" lon="104.12264">
        <time>2026-08-03T11:57:34Z</time>
      </trkpt>
      <trkpt lat="30.638708" lon="104.12269">
        <time>2026-08-03T11:57:35Z</time>
      </trkpt>
      <trkpt lat="30.638704" lon="104.12273">
        <time>2026-08-03T11:57:36Z</time>
      </trkpt>
      <trkpt lat="30.638695" lon="104.12278">
        <time>2026-08-03T11:57:37Z</time>
      </trkpt>
      <trkpt lat="30.63868" lon="104.12285">
        <time>2026-08-03T11:57:38Z</time>
      </trkpt>
      <trkpt lat="30.638672" lon="104.12292">
        <time>2026-08-03T11:57:39Z</time>
      </trkpt>
      <trkpt lat="30.63865" lon="104.12299">
        <time>2026-08-03T11:57:40Z</time>
      </trkpt>
      <trkpt lat="30.638636" lon="104.12307">
        <time>2026-08-03T11:57:41Z</time>
      </trkpt>
      <trkpt lat="30.638622" lon="104.123146">
        <time>2026-08-03T11:57:42Z</time>
      </trkpt>
      <trkpt lat="30.638609" lon="104.12322">
        <time>2026-08-03T11:57:43Z</time>
      </trkpt>
      <trkpt lat="30.638594" lon="104.1233">
        <time>2026-08-03T11:57:44Z</time>
      </trkpt>
      <trkpt lat="30.63858" lon="104.12337">
        <time>2026-08-03T11:57:45Z</time>
      </trkpt>
      <trkpt lat="30.638569" lon="104.12344">
        <time>2026-08-03T11:57:46Z</time>
      </trkpt>
      <trkpt lat="30.638557" lon="104.12351">
        <time>2026-08-03T11:57:47Z</time>
      </trkpt>
      <trkpt lat="30.638552" lon="104.12358">
        <time>2026-08-03T11:57:48Z</time>
      </trkpt>
      <trkpt lat="30.638544" lon="104.12364">
        <time>2026-08-03T11:57:49Z</time>
      </trkpt>
      <trkpt lat="30.638533" lon="104.123695">
        <time>2026-08-03T11:57:50Z</time>
      </trkpt>
      <trkpt lat="30.638529" lon="104.12375">
        <time>2026-08-03T11:57:51Z</time>
      </trkpt>
      <trkpt lat="30.638523" lon="104.12381">
        <time>2026-08-03T11:57:52Z</time>
      </trkpt>
      <trkpt lat="30.638517" lon="104.12387">
        <time>2026-08-03T11:57:53Z</time>
      </trkpt>
      <trkpt lat="30.638514" lon="104.12393">
        <time>2026-08-03T11:57:54Z</time>
      </trkpt>
      <trkpt lat="30.638508" lon="104.12399">
        <time>2026-08-03T11:57:55Z</time>
      </trkpt>
      <trkpt lat="30.638502" lon="104.124054">
        <time>2026-08-03T11:57:56Z</time>
      </trkpt>
      <trkpt lat="30.638494" lon="104.12412">
        <time>2026-08-03T11:57:57Z</time>
      </trkpt>
      <trkpt lat="30.63849" lon="104.12419">
        <time>2026-08-03T11:57:58Z</time>
      </trkpt>
      <trkpt lat="30.638485" lon="104.12426">
        <time>2026-08-03T11:57:59Z</time>
      </trkpt>
      <trkpt lat="30.638483" lon="104.12434">
        <time>2026-08-03T11:58:00Z</time>
      </trkpt>
      <trkpt lat="30.638481" lon="104.124405">
        <time>2026-08-03T11:58:01Z</time>
      </trkpt>
      <trkpt lat="30.638483" lon="104.12448">
        <time>2026-08-03T11:58:02Z</time>
      </trkpt>
      <trkpt lat="30.638487" lon="104.12455">
        <time>2026-08-03T11:58:03Z</time>
      </trkpt>
      <trkpt lat="30.638493" lon="104.124626">
        <time>2026-08-03T11:58:04Z</time>
      </trkpt>
      <trkpt lat="30.638498" lon="104.124695">
        <time>2026-08-03T11:58:05Z</time>
      </trkpt>
      <trkpt lat="30.638506" lon="104.12478">
        <time>2026-08-03T11:58:06Z</time>
      </trkpt>
      <trkpt lat="30.638514" lon="104.12485">
        <time>2026-08-03T11:58:07Z</time>
      </trkpt>
      <trkpt lat="30.638525" lon="104.12492">
        <time>2026-08-03T11:58:08Z</time>
      </trkpt>
      <trkpt lat="30.63854" lon="104.125">
        <time>2026-08-03T11:58:09Z</time>
      </trkpt>
      <trkpt lat="30.638544" lon="104.12507">
        <time>2026-08-03T11:58:10Z</time>
      </trkpt>
      <trkpt lat="30.638544" lon="104.125145">
        <time>2026-08-03T11:58:11Z</time>
      </trkpt>
      <trkpt lat="30.63855" lon="104.12522">
        <time>2026-08-03T11:58:12Z</time>
      </trkpt>
      <trkpt lat="30.63856" lon="104.1253">
        <time>2026-08-03T11:58:13Z</time>
      </trkpt>
      <trkpt lat="30.638563" lon="104.12537">
        <time>2026-08-03T11:58:14Z</time>
      </trkpt>
      <trkpt lat="30.638569" lon="104.12544">
        <time>2026-08-03T11:58:15Z</time>
      </trkpt>
      <trkpt lat="30.638577" lon="104.12552">
        <time>2026-08-03T11:58:16Z</time>
      </trkpt>
      <trkpt lat="30.638584" lon="104.125595">
        <time>2026-08-03T11:58:17Z</time>
      </trkpt>
      <trkpt lat="30.63859" lon="104.12567">
        <time>2026-08-03T11:58:18Z</time>
      </trkpt>
      <trkpt lat="30.638596" lon="104.12575">
        <time>2026-08-03T11:58:19Z</time>
      </trkpt>
      <trkpt lat="30.6386" lon="104.12582">
        <time>2026-08-03T11:58:20Z</time>
      </trkpt>
      <trkpt lat="30.638603" lon="104.12589">
        <time>2026-08-03T11:58:21Z</time>
      </trkpt>
      <trkpt lat="30.638607" lon="104.12596">
        <time>2026-08-03T11:58:22Z</time>
      </trkpt>
      <trkpt lat="30.638615" lon="104.126045">
        <time>2026-08-03T11:58:23Z</time>
      </trkpt>
      <trkpt lat="30.638626" lon="104.12612">
        <time>2026-08-03T11:58:24Z</time>
      </trkpt>
      <trkpt lat="30.638638" lon="104.1262">
        <time>2026-08-03T11:58:25Z</time>
      </trkpt>
      <trkpt lat="30.638641" lon="104.126274">
        <time>2026-08-03T11:58:26Z</time>
      </trkpt>
      <trkpt lat="30.638647" lon="104.12634">
        <time>2026-08-03T11:58:27Z</time>
      </trkpt>
      <trkpt lat="30.63865" lon="104.12641">
        <time>2026-08-03T11:58:28Z</time>
      </trkpt>
      <trkpt lat="30.63865" lon="104.12648">
        <time>2026-08-03T11:58:29Z</time>
      </trkpt>
      <trkpt lat="30.63865" lon="104.12656">
        <time>2026-08-03T11:58:30Z</time>
      </trkpt>
      <trkpt lat="30.63865" lon="104.12663">
        <time>2026-08-03T11:58:31Z</time>
      </trkpt>
      <trkpt lat="30.638653" lon="104.1267">
        <time>2026-08-03T11:58:32Z</time>
      </trkpt>
      <trkpt lat="30.638657" lon="104.12677">
        <time>2026-08-03T11:58:33Z</time>
      </trkpt>
      <trkpt lat="30.63867" lon="104.12684">
        <time>2026-08-03T11:58:34Z</time>
      </trkpt>
      <trkpt lat="30.638683" lon="104.1269">
        <time>2026-08-03T11:58:35Z</time>
      </trkpt>
      <trkpt lat="30.638697" lon="104.12697">
        <time>2026-08-03T11:58:36Z</time>
      </trkpt>
      <trkpt lat="30.638712" lon="104.12703">
        <time>2026-08-03T11:58:37Z</time>
      </trkpt>
      <trkpt lat="30.638716" lon="104.127106">
        <time>2026-08-03T11:58:38Z</time>
      </trkpt>
      <trkpt lat="30.638725" lon="104.12718">
        <time>2026-08-03T11:58:39Z</time>
      </trkpt>
      <trkpt lat="30.638739" lon="104.12726">
        <time>2026-08-03T11:58:40Z</time>
      </trkpt>
      <trkpt lat="30.63875" lon="104.127335">
        <time>2026-08-03T11:58:41Z</time>
      </trkpt>
      <trkpt lat="30.638762" lon="104.12741">
        <time>2026-08-03T11:58:42Z</time>
      </trkpt>
      <trkpt lat="30.638773" lon="104.127495">
        <time>2026-08-03T11:58:43Z</time>
      </trkpt>
      <trkpt lat="30.638784" lon="104.12758">
        <time>2026-08-03T11:58:44Z</time>
      </trkpt>
      <trkpt lat="30.63879" lon="104.12766">
        <time>2026-08-03T11:58:45Z</time>
      </trkpt>
      <trkpt lat="30.6388" lon="104.12775">
        <time>2026-08-03T11:58:46Z</time>
      </trkpt>
      <trkpt lat="30.63881" lon="104.12783">
        <time>2026-08-03T11:58:47Z</time>
      </trkpt>
      <trkpt lat="30.63882" lon="104.12792">
        <time>2026-08-03T11:58:48Z</time>
      </trkpt>
      <trkpt lat="30.638828" lon="104.128006">
        <time>2026-08-03T11:58:49Z</time>
      </trkpt>
      <trkpt lat="30.638836" lon="104.1281">
        <time>2026-08-03T11:58:50Z</time>
      </trkpt>
      <trkpt lat="30.638845" lon="104.12818">
        <time>2026-08-03T11:58:51Z</time>
      </trkpt>
      <trkpt lat="30.638855" lon="104.12827">
        <time>2026-08-03T11:58:52Z</time>
      </trkpt>
      <trkpt lat="30.638863" lon="104.128365">
        <time>2026-08-03T11:58:53Z</time>
      </trkpt>
      <trkpt lat="30.638872" lon="104.12845">
        <time>2026-08-03T11:58:54Z</time>
      </trkpt>
      <trkpt lat="30.63888" lon="104.12854">
        <time>2026-08-03T11:58:55Z</time>
      </trkpt>
      <trkpt lat="30.638887" lon="104.128624">
        <time>2026-08-03T11:58:56Z</time>
      </trkpt>
      <trkpt lat="30.638893" lon="104.128716">
        <time>2026-08-03T11:58:57Z</time>
      </trkpt>
      <trkpt lat="30.638893" lon="104.12881">
        <time>2026-08-03T11:58:58Z</time>
      </trkpt>
      <trkpt lat="30.638893" lon="104.12889">
        <time>2026-08-03T11:58:59Z</time>
      </trkpt>
      <trkpt lat="30.638899" lon="104.128975">
        <time>2026-08-03T11:59:00Z</time>
      </trkpt>
      <trkpt lat="30.638903" lon="104.12905">
        <time>2026-08-03T11:59:01Z</time>
      </trkpt>
      <trkpt lat="30.638914" lon="104.129135">
        <time>2026-08-03T11:59:02Z</time>
      </trkpt>
      <trkpt lat="30.638927" lon="104.12921">
        <time>2026-08-03T11:59:03Z</time>
      </trkpt>
      <trkpt lat="30.638937" lon="104.129295">
        <time>2026-08-03T11:59:04Z</time>
      </trkpt>
      <trkpt lat="30.638945" lon="104.12937">
        <time>2026-08-03T11:59:05Z</time>
      </trkpt>
      <trkpt lat="30.63895" lon="104.12945">
        <time>2026-08-03T11:59:06Z</time>
      </trkpt>
      <trkpt lat="30.638956" lon="104.129524">
        <time>2026-08-03T11:59:07Z</time>
      </trkpt>
      <trkpt lat="30.638962" lon="104.12961">
        <time>2026-08-03T11:59:08Z</time>
      </trkpt>
      <trkpt lat="30.638973" lon="104.129684">
        <time>2026-08-03T11:59:09Z</time>
      </trkpt>
      <trkpt lat="30.63898" lon="104.12977">
        <time>2026-08-03T11:59:10Z</time>
      </trkpt>
      <trkpt lat="30.63899" lon="104.129845">
        <time>2026-08-03T11:59:11Z</time>
      </trkpt>
      <trkpt lat="30.639004" lon="104.12991">
        <time>2026-08-03T11:59:12Z</time>
      </trkpt>
      <trkpt lat="30.63902" lon="104.12999">
        <time>2026-08-03T11:59:13Z</time>
      </trkpt>
      <trkpt lat="30.63903" lon="104.13006">
        <time>2026-08-03T11:59:14Z</time>
      </trkpt>
      <trkpt lat="30.639032" lon="104.13013">
        <time>2026-08-03T11:59:15Z</time>
      </trkpt>
      <trkpt lat="30.639034" lon="104.130196">
        <time>2026-08-03T11:59:16Z</time>
      </trkpt>
      <trkpt lat="30.63904" lon="104.13027">
        <time>2026-08-03T11:59:17Z</time>
      </trkpt>
      <trkpt lat="30.639044" lon="104.13034">
        <time>2026-08-03T11:59:18Z</time>
      </trkpt>
      <trkpt lat="30.639051" lon="104.13041">
        <time>2026-08-03T11:59:19Z</time>
      </trkpt>
      <trkpt lat="30.639055" lon="104.13048">
        <time>2026-08-03T11:59:20Z</time>
      </trkpt>
      <trkpt lat="30.63906" lon="104.13055">
        <time>2026-08-03T11:59:21Z</time>
      </trkpt>
      <trkpt lat="30.639063" lon="104.13062">
        <time>2026-08-03T11:59:22Z</time>
      </trkpt>
      <trkpt lat="30.639072" lon="104.13069">
        <time>2026-08-03T11:59:23Z</time>
      </trkpt>
      <trkpt lat="30.63908" lon="104.130775">
        <time>2026-08-03T11:59:24Z</time>
      </trkpt>
      <trkpt lat="30.639086" lon="104.13086">
        <time>2026-08-03T11:59:25Z</time>
      </trkpt>
      <trkpt lat="30.639097" lon="104.130936">
        <time>2026-08-03T11:59:26Z</time>
      </trkpt>
      <trkpt lat="30.639103" lon="104.13102">
        <time>2026-08-03T11:59:27Z</time>
      </trkpt>
      <trkpt lat="30.639109" lon="104.131096">
        <time>2026-08-03T11:59:28Z</time>
      </trkpt>
      <trkpt lat="30.639114" lon="104.13117">
        <time>2026-08-03T11:59:29Z</time>
      </trkpt>
      <trkpt lat="30.639118" lon="104.13125">
        <time>2026-08-03T11:59:30Z</time>
      </trkpt>
      <trkpt lat="30.63912" lon="104.13132">
        <time>2026-08-03T11:59:31Z</time>
      </trkpt>
      <trkpt lat="30.63912" lon="104.131386">
        <time>2026-08-03T11:59:32Z</time>
      </trkpt>
      <trkpt lat="30.639122" lon="104.13146">
        <time>2026-08-03T11:59:33Z</time>
      </trkpt>
      <trkpt lat="30.63912" lon="104.13152">
        <time>2026-08-03T11:59:34Z</time>
      </trkpt>
      <trkpt lat="30.63912" lon="104.131584">
        <time>2026-08-03T11:59:35Z</time>
      </trkpt>
      <trkpt lat="30.639118" lon="104.13164">
        <time>2026-08-03T11:59:36Z</time>
      </trkpt>
      <trkpt lat="30.639124" lon="104.13169">
        <time>2026-08-03T11:59:37Z</time>
      </trkpt>
      <trkpt lat="30.639128" lon="104.13175">
        <time>2026-08-03T11:59:38Z</time>
      </trkpt>
      <trkpt lat="30.639132" lon="104.131805">
        <time>2026-08-03T11:59:39Z</time>
      </trkpt>
      <trkpt lat="30.639133" lon="104.13187">
        <time>2026-08-03T11:59:40Z</time>
      </trkpt>
      <trkpt lat="30.639128" lon="104.13192">
        <time>2026-08-03T11:59:41Z</time>
      </trkpt>
      <trkpt lat="30.639124" lon="104.13199">
        <time>2026-08-03T11:59:42Z</time>
      </trkpt>
      <trkpt lat="30.639116" lon="104.13205">
        <time>2026-08-03T11:59:43Z</time>
      </trkpt>
      <trkpt lat="30.63911" lon="104.13211">
        <time>2026-08-03T11:59:44Z</time>
      </trkpt>
      <trkpt lat="30.639103" lon="104.13222">
        <time>2026-08-03T11:59:45Z</time>
      </trkpt>
      <trkpt lat="30.639101" lon="104.13227">
        <time>2026-08-03T11:59:47Z</time>
      </trkpt>
      <trkpt lat="30.6391" lon="104.13232">
        <time>2026-08-03T11:59:48Z</time>
      </trkpt>
      <trkpt lat="30.639097" lon="104.132355">
        <time>2026-08-03T11:59:49Z</time>
      </trkpt>
      <trkpt lat="30.639095" lon="104.1324">
        <time>2026-08-03T11:59:50Z</time>
      </trkpt>
      <trkpt lat="30.639091" lon="104.13244">
        <time>2026-08-03T11:59:51Z</time>
      </trkpt>
      <trkpt lat="30.63909" lon="104.132484">
        <time>2026-08-03T11:59:52Z</time>
      </trkpt>
      <trkpt lat="30.639086" lon="104.13252">
        <time>2026-08-03T11:59:53Z</time>
      </trkpt>
      <trkpt lat="30.639084" lon="104.13256">
        <time>2026-08-03T11:59:54Z</time>
      </trkpt>
      <trkpt lat="30.63908" lon="104.1326">
        <time>2026-08-03T11:59:55Z</time>
      </trkpt>
      <trkpt lat="30.639078" lon="104.13263">
        <time>2026-08-03T11:59:56Z</time>
      </trkpt>
      <trkpt lat="30.639076" lon="104.132675">
        <time>2026-08-03T11:59:57Z</time>
      </trkpt>
      <trkpt lat="30.639072" lon="104.13271">
        <time>2026-08-03T11:59:58Z</time>
      </trkpt>
      <trkpt lat="30.639069" lon="104.13275">
        <time>2026-08-03T11:59:59Z</time>
      </trkpt>
      <trkpt lat="30.639063" lon="104.13279">
        <time>2026-08-03T12:00:00Z</time>
      </trkpt>
      <trkpt lat="30.63906" lon="104.13283">
        <time>2026-08-03T12:00:01Z</time>
      </trkpt>
      <trkpt lat="30.63906" lon="104.13286">
        <time>2026-08-03T12:00:02Z</time>
      </trkpt>
      <trkpt lat="30.639057" lon="104.1329">
        <time>2026-08-03T12:00:03Z</time>
      </trkpt>
      <trkpt lat="30.639051" lon="104.13293">
        <time>2026-08-03T12:00:04Z</time>
      </trkpt>
      <trkpt lat="30.63905" lon="104.13296">
        <time>2026-08-03T12:00:05Z</time>
      </trkpt>
      <trkpt lat="30.63905" lon="104.13299">
        <time>2026-08-03T12:00:06Z</time>
      </trkpt>
      <trkpt lat="30.639048" lon="104.133026">
        <time>2026-08-03T12:00:07Z</time>
      </trkpt>
      <trkpt lat="30.639046" lon="104.13306">
        <time>2026-08-03T12:00:08Z</time>
      </trkpt>
      <trkpt lat="30.639046" lon="104.133095">
        <time>2026-08-03T12:00:09Z</time>
      </trkpt>
      <trkpt lat="30.639042" lon="104.13313">
        <time>2026-08-03T12:00:10Z</time>
      </trkpt>
      <trkpt lat="30.639042" lon="104.13317">
        <time>2026-08-03T12:00:11Z</time>
      </trkpt>
      <trkpt lat="30.63904" lon="104.13321">
        <time>2026-08-03T12:00:12Z</time>
      </trkpt>
      <trkpt lat="30.639038" lon="104.13325">
        <time>2026-08-03T12:00:13Z</time>
      </trkpt>
      <trkpt lat="30.639032" lon="104.133286">
        <time>2026-08-03T12:00:14Z</time>
      </trkpt>
      <trkpt lat="30.639032" lon="104.13333">
        <time>2026-08-03T12:00:15Z</time>
      </trkpt>
      <trkpt lat="30.639034" lon="104.13338">
        <time>2026-08-03T12:00:16Z</time>
      </trkpt>
      <trkpt lat="30.639034" lon="104.13343">
        <time>2026-08-03T12:00:17Z</time>
      </trkpt>
      <trkpt lat="30.639034" lon="104.133484">
        <time>2026-08-03T12:00:18Z</time>
      </trkpt>
      <trkpt lat="30.639034" lon="104.133545">
        <time>2026-08-03T12:00:19Z</time>
      </trkpt>
      <trkpt lat="30.639034" lon="104.133606">
        <time>2026-08-03T12:00:20Z</time>
      </trkpt>
      <trkpt lat="30.639034" lon="104.13367">
        <time>2026-08-03T12:00:21Z</time>
      </trkpt>
      <trkpt lat="30.639032" lon="104.13372">
        <time>2026-08-03T12:00:22Z</time>
      </trkpt>
      <trkpt lat="30.63903" lon="104.13378">
        <time>2026-08-03T12:00:23Z</time>
      </trkpt>
      <trkpt lat="30.639023" lon="104.13384">
        <time>2026-08-03T12:00:24Z</time>
      </trkpt>
      <trkpt lat="30.63902" lon="104.1339">
        <time>2026-08-03T12:00:25Z</time>
      </trkpt>
      <trkpt lat="30.639019" lon="104.133965">
        <time>2026-08-03T12:00:26Z</time>
      </trkpt>
      <trkpt lat="30.639019" lon="104.13402">
        <time>2026-08-03T12:00:27Z</time>
      </trkpt>
      <trkpt lat="30.639017" lon="104.13408">
        <time>2026-08-03T12:00:28Z</time>
      </trkpt>
      <trkpt lat="30.639013" lon="104.13414">
        <time>2026-08-03T12:00:29Z</time>
      </trkpt>
      <trkpt lat="30.639013" lon="104.13419">
        <time>2026-08-03T12:00:30Z</time>
      </trkpt>
      <trkpt lat="30.639013" lon="104.13425">
        <time>2026-08-03T12:00:31Z</time>
      </trkpt>
      <trkpt lat="30.639013" lon="104.13431">
        <time>2026-08-03T12:00:32Z</time>
      </trkpt>
      <trkpt lat="30.639011" lon="104.13436">
        <time>2026-08-03T12:00:33Z</time>
      </trkpt>
      <trkpt lat="30.639011" lon="104.13442">
        <time>2026-08-03T12:00:34Z</time>
      </trkpt>
      <trkpt lat="30.63901" lon="104.13448">
        <time>2026-08-03T12:00:35Z</time>
      </trkpt>
      <trkpt lat="30.63901" lon="104.134544">
        <time>2026-08-03T12:00:36Z</time>
      </trkpt>
      <trkpt lat="30.639011" lon="104.1346">
        <time>2026-08-03T12:00:37Z</time>
      </trkpt>
      <trkpt lat="30.639011" lon="104.13466">
        <time>2026-08-03T12:00:38Z</time>
      </trkpt>
      <trkpt lat="30.639011" lon="104.13472">
        <time>2026-08-03T12:00:39Z</time>
      </trkpt>
      <trkpt lat="30.639011" lon="104.13479">
        <time>2026-08-03T12:00:40Z</time>
      </trkpt>
      <trkpt lat="30.63901" lon="104.13485">
        <time>2026-08-03T12:00:41Z</time>
      </trkpt>
      <trkpt lat="30.639008" lon="104.13492">
        <time>2026-08-03T12:00:42Z</time>
      </trkpt>
      <trkpt lat="30.639008" lon="104.13499">
        <time>2026-08-03T12:00:43Z</time>
      </trkpt>
      <trkpt lat="30.639011" lon="104.13504">
        <time>2026-08-03T12:00:44Z</time>
      </trkpt>
      <trkpt lat="30.639015" lon="104.13511">
        <time>2026-08-03T12:00:45Z</time>
      </trkpt>
      <trkpt lat="30.639019" lon="104.13518">
        <time>2026-08-03T12:00:46Z</time>
      </trkpt>
      <trkpt lat="30.63902" lon="104.13524">
        <time>2026-08-03T12:00:47Z</time>
      </trkpt>
      <trkpt lat="30.639017" lon="104.1353">
        <time>2026-08-03T12:00:48Z</time>
      </trkpt>
      <trkpt lat="30.639011" lon="104.13535">
        <time>2026-08-03T12:00:49Z</time>
      </trkpt>
      <trkpt lat="30.639011" lon="104.13541">
        <time>2026-08-03T12:00:50Z</time>
      </trkpt>
      <trkpt lat="30.639011" lon="104.13547">
        <time>2026-08-03T12:00:51Z</time>
      </trkpt>
      <trkpt lat="30.639011" lon="104.13552">
        <time>2026-08-03T12:00:52Z</time>
      </trkpt>
      <trkpt lat="30.639011" lon="104.135574">
        <time>2026-08-03T12:00:53Z</time>
      </trkpt>
      <trkpt lat="30.639008" lon="104.135635">
        <time>2026-08-03T12:00:54Z</time>
      </trkpt>
      <trkpt lat="30.639006" lon="104.13569">
        <time>2026-08-03T12:00:55Z</time>
      </trkpt>
      <trkpt lat="30.639008" lon="104.13575">
        <time>2026-08-03T12:00:56Z</time>
      </trkpt>
      <trkpt lat="30.639008" lon="104.1358">
        <time>2026-08-03T12:00:57Z</time>
      </trkpt>
      <trkpt lat="30.639008" lon="104.13586">
        <time>2026-08-03T12:00:58Z</time>
      </trkpt>
      <trkpt lat="30.639008" lon="104.13591">
        <time>2026-08-03T12:00:59Z</time>
      </trkpt>
      <trkpt lat="30.639006" lon="104.13596">
        <time>2026-08-03T12:01:00Z</time>
      </trkpt>
      <trkpt lat="30.639" lon="104.13602">
        <time>2026-08-03T12:01:01Z</time>
      </trkpt>
      <trkpt lat="30.638998" lon="104.13607">
        <time>2026-08-03T12:01:02Z</time>
      </trkpt>
      <trkpt lat="30.638998" lon="104.13613">
        <time>2026-08-03T12:01:03Z</time>
      </trkpt>
      <trkpt lat="30.638998" lon="104.13618">
        <time>2026-08-03T12:01:04Z</time>
      </trkpt>
      <trkpt lat="30.638994" lon="104.13623">
        <time>2026-08-03T12:01:05Z</time>
      </trkpt>
      <trkpt lat="30.638983" lon="104.136284">
        <time>2026-08-03T12:01:06Z</time>
      </trkpt>
      <trkpt lat="30.638971" lon="104.13634">
        <time>2026-08-03T12:01:07Z</time>
      </trkpt>
      <trkpt lat="30.63895" lon="104.136375">
        <time>2026-08-03T12:01:08Z</time>
      </trkpt>
      <trkpt lat="30.63894" lon="104.13643">
        <time>2026-08-03T12:01:09Z</time>
      </trkpt>
      <trkpt lat="30.638931" lon="104.136475">
        <time>2026-08-03T12:01:10Z</time>
      </trkpt>
      <trkpt lat="30.638931" lon="104.13653">
        <time>2026-08-03T12:01:11Z</time>
      </trkpt>
      <trkpt lat="30.638931" lon="104.136566">
        <time>2026-08-03T12:01:12Z</time>
      </trkpt>
      <trkpt lat="30.638933" lon="104.136604">
        <time>2026-08-03T12:01:13Z</time>
      </trkpt>
      <trkpt lat="30.638935" lon="104.136635">
        <time>2026-08-03T12:01:14Z</time>
      </trkpt>
      <trkpt lat="30.638937" lon="104.13667">
        <time>2026-08-03T12:01:15Z</time>
      </trkpt>
      <trkpt lat="30.638939" lon="104.136696">
        <time>2026-08-03T12:01:16Z</time>
      </trkpt>
      <trkpt lat="30.63894" lon="104.13672">
        <time>2026-08-03T12:01:17Z</time>
      </trkpt>
      <trkpt lat="30.63894" lon="104.136734">
        <time>2026-08-03T12:01:18Z</time>
      </trkpt>
      <trkpt lat="30.63894" lon="104.13674">
        <time>2026-08-03T12:01:19Z</time>
      </trkpt>
      <trkpt lat="30.63894" lon="104.13675">
        <time>2026-08-03T12:01:20Z</time>
      </trkpt>
      <trkpt lat="30.63894" lon="104.13675">
        <time>2026-08-03T12:01:21Z</time>
      </trkpt>
      <trkpt lat="30.63894" lon="104.13675">
        <time>2026-08-03T12:01:22Z</time>
      </trkpt>
      <trkpt lat="30.63894" lon="104.13675">
        <time>2026-08-03T12:01:23Z</time>
      </trkpt>
      <trkpt lat="30.63894" lon="104.13675">
        <time>2026-08-03T12:01:24Z</time>
      </trkpt>
      <trkpt lat="30.63894" lon="104.13675">
        <time>2026-08-03T12:01:25Z</time>
      </trkpt>
      <trkpt lat="30.63894" lon="104.13675">
        <time>2026-08-03T12:01:26Z</time>
      </trkpt>
      <trkpt lat="30.63894" lon="104.13675">
        <time>2026-08-03T12:01:27Z</time>
      </trkpt>
      <trkpt lat="30.63894" lon="104.13675">
        <time>2026-08-03T12:01:28Z</time>
      </trkpt>
      <trkpt lat="30.63894" lon="104.13675">
        <time>2026-08-03T12:01:29Z</time>
      </trkpt>
      <trkpt lat="30.63894" lon="104.13675">
        <time>2026-08-03T12:01:30Z</time>
      </trkpt>
      <trkpt lat="30.63894" lon="104.13675">
        <time>2026-08-03T12:01:31Z</time>
      </trkpt>
      <trkpt lat="30.63894" lon="104.13675">
        <time>2026-08-03T12:01:32Z</time>
      </trkpt>
      <trkpt lat="30.63894" lon="104.13675">
        <time>2026-08-03T12:01:33Z</time>
      </trkpt>
      <trkpt lat="30.63894" lon="104.13675">
        <time>2026-08-03T12:01:34Z</time>
      </trkpt>
      <trkpt lat="30.63894" lon="104.13675">
        <time>2026-08-03T12:01:35Z</time>
      </trkpt>
      <trkpt lat="30.63894" lon="104.13675">
        <time>2026-08-03T12:01:36Z</time>
      </trkpt>
      <trkpt lat="30.63894" lon="104.13675">
        <time>2026-08-03T12:01:37Z</time>
      </trkpt>
      <trkpt lat="30.63894" lon="104.13675">
        <time>2026-08-03T12:01:38Z</time>
      </trkpt>
      <trkpt lat="30.63894" lon="104.13675">
        <time>2026-08-03T12:01:39Z</time>
      </trkpt>
      <trkpt lat="30.63894" lon="104.13675">
        <time>2026-08-03T12:01:40Z</time>
      </trkpt>
      <trkpt lat="30.63894" lon="104.13675">
        <time>2026-08-03T12:01:41Z</time>
      </trkpt>
      <trkpt lat="30.63894" lon="104.13675">
        <time>2026-08-03T12:01:42Z</time>
      </trkpt>
      <trkpt lat="30.63894" lon="104.13675">
        <time>2026-08-03T12:01:43Z</time>
      </trkpt>
      <trkpt lat="30.63894" lon="104.13675">
        <time>2026-08-03T12:01:44Z</time>
      </trkpt>
      <trkpt lat="30.63894" lon="104.13675">
        <time>2026-08-03T12:01:45Z</time>
      </trkpt>
      <trkpt lat="30.63894" lon="104.13675">
        <time>2026-08-03T12:01:46Z</time>
      </trkpt>
      <trkpt lat="30.63894" lon="104.13675">
        <time>2026-08-03T12:01:47Z</time>
      </trkpt>
      <trkpt lat="30.63894" lon="104.13675">
        <time>2026-08-03T12:01:48Z</time>
      </trkpt>
      <trkpt lat="30.63894" lon="104.13675">
        <time>2026-08-03T12:01:49Z</time>
      </trkpt>
      <trkpt lat="30.63894" lon="104.13675">
        <time>2026-08-03T12:01:50Z</time>
      </trkpt>
      <trkpt lat="30.63894" lon="104.13675">
        <time>2026-08-03T12:01:51Z</time>
      </trkpt>
      <trkpt lat="30.63894" lon="104.13675">
        <time>2026-08-03T12:01:52Z</time>
      </trkpt>
      <trkpt lat="30.63894" lon="104.13675">
        <time>2026-08-03T12:01:53Z</time>
      </trkpt>
      <trkpt lat="30.63894" lon="104.13675">
        <time>2026-08-03T12:01:54Z</time>
      </trkpt>
      <trkpt lat="30.63894" lon="104.13675">
        <time>2026-08-03T12:01:55Z</time>
      </trkpt>
      <trkpt lat="30.63894" lon="104.13675">
        <time>2026-08-03T12:01:56Z</time>
      </trkpt>
      <trkpt lat="30.63894" lon="104.13675">
        <time>2026-08-03T12:01:57Z</time>
      </trkpt>
      <trkpt lat="30.63894" lon="104.13675">
        <time>2026-08-03T12:01:58Z</time>
      </trkpt>
      <trkpt lat="30.63894" lon="104.13675">
        <time>2026-08-03T12:01:59Z</time>
      </trkpt>
      <trkpt lat="30.63894" lon="104.13675">
        <time>2026-08-03T12:02:00Z</time>
      </trkpt>
      <trkpt lat="30.63894" lon="104.13675">
        <time>2026-08-03T12:02:01Z</time>
      </trkpt>
      <trkpt lat="30.63894" lon="104.13675">
        <time>2026-08-03T12:02:02Z</time>
      </trkpt>
      <trkpt lat="30.63894" lon="104.13675">
        <time>2026-08-03T12:02:03Z</time>
      </trkpt>
      <trkpt lat="30.63894" lon="104.13675">
        <time>2026-08-03T12:02:04Z</time>
      </trkpt>
      <trkpt lat="30.638956" lon="104.13677">
        <time>2026-08-03T12:02:05Z</time>
      </trkpt>
      <trkpt lat="30.638956" lon="104.136795">
        <time>2026-08-03T12:02:06Z</time>
      </trkpt>
      <trkpt lat="30.638956" lon="104.136826">
        <time>2026-08-03T12:02:07Z</time>
      </trkpt>
      <trkpt lat="30.638956" lon="104.13686">
        <time>2026-08-03T12:02:08Z</time>
      </trkpt>
      <trkpt lat="30.638956" lon="104.1369">
        <time>2026-08-03T12:02:09Z</time>
      </trkpt>
      <trkpt lat="30.638958" lon="104.13697">
        <time>2026-08-03T12:02:10Z</time>
      </trkpt>
      <trkpt lat="30.63896" lon="104.13704">
        <time>2026-08-03T12:02:11Z</time>
      </trkpt>
      <trkpt lat="30.638956" lon="104.13712">
        <time>2026-08-03T12:02:12Z</time>
      </trkpt>
      <trkpt lat="30.638952" lon="104.1372">
        <time>2026-08-03T12:02:13Z</time>
      </trkpt>
      <trkpt lat="30.63895" lon="104.13726">
        <time>2026-08-03T12:02:14Z</time>
      </trkpt>
      <trkpt lat="30.638954" lon="104.13732">
        <time>2026-08-03T12:02:15Z</time>
      </trkpt>
      <trkpt lat="30.638958" lon="104.13739">
        <time>2026-08-03T12:02:16Z</time>
      </trkpt>
      <trkpt lat="30.638964" lon="104.13747">
        <time>2026-08-03T12:02:17Z</time>
      </trkpt>
      <trkpt lat="30.638966" lon="104.13754">
        <time>2026-08-03T12:02:18Z</time>
      </trkpt>
      <trkpt lat="30.638966" lon="104.13762">
        <time>2026-08-03T12:02:19Z</time>
      </trkpt>
      <trkpt lat="30.638966" lon="104.137695">
        <time>2026-08-03T12:02:20Z</time>
      </trkpt>
      <trkpt lat="30.638968" lon="104.137764">
        <time>2026-08-03T12:02:21Z</time>
      </trkpt>
      <trkpt lat="30.638968" lon="104.13784">
        <time>2026-08-03T12:02:22Z</time>
      </trkpt>
      <trkpt lat="30.63897" lon="104.13792">
        <time>2026-08-03T12:02:23Z</time>
      </trkpt>
      <trkpt lat="30.638971" lon="104.13799">
        <time>2026-08-03T12:02:24Z</time>
      </trkpt>
      <trkpt lat="30.638966" lon="104.13808">
        <time>2026-08-03T12:02:25Z</time>
      </trkpt>
      <trkpt lat="30.638954" lon="104.13815">
        <time>2026-08-03T12:02:26Z</time>
      </trkpt>
      <trkpt lat="30.63894" lon="104.13822">
        <time>2026-08-03T12:02:27Z</time>
      </trkpt>
      <trkpt lat="30.638937" lon="104.1383">
        <time>2026-08-03T12:02:28Z</time>
      </trkpt>
      <trkpt lat="30.638931" lon="104.138374">
        <time>2026-08-03T12:02:29Z</time>
      </trkpt>
      <trkpt lat="30.638927" lon="104.13845">
        <time>2026-08-03T12:02:30Z</time>
      </trkpt>
      <trkpt lat="30.638924" lon="104.138535">
        <time>2026-08-03T12:02:31Z</time>
      </trkpt>
      <trkpt lat="30.638916" lon="104.13862">
        <time>2026-08-03T12:02:32Z</time>
      </trkpt>
      <trkpt lat="30.638914" lon="104.13872">
        <time>2026-08-03T12:02:33Z</time>
      </trkpt>
      <trkpt lat="30.638914" lon="104.13881">
        <time>2026-08-03T12:02:34Z</time>
      </trkpt>
      <trkpt lat="30.638912" lon="104.1389">
        <time>2026-08-03T12:02:35Z</time>
      </trkpt>
      <trkpt lat="30.638914" lon="104.13899">
        <time>2026-08-03T12:02:36Z</time>
      </trkpt>
      <trkpt lat="30.638914" lon="104.13908">
        <time>2026-08-03T12:02:37Z</time>
      </trkpt>
      <trkpt lat="30.638918" lon="104.13916">
        <time>2026-08-03T12:02:38Z</time>
      </trkpt>
      <trkpt lat="30.63892" lon="104.139244">
        <time>2026-08-03T12:02:39Z</time>
      </trkpt>
      <trkpt lat="30.638918" lon="104.13932">
        <time>2026-08-03T12:02:40Z</time>
      </trkpt>
      <trkpt lat="30.638924" lon="104.139404">
        <time>2026-08-03T12:02:41Z</time>
      </trkpt>
      <trkpt lat="30.638927" lon="104.13949">
        <time>2026-08-03T12:02:42Z</time>
      </trkpt>
      <trkpt lat="30.638926" lon="104.13957">
        <time>2026-08-03T12:02:43Z</time>
      </trkpt>
      <trkpt lat="30.638914" lon="104.13965">
        <time>2026-08-03T12:02:44Z</time>
      </trkpt>
      <trkpt lat="30.638906" lon="104.13971">
        <time>2026-08-03T12:02:45Z</time>
      </trkpt>
      <trkpt lat="30.638893" lon="104.139786">
        <time>2026-08-03T12:02:46Z</time>
      </trkpt>
      <trkpt lat="30.63888" lon="104.13987">
        <time>2026-08-03T12:02:47Z</time>
      </trkpt>
      <trkpt lat="30.638868" lon="104.13994">
        <time>2026-08-03T12:02:48Z</time>
      </trkpt>
      <trkpt lat="30.638855" lon="104.140015">
        <time>2026-08-03T12:02:49Z</time>
      </trkpt>
      <trkpt lat="30.63884" lon="104.14009">
        <time>2026-08-03T12:02:50Z</time>
      </trkpt>
      <trkpt lat="30.638823" lon="104.14017">
        <time>2026-08-03T12:02:51Z</time>
      </trkpt>
      <trkpt lat="30.63881" lon="104.14024">
        <time>2026-08-03T12:02:52Z</time>
      </trkpt>
      <trkpt lat="30.638794" lon="104.14031">
        <time>2026-08-03T12:02:53Z</time>
      </trkpt>
      <trkpt lat="30.638779" lon="104.14039">
        <time>2026-08-03T12:02:54Z</time>
      </trkpt>
      <trkpt lat="30.638762" lon="104.140465">
        <time>2026-08-03T12:02:55Z</time>
      </trkpt>
      <trkpt lat="30.638742" lon="104.14053">
        <time>2026-08-03T12:02:56Z</time>
      </trkpt>
      <trkpt lat="30.638721" lon="104.1406">
        <time>2026-08-03T12:02:57Z</time>
      </trkpt>
      <trkpt lat="30.638702" lon="104.140656">
        <time>2026-08-03T12:02:58Z</time>
      </trkpt>
      <trkpt lat="30.638687" lon="104.14072">
        <time>2026-08-03T12:02:59Z</time>
      </trkpt>
      <trkpt lat="30.638676" lon="104.14077">
        <time>2026-08-03T12:03:00Z</time>
      </trkpt>
      <trkpt lat="30.638664" lon="104.14082">
        <time>2026-08-03T12:03:01Z</time>
      </trkpt>
      <trkpt lat="30.63865" lon="104.14087">
        <time>2026-08-03T12:03:02Z</time>
      </trkpt>
      <trkpt lat="30.638638" lon="104.140915">
        <time>2026-08-03T12:03:03Z</time>
      </trkpt>
      <trkpt lat="30.638622" lon="104.14095">
        <time>2026-08-03T12:03:04Z</time>
      </trkpt>
      <trkpt lat="30.638607" lon="104.141">
        <time>2026-08-03T12:03:05Z</time>
      </trkpt>
      <trkpt lat="30.638597" lon="104.14104">
        <time>2026-08-03T12:03:06Z</time>
      </trkpt>
      <trkpt lat="30.638586" lon="104.14108">
        <time>2026-08-03T12:03:07Z</time>
      </trkpt>
      <trkpt lat="30.638577" lon="104.14113">
        <time>2026-08-03T12:03:08Z</time>
      </trkpt>
      <trkpt lat="30.638567" lon="104.14117">
        <time>2026-08-03T12:03:09Z</time>
      </trkpt>
      <trkpt lat="30.638557" lon="104.141205">
        <time>2026-08-03T12:03:10Z</time>
      </trkpt>
      <trkpt lat="30.638546" lon="104.14124">
        <time>2026-08-03T12:03:11Z</time>
      </trkpt>
      <trkpt lat="30.638533" lon="104.14129">
        <time>2026-08-03T12:03:12Z</time>
      </trkpt>
      <trkpt lat="30.63852" lon="104.141335">
        <time>2026-08-03T12:03:13Z</time>
      </trkpt>
      <trkpt lat="30.638502" lon="104.14137">
        <time>2026-08-03T12:03:14Z</time>
      </trkpt>
      <trkpt lat="30.638489" lon="104.14142">
        <time>2026-08-03T12:03:15Z</time>
      </trkpt>
      <trkpt lat="30.638474" lon="104.141464">
        <time>2026-08-03T12:03:16Z</time>
      </trkpt>
      <trkpt lat="30.638462" lon="104.1415">
        <time>2026-08-03T12:03:17Z</time>
      </trkpt>
      <trkpt lat="30.638453" lon="104.14155">
        <time>2026-08-03T12:03:18Z</time>
      </trkpt>
      <trkpt lat="30.638445" lon="104.141594">
        <time>2026-08-03T12:03:19Z</time>
      </trkpt>
      <trkpt lat="30.638433" lon="104.14164">
        <time>2026-08-03T12:03:20Z</time>
      </trkpt>
      <trkpt lat="30.638424" lon="104.14169">
        <time>2026-08-03T12:03:21Z</time>
      </trkpt>
      <trkpt lat="30.63841" lon="104.14175">
        <time>2026-08-03T12:03:22Z</time>
      </trkpt>
      <trkpt lat="30.638395" lon="104.14179">
        <time>2026-08-03T12:03:23Z</time>
      </trkpt>
      <trkpt lat="30.63838" lon="104.141846">
        <time>2026-08-03T12:03:24Z</time>
      </trkpt>
      <trkpt lat="30.638367" lon="104.14191">
        <time>2026-08-03T12:03:25Z</time>
      </trkpt>
      <trkpt lat="30.638357" lon="104.14196">
        <time>2026-08-03T12:03:26Z</time>
      </trkpt>
      <trkpt lat="30.638344" lon="104.14201">
        <time>2026-08-03T12:03:27Z</time>
      </trkpt>
      <trkpt lat="30.638332" lon="104.142075">
        <time>2026-08-03T12:03:28Z</time>
      </trkpt>
      <trkpt lat="30.63832" lon="104.14213">
        <time>2026-08-03T12:03:29Z</time>
      </trkpt>
      <trkpt lat="30.638308" lon="104.14219">
        <time>2026-08-03T12:03:30Z</time>
      </trkpt>
      <trkpt lat="30.638298" lon="104.14226">
        <time>2026-08-03T12:03:31Z</time>
      </trkpt>
      <trkpt lat="30.638287" lon="104.14232">
        <time>2026-08-03T12:03:32Z</time>
      </trkpt>
      <trkpt lat="30.63827" lon="104.14238">
        <time>2026-08-03T12:03:33Z</time>
      </trkpt>
      <trkpt lat="30.63825" lon="104.14244">
        <time>2026-08-03T12:03:34Z</time>
      </trkpt>
      <trkpt lat="30.63823" lon="104.1425">
        <time>2026-08-03T12:03:35Z</time>
      </trkpt>
      <trkpt lat="30.638212" lon="104.14257">
        <time>2026-08-03T12:03:36Z</time>
      </trkpt>
      <trkpt lat="30.638195" lon="104.14264">
        <time>2026-08-03T12:03:37Z</time>
      </trkpt>
      <trkpt lat="30.63818" lon="104.1427">
        <time>2026-08-03T12:03:38Z</time>
      </trkpt>
      <trkpt lat="30.638163" lon="104.14277">
        <time>2026-08-03T12:03:39Z</time>
      </trkpt>
      <trkpt lat="30.638145" lon="104.14283">
        <time>2026-08-03T12:03:40Z</time>
      </trkpt>
      <trkpt lat="30.638128" lon="104.1429">
        <time>2026-08-03T12:03:41Z</time>
      </trkpt>
      <trkpt lat="30.638111" lon="104.14297">
        <time>2026-08-03T12:03:42Z</time>
      </trkpt>
      <trkpt lat="30.638092" lon="104.14304">
        <time>2026-08-03T12:03:43Z</time>
      </trkpt>
      <trkpt lat="30.638071" lon="104.14311">
        <time>2026-08-03T12:03:44Z</time>
      </trkpt>
      <trkpt lat="30.63805" lon="104.14319">
        <time>2026-08-03T12:03:45Z</time>
      </trkpt>
      <trkpt lat="30.63803" lon="104.14325">
        <time>2026-08-03T12:03:46Z</time>
      </trkpt>
      <trkpt lat="30.638016" lon="104.1433">
        <time>2026-08-03T12:03:47Z</time>
      </trkpt>
      <trkpt lat="30.638002" lon="104.14334">
        <time>2026-08-03T12:03:48Z</time>
      </trkpt>
      <trkpt lat="30.637987" lon="104.14339">
        <time>2026-08-03T12:03:49Z</time>
      </trkpt>
      <trkpt lat="30.637981" lon="104.14343">
        <time>2026-08-03T12:03:50Z</time>
      </trkpt>
      <trkpt lat="30.63798" lon="104.14348">
        <time>2026-08-03T12:03:51Z</time>
      </trkpt>
      <trkpt lat="30.637981" lon="104.14352">
        <time>2026-08-03T12:03:52Z</time>
      </trkpt>
      <trkpt lat="30.637981" lon="104.14356">
        <time>2026-08-03T12:03:53Z</time>
      </trkpt>
      <trkpt lat="30.637981" lon="104.1436">
        <time>2026-08-03T12:03:54Z</time>
      </trkpt>
      <trkpt lat="30.637978" lon="104.14365">
        <time>2026-08-03T12:03:55Z</time>
      </trkpt>
      <trkpt lat="30.637962" lon="104.1437">
        <time>2026-08-03T12:03:56Z</time>
      </trkpt>
      <trkpt lat="30.63794" lon="104.14376">
        <time>2026-08-03T12:03:57Z</time>
      </trkpt>
      <trkpt lat="30.637917" lon="104.14382">
        <time>2026-08-03T12:03:58Z</time>
      </trkpt>
      <trkpt lat="30.637897" lon="104.143875">
        <time>2026-08-03T12:03:59Z</time>
      </trkpt>
      <trkpt lat="30.637875" lon="104.14394">
        <time>2026-08-03T12:04:00Z</time>
      </trkpt>
      <trkpt lat="30.637848" lon="104.14402">
        <time>2026-08-03T12:04:01Z</time>
      </trkpt>
      <trkpt lat="30.63782" lon="104.1441">
        <time>2026-08-03T12:04:02Z</time>
      </trkpt>
      <trkpt lat="30.637793" lon="104.14419">
        <time>2026-08-03T12:04:03Z</time>
      </trkpt>
      <trkpt lat="30.637766" lon="104.14427">
        <time>2026-08-03T12:04:04Z</time>
      </trkpt>
      <trkpt lat="30.637733" lon="104.14436">
        <time>2026-08-03T12:04:05Z</time>
      </trkpt>
      <trkpt lat="30.637703" lon="104.144455">
        <time>2026-08-03T12:04:06Z</time>
      </trkpt>
      <trkpt lat="30.637672" lon="104.14455">
        <time>2026-08-03T12:04:07Z</time>
      </trkpt>
      <trkpt lat="30.637642" lon="104.14463">
        <time>2026-08-03T12:04:08Z</time>
      </trkpt>
      <trkpt lat="30.637617" lon="104.144714">
        <time>2026-08-03T12:04:09Z</time>
      </trkpt>
      <trkpt lat="30.637596" lon="104.144806">
        <time>2026-08-03T12:04:10Z</time>
      </trkpt>
      <trkpt lat="30.637583" lon="104.144905">
        <time>2026-08-03T12:04:11Z</time>
      </trkpt>
      <trkpt lat="30.637575" lon="104.145">
        <time>2026-08-03T12:04:12Z</time>
      </trkpt>
      <trkpt lat="30.637564" lon="104.145096">
        <time>2026-08-03T12:04:13Z</time>
      </trkpt>
      <trkpt lat="30.63754" lon="104.145195">
        <time>2026-08-03T12:04:14Z</time>
      </trkpt>
      <trkpt lat="30.637518" lon="104.14529">
        <time>2026-08-03T12:04:15Z</time>
      </trkpt>
      <trkpt lat="30.637493" lon="104.14538">
        <time>2026-08-03T12:04:16Z</time>
      </trkpt>
      <trkpt lat="30.637472" lon="104.14547">
        <time>2026-08-03T12:04:17Z</time>
      </trkpt>
      <trkpt lat="30.63745" lon="104.14555">
        <time>2026-08-03T12:04:18Z</time>
      </trkpt>
      <trkpt lat="30.637432" lon="104.14564">
        <time>2026-08-03T12:04:19Z</time>
      </trkpt>
      <trkpt lat="30.63741" lon="104.14573">
        <time>2026-08-03T12:04:20Z</time>
      </trkpt>
      <trkpt lat="30.637384" lon="104.145805">
        <time>2026-08-03T12:04:21Z</time>
      </trkpt>
      <trkpt lat="30.637363" lon="104.14589">
        <time>2026-08-03T12:04:22Z</time>
      </trkpt>
      <trkpt lat="30.637342" lon="104.145966">
        <time>2026-08-03T12:04:23Z</time>
      </trkpt>
      <trkpt lat="30.63732" lon="104.14605">
        <time>2026-08-03T12:04:24Z</time>
      </trkpt>
      <trkpt lat="30.637299" lon="104.14613">
        <time>2026-08-03T12:04:25Z</time>
      </trkpt>
      <trkpt lat="30.63728" lon="104.14622">
        <time>2026-08-03T12:04:26Z</time>
      </trkpt>
      <trkpt lat="30.637264" lon="104.1463">
        <time>2026-08-03T12:04:27Z</time>
      </trkpt>
      <trkpt lat="30.63725" lon="104.14638">
        <time>2026-08-03T12:04:28Z</time>
      </trkpt>
      <trkpt lat="30.63724" lon="104.14646">
        <time>2026-08-03T12:04:29Z</time>
      </trkpt>
      <trkpt lat="30.637228" lon="104.146545">
        <time>2026-08-03T12:04:30Z</time>
      </trkpt>
      <trkpt lat="30.637209" lon="104.14662">
        <time>2026-08-03T12:04:31Z</time>
      </trkpt>
      <trkpt lat="30.637188" lon="104.1467">
        <time>2026-08-03T12:04:32Z</time>
      </trkpt>
      <trkpt lat="30.637169" lon="104.14678">
        <time>2026-08-03T12:04:33Z</time>
      </trkpt>
      <trkpt lat="30.637148" lon="104.14686">
        <time>2026-08-03T12:04:34Z</time>
      </trkpt>
      <trkpt lat="30.63713" lon="104.14694">
        <time>2026-08-03T12:04:35Z</time>
      </trkpt>
      <trkpt lat="30.637114" lon="104.147026">
        <time>2026-08-03T12:04:36Z</time>
      </trkpt>
      <trkpt lat="30.637098" lon="104.14711">
        <time>2026-08-03T12:04:37Z</time>
      </trkpt>
      <trkpt lat="30.637087" lon="104.147194">
        <time>2026-08-03T12:04:38Z</time>
      </trkpt>
      <trkpt lat="30.63708" lon="104.14728">
        <time>2026-08-03T12:04:39Z</time>
      </trkpt>
      <trkpt lat="30.637074" lon="104.14737">
        <time>2026-08-03T12:04:40Z</time>
      </trkpt>
      <trkpt lat="30.637062" lon="104.14745">
        <time>2026-08-03T12:04:41Z</time>
      </trkpt>
      <trkpt lat="30.63705" lon="104.147545">
        <time>2026-08-03T12:04:42Z</time>
      </trkpt>
      <trkpt lat="30.637033" lon="104.14762">
        <time>2026-08-03T12:04:43Z</time>
      </trkpt>
      <trkpt lat="30.637012" lon="104.147705">
        <time>2026-08-03T12:04:44Z</time>
      </trkpt>
      <trkpt lat="30.636986" lon="104.14778">
        <time>2026-08-03T12:04:45Z</time>
      </trkpt>
      <trkpt lat="30.636967" lon="104.14786">
        <time>2026-08-03T12:04:46Z</time>
      </trkpt>
      <trkpt lat="30.636942" lon="104.147934">
        <time>2026-08-03T12:04:47Z</time>
      </trkpt>
      <trkpt lat="30.63691" lon="104.148">
        <time>2026-08-03T12:04:48Z</time>
      </trkpt>
      <trkpt lat="30.63688" lon="104.14806">
        <time>2026-08-03T12:04:49Z</time>
      </trkpt>
      <trkpt lat="30.63684" lon="104.14812">
        <time>2026-08-03T12:04:50Z</time>
      </trkpt>
      <trkpt lat="30.63681" lon="104.14817">
        <time>2026-08-03T12:04:51Z</time>
      </trkpt>
      <trkpt lat="30.636774" lon="104.14823">
        <time>2026-08-03T12:04:52Z</time>
      </trkpt>
      <trkpt lat="30.636738" lon="104.14829">
        <time>2026-08-03T12:04:53Z</time>
      </trkpt>
      <trkpt lat="30.636703" lon="104.14835">
        <time>2026-08-03T12:04:54Z</time>
      </trkpt>
      <trkpt lat="30.636665" lon="104.148415">
        <time>2026-08-03T12:04:55Z</time>
      </trkpt>
      <trkpt lat="30.63663" lon="104.148476">
        <time>2026-08-03T12:04:56Z</time>
      </trkpt>
      <trkpt lat="30.636593" lon="104.14853">
        <time>2026-08-03T12:04:57Z</time>
      </trkpt>
      <trkpt lat="30.636562" lon="104.14858">
        <time>2026-08-03T12:04:58Z</time>
      </trkpt>
      <trkpt lat="30.636524" lon="104.14862">
        <time>2026-08-03T12:04:59Z</time>
      </trkpt>
      <trkpt lat="30.636484" lon="104.14866">
        <time>2026-08-03T12:05:00Z</time>
      </trkpt>
      <trkpt lat="30.636444" lon="104.14869">
        <time>2026-08-03T12:05:01Z</time>
      </trkpt>
      <trkpt lat="30.6364" lon="104.148705">
        <time>2026-08-03T12:05:02Z</time>
      </trkpt>
      <trkpt lat="30.636335" lon="104.1487">
        <time>2026-08-03T12:05:03Z</time>
      </trkpt>
      <trkpt lat="30.636272" lon="104.148674">
        <time>2026-08-03T12:05:04Z</time>
      </trkpt>
      <trkpt lat="30.63621" lon="104.14864">
        <time>2026-08-03T12:05:05Z</time>
      </trkpt>
      <trkpt lat="30.636152" lon="104.14861">
        <time>2026-08-03T12:05:06Z</time>
      </trkpt>
      <trkpt lat="30.63609" lon="104.14858">
        <time>2026-08-03T12:05:07Z</time>
      </trkpt>
      <trkpt lat="30.63603" lon="104.148544">
        <time>2026-08-03T12:05:08Z</time>
      </trkpt>
      <trkpt lat="30.635967" lon="104.14851">
        <time>2026-08-03T12:05:09Z</time>
      </trkpt>
      <trkpt lat="30.635902" lon="104.14848">
        <time>2026-08-03T12:05:10Z</time>
      </trkpt>
      <trkpt lat="30.635838" lon="104.14845">
        <time>2026-08-03T12:05:11Z</time>
      </trkpt>
      <trkpt lat="30.635777" lon="104.148415">
        <time>2026-08-03T12:05:12Z</time>
      </trkpt>
      <trkpt lat="30.635727" lon="104.14839">
        <time>2026-08-03T12:05:13Z</time>
      </trkpt>
      <trkpt lat="30.635681" lon="104.14837">
        <time>2026-08-03T12:05:14Z</time>
      </trkpt>
      <trkpt lat="30.635641" lon="104.14834">
        <time>2026-08-03T12:05:15Z</time>
      </trkpt>
      <trkpt lat="30.635607" lon="104.14831">
        <time>2026-08-03T12:05:16Z</time>
      </trkpt>
      <trkpt lat="30.635572" lon="104.148285">
        <time>2026-08-03T12:05:17Z</time>
      </trkpt>
      <trkpt lat="30.63555" lon="104.14828">
        <time>2026-08-03T12:05:18Z</time>
      </trkpt>
      <trkpt lat="30.635538" lon="104.14828">
        <time>2026-08-03T12:05:19Z</time>
      </trkpt>
      <trkpt lat="30.635538" lon="104.14828">
        <time>2026-08-03T12:05:20Z</time>
      </trkpt>
      <trkpt lat="30.635538" lon="104.14828">
        <time>2026-08-03T12:05:21Z</time>
      </trkpt>
      <trkpt lat="30.635517" lon="104.14828">
        <time>2026-08-03T12:05:22Z</time>
      </trkpt>
      <trkpt lat="30.635511" lon="104.14828">
        <time>2026-08-03T12:05:23Z</time>
      </trkpt>
      <trkpt lat="30.63551" lon="104.14827">
        <time>2026-08-03T12:05:24Z</time>
      </trkpt>
      <trkpt lat="30.635508" lon="104.14826">
        <time>2026-08-03T12:05:25Z</time>
      </trkpt>
      <trkpt lat="30.635508" lon="104.14826">
        <time>2026-08-03T12:05:26Z</time>
      </trkpt>
      <trkpt lat="30.635508" lon="104.14826">
        <time>2026-08-03T12:05:27Z</time>
      </trkpt>
      <trkpt lat="30.63548" lon="104.14824">
        <time>2026-08-03T12:05:28Z</time>
      </trkpt>
      <trkpt lat="30.63547" lon="104.14825">
        <time>2026-08-03T12:05:29Z</time>
      </trkpt>
      <trkpt lat="30.63547" lon="104.148254">
        <time>2026-08-03T12:05:30Z</time>
      </trkpt>
      <trkpt lat="30.635473" lon="104.14826">
        <time>2026-08-03T12:05:31Z</time>
      </trkpt>
      <trkpt lat="30.635473" lon="104.14826">
        <time>2026-08-03T12:05:32Z</time>
      </trkpt>
      <trkpt lat="30.635473" lon="104.14826">
        <time>2026-08-03T12:05:33Z</time>
      </trkpt>
      <trkpt lat="30.635473" lon="104.14826">
        <time>2026-08-03T12:05:34Z</time>
      </trkpt>
      <trkpt lat="30.635473" lon="104.14826">
        <time>2026-08-03T12:05:35Z</time>
      </trkpt>
      <trkpt lat="30.635473" lon="104.14826">
        <time>2026-08-03T12:05:36Z</time>
      </trkpt>
      <trkpt lat="30.635473" lon="104.14826">
        <time>2026-08-03T12:05:37Z</time>
      </trkpt>
      <trkpt lat="30.635473" lon="104.14826">
        <time>2026-08-03T12:05:38Z</time>
      </trkpt>
      <trkpt lat="30.635473" lon="104.14826">
        <time>2026-08-03T12:05:39Z</time>
      </trkpt>
      <trkpt lat="30.635473" lon="104.14826">
        <time>2026-08-03T12:05:40Z</time>
      </trkpt>
      <trkpt lat="30.635473" lon="104.14826">
        <time>2026-08-03T12:05:41Z</time>
      </trkpt>
      <trkpt lat="30.635473" lon="104.14826">
        <time>2026-08-03T12:05:42Z</time>
      </trkpt>
      <trkpt lat="30.635473" lon="104.14826">
        <time>2026-08-03T12:05:43Z</time>
      </trkpt>
      <trkpt lat="30.635473" lon="104.14826">
        <time>2026-08-03T12:05:44Z</time>
      </trkpt>
      <trkpt lat="30.635473" lon="104.14826">
        <time>2026-08-03T12:05:45Z</time>
      </trkpt>
      <trkpt lat="30.635473" lon="104.14826">
        <time>2026-08-03T12:05:46Z</time>
      </trkpt>
      <trkpt lat="30.635473" lon="104.14826">
        <time>2026-08-03T12:05:47Z</time>
      </trkpt>
      <trkpt lat="30.635473" lon="104.14826">
        <time>2026-08-03T12:05:48Z</time>
      </trkpt>
      <trkpt lat="30.635473" lon="104.14826">
        <time>2026-08-03T12:05:49Z</time>
      </trkpt>
      <trkpt lat="30.635473" lon="104.14826">
        <time>2026-08-03T12:05:50Z</time>
      </trkpt>
      <trkpt lat="30.635473" lon="104.14826">
        <time>2026-08-03T12:05:51Z</time>
      </trkpt>
      <trkpt lat="30.635473" lon="104.14826">
        <time>2026-08-03T12:05:52Z</time>
      </trkpt>
      <trkpt lat="30.635473" lon="104.14826">
        <time>2026-08-03T12:05:53Z</time>
      </trkpt>
      <trkpt lat="30.635473" lon="104.14826">
        <time>2026-08-03T12:05:54Z</time>
      </trkpt>
      <trkpt lat="30.635473" lon="104.14826">
        <time>2026-08-03T12:05:55Z</time>
      </trkpt>
      <trkpt lat="30.635456" lon="104.14827">
        <time>2026-08-03T12:05:56Z</time>
      </trkpt>
      <trkpt lat="30.635445" lon="104.148285">
        <time>2026-08-03T12:05:57Z</time>
      </trkpt>
      <trkpt lat="30.635437" lon="104.14831">
        <time>2026-08-03T12:05:58Z</time>
      </trkpt>
      <trkpt lat="30.63543" lon="104.14834">
        <time>2026-08-03T12:05:59Z</time>
      </trkpt>
      <trkpt lat="30.63542" lon="104.148384">
        <time>2026-08-03T12:06:00Z</time>
      </trkpt>
      <trkpt lat="30.635418" lon="104.14843">
        <time>2026-08-03T12:06:01Z</time>
      </trkpt>
      <trkpt lat="30.635418" lon="104.14847">
        <time>2026-08-03T12:06:02Z</time>
      </trkpt>
      <trkpt lat="30.635414" lon="104.14851">
        <time>2026-08-03T12:06:03Z</time>
      </trkpt>
      <trkpt lat="30.635408" lon="104.14857">
        <time>2026-08-03T12:06:04Z</time>
      </trkpt>
      <trkpt lat="30.635405" lon="104.14862">
        <time>2026-08-03T12:06:05Z</time>
      </trkpt>
      <trkpt lat="30.635397" lon="104.148674">
        <time>2026-08-03T12:06:06Z</time>
      </trkpt>
      <trkpt lat="30.635393" lon="104.14872">
        <time>2026-08-03T12:06:07Z</time>
      </trkpt>
      <trkpt lat="30.635382" lon="104.14875">
        <time>2026-08-03T12:06:08Z</time>
      </trkpt>
      <trkpt lat="30.63537" lon="104.14879">
        <time>2026-08-03T12:06:09Z</time>
      </trkpt>
      <trkpt lat="30.635353" lon="104.148834">
        <time>2026-08-03T12:06:10Z</time>
      </trkpt>
      <trkpt lat="30.635323" lon="104.14887">
        <time>2026-08-03T12:06:11Z</time>
      </trkpt>
      <trkpt lat="30.63529" lon="104.1489">
        <time>2026-08-03T12:06:12Z</time>
      </trkpt>
      <trkpt lat="30.635262" lon="104.14893">
        <time>2026-08-03T12:06:13Z</time>
      </trkpt>
      <trkpt lat="30.635242" lon="104.148964">
        <time>2026-08-03T12:06:14Z</time>
      </trkpt>
      <trkpt lat="30.635242" lon="104.149">
        <time>2026-08-03T12:06:15Z</time>
      </trkpt>
      <trkpt lat="30.635248" lon="104.14905">
        <time>2026-08-03T12:06:16Z</time>
      </trkpt>
      <trkpt lat="30.635256" lon="104.14908">
        <time>2026-08-03T12:06:17Z</time>
      </trkpt>
      <trkpt lat="30.635262" lon="104.14911">
        <time>2026-08-03T12:06:18Z</time>
      </trkpt>
      <trkpt lat="30.63526" lon="104.14914">
        <time>2026-08-03T12:06:19Z</time>
      </trkpt>
      <trkpt lat="30.635254" lon="104.14918">
        <time>2026-08-03T12:06:20Z</time>
      </trkpt>
      <trkpt lat="30.635252" lon="104.14921">
        <time>2026-08-03T12:06:21Z</time>
      </trkpt>
      <trkpt lat="30.63525" lon="104.14922">
        <time>2026-08-03T12:06:22Z</time>
      </trkpt>
      <trkpt lat="30.635252" lon="104.14925">
        <time>2026-08-03T12:06:23Z</time>
      </trkpt>
      <trkpt lat="30.635256" lon="104.14926">
        <time>2026-08-03T12:06:24Z</time>
      </trkpt>
      <trkpt lat="30.635265" lon="104.14927">
        <time>2026-08-03T12:06:25Z</time>
      </trkpt>
      <trkpt lat="30.635294" lon="104.14928">
        <time>2026-08-03T12:06:26Z</time>
      </trkpt>
      <trkpt lat="30.635336" lon="104.14929">
        <time>2026-08-03T12:06:27Z</time>
      </trkpt>
      <trkpt lat="30.635387" lon="104.1493">
        <time>2026-08-03T12:06:28Z</time>
      </trkpt>
      <trkpt lat="30.63545" lon="104.14933">
        <time>2026-08-03T12:06:29Z</time>
      </trkpt>
      <trkpt lat="30.63552" lon="104.14936">
        <time>2026-08-03T12:06:30Z</time>
      </trkpt>
      <trkpt lat="30.635586" lon="104.14939">
        <time>2026-08-03T12:06:31Z</time>
      </trkpt>
      <trkpt lat="30.635654" lon="104.14943">
        <time>2026-08-03T12:06:32Z</time>
      </trkpt>
      <trkpt lat="30.635717" lon="104.14946">
        <time>2026-08-03T12:06:33Z</time>
      </trkpt>
      <trkpt lat="30.635773" lon="104.14949">
        <time>2026-08-03T12:06:34Z</time>
      </trkpt>
      <trkpt lat="30.635838" lon="104.14952">
        <time>2026-08-03T12:06:35Z</time>
      </trkpt>
      <trkpt lat="30.635895" lon="104.14955">
        <time>2026-08-03T12:06:36Z</time>
      </trkpt>
      <trkpt lat="30.635935" lon="104.149605">
        <time>2026-08-03T12:06:37Z</time>
      </trkpt>
      <trkpt lat="30.63596" lon="104.149666">
        <time>2026-08-03T12:06:38Z</time>
      </trkpt>
      <trkpt lat="30.635979" lon="104.14973">
        <time>2026-08-03T12:06:39Z</time>
      </trkpt>
      <trkpt lat="30.635971" lon="104.1498">
        <time>2026-08-03T12:06:40Z</time>
      </trkpt>
      <trkpt lat="30.635942" lon="104.14988">
        <time>2026-08-03T12:06:41Z</time>
      </trkpt>
      <trkpt lat="30.635916" lon="104.14995">
        <time>2026-08-03T12:06:42Z</time>
      </trkpt>
      <trkpt lat="30.635883" lon="104.15004">
        <time>2026-08-03T12:06:43Z</time>
      </trkpt>
      <trkpt lat="30.635853" lon="104.15012">
        <time>2026-08-03T12:06:44Z</time>
      </trkpt>
      <trkpt lat="30.635824" lon="104.150215">
        <time>2026-08-03T12:06:45Z</time>
      </trkpt>
      <trkpt lat="30.635784" lon="104.15032">
        <time>2026-08-03T12:06:46Z</time>
      </trkpt>
      <trkpt lat="30.635754" lon="104.15042">
        <time>2026-08-03T12:06:47Z</time>
      </trkpt>
      <trkpt lat="30.635721" lon="104.15052">
        <time>2026-08-03T12:06:48Z</time>
      </trkpt>
      <trkpt lat="30.635687" lon="104.15063">
        <time>2026-08-03T12:06:49Z</time>
      </trkpt>
      <trkpt lat="30.635656" lon="104.15073">
        <time>2026-08-03T12:06:50Z</time>
      </trkpt>
      <trkpt lat="30.635626" lon="104.150826">
        <time>2026-08-03T12:06:51Z</time>
      </trkpt>
      <trkpt lat="30.635597" lon="104.15092">
        <time>2026-08-03T12:06:52Z</time>
      </trkpt>
      <trkpt lat="30.635563" lon="104.15102">
        <time>2026-08-03T12:06:53Z</time>
      </trkpt>
      <trkpt lat="30.635529" lon="104.15111">
        <time>2026-08-03T12:06:54Z</time>
      </trkpt>
      <trkpt lat="30.635492" lon="104.15119">
        <time>2026-08-03T12:06:55Z</time>
      </trkpt>
      <trkpt lat="30.635468" lon="104.15128">
        <time>2026-08-03T12:06:56Z</time>
      </trkpt>
      <trkpt lat="30.635431" lon="104.151375">
        <time>2026-08-03T12:06:57Z</time>
      </trkpt>
      <trkpt lat="30.6354" lon="104.15146">
        <time>2026-08-03T12:06:58Z</time>
      </trkpt>
      <trkpt lat="30.635368" lon="104.15154">
        <time>2026-08-03T12:06:59Z</time>
      </trkpt>
      <trkpt lat="30.63534" lon="104.15162">
        <time>2026-08-03T12:07:00Z</time>
      </trkpt>
      <trkpt lat="30.635307" lon="104.15169">
        <time>2026-08-03T12:07:01Z</time>
      </trkpt>
      <trkpt lat="30.635271" lon="104.151764">
        <time>2026-08-03T12:07:02Z</time>
      </trkpt>
      <trkpt lat="30.63524" lon="104.15184">
        <time>2026-08-03T12:07:03Z</time>
      </trkpt>
      <trkpt lat="30.635208" lon="104.15191">
        <time>2026-08-03T12:07:04Z</time>
      </trkpt>
      <trkpt lat="30.635178" lon="104.15196">
        <time>2026-08-03T12:07:05Z</time>
      </trkpt>
      <trkpt lat="30.635141" lon="104.152016">
        <time>2026-08-03T12:07:06Z</time>
      </trkpt>
      <trkpt lat="30.635107" lon="104.15208">
        <time>2026-08-03T12:07:07Z</time>
      </trkpt>
      <trkpt lat="30.63508" lon="104.15213">
        <time>2026-08-03T12:07:08Z</time>
      </trkpt>
      <trkpt lat="30.635057" lon="104.152176">
        <time>2026-08-03T12:07:09Z</time>
      </trkpt>
      <trkpt lat="30.635036" lon="104.15222">
        <time>2026-08-03T12:07:10Z</time>
      </trkpt>
      <trkpt lat="30.635014" lon="104.152275">
        <time>2026-08-03T12:07:11Z</time>
      </trkpt>
      <trkpt lat="30.634995" lon="104.15233">
        <time>2026-08-03T12:07:12Z</time>
      </trkpt>
      <trkpt lat="30.634974" lon="104.15238">
        <time>2026-08-03T12:07:13Z</time>
      </trkpt>
      <trkpt lat="30.63495" lon="104.152435">
        <time>2026-08-03T12:07:14Z</time>
      </trkpt>
      <trkpt lat="30.63493" lon="104.15249">
        <time>2026-08-03T12:07:15Z</time>
      </trkpt>
      <trkpt lat="30.634914" lon="104.152534">
        <time>2026-08-03T12:07:16Z</time>
      </trkpt>
      <trkpt lat="30.634893" lon="104.15258">
        <time>2026-08-03T12:07:17Z</time>
      </trkpt>
      <trkpt lat="30.634874" lon="104.15263">
        <time>2026-08-03T12:07:18Z</time>
      </trkpt>
      <trkpt lat="30.634853" lon="104.15268">
        <time>2026-08-03T12:07:19Z</time>
      </trkpt>
      <trkpt lat="30.63483" lon="104.15273">
        <time>2026-08-03T12:07:20Z</time>
      </trkpt>
      <trkpt lat="30.634804" lon="104.152794">
        <time>2026-08-03T12:07:21Z</time>
      </trkpt>
      <trkpt lat="30.634779" lon="104.152855">
        <time>2026-08-03T12:07:22Z</time>
      </trkpt>
      <trkpt lat="30.634754" lon="104.15291">
        <time>2026-08-03T12:07:23Z</time>
      </trkpt>
      <trkpt lat="30.634727" lon="104.15298">
        <time>2026-08-03T12:07:24Z</time>
      </trkpt>
      <trkpt lat="30.634697" lon="104.15304">
        <time>2026-08-03T12:07:25Z</time>
      </trkpt>
      <trkpt lat="30.634663" lon="104.1531">
        <time>2026-08-03T12:07:26Z</time>
      </trkpt>
      <trkpt lat="30.634632" lon="104.15316">
        <time>2026-08-03T12:07:27Z</time>
      </trkpt>
      <trkpt lat="30.634604" lon="104.15323">
        <time>2026-08-03T12:07:28Z</time>
      </trkpt>
      <trkpt lat="30.634573" lon="104.1533">
        <time>2026-08-03T12:07:29Z</time>
      </trkpt>
      <trkpt lat="30.63455" lon="104.15337">
        <time>2026-08-03T12:07:30Z</time>
      </trkpt>
      <trkpt lat="30.634527" lon="104.15345">
        <time>2026-08-03T12:07:31Z</time>
      </trkpt>
      <trkpt lat="30.634497" lon="104.15352">
        <time>2026-08-03T12:07:32Z</time>
      </trkpt>
      <trkpt lat="30.634472" lon="104.15359">
        <time>2026-08-03T12:07:33Z</time>
      </trkpt>
      <trkpt lat="30.634447" lon="104.15365">
        <time>2026-08-03T12:07:34Z</time>
      </trkpt>
      <trkpt lat="30.634422" lon="104.15372">
        <time>2026-08-03T12:07:35Z</time>
      </trkpt>
      <trkpt lat="30.634398" lon="104.153786">
        <time>2026-08-03T12:07:36Z</time>
      </trkpt>
      <trkpt lat="30.63437" lon="104.15385">
        <time>2026-08-03T12:07:37Z</time>
      </trkpt>
      <trkpt lat="30.634344" lon="104.153915">
        <time>2026-08-03T12:07:38Z</time>
      </trkpt>
      <trkpt lat="30.63432" lon="104.15398">
        <time>2026-08-03T12:07:39Z</time>
      </trkpt>
      <trkpt lat="30.634296" lon="104.154045">
        <time>2026-08-03T12:07:40Z</time>
      </trkpt>
      <trkpt lat="30.634275" lon="104.154106">
        <time>2026-08-03T12:07:41Z</time>
      </trkpt>
      <trkpt lat="30.634254" lon="104.15416">
        <time>2026-08-03T12:07:42Z</time>
      </trkpt>
      <trkpt lat="30.63423" lon="104.15422">
        <time>2026-08-03T12:07:43Z</time>
      </trkpt>
      <trkpt lat="30.634209" lon="104.15428">
        <time>2026-08-03T12:07:44Z</time>
      </trkpt>
      <trkpt lat="30.634188" lon="104.15434">
        <time>2026-08-03T12:07:45Z</time>
      </trkpt>
      <trkpt lat="30.634167" lon="104.1544">
        <time>2026-08-03T12:07:46Z</time>
      </trkpt>
      <trkpt lat="30.634146" lon="104.154465">
        <time>2026-08-03T12:07:47Z</time>
      </trkpt>
      <trkpt lat="30.634127" lon="104.15453">
        <time>2026-08-03T12:07:48Z</time>
      </trkpt>
      <trkpt lat="30.634106" lon="104.154594">
        <time>2026-08-03T12:07:49Z</time>
      </trkpt>
      <trkpt lat="30.634083" lon="104.154655">
        <time>2026-08-03T12:07:50Z</time>
      </trkpt>
      <trkpt lat="30.634064" lon="104.15472">
        <time>2026-08-03T12:07:51Z</time>
      </trkpt>
      <trkpt lat="30.634045" lon="104.154785">
        <time>2026-08-03T12:07:52Z</time>
      </trkpt>
      <trkpt lat="30.634026" lon="104.154854">
        <time>2026-08-03T12:07:53Z</time>
      </trkpt>
      <trkpt lat="30.634" lon="104.15492">
        <time>2026-08-03T12:07:54Z</time>
      </trkpt>
      <trkpt lat="30.633974" lon="104.15499">
        <time>2026-08-03T12:07:55Z</time>
      </trkpt>
      <trkpt lat="30.63395" lon="104.15505">
        <time>2026-08-03T12:07:56Z</time>
      </trkpt>
      <trkpt lat="30.633926" lon="104.15512">
        <time>2026-08-03T12:07:57Z</time>
      </trkpt>
      <trkpt lat="30.633896" lon="104.1552">
        <time>2026-08-03T12:07:58Z</time>
      </trkpt>
      <trkpt lat="30.633867" lon="104.15527">
        <time>2026-08-03T12:07:59Z</time>
      </trkpt>
      <trkpt lat="30.633839" lon="104.15535">
        <time>2026-08-03T12:08:00Z</time>
      </trkpt>
      <trkpt lat="30.633806" lon="104.15543">
        <time>2026-08-03T12:08:01Z</time>
      </trkpt>
      <trkpt lat="30.633743" lon="104.1556">
        <time>2026-08-03T12:08:02Z</time>
      </trkpt>
      <trkpt lat="30.633709" lon="104.155685">
        <time>2026-08-03T12:08:03Z</time>
      </trkpt>
      <trkpt lat="30.633673" lon="104.15577">
        <time>2026-08-03T12:08:05Z</time>
      </trkpt>
      <trkpt lat="30.633638" lon="104.15586">
        <time>2026-08-03T12:08:06Z</time>
      </trkpt>
      <trkpt lat="30.633604" lon="104.15594">
        <time>2026-08-03T12:08:07Z</time>
      </trkpt>
      <trkpt lat="30.633568" lon="104.15603">
        <time>2026-08-03T12:08:08Z</time>
      </trkpt>
      <trkpt lat="30.633535" lon="104.15611">
        <time>2026-08-03T12:08:09Z</time>
      </trkpt>
      <trkpt lat="30.6335" lon="104.156204">
        <time>2026-08-03T12:08:10Z</time>
      </trkpt>
      <trkpt lat="30.633461" lon="104.15629">
        <time>2026-08-03T12:08:11Z</time>
      </trkpt>
      <trkpt lat="30.633423" lon="104.15638">
        <time>2026-08-03T12:08:12Z</time>
      </trkpt>
      <trkpt lat="30.633385" lon="104.15648">
        <time>2026-08-03T12:08:13Z</time>
      </trkpt>
      <trkpt lat="30.633345" lon="104.15657">
        <time>2026-08-03T12:08:14Z</time>
      </trkpt>
      <trkpt lat="30.633308" lon="104.15666">
        <time>2026-08-03T12:08:15Z</time>
      </trkpt>
      <trkpt lat="30.63327" lon="104.15675">
        <time>2026-08-03T12:08:16Z</time>
      </trkpt>
      <trkpt lat="30.633228" lon="104.15685">
        <time>2026-08-03T12:08:17Z</time>
      </trkpt>
      <trkpt lat="30.633188" lon="104.15694">
        <time>2026-08-03T12:08:18Z</time>
      </trkpt>
      <trkpt lat="30.633148" lon="104.15702">
        <time>2026-08-03T12:08:19Z</time>
      </trkpt>
      <trkpt lat="30.633108" lon="104.15711">
        <time>2026-08-03T12:08:20Z</time>
      </trkpt>
      <trkpt lat="30.633066" lon="104.1572">
        <time>2026-08-03T12:08:21Z</time>
      </trkpt>
      <trkpt lat="30.633026" lon="104.157295">
        <time>2026-08-03T12:08:22Z</time>
      </trkpt>
      <trkpt lat="30.632988" lon="104.15738">
        <time>2026-08-03T12:08:23Z</time>
      </trkpt>
      <trkpt lat="30.632954" lon="104.15747">
        <time>2026-08-03T12:08:24Z</time>
      </trkpt>
      <trkpt lat="30.632921" lon="104.157555">
        <time>2026-08-03T12:08:25Z</time>
      </trkpt>
      <trkpt lat="30.632887" lon="104.15764">
        <time>2026-08-03T12:08:26Z</time>
      </trkpt>
      <trkpt lat="30.632853" lon="104.15773">
        <time>2026-08-03T12:08:27Z</time>
      </trkpt>
      <trkpt lat="30.632812" lon="104.1578">
        <time>2026-08-03T12:08:28Z</time>
      </trkpt>
      <trkpt lat="30.632784" lon="104.15785">
        <time>2026-08-03T12:08:29Z</time>
      </trkpt>
      <trkpt lat="30.632753" lon="104.15789">
        <time>2026-08-03T12:08:30Z</time>
      </trkpt>
      <trkpt lat="30.63272" lon="104.15793">
        <time>2026-08-03T12:08:31Z</time>
      </trkpt>
      <trkpt lat="30.632687" lon="104.157974">
        <time>2026-08-03T12:08:32Z</time>
      </trkpt>
      <trkpt lat="30.632654" lon="104.15803">
        <time>2026-08-03T12:08:33Z</time>
      </trkpt>
      <trkpt lat="30.63263" lon="104.15807">
        <time>2026-08-03T12:08:34Z</time>
      </trkpt>
      <trkpt lat="30.63261" lon="104.15811">
        <time>2026-08-03T12:08:35Z</time>
      </trkpt>
      <trkpt lat="30.632591" lon="104.15815">
        <time>2026-08-03T12:08:36Z</time>
      </trkpt>
      <trkpt lat="30.632582" lon="104.15819">
        <time>2026-08-03T12:08:37Z</time>
      </trkpt>
      <trkpt lat="30.632565" lon="104.15823">
        <time>2026-08-03T12:08:38Z</time>
      </trkpt>
      <trkpt lat="30.632553" lon="104.15828">
        <time>2026-08-03T12:08:39Z</time>
      </trkpt>
      <trkpt lat="30.632545" lon="104.158325">
        <time>2026-08-03T12:08:40Z</time>
      </trkpt>
      <trkpt lat="30.632534" lon="104.15839">
        <time>2026-08-03T12:08:41Z</time>
      </trkpt>
      <trkpt lat="30.632507" lon="104.15844">
        <time>2026-08-03T12:08:42Z</time>
      </trkpt>
      <trkpt lat="30.632477" lon="104.158485">
        <time>2026-08-03T12:08:43Z</time>
      </trkpt>
      <trkpt lat="30.632448" lon="104.15854">
        <time>2026-08-03T12:08:44Z</time>
      </trkpt>
      <trkpt lat="30.632418" lon="104.15859">
        <time>2026-08-03T12:08:45Z</time>
      </trkpt>
      <trkpt lat="30.63239" lon="104.158646">
        <time>2026-08-03T12:08:46Z</time>
      </trkpt>
      <trkpt lat="30.632357" lon="104.1587">
        <time>2026-08-03T12:08:47Z</time>
      </trkpt>
      <trkpt lat="30.632324" lon="104.15876">
        <time>2026-08-03T12:08:48Z</time>
      </trkpt>
      <trkpt lat="30.632296" lon="104.15881">
        <time>2026-08-03T12:08:49Z</time>
      </trkpt>
      <trkpt lat="30.632261" lon="104.15887">
        <time>2026-08-03T12:08:50Z</time>
      </trkpt>
      <trkpt lat="30.63223" lon="104.15892">
        <time>2026-08-03T12:08:51Z</time>
      </trkpt>
      <trkpt lat="30.632204" lon="104.15897">
        <time>2026-08-03T12:08:52Z</time>
      </trkpt>
      <trkpt lat="30.632177" lon="104.159035">
        <time>2026-08-03T12:08:53Z</time>
      </trkpt>
      <trkpt lat="30.632149" lon="104.15909">
        <time>2026-08-03T12:08:54Z</time>
      </trkpt>
      <trkpt lat="30.632122" lon="104.15914">
        <time>2026-08-03T12:08:55Z</time>
      </trkpt>
      <trkpt lat="30.632097" lon="104.1592">
        <time>2026-08-03T12:08:56Z</time>
      </trkpt>
      <trkpt lat="30.632072" lon="104.15926">
        <time>2026-08-03T12:08:57Z</time>
      </trkpt>
      <trkpt lat="30.632046" lon="104.15932">
        <time>2026-08-03T12:08:58Z</time>
      </trkpt>
      <trkpt lat="30.63202" lon="104.15938">
        <time>2026-08-03T12:08:59Z</time>
      </trkpt>
      <trkpt lat="30.631998" lon="104.15943">
        <time>2026-08-03T12:09:00Z</time>
      </trkpt>
      <trkpt lat="30.631971" lon="104.15949">
        <time>2026-08-03T12:09:01Z</time>
      </trkpt>
      <trkpt lat="30.631947" lon="104.15955">
        <time>2026-08-03T12:09:02Z</time>
      </trkpt>
      <trkpt lat="30.631918" lon="104.159615">
        <time>2026-08-03T12:09:03Z</time>
      </trkpt>
      <trkpt lat="30.631887" lon="104.159676">
        <time>2026-08-03T12:09:04Z</time>
      </trkpt>
      <trkpt lat="30.63186" lon="104.15974">
        <time>2026-08-03T12:09:05Z</time>
      </trkpt>
      <trkpt lat="30.63183" lon="104.1598">
        <time>2026-08-03T12:09:06Z</time>
      </trkpt>
      <trkpt lat="30.6318" lon="104.15986">
        <time>2026-08-03T12:09:07Z</time>
      </trkpt>
      <trkpt lat="30.63177" lon="104.15991">
        <time>2026-08-03T12:09:08Z</time>
      </trkpt>
      <trkpt lat="30.63174" lon="104.15997">
        <time>2026-08-03T12:09:09Z</time>
      </trkpt>
      <trkpt lat="30.631712" lon="104.160034">
        <time>2026-08-03T12:09:10Z</time>
      </trkpt>
      <trkpt lat="30.631683" lon="104.160095">
        <time>2026-08-03T12:09:11Z</time>
      </trkpt>
      <trkpt lat="30.631657" lon="104.16016">
        <time>2026-08-03T12:09:12Z</time>
      </trkpt>
      <trkpt lat="30.631628" lon="104.16022">
        <time>2026-08-03T12:09:13Z</time>
      </trkpt>
      <trkpt lat="30.6316" lon="104.16028">
        <time>2026-08-03T12:09:14Z</time>
      </trkpt>
      <trkpt lat="30.63157" lon="104.16033">
        <time>2026-08-03T12:09:15Z</time>
      </trkpt>
      <trkpt lat="30.63154" lon="104.16039">
        <time>2026-08-03T12:09:16Z</time>
      </trkpt>
      <trkpt lat="30.631508" lon="104.16045">
        <time>2026-08-03T12:09:17Z</time>
      </trkpt>
      <trkpt lat="30.63148" lon="104.160515">
        <time>2026-08-03T12:09:18Z</time>
      </trkpt>
      <trkpt lat="30.631449" lon="104.160576">
        <time>2026-08-03T12:09:19Z</time>
      </trkpt>
      <trkpt lat="30.631418" lon="104.16064">
        <time>2026-08-03T12:09:20Z</time>
      </trkpt>
      <trkpt lat="30.63139" lon="104.1607">
        <time>2026-08-03T12:09:21Z</time>
      </trkpt>
      <trkpt lat="30.631363" lon="104.16076">
        <time>2026-08-03T12:09:22Z</time>
      </trkpt>
      <trkpt lat="30.631332" lon="104.16082">
        <time>2026-08-03T12:09:23Z</time>
      </trkpt>
      <trkpt lat="30.631304" lon="104.16089">
        <time>2026-08-03T12:09:24Z</time>
      </trkpt>
      <trkpt lat="30.631271" lon="104.16096">
        <time>2026-08-03T12:09:25Z</time>
      </trkpt>
      <trkpt lat="30.63124" lon="104.16102">
        <time>2026-08-03T12:09:26Z</time>
      </trkpt>
      <trkpt lat="30.631208" lon="104.16109">
        <time>2026-08-03T12:09:27Z</time>
      </trkpt>
      <trkpt lat="30.631176" lon="104.16115">
        <time>2026-08-03T12:09:28Z</time>
      </trkpt>
      <trkpt lat="30.631144" lon="104.16122">
        <time>2026-08-03T12:09:29Z</time>
      </trkpt>
      <trkpt lat="30.63111" lon="104.161285">
        <time>2026-08-03T12:09:30Z</time>
      </trkpt>
      <trkpt lat="30.631077" lon="104.16134">
        <time>2026-08-03T12:09:31Z</time>
      </trkpt>
      <trkpt lat="30.631056" lon="104.161385">
        <time>2026-08-03T12:09:32Z</time>
      </trkpt>
      <trkpt lat="30.63105" lon="104.16142">
        <time>2026-08-03T12:09:33Z</time>
      </trkpt>
      <trkpt lat="30.63105" lon="104.16146">
        <time>2026-08-03T12:09:34Z</time>
      </trkpt>
      <trkpt lat="30.631048" lon="104.1615">
        <time>2026-08-03T12:09:35Z</time>
      </trkpt>
      <trkpt lat="30.631044" lon="104.16154">
        <time>2026-08-03T12:09:36Z</time>
      </trkpt>
      <trkpt lat="30.63104" lon="104.161575">
        <time>2026-08-03T12:09:37Z</time>
      </trkpt>
      <trkpt lat="30.631023" lon="104.16161">
        <time>2026-08-03T12:09:38Z</time>
      </trkpt>
      <trkpt lat="30.630997" lon="104.16166">
        <time>2026-08-03T12:09:39Z</time>
      </trkpt>
      <trkpt lat="30.630966" lon="104.1617">
        <time>2026-08-03T12:09:40Z</time>
      </trkpt>
      <trkpt lat="30.630934" lon="104.16174">
        <time>2026-08-03T12:09:41Z</time>
      </trkpt>
      <trkpt lat="30.630903" lon="104.16178">
        <time>2026-08-03T12:09:42Z</time>
      </trkpt>
      <trkpt lat="30.63087" lon="104.161835">
        <time>2026-08-03T12:09:43Z</time>
      </trkpt>
      <trkpt lat="30.630838" lon="104.16188">
        <time>2026-08-03T12:09:44Z</time>
      </trkpt>
      <trkpt lat="30.630806" lon="104.16193">
        <time>2026-08-03T12:09:45Z</time>
      </trkpt>
      <trkpt lat="30.630774" lon="104.16198">
        <time>2026-08-03T12:09:46Z</time>
      </trkpt>
      <trkpt lat="30.63074" lon="104.16204">
        <time>2026-08-03T12:09:47Z</time>
      </trkpt>
      <trkpt lat="30.630713" lon="104.162094">
        <time>2026-08-03T12:09:48Z</time>
      </trkpt>
      <trkpt lat="30.630682" lon="104.162155">
        <time>2026-08-03T12:09:49Z</time>
      </trkpt>
      <trkpt lat="30.63065" lon="104.16221">
        <time>2026-08-03T12:09:50Z</time>
      </trkpt>
      <trkpt lat="30.63062" lon="104.16227">
        <time>2026-08-03T12:09:51Z</time>
      </trkpt>
      <trkpt lat="30.630583" lon="104.16233">
        <time>2026-08-03T12:09:52Z</time>
      </trkpt>
      <trkpt lat="30.630552" lon="104.16239">
        <time>2026-08-03T12:09:53Z</time>
      </trkpt>
      <trkpt lat="30.63052" lon="104.162445">
        <time>2026-08-03T12:09:54Z</time>
      </trkpt>
      <trkpt lat="30.630484" lon="104.1625">
        <time>2026-08-03T12:09:55Z</time>
      </trkpt>
      <trkpt lat="30.630444" lon="104.16256">
        <time>2026-08-03T12:09:56Z</time>
      </trkpt>
      <trkpt lat="30.630404" lon="104.16261">
        <time>2026-08-03T12:09:57Z</time>
      </trkpt>
      <trkpt lat="30.630365" lon="104.16267">
        <time>2026-08-03T12:09:58Z</time>
      </trkpt>
      <trkpt lat="30.63033" lon="104.16272">
        <time>2026-08-03T12:09:59Z</time>
      </trkpt>
      <trkpt lat="30.630293" lon="104.16279">
        <time>2026-08-03T12:10:00Z</time>
      </trkpt>
      <trkpt lat="30.630262" lon="104.16285">
        <time>2026-08-03T12:10:01Z</time>
      </trkpt>
      <trkpt lat="30.63023" lon="104.16291">
        <time>2026-08-03T12:10:02Z</time>
      </trkpt>
      <trkpt lat="30.630198" lon="104.16297">
        <time>2026-08-03T12:10:03Z</time>
      </trkpt>
      <trkpt lat="30.630169" lon="104.16303">
        <time>2026-08-03T12:10:04Z</time>
      </trkpt>
      <trkpt lat="30.63014" lon="104.1631">
        <time>2026-08-03T12:10:05Z</time>
      </trkpt>
      <trkpt lat="30.630117" lon="104.16317">
        <time>2026-08-03T12:10:06Z</time>
      </trkpt>
      <trkpt lat="30.63009" lon="104.16324">
        <time>2026-08-03T12:10:07Z</time>
      </trkpt>
      <trkpt lat="30.630062" lon="104.16331">
        <time>2026-08-03T12:10:08Z</time>
      </trkpt>
      <trkpt lat="30.630035" lon="104.163376">
        <time>2026-08-03T12:10:09Z</time>
      </trkpt>
      <trkpt lat="30.63" lon="104.16344">
        <time>2026-08-03T12:10:10Z</time>
      </trkpt>
      <trkpt lat="30.629961" lon="104.1635">
        <time>2026-08-03T12:10:11Z</time>
      </trkpt>
      <trkpt lat="30.629927" lon="104.16355">
        <time>2026-08-03T12:10:12Z</time>
      </trkpt>
      <trkpt lat="30.629894" lon="104.16362">
        <time>2026-08-03T12:10:13Z</time>
      </trkpt>
      <trkpt lat="30.629862" lon="104.16368">
        <time>2026-08-03T12:10:14Z</time>
      </trkpt>
      <trkpt lat="30.62983" lon="104.16374">
        <time>2026-08-03T12:10:15Z</time>
      </trkpt>
      <trkpt lat="30.6298" lon="104.1638">
        <time>2026-08-03T12:10:16Z</time>
      </trkpt>
      <trkpt lat="30.629768" lon="104.16387">
        <time>2026-08-03T12:10:17Z</time>
      </trkpt>
      <trkpt lat="30.629736" lon="104.163925">
        <time>2026-08-03T12:10:18Z</time>
      </trkpt>
      <trkpt lat="30.629705" lon="104.16399">
        <time>2026-08-03T12:10:19Z</time>
      </trkpt>
      <trkpt lat="30.629673" lon="104.164055">
        <time>2026-08-03T12:10:20Z</time>
      </trkpt>
      <trkpt lat="30.629644" lon="104.164116">
        <time>2026-08-03T12:10:21Z</time>
      </trkpt>
      <trkpt lat="30.629616" lon="104.16418">
        <time>2026-08-03T12:10:22Z</time>
      </trkpt>
      <trkpt lat="30.629587" lon="104.16424">
        <time>2026-08-03T12:10:23Z</time>
      </trkpt>
      <trkpt lat="30.629555" lon="104.1643">
        <time>2026-08-03T12:10:24Z</time>
      </trkpt>
      <trkpt lat="30.629526" lon="104.16436">
        <time>2026-08-03T12:10:25Z</time>
      </trkpt>
      <trkpt lat="30.629498" lon="104.16442">
        <time>2026-08-03T12:10:26Z</time>
      </trkpt>
      <trkpt lat="30.62947" lon="104.16448">
        <time>2026-08-03T12:10:27Z</time>
      </trkpt>
      <trkpt lat="30.62944" lon="104.164536">
        <time>2026-08-03T12:10:28Z</time>
      </trkpt>
      <trkpt lat="30.62941" lon="104.1646">
        <time>2026-08-03T12:10:29Z</time>
      </trkpt>
      <trkpt lat="30.62938" lon="104.16466">
        <time>2026-08-03T12:10:30Z</time>
      </trkpt>
      <trkpt lat="30.629353" lon="104.16472">
        <time>2026-08-03T12:10:31Z</time>
      </trkpt>
      <trkpt lat="30.62932" lon="104.16478">
        <time>2026-08-03T12:10:32Z</time>
      </trkpt>
      <trkpt lat="30.629292" lon="104.16484">
        <time>2026-08-03T12:10:33Z</time>
      </trkpt>
      <trkpt lat="30.629261" lon="104.1649">
        <time>2026-08-03T12:10:34Z</time>
      </trkpt>
      <trkpt lat="30.629232" lon="104.164955">
        <time>2026-08-03T12:10:35Z</time>
      </trkpt>
      <trkpt lat="30.629202" lon="104.165016">
        <time>2026-08-03T12:10:36Z</time>
      </trkpt>
      <trkpt lat="30.629171" lon="104.16508">
        <time>2026-08-03T12:10:37Z</time>
      </trkpt>
      <trkpt lat="30.62914" lon="104.16513">
        <time>2026-08-03T12:10:38Z</time>
      </trkpt>
      <trkpt lat="30.629114" lon="104.16519">
        <time>2026-08-03T12:10:39Z</time>
      </trkpt>
      <trkpt lat="30.62908" lon="104.165245">
        <time>2026-08-03T12:10:40Z</time>
      </trkpt>
      <trkpt lat="30.629047" lon="104.1653">
        <time>2026-08-03T12:10:41Z</time>
      </trkpt>
      <trkpt lat="30.629015" lon="104.165344">
        <time>2026-08-03T12:10:42Z</time>
      </trkpt>
      <trkpt lat="30.628983" lon="104.1654">
        <time>2026-08-03T12:10:43Z</time>
      </trkpt>
      <trkpt lat="30.628946" lon="104.16545">
        <time>2026-08-03T12:10:44Z</time>
      </trkpt>
      <trkpt lat="30.628908" lon="104.1655">
        <time>2026-08-03T12:10:45Z</time>
      </trkpt>
      <trkpt lat="30.62887" lon="104.165535">
        <time>2026-08-03T12:10:46Z</time>
      </trkpt>
      <trkpt lat="30.628826" lon="104.16559">
        <time>2026-08-03T12:10:47Z</time>
      </trkpt>
      <trkpt lat="30.628784" lon="104.165634">
        <time>2026-08-03T12:10:48Z</time>
      </trkpt>
      <trkpt lat="30.628744" lon="104.16567">
        <time>2026-08-03T12:10:49Z</time>
      </trkpt>
      <trkpt lat="30.628714" lon="104.16571">
        <time>2026-08-03T12:10:50Z</time>
      </trkpt>
      <trkpt lat="30.628683" lon="104.165764">
        <time>2026-08-03T12:10:51Z</time>
      </trkpt>
      <trkpt lat="30.628653" lon="104.16583">
        <time>2026-08-03T12:10:52Z</time>
      </trkpt>
      <trkpt lat="30.628624" lon="104.1659">
        <time>2026-08-03T12:10:53Z</time>
      </trkpt>
      <trkpt lat="30.628593" lon="104.16596">
        <time>2026-08-03T12:10:54Z</time>
      </trkpt>
      <trkpt lat="30.62857" lon="104.16604">
        <time>2026-08-03T12:10:55Z</time>
      </trkpt>
      <trkpt lat="30.62855" lon="104.166115">
        <time>2026-08-03T12:10:56Z</time>
      </trkpt>
      <trkpt lat="30.62853" lon="104.16618">
        <time>2026-08-03T12:10:57Z</time>
      </trkpt>
      <trkpt lat="30.62851" lon="104.16625">
        <time>2026-08-03T12:10:58Z</time>
      </trkpt>
      <trkpt lat="30.628489" lon="104.16632">
        <time>2026-08-03T12:10:59Z</time>
      </trkpt>
      <trkpt lat="30.628473" lon="104.16639">
        <time>2026-08-03T12:11:00Z</time>
      </trkpt>
      <trkpt lat="30.62846" lon="104.16645">
        <time>2026-08-03T12:11:01Z</time>
      </trkpt>
      <trkpt lat="30.628437" lon="104.16649">
        <time>2026-08-03T12:11:02Z</time>
      </trkpt>
      <trkpt lat="30.628414" lon="104.16653">
        <time>2026-08-03T12:11:03Z</time>
      </trkpt>
      <trkpt lat="30.628399" lon="104.166565">
        <time>2026-08-03T12:11:04Z</time>
      </trkpt>
      <trkpt lat="30.628376" lon="104.16659">
        <time>2026-08-03T12:11:05Z</time>
      </trkpt>
      <trkpt lat="30.628366" lon="104.1666">
        <time>2026-08-03T12:11:06Z</time>
      </trkpt>
      <trkpt lat="30.628353" lon="104.1666">
        <time>2026-08-03T12:11:07Z</time>
      </trkpt>
      <trkpt lat="30.628347" lon="104.16661">
        <time>2026-08-03T12:11:08Z</time>
      </trkpt>
      <trkpt lat="30.628336" lon="104.16662">
        <time>2026-08-03T12:11:09Z</time>
      </trkpt>
      <trkpt lat="30.628328" lon="104.16662">
        <time>2026-08-03T12:11:10Z</time>
      </trkpt>
      <trkpt lat="30.628328" lon="104.16662">
        <time>2026-08-03T12:11:11Z</time>
      </trkpt>
      <trkpt lat="30.628328" lon="104.16662">
        <time>2026-08-03T12:11:12Z</time>
      </trkpt>
      <trkpt lat="30.628328" lon="104.16662">
        <time>2026-08-03T12:11:13Z</time>
      </trkpt>
      <trkpt lat="30.628328" lon="104.16662">
        <time>2026-08-03T12:11:14Z</time>
      </trkpt>
      <trkpt lat="30.628328" lon="104.16662">
        <time>2026-08-03T12:11:15Z</time>
      </trkpt>
      <trkpt lat="30.628328" lon="104.16662">
        <time>2026-08-03T12:11:16Z</time>
      </trkpt>
      <trkpt lat="30.628328" lon="104.16662">
        <time>2026-08-03T12:11:17Z</time>
      </trkpt>
      <trkpt lat="30.628328" lon="104.16662">
        <time>2026-08-03T12:11:18Z</time>
      </trkpt>
      <trkpt lat="30.628328" lon="104.16662">
        <time>2026-08-03T12:11:19Z</time>
      </trkpt>
      <trkpt lat="30.628328" lon="104.16662">
        <time>2026-08-03T12:11:20Z</time>
      </trkpt>
      <trkpt lat="30.628328" lon="104.16662">
        <time>2026-08-03T12:11:21Z</time>
      </trkpt>
      <trkpt lat="30.628328" lon="104.16662">
        <time>2026-08-03T12:11:22Z</time>
      </trkpt>
      <trkpt lat="30.628328" lon="104.16662">
        <time>2026-08-03T12:11:23Z</time>
      </trkpt>
      <trkpt lat="30.628328" lon="104.16662">
        <time>2026-08-03T12:11:24Z</time>
      </trkpt>
      <trkpt lat="30.628328" lon="104.16662">
        <time>2026-08-03T12:11:25Z</time>
      </trkpt>
      <trkpt lat="30.628328" lon="104.16662">
        <time>2026-08-03T12:11:26Z</time>
      </trkpt>
      <trkpt lat="30.628328" lon="104.16662">
        <time>2026-08-03T12:11:27Z</time>
      </trkpt>
      <trkpt lat="30.628328" lon="104.16662">
        <time>2026-08-03T12:11:28Z</time>
      </trkpt>
      <trkpt lat="30.628328" lon="104.16662">
        <time>2026-08-03T12:11:29Z</time>
      </trkpt>
      <trkpt lat="30.628328" lon="104.16662">
        <time>2026-08-03T12:11:30Z</time>
      </trkpt>
      <trkpt lat="30.628328" lon="104.16662">
        <time>2026-08-03T12:11:31Z</time>
      </trkpt>
      <trkpt lat="30.628328" lon="104.16662">
        <time>2026-08-03T12:11:32Z</time>
      </trkpt>
      <trkpt lat="30.628328" lon="104.16662">
        <time>2026-08-03T12:11:33Z</time>
      </trkpt>
      <trkpt lat="30.628328" lon="104.16662">
        <time>2026-08-03T12:11:34Z</time>
      </trkpt>
      <trkpt lat="30.628328" lon="104.16662">
        <time>2026-08-03T12:11:35Z</time>
      </trkpt>
      <trkpt lat="30.628328" lon="104.16662">
        <time>2026-08-03T12:11:36Z</time>
      </trkpt>
      <trkpt lat="30.628328" lon="104.16662">
        <time>2026-08-03T12:11:37Z</time>
      </trkpt>
      <trkpt lat="30.628328" lon="104.16662">
        <time>2026-08-03T12:11:38Z</time>
      </trkpt>
      <trkpt lat="30.628328" lon="104.16662">
        <time>2026-08-03T12:11:39Z</time>
      </trkpt>
      <trkpt lat="30.62831" lon="104.16665">
        <time>2026-08-03T12:11:40Z</time>
      </trkpt>
      <trkpt lat="30.6283" lon="104.16667">
        <time>2026-08-03T12:11:41Z</time>
      </trkpt>
      <trkpt lat="30.628288" lon="104.166695">
        <time>2026-08-03T12:11:42Z</time>
      </trkpt>
      <trkpt lat="30.628273" lon="104.16673">
        <time>2026-08-03T12:11:43Z</time>
      </trkpt>
      <trkpt lat="30.628262" lon="104.16677">
        <time>2026-08-03T12:11:44Z</time>
      </trkpt>
      <trkpt lat="30.62825" lon="104.16681">
        <time>2026-08-03T12:11:45Z</time>
      </trkpt>
      <trkpt lat="30.628237" lon="104.16687">
        <time>2026-08-03T12:11:46Z</time>
      </trkpt>
      <trkpt lat="30.628216" lon="104.16693">
        <time>2026-08-03T12:11:47Z</time>
      </trkpt>
      <trkpt lat="30.628202" lon="104.166985">
        <time>2026-08-03T12:11:48Z</time>
      </trkpt>
      <trkpt lat="30.62818" lon="104.16704">
        <time>2026-08-03T12:11:49Z</time>
      </trkpt>
      <trkpt lat="30.628155" lon="104.1671">
        <time>2026-08-03T12:11:50Z</time>
      </trkpt>
      <trkpt lat="30.628136" lon="104.16716">
        <time>2026-08-03T12:11:51Z</time>
      </trkpt>
      <trkpt lat="30.628113" lon="104.16722">
        <time>2026-08-03T12:11:52Z</time>
      </trkpt>
      <trkpt lat="30.628098" lon="104.167274">
        <time>2026-08-03T12:11:53Z</time>
      </trkpt>
      <trkpt lat="30.628078" lon="104.16733">
        <time>2026-08-03T12:11:54Z</time>
      </trkpt>
      <trkpt lat="30.628057" lon="104.16738">
        <time>2026-08-03T12:11:55Z</time>
      </trkpt>
      <trkpt lat="30.628033" lon="104.16744">
        <time>2026-08-03T12:11:56Z</time>
      </trkpt>
      <trkpt lat="30.628006" lon="104.1675">
        <time>2026-08-03T12:11:57Z</time>
      </trkpt>
      <trkpt lat="30.627972" lon="104.167564">
        <time>2026-08-03T12:11:58Z</time>
      </trkpt>
      <trkpt lat="30.62794" lon="104.16762">
        <time>2026-08-03T12:11:59Z</time>
      </trkpt>
      <trkpt lat="30.62791" lon="104.16769">
        <time>2026-08-03T12:12:00Z</time>
      </trkpt>
      <trkpt lat="30.627882" lon="104.16775">
        <time>2026-08-03T12:12:01Z</time>
      </trkpt>
      <trkpt lat="30.62785" lon="104.167816">
        <time>2026-08-03T12:12:02Z</time>
      </trkpt>
      <trkpt lat="30.627815" lon="104.167885">
        <time>2026-08-03T12:12:03Z</time>
      </trkpt>
      <trkpt lat="30.627783" lon="104.16795">
        <time>2026-08-03T12:12:04Z</time>
      </trkpt>
      <trkpt lat="30.627748" lon="104.168015">
        <time>2026-08-03T12:12:05Z</time>
      </trkpt>
      <trkpt lat="30.627712" lon="104.16808">
        <time>2026-08-03T12:12:06Z</time>
      </trkpt>
      <trkpt lat="30.627676" lon="104.168144">
        <time>2026-08-03T12:12:07Z</time>
      </trkpt>
      <trkpt lat="30.627642" lon="104.16821">
        <time>2026-08-03T12:12:08Z</time>
      </trkpt>
      <trkpt lat="30.627611" lon="104.16829">
        <time>2026-08-03T12:12:09Z</time>
      </trkpt>
      <trkpt lat="30.62758" lon="104.168365">
        <time>2026-08-03T12:12:10Z</time>
      </trkpt>
      <trkpt lat="30.627552" lon="104.16844">
        <time>2026-08-03T12:12:11Z</time>
      </trkpt>
      <trkpt lat="30.627516" lon="104.16853">
        <time>2026-08-03T12:12:12Z</time>
      </trkpt>
      <trkpt lat="30.627476" lon="104.16861">
        <time>2026-08-03T12:12:13Z</time>
      </trkpt>
      <trkpt lat="30.62743" lon="104.168686">
        <time>2026-08-03T12:12:14Z</time>
      </trkpt>
      <trkpt lat="30.627382" lon="104.168755">
        <time>2026-08-03T12:12:15Z</time>
      </trkpt>
      <trkpt lat="30.627338" lon="104.16883">
        <time>2026-08-03T12:12:16Z</time>
      </trkpt>
      <trkpt lat="30.627295" lon="104.168915">
        <time>2026-08-03T12:12:17Z</time>
      </trkpt>
      <trkpt lat="30.627258" lon="104.169">
        <time>2026-08-03T12:12:18Z</time>
      </trkpt>
      <trkpt lat="30.627222" lon="104.169075">
        <time>2026-08-03T12:12:19Z</time>
      </trkpt>
      <trkpt lat="30.627186" lon="104.16915">
        <time>2026-08-03T12:12:20Z</time>
      </trkpt>
      <trkpt lat="30.627144" lon="104.169235">
        <time>2026-08-03T12:12:21Z</time>
      </trkpt>
      <trkpt lat="30.627096" lon="104.16931">
        <time>2026-08-03T12:12:22Z</time>
      </trkpt>
      <trkpt lat="30.627052" lon="104.169395">
        <time>2026-08-03T12:12:23Z</time>
      </trkpt>
      <trkpt lat="30.627014" lon="104.16947">
        <time>2026-08-03T12:12:24Z</time>
      </trkpt>
      <trkpt lat="30.626974" lon="104.16954">
        <time>2026-08-03T12:12:25Z</time>
      </trkpt>
      <trkpt lat="30.626936" lon="104.16962">
        <time>2026-08-03T12:12:26Z</time>
      </trkpt>
      <trkpt lat="30.626898" lon="104.16969">
        <time>2026-08-03T12:12:27Z</time>
      </trkpt>
      <trkpt lat="30.626856" lon="104.16978">
        <time>2026-08-03T12:12:28Z</time>
      </trkpt>
      <trkpt lat="30.626816" lon="104.16985">
        <time>2026-08-03T12:12:29Z</time>
      </trkpt>
      <trkpt lat="30.626776" lon="104.16992">
        <time>2026-08-03T12:12:30Z</time>
      </trkpt>
      <trkpt lat="30.626734" lon="104.17">
        <time>2026-08-03T12:12:31Z</time>
      </trkpt>
      <trkpt lat="30.62669" lon="104.170074">
        <time>2026-08-03T12:12:32Z</time>
      </trkpt>
      <trkpt lat="30.626642" lon="104.17015">
        <time>2026-08-03T12:12:33Z</time>
      </trkpt>
      <trkpt lat="30.626602" lon="104.170235">
        <time>2026-08-03T12:12:34Z</time>
      </trkpt>
      <trkpt lat="30.626558" lon="104.17032">
        <time>2026-08-03T12:12:35Z</time>
      </trkpt>
      <trkpt lat="30.62652" lon="104.170395">
        <time>2026-08-03T12:12:36Z</time>
      </trkpt>
      <trkpt lat="30.62648" lon="104.17048">
        <time>2026-08-03T12:12:37Z</time>
      </trkpt>
      <trkpt lat="30.626446" lon="104.17056">
        <time>2026-08-03T12:12:38Z</time>
      </trkpt>
      <trkpt lat="30.626415" lon="104.17065">
        <time>2026-08-03T12:12:39Z</time>
      </trkpt>
      <trkpt lat="30.626383" lon="104.17072">
        <time>2026-08-03T12:12:40Z</time>
      </trkpt>
      <trkpt lat="30.626352" lon="104.17081">
        <time>2026-08-03T12:12:41Z</time>
      </trkpt>
      <trkpt lat="30.626322" lon="104.17088">
        <time>2026-08-03T12:12:42Z</time>
      </trkpt>
      <trkpt lat="30.62629" lon="104.17097">
        <time>2026-08-03T12:12:43Z</time>
      </trkpt>
      <trkpt lat="30.62626" lon="104.17104">
        <time>2026-08-03T12:12:44Z</time>
      </trkpt>
      <trkpt lat="30.626232" lon="104.17112">
        <time>2026-08-03T12:12:45Z</time>
      </trkpt>
      <trkpt lat="30.626202" lon="104.1712">
        <time>2026-08-03T12:12:46Z</time>
      </trkpt>
      <trkpt lat="30.626173" lon="104.17128">
        <time>2026-08-03T12:12:47Z</time>
      </trkpt>
      <trkpt lat="30.626148" lon="104.171364">
        <time>2026-08-03T12:12:48Z</time>
      </trkpt>
      <trkpt lat="30.62612" lon="104.17144">
        <time>2026-08-03T12:12:49Z</time>
      </trkpt>
      <trkpt lat="30.626093" lon="104.171524">
        <time>2026-08-03T12:12:50Z</time>
      </trkpt>
      <trkpt lat="30.626066" lon="104.17161">
        <time>2026-08-03T12:12:51Z</time>
      </trkpt>
      <trkpt lat="30.626043" lon="104.171684">
        <time>2026-08-03T12:12:52Z</time>
      </trkpt>
      <trkpt lat="30.626019" lon="104.17177">
        <time>2026-08-03T12:12:53Z</time>
      </trkpt>
      <trkpt lat="30.625992" lon="104.171844">
        <time>2026-08-03T12:12:54Z</time>
      </trkpt>
      <trkpt lat="30.625963" lon="104.17193">
        <time>2026-08-03T12:12:55Z</time>
      </trkpt>
      <trkpt lat="30.625935" lon="104.172005">
        <time>2026-08-03T12:12:56Z</time>
      </trkpt>
      <trkpt lat="30.625908" lon="104.17209">
        <time>2026-08-03T12:12:57Z</time>
      </trkpt>
      <trkpt lat="30.625881" lon="104.172165">
        <time>2026-08-03T12:12:58Z</time>
      </trkpt>
      <trkpt lat="30.625853" lon="104.17224">
        <time>2026-08-03T12:12:59Z</time>
      </trkpt>
      <trkpt lat="30.625826" lon="104.172325">
        <time>2026-08-03T12:13:00Z</time>
      </trkpt>
      <trkpt lat="30.625792" lon="104.1724">
        <time>2026-08-03T12:13:01Z</time>
      </trkpt>
      <trkpt lat="30.62576" lon="104.172485">
        <time>2026-08-03T12:13:02Z</time>
      </trkpt>
      <trkpt lat="30.625732" lon="104.17257">
        <time>2026-08-03T12:13:03Z</time>
      </trkpt>
      <trkpt lat="30.625706" lon="104.17265">
        <time>2026-08-03T12:13:04Z</time>
      </trkpt>
      <trkpt lat="30.625677" lon="104.17273">
        <time>2026-08-03T12:13:05Z</time>
      </trkpt>
      <trkpt lat="30.625648" lon="104.17281">
        <time>2026-08-03T12:13:06Z</time>
      </trkpt>
      <trkpt lat="30.62562" lon="104.1729">
        <time>2026-08-03T12:13:07Z</time>
      </trkpt>
      <trkpt lat="30.625591" lon="104.17298">
        <time>2026-08-03T12:13:08Z</time>
      </trkpt>
      <trkpt lat="30.625563" lon="104.17306">
        <time>2026-08-03T12:13:09Z</time>
      </trkpt>
      <trkpt lat="30.625534" lon="104.17314">
        <time>2026-08-03T12:13:10Z</time>
      </trkpt>
      <trkpt lat="30.625504" lon="104.17322">
        <time>2026-08-03T12:13:11Z</time>
      </trkpt>
      <trkpt lat="30.625471" lon="104.1733">
        <time>2026-08-03T12:13:12Z</time>
      </trkpt>
      <trkpt lat="30.625443" lon="104.17337">
        <time>2026-08-03T12:13:13Z</time>
      </trkpt>
      <trkpt lat="30.625414" lon="104.17345">
        <time>2026-08-03T12:13:14Z</time>
      </trkpt>
      <trkpt lat="30.625385" lon="104.17352">
        <time>2026-08-03T12:13:15Z</time>
      </trkpt>
      <trkpt lat="30.625359" lon="104.17359">
        <time>2026-08-03T12:13:16Z</time>
      </trkpt>
      <trkpt lat="30.62533" lon="104.17367">
        <time>2026-08-03T12:13:17Z</time>
      </trkpt>
      <trkpt lat="30.625301" lon="104.17374">
        <time>2026-08-03T12:13:18Z</time>
      </trkpt>
      <trkpt lat="30.625277" lon="104.173805">
        <time>2026-08-03T12:13:19Z</time>
      </trkpt>
      <trkpt lat="30.625248" lon="104.17388">
        <time>2026-08-03T12:13:20Z</time>
      </trkpt>
      <trkpt lat="30.625223" lon="104.17395">
        <time>2026-08-03T12:13:21Z</time>
      </trkpt>
      <trkpt lat="30.625198" lon="104.17402">
        <time>2026-08-03T12:13:22Z</time>
      </trkpt>
      <trkpt lat="30.62517" lon="104.174095">
        <time>2026-08-03T12:13:23Z</time>
      </trkpt>
      <trkpt lat="30.625143" lon="104.174164">
        <time>2026-08-03T12:13:24Z</time>
      </trkpt>
      <trkpt lat="30.625118" lon="104.17424">
        <time>2026-08-03T12:13:25Z</time>
      </trkpt>
      <trkpt lat="30.625092" lon="104.1743">
        <time>2026-08-03T12:13:26Z</time>
      </trkpt>
      <trkpt lat="30.625067" lon="104.17437">
        <time>2026-08-03T12:13:27Z</time>
      </trkpt>
      <trkpt lat="30.625044" lon="104.17444">
        <time>2026-08-03T12:13:28Z</time>
      </trkpt>
      <trkpt lat="30.625021" lon="104.1745">
        <time>2026-08-03T12:13:29Z</time>
      </trkpt>
      <trkpt lat="30.624994" lon="104.17456">
        <time>2026-08-03T12:13:30Z</time>
      </trkpt>
      <trkpt lat="30.624968" lon="104.17463">
        <time>2026-08-03T12:13:31Z</time>
      </trkpt>
      <trkpt lat="30.62494" lon="104.1747">
        <time>2026-08-03T12:13:32Z</time>
      </trkpt>
      <trkpt lat="30.624918" lon="104.17476">
        <time>2026-08-03T12:13:33Z</time>
      </trkpt>
      <trkpt lat="30.624895" lon="104.17483">
        <time>2026-08-03T12:13:34Z</time>
      </trkpt>
      <trkpt lat="30.624874" lon="104.1749">
        <time>2026-08-03T12:13:35Z</time>
      </trkpt>
      <trkpt lat="30.624853" lon="104.17496">
        <time>2026-08-03T12:13:36Z</time>
      </trkpt>
      <trkpt lat="30.624836" lon="104.175026">
        <time>2026-08-03T12:13:37Z</time>
      </trkpt>
      <trkpt lat="30.624823" lon="104.175095">
        <time>2026-08-03T12:13:38Z</time>
      </trkpt>
      <trkpt lat="30.62481" lon="104.17516">
        <time>2026-08-03T12:13:39Z</time>
      </trkpt>
      <trkpt lat="30.624796" lon="104.17523">
        <time>2026-08-03T12:13:40Z</time>
      </trkpt>
      <trkpt lat="30.624777" lon="104.17529">
        <time>2026-08-03T12:13:41Z</time>
      </trkpt>
      <trkpt lat="30.624752" lon="104.175354">
        <time>2026-08-03T12:13:42Z</time>
      </trkpt>
      <trkpt lat="30.624727" lon="104.175415">
        <time>2026-08-03T12:13:43Z</time>
      </trkpt>
      <trkpt lat="30.624702" lon="104.175476">
        <time>2026-08-03T12:13:44Z</time>
      </trkpt>
      <trkpt lat="30.624676" lon="104.17554">
        <time>2026-08-03T12:13:45Z</time>
      </trkpt>
      <trkpt lat="30.624651" lon="104.17559">
        <time>2026-08-03T12:13:46Z</time>
      </trkpt>
      <trkpt lat="30.62463" lon="104.17565">
        <time>2026-08-03T12:13:47Z</time>
      </trkpt>
      <trkpt lat="30.624607" lon="104.17571">
        <time>2026-08-03T12:13:48Z</time>
      </trkpt>
      <trkpt lat="30.624584" lon="104.17577">
        <time>2026-08-03T12:13:49Z</time>
      </trkpt>
      <trkpt lat="30.624533" lon="104.17589">
        <time>2026-08-03T12:13:50Z</time>
      </trkpt>
      <trkpt lat="30.62451" lon="104.17594">
        <time>2026-08-03T12:13:52Z</time>
      </trkpt>
      <trkpt lat="30.62449" lon="104.176">
        <time>2026-08-03T12:13:53Z</time>
      </trkpt>
      <trkpt lat="30.624468" lon="104.176056">
        <time>2026-08-03T12:13:54Z</time>
      </trkpt>
      <trkpt lat="30.624449" lon="104.17612">
        <time>2026-08-03T12:13:55Z</time>
      </trkpt>
      <trkpt lat="30.624426" lon="104.17617">
        <time>2026-08-03T12:13:56Z</time>
      </trkpt>
      <trkpt lat="30.624405" lon="104.17622">
        <time>2026-08-03T12:13:57Z</time>
      </trkpt>
      <trkpt lat="30.624384" lon="104.176285">
        <time>2026-08-03T12:13:58Z</time>
      </trkpt>
      <trkpt lat="30.624363" lon="104.17634">
        <time>2026-08-03T12:13:59Z</time>
      </trkpt>
      <trkpt lat="30.624344" lon="104.1764">
        <time>2026-08-03T12:14:00Z</time>
      </trkpt>
      <trkpt lat="30.624323" lon="104.17646">
        <time>2026-08-03T12:14:01Z</time>
      </trkpt>
      <trkpt lat="30.624302" lon="104.17652">
        <time>2026-08-03T12:14:02Z</time>
      </trkpt>
      <trkpt lat="30.62428" lon="104.176575">
        <time>2026-08-03T12:14:03Z</time>
      </trkpt>
      <trkpt lat="30.62426" lon="104.17664">
        <time>2026-08-03T12:14:04Z</time>
      </trkpt>
      <trkpt lat="30.624237" lon="104.176704">
        <time>2026-08-03T12:14:05Z</time>
      </trkpt>
      <trkpt lat="30.624212" lon="104.176765">
        <time>2026-08-03T12:14:06Z</time>
      </trkpt>
      <trkpt lat="30.62419" lon="104.17683">
        <time>2026-08-03T12:14:07Z</time>
      </trkpt>
      <trkpt lat="30.624166" lon="104.17689">
        <time>2026-08-03T12:14:08Z</time>
      </trkpt>
      <trkpt lat="30.624146" lon="104.176956">
        <time>2026-08-03T12:14:09Z</time>
      </trkpt>
      <trkpt lat="30.624123" lon="104.17702">
        <time>2026-08-03T12:14:10Z</time>
      </trkpt>
      <trkpt lat="30.624102" lon="104.17708">
        <time>2026-08-03T12:14:11Z</time>
      </trkpt>
      <trkpt lat="30.624079" lon="104.17714">
        <time>2026-08-03T12:14:12Z</time>
      </trkpt>
      <trkpt lat="30.624056" lon="104.1772">
        <time>2026-08-03T12:14:13Z</time>
      </trkpt>
      <trkpt lat="30.624031" lon="104.17727">
        <time>2026-08-03T12:14:14Z</time>
      </trkpt>
      <trkpt lat="30.624006" lon="104.17733">
        <time>2026-08-03T12:14:15Z</time>
      </trkpt>
      <trkpt lat="30.623985" lon="104.1774">
        <time>2026-08-03T12:14:16Z</time>
      </trkpt>
      <trkpt lat="30.623962" lon="104.17747">
        <time>2026-08-03T12:14:17Z</time>
      </trkpt>
      <trkpt lat="30.623938" lon="104.17753">
        <time>2026-08-03T12:14:18Z</time>
      </trkpt>
      <trkpt lat="30.623913" lon="104.1776">
        <time>2026-08-03T12:14:19Z</time>
      </trkpt>
      <trkpt lat="30.623888" lon="104.177666">
        <time>2026-08-03T12:14:20Z</time>
      </trkpt>
      <trkpt lat="30.623865" lon="104.177734">
        <time>2026-08-03T12:14:21Z</time>
      </trkpt>
      <trkpt lat="30.623842" lon="104.177795">
        <time>2026-08-03T12:14:22Z</time>
      </trkpt>
      <trkpt lat="30.623817" lon="104.177864">
        <time>2026-08-03T12:14:23Z</time>
      </trkpt>
      <trkpt lat="30.62379" lon="104.17793">
        <time>2026-08-03T12:14:24Z</time>
      </trkpt>
      <trkpt lat="30.623768" lon="104.17799">
        <time>2026-08-03T12:14:25Z</time>
      </trkpt>
      <trkpt lat="30.623745" lon="104.17806">
        <time>2026-08-03T12:14:26Z</time>
      </trkpt>
      <trkpt lat="30.623724" lon="104.17812">
        <time>2026-08-03T12:14:27Z</time>
      </trkpt>
      <trkpt lat="30.623701" lon="104.178185">
        <time>2026-08-03T12:14:28Z</time>
      </trkpt>
      <trkpt lat="30.623678" lon="104.178246">
        <time>2026-08-03T12:14:29Z</time>
      </trkpt>
      <trkpt lat="30.623655" lon="104.17831">
        <time>2026-08-03T12:14:30Z</time>
      </trkpt>
      <trkpt lat="30.623632" lon="104.17837">
        <time>2026-08-03T12:14:31Z</time>
      </trkpt>
      <trkpt lat="30.62361" lon="104.17842">
        <time>2026-08-03T12:14:32Z</time>
      </trkpt>
      <trkpt lat="30.623589" lon="104.178474">
        <time>2026-08-03T12:14:33Z</time>
      </trkpt>
      <trkpt lat="30.623568" lon="104.178535">
        <time>2026-08-03T12:14:34Z</time>
      </trkpt>
      <trkpt lat="30.623554" lon="104.1786">
        <time>2026-08-03T12:14:35Z</time>
      </trkpt>
      <trkpt lat="30.623537" lon="104.17865">
        <time>2026-08-03T12:14:36Z</time>
      </trkpt>
      <trkpt lat="30.623516" lon="104.17871">
        <time>2026-08-03T12:14:37Z</time>
      </trkpt>
      <trkpt lat="30.623497" lon="104.17877">
        <time>2026-08-03T12:14:38Z</time>
      </trkpt>
      <trkpt lat="30.623474" lon="104.17884">
        <time>2026-08-03T12:14:39Z</time>
      </trkpt>
      <trkpt lat="30.62345" lon="104.1789">
        <time>2026-08-03T12:14:40Z</time>
      </trkpt>
      <trkpt lat="30.623426" lon="104.17897">
        <time>2026-08-03T12:14:41Z</time>
      </trkpt>
      <trkpt lat="30.6234" lon="104.17904">
        <time>2026-08-03T12:14:42Z</time>
      </trkpt>
      <trkpt lat="30.623375" lon="104.1791">
        <time>2026-08-03T12:14:43Z</time>
      </trkpt>
      <trkpt lat="30.623352" lon="104.17917">
        <time>2026-08-03T12:14:44Z</time>
      </trkpt>
      <trkpt lat="30.62333" lon="104.17924">
        <time>2026-08-03T12:14:45Z</time>
      </trkpt>
      <trkpt lat="30.623302" lon="104.17929">
        <time>2026-08-03T12:14:46Z</time>
      </trkpt>
      <trkpt lat="30.623281" lon="104.17935">
        <time>2026-08-03T12:14:47Z</time>
      </trkpt>
      <trkpt lat="30.623262" lon="104.179405">
        <time>2026-08-03T12:14:48Z</time>
      </trkpt>
      <trkpt lat="30.623243" lon="104.17947">
        <time>2026-08-03T12:14:49Z</time>
      </trkpt>
      <trkpt lat="30.623224" lon="104.17952">
        <time>2026-08-03T12:14:50Z</time>
      </trkpt>
      <trkpt lat="30.623209" lon="104.17958">
        <time>2026-08-03T12:14:51Z</time>
      </trkpt>
      <trkpt lat="30.623192" lon="104.179634">
        <time>2026-08-03T12:14:52Z</time>
      </trkpt>
      <trkpt lat="30.623173" lon="104.17969">
        <time>2026-08-03T12:14:53Z</time>
      </trkpt>
      <trkpt lat="30.623156" lon="104.17975">
        <time>2026-08-03T12:14:54Z</time>
      </trkpt>
      <trkpt lat="30.623137" lon="104.1798">
        <time>2026-08-03T12:14:55Z</time>
      </trkpt>
      <trkpt lat="30.623117" lon="104.179855">
        <time>2026-08-03T12:14:56Z</time>
      </trkpt>
      <trkpt lat="30.623096" lon="104.17991">
        <time>2026-08-03T12:14:57Z</time>
      </trkpt>
      <trkpt lat="30.623077" lon="104.179955">
        <time>2026-08-03T12:14:58Z</time>
      </trkpt>
      <trkpt lat="30.623056" lon="104.18001">
        <time>2026-08-03T12:14:59Z</time>
      </trkpt>
      <trkpt lat="30.623037" lon="104.18006">
        <time>2026-08-03T12:15:00Z</time>
      </trkpt>
      <trkpt lat="30.623013" lon="104.180115">
        <time>2026-08-03T12:15:01Z</time>
      </trkpt>
      <trkpt lat="30.62299" lon="104.18017">
        <time>2026-08-03T12:15:02Z</time>
      </trkpt>
      <trkpt lat="30.62297" lon="104.18022">
        <time>2026-08-03T12:15:03Z</time>
      </trkpt>
      <trkpt lat="30.62295" lon="104.180275">
        <time>2026-08-03T12:15:04Z</time>
      </trkpt>
      <trkpt lat="30.622932" lon="104.18033">
        <time>2026-08-03T12:15:05Z</time>
      </trkpt>
      <trkpt lat="30.622906" lon="104.18039">
        <time>2026-08-03T12:15:06Z</time>
      </trkpt>
      <trkpt lat="30.62288" lon="104.18044">
        <time>2026-08-03T12:15:07Z</time>
      </trkpt>
      <trkpt lat="30.622858" lon="104.18049">
        <time>2026-08-03T12:15:08Z</time>
      </trkpt>
      <trkpt lat="30.622835" lon="104.18055">
        <time>2026-08-03T12:15:09Z</time>
      </trkpt>
      <trkpt lat="30.622822" lon="104.1806">
        <time>2026-08-03T12:15:10Z</time>
      </trkpt>
      <trkpt lat="30.622807" lon="104.180664">
        <time>2026-08-03T12:15:11Z</time>
      </trkpt>
      <trkpt lat="30.622793" lon="104.180725">
        <time>2026-08-03T12:15:12Z</time>
      </trkpt>
      <trkpt lat="30.62277" lon="104.18079">
        <time>2026-08-03T12:15:13Z</time>
      </trkpt>
      <trkpt lat="30.622747" lon="104.18087">
        <time>2026-08-03T12:15:14Z</time>
      </trkpt>
      <trkpt lat="30.622728" lon="104.18093">
        <time>2026-08-03T12:15:15Z</time>
      </trkpt>
      <trkpt lat="30.62271" lon="104.181">
        <time>2026-08-03T12:15:16Z</time>
      </trkpt>
      <trkpt lat="30.622684" lon="104.18106">
        <time>2026-08-03T12:15:17Z</time>
      </trkpt>
      <trkpt lat="30.622658" lon="104.18112">
        <time>2026-08-03T12:15:18Z</time>
      </trkpt>
      <trkpt lat="30.622631" lon="104.18118">
        <time>2026-08-03T12:15:19Z</time>
      </trkpt>
      <trkpt lat="30.622608" lon="104.18125">
        <time>2026-08-03T12:15:20Z</time>
      </trkpt>
      <trkpt lat="30.622587" lon="104.18131">
        <time>2026-08-03T12:15:21Z</time>
      </trkpt>
      <trkpt lat="30.622562" lon="104.18137">
        <time>2026-08-03T12:15:22Z</time>
      </trkpt>
      <trkpt lat="30.62254" lon="104.181435">
        <time>2026-08-03T12:15:23Z</time>
      </trkpt>
      <trkpt lat="30.622517" lon="104.1815">
        <time>2026-08-03T12:15:24Z</time>
      </trkpt>
      <trkpt lat="30.622494" lon="104.18156">
        <time>2026-08-03T12:15:25Z</time>
      </trkpt>
      <trkpt lat="30.62247" lon="104.181625">
        <time>2026-08-03T12:15:26Z</time>
      </trkpt>
      <trkpt lat="30.622452" lon="104.18169">
        <time>2026-08-03T12:15:27Z</time>
      </trkpt>
      <trkpt lat="30.622435" lon="104.18174">
        <time>2026-08-03T12:15:28Z</time>
      </trkpt>
      <trkpt lat="30.622417" lon="104.18179">
        <time>2026-08-03T12:15:29Z</time>
      </trkpt>
      <trkpt lat="30.622396" lon="104.18185">
        <time>2026-08-03T12:15:30Z</time>
      </trkpt>
      <trkpt lat="30.622377" lon="104.18189">
        <time>2026-08-03T12:15:31Z</time>
      </trkpt>
      <trkpt lat="30.622362" lon="104.18194">
        <time>2026-08-03T12:15:32Z</time>
      </trkpt>
      <trkpt lat="30.622345" lon="104.18199">
        <time>2026-08-03T12:15:33Z</time>
      </trkpt>
      <trkpt lat="30.62233" lon="104.18204">
        <time>2026-08-03T12:15:34Z</time>
      </trkpt>
      <trkpt lat="30.622313" lon="104.182076">
        <time>2026-08-03T12:15:35Z</time>
      </trkpt>
      <trkpt lat="30.622297" lon="104.18212">
        <time>2026-08-03T12:15:36Z</time>
      </trkpt>
      <trkpt lat="30.622284" lon="104.18217">
        <time>2026-08-03T12:15:37Z</time>
      </trkpt>
      <trkpt lat="30.62227" lon="104.18221">
        <time>2026-08-03T12:15:38Z</time>
      </trkpt>
      <trkpt lat="30.62226" lon="104.18226">
        <time>2026-08-03T12:15:39Z</time>
      </trkpt>
      <trkpt lat="30.622246" lon="104.18231">
        <time>2026-08-03T12:15:40Z</time>
      </trkpt>
      <trkpt lat="30.622236" lon="104.18236">
        <time>2026-08-03T12:15:41Z</time>
      </trkpt>
      <trkpt lat="30.622227" lon="104.1824">
        <time>2026-08-03T12:15:42Z</time>
      </trkpt>
      <trkpt lat="30.622213" lon="104.18246">
        <time>2026-08-03T12:15:43Z</time>
      </trkpt>
      <trkpt lat="30.622202" lon="104.18251">
        <time>2026-08-03T12:15:44Z</time>
      </trkpt>
      <trkpt lat="30.62219" lon="104.182556">
        <time>2026-08-03T12:15:45Z</time>
      </trkpt>
      <trkpt lat="30.622175" lon="104.18261">
        <time>2026-08-03T12:15:46Z</time>
      </trkpt>
      <trkpt lat="30.62216" lon="104.18266">
        <time>2026-08-03T12:15:47Z</time>
      </trkpt>
      <trkpt lat="30.622147" lon="104.18272">
        <time>2026-08-03T12:15:48Z</time>
      </trkpt>
      <trkpt lat="30.622133" lon="104.18277">
        <time>2026-08-03T12:15:49Z</time>
      </trkpt>
      <trkpt lat="30.62212" lon="104.18282">
        <time>2026-08-03T12:15:50Z</time>
      </trkpt>
      <trkpt lat="30.622108" lon="104.182884">
        <time>2026-08-03T12:15:51Z</time>
      </trkpt>
      <trkpt lat="30.622093" lon="104.182945">
        <time>2026-08-03T12:15:52Z</time>
      </trkpt>
      <trkpt lat="30.622076" lon="104.183">
        <time>2026-08-03T12:15:53Z</time>
      </trkpt>
      <trkpt lat="30.62206" lon="104.18305">
        <time>2026-08-03T12:15:54Z</time>
      </trkpt>
      <trkpt lat="30.622047" lon="104.18311">
        <time>2026-08-03T12:15:55Z</time>
      </trkpt>
      <trkpt lat="30.622034" lon="104.183174">
        <time>2026-08-03T12:15:56Z</time>
      </trkpt>
      <trkpt lat="30.62202" lon="104.18323">
        <time>2026-08-03T12:15:57Z</time>
      </trkpt>
      <trkpt lat="30.622007" lon="104.18329">
        <time>2026-08-03T12:15:58Z</time>
      </trkpt>
      <trkpt lat="30.621994" lon="104.18335">
        <time>2026-08-03T12:15:59Z</time>
      </trkpt>
      <trkpt lat="30.621977" lon="104.1834">
        <time>2026-08-03T12:16:00Z</time>
      </trkpt>
      <trkpt lat="30.62196" lon="104.183464">
        <time>2026-08-03T12:16:01Z</time>
      </trkpt>
      <trkpt lat="30.621946" lon="104.183525">
        <time>2026-08-03T12:16:02Z</time>
      </trkpt>
      <trkpt lat="30.621931" lon="104.183586">
        <time>2026-08-03T12:16:03Z</time>
      </trkpt>
      <trkpt lat="30.621916" lon="104.18365">
        <time>2026-08-03T12:16:04Z</time>
      </trkpt>
      <trkpt lat="30.621902" lon="104.18371">
        <time>2026-08-03T12:16:05Z</time>
      </trkpt>
      <trkpt lat="30.62189" lon="104.18377">
        <time>2026-08-03T12:16:06Z</time>
      </trkpt>
      <trkpt lat="30.621872" lon="104.18383">
        <time>2026-08-03T12:16:07Z</time>
      </trkpt>
      <trkpt lat="30.621857" lon="104.18389">
        <time>2026-08-03T12:16:08Z</time>
      </trkpt>
      <trkpt lat="30.621841" lon="104.18395">
        <time>2026-08-03T12:16:09Z</time>
      </trkpt>
      <trkpt lat="30.621828" lon="104.18401">
        <time>2026-08-03T12:16:10Z</time>
      </trkpt>
      <trkpt lat="30.621813" lon="104.18408">
        <time>2026-08-03T12:16:11Z</time>
      </trkpt>
      <trkpt lat="30.621798" lon="104.18414">
        <time>2026-08-03T12:16:12Z</time>
      </trkpt>
      <trkpt lat="30.621782" lon="104.18421">
        <time>2026-08-03T12:16:13Z</time>
      </trkpt>
      <trkpt lat="30.621765" lon="104.18427">
        <time>2026-08-03T12:16:14Z</time>
      </trkpt>
      <trkpt lat="30.621748" lon="104.18434">
        <time>2026-08-03T12:16:15Z</time>
      </trkpt>
      <trkpt lat="30.62173" lon="104.18441">
        <time>2026-08-03T12:16:16Z</time>
      </trkpt>
      <trkpt lat="30.621712" lon="104.18447">
        <time>2026-08-03T12:16:17Z</time>
      </trkpt>
      <trkpt lat="30.621693" lon="104.18454">
        <time>2026-08-03T12:16:18Z</time>
      </trkpt>
      <trkpt lat="30.621677" lon="104.18461">
        <time>2026-08-03T12:16:19Z</time>
      </trkpt>
      <trkpt lat="30.621664" lon="104.18468">
        <time>2026-08-03T12:16:20Z</time>
      </trkpt>
      <trkpt lat="30.62165" lon="104.184746">
        <time>2026-08-03T12:16:21Z</time>
      </trkpt>
      <trkpt lat="30.621634" lon="104.184814">
        <time>2026-08-03T12:16:22Z</time>
      </trkpt>
      <trkpt lat="30.621616" lon="104.18488">
        <time>2026-08-03T12:16:23Z</time>
      </trkpt>
      <trkpt lat="30.6216" lon="104.18495">
        <time>2026-08-03T12:16:24Z</time>
      </trkpt>
      <trkpt lat="30.621584" lon="104.18502">
        <time>2026-08-03T12:16:25Z</time>
      </trkpt>
      <trkpt lat="30.621567" lon="104.18509">
        <time>2026-08-03T12:16:26Z</time>
      </trkpt>
      <trkpt lat="30.621552" lon="104.18516">
        <time>2026-08-03T12:16:27Z</time>
      </trkpt>
      <trkpt lat="30.621534" lon="104.18523">
        <time>2026-08-03T12:16:28Z</time>
      </trkpt>
      <trkpt lat="30.621521" lon="104.185295">
        <time>2026-08-03T12:16:29Z</time>
      </trkpt>
      <trkpt lat="30.62151" lon="104.18536">
        <time>2026-08-03T12:16:30Z</time>
      </trkpt>
      <trkpt lat="30.621502" lon="104.18544">
        <time>2026-08-03T12:16:31Z</time>
      </trkpt>
      <trkpt lat="30.621489" lon="104.18551">
        <time>2026-08-03T12:16:32Z</time>
      </trkpt>
      <trkpt lat="30.621471" lon="104.185585">
        <time>2026-08-03T12:16:33Z</time>
      </trkpt>
      <trkpt lat="30.621454" lon="104.18565">
        <time>2026-08-03T12:16:34Z</time>
      </trkpt>
      <trkpt lat="30.621433" lon="104.18573">
        <time>2026-08-03T12:16:35Z</time>
      </trkpt>
      <trkpt lat="30.621414" lon="104.1858">
        <time>2026-08-03T12:16:36Z</time>
      </trkpt>
      <trkpt lat="30.621395" lon="104.185875">
        <time>2026-08-03T12:16:37Z</time>
      </trkpt>
      <trkpt lat="30.621376" lon="104.18595">
        <time>2026-08-03T12:16:38Z</time>
      </trkpt>
      <trkpt lat="30.62136" lon="104.18603">
        <time>2026-08-03T12:16:39Z</time>
      </trkpt>
      <trkpt lat="30.621347" lon="104.18611">
        <time>2026-08-03T12:16:40Z</time>
      </trkpt>
      <trkpt lat="30.621332" lon="104.18619">
        <time>2026-08-03T12:16:41Z</time>
      </trkpt>
      <trkpt lat="30.621319" lon="104.18627">
        <time>2026-08-03T12:16:42Z</time>
      </trkpt>
      <trkpt lat="30.621304" lon="104.18635">
        <time>2026-08-03T12:16:43Z</time>
      </trkpt>
      <trkpt lat="30.621288" lon="104.18643">
        <time>2026-08-03T12:16:44Z</time>
      </trkpt>
      <trkpt lat="30.621273" lon="104.18651">
        <time>2026-08-03T12:16:45Z</time>
      </trkpt>
      <trkpt lat="30.621258" lon="104.18659">
        <time>2026-08-03T12:16:46Z</time>
      </trkpt>
      <trkpt lat="30.621244" lon="104.186676">
        <time>2026-08-03T12:16:47Z</time>
      </trkpt>
      <trkpt lat="30.62123" lon="104.18676">
        <time>2026-08-03T12:16:48Z</time>
      </trkpt>
      <trkpt lat="30.621214" lon="104.186844">
        <time>2026-08-03T12:16:49Z</time>
      </trkpt>
      <trkpt lat="30.621199" lon="104.18693">
        <time>2026-08-03T12:16:50Z</time>
      </trkpt>
      <trkpt lat="30.621183" lon="104.187004">
        <time>2026-08-03T12:16:51Z</time>
      </trkpt>
      <trkpt lat="30.621168" lon="104.18709">
        <time>2026-08-03T12:16:52Z</time>
      </trkpt>
      <trkpt lat="30.621151" lon="104.18717">
        <time>2026-08-03T12:16:53Z</time>
      </trkpt>
      <trkpt lat="30.621138" lon="104.187256">
        <time>2026-08-03T12:16:54Z</time>
      </trkpt>
      <trkpt lat="30.621124" lon="104.18733">
        <time>2026-08-03T12:16:55Z</time>
      </trkpt>
      <trkpt lat="30.62111" lon="104.187416">
        <time>2026-08-03T12:16:56Z</time>
      </trkpt>
      <trkpt lat="30.621096" lon="104.18749">
        <time>2026-08-03T12:16:57Z</time>
      </trkpt>
      <trkpt lat="30.62108" lon="104.18757">
        <time>2026-08-03T12:16:58Z</time>
      </trkpt>
      <trkpt lat="30.621065" lon="104.187645">
        <time>2026-08-03T12:16:59Z</time>
      </trkpt>
      <trkpt lat="30.62105" lon="104.18772">
        <time>2026-08-03T12:17:00Z</time>
      </trkpt>
      <trkpt lat="30.621037" lon="104.1878">
        <time>2026-08-03T12:17:01Z</time>
      </trkpt>
      <trkpt lat="30.621023" lon="104.187874">
        <time>2026-08-03T12:17:02Z</time>
      </trkpt>
      <trkpt lat="30.621008" lon="104.18795">
        <time>2026-08-03T12:17:03Z</time>
      </trkpt>
      <trkpt lat="30.620995" lon="104.18803">
        <time>2026-08-03T12:17:04Z</time>
      </trkpt>
      <trkpt lat="30.620981" lon="104.1881">
        <time>2026-08-03T12:17:05Z</time>
      </trkpt>
      <trkpt lat="30.620964" lon="104.18817">
        <time>2026-08-03T12:17:06Z</time>
      </trkpt>
      <trkpt lat="30.62095" lon="104.18825">
        <time>2026-08-03T12:17:07Z</time>
      </trkpt>
      <trkpt lat="30.620934" lon="104.18832">
        <time>2026-08-03T12:17:08Z</time>
      </trkpt>
      <trkpt lat="30.62092" lon="104.18838">
        <time>2026-08-03T12:17:09Z</time>
      </trkpt>
      <trkpt lat="30.62091" lon="104.188446">
        <time>2026-08-03T12:17:10Z</time>
      </trkpt>
      <trkpt lat="30.620901" lon="104.18851">
        <time>2026-08-03T12:17:11Z</time>
      </trkpt>
      <trkpt lat="30.620895" lon="104.18858">
        <time>2026-08-03T12:17:12Z</time>
      </trkpt>
      <trkpt lat="30.620888" lon="104.18865">
        <time>2026-08-03T12:17:13Z</time>
      </trkpt>
      <trkpt lat="30.620876" lon="104.18871">
        <time>2026-08-03T12:17:14Z</time>
      </trkpt>
      <trkpt lat="30.620863" lon="104.18878">
        <time>2026-08-03T12:17:15Z</time>
      </trkpt>
      <trkpt lat="30.62085" lon="104.18885">
        <time>2026-08-03T12:17:16Z</time>
      </trkpt>
      <trkpt lat="30.620838" lon="104.18892">
        <time>2026-08-03T12:17:17Z</time>
      </trkpt>
      <trkpt lat="30.620827" lon="104.188995">
        <time>2026-08-03T12:17:18Z</time>
      </trkpt>
      <trkpt lat="30.620811" lon="104.18906">
        <time>2026-08-03T12:17:19Z</time>
      </trkpt>
      <trkpt lat="30.620798" lon="104.189125">
        <time>2026-08-03T12:17:20Z</time>
      </trkpt>
      <trkpt lat="30.620787" lon="104.1892">
        <time>2026-08-03T12:17:21Z</time>
      </trkpt>
      <trkpt lat="30.620773" lon="104.18927">
        <time>2026-08-03T12:17:22Z</time>
      </trkpt>
      <trkpt lat="30.620756" lon="104.18934">
        <time>2026-08-03T12:17:23Z</time>
      </trkpt>
      <trkpt lat="30.620745" lon="104.189415">
        <time>2026-08-03T12:17:24Z</time>
      </trkpt>
      <trkpt lat="30.620735" lon="104.18948">
        <time>2026-08-03T12:17:25Z</time>
      </trkpt>
      <trkpt lat="30.620728" lon="104.18955">
        <time>2026-08-03T12:17:26Z</time>
      </trkpt>
      <trkpt lat="30.620714" lon="104.18962">
        <time>2026-08-03T12:17:27Z</time>
      </trkpt>
      <trkpt lat="30.620707" lon="104.18969">
        <time>2026-08-03T12:17:28Z</time>
      </trkpt>
      <trkpt lat="30.620695" lon="104.18976">
        <time>2026-08-03T12:17:29Z</time>
      </trkpt>
      <trkpt lat="30.620682" lon="104.18982">
        <time>2026-08-03T12:17:30Z</time>
      </trkpt>
      <trkpt lat="30.620665" lon="104.18989">
        <time>2026-08-03T12:17:31Z</time>
      </trkpt>
      <trkpt lat="30.620647" lon="104.18996">
        <time>2026-08-03T12:17:32Z</time>
      </trkpt>
      <trkpt lat="30.620636" lon="104.19002">
        <time>2026-08-03T12:17:33Z</time>
      </trkpt>
      <trkpt lat="30.620623" lon="104.19009">
        <time>2026-08-03T12:17:34Z</time>
      </trkpt>
      <trkpt lat="30.620607" lon="104.190155">
        <time>2026-08-03T12:17:35Z</time>
      </trkpt>
      <trkpt lat="30.62059" lon="104.19022">
        <time>2026-08-03T12:17:36Z</time>
      </trkpt>
      <trkpt lat="30.620575" lon="104.19029">
        <time>2026-08-03T12:17:37Z</time>
      </trkpt>
      <trkpt lat="30.620556" lon="104.19036">
        <time>2026-08-03T12:17:38Z</time>
      </trkpt>
      <trkpt lat="30.620543" lon="104.19044">
        <time>2026-08-03T12:17:39Z</time>
      </trkpt>
      <trkpt lat="30.620525" lon="104.190506">
        <time>2026-08-03T12:17:40Z</time>
      </trkpt>
      <trkpt lat="30.620506" lon="104.190575">
        <time>2026-08-03T12:17:41Z</time>
      </trkpt>
      <trkpt lat="30.62049" lon="104.19064">
        <time>2026-08-03T12:17:42Z</time>
      </trkpt>
      <trkpt lat="30.620468" lon="104.19072">
        <time>2026-08-03T12:17:43Z</time>
      </trkpt>
      <trkpt lat="30.620453" lon="104.190796">
        <time>2026-08-03T12:17:44Z</time>
      </trkpt>
      <trkpt lat="30.620436" lon="104.19088">
        <time>2026-08-03T12:17:45Z</time>
      </trkpt>
      <trkpt lat="30.620422" lon="104.190956">
        <time>2026-08-03T12:17:46Z</time>
      </trkpt>
      <trkpt lat="30.620405" lon="104.19103">
        <time>2026-08-03T12:17:47Z</time>
      </trkpt>
      <trkpt lat="30.620386" lon="104.19111">
        <time>2026-08-03T12:17:48Z</time>
      </trkpt>
      <trkpt lat="30.62037" lon="104.191185">
        <time>2026-08-03T12:17:49Z</time>
      </trkpt>
      <trkpt lat="30.62035" lon="104.19126">
        <time>2026-08-03T12:17:50Z</time>
      </trkpt>
      <trkpt lat="30.620335" lon="104.19134">
        <time>2026-08-03T12:17:51Z</time>
      </trkpt>
      <trkpt lat="30.62032" lon="104.191414">
        <time>2026-08-03T12:17:52Z</time>
      </trkpt>
      <trkpt lat="30.620308" lon="104.19149">
        <time>2026-08-03T12:17:53Z</time>
      </trkpt>
      <trkpt lat="30.620295" lon="104.19157">
        <time>2026-08-03T12:17:54Z</time>
      </trkpt>
      <trkpt lat="30.620277" lon="104.19164">
        <time>2026-08-03T12:17:55Z</time>
      </trkpt>
      <trkpt lat="30.620262" lon="104.19171">
        <time>2026-08-03T12:17:56Z</time>
      </trkpt>
      <trkpt lat="30.620249" lon="104.19178">
        <time>2026-08-03T12:17:57Z</time>
      </trkpt>
      <trkpt lat="30.620235" lon="104.19186">
        <time>2026-08-03T12:17:58Z</time>
      </trkpt>
      <trkpt lat="30.620218" lon="104.191925">
        <time>2026-08-03T12:17:59Z</time>
      </trkpt>
      <trkpt lat="30.620201" lon="104.19199">
        <time>2026-08-03T12:18:00Z</time>
      </trkpt>
      <trkpt lat="30.620186" lon="104.19206">
        <time>2026-08-03T12:18:01Z</time>
      </trkpt>
      <trkpt lat="30.620173" lon="104.19213">
        <time>2026-08-03T12:18:02Z</time>
      </trkpt>
      <trkpt lat="30.62016" lon="104.1922">
        <time>2026-08-03T12:18:03Z</time>
      </trkpt>
      <trkpt lat="30.620144" lon="104.19226">
        <time>2026-08-03T12:18:04Z</time>
      </trkpt>
      <trkpt lat="30.620129" lon="104.19232">
        <time>2026-08-03T12:18:05Z</time>
      </trkpt>
      <trkpt lat="30.620111" lon="104.19238">
        <time>2026-08-03T12:18:06Z</time>
      </trkpt>
      <trkpt lat="30.620094" lon="104.192444">
        <time>2026-08-03T12:18:07Z</time>
      </trkpt>
      <trkpt lat="30.62008" lon="104.192505">
        <time>2026-08-03T12:18:08Z</time>
      </trkpt>
      <trkpt lat="30.620068" lon="104.192566">
        <time>2026-08-03T12:18:09Z</time>
      </trkpt>
      <trkpt lat="30.620054" lon="104.19263">
        <time>2026-08-03T12:18:10Z</time>
      </trkpt>
      <trkpt lat="30.620043" lon="104.19268">
        <time>2026-08-03T12:18:11Z</time>
      </trkpt>
      <trkpt lat="30.620031" lon="104.19274">
        <time>2026-08-03T12:18:12Z</time>
      </trkpt>
      <trkpt lat="30.62002" lon="104.1928">
        <time>2026-08-03T12:18:13Z</time>
      </trkpt>
      <trkpt lat="30.620005" lon="104.19286">
        <time>2026-08-03T12:18:14Z</time>
      </trkpt>
      <trkpt lat="30.619991" lon="104.192924">
        <time>2026-08-03T12:18:15Z</time>
      </trkpt>
      <trkpt lat="30.619974" lon="104.19298">
        <time>2026-08-03T12:18:16Z</time>
      </trkpt>
      <trkpt lat="30.61996" lon="104.19304">
        <time>2026-08-03T12:18:17Z</time>
      </trkpt>
      <trkpt lat="30.619944" lon="104.1931">
        <time>2026-08-03T12:18:18Z</time>
      </trkpt>
      <trkpt lat="30.619926" lon="104.19316">
        <time>2026-08-03T12:18:19Z</time>
      </trkpt>
      <trkpt lat="30.619911" lon="104.193214">
        <time>2026-08-03T12:18:20Z</time>
      </trkpt>
      <trkpt lat="30.619896" lon="104.193275">
        <time>2026-08-03T12:18:21Z</time>
      </trkpt>
      <trkpt lat="30.619879" lon="104.19334">
        <time>2026-08-03T12:18:22Z</time>
      </trkpt>
      <trkpt lat="30.619862" lon="104.19339">
        <time>2026-08-03T12:18:23Z</time>
      </trkpt>
      <trkpt lat="30.619844" lon="104.19344">
        <time>2026-08-03T12:18:24Z</time>
      </trkpt>
      <trkpt lat="30.619827" lon="104.1935">
        <time>2026-08-03T12:18:25Z</time>
      </trkpt>
      <trkpt lat="30.61981" lon="104.19356">
        <time>2026-08-03T12:18:26Z</time>
      </trkpt>
      <trkpt lat="30.619795" lon="104.19362">
        <time>2026-08-03T12:18:27Z</time>
      </trkpt>
      <trkpt lat="30.619776" lon="104.19367">
        <time>2026-08-03T12:18:28Z</time>
      </trkpt>
      <trkpt lat="30.61975" lon="104.19372">
        <time>2026-08-03T12:18:29Z</time>
      </trkpt>
      <trkpt lat="30.619719" lon="104.19376">
        <time>2026-08-03T12:18:30Z</time>
      </trkpt>
      <trkpt lat="30.619673" lon="104.193794">
        <time>2026-08-03T12:18:31Z</time>
      </trkpt>
      <trkpt lat="30.619621" lon="104.193794">
        <time>2026-08-03T12:18:32Z</time>
      </trkpt>
      <trkpt lat="30.619574" lon="104.19379">
        <time>2026-08-03T12:18:33Z</time>
      </trkpt>
      <trkpt lat="30.61953" lon="104.19377">
        <time>2026-08-03T12:18:34Z</time>
      </trkpt>
      <trkpt lat="30.61949" lon="104.193756">
        <time>2026-08-03T12:18:35Z</time>
      </trkpt>
      <trkpt lat="30.619442" lon="104.19374">
        <time>2026-08-03T12:18:36Z</time>
      </trkpt>
      <trkpt lat="30.619398" lon="104.193726">
        <time>2026-08-03T12:18:37Z</time>
      </trkpt>
      <trkpt lat="30.619352" lon="104.19372">
        <time>2026-08-03T12:18:38Z</time>
      </trkpt>
      <trkpt lat="30.61931" lon="104.19372">
        <time>2026-08-03T12:18:39Z</time>
      </trkpt>
      <trkpt lat="30.619274" lon="104.19372">
        <time>2026-08-03T12:18:40Z</time>
      </trkpt>
      <trkpt lat="30.619238" lon="104.19371">
        <time>2026-08-03T12:18:41Z</time>
      </trkpt>
      <trkpt lat="30.619207" lon="104.19371">
        <time>2026-08-03T12:18:42Z</time>
      </trkpt>
      <trkpt lat="30.619186" lon="104.19371">
        <time>2026-08-03T12:18:43Z</time>
      </trkpt>
      <trkpt lat="30.619173" lon="104.19372">
        <time>2026-08-03T12:18:44Z</time>
      </trkpt>
      <trkpt lat="30.619175" lon="104.19374">
        <time>2026-08-03T12:18:45Z</time>
      </trkpt>
      <trkpt lat="30.619192" lon="104.19375">
        <time>2026-08-03T12:18:46Z</time>
      </trkpt>
      <trkpt lat="30.619207" lon="104.193756">
        <time>2026-08-03T12:18:47Z</time>
      </trkpt>
      <trkpt lat="30.619232" lon="104.193756">
        <time>2026-08-03T12:18:48Z</time>
      </trkpt>
      <trkpt lat="30.619255" lon="104.193756">
        <time>2026-08-03T12:18:49Z</time>
      </trkpt>
      <trkpt lat="30.619278" lon="104.193756">
        <time>2026-08-03T12:18:50Z</time>
      </trkpt>
      <trkpt lat="30.619303" lon="104.19376">
        <time>2026-08-03T12:18:51Z</time>
      </trkpt>
      <trkpt lat="30.619324" lon="104.19376">
        <time>2026-08-03T12:18:52Z</time>
      </trkpt>
      <trkpt lat="30.61935" lon="104.19377">
        <time>2026-08-03T12:18:53Z</time>
      </trkpt>
      <trkpt lat="30.61938" lon="104.19377">
        <time>2026-08-03T12:18:54Z</time>
      </trkpt>
      <trkpt lat="30.619411" lon="104.19378">
        <time>2026-08-03T12:18:55Z</time>
      </trkpt>
      <trkpt lat="30.619444" lon="104.19378">
        <time>2026-08-03T12:18:56Z</time>
      </trkpt>
      <trkpt lat="30.619469" lon="104.19379">
        <time>2026-08-03T12:18:57Z</time>
      </trkpt>
      <trkpt lat="30.619495" lon="104.193794">
        <time>2026-08-03T12:18:58Z</time>
      </trkpt>
      <trkpt lat="30.619524" lon="104.1938">
        <time>2026-08-03T12:18:59Z</time>
      </trkpt>
      <trkpt lat="30.619549" lon="104.19382">
        <time>2026-08-03T12:19:00Z</time>
      </trkpt>
      <trkpt lat="30.619577" lon="104.193825">
        <time>2026-08-03T12:19:01Z</time>
      </trkpt>
      <trkpt lat="30.619604" lon="104.19383">
        <time>2026-08-03T12:19:02Z</time>
      </trkpt>
      <trkpt lat="30.619642" lon="104.19383">
        <time>2026-08-03T12:19:03Z</time>
      </trkpt>
      <trkpt lat="30.619677" lon="104.19385">
        <time>2026-08-03T12:19:04Z</time>
      </trkpt>
      <trkpt lat="30.619713" lon="104.19386">
        <time>2026-08-03T12:19:05Z</time>
      </trkpt>
      <trkpt lat="30.619751" lon="104.19388">
        <time>2026-08-03T12:19:06Z</time>
      </trkpt>
      <trkpt lat="30.61979" lon="104.19389">
        <time>2026-08-03T12:19:07Z</time>
      </trkpt>
      <trkpt lat="30.61983" lon="104.19391">
        <time>2026-08-03T12:19:08Z</time>
      </trkpt>
      <trkpt lat="30.619867" lon="104.193924">
        <time>2026-08-03T12:19:09Z</time>
      </trkpt>
      <trkpt lat="30.61991" lon="104.19394">
        <time>2026-08-03T12:19:10Z</time>
      </trkpt>
      <trkpt lat="30.619947" lon="104.193954">
        <time>2026-08-03T12:19:11Z</time>
      </trkpt>
      <trkpt lat="30.619987" lon="104.19397">
        <time>2026-08-03T12:19:12Z</time>
      </trkpt>
      <trkpt lat="30.620031" lon="104.19398">
        <time>2026-08-03T12:19:13Z</time>
      </trkpt>
      <trkpt lat="30.620066" lon="104.19399">
        <time>2026-08-03T12:19:14Z</time>
      </trkpt>
      <trkpt lat="30.620087" lon="104.19399">
        <time>2026-08-03T12:19:15Z</time>
      </trkpt>
      <trkpt lat="30.620094" lon="104.194">
        <time>2026-08-03T12:19:16Z</time>
      </trkpt>
      <trkpt lat="30.620413" lon="104.19407">
        <time>2026-08-03T12:19:25Z</time>
      </trkpt>
      <trkpt lat="30.620453" lon="104.19411">
        <time>2026-08-03T12:19:27Z</time>
      </trkpt>
      <trkpt lat="30.620502" lon="104.19414">
        <time>2026-08-03T12:19:28Z</time>
      </trkpt>
      <trkpt lat="30.620544" lon="104.19417">
        <time>2026-08-03T12:19:29Z</time>
      </trkpt>
      <trkpt lat="30.620571" lon="104.19418">
        <time>2026-08-03T12:19:30Z</time>
      </trkpt>
      <trkpt lat="30.620604" lon="104.19418">
        <time>2026-08-03T12:19:31Z</time>
      </trkpt>
      <trkpt lat="30.620626" lon="104.19416">
        <time>2026-08-03T12:19:32Z</time>
      </trkpt>
      <trkpt lat="30.62065" lon="104.19413">
        <time>2026-08-03T12:19:33Z</time>
      </trkpt>
      <trkpt lat="30.62066" lon="104.194084">
        <time>2026-08-03T12:19:34Z</time>
      </trkpt>
      <trkpt lat="30.620676" lon="104.19404">
        <time>2026-08-03T12:19:35Z</time>
      </trkpt>
      <trkpt lat="30.620693" lon="104.19399">
        <time>2026-08-03T12:19:36Z</time>
      </trkpt>
      <trkpt lat="30.620708" lon="104.193954">
        <time>2026-08-03T12:19:37Z</time>
      </trkpt>
      <trkpt lat="30.620722" lon="104.19391">
        <time>2026-08-03T12:19:38Z</time>
      </trkpt>
      <trkpt lat="30.620733" lon="104.19386">
        <time>2026-08-03T12:19:39Z</time>
      </trkpt>
      <trkpt lat="30.62074" lon="104.19383">
        <time>2026-08-03T12:19:40Z</time>
      </trkpt>
      <trkpt lat="30.62074" lon="104.19382">
        <time>2026-08-03T12:19:41Z</time>
      </trkpt>
      <trkpt lat="30.620735" lon="104.19381">
        <time>2026-08-03T12:19:42Z</time>
      </trkpt>
      <trkpt lat="30.620735" lon="104.19381">
        <time>2026-08-03T12:19:43Z</time>
      </trkpt>
      <trkpt lat="30.620735" lon="104.19381">
        <time>2026-08-03T12:19:44Z</time>
      </trkpt>
      <trkpt lat="30.620735" lon="104.19381">
        <time>2026-08-03T12:19:45Z</time>
      </trkpt>
      <trkpt lat="30.620735" lon="104.19381">
        <time>2026-08-03T12:19:46Z</time>
      </trkpt>
      <trkpt lat="30.620735" lon="104.19381">
        <time>2026-08-03T12:19:47Z</time>
      </trkpt>
      <trkpt lat="30.620682" lon="104.193855">
        <time>2026-08-03T12:19:48Z</time>
      </trkpt>
      <trkpt lat="30.620655" lon="104.19389">
        <time>2026-08-03T12:19:49Z</time>
      </trkpt>
      <trkpt lat="30.620636" lon="104.193954">
        <time>2026-08-03T12:19:50Z</time>
      </trkpt>
      <trkpt lat="30.620623" lon="104.19401">
        <time>2026-08-03T12:19:51Z</time>
      </trkpt>
      <trkpt lat="30.620607" lon="104.19406">
        <time>2026-08-03T12:19:52Z</time>
      </trkpt>
      <trkpt lat="30.620592" lon="104.19412">
        <time>2026-08-03T12:19:53Z</time>
      </trkpt>
      <trkpt lat="30.620577" lon="104.19418">
        <time>2026-08-03T12:19:54Z</time>
      </trkpt>
      <trkpt lat="30.620556" lon="104.19426">
        <time>2026-08-03T12:19:55Z</time>
      </trkpt>
      <trkpt lat="30.620537" lon="104.19435">
        <time>2026-08-03T12:19:56Z</time>
      </trkpt>
      <trkpt lat="30.620512" lon="104.19444">
        <time>2026-08-03T12:19:57Z</time>
      </trkpt>
      <trkpt lat="30.62049" lon="104.19453">
        <time>2026-08-03T12:19:58Z</time>
      </trkpt>
      <trkpt lat="30.620476" lon="104.19459">
        <time>2026-08-03T12:19:59Z</time>
      </trkpt>
      <trkpt lat="30.620462" lon="104.19463">
        <time>2026-08-03T12:20:00Z</time>
      </trkpt>
      <trkpt lat="30.620441" lon="104.19466">
        <time>2026-08-03T12:20:01Z</time>
      </trkpt>
      <trkpt lat="30.620419" lon="104.19466">
        <time>2026-08-03T12:20:02Z</time>
      </trkpt>
      <trkpt lat="30.620401" lon="104.19465">
        <time>2026-08-03T12:20:03Z</time>
      </trkpt>
      <trkpt lat="30.6204" lon="104.19462">
        <time>2026-08-03T12:20:04Z</time>
      </trkpt>
      <trkpt lat="30.62041" lon="104.19459">
        <time>2026-08-03T12:20:05Z</time>
      </trkpt>
      <trkpt lat="30.620424" lon="104.19455">
        <time>2026-08-03T12:20:06Z</time>
      </trkpt>
      <trkpt lat="30.620436" lon="104.19452">
        <time>2026-08-03T12:20:07Z</time>
      </trkpt>
      <trkpt lat="30.620443" lon="104.19449">
        <time>2026-08-03T12:20:08Z</time>
      </trkpt>
      <trkpt lat="30.620451" lon="104.19444">
        <time>2026-08-03T12:20:09Z</time>
      </trkpt>
      <trkpt lat="30.62046" lon="104.1944">
        <time>2026-08-03T12:20:10Z</time>
      </trkpt>
      <trkpt lat="30.620466" lon="104.19436">
        <time>2026-08-03T12:20:11Z</time>
      </trkpt>
      <trkpt lat="30.620474" lon="104.19433">
        <time>2026-08-03T12:20:12Z</time>
      </trkpt>
      <trkpt lat="30.620483" lon="104.1943">
        <time>2026-08-03T12:20:13Z</time>
      </trkpt>
      <trkpt lat="30.620491" lon="104.19426">
        <time>2026-08-03T12:20:14Z</time>
      </trkpt>
      <trkpt lat="30.620493" lon="104.19423">
        <time>2026-08-03T12:20:15Z</time>
      </trkpt>
      <trkpt lat="30.6205" lon="104.1942">
        <time>2026-08-03T12:20:16Z</time>
      </trkpt>
      <trkpt lat="30.620512" lon="104.19417">
        <time>2026-08-03T12:20:17Z</time>
      </trkpt>
      <trkpt lat="30.620525" lon="104.19414">
        <time>2026-08-03T12:20:18Z</time>
      </trkpt>
      <trkpt lat="30.620539" lon="104.1941">
        <time>2026-08-03T12:20:19Z</time>
      </trkpt>
      <trkpt lat="30.620554" lon="104.19406">
        <time>2026-08-03T12:20:20Z</time>
      </trkpt>
      <trkpt lat="30.62057" lon="104.194016">
        <time>2026-08-03T12:20:21Z</time>
      </trkpt>
      <trkpt lat="30.620584" lon="104.19397">
        <time>2026-08-03T12:20:22Z</time>
      </trkpt>
      <trkpt lat="30.620602" lon="104.19393">
        <time>2026-08-03T12:20:23Z</time>
      </trkpt>
      <trkpt lat="30.620617" lon="104.193886">
        <time>2026-08-03T12:20:24Z</time>
      </trkpt>
      <trkpt lat="30.62063" lon="104.19384">
        <time>2026-08-03T12:20:25Z</time>
      </trkpt>
      <trkpt lat="30.620646" lon="104.193794">
        <time>2026-08-03T12:20:26Z</time>
      </trkpt>
      <trkpt lat="30.62066" lon="104.19375">
        <time>2026-08-03T12:20:27Z</time>
      </trkpt>
      <trkpt lat="30.620676" lon="104.1937">
        <time>2026-08-03T12:20:28Z</time>
      </trkpt>
      <trkpt lat="30.620691" lon="104.19366">
        <time>2026-08-03T12:20:29Z</time>
      </trkpt>
      <trkpt lat="30.62071" lon="104.1936">
        <time>2026-08-03T12:20:30Z</time>
      </trkpt>
      <trkpt lat="30.620726" lon="104.19356">
        <time>2026-08-03T12:20:31Z</time>
      </trkpt>
      <trkpt lat="30.62074" lon="104.19351">
        <time>2026-08-03T12:20:32Z</time>
      </trkpt>
      <trkpt lat="30.620756" lon="104.19347">
        <time>2026-08-03T12:20:33Z</time>
      </trkpt>
      <trkpt lat="30.620771" lon="104.19342">
        <time>2026-08-03T12:20:34Z</time>
      </trkpt>
      <trkpt lat="30.620789" lon="104.19337">
        <time>2026-08-03T12:20:35Z</time>
      </trkpt>
      <trkpt lat="30.620804" lon="104.19332">
        <time>2026-08-03T12:20:36Z</time>
      </trkpt>
      <trkpt lat="30.62082" lon="104.19328">
        <time>2026-08-03T12:20:37Z</time>
      </trkpt>
      <trkpt lat="30.620834" lon="104.19323">
        <time>2026-08-03T12:20:38Z</time>
      </trkpt>
      <trkpt lat="30.620848" lon="104.19319">
        <time>2026-08-03T12:20:39Z</time>
      </trkpt>
      <trkpt lat="30.62086" lon="104.19315">
        <time>2026-08-03T12:20:40Z</time>
      </trkpt>
      <trkpt lat="30.620872" lon="104.193115">
        <time>2026-08-03T12:20:41Z</time>
      </trkpt>
      <trkpt lat="30.620882" lon="104.19308">
        <time>2026-08-03T12:20:42Z</time>
      </trkpt>
      <trkpt lat="30.620895" lon="104.19303">
        <time>2026-08-03T12:20:43Z</time>
      </trkpt>
      <trkpt lat="30.620914" lon="104.19297">
        <time>2026-08-03T12:20:44Z</time>
      </trkpt>
      <trkpt lat="30.620928" lon="104.19291">
        <time>2026-08-03T12:20:45Z</time>
      </trkpt>
      <trkpt lat="30.62094" lon="104.192856">
        <time>2026-08-03T12:20:46Z</time>
      </trkpt>
      <trkpt lat="30.620953" lon="104.192795">
        <time>2026-08-03T12:20:47Z</time>
      </trkpt>
      <trkpt lat="30.620968" lon="104.19274">
        <time>2026-08-03T12:20:48Z</time>
      </trkpt>
      <trkpt lat="30.62098" lon="104.19267">
        <time>2026-08-03T12:20:49Z</time>
      </trkpt>
      <trkpt lat="30.621" lon="104.1926">
        <time>2026-08-03T12:20:50Z</time>
      </trkpt>
      <trkpt lat="30.621014" lon="104.192535">
        <time>2026-08-03T12:20:51Z</time>
      </trkpt>
      <trkpt lat="30.621027" lon="104.192474">
        <time>2026-08-03T12:20:52Z</time>
      </trkpt>
      <trkpt lat="30.621042" lon="104.192406">
        <time>2026-08-03T12:20:53Z</time>
      </trkpt>
      <trkpt lat="30.621056" lon="104.19234">
        <time>2026-08-03T12:20:54Z</time>
      </trkpt>
      <trkpt lat="30.621067" lon="104.19227">
        <time>2026-08-03T12:20:55Z</time>
      </trkpt>
      <trkpt lat="30.62108" lon="104.1922">
        <time>2026-08-03T12:20:56Z</time>
      </trkpt>
      <trkpt lat="30.621096" lon="104.19213">
        <time>2026-08-03T12:20:57Z</time>
      </trkpt>
      <trkpt lat="30.621113" lon="104.19206">
        <time>2026-08-03T12:20:58Z</time>
      </trkpt>
      <trkpt lat="30.621124" lon="104.19199">
        <time>2026-08-03T12:20:59Z</time>
      </trkpt>
      <trkpt lat="30.62114" lon="104.19192">
        <time>2026-08-03T12:21:00Z</time>
      </trkpt>
      <trkpt lat="30.62115" lon="104.19185">
        <time>2026-08-03T12:21:01Z</time>
      </trkpt>
      <trkpt lat="30.621164" lon="104.19177">
        <time>2026-08-03T12:21:02Z</time>
      </trkpt>
      <trkpt lat="30.621178" lon="104.191696">
        <time>2026-08-03T12:21:03Z</time>
      </trkpt>
      <trkpt lat="30.621197" lon="104.19162">
        <time>2026-08-03T12:21:04Z</time>
      </trkpt>
      <trkpt lat="30.621212" lon="104.19154">
        <time>2026-08-03T12:21:05Z</time>
      </trkpt>
      <trkpt lat="30.621227" lon="104.19147">
        <time>2026-08-03T12:21:06Z</time>
      </trkpt>
      <trkpt lat="30.621244" lon="104.19139">
        <time>2026-08-03T12:21:07Z</time>
      </trkpt>
      <trkpt lat="30.62126" lon="104.191315">
        <time>2026-08-03T12:21:08Z</time>
      </trkpt>
      <trkpt lat="30.621277" lon="104.191246">
        <time>2026-08-03T12:21:09Z</time>
      </trkpt>
      <trkpt lat="30.621292" lon="104.19117">
        <time>2026-08-03T12:21:10Z</time>
      </trkpt>
      <trkpt lat="30.621307" lon="104.19109">
        <time>2026-08-03T12:21:11Z</time>
      </trkpt>
      <trkpt lat="30.621323" lon="104.19102">
        <time>2026-08-03T12:21:12Z</time>
      </trkpt>
      <trkpt lat="30.621338" lon="104.19094">
        <time>2026-08-03T12:21:13Z</time>
      </trkpt>
      <trkpt lat="30.621353" lon="104.190865">
        <time>2026-08-03T12:21:14Z</time>
      </trkpt>
      <trkpt lat="30.62137" lon="104.19079">
        <time>2026-08-03T12:21:15Z</time>
      </trkpt>
      <trkpt lat="30.621384" lon="104.190704">
        <time>2026-08-03T12:21:16Z</time>
      </trkpt>
      <trkpt lat="30.6214" lon="104.19062">
        <time>2026-08-03T12:21:17Z</time>
      </trkpt>
      <trkpt lat="30.621414" lon="104.190544">
        <time>2026-08-03T12:21:18Z</time>
      </trkpt>
      <trkpt lat="30.62143" lon="104.19046">
        <time>2026-08-03T12:21:19Z</time>
      </trkpt>
      <trkpt lat="30.621445" lon="104.190384">
        <time>2026-08-03T12:21:20Z</time>
      </trkpt>
      <trkpt lat="30.62146" lon="104.190315">
        <time>2026-08-03T12:21:21Z</time>
      </trkpt>
      <trkpt lat="30.621475" lon="104.19025">
        <time>2026-08-03T12:21:22Z</time>
      </trkpt>
      <trkpt lat="30.621492" lon="104.19017">
        <time>2026-08-03T12:21:23Z</time>
      </trkpt>
      <trkpt lat="30.621506" lon="104.1901">
        <time>2026-08-03T12:21:24Z</time>
      </trkpt>
      <trkpt lat="30.621523" lon="104.190025">
        <time>2026-08-03T12:21:25Z</time>
      </trkpt>
      <trkpt lat="30.621538" lon="104.18994">
        <time>2026-08-03T12:21:26Z</time>
      </trkpt>
      <trkpt lat="30.621555" lon="104.189865">
        <time>2026-08-03T12:21:27Z</time>
      </trkpt>
      <trkpt lat="30.621567" lon="104.18978">
        <time>2026-08-03T12:21:28Z</time>
      </trkpt>
      <trkpt lat="30.62158" lon="104.189705">
        <time>2026-08-03T12:21:29Z</time>
      </trkpt>
      <trkpt lat="30.621592" lon="104.18963">
        <time>2026-08-03T12:21:30Z</time>
      </trkpt>
      <trkpt lat="30.621603" lon="104.18955">
        <time>2026-08-03T12:21:31Z</time>
      </trkpt>
      <trkpt lat="30.621614" lon="104.189476">
        <time>2026-08-03T12:21:32Z</time>
      </trkpt>
      <trkpt lat="30.62163" lon="104.18939">
        <time>2026-08-03T12:21:33Z</time>
      </trkpt>
      <trkpt lat="30.621649" lon="104.189316">
        <time>2026-08-03T12:21:34Z</time>
      </trkpt>
      <trkpt lat="30.621664" lon="104.18923">
        <time>2026-08-03T12:21:35Z</time>
      </trkpt>
      <trkpt lat="30.621677" lon="104.18915">
        <time>2026-08-03T12:21:36Z</time>
      </trkpt>
      <trkpt lat="30.62169" lon="104.189064">
        <time>2026-08-03T12:21:37Z</time>
      </trkpt>
      <trkpt lat="30.621712" lon="104.18898">
        <time>2026-08-03T12:21:38Z</time>
      </trkpt>
      <trkpt lat="30.621729" lon="104.1889">
        <time>2026-08-03T12:21:39Z</time>
      </trkpt>
      <trkpt lat="30.621744" lon="104.18882">
        <time>2026-08-03T12:21:40Z</time>
      </trkpt>
      <trkpt lat="30.621765" lon="104.188736">
        <time>2026-08-03T12:21:41Z</time>
      </trkpt>
      <trkpt lat="30.621784" lon="104.18866">
        <time>2026-08-03T12:21:42Z</time>
      </trkpt>
      <trkpt lat="30.621803" lon="104.18858">
        <time>2026-08-03T12:21:43Z</time>
      </trkpt>
      <trkpt lat="30.621819" lon="104.18851">
        <time>2026-08-03T12:21:44Z</time>
      </trkpt>
      <trkpt lat="30.621838" lon="104.18842">
        <time>2026-08-03T12:21:45Z</time>
      </trkpt>
      <trkpt lat="30.621853" lon="104.18834">
        <time>2026-08-03T12:21:46Z</time>
      </trkpt>
      <trkpt lat="30.621866" lon="104.18826">
        <time>2026-08-03T12:21:47Z</time>
      </trkpt>
      <trkpt lat="30.62188" lon="104.18819">
        <time>2026-08-03T12:21:48Z</time>
      </trkpt>
      <trkpt lat="30.621895" lon="104.18811">
        <time>2026-08-03T12:21:49Z</time>
      </trkpt>
      <trkpt lat="30.62191" lon="104.188034">
        <time>2026-08-03T12:21:50Z</time>
      </trkpt>
      <trkpt lat="30.621927" lon="104.18796">
        <time>2026-08-03T12:21:51Z</time>
      </trkpt>
      <trkpt lat="30.621943" lon="104.18788">
        <time>2026-08-03T12:21:52Z</time>
      </trkpt>
      <trkpt lat="30.621958" lon="104.187805">
        <time>2026-08-03T12:21:53Z</time>
      </trkpt>
      <trkpt lat="30.621973" lon="104.18772">
        <time>2026-08-03T12:21:54Z</time>
      </trkpt>
      <trkpt lat="30.62199" lon="104.187645">
        <time>2026-08-03T12:21:55Z</time>
      </trkpt>
      <trkpt lat="30.622005" lon="104.18756">
        <time>2026-08-03T12:21:56Z</time>
      </trkpt>
      <trkpt lat="30.62202" lon="104.187485">
        <time>2026-08-03T12:21:57Z</time>
      </trkpt>
      <trkpt lat="30.622034" lon="104.187416">
        <time>2026-08-03T12:21:58Z</time>
      </trkpt>
      <trkpt lat="30.62204" lon="104.18735">
        <time>2026-08-03T12:21:59Z</time>
      </trkpt>
      <trkpt lat="30.622047" lon="104.18728">
        <time>2026-08-03T12:22:00Z</time>
      </trkpt>
      <trkpt lat="30.622059" lon="104.1872">
        <time>2026-08-03T12:22:01Z</time>
      </trkpt>
      <trkpt lat="30.622063" lon="104.18713">
        <time>2026-08-03T12:22:02Z</time>
      </trkpt>
      <trkpt lat="30.622066" lon="104.187065">
        <time>2026-08-03T12:22:03Z</time>
      </trkpt>
      <trkpt lat="30.622068" lon="104.187004">
        <time>2026-08-03T12:22:04Z</time>
      </trkpt>
      <trkpt lat="30.622072" lon="104.186935">
        <time>2026-08-03T12:22:05Z</time>
      </trkpt>
      <trkpt lat="30.622074" lon="104.186874">
        <time>2026-08-03T12:22:06Z</time>
      </trkpt>
      <trkpt lat="30.622078" lon="104.186806">
        <time>2026-08-03T12:22:07Z</time>
      </trkpt>
      <trkpt lat="30.622086" lon="104.18674">
        <time>2026-08-03T12:22:08Z</time>
      </trkpt>
      <trkpt lat="30.622097" lon="104.18667">
        <time>2026-08-03T12:22:09Z</time>
      </trkpt>
      <trkpt lat="30.622108" lon="104.1866">
        <time>2026-08-03T12:22:10Z</time>
      </trkpt>
      <trkpt lat="30.622122" lon="104.18654">
        <time>2026-08-03T12:22:11Z</time>
      </trkpt>
      <trkpt lat="30.622133" lon="104.18646">
        <time>2026-08-03T12:22:12Z</time>
      </trkpt>
      <trkpt lat="30.62215" lon="104.18639">
        <time>2026-08-03T12:22:13Z</time>
      </trkpt>
      <trkpt lat="30.622171" lon="104.186325">
        <time>2026-08-03T12:22:14Z</time>
      </trkpt>
      <trkpt lat="30.622192" lon="104.186264">
        <time>2026-08-03T12:22:15Z</time>
      </trkpt>
      <trkpt lat="30.622208" lon="104.186195">
        <time>2026-08-03T12:22:16Z</time>
      </trkpt>
      <trkpt lat="30.622229" lon="104.18613">
        <time>2026-08-03T12:22:17Z</time>
      </trkpt>
      <trkpt lat="30.622246" lon="104.18606">
        <time>2026-08-03T12:22:18Z</time>
      </trkpt>
      <trkpt lat="30.62226" lon="104.186">
        <time>2026-08-03T12:22:19Z</time>
      </trkpt>
      <trkpt lat="30.622272" lon="104.185936">
        <time>2026-08-03T12:22:20Z</time>
      </trkpt>
      <trkpt lat="30.622284" lon="104.185875">
        <time>2026-08-03T12:22:21Z</time>
      </trkpt>
      <trkpt lat="30.622297" lon="104.18581">
        <time>2026-08-03T12:22:22Z</time>
      </trkpt>
      <trkpt lat="30.622309" lon="104.185745">
        <time>2026-08-03T12:22:23Z</time>
      </trkpt>
      <trkpt lat="30.622322" lon="104.18569">
        <time>2026-08-03T12:22:24Z</time>
      </trkpt>
      <trkpt lat="30.622337" lon="104.18562">
        <time>2026-08-03T12:22:25Z</time>
      </trkpt>
      <trkpt lat="30.622353" lon="104.18556">
        <time>2026-08-03T12:22:26Z</time>
      </trkpt>
      <trkpt lat="30.622366" lon="104.18549">
        <time>2026-08-03T12:22:27Z</time>
      </trkpt>
      <trkpt lat="30.622377" lon="104.185425">
        <time>2026-08-03T12:22:28Z</time>
      </trkpt>
      <trkpt lat="30.62239" lon="104.18536">
        <time>2026-08-03T12:22:29Z</time>
      </trkpt>
      <trkpt lat="30.622402" lon="104.1853">
        <time>2026-08-03T12:22:30Z</time>
      </trkpt>
      <trkpt lat="30.622416" lon="104.18524">
        <time>2026-08-03T12:22:31Z</time>
      </trkpt>
      <trkpt lat="30.622425" lon="104.18517">
        <time>2026-08-03T12:22:32Z</time>
      </trkpt>
      <trkpt lat="30.622438" lon="104.18511">
        <time>2026-08-03T12:22:33Z</time>
      </trkpt>
      <trkpt lat="30.622452" lon="104.18504">
        <time>2026-08-03T12:22:34Z</time>
      </trkpt>
      <trkpt lat="30.622463" lon="104.184975">
        <time>2026-08-03T12:22:35Z</time>
      </trkpt>
      <trkpt lat="30.622475" lon="104.18491">
        <time>2026-08-03T12:22:36Z</time>
      </trkpt>
      <trkpt lat="30.622488" lon="104.184845">
        <time>2026-08-03T12:22:37Z</time>
      </trkpt>
      <trkpt lat="30.622501" lon="104.18478">
        <time>2026-08-03T12:22:38Z</time>
      </trkpt>
      <trkpt lat="30.622519" lon="104.184715">
        <time>2026-08-03T12:22:39Z</time>
      </trkpt>
      <trkpt lat="30.622532" lon="104.18465">
        <time>2026-08-03T12:22:40Z</time>
      </trkpt>
      <trkpt lat="30.622547" lon="104.184586">
        <time>2026-08-03T12:22:41Z</time>
      </trkpt>
      <trkpt lat="30.622562" lon="104.184525">
        <time>2026-08-03T12:22:42Z</time>
      </trkpt>
      <trkpt lat="30.622578" lon="104.18446">
        <time>2026-08-03T12:22:43Z</time>
      </trkpt>
      <trkpt lat="30.62259" lon="104.184395">
        <time>2026-08-03T12:22:44Z</time>
      </trkpt>
      <trkpt lat="30.622606" lon="104.18433">
        <time>2026-08-03T12:22:45Z</time>
      </trkpt>
      <trkpt lat="30.622623" lon="104.184265">
        <time>2026-08-03T12:22:46Z</time>
      </trkpt>
      <trkpt lat="30.622639" lon="104.184204">
        <time>2026-08-03T12:22:47Z</time>
      </trkpt>
      <trkpt lat="30.622656" lon="104.184135">
        <time>2026-08-03T12:22:48Z</time>
      </trkpt>
      <trkpt lat="30.622677" lon="104.184074">
        <time>2026-08-03T12:22:49Z</time>
      </trkpt>
      <trkpt lat="30.622692" lon="104.18401">
        <time>2026-08-03T12:22:50Z</time>
      </trkpt>
      <trkpt lat="30.62271" lon="104.183945">
        <time>2026-08-03T12:22:51Z</time>
      </trkpt>
      <trkpt lat="30.62272" lon="104.183876">
        <time>2026-08-03T12:22:52Z</time>
      </trkpt>
      <trkpt lat="30.622732" lon="104.1838">
        <time>2026-08-03T12:22:53Z</time>
      </trkpt>
      <trkpt lat="30.622746" lon="104.18373">
        <time>2026-08-03T12:22:54Z</time>
      </trkpt>
      <trkpt lat="30.62276" lon="104.18366">
        <time>2026-08-03T12:22:55Z</time>
      </trkpt>
      <trkpt lat="30.622778" lon="104.18359">
        <time>2026-08-03T12:22:56Z</time>
      </trkpt>
      <trkpt lat="30.622797" lon="104.18353">
        <time>2026-08-03T12:22:57Z</time>
      </trkpt>
      <trkpt lat="30.622812" lon="104.183464">
        <time>2026-08-03T12:22:58Z</time>
      </trkpt>
      <trkpt lat="30.62283" lon="104.1834">
        <time>2026-08-03T12:22:59Z</time>
      </trkpt>
      <trkpt lat="30.622843" lon="104.183334">
        <time>2026-08-03T12:23:00Z</time>
      </trkpt>
      <trkpt lat="30.622858" lon="104.183266">
        <time>2026-08-03T12:23:01Z</time>
      </trkpt>
      <trkpt lat="30.622877" lon="104.183205">
        <time>2026-08-03T12:23:02Z</time>
      </trkpt>
      <trkpt lat="30.622892" lon="104.183136">
        <time>2026-08-03T12:23:03Z</time>
      </trkpt>
      <trkpt lat="30.622911" lon="104.183075">
        <time>2026-08-03T12:23:04Z</time>
      </trkpt>
      <trkpt lat="30.622929" lon="104.18301">
        <time>2026-08-03T12:23:05Z</time>
      </trkpt>
      <trkpt lat="30.622946" lon="104.182945">
        <time>2026-08-03T12:23:06Z</time>
      </trkpt>
      <trkpt lat="30.622963" lon="104.182884">
        <time>2026-08-03T12:23:07Z</time>
      </trkpt>
      <trkpt lat="30.62298" lon="104.182816">
        <time>2026-08-03T12:23:08Z</time>
      </trkpt>
      <trkpt lat="30.622997" lon="104.182755">
        <time>2026-08-03T12:23:09Z</time>
      </trkpt>
      <trkpt lat="30.623014" lon="104.182686">
        <time>2026-08-03T12:23:10Z</time>
      </trkpt>
      <trkpt lat="30.623032" lon="104.18262">
        <time>2026-08-03T12:23:11Z</time>
      </trkpt>
      <trkpt lat="30.623053" lon="104.182556">
        <time>2026-08-03T12:23:12Z</time>
      </trkpt>
      <trkpt lat="30.623072" lon="104.18249">
        <time>2026-08-03T12:23:13Z</time>
      </trkpt>
      <trkpt lat="30.62309" lon="104.18243">
        <time>2026-08-03T12:23:14Z</time>
      </trkpt>
      <trkpt lat="30.623108" lon="104.18236">
        <time>2026-08-03T12:23:15Z</time>
      </trkpt>
      <trkpt lat="30.623129" lon="104.18229">
        <time>2026-08-03T12:23:16Z</time>
      </trkpt>
      <trkpt lat="30.623144" lon="104.18222">
        <time>2026-08-03T12:23:17Z</time>
      </trkpt>
      <trkpt lat="30.623163" lon="104.18215">
        <time>2026-08-03T12:23:18Z</time>
      </trkpt>
      <trkpt lat="30.623184" lon="104.18209">
        <time>2026-08-03T12:23:19Z</time>
      </trkpt>
      <trkpt lat="30.623207" lon="104.18202">
        <time>2026-08-03T12:23:20Z</time>
      </trkpt>
      <trkpt lat="30.623226" lon="104.18196">
        <time>2026-08-03T12:23:21Z</time>
      </trkpt>
      <trkpt lat="30.623247" lon="104.18189">
        <time>2026-08-03T12:23:22Z</time>
      </trkpt>
      <trkpt lat="30.623266" lon="104.18183">
        <time>2026-08-03T12:23:23Z</time>
      </trkpt>
      <trkpt lat="30.62329" lon="104.18176">
        <time>2026-08-03T12:23:24Z</time>
      </trkpt>
      <trkpt lat="30.623312" lon="104.181694">
        <time>2026-08-03T12:23:25Z</time>
      </trkpt>
      <trkpt lat="30.623337" lon="104.181625">
        <time>2026-08-03T12:23:26Z</time>
      </trkpt>
      <trkpt lat="30.623367" lon="104.181564">
        <time>2026-08-03T12:23:27Z</time>
      </trkpt>
      <trkpt lat="30.623398" lon="104.181496">
        <time>2026-08-03T12:23:28Z</time>
      </trkpt>
      <trkpt lat="30.62343" lon="104.181435">
        <time>2026-08-03T12:23:29Z</time>
      </trkpt>
      <trkpt lat="30.623459" lon="104.18136">
        <time>2026-08-03T12:23:30Z</time>
      </trkpt>
      <trkpt lat="30.623482" lon="104.18128">
        <time>2026-08-03T12:23:31Z</time>
      </trkpt>
      <trkpt lat="30.623508" lon="104.181206">
        <time>2026-08-03T12:23:32Z</time>
      </trkpt>
      <trkpt lat="30.623535" lon="104.18113">
        <time>2026-08-03T12:23:33Z</time>
      </trkpt>
      <trkpt lat="30.623554" lon="104.18105">
        <time>2026-08-03T12:23:34Z</time>
      </trkpt>
      <trkpt lat="30.62357" lon="104.18098">
        <time>2026-08-03T12:23:35Z</time>
      </trkpt>
      <trkpt lat="30.623589" lon="104.18089">
        <time>2026-08-03T12:23:36Z</time>
      </trkpt>
      <trkpt lat="30.623615" lon="104.18082">
        <time>2026-08-03T12:23:37Z</time>
      </trkpt>
      <trkpt lat="30.623642" lon="104.18073">
        <time>2026-08-03T12:23:38Z</time>
      </trkpt>
      <trkpt lat="30.623672" lon="104.18066">
        <time>2026-08-03T12:23:39Z</time>
      </trkpt>
      <trkpt lat="30.6237" lon="104.18057">
        <time>2026-08-03T12:23:40Z</time>
      </trkpt>
      <trkpt lat="30.623732" lon="104.18049">
        <time>2026-08-03T12:23:41Z</time>
      </trkpt>
      <trkpt lat="30.623762" lon="104.180405">
        <time>2026-08-03T12:23:42Z</time>
      </trkpt>
      <trkpt lat="30.62379" lon="104.18032">
        <time>2026-08-03T12:23:43Z</time>
      </trkpt>
      <trkpt lat="30.623821" lon="104.18024">
        <time>2026-08-03T12:23:44Z</time>
      </trkpt>
      <trkpt lat="30.623854" lon="104.18015">
        <time>2026-08-03T12:23:45Z</time>
      </trkpt>
      <trkpt lat="30.623884" lon="104.18006">
        <time>2026-08-03T12:23:46Z</time>
      </trkpt>
      <trkpt lat="30.623919" lon="104.17997">
        <time>2026-08-03T12:23:47Z</time>
      </trkpt>
      <trkpt lat="30.62395" lon="104.179886">
        <time>2026-08-03T12:23:48Z</time>
      </trkpt>
      <trkpt lat="30.623981" lon="104.179794">
        <time>2026-08-03T12:23:49Z</time>
      </trkpt>
      <trkpt lat="30.624014" lon="104.179695">
        <time>2026-08-03T12:23:50Z</time>
      </trkpt>
      <trkpt lat="30.624046" lon="104.1796">
        <time>2026-08-03T12:23:51Z</time>
      </trkpt>
      <trkpt lat="30.624083" lon="104.17951">
        <time>2026-08-03T12:23:52Z</time>
      </trkpt>
      <trkpt lat="30.624117" lon="104.17942">
        <time>2026-08-03T12:23:53Z</time>
      </trkpt>
      <trkpt lat="30.62415" lon="104.17933">
        <time>2026-08-03T12:23:54Z</time>
      </trkpt>
      <trkpt lat="30.624186" lon="104.17924">
        <time>2026-08-03T12:23:55Z</time>
      </trkpt>
      <trkpt lat="30.624218" lon="104.17914">
        <time>2026-08-03T12:23:56Z</time>
      </trkpt>
      <trkpt lat="30.624254" lon="104.17905">
        <time>2026-08-03T12:23:57Z</time>
      </trkpt>
      <trkpt lat="30.624289" lon="104.178955">
        <time>2026-08-03T12:23:58Z</time>
      </trkpt>
      <trkpt lat="30.624321" lon="104.178856">
        <time>2026-08-03T12:23:59Z</time>
      </trkpt>
      <trkpt lat="30.624357" lon="104.17876">
        <time>2026-08-03T12:24:00Z</time>
      </trkpt>
      <trkpt lat="30.62439" lon="104.178665">
        <time>2026-08-03T12:24:01Z</time>
      </trkpt>
      <trkpt lat="30.624422" lon="104.178566">
        <time>2026-08-03T12:24:02Z</time>
      </trkpt>
      <trkpt lat="30.624456" lon="104.17847">
        <time>2026-08-03T12:24:03Z</time>
      </trkpt>
      <trkpt lat="30.62449" lon="104.178375">
        <time>2026-08-03T12:24:04Z</time>
      </trkpt>
      <trkpt lat="30.624525" lon="104.178276">
        <time>2026-08-03T12:24:05Z</time>
      </trkpt>
      <trkpt lat="30.624557" lon="104.178185">
        <time>2026-08-03T12:24:06Z</time>
      </trkpt>
      <trkpt lat="30.62459" lon="104.178085">
        <time>2026-08-03T12:24:07Z</time>
      </trkpt>
      <trkpt lat="30.624624" lon="104.17799">
        <time>2026-08-03T12:24:08Z</time>
      </trkpt>
      <trkpt lat="30.624657" lon="104.1779">
        <time>2026-08-03T12:24:09Z</time>
      </trkpt>
      <trkpt lat="30.624691" lon="104.17782">
        <time>2026-08-03T12:24:10Z</time>
      </trkpt>
      <trkpt lat="30.624725" lon="104.177734">
        <time>2026-08-03T12:24:11Z</time>
      </trkpt>
      <trkpt lat="30.624763" lon="104.17764">
        <time>2026-08-03T12:24:12Z</time>
      </trkpt>
      <trkpt lat="30.6248" lon="104.17756">
        <time>2026-08-03T12:24:13Z</time>
      </trkpt>
      <trkpt lat="30.624834" lon="104.177475">
        <time>2026-08-03T12:24:14Z</time>
      </trkpt>
      <trkpt lat="30.62487" lon="104.17739">
        <time>2026-08-03T12:24:15Z</time>
      </trkpt>
      <trkpt lat="30.624899" lon="104.177315">
        <time>2026-08-03T12:24:16Z</time>
      </trkpt>
      <trkpt lat="30.624928" lon="104.17724">
        <time>2026-08-03T12:24:17Z</time>
      </trkpt>
      <trkpt lat="30.624954" lon="104.177155">
        <time>2026-08-03T12:24:18Z</time>
      </trkpt>
      <trkpt lat="30.624979" lon="104.17707">
        <time>2026-08-03T12:24:19Z</time>
      </trkpt>
      <trkpt lat="30.625006" lon="104.17699">
        <time>2026-08-03T12:24:20Z</time>
      </trkpt>
      <trkpt lat="30.625036" lon="104.176895">
        <time>2026-08-03T12:24:21Z</time>
      </trkpt>
      <trkpt lat="30.625063" lon="104.17683">
        <time>2026-08-03T12:24:22Z</time>
      </trkpt>
      <trkpt lat="30.625093" lon="104.17676">
        <time>2026-08-03T12:24:23Z</time>
      </trkpt>
      <trkpt lat="30.625118" lon="104.17669">
        <time>2026-08-03T12:24:24Z</time>
      </trkpt>
      <trkpt lat="30.625141" lon="104.17661">
        <time>2026-08-03T12:24:25Z</time>
      </trkpt>
      <trkpt lat="30.625166" lon="104.176544">
        <time>2026-08-03T12:24:26Z</time>
      </trkpt>
      <trkpt lat="30.625187" lon="104.17648">
        <time>2026-08-03T12:24:27Z</time>
      </trkpt>
      <trkpt lat="30.625208" lon="104.176414">
        <time>2026-08-03T12:24:28Z</time>
      </trkpt>
      <trkpt lat="30.625229" lon="104.17635">
        <time>2026-08-03T12:24:29Z</time>
      </trkpt>
      <trkpt lat="30.625252" lon="104.17629">
        <time>2026-08-03T12:24:30Z</time>
      </trkpt>
      <trkpt lat="30.625277" lon="104.17623">
        <time>2026-08-03T12:24:31Z</time>
      </trkpt>
      <trkpt lat="30.625301" lon="104.17618">
        <time>2026-08-03T12:24:32Z</time>
      </trkpt>
      <trkpt lat="30.625324" lon="104.176125">
        <time>2026-08-03T12:24:33Z</time>
      </trkpt>
      <trkpt lat="30.625345" lon="104.17606">
        <time>2026-08-03T12:24:34Z</time>
      </trkpt>
      <trkpt lat="30.625366" lon="104.17601">
        <time>2026-08-03T12:24:35Z</time>
      </trkpt>
      <trkpt lat="30.625387" lon="104.17596">
        <time>2026-08-03T12:24:36Z</time>
      </trkpt>
      <trkpt lat="30.625406" lon="104.1759">
        <time>2026-08-03T12:24:37Z</time>
      </trkpt>
      <trkpt lat="30.625425" lon="104.17585">
        <time>2026-08-03T12:24:38Z</time>
      </trkpt>
      <trkpt lat="30.625443" lon="104.175804">
        <time>2026-08-03T12:24:39Z</time>
      </trkpt>
      <trkpt lat="30.625458" lon="104.17575">
        <time>2026-08-03T12:24:40Z</time>
      </trkpt>
      <trkpt lat="30.625475" lon="104.1757">
        <time>2026-08-03T12:24:41Z</time>
      </trkpt>
      <trkpt lat="30.625496" lon="104.17564">
        <time>2026-08-03T12:24:42Z</time>
      </trkpt>
      <trkpt lat="30.625519" lon="104.17558">
        <time>2026-08-03T12:24:43Z</time>
      </trkpt>
      <trkpt lat="30.62554" lon="104.17552">
        <time>2026-08-03T12:24:44Z</time>
      </trkpt>
      <trkpt lat="30.625559" lon="104.17547">
        <time>2026-08-03T12:24:45Z</time>
      </trkpt>
      <trkpt lat="30.625578" lon="104.175415">
        <time>2026-08-03T12:24:46Z</time>
      </trkpt>
      <trkpt lat="30.625599" lon="104.175354">
        <time>2026-08-03T12:24:47Z</time>
      </trkpt>
      <trkpt lat="30.625616" lon="104.17529">
        <time>2026-08-03T12:24:48Z</time>
      </trkpt>
      <trkpt lat="30.62564" lon="104.17524">
        <time>2026-08-03T12:24:49Z</time>
      </trkpt>
      <trkpt lat="30.625664" lon="104.17518">
        <time>2026-08-03T12:24:50Z</time>
      </trkpt>
      <trkpt lat="30.625687" lon="104.17512">
        <time>2026-08-03T12:24:51Z</time>
      </trkpt>
      <trkpt lat="30.62571" lon="104.17506">
        <time>2026-08-03T12:24:52Z</time>
      </trkpt>
      <trkpt lat="30.625732" lon="104.174995">
        <time>2026-08-03T12:24:53Z</time>
      </trkpt>
      <trkpt lat="30.625755" lon="104.174934">
        <time>2026-08-03T12:24:54Z</time>
      </trkpt>
      <trkpt lat="30.625774" lon="104.17487">
        <time>2026-08-03T12:24:55Z</time>
      </trkpt>
      <trkpt lat="30.625797" lon="104.174805">
        <time>2026-08-03T12:24:56Z</time>
      </trkpt>
      <trkpt lat="30.625822" lon="104.17474">
        <time>2026-08-03T12:24:57Z</time>
      </trkpt>
      <trkpt lat="30.625845" lon="104.17468">
        <time>2026-08-03T12:24:58Z</time>
      </trkpt>
      <trkpt lat="30.625866" lon="104.17462">
        <time>2026-08-03T12:24:59Z</time>
      </trkpt>
      <trkpt lat="30.62589" lon="104.17455">
        <time>2026-08-03T12:25:00Z</time>
      </trkpt>
      <trkpt lat="30.625916" lon="104.174484">
        <time>2026-08-03T12:25:01Z</time>
      </trkpt>
      <trkpt lat="30.625938" lon="104.174416">
        <time>2026-08-03T12:25:02Z</time>
      </trkpt>
      <trkpt lat="30.625961" lon="104.174355">
        <time>2026-08-03T12:25:03Z</time>
      </trkpt>
      <trkpt lat="30.625988" lon="104.174286">
        <time>2026-08-03T12:25:04Z</time>
      </trkpt>
      <trkpt lat="30.62601" lon="104.17422">
        <time>2026-08-03T12:25:05Z</time>
      </trkpt>
      <trkpt lat="30.626038" lon="104.17415">
        <time>2026-08-03T12:25:06Z</time>
      </trkpt>
      <trkpt lat="30.626062" lon="104.17408">
        <time>2026-08-03T12:25:07Z</time>
      </trkpt>
      <trkpt lat="30.626085" lon="104.17401">
        <time>2026-08-03T12:25:08Z</time>
      </trkpt>
      <trkpt lat="30.62611" lon="104.17394">
        <time>2026-08-03T12:25:09Z</time>
      </trkpt>
      <trkpt lat="30.626135" lon="104.173874">
        <time>2026-08-03T12:25:10Z</time>
      </trkpt>
      <trkpt lat="30.626158" lon="104.173805">
        <time>2026-08-03T12:25:11Z</time>
      </trkpt>
      <trkpt lat="30.626183" lon="104.17374">
        <time>2026-08-03T12:25:12Z</time>
      </trkpt>
      <trkpt lat="30.626204" lon="104.173676">
        <time>2026-08-03T12:25:13Z</time>
      </trkpt>
      <trkpt lat="30.62622" lon="104.17361">
        <time>2026-08-03T12:25:14Z</time>
      </trkpt>
      <trkpt lat="30.62624" lon="104.173546">
        <time>2026-08-03T12:25:15Z</time>
      </trkpt>
      <trkpt lat="30.626266" lon="104.173485">
        <time>2026-08-03T12:25:16Z</time>
      </trkpt>
      <trkpt lat="30.626291" lon="104.17342">
        <time>2026-08-03T12:25:17Z</time>
      </trkpt>
      <trkpt lat="30.626316" lon="104.17336">
        <time>2026-08-03T12:25:18Z</time>
      </trkpt>
      <trkpt lat="30.626339" lon="104.1733">
        <time>2026-08-03T12:25:19Z</time>
      </trkpt>
      <trkpt lat="30.62636" lon="104.17325">
        <time>2026-08-03T12:25:20Z</time>
      </trkpt>
      <trkpt lat="30.62638" lon="104.17319">
        <time>2026-08-03T12:25:21Z</time>
      </trkpt>
      <trkpt lat="30.626398" lon="104.17313">
        <time>2026-08-03T12:25:22Z</time>
      </trkpt>
      <trkpt lat="30.626415" lon="104.173065">
        <time>2026-08-03T12:25:23Z</time>
      </trkpt>
      <trkpt lat="30.62643" lon="104.173004">
        <time>2026-08-03T12:25:24Z</time>
      </trkpt>
      <trkpt lat="30.626448" lon="104.17295">
        <time>2026-08-03T12:25:25Z</time>
      </trkpt>
      <trkpt lat="30.626469" lon="104.17289">
        <time>2026-08-03T12:25:26Z</time>
      </trkpt>
      <trkpt lat="30.62649" lon="104.17284">
        <time>2026-08-03T12:25:27Z</time>
      </trkpt>
      <trkpt lat="30.626514" lon="104.17278">
        <time>2026-08-03T12:25:28Z</time>
      </trkpt>
      <trkpt lat="30.626541" lon="104.17274">
        <time>2026-08-03T12:25:29Z</time>
      </trkpt>
      <trkpt lat="30.626566" lon="104.17268">
        <time>2026-08-03T12:25:30Z</time>
      </trkpt>
      <trkpt lat="30.62659" lon="104.17262">
        <time>2026-08-03T12:25:31Z</time>
      </trkpt>
      <trkpt lat="30.626614" lon="104.17257">
        <time>2026-08-03T12:25:32Z</time>
      </trkpt>
      <trkpt lat="30.626637" lon="104.17251">
        <time>2026-08-03T12:25:33Z</time>
      </trkpt>
      <trkpt lat="30.626657" lon="104.172455">
        <time>2026-08-03T12:25:34Z</time>
      </trkpt>
      <trkpt lat="30.62668" lon="104.17239">
        <time>2026-08-03T12:25:35Z</time>
      </trkpt>
      <trkpt lat="30.626701" lon="104.17233">
        <time>2026-08-03T12:25:36Z</time>
      </trkpt>
      <trkpt lat="30.626724" lon="104.17227">
        <time>2026-08-03T12:25:37Z</time>
      </trkpt>
      <trkpt lat="30.626749" lon="104.17222">
        <time>2026-08-03T12:25:38Z</time>
      </trkpt>
      <trkpt lat="30.626772" lon="104.17216">
        <time>2026-08-03T12:25:39Z</time>
      </trkpt>
      <trkpt lat="30.626795" lon="104.1721">
        <time>2026-08-03T12:25:40Z</time>
      </trkpt>
      <trkpt lat="30.62682" lon="104.172035">
        <time>2026-08-03T12:25:41Z</time>
      </trkpt>
      <trkpt lat="30.626842" lon="104.171974">
        <time>2026-08-03T12:25:42Z</time>
      </trkpt>
      <trkpt lat="30.62687" lon="104.17191">
        <time>2026-08-03T12:25:43Z</time>
      </trkpt>
      <trkpt lat="30.626894" lon="104.17185">
        <time>2026-08-03T12:25:44Z</time>
      </trkpt>
      <trkpt lat="30.62692" lon="104.17179">
        <time>2026-08-03T12:25:45Z</time>
      </trkpt>
      <trkpt lat="30.626947" lon="104.17173">
        <time>2026-08-03T12:25:46Z</time>
      </trkpt>
      <trkpt lat="30.626978" lon="104.17168">
        <time>2026-08-03T12:25:47Z</time>
      </trkpt>
      <trkpt lat="30.627007" lon="104.171616">
        <time>2026-08-03T12:25:48Z</time>
      </trkpt>
      <trkpt lat="30.627037" lon="104.171555">
        <time>2026-08-03T12:25:49Z</time>
      </trkpt>
      <trkpt lat="30.627064" lon="104.17149">
        <time>2026-08-03T12:25:50Z</time>
      </trkpt>
      <trkpt lat="30.62709" lon="104.17143">
        <time>2026-08-03T12:25:51Z</time>
      </trkpt>
      <trkpt lat="30.62712" lon="104.17138">
        <time>2026-08-03T12:25:52Z</time>
      </trkpt>
      <trkpt lat="30.627146" lon="104.17132">
        <time>2026-08-03T12:25:53Z</time>
      </trkpt>
      <trkpt lat="30.627174" lon="104.171265">
        <time>2026-08-03T12:25:54Z</time>
      </trkpt>
      <trkpt lat="30.6272" lon="104.1712">
        <time>2026-08-03T12:25:55Z</time>
      </trkpt>
      <trkpt lat="30.627226" lon="104.171135">
        <time>2026-08-03T12:25:56Z</time>
      </trkpt>
      <trkpt lat="30.62725" lon="104.171074">
        <time>2026-08-03T12:25:57Z</time>
      </trkpt>
      <trkpt lat="30.62728" lon="104.17101">
        <time>2026-08-03T12:25:58Z</time>
      </trkpt>
      <trkpt lat="30.627306" lon="104.17095">
        <time>2026-08-03T12:25:59Z</time>
      </trkpt>
      <trkpt lat="30.627337" lon="104.17089">
        <time>2026-08-03T12:26:00Z</time>
      </trkpt>
      <trkpt lat="30.627369" lon="104.17083">
        <time>2026-08-03T12:26:01Z</time>
      </trkpt>
      <trkpt lat="30.627398" lon="104.17077">
        <time>2026-08-03T12:26:02Z</time>
      </trkpt>
      <trkpt lat="30.627426" lon="104.170715">
        <time>2026-08-03T12:26:03Z</time>
      </trkpt>
      <trkpt lat="30.62745" lon="104.170654">
        <time>2026-08-03T12:26:04Z</time>
      </trkpt>
      <trkpt lat="30.62748" lon="104.170586">
        <time>2026-08-03T12:26:05Z</time>
      </trkpt>
      <trkpt lat="30.627506" lon="104.170525">
        <time>2026-08-03T12:26:06Z</time>
      </trkpt>
      <trkpt lat="30.62753" lon="104.170456">
        <time>2026-08-03T12:26:07Z</time>
      </trkpt>
      <trkpt lat="30.62755" lon="104.170395">
        <time>2026-08-03T12:26:08Z</time>
      </trkpt>
      <trkpt lat="30.627575" lon="104.17033">
        <time>2026-08-03T12:26:09Z</time>
      </trkpt>
      <trkpt lat="30.627605" lon="104.170265">
        <time>2026-08-03T12:26:10Z</time>
      </trkpt>
      <trkpt lat="30.627638" lon="104.1702">
        <time>2026-08-03T12:26:11Z</time>
      </trkpt>
      <trkpt lat="30.627672" lon="104.170135">
        <time>2026-08-03T12:26:12Z</time>
      </trkpt>
      <trkpt lat="30.627705" lon="104.170074">
        <time>2026-08-03T12:26:13Z</time>
      </trkpt>
      <trkpt lat="30.627737" lon="104.170006">
        <time>2026-08-03T12:26:14Z</time>
      </trkpt>
      <trkpt lat="30.627768" lon="104.169945">
        <time>2026-08-03T12:26:15Z</time>
      </trkpt>
      <trkpt lat="30.6278" lon="104.169876">
        <time>2026-08-03T12:26:16Z</time>
      </trkpt>
      <trkpt lat="30.62783" lon="104.169815">
        <time>2026-08-03T12:26:17Z</time>
      </trkpt>
      <trkpt lat="30.62786" lon="104.16975">
        <time>2026-08-03T12:26:18Z</time>
      </trkpt>
      <trkpt lat="30.627892" lon="104.16968">
        <time>2026-08-03T12:26:19Z</time>
      </trkpt>
      <trkpt lat="30.627924" lon="104.16961">
        <time>2026-08-03T12:26:20Z</time>
      </trkpt>
      <trkpt lat="30.627954" lon="104.16954">
        <time>2026-08-03T12:26:21Z</time>
      </trkpt>
      <trkpt lat="30.627989" lon="104.16947">
        <time>2026-08-03T12:26:22Z</time>
      </trkpt>
      <trkpt lat="30.628021" lon="104.16941">
        <time>2026-08-03T12:26:23Z</time>
      </trkpt>
      <trkpt lat="30.628056" lon="104.16934">
        <time>2026-08-03T12:26:24Z</time>
      </trkpt>
      <trkpt lat="30.62809" lon="104.16927">
        <time>2026-08-03T12:26:25Z</time>
      </trkpt>
      <trkpt lat="30.628124" lon="104.169205">
        <time>2026-08-03T12:26:26Z</time>
      </trkpt>
      <trkpt lat="30.628157" lon="104.16913">
        <time>2026-08-03T12:26:27Z</time>
      </trkpt>
      <trkpt lat="30.62819" lon="104.16906">
        <time>2026-08-03T12:26:28Z</time>
      </trkpt>
      <trkpt lat="30.628223" lon="104.16899">
        <time>2026-08-03T12:26:29Z</time>
      </trkpt>
      <trkpt lat="30.628258" lon="104.168915">
        <time>2026-08-03T12:26:30Z</time>
      </trkpt>
      <trkpt lat="30.628298" lon="104.16885">
        <time>2026-08-03T12:26:31Z</time>
      </trkpt>
      <trkpt lat="30.62834" lon="104.168785">
        <time>2026-08-03T12:26:32Z</time>
      </trkpt>
      <trkpt lat="30.62838" lon="104.16871">
        <time>2026-08-03T12:26:33Z</time>
      </trkpt>
      <trkpt lat="30.628416" lon="104.16864">
        <time>2026-08-03T12:26:34Z</time>
      </trkpt>
      <trkpt lat="30.628447" lon="104.16856">
        <time>2026-08-03T12:26:35Z</time>
      </trkpt>
      <trkpt lat="30.62848" lon="104.16849">
        <time>2026-08-03T12:26:36Z</time>
      </trkpt>
      <trkpt lat="30.628517" lon="104.16841">
        <time>2026-08-03T12:26:37Z</time>
      </trkpt>
      <trkpt lat="30.628551" lon="104.168335">
        <time>2026-08-03T12:26:38Z</time>
      </trkpt>
      <trkpt lat="30.628588" lon="104.16827">
        <time>2026-08-03T12:26:39Z</time>
      </trkpt>
      <trkpt lat="30.628626" lon="104.1682">
        <time>2026-08-03T12:26:40Z</time>
      </trkpt>
      <trkpt lat="30.628666" lon="104.16814">
        <time>2026-08-03T12:26:41Z</time>
      </trkpt>
      <trkpt lat="30.62871" lon="104.16807">
        <time>2026-08-03T12:26:42Z</time>
      </trkpt>
      <trkpt lat="30.628756" lon="104.16801">
        <time>2026-08-03T12:26:43Z</time>
      </trkpt>
      <trkpt lat="30.628796" lon="104.16794">
        <time>2026-08-03T12:26:44Z</time>
      </trkpt>
      <trkpt lat="30.628838" lon="104.16788">
        <time>2026-08-03T12:26:45Z</time>
      </trkpt>
      <trkpt lat="30.628878" lon="104.16782">
        <time>2026-08-03T12:26:46Z</time>
      </trkpt>
      <trkpt lat="30.628923" lon="104.16776">
        <time>2026-08-03T12:26:47Z</time>
      </trkpt>
      <trkpt lat="30.62897" lon="104.167725">
        <time>2026-08-03T12:26:48Z</time>
      </trkpt>
      <trkpt lat="30.629019" lon="104.16769">
        <time>2026-08-03T12:26:49Z</time>
      </trkpt>
      <trkpt lat="30.629059" lon="104.16765">
        <time>2026-08-03T12:26:50Z</time>
      </trkpt>
      <trkpt lat="30.629097" lon="104.16761">
        <time>2026-08-03T12:26:51Z</time>
      </trkpt>
      <trkpt lat="30.629128" lon="104.16758">
        <time>2026-08-03T12:26:52Z</time>
      </trkpt>
      <trkpt lat="30.629152" lon="104.16755">
        <time>2026-08-03T12:26:53Z</time>
      </trkpt>
      <trkpt lat="30.629173" lon="104.16753">
        <time>2026-08-03T12:26:54Z</time>
      </trkpt>
      <trkpt lat="30.629192" lon="104.1675">
        <time>2026-08-03T12:26:55Z</time>
      </trkpt>
      <trkpt lat="30.629204" lon="104.16749">
        <time>2026-08-03T12:26:56Z</time>
      </trkpt>
      <trkpt lat="30.629204" lon="104.16749">
        <time>2026-08-03T12:26:57Z</time>
      </trkpt>
      <trkpt lat="30.629204" lon="104.16749">
        <time>2026-08-03T12:26:58Z</time>
      </trkpt>
      <trkpt lat="30.629204" lon="104.16749">
        <time>2026-08-03T12:26:59Z</time>
      </trkpt>
      <trkpt lat="30.629204" lon="104.16749">
        <time>2026-08-03T12:27:00Z</time>
      </trkpt>
      <trkpt lat="30.629204" lon="104.16749">
        <time>2026-08-03T12:27:01Z</time>
      </trkpt>
      <trkpt lat="30.629204" lon="104.16749">
        <time>2026-08-03T12:27:02Z</time>
      </trkpt>
      <trkpt lat="30.629204" lon="104.16749">
        <time>2026-08-03T12:27:03Z</time>
      </trkpt>
      <trkpt lat="30.629204" lon="104.16749">
        <time>2026-08-03T12:27:04Z</time>
      </trkpt>
      <trkpt lat="30.629204" lon="104.16749">
        <time>2026-08-03T12:27:05Z</time>
      </trkpt>
      <trkpt lat="30.629204" lon="104.16749">
        <time>2026-08-03T12:27:06Z</time>
      </trkpt>
      <trkpt lat="30.629204" lon="104.16749">
        <time>2026-08-03T12:27:07Z</time>
      </trkpt>
      <trkpt lat="30.629204" lon="104.16749">
        <time>2026-08-03T12:27:08Z</time>
      </trkpt>
      <trkpt lat="30.629204" lon="104.16749">
        <time>2026-08-03T12:27:09Z</time>
      </trkpt>
      <trkpt lat="30.629204" lon="104.16749">
        <time>2026-08-03T12:27:10Z</time>
      </trkpt>
      <trkpt lat="30.629204" lon="104.16749">
        <time>2026-08-03T12:27:11Z</time>
      </trkpt>
      <trkpt lat="30.629204" lon="104.16749">
        <time>2026-08-03T12:27:12Z</time>
      </trkpt>
      <trkpt lat="30.629204" lon="104.16749">
        <time>2026-08-03T12:27:13Z</time>
      </trkpt>
      <trkpt lat="30.629204" lon="104.16749">
        <time>2026-08-03T12:27:14Z</time>
      </trkpt>
      <trkpt lat="30.629204" lon="104.16749">
        <time>2026-08-03T12:27:15Z</time>
      </trkpt>
      <trkpt lat="30.629204" lon="104.16749">
        <time>2026-08-03T12:27:16Z</time>
      </trkpt>
      <trkpt lat="30.629204" lon="104.16749">
        <time>2026-08-03T12:27:17Z</time>
      </trkpt>
      <trkpt lat="30.629204" lon="104.16749">
        <time>2026-08-03T12:27:18Z</time>
      </trkpt>
      <trkpt lat="30.629204" lon="104.16749">
        <time>2026-08-03T12:27:19Z</time>
      </trkpt>
      <trkpt lat="30.629204" lon="104.16749">
        <time>2026-08-03T12:27:20Z</time>
      </trkpt>
      <trkpt lat="30.629204" lon="104.16749">
        <time>2026-08-03T12:27:21Z</time>
      </trkpt>
      <trkpt lat="30.629204" lon="104.16749">
        <time>2026-08-03T12:27:22Z</time>
      </trkpt>
      <trkpt lat="30.629204" lon="104.16749">
        <time>2026-08-03T12:27:23Z</time>
      </trkpt>
      <trkpt lat="30.629204" lon="104.16749">
        <time>2026-08-03T12:27:24Z</time>
      </trkpt>
      <trkpt lat="30.629204" lon="104.16749">
        <time>2026-08-03T12:27:25Z</time>
      </trkpt>
      <trkpt lat="30.629204" lon="104.16749">
        <time>2026-08-03T12:27:26Z</time>
      </trkpt>
      <trkpt lat="30.629204" lon="104.16749">
        <time>2026-08-03T12:27:27Z</time>
      </trkpt>
      <trkpt lat="30.629204" lon="104.16749">
        <time>2026-08-03T12:27:28Z</time>
      </trkpt>
      <trkpt lat="30.629204" lon="104.16749">
        <time>2026-08-03T12:27:29Z</time>
      </trkpt>
      <trkpt lat="30.629204" lon="104.16749">
        <time>2026-08-03T12:27:30Z</time>
      </trkpt>
      <trkpt lat="30.629204" lon="104.16749">
        <time>2026-08-03T12:27:31Z</time>
      </trkpt>
      <trkpt lat="30.629204" lon="104.16749">
        <time>2026-08-03T12:27:32Z</time>
      </trkpt>
      <trkpt lat="30.629204" lon="104.16749">
        <time>2026-08-03T12:27:33Z</time>
      </trkpt>
      <trkpt lat="30.629204" lon="104.16749">
        <time>2026-08-03T12:27:34Z</time>
      </trkpt>
      <trkpt lat="30.629204" lon="104.16749">
        <time>2026-08-03T12:27:35Z</time>
      </trkpt>
      <trkpt lat="30.629204" lon="104.16749">
        <time>2026-08-03T12:27:36Z</time>
      </trkpt>
      <trkpt lat="30.629204" lon="104.16749">
        <time>2026-08-03T12:27:37Z</time>
      </trkpt>
      <trkpt lat="30.629204" lon="104.16749">
        <time>2026-08-03T12:27:38Z</time>
      </trkpt>
      <trkpt lat="30.629204" lon="104.16749">
        <time>2026-08-03T12:27:39Z</time>
      </trkpt>
      <trkpt lat="30.629204" lon="104.16749">
        <time>2026-08-03T12:27:40Z</time>
      </trkpt>
      <trkpt lat="30.629204" lon="104.16749">
        <time>2026-08-03T12:27:41Z</time>
      </trkpt>
      <trkpt lat="30.629204" lon="104.16749">
        <time>2026-08-03T12:27:42Z</time>
      </trkpt>
      <trkpt lat="30.629204" lon="104.16749">
        <time>2026-08-03T12:27:43Z</time>
      </trkpt>
      <trkpt lat="30.629204" lon="104.16749">
        <time>2026-08-03T12:27:44Z</time>
      </trkpt>
      <trkpt lat="30.629204" lon="104.16749">
        <time>2026-08-03T12:27:45Z</time>
      </trkpt>
      <trkpt lat="30.629204" lon="104.16749">
        <time>2026-08-03T12:27:46Z</time>
      </trkpt>
      <trkpt lat="30.629211" lon="104.16747">
        <time>2026-08-03T12:27:47Z</time>
      </trkpt>
      <trkpt lat="30.629232" lon="104.16745">
        <time>2026-08-03T12:27:48Z</time>
      </trkpt>
      <trkpt lat="30.629255" lon="104.16742">
        <time>2026-08-03T12:27:49Z</time>
      </trkpt>
      <trkpt lat="30.629278" lon="104.16739">
        <time>2026-08-03T12:27:50Z</time>
      </trkpt>
      <trkpt lat="30.629307" lon="104.16734">
        <time>2026-08-03T12:27:51Z</time>
      </trkpt>
      <trkpt lat="30.629335" lon="104.1673">
        <time>2026-08-03T12:27:52Z</time>
      </trkpt>
      <trkpt lat="30.629362" lon="104.16725">
        <time>2026-08-03T12:27:53Z</time>
      </trkpt>
      <trkpt lat="30.629389" lon="104.167206">
        <time>2026-08-03T12:27:54Z</time>
      </trkpt>
      <trkpt lat="30.629412" lon="104.16717">
        <time>2026-08-03T12:27:55Z</time>
      </trkpt>
      <trkpt lat="30.629436" lon="104.16712">
        <time>2026-08-03T12:27:56Z</time>
      </trkpt>
      <trkpt lat="30.62946" lon="104.16708">
        <time>2026-08-03T12:27:57Z</time>
      </trkpt>
      <trkpt lat="30.62949" lon="104.16704">
        <time>2026-08-03T12:27:58Z</time>
      </trkpt>
      <trkpt lat="30.629524" lon="104.16698">
        <time>2026-08-03T12:27:59Z</time>
      </trkpt>
      <trkpt lat="30.629559" lon="104.166916">
        <time>2026-08-03T12:28:00Z</time>
      </trkpt>
      <trkpt lat="30.62959" lon="104.166855">
        <time>2026-08-03T12:28:01Z</time>
      </trkpt>
      <trkpt lat="30.629622" lon="104.16678">
        <time>2026-08-03T12:28:02Z</time>
      </trkpt>
      <trkpt lat="30.629642" lon="104.1667">
        <time>2026-08-03T12:28:03Z</time>
      </trkpt>
      <trkpt lat="30.629656" lon="104.16661">
        <time>2026-08-03T12:28:04Z</time>
      </trkpt>
      <trkpt lat="30.629677" lon="104.166534">
        <time>2026-08-03T12:28:05Z</time>
      </trkpt>
      <trkpt lat="30.6297" lon="104.16645">
        <time>2026-08-03T12:28:06Z</time>
      </trkpt>
      <trkpt lat="30.62972" lon="104.16637">
        <time>2026-08-03T12:28:07Z</time>
      </trkpt>
      <trkpt lat="30.62974" lon="104.16628">
        <time>2026-08-03T12:28:08Z</time>
      </trkpt>
      <trkpt lat="30.629763" lon="104.1662">
        <time>2026-08-03T12:28:09Z</time>
      </trkpt>
      <trkpt lat="30.62979" lon="104.166115">
        <time>2026-08-03T12:28:10Z</time>
      </trkpt>
      <trkpt lat="30.629818" lon="104.16603">
        <time>2026-08-03T12:28:11Z</time>
      </trkpt>
      <trkpt lat="30.629845" lon="104.16594">
        <time>2026-08-03T12:28:12Z</time>
      </trkpt>
      <trkpt lat="30.62987" lon="104.165855">
        <time>2026-08-03T12:28:13Z</time>
      </trkpt>
      <trkpt lat="30.6299" lon="104.16576">
        <time>2026-08-03T12:28:14Z</time>
      </trkpt>
      <trkpt lat="30.629927" lon="104.165665">
        <time>2026-08-03T12:28:15Z</time>
      </trkpt>
      <trkpt lat="30.629961" lon="104.16558">
        <time>2026-08-03T12:28:16Z</time>
      </trkpt>
      <trkpt lat="30.630001" lon="104.1655">
        <time>2026-08-03T12:28:17Z</time>
      </trkpt>
      <trkpt lat="30.63004" lon="104.16542">
        <time>2026-08-03T12:28:18Z</time>
      </trkpt>
      <trkpt lat="30.630087" lon="104.16534">
        <time>2026-08-03T12:28:19Z</time>
      </trkpt>
      <trkpt lat="30.63013" lon="104.16525">
        <time>2026-08-03T12:28:20Z</time>
      </trkpt>
      <trkpt lat="30.630165" lon="104.16518">
        <time>2026-08-03T12:28:21Z</time>
      </trkpt>
      <trkpt lat="30.630196" lon="104.1651">
        <time>2026-08-03T12:28:22Z</time>
      </trkpt>
      <trkpt lat="30.630236" lon="104.165">
        <time>2026-08-03T12:28:23Z</time>
      </trkpt>
      <trkpt lat="30.630276" lon="104.16491">
        <time>2026-08-03T12:28:24Z</time>
      </trkpt>
      <trkpt lat="30.63032" lon="104.164825">
        <time>2026-08-03T12:28:25Z</time>
      </trkpt>
      <trkpt lat="30.630362" lon="104.16473">
        <time>2026-08-03T12:28:26Z</time>
      </trkpt>
      <trkpt lat="30.630404" lon="104.164635">
        <time>2026-08-03T12:28:27Z</time>
      </trkpt>
      <trkpt lat="30.630445" lon="104.16454">
        <time>2026-08-03T12:28:28Z</time>
      </trkpt>
      <trkpt lat="30.630487" lon="104.16446">
        <time>2026-08-03T12:28:29Z</time>
      </trkpt>
      <trkpt lat="30.63053" lon="104.164375">
        <time>2026-08-03T12:28:30Z</time>
      </trkpt>
      <trkpt lat="30.63057" lon="104.16429">
        <time>2026-08-03T12:28:31Z</time>
      </trkpt>
      <trkpt lat="30.63061" lon="104.16421">
        <time>2026-08-03T12:28:32Z</time>
      </trkpt>
      <trkpt lat="30.630651" lon="104.16412">
        <time>2026-08-03T12:28:33Z</time>
      </trkpt>
      <trkpt lat="30.63069" lon="104.16404">
        <time>2026-08-03T12:28:34Z</time>
      </trkpt>
      <trkpt lat="30.630726" lon="104.16396">
        <time>2026-08-03T12:28:35Z</time>
      </trkpt>
      <trkpt lat="30.630764" lon="104.16389">
        <time>2026-08-03T12:28:36Z</time>
      </trkpt>
      <trkpt lat="30.630798" lon="104.16381">
        <time>2026-08-03T12:28:37Z</time>
      </trkpt>
      <trkpt lat="30.63083" lon="104.163734">
        <time>2026-08-03T12:28:38Z</time>
      </trkpt>
      <trkpt lat="30.630863" lon="104.16366">
        <time>2026-08-03T12:28:39Z</time>
      </trkpt>
      <trkpt lat="30.630898" lon="104.16358">
        <time>2026-08-03T12:28:40Z</time>
      </trkpt>
      <trkpt lat="30.630926" lon="104.16351">
        <time>2026-08-03T12:28:41Z</time>
      </trkpt>
      <trkpt lat="30.630959" lon="104.16344">
        <time>2026-08-03T12:28:42Z</time>
      </trkpt>
      <trkpt lat="30.630993" lon="104.16336">
        <time>2026-08-03T12:28:43Z</time>
      </trkpt>
      <trkpt lat="30.63103" lon="104.16329">
        <time>2026-08-03T12:28:44Z</time>
      </trkpt>
      <trkpt lat="30.631063" lon="104.163216">
        <time>2026-08-03T12:28:45Z</time>
      </trkpt>
      <trkpt lat="30.631096" lon="104.16314">
        <time>2026-08-03T12:28:46Z</time>
      </trkpt>
      <trkpt lat="30.63113" lon="104.16307">
        <time>2026-08-03T12:28:47Z</time>
      </trkpt>
      <trkpt lat="30.63116" lon="104.162994">
        <time>2026-08-03T12:28:48Z</time>
      </trkpt>
      <trkpt lat="30.631195" lon="104.162926">
        <time>2026-08-03T12:28:49Z</time>
      </trkpt>
      <trkpt lat="30.631227" lon="104.16286">
        <time>2026-08-03T12:28:50Z</time>
      </trkpt>
      <trkpt lat="30.631262" lon="104.16279">
        <time>2026-08-03T12:28:51Z</time>
      </trkpt>
      <trkpt lat="30.631294" lon="104.16272">
        <time>2026-08-03T12:28:52Z</time>
      </trkpt>
      <trkpt lat="30.631325" lon="104.16265">
        <time>2026-08-03T12:28:53Z</time>
      </trkpt>
      <trkpt lat="30.631357" lon="104.16258">
        <time>2026-08-03T12:28:54Z</time>
      </trkpt>
      <trkpt lat="30.631388" lon="104.16252">
        <time>2026-08-03T12:28:55Z</time>
      </trkpt>
      <trkpt lat="30.631418" lon="104.16245">
        <time>2026-08-03T12:28:56Z</time>
      </trkpt>
      <trkpt lat="30.631449" lon="104.162384">
        <time>2026-08-03T12:28:57Z</time>
      </trkpt>
      <trkpt lat="30.63148" lon="104.16232">
        <time>2026-08-03T12:28:58Z</time>
      </trkpt>
      <trkpt lat="30.631508" lon="104.162254">
        <time>2026-08-03T12:28:59Z</time>
      </trkpt>
      <trkpt lat="30.631536" lon="104.16219">
        <time>2026-08-03T12:29:00Z</time>
      </trkpt>
      <trkpt lat="30.631569" lon="104.162125">
        <time>2026-08-03T12:29:01Z</time>
      </trkpt>
      <trkpt lat="30.631601" lon="104.16206">
        <time>2026-08-03T12:29:02Z</time>
      </trkpt>
      <trkpt lat="30.63163" lon="104.162">
        <time>2026-08-03T12:29:03Z</time>
      </trkpt>
      <trkpt lat="30.631662" lon="104.16194">
        <time>2026-08-03T12:29:04Z</time>
      </trkpt>
      <trkpt lat="30.6317" lon="104.16189">
        <time>2026-08-03T12:29:05Z</time>
      </trkpt>
      <trkpt lat="30.631735" lon="104.16183">
        <time>2026-08-03T12:29:06Z</time>
      </trkpt>
      <trkpt lat="30.63177" lon="104.16177">
        <time>2026-08-03T12:29:07Z</time>
      </trkpt>
      <trkpt lat="30.6318" lon="104.16171">
        <time>2026-08-03T12:29:08Z</time>
      </trkpt>
      <trkpt lat="30.631828" lon="104.16165">
        <time>2026-08-03T12:29:09Z</time>
      </trkpt>
      <trkpt lat="30.63186" lon="104.1616">
        <time>2026-08-03T12:29:10Z</time>
      </trkpt>
      <trkpt lat="30.631891" lon="104.16154">
        <time>2026-08-03T12:29:11Z</time>
      </trkpt>
      <trkpt lat="30.631924" lon="104.161476">
        <time>2026-08-03T12:29:12Z</time>
      </trkpt>
      <trkpt lat="30.631954" lon="104.161415">
        <time>2026-08-03T12:29:13Z</time>
      </trkpt>
      <trkpt lat="30.631985" lon="104.161354">
        <time>2026-08-03T12:29:14Z</time>
      </trkpt>
      <trkpt lat="30.632015" lon="104.16129">
        <time>2026-08-03T12:29:15Z</time>
      </trkpt>
      <trkpt lat="30.632044" lon="104.16123">
        <time>2026-08-03T12:29:16Z</time>
      </trkpt>
      <trkpt lat="30.632076" lon="104.16118">
        <time>2026-08-03T12:29:17Z</time>
      </trkpt>
      <trkpt lat="30.63211" lon="104.161125">
        <time>2026-08-03T12:29:18Z</time>
      </trkpt>
      <trkpt lat="30.632145" lon="104.16107">
        <time>2026-08-03T12:29:19Z</time>
      </trkpt>
      <trkpt lat="30.63218" lon="104.16101">
        <time>2026-08-03T12:29:20Z</time>
      </trkpt>
      <trkpt lat="30.63221" lon="104.16096">
        <time>2026-08-03T12:29:21Z</time>
      </trkpt>
      <trkpt lat="30.63224" lon="104.1609">
        <time>2026-08-03T12:29:22Z</time>
      </trkpt>
      <trkpt lat="30.63227" lon="104.160835">
        <time>2026-08-03T12:29:23Z</time>
      </trkpt>
      <trkpt lat="30.6323" lon="104.160774">
        <time>2026-08-03T12:29:24Z</time>
      </trkpt>
      <trkpt lat="30.632328" lon="104.16071">
        <time>2026-08-03T12:29:25Z</time>
      </trkpt>
      <trkpt lat="30.632357" lon="104.160645">
        <time>2026-08-03T12:29:26Z</time>
      </trkpt>
      <trkpt lat="30.63238" lon="104.16058">
        <time>2026-08-03T12:29:27Z</time>
      </trkpt>
      <trkpt lat="30.632404" lon="104.160515">
        <time>2026-08-03T12:29:28Z</time>
      </trkpt>
      <trkpt lat="30.632435" lon="104.16045">
        <time>2026-08-03T12:29:29Z</time>
      </trkpt>
      <trkpt lat="30.632467" lon="104.16039">
        <time>2026-08-03T12:29:30Z</time>
      </trkpt>
      <trkpt lat="30.632498" lon="104.16033">
        <time>2026-08-03T12:29:31Z</time>
      </trkpt>
      <trkpt lat="30.632528" lon="104.16026">
        <time>2026-08-03T12:29:32Z</time>
      </trkpt>
      <trkpt lat="30.632559" lon="104.1602">
        <time>2026-08-03T12:29:33Z</time>
      </trkpt>
      <trkpt lat="30.632587" lon="104.16014">
        <time>2026-08-03T12:29:34Z</time>
      </trkpt>
      <trkpt lat="30.632618" lon="104.16007">
        <time>2026-08-03T12:29:35Z</time>
      </trkpt>
      <trkpt lat="30.632648" lon="104.16001">
        <time>2026-08-03T12:29:36Z</time>
      </trkpt>
      <trkpt lat="30.63268" lon="104.15994">
        <time>2026-08-03T12:29:37Z</time>
      </trkpt>
      <trkpt lat="30.63271" lon="104.15988">
        <time>2026-08-03T12:29:38Z</time>
      </trkpt>
      <trkpt lat="30.632744" lon="104.15981">
        <time>2026-08-03T12:29:39Z</time>
      </trkpt>
      <trkpt lat="30.632772" lon="104.15975">
        <time>2026-08-03T12:29:40Z</time>
      </trkpt>
      <trkpt lat="30.632805" lon="104.15968">
        <time>2026-08-03T12:29:41Z</time>
      </trkpt>
      <trkpt lat="30.632835" lon="104.159615">
        <time>2026-08-03T12:29:42Z</time>
      </trkpt>
      <trkpt lat="30.632864" lon="104.159546">
        <time>2026-08-03T12:29:43Z</time>
      </trkpt>
      <trkpt lat="30.632895" lon="104.15948">
        <time>2026-08-03T12:29:44Z</time>
      </trkpt>
      <trkpt lat="30.632927" lon="104.15941">
        <time>2026-08-03T12:29:45Z</time>
      </trkpt>
      <trkpt lat="30.63296" lon="104.15933">
        <time>2026-08-03T12:29:46Z</time>
      </trkpt>
      <trkpt lat="30.632994" lon="104.15926">
        <time>2026-08-03T12:29:47Z</time>
      </trkpt>
      <trkpt lat="30.633026" lon="104.15919">
        <time>2026-08-03T12:29:48Z</time>
      </trkpt>
      <trkpt lat="30.63306" lon="104.15912">
        <time>2026-08-03T12:29:49Z</time>
      </trkpt>
      <trkpt lat="30.633095" lon="104.15904">
        <time>2026-08-03T12:29:50Z</time>
      </trkpt>
      <trkpt lat="30.633131" lon="104.158966">
        <time>2026-08-03T12:29:51Z</time>
      </trkpt>
      <trkpt lat="30.633165" lon="104.15889">
        <time>2026-08-03T12:29:52Z</time>
      </trkpt>
      <trkpt lat="30.6332" lon="104.15881">
        <time>2026-08-03T12:29:53Z</time>
      </trkpt>
      <trkpt lat="30.633236" lon="104.158745">
        <time>2026-08-03T12:29:54Z</time>
      </trkpt>
      <trkpt lat="30.633274" lon="104.15867">
        <time>2026-08-03T12:29:55Z</time>
      </trkpt>
      <trkpt lat="30.633308" lon="104.15859">
        <time>2026-08-03T12:29:56Z</time>
      </trkpt>
      <trkpt lat="30.633345" lon="104.158516">
        <time>2026-08-03T12:29:57Z</time>
      </trkpt>
      <trkpt lat="30.633377" lon="104.15845">
        <time>2026-08-03T12:29:58Z</time>
      </trkpt>
      <trkpt lat="30.633408" lon="104.15836">
        <time>2026-08-03T12:29:59Z</time>
      </trkpt>
      <trkpt lat="30.633444" lon="104.15829">
        <time>2026-08-03T12:30:00Z</time>
      </trkpt>
      <trkpt lat="30.633478" lon="104.15822">
        <time>2026-08-03T12:30:01Z</time>
      </trkpt>
      <trkpt lat="30.633512" lon="104.15815">
        <time>2026-08-03T12:30:02Z</time>
      </trkpt>
      <trkpt lat="30.633547" lon="104.15807">
        <time>2026-08-03T12:30:03Z</time>
      </trkpt>
      <trkpt lat="30.63358" lon="104.158005">
        <time>2026-08-03T12:30:04Z</time>
      </trkpt>
      <trkpt lat="30.633608" lon="104.15794">
        <time>2026-08-03T12:30:05Z</time>
      </trkpt>
      <trkpt lat="30.633642" lon="104.157875">
        <time>2026-08-03T12:30:06Z</time>
      </trkpt>
      <trkpt lat="30.63367" lon="104.157814">
        <time>2026-08-03T12:30:07Z</time>
      </trkpt>
      <trkpt lat="30.633705" lon="104.15774">
        <time>2026-08-03T12:30:08Z</time>
      </trkpt>
      <trkpt lat="30.633738" lon="104.15767">
        <time>2026-08-03T12:30:09Z</time>
      </trkpt>
      <trkpt lat="30.633774" lon="104.15759">
        <time>2026-08-03T12:30:10Z</time>
      </trkpt>
      <trkpt lat="30.633804" lon="104.15753">
        <time>2026-08-03T12:30:11Z</time>
      </trkpt>
      <trkpt lat="30.633839" lon="104.15746">
        <time>2026-08-03T12:30:12Z</time>
      </trkpt>
      <trkpt lat="30.63387" lon="104.1574">
        <time>2026-08-03T12:30:13Z</time>
      </trkpt>
      <trkpt lat="30.6339" lon="104.15734">
        <time>2026-08-03T12:30:14Z</time>
      </trkpt>
      <trkpt lat="30.633923" lon="104.15728">
        <time>2026-08-03T12:30:15Z</time>
      </trkpt>
      <trkpt lat="30.633944" lon="104.15721">
        <time>2026-08-03T12:30:16Z</time>
      </trkpt>
      <trkpt lat="30.633968" lon="104.15715">
        <time>2026-08-03T12:30:17Z</time>
      </trkpt>
      <trkpt lat="30.633993" lon="104.15709">
        <time>2026-08-03T12:30:18Z</time>
      </trkpt>
      <trkpt lat="30.634016" lon="104.157036">
        <time>2026-08-03T12:30:19Z</time>
      </trkpt>
      <trkpt lat="30.634039" lon="104.15698">
        <time>2026-08-03T12:30:20Z</time>
      </trkpt>
      <trkpt lat="30.634058" lon="104.15693">
        <time>2026-08-03T12:30:21Z</time>
      </trkpt>
      <trkpt lat="30.634077" lon="104.156876">
        <time>2026-08-03T12:30:22Z</time>
      </trkpt>
      <trkpt lat="30.634094" lon="104.15682">
        <time>2026-08-03T12:30:23Z</time>
      </trkpt>
      <trkpt lat="30.63411" lon="104.15677">
        <time>2026-08-03T12:30:24Z</time>
      </trkpt>
      <trkpt lat="30.634123" lon="104.15672">
        <time>2026-08-03T12:30:25Z</time>
      </trkpt>
      <trkpt lat="30.634144" lon="104.156685">
        <time>2026-08-03T12:30:26Z</time>
      </trkpt>
      <trkpt lat="30.63416" lon="104.15664">
        <time>2026-08-03T12:30:27Z</time>
      </trkpt>
      <trkpt lat="30.634176" lon="104.15659">
        <time>2026-08-03T12:30:28Z</time>
      </trkpt>
      <trkpt lat="30.634193" lon="104.15654">
        <time>2026-08-03T12:30:29Z</time>
      </trkpt>
      <trkpt lat="30.634212" lon="104.156494">
        <time>2026-08-03T12:30:30Z</time>
      </trkpt>
      <trkpt lat="30.63423" lon="104.15645">
        <time>2026-08-03T12:30:31Z</time>
      </trkpt>
      <trkpt lat="30.634249" lon="104.156395">
        <time>2026-08-03T12:30:32Z</time>
      </trkpt>
      <trkpt lat="30.634266" lon="104.156334">
        <time>2026-08-03T12:30:33Z</time>
      </trkpt>
      <trkpt lat="30.634283" lon="104.15627">
        <time>2026-08-03T12:30:34Z</time>
      </trkpt>
      <trkpt lat="30.634302" lon="104.15621">
        <time>2026-08-03T12:30:35Z</time>
      </trkpt>
      <trkpt lat="30.634323" lon="104.15616">
        <time>2026-08-03T12:30:36Z</time>
      </trkpt>
      <trkpt lat="30.634346" lon="104.156105">
        <time>2026-08-03T12:30:37Z</time>
      </trkpt>
      <trkpt lat="30.63437" lon="104.156044">
        <time>2026-08-03T12:30:38Z</time>
      </trkpt>
      <trkpt lat="30.634392" lon="104.15599">
        <time>2026-08-03T12:30:39Z</time>
      </trkpt>
      <trkpt lat="30.63441" lon="104.15594">
        <time>2026-08-03T12:30:40Z</time>
      </trkpt>
      <trkpt lat="30.63443" lon="104.15588">
        <time>2026-08-03T12:30:41Z</time>
      </trkpt>
      <trkpt lat="30.63445" lon="104.15583">
        <time>2026-08-03T12:30:42Z</time>
      </trkpt>
      <trkpt lat="30.634474" lon="104.15578">
        <time>2026-08-03T12:30:43Z</time>
      </trkpt>
      <trkpt lat="30.634493" lon="104.15573">
        <time>2026-08-03T12:30:44Z</time>
      </trkpt>
      <trkpt lat="30.63452" lon="104.15567">
        <time>2026-08-03T12:30:45Z</time>
      </trkpt>
      <trkpt lat="30.634542" lon="104.1556">
        <time>2026-08-03T12:30:46Z</time>
      </trkpt>
      <trkpt lat="30.63457" lon="104.15555">
        <time>2026-08-03T12:30:47Z</time>
      </trkpt>
      <trkpt lat="30.634592" lon="104.15549">
        <time>2026-08-03T12:30:48Z</time>
      </trkpt>
      <trkpt lat="30.634617" lon="104.15542">
        <time>2026-08-03T12:30:49Z</time>
      </trkpt>
      <trkpt lat="30.634644" lon="104.15536">
        <time>2026-08-03T12:30:50Z</time>
      </trkpt>
      <trkpt lat="30.634666" lon="104.1553">
        <time>2026-08-03T12:30:51Z</time>
      </trkpt>
      <trkpt lat="30.634691" lon="104.15524">
        <time>2026-08-03T12:30:52Z</time>
      </trkpt>
      <trkpt lat="30.634714" lon="104.15518">
        <time>2026-08-03T12:30:53Z</time>
      </trkpt>
      <trkpt lat="30.634739" lon="104.15513">
        <time>2026-08-03T12:30:54Z</time>
      </trkpt>
      <trkpt lat="30.63476" lon="104.155075">
        <time>2026-08-03T12:30:55Z</time>
      </trkpt>
      <trkpt lat="30.634783" lon="104.15503">
        <time>2026-08-03T12:30:56Z</time>
      </trkpt>
      <trkpt lat="30.634808" lon="104.15498">
        <time>2026-08-03T12:30:57Z</time>
      </trkpt>
      <trkpt lat="30.634832" lon="104.15494">
        <time>2026-08-03T12:30:58Z</time>
      </trkpt>
      <trkpt lat="30.634857" lon="104.1549">
        <time>2026-08-03T12:30:59Z</time>
      </trkpt>
      <trkpt lat="30.634876" lon="104.154854">
        <time>2026-08-03T12:31:00Z</time>
      </trkpt>
      <trkpt lat="30.634897" lon="104.15481">
        <time>2026-08-03T12:31:01Z</time>
      </trkpt>
      <trkpt lat="30.634912" lon="104.15476">
        <time>2026-08-03T12:31:02Z</time>
      </trkpt>
      <trkpt lat="30.634926" lon="104.15471">
        <time>2026-08-03T12:31:03Z</time>
      </trkpt>
      <trkpt lat="30.63494" lon="104.15467">
        <time>2026-08-03T12:31:04Z</time>
      </trkpt>
      <trkpt lat="30.634954" lon="104.154625">
        <time>2026-08-03T12:31:05Z</time>
      </trkpt>
      <trkpt lat="30.634977" lon="104.154564">
        <time>2026-08-03T12:31:06Z</time>
      </trkpt>
      <trkpt lat="30.634998" lon="104.15451">
        <time>2026-08-03T12:31:07Z</time>
      </trkpt>
      <trkpt lat="30.63502" lon="104.15446">
        <time>2026-08-03T12:31:08Z</time>
      </trkpt>
      <trkpt lat="30.635044" lon="104.15441">
        <time>2026-08-03T12:31:09Z</time>
      </trkpt>
      <trkpt lat="30.635063" lon="104.154366">
        <time>2026-08-03T12:31:10Z</time>
      </trkpt>
      <trkpt lat="30.635084" lon="104.154305">
        <time>2026-08-03T12:31:11Z</time>
      </trkpt>
      <trkpt lat="30.635105" lon="104.15425">
        <time>2026-08-03T12:31:12Z</time>
      </trkpt>
      <trkpt lat="30.635124" lon="104.1542">
        <time>2026-08-03T12:31:13Z</time>
      </trkpt>
      <trkpt lat="30.635145" lon="104.154144">
        <time>2026-08-03T12:31:14Z</time>
      </trkpt>
      <trkpt lat="30.635164" lon="104.15409">
        <time>2026-08-03T12:31:15Z</time>
      </trkpt>
      <trkpt lat="30.635185" lon="104.15404">
        <time>2026-08-03T12:31:16Z</time>
      </trkpt>
      <trkpt lat="30.635206" lon="104.153984">
        <time>2026-08-03T12:31:17Z</time>
      </trkpt>
      <trkpt lat="30.635227" lon="104.15394">
        <time>2026-08-03T12:31:18Z</time>
      </trkpt>
      <trkpt lat="30.635246" lon="104.153885">
        <time>2026-08-03T12:31:19Z</time>
      </trkpt>
      <trkpt lat="30.635265" lon="104.15383">
        <time>2026-08-03T12:31:20Z</time>
      </trkpt>
      <trkpt lat="30.635283" lon="104.15378">
        <time>2026-08-03T12:31:21Z</time>
      </trkpt>
      <trkpt lat="30.635296" lon="104.153725">
        <time>2026-08-03T12:31:22Z</time>
      </trkpt>
      <trkpt lat="30.63531" lon="104.15368">
        <time>2026-08-03T12:31:23Z</time>
      </trkpt>
      <trkpt lat="30.635323" lon="104.153625">
        <time>2026-08-03T12:31:24Z</time>
      </trkpt>
      <trkpt lat="30.63534" lon="104.15358">
        <time>2026-08-03T12:31:25Z</time>
      </trkpt>
      <trkpt lat="30.635363" lon="104.153534">
        <time>2026-08-03T12:31:26Z</time>
      </trkpt>
      <trkpt lat="30.635391" lon="104.15349">
        <time>2026-08-03T12:31:27Z</time>
      </trkpt>
      <trkpt lat="30.635414" lon="104.153435">
        <time>2026-08-03T12:31:28Z</time>
      </trkpt>
      <trkpt lat="30.635439" lon="104.15337">
        <time>2026-08-03T12:31:29Z</time>
      </trkpt>
      <trkpt lat="30.635458" lon="104.15332">
        <time>2026-08-03T12:31:30Z</time>
      </trkpt>
      <trkpt lat="30.63548" lon="104.15326">
        <time>2026-08-03T12:31:31Z</time>
      </trkpt>
      <trkpt lat="30.635508" lon="104.1532">
        <time>2026-08-03T12:31:32Z</time>
      </trkpt>
      <trkpt lat="30.635534" lon="104.15313">
        <time>2026-08-03T12:31:33Z</time>
      </trkpt>
      <trkpt lat="30.635569" lon="104.15306">
        <time>2026-08-03T12:31:34Z</time>
      </trkpt>
      <trkpt lat="30.635603" lon="104.15299">
        <time>2026-08-03T12:31:35Z</time>
      </trkpt>
      <trkpt lat="30.63564" lon="104.15292">
        <time>2026-08-03T12:31:36Z</time>
      </trkpt>
      <trkpt lat="30.635672" lon="104.15285">
        <time>2026-08-03T12:31:37Z</time>
      </trkpt>
      <trkpt lat="30.635708" lon="104.15276">
        <time>2026-08-03T12:31:38Z</time>
      </trkpt>
      <trkpt lat="30.635742" lon="104.15269">
        <time>2026-08-03T12:31:39Z</time>
      </trkpt>
      <trkpt lat="30.635775" lon="104.1526">
        <time>2026-08-03T12:31:40Z</time>
      </trkpt>
      <trkpt lat="30.635809" lon="104.15251">
        <time>2026-08-03T12:31:41Z</time>
      </trkpt>
      <trkpt lat="30.635843" lon="104.15241">
        <time>2026-08-03T12:31:42Z</time>
      </trkpt>
      <trkpt lat="30.635874" lon="104.15231">
        <time>2026-08-03T12:31:43Z</time>
      </trkpt>
      <trkpt lat="30.63591" lon="104.15222">
        <time>2026-08-03T12:31:44Z</time>
      </trkpt>
      <trkpt lat="30.635946" lon="104.152115">
        <time>2026-08-03T12:31:45Z</time>
      </trkpt>
      <trkpt lat="30.63599" lon="104.15201">
        <time>2026-08-03T12:31:46Z</time>
      </trkpt>
      <trkpt lat="30.636034" lon="104.1519">
        <time>2026-08-03T12:31:47Z</time>
      </trkpt>
      <trkpt lat="30.636078" lon="104.1518">
        <time>2026-08-03T12:31:48Z</time>
      </trkpt>
      <trkpt lat="30.636127" lon="104.151695">
        <time>2026-08-03T12:31:49Z</time>
      </trkpt>
      <trkpt lat="30.636187" lon="104.1516">
        <time>2026-08-03T12:31:50Z</time>
      </trkpt>
      <trkpt lat="30.636246" lon="104.15151">
        <time>2026-08-03T12:31:51Z</time>
      </trkpt>
      <trkpt lat="30.6363" lon="104.15142">
        <time>2026-08-03T12:31:52Z</time>
      </trkpt>
      <trkpt lat="30.63635" lon="104.15132">
        <time>2026-08-03T12:31:53Z</time>
      </trkpt>
      <trkpt lat="30.636398" lon="104.15122">
        <time>2026-08-03T12:31:54Z</time>
      </trkpt>
      <trkpt lat="30.636446" lon="104.15112">
        <time>2026-08-03T12:31:55Z</time>
      </trkpt>
      <trkpt lat="30.636494" lon="104.15103">
        <time>2026-08-03T12:31:56Z</time>
      </trkpt>
      <trkpt lat="30.636538" lon="104.15093">
        <time>2026-08-03T12:31:57Z</time>
      </trkpt>
      <trkpt lat="30.636585" lon="104.15084">
        <time>2026-08-03T12:31:58Z</time>
      </trkpt>
      <trkpt lat="30.63663" lon="104.15074">
        <time>2026-08-03T12:31:59Z</time>
      </trkpt>
      <trkpt lat="30.636673" lon="104.15065">
        <time>2026-08-03T12:32:00Z</time>
      </trkpt>
      <trkpt lat="30.636715" lon="104.15056">
        <time>2026-08-03T12:32:01Z</time>
      </trkpt>
      <trkpt lat="30.636755" lon="104.150475">
        <time>2026-08-03T12:32:02Z</time>
      </trkpt>
      <trkpt lat="30.636787" lon="104.15038">
        <time>2026-08-03T12:32:03Z</time>
      </trkpt>
      <trkpt lat="30.636814" lon="104.15031">
        <time>2026-08-03T12:32:04Z</time>
      </trkpt>
      <trkpt lat="30.636847" lon="104.15024">
        <time>2026-08-03T12:32:05Z</time>
      </trkpt>
      <trkpt lat="30.636868" lon="104.150185">
        <time>2026-08-03T12:32:06Z</time>
      </trkpt>
      <trkpt lat="30.636892" lon="104.15013">
        <time>2026-08-03T12:32:07Z</time>
      </trkpt>
      <trkpt lat="30.636908" lon="104.15008">
        <time>2026-08-03T12:32:08Z</time>
      </trkpt>
      <trkpt lat="30.636925" lon="104.15002">
        <time>2026-08-03T12:32:09Z</time>
      </trkpt>
      <trkpt lat="30.636944" lon="104.14995">
        <time>2026-08-03T12:32:10Z</time>
      </trkpt>
      <trkpt lat="30.63696" lon="104.14988">
        <time>2026-08-03T12:32:11Z</time>
      </trkpt>
      <trkpt lat="30.636976" lon="104.1498">
        <time>2026-08-03T12:32:12Z</time>
      </trkpt>
      <trkpt lat="30.636997" lon="104.149734">
        <time>2026-08-03T12:32:13Z</time>
      </trkpt>
      <trkpt lat="30.637026" lon="104.14966">
        <time>2026-08-03T12:32:14Z</time>
      </trkpt>
      <trkpt lat="30.637058" lon="104.14959">
        <time>2026-08-03T12:32:15Z</time>
      </trkpt>
      <trkpt lat="30.637093" lon="104.149506">
        <time>2026-08-03T12:32:16Z</time>
      </trkpt>
      <trkpt lat="30.637123" lon="104.14943">
        <time>2026-08-03T12:32:17Z</time>
      </trkpt>
      <trkpt lat="30.637154" lon="104.14936">
        <time>2026-08-03T12:32:18Z</time>
      </trkpt>
      <trkpt lat="30.63719" lon="104.14927">
        <time>2026-08-03T12:32:19Z</time>
      </trkpt>
      <trkpt lat="30.637234" lon="104.14919">
        <time>2026-08-03T12:32:20Z</time>
      </trkpt>
      <trkpt lat="30.63729" lon="104.14912">
        <time>2026-08-03T12:32:21Z</time>
      </trkpt>
      <trkpt lat="30.637362" lon="104.14906">
        <time>2026-08-03T12:32:22Z</time>
      </trkpt>
      <trkpt lat="30.637436" lon="104.14901">
        <time>2026-08-03T12:32:23Z</time>
      </trkpt>
      <trkpt lat="30.63751" lon="104.14894">
        <time>2026-08-03T12:32:24Z</time>
      </trkpt>
      <trkpt lat="30.63759" lon="104.14889">
        <time>2026-08-03T12:32:25Z</time>
      </trkpt>
      <trkpt lat="30.637665" lon="104.14882">
        <time>2026-08-03T12:32:26Z</time>
      </trkpt>
      <trkpt lat="30.637745" lon="104.14875">
        <time>2026-08-03T12:32:27Z</time>
      </trkpt>
      <trkpt lat="30.63782" lon="104.1487">
        <time>2026-08-03T12:32:28Z</time>
      </trkpt>
      <trkpt lat="30.637888" lon="104.14863">
        <time>2026-08-03T12:32:29Z</time>
      </trkpt>
      <trkpt lat="30.637949" lon="104.148575">
        <time>2026-08-03T12:32:30Z</time>
      </trkpt>
      <trkpt lat="30.637987" lon="104.14852">
        <time>2026-08-03T12:32:31Z</time>
      </trkpt>
      <trkpt lat="30.638008" lon="104.148445">
        <time>2026-08-03T12:32:32Z</time>
      </trkpt>
      <trkpt lat="30.638004" lon="104.14839">
        <time>2026-08-03T12:32:33Z</time>
      </trkpt>
      <trkpt lat="30.637985" lon="104.148315">
        <time>2026-08-03T12:32:34Z</time>
      </trkpt>
      <trkpt lat="30.637917" lon="104.148254">
        <time>2026-08-03T12:32:35Z</time>
      </trkpt>
      <trkpt lat="30.63784" lon="104.14817">
        <time>2026-08-03T12:32:36Z</time>
      </trkpt>
      <trkpt lat="30.63778" lon="104.14809">
        <time>2026-08-03T12:32:37Z</time>
      </trkpt>
      <trkpt lat="30.637726" lon="104.14801">
        <time>2026-08-03T12:32:38Z</time>
      </trkpt>
      <trkpt lat="30.63768" lon="104.147934">
        <time>2026-08-03T12:32:39Z</time>
      </trkpt>
      <trkpt lat="30.63764" lon="104.14786">
        <time>2026-08-03T12:32:40Z</time>
      </trkpt>
      <trkpt lat="30.637611" lon="104.14778">
        <time>2026-08-03T12:32:41Z</time>
      </trkpt>
      <trkpt lat="30.637592" lon="104.147705">
        <time>2026-08-03T12:32:42Z</time>
      </trkpt>
      <trkpt lat="30.63758" lon="104.14762">
        <time>2026-08-03T12:32:43Z</time>
      </trkpt>
      <trkpt lat="30.637583" lon="104.14755">
        <time>2026-08-03T12:32:44Z</time>
      </trkpt>
      <trkpt lat="30.637583" lon="104.14748">
        <time>2026-08-03T12:32:45Z</time>
      </trkpt>
      <trkpt lat="30.637589" lon="104.14741">
        <time>2026-08-03T12:32:46Z</time>
      </trkpt>
      <trkpt lat="30.637594" lon="104.14734">
        <time>2026-08-03T12:32:47Z</time>
      </trkpt>
      <trkpt lat="30.637602" lon="104.14727">
        <time>2026-08-03T12:32:48Z</time>
      </trkpt>
      <trkpt lat="30.637611" lon="104.1472">
        <time>2026-08-03T12:32:49Z</time>
      </trkpt>
      <trkpt lat="30.637623" lon="104.147125">
        <time>2026-08-03T12:32:50Z</time>
      </trkpt>
      <trkpt lat="30.637636" lon="104.14706">
        <time>2026-08-03T12:32:51Z</time>
      </trkpt>
      <trkpt lat="30.637648" lon="104.14699">
        <time>2026-08-03T12:32:52Z</time>
      </trkpt>
      <trkpt lat="30.637661" lon="104.14693">
        <time>2026-08-03T12:32:53Z</time>
      </trkpt>
      <trkpt lat="30.637674" lon="104.14686">
        <time>2026-08-03T12:32:54Z</time>
      </trkpt>
      <trkpt lat="30.637686" lon="104.14679">
        <time>2026-08-03T12:32:55Z</time>
      </trkpt>
      <trkpt lat="30.6377" lon="104.14672">
        <time>2026-08-03T12:32:56Z</time>
      </trkpt>
      <trkpt lat="30.637714" lon="104.14666">
        <time>2026-08-03T12:32:57Z</time>
      </trkpt>
      <trkpt lat="30.637732" lon="104.14659">
        <time>2026-08-03T12:32:58Z</time>
      </trkpt>
      <trkpt lat="30.637747" lon="104.14653">
        <time>2026-08-03T12:32:59Z</time>
      </trkpt>
      <trkpt lat="30.637764" lon="104.14646">
        <time>2026-08-03T12:33:00Z</time>
      </trkpt>
      <trkpt lat="30.63778" lon="104.1464">
        <time>2026-08-03T12:33:01Z</time>
      </trkpt>
      <trkpt lat="30.637793" lon="104.14633">
        <time>2026-08-03T12:33:02Z</time>
      </trkpt>
      <trkpt lat="30.637808" lon="104.14626">
        <time>2026-08-03T12:33:03Z</time>
      </trkpt>
      <trkpt lat="30.637814" lon="104.146194">
        <time>2026-08-03T12:33:04Z</time>
      </trkpt>
      <trkpt lat="30.637823" lon="104.146126">
        <time>2026-08-03T12:33:05Z</time>
      </trkpt>
      <trkpt lat="30.637833" lon="104.146065">
        <time>2026-08-03T12:33:06Z</time>
      </trkpt>
      <trkpt lat="30.637854" lon="104.145996">
        <time>2026-08-03T12:33:07Z</time>
      </trkpt>
      <trkpt lat="30.637897" lon="104.145935">
        <time>2026-08-03T12:33:08Z</time>
      </trkpt>
      <trkpt lat="30.637957" lon="104.14589">
        <time>2026-08-03T12:33:09Z</time>
      </trkpt>
      <trkpt lat="30.638016" lon="104.14586">
        <time>2026-08-03T12:33:10Z</time>
      </trkpt>
      <trkpt lat="30.638075" lon="104.145805">
        <time>2026-08-03T12:33:11Z</time>
      </trkpt>
      <trkpt lat="30.638128" lon="104.145744">
        <time>2026-08-03T12:33:12Z</time>
      </trkpt>
      <trkpt lat="30.638172" lon="104.14568">
        <time>2026-08-03T12:33:13Z</time>
      </trkpt>
      <trkpt lat="30.638195" lon="104.145615">
        <time>2026-08-03T12:33:14Z</time>
      </trkpt>
      <trkpt lat="30.638206" lon="104.145546">
        <time>2026-08-03T12:33:15Z</time>
      </trkpt>
      <trkpt lat="30.638212" lon="104.14548">
        <time>2026-08-03T12:33:16Z</time>
      </trkpt>
      <trkpt lat="30.638214" lon="104.1454">
        <time>2026-08-03T12:33:17Z</time>
      </trkpt>
      <trkpt lat="30.638222" lon="104.14534">
        <time>2026-08-03T12:33:18Z</time>
      </trkpt>
      <trkpt lat="30.638227" lon="104.14527">
        <time>2026-08-03T12:33:19Z</time>
      </trkpt>
      <trkpt lat="30.638235" lon="104.1452">
        <time>2026-08-03T12:33:20Z</time>
      </trkpt>
      <trkpt lat="30.638245" lon="104.14514">
        <time>2026-08-03T12:33:21Z</time>
      </trkpt>
      <trkpt lat="30.638254" lon="104.14509">
        <time>2026-08-03T12:33:22Z</time>
      </trkpt>
      <trkpt lat="30.638266" lon="104.145035">
        <time>2026-08-03T12:33:23Z</time>
      </trkpt>
      <trkpt lat="30.638275" lon="104.145">
        <time>2026-08-03T12:33:24Z</time>
      </trkpt>
      <trkpt lat="30.638287" lon="104.14496">
        <time>2026-08-03T12:33:25Z</time>
      </trkpt>
      <trkpt lat="30.638298" lon="104.14493">
        <time>2026-08-03T12:33:26Z</time>
      </trkpt>
      <trkpt lat="30.638313" lon="104.14489">
        <time>2026-08-03T12:33:27Z</time>
      </trkpt>
      <trkpt lat="30.638327" lon="104.14485">
        <time>2026-08-03T12:33:28Z</time>
      </trkpt>
      <trkpt lat="30.638342" lon="104.144806">
        <time>2026-08-03T12:33:29Z</time>
      </trkpt>
      <trkpt lat="30.63836" lon="104.14476">
        <time>2026-08-03T12:33:30Z</time>
      </trkpt>
      <trkpt lat="30.638367" lon="104.14473">
        <time>2026-08-03T12:33:31Z</time>
      </trkpt>
      <trkpt lat="30.638372" lon="104.14469">
        <time>2026-08-03T12:33:32Z</time>
      </trkpt>
      <trkpt lat="30.638378" lon="104.14466">
        <time>2026-08-03T12:33:33Z</time>
      </trkpt>
      <trkpt lat="30.63838" lon="104.14464">
        <time>2026-08-03T12:33:34Z</time>
      </trkpt>
      <trkpt lat="30.638386" lon="104.1446">
        <time>2026-08-03T12:33:35Z</time>
      </trkpt>
      <trkpt lat="30.638388" lon="104.14456">
        <time>2026-08-03T12:33:36Z</time>
      </trkpt>
      <trkpt lat="30.638388" lon="104.14454">
        <time>2026-08-03T12:33:37Z</time>
      </trkpt>
      <trkpt lat="30.63839" lon="104.14449">
        <time>2026-08-03T12:33:38Z</time>
      </trkpt>
      <trkpt lat="30.638388" lon="104.14447">
        <time>2026-08-03T12:33:39Z</time>
      </trkpt>
      <trkpt lat="30.638382" lon="104.14443">
        <time>2026-08-03T12:33:40Z</time>
      </trkpt>
      <trkpt lat="30.638376" lon="104.144394">
        <time>2026-08-03T12:33:41Z</time>
      </trkpt>
      <trkpt lat="30.638367" lon="104.144356">
        <time>2026-08-03T12:33:42Z</time>
      </trkpt>
      <trkpt lat="30.638361" lon="104.14432">
        <time>2026-08-03T12:33:43Z</time>
      </trkpt>
      <trkpt lat="30.638346" lon="104.14427">
        <time>2026-08-03T12:33:44Z</time>
      </trkpt>
      <trkpt lat="30.63833" lon="104.14424">
        <time>2026-08-03T12:33:45Z</time>
      </trkpt>
      <trkpt lat="30.638317" lon="104.14421">
        <time>2026-08-03T12:33:46Z</time>
      </trkpt>
      <trkpt lat="30.638308" lon="104.14417">
        <time>2026-08-03T12:33:47Z</time>
      </trkpt>
      <trkpt lat="30.638313" lon="104.14413">
        <time>2026-08-03T12:33:48Z</time>
      </trkpt>
      <trkpt lat="30.638319" lon="104.14407">
        <time>2026-08-03T12:33:49Z</time>
      </trkpt>
      <trkpt lat="30.638332" lon="104.144035">
        <time>2026-08-03T12:33:50Z</time>
      </trkpt>
      <trkpt lat="30.638342" lon="104.14399">
        <time>2026-08-03T12:33:51Z</time>
      </trkpt>
      <trkpt lat="30.638351" lon="104.143936">
        <time>2026-08-03T12:33:52Z</time>
      </trkpt>
      <trkpt lat="30.638363" lon="104.14389">
        <time>2026-08-03T12:33:53Z</time>
      </trkpt>
      <trkpt lat="30.638372" lon="104.143845">
        <time>2026-08-03T12:33:54Z</time>
      </trkpt>
      <trkpt lat="30.638384" lon="104.14381">
        <time>2026-08-03T12:33:55Z</time>
      </trkpt>
      <trkpt lat="30.6384" lon="104.14377">
        <time>2026-08-03T12:33:56Z</time>
      </trkpt>
      <trkpt lat="30.638412" lon="104.143715">
        <time>2026-08-03T12:33:57Z</time>
      </trkpt>
      <trkpt lat="30.638422" lon="104.14367">
        <time>2026-08-03T12:33:58Z</time>
      </trkpt>
      <trkpt lat="30.638433" lon="104.14362">
        <time>2026-08-03T12:33:59Z</time>
      </trkpt>
      <trkpt lat="30.638443" lon="104.14357">
        <time>2026-08-03T12:34:00Z</time>
      </trkpt>
      <trkpt lat="30.638456" lon="104.143524">
        <time>2026-08-03T12:34:01Z</time>
      </trkpt>
      <trkpt lat="30.638468" lon="104.14348">
        <time>2026-08-03T12:34:02Z</time>
      </trkpt>
      <trkpt lat="30.63848" lon="104.14343">
        <time>2026-08-03T12:34:03Z</time>
      </trkpt>
      <trkpt lat="30.63849" lon="104.143394">
        <time>2026-08-03T12:34:04Z</time>
      </trkpt>
      <trkpt lat="30.638498" lon="104.14336">
        <time>2026-08-03T12:34:05Z</time>
      </trkpt>
      <trkpt lat="30.63851" lon="104.14331">
        <time>2026-08-03T12:34:06Z</time>
      </trkpt>
      <trkpt lat="30.638517" lon="104.143265">
        <time>2026-08-03T12:34:07Z</time>
      </trkpt>
      <trkpt lat="30.638529" lon="104.14322">
        <time>2026-08-03T12:34:08Z</time>
      </trkpt>
      <trkpt lat="30.638536" lon="104.14318">
        <time>2026-08-03T12:34:09Z</time>
      </trkpt>
      <trkpt lat="30.638546" lon="104.143135">
        <time>2026-08-03T12:34:10Z</time>
      </trkpt>
      <trkpt lat="30.638557" lon="104.143105">
        <time>2026-08-03T12:34:11Z</time>
      </trkpt>
      <trkpt lat="30.638569" lon="104.14307">
        <time>2026-08-03T12:34:12Z</time>
      </trkpt>
      <trkpt lat="30.638578" lon="104.14303">
        <time>2026-08-03T12:34:13Z</time>
      </trkpt>
      <trkpt lat="30.638584" lon="104.14299">
        <time>2026-08-03T12:34:14Z</time>
      </trkpt>
      <trkpt lat="30.638594" lon="104.14295">
        <time>2026-08-03T12:34:15Z</time>
      </trkpt>
      <trkpt lat="30.638601" lon="104.142914">
        <time>2026-08-03T12:34:16Z</time>
      </trkpt>
      <trkpt lat="30.63861" lon="104.14287">
        <time>2026-08-03T12:34:17Z</time>
      </trkpt>
      <trkpt lat="30.638622" lon="104.14283">
        <time>2026-08-03T12:34:18Z</time>
      </trkpt>
      <trkpt lat="30.638632" lon="104.14279">
        <time>2026-08-03T12:34:19Z</time>
      </trkpt>
      <trkpt lat="30.638641" lon="104.14275">
        <time>2026-08-03T12:34:20Z</time>
      </trkpt>
      <trkpt lat="30.63866" lon="104.1427">
        <time>2026-08-03T12:34:21Z</time>
      </trkpt>
      <trkpt lat="30.638678" lon="104.14266">
        <time>2026-08-03T12:34:22Z</time>
      </trkpt>
      <trkpt lat="30.63869" lon="104.14262">
        <time>2026-08-03T12:34:23Z</time>
      </trkpt>
      <trkpt lat="30.638702" lon="104.14258">
        <time>2026-08-03T12:34:24Z</time>
      </trkpt>
      <trkpt lat="30.638712" lon="104.14253">
        <time>2026-08-03T12:34:25Z</time>
      </trkpt>
      <trkpt lat="30.63872" lon="104.14248">
        <time>2026-08-03T12:34:26Z</time>
      </trkpt>
      <trkpt lat="30.638731" lon="104.14243">
        <time>2026-08-03T12:34:27Z</time>
      </trkpt>
      <trkpt lat="30.638748" lon="104.14238">
        <time>2026-08-03T12:34:28Z</time>
      </trkpt>
      <trkpt lat="30.638762" lon="104.14233">
        <time>2026-08-03T12:34:29Z</time>
      </trkpt>
      <trkpt lat="30.638777" lon="104.14227">
        <time>2026-08-03T12:34:30Z</time>
      </trkpt>
      <trkpt lat="30.638788" lon="104.14222">
        <time>2026-08-03T12:34:31Z</time>
      </trkpt>
      <trkpt lat="30.638803" lon="104.142166">
        <time>2026-08-03T12:34:32Z</time>
      </trkpt>
      <trkpt lat="30.638817" lon="104.14211">
        <time>2026-08-03T12:34:33Z</time>
      </trkpt>
      <trkpt lat="30.638828" lon="104.14205">
        <time>2026-08-03T12:34:34Z</time>
      </trkpt>
      <trkpt lat="30.638838" lon="104.142">
        <time>2026-08-03T12:34:35Z</time>
      </trkpt>
      <trkpt lat="30.63885" lon="104.14194">
        <time>2026-08-03T12:34:36Z</time>
      </trkpt>
      <trkpt lat="30.63886" lon="104.14188">
        <time>2026-08-03T12:34:37Z</time>
      </trkpt>
      <trkpt lat="30.638876" lon="104.14182">
        <time>2026-08-03T12:34:38Z</time>
      </trkpt>
      <trkpt lat="30.638891" lon="104.14176">
        <time>2026-08-03T12:34:39Z</time>
      </trkpt>
      <trkpt lat="30.638906" lon="104.1417">
        <time>2026-08-03T12:34:40Z</time>
      </trkpt>
      <trkpt lat="30.638922" lon="104.14164">
        <time>2026-08-03T12:34:41Z</time>
      </trkpt>
      <trkpt lat="30.638935" lon="104.14158">
        <time>2026-08-03T12:34:42Z</time>
      </trkpt>
      <trkpt lat="30.638948" lon="104.14151">
        <time>2026-08-03T12:34:43Z</time>
      </trkpt>
      <trkpt lat="30.638962" lon="104.14145">
        <time>2026-08-03T12:34:44Z</time>
      </trkpt>
      <trkpt lat="30.638973" lon="104.14139">
        <time>2026-08-03T12:34:45Z</time>
      </trkpt>
      <trkpt lat="30.638988" lon="104.141335">
        <time>2026-08-03T12:34:46Z</time>
      </trkpt>
      <trkpt lat="30.639008" lon="104.14129">
        <time>2026-08-03T12:34:47Z</time>
      </trkpt>
      <trkpt lat="30.639023" lon="104.14123">
        <time>2026-08-03T12:34:48Z</time>
      </trkpt>
      <trkpt lat="30.639048" lon="104.141174">
        <time>2026-08-03T12:34:49Z</time>
      </trkpt>
      <trkpt lat="30.639074" lon="104.14111">
        <time>2026-08-03T12:34:50Z</time>
      </trkpt>
      <trkpt lat="30.639101" lon="104.14106">
        <time>2026-08-03T12:34:51Z</time>
      </trkpt>
      <trkpt lat="30.639122" lon="104.14099">
        <time>2026-08-03T12:34:52Z</time>
      </trkpt>
      <trkpt lat="30.63914" lon="104.14093">
        <time>2026-08-03T12:34:53Z</time>
      </trkpt>
      <trkpt lat="30.639156" lon="104.14086">
        <time>2026-08-03T12:34:54Z</time>
      </trkpt>
      <trkpt lat="30.639174" lon="104.1408">
        <time>2026-08-03T12:34:55Z</time>
      </trkpt>
      <trkpt lat="30.639193" lon="104.14073">
        <time>2026-08-03T12:34:56Z</time>
      </trkpt>
      <trkpt lat="30.639212" lon="104.14066">
        <time>2026-08-03T12:34:57Z</time>
      </trkpt>
      <trkpt lat="30.639227" lon="104.140594">
        <time>2026-08-03T12:34:58Z</time>
      </trkpt>
      <trkpt lat="30.639246" lon="104.14052">
        <time>2026-08-03T12:34:59Z</time>
      </trkpt>
      <trkpt lat="30.639267" lon="104.14044">
        <time>2026-08-03T12:35:00Z</time>
      </trkpt>
      <trkpt lat="30.639286" lon="104.14036">
        <time>2026-08-03T12:35:01Z</time>
      </trkpt>
      <trkpt lat="30.639303" lon="104.14027">
        <time>2026-08-03T12:35:02Z</time>
      </trkpt>
      <trkpt lat="30.639317" lon="104.14017">
        <time>2026-08-03T12:35:03Z</time>
      </trkpt>
      <trkpt lat="30.639324" lon="104.14008">
        <time>2026-08-03T12:35:04Z</time>
      </trkpt>
      <trkpt lat="30.63933" lon="104.14001">
        <time>2026-08-03T12:35:05Z</time>
      </trkpt>
      <trkpt lat="30.639317" lon="104.13993">
        <time>2026-08-03T12:35:06Z</time>
      </trkpt>
      <trkpt lat="30.639307" lon="104.139854">
        <time>2026-08-03T12:35:07Z</time>
      </trkpt>
      <trkpt lat="30.639301" lon="104.13977">
        <time>2026-08-03T12:35:08Z</time>
      </trkpt>
      <trkpt lat="30.639301" lon="104.139694">
        <time>2026-08-03T12:35:09Z</time>
      </trkpt>
      <trkpt lat="30.639307" lon="104.139626">
        <time>2026-08-03T12:35:10Z</time>
      </trkpt>
      <trkpt lat="30.63931" lon="104.139565">
        <time>2026-08-03T12:35:11Z</time>
      </trkpt>
      <trkpt lat="30.639315" lon="104.13949">
        <time>2026-08-03T12:35:12Z</time>
      </trkpt>
      <trkpt lat="30.639318" lon="104.139404">
        <time>2026-08-03T12:35:13Z</time>
      </trkpt>
      <trkpt lat="30.639324" lon="104.13934">
        <time>2026-08-03T12:35:14Z</time>
      </trkpt>
      <trkpt lat="30.639328" lon="104.13927">
        <time>2026-08-03T12:35:15Z</time>
      </trkpt>
      <trkpt lat="30.639338" lon="104.13919">
        <time>2026-08-03T12:35:16Z</time>
      </trkpt>
      <trkpt lat="30.639341" lon="104.13912">
        <time>2026-08-03T12:35:17Z</time>
      </trkpt>
      <trkpt lat="30.639353" lon="104.139046">
        <time>2026-08-03T12:35:18Z</time>
      </trkpt>
      <trkpt lat="30.639366" lon="104.13897">
        <time>2026-08-03T12:35:19Z</time>
      </trkpt>
      <trkpt lat="30.63938" lon="104.1389">
        <time>2026-08-03T12:35:20Z</time>
      </trkpt>
      <trkpt lat="30.639383" lon="104.13883">
        <time>2026-08-03T12:35:21Z</time>
      </trkpt>
      <trkpt lat="30.639381" lon="104.13876">
        <time>2026-08-03T12:35:22Z</time>
      </trkpt>
      <trkpt lat="30.639378" lon="104.13871">
        <time>2026-08-03T12:35:23Z</time>
      </trkpt>
      <trkpt lat="30.639364" lon="104.13865">
        <time>2026-08-03T12:35:24Z</time>
      </trkpt>
      <trkpt lat="30.639362" lon="104.13859">
        <time>2026-08-03T12:35:25Z</time>
      </trkpt>
      <trkpt lat="30.639359" lon="104.13852">
        <time>2026-08-03T12:35:26Z</time>
      </trkpt>
      <trkpt lat="30.63936" lon="104.13845">
        <time>2026-08-03T12:35:27Z</time>
      </trkpt>
      <trkpt lat="30.639366" lon="104.13838">
        <time>2026-08-03T12:35:28Z</time>
      </trkpt>
      <trkpt lat="30.639374" lon="104.13831">
        <time>2026-08-03T12:35:29Z</time>
      </trkpt>
      <trkpt lat="30.639376" lon="104.138245">
        <time>2026-08-03T12:35:30Z</time>
      </trkpt>
      <trkpt lat="30.639378" lon="104.138176">
        <time>2026-08-03T12:35:31Z</time>
      </trkpt>
      <trkpt lat="30.63938" lon="104.13809">
        <time>2026-08-03T12:35:32Z</time>
      </trkpt>
      <trkpt lat="30.639383" lon="104.13801">
        <time>2026-08-03T12:35:33Z</time>
      </trkpt>
      <trkpt lat="30.63939" lon="104.137924">
        <time>2026-08-03T12:35:34Z</time>
      </trkpt>
      <trkpt lat="30.63939" lon="104.13783">
        <time>2026-08-03T12:35:35Z</time>
      </trkpt>
      <trkpt lat="30.639393" lon="104.13774">
        <time>2026-08-03T12:35:36Z</time>
      </trkpt>
      <trkpt lat="30.639393" lon="104.13765">
        <time>2026-08-03T12:35:37Z</time>
      </trkpt>
      <trkpt lat="30.639393" lon="104.13755">
        <time>2026-08-03T12:35:38Z</time>
      </trkpt>
      <trkpt lat="30.639393" lon="104.13746">
        <time>2026-08-03T12:35:39Z</time>
      </trkpt>
      <trkpt lat="30.639395" lon="104.13736">
        <time>2026-08-03T12:35:40Z</time>
      </trkpt>
      <trkpt lat="30.639397" lon="104.13726">
        <time>2026-08-03T12:35:41Z</time>
      </trkpt>
      <trkpt lat="30.6394" lon="104.13717">
        <time>2026-08-03T12:35:42Z</time>
      </trkpt>
      <trkpt lat="30.639402" lon="104.13708">
        <time>2026-08-03T12:35:43Z</time>
      </trkpt>
      <trkpt lat="30.639404" lon="104.136986">
        <time>2026-08-03T12:35:44Z</time>
      </trkpt>
      <trkpt lat="30.639406" lon="104.136894">
        <time>2026-08-03T12:35:45Z</time>
      </trkpt>
      <trkpt lat="30.63941" lon="104.13681">
        <time>2026-08-03T12:35:46Z</time>
      </trkpt>
      <trkpt lat="30.63942" lon="104.13672">
        <time>2026-08-03T12:35:47Z</time>
      </trkpt>
      <trkpt lat="30.639433" lon="104.13663">
        <time>2026-08-03T12:35:48Z</time>
      </trkpt>
      <trkpt lat="30.639448" lon="104.13654">
        <time>2026-08-03T12:35:49Z</time>
      </trkpt>
      <trkpt lat="30.639462" lon="104.13645">
        <time>2026-08-03T12:35:50Z</time>
      </trkpt>
      <trkpt lat="30.639471" lon="104.13637">
        <time>2026-08-03T12:35:51Z</time>
      </trkpt>
      <trkpt lat="30.639477" lon="104.13628">
        <time>2026-08-03T12:35:52Z</time>
      </trkpt>
      <trkpt lat="30.63948" lon="104.136185">
        <time>2026-08-03T12:35:53Z</time>
      </trkpt>
      <trkpt lat="30.639482" lon="104.1361">
        <time>2026-08-03T12:35:54Z</time>
      </trkpt>
      <trkpt lat="30.639488" lon="104.13602">
        <time>2026-08-03T12:35:55Z</time>
      </trkpt>
      <trkpt lat="30.63949" lon="104.13593">
        <time>2026-08-03T12:35:56Z</time>
      </trkpt>
      <trkpt lat="30.63949" lon="104.13585">
        <time>2026-08-03T12:35:57Z</time>
      </trkpt>
      <trkpt lat="30.639494" lon="104.135765">
        <time>2026-08-03T12:35:58Z</time>
      </trkpt>
      <trkpt lat="30.639496" lon="104.13568">
        <time>2026-08-03T12:35:59Z</time>
      </trkpt>
      <trkpt lat="30.6395" lon="104.135605">
        <time>2026-08-03T12:36:00Z</time>
      </trkpt>
      <trkpt lat="30.639507" lon="104.13553">
        <time>2026-08-03T12:36:01Z</time>
      </trkpt>
      <trkpt lat="30.639515" lon="104.135445">
        <time>2026-08-03T12:36:02Z</time>
      </trkpt>
      <trkpt lat="30.639524" lon="104.135376">
        <time>2026-08-03T12:36:03Z</time>
      </trkpt>
      <trkpt lat="30.63953" lon="104.1353">
        <time>2026-08-03T12:36:04Z</time>
      </trkpt>
      <trkpt lat="30.639536" lon="104.13523">
        <time>2026-08-03T12:36:05Z</time>
      </trkpt>
      <trkpt lat="30.639538" lon="104.13516">
        <time>2026-08-03T12:36:06Z</time>
      </trkpt>
      <trkpt lat="30.639542" lon="104.135086">
        <time>2026-08-03T12:36:07Z</time>
      </trkpt>
      <trkpt lat="30.639542" lon="104.13502">
        <time>2026-08-03T12:36:08Z</time>
      </trkpt>
      <trkpt lat="30.639544" lon="104.13495">
        <time>2026-08-03T12:36:09Z</time>
      </trkpt>
      <trkpt lat="30.639545" lon="104.13487">
        <time>2026-08-03T12:36:10Z</time>
      </trkpt>
      <trkpt lat="30.639545" lon="104.1348">
        <time>2026-08-03T12:36:11Z</time>
      </trkpt>
      <trkpt lat="30.639544" lon="104.13473">
        <time>2026-08-03T12:36:12Z</time>
      </trkpt>
      <trkpt lat="30.639538" lon="104.13464">
        <time>2026-08-03T12:36:13Z</time>
      </trkpt>
      <trkpt lat="30.639536" lon="104.13457">
        <time>2026-08-03T12:36:14Z</time>
      </trkpt>
      <trkpt lat="30.639534" lon="104.13448">
        <time>2026-08-03T12:36:15Z</time>
      </trkpt>
      <trkpt lat="30.639532" lon="104.13441">
        <time>2026-08-03T12:36:16Z</time>
      </trkpt>
      <trkpt lat="30.639534" lon="104.13432">
        <time>2026-08-03T12:36:17Z</time>
      </trkpt>
      <trkpt lat="30.639528" lon="104.13425">
        <time>2026-08-03T12:36:18Z</time>
      </trkpt>
      <trkpt lat="30.639524" lon="104.134155">
        <time>2026-08-03T12:36:19Z</time>
      </trkpt>
      <trkpt lat="30.639523" lon="104.13407">
        <time>2026-08-03T12:36:20Z</time>
      </trkpt>
      <trkpt lat="30.63952" lon="104.13399">
        <time>2026-08-03T12:36:21Z</time>
      </trkpt>
      <trkpt lat="30.63952" lon="104.133896">
        <time>2026-08-03T12:36:22Z</time>
      </trkpt>
      <trkpt lat="30.639523" lon="104.13381">
        <time>2026-08-03T12:36:23Z</time>
      </trkpt>
      <trkpt lat="30.639523" lon="104.13372">
        <time>2026-08-03T12:36:24Z</time>
      </trkpt>
      <trkpt lat="30.639523" lon="104.13364">
        <time>2026-08-03T12:36:25Z</time>
      </trkpt>
      <trkpt lat="30.639528" lon="104.13355">
        <time>2026-08-03T12:36:26Z</time>
      </trkpt>
      <trkpt lat="30.63953" lon="104.13346">
        <time>2026-08-03T12:36:27Z</time>
      </trkpt>
      <trkpt lat="30.639526" lon="104.13338">
        <time>2026-08-03T12:36:28Z</time>
      </trkpt>
      <trkpt lat="30.639528" lon="104.13328">
        <time>2026-08-03T12:36:29Z</time>
      </trkpt>
      <trkpt lat="30.63953" lon="104.13319">
        <time>2026-08-03T12:36:30Z</time>
      </trkpt>
      <trkpt lat="30.639534" lon="104.1331">
        <time>2026-08-03T12:36:31Z</time>
      </trkpt>
      <trkpt lat="30.639536" lon="104.13301">
        <time>2026-08-03T12:36:32Z</time>
      </trkpt>
      <trkpt lat="30.639536" lon="104.13291">
        <time>2026-08-03T12:36:33Z</time>
      </trkpt>
      <trkpt lat="30.639538" lon="104.13281">
        <time>2026-08-03T12:36:34Z</time>
      </trkpt>
      <trkpt lat="30.639542" lon="104.13271">
        <time>2026-08-03T12:36:35Z</time>
      </trkpt>
      <trkpt lat="30.639545" lon="104.13261">
        <time>2026-08-03T12:36:36Z</time>
      </trkpt>
      <trkpt lat="30.63955" lon="104.132515">
        <time>2026-08-03T12:36:37Z</time>
      </trkpt>
      <trkpt lat="30.63955" lon="104.13242">
        <time>2026-08-03T12:36:38Z</time>
      </trkpt>
      <trkpt lat="30.63955" lon="104.13234">
        <time>2026-08-03T12:36:39Z</time>
      </trkpt>
      <trkpt lat="30.639551" lon="104.13226">
        <time>2026-08-03T12:36:40Z</time>
      </trkpt>
      <trkpt lat="30.639551" lon="104.13217">
        <time>2026-08-03T12:36:41Z</time>
      </trkpt>
      <trkpt lat="30.639551" lon="104.13209">
        <time>2026-08-03T12:36:42Z</time>
      </trkpt>
      <trkpt lat="30.639555" lon="104.132">
        <time>2026-08-03T12:36:43Z</time>
      </trkpt>
      <trkpt lat="30.63956" lon="104.13192">
        <time>2026-08-03T12:36:44Z</time>
      </trkpt>
      <trkpt lat="30.639563" lon="104.13187">
        <time>2026-08-03T12:36:45Z</time>
      </trkpt>
      <trkpt lat="30.639563" lon="104.13181">
        <time>2026-08-03T12:36:46Z</time>
      </trkpt>
      <trkpt lat="30.639559" lon="104.13176">
        <time>2026-08-03T12:36:47Z</time>
      </trkpt>
      <trkpt lat="30.639555" lon="104.13171">
        <time>2026-08-03T12:36:48Z</time>
      </trkpt>
      <trkpt lat="30.639557" lon="104.13165">
        <time>2026-08-03T12:36:49Z</time>
      </trkpt>
      <trkpt lat="30.63956" lon="104.131584">
        <time>2026-08-03T12:36:50Z</time>
      </trkpt>
      <trkpt lat="30.63956" lon="104.13151">
        <time>2026-08-03T12:36:51Z</time>
      </trkpt>
      <trkpt lat="30.639559" lon="104.131424">
        <time>2026-08-03T12:36:52Z</time>
      </trkpt>
      <trkpt lat="30.639559" lon="104.13133">
        <time>2026-08-03T12:36:53Z</time>
      </trkpt>
      <trkpt lat="30.63956" lon="104.13124">
        <time>2026-08-03T12:36:54Z</time>
      </trkpt>
      <trkpt lat="30.63956" lon="104.13115">
        <time>2026-08-03T12:36:55Z</time>
      </trkpt>
      <trkpt lat="30.639557" lon="104.13106">
        <time>2026-08-03T12:36:56Z</time>
      </trkpt>
      <trkpt lat="30.63955" lon="104.13097">
        <time>2026-08-03T12:36:57Z</time>
      </trkpt>
      <trkpt lat="30.639545" lon="104.13087">
        <time>2026-08-03T12:36:58Z</time>
      </trkpt>
      <trkpt lat="30.639538" lon="104.130775">
        <time>2026-08-03T12:36:59Z</time>
      </trkpt>
      <trkpt lat="30.63953" lon="104.13068">
        <time>2026-08-03T12:37:00Z</time>
      </trkpt>
      <trkpt lat="30.63952" lon="104.130585">
        <time>2026-08-03T12:37:01Z</time>
      </trkpt>
      <trkpt lat="30.639513" lon="104.1305">
        <time>2026-08-03T12:37:02Z</time>
      </trkpt>
      <trkpt lat="30.639507" lon="104.130424">
        <time>2026-08-03T12:37:03Z</time>
      </trkpt>
      <trkpt lat="30.639498" lon="104.13035">
        <time>2026-08-03T12:37:04Z</time>
      </trkpt>
      <trkpt lat="30.639488" lon="104.13027">
        <time>2026-08-03T12:37:05Z</time>
      </trkpt>
      <trkpt lat="30.639479" lon="104.130196">
        <time>2026-08-03T12:37:06Z</time>
      </trkpt>
      <trkpt lat="30.63947" lon="104.13011">
        <time>2026-08-03T12:37:07Z</time>
      </trkpt>
      <trkpt lat="30.639458" lon="104.130035">
        <time>2026-08-03T12:37:08Z</time>
      </trkpt>
      <trkpt lat="30.639448" lon="104.12995">
        <time>2026-08-03T12:37:09Z</time>
      </trkpt>
      <trkpt lat="30.639435" lon="104.12986">
        <time>2026-08-03T12:37:10Z</time>
      </trkpt>
      <trkpt lat="30.639418" lon="104.12977">
        <time>2026-08-03T12:37:11Z</time>
      </trkpt>
      <trkpt lat="30.639404" lon="104.12969">
        <time>2026-08-03T12:37:12Z</time>
      </trkpt>
      <trkpt lat="30.639393" lon="104.12961">
        <time>2026-08-03T12:37:13Z</time>
      </trkpt>
      <trkpt lat="30.639381" lon="104.12954">
        <time>2026-08-03T12:37:14Z</time>
      </trkpt>
      <trkpt lat="30.639372" lon="104.12946">
        <time>2026-08-03T12:37:15Z</time>
      </trkpt>
      <trkpt lat="30.639364" lon="104.12939">
        <time>2026-08-03T12:37:16Z</time>
      </trkpt>
      <trkpt lat="30.639359" lon="104.12932">
        <time>2026-08-03T12:37:17Z</time>
      </trkpt>
      <trkpt lat="30.639349" lon="104.12926">
        <time>2026-08-03T12:37:18Z</time>
      </trkpt>
      <trkpt lat="30.639341" lon="104.12921">
        <time>2026-08-03T12:37:19Z</time>
      </trkpt>
      <trkpt lat="30.639336" lon="104.12916">
        <time>2026-08-03T12:37:20Z</time>
      </trkpt>
      <trkpt lat="30.639326" lon="104.129105">
        <time>2026-08-03T12:37:21Z</time>
      </trkpt>
      <trkpt lat="30.639322" lon="104.12904">
        <time>2026-08-03T12:37:22Z</time>
      </trkpt>
      <trkpt lat="30.639317" lon="104.12899">
        <time>2026-08-03T12:37:23Z</time>
      </trkpt>
      <trkpt lat="30.63931" lon="104.12894">
        <time>2026-08-03T12:37:24Z</time>
      </trkpt>
      <trkpt lat="30.639307" lon="104.128876">
        <time>2026-08-03T12:37:25Z</time>
      </trkpt>
      <trkpt lat="30.6393" lon="104.128815">
        <time>2026-08-03T12:37:26Z</time>
      </trkpt>
      <trkpt lat="30.639292" lon="104.128746">
        <time>2026-08-03T12:37:27Z</time>
      </trkpt>
      <trkpt lat="30.639286" lon="104.12868">
        <time>2026-08-03T12:37:28Z</time>
      </trkpt>
      <trkpt lat="30.639284" lon="104.12862">
        <time>2026-08-03T12:37:29Z</time>
      </trkpt>
      <trkpt lat="30.639278" lon="104.12855">
        <time>2026-08-03T12:37:30Z</time>
      </trkpt>
      <trkpt lat="30.639275" lon="104.128494">
        <time>2026-08-03T12:37:31Z</time>
      </trkpt>
      <trkpt lat="30.63927" lon="104.12845">
        <time>2026-08-03T12:37:32Z</time>
      </trkpt>
      <trkpt lat="30.639265" lon="104.128395">
        <time>2026-08-03T12:37:33Z</time>
      </trkpt>
      <trkpt lat="30.639261" lon="104.12834">
        <time>2026-08-03T12:37:34Z</time>
      </trkpt>
      <trkpt lat="30.639257" lon="104.128265">
        <time>2026-08-03T12:37:35Z</time>
      </trkpt>
      <trkpt lat="30.639252" lon="104.1282">
        <time>2026-08-03T12:37:36Z</time>
      </trkpt>
      <trkpt lat="30.63925" lon="104.12812">
        <time>2026-08-03T12:37:37Z</time>
      </trkpt>
      <trkpt lat="30.639246" lon="104.12805">
        <time>2026-08-03T12:37:38Z</time>
      </trkpt>
      <trkpt lat="30.639244" lon="104.127975">
        <time>2026-08-03T12:37:39Z</time>
      </trkpt>
      <trkpt lat="30.63924" lon="104.1279">
        <time>2026-08-03T12:37:40Z</time>
      </trkpt>
      <trkpt lat="30.63923" lon="104.12782">
        <time>2026-08-03T12:37:41Z</time>
      </trkpt>
      <trkpt lat="30.639223" lon="104.12775">
        <time>2026-08-03T12:37:42Z</time>
      </trkpt>
      <trkpt lat="30.639215" lon="104.12767">
        <time>2026-08-03T12:37:43Z</time>
      </trkpt>
      <trkpt lat="30.639208" lon="104.127594">
        <time>2026-08-03T12:37:44Z</time>
      </trkpt>
      <trkpt lat="30.6392" lon="104.12752">
        <time>2026-08-03T12:37:45Z</time>
      </trkpt>
      <trkpt lat="30.639193" lon="104.12744">
        <time>2026-08-03T12:37:46Z</time>
      </trkpt>
      <trkpt lat="30.639181" lon="104.12737">
        <time>2026-08-03T12:37:47Z</time>
      </trkpt>
      <trkpt lat="30.639172" lon="104.1273">
        <time>2026-08-03T12:37:48Z</time>
      </trkpt>
      <trkpt lat="30.63916" lon="104.12723">
        <time>2026-08-03T12:37:49Z</time>
      </trkpt>
      <trkpt lat="30.639149" lon="104.12716">
        <time>2026-08-03T12:37:50Z</time>
      </trkpt>
      <trkpt lat="30.639141" lon="104.12708">
        <time>2026-08-03T12:37:51Z</time>
      </trkpt>
      <trkpt lat="30.639133" lon="104.127014">
        <time>2026-08-03T12:37:52Z</time>
      </trkpt>
      <trkpt lat="30.639126" lon="104.126945">
        <time>2026-08-03T12:37:53Z</time>
      </trkpt>
      <trkpt lat="30.63912" lon="104.12688">
        <time>2026-08-03T12:37:54Z</time>
      </trkpt>
      <trkpt lat="30.639114" lon="104.1268">
        <time>2026-08-03T12:37:55Z</time>
      </trkpt>
      <trkpt lat="30.63911" lon="104.12673">
        <time>2026-08-03T12:37:56Z</time>
      </trkpt>
      <trkpt lat="30.639105" lon="104.12666">
        <time>2026-08-03T12:37:57Z</time>
      </trkpt>
      <trkpt lat="30.6391" lon="104.126595">
        <time>2026-08-03T12:37:58Z</time>
      </trkpt>
      <trkpt lat="30.639095" lon="104.126526">
        <time>2026-08-03T12:37:59Z</time>
      </trkpt>
      <trkpt lat="30.639088" lon="104.12645">
        <time>2026-08-03T12:38:00Z</time>
      </trkpt>
      <trkpt lat="30.639086" lon="104.12638">
        <time>2026-08-03T12:38:01Z</time>
      </trkpt>
      <trkpt lat="30.639076" lon="104.12631">
        <time>2026-08-03T12:38:02Z</time>
      </trkpt>
      <trkpt lat="30.639069" lon="104.12624">
        <time>2026-08-03T12:38:03Z</time>
      </trkpt>
      <trkpt lat="30.639065" lon="104.126175">
        <time>2026-08-03T12:38:04Z</time>
      </trkpt>
      <trkpt lat="30.639069" lon="104.12611">
        <time>2026-08-03T12:38:05Z</time>
      </trkpt>
      <trkpt lat="30.639072" lon="104.12604">
        <time>2026-08-03T12:38:06Z</time>
      </trkpt>
      <trkpt lat="30.639072" lon="104.12597">
        <time>2026-08-03T12:38:07Z</time>
      </trkpt>
      <trkpt lat="30.63907" lon="104.12589">
        <time>2026-08-03T12:38:08Z</time>
      </trkpt>
      <trkpt lat="30.639067" lon="104.125824">
        <time>2026-08-03T12:38:09Z</time>
      </trkpt>
      <trkpt lat="30.63906" lon="104.12575">
        <time>2026-08-03T12:38:10Z</time>
      </trkpt>
      <trkpt lat="30.639055" lon="104.12568">
        <time>2026-08-03T12:38:11Z</time>
      </trkpt>
      <trkpt lat="30.639051" lon="104.12561">
        <time>2026-08-03T12:38:12Z</time>
      </trkpt>
      <trkpt lat="30.639046" lon="104.12554">
        <time>2026-08-03T12:38:13Z</time>
      </trkpt>
      <trkpt lat="30.639034" lon="104.12547">
        <time>2026-08-03T12:38:14Z</time>
      </trkpt>
      <trkpt lat="30.63902" lon="104.125404">
        <time>2026-08-03T12:38:15Z</time>
      </trkpt>
      <trkpt lat="30.63901" lon="104.125336">
        <time>2026-08-03T12:38:16Z</time>
      </trkpt>
      <trkpt lat="30.639006" lon="104.12527">
        <time>2026-08-03T12:38:17Z</time>
      </trkpt>
      <trkpt lat="30.638994" lon="104.12519">
        <time>2026-08-03T12:38:18Z</time>
      </trkpt>
      <trkpt lat="30.638983" lon="104.125114">
        <time>2026-08-03T12:38:19Z</time>
      </trkpt>
      <trkpt lat="30.638971" lon="104.125046">
        <time>2026-08-03T12:38:20Z</time>
      </trkpt>
      <trkpt lat="30.638958" lon="104.12498">
        <time>2026-08-03T12:38:21Z</time>
      </trkpt>
      <trkpt lat="30.63895" lon="104.12491">
        <time>2026-08-03T12:38:22Z</time>
      </trkpt>
      <trkpt lat="30.638943" lon="104.12484">
        <time>2026-08-03T12:38:23Z</time>
      </trkpt>
      <trkpt lat="30.638935" lon="104.12476">
        <time>2026-08-03T12:38:24Z</time>
      </trkpt>
      <trkpt lat="30.638927" lon="104.12469">
        <time>2026-08-03T12:38:25Z</time>
      </trkpt>
      <trkpt lat="30.638924" lon="104.12462">
        <time>2026-08-03T12:38:26Z</time>
      </trkpt>
      <trkpt lat="30.638916" lon="104.12455">
        <time>2026-08-03T12:38:27Z</time>
      </trkpt>
      <trkpt lat="30.638912" lon="104.12448">
        <time>2026-08-03T12:38:28Z</time>
      </trkpt>
      <trkpt lat="30.638905" lon="104.12441">
        <time>2026-08-03T12:38:29Z</time>
      </trkpt>
      <trkpt lat="30.638897" lon="104.124344">
        <time>2026-08-03T12:38:30Z</time>
      </trkpt>
      <trkpt lat="30.638887" lon="104.124275">
        <time>2026-08-03T12:38:31Z</time>
      </trkpt>
      <trkpt lat="30.638885" lon="104.1242">
        <time>2026-08-03T12:38:32Z</time>
      </trkpt>
      <trkpt lat="30.638885" lon="104.12412">
        <time>2026-08-03T12:38:33Z</time>
      </trkpt>
      <trkpt lat="30.63889" lon="104.12405">
        <time>2026-08-03T12:38:34Z</time>
      </trkpt>
      <trkpt lat="30.638895" lon="104.12397">
        <time>2026-08-03T12:38:35Z</time>
      </trkpt>
      <trkpt lat="30.6389" lon="104.123886">
        <time>2026-08-03T12:38:36Z</time>
      </trkpt>
      <trkpt lat="30.638906" lon="104.12381">
        <time>2026-08-03T12:38:37Z</time>
      </trkpt>
      <trkpt lat="30.638914" lon="104.123726">
        <time>2026-08-03T12:38:38Z</time>
      </trkpt>
      <trkpt lat="30.638924" lon="104.12364">
        <time>2026-08-03T12:38:39Z</time>
      </trkpt>
      <trkpt lat="30.638931" lon="104.123566">
        <time>2026-08-03T12:38:40Z</time>
      </trkpt>
      <trkpt lat="30.63894" lon="104.12348">
        <time>2026-08-03T12:38:41Z</time>
      </trkpt>
      <trkpt lat="30.63895" lon="104.1234">
        <time>2026-08-03T12:38:42Z</time>
      </trkpt>
      <trkpt lat="30.638962" lon="104.12331">
        <time>2026-08-03T12:38:43Z</time>
      </trkpt>
      <trkpt lat="30.638973" lon="104.12322">
        <time>2026-08-03T12:38:44Z</time>
      </trkpt>
      <trkpt lat="30.638987" lon="104.12314">
        <time>2026-08-03T12:38:45Z</time>
      </trkpt>
      <trkpt lat="30.638998" lon="104.123055">
        <time>2026-08-03T12:38:46Z</time>
      </trkpt>
      <trkpt lat="30.639013" lon="104.12296">
        <time>2026-08-03T12:38:47Z</time>
      </trkpt>
      <trkpt lat="30.639025" lon="104.12288">
        <time>2026-08-03T12:38:48Z</time>
      </trkpt>
      <trkpt lat="30.63904" lon="104.122795">
        <time>2026-08-03T12:38:49Z</time>
      </trkpt>
      <trkpt lat="30.639055" lon="104.1227">
        <time>2026-08-03T12:38:50Z</time>
      </trkpt>
      <trkpt lat="30.639072" lon="104.12262">
        <time>2026-08-03T12:38:51Z</time>
      </trkpt>
      <trkpt lat="30.639095" lon="104.122536">
        <time>2026-08-03T12:38:52Z</time>
      </trkpt>
      <trkpt lat="30.639118" lon="104.122444">
        <time>2026-08-03T12:38:53Z</time>
      </trkpt>
      <trkpt lat="30.639143" lon="104.12236">
        <time>2026-08-03T12:38:54Z</time>
      </trkpt>
      <trkpt lat="30.639166" lon="104.12227">
        <time>2026-08-03T12:38:55Z</time>
      </trkpt>
      <trkpt lat="30.639194" lon="104.12218">
        <time>2026-08-03T12:38:56Z</time>
      </trkpt>
      <trkpt lat="30.639225" lon="104.12208">
        <time>2026-08-03T12:38:57Z</time>
      </trkpt>
      <trkpt lat="30.639257" lon="104.12199">
        <time>2026-08-03T12:38:58Z</time>
      </trkpt>
      <trkpt lat="30.63929" lon="104.121895">
        <time>2026-08-03T12:38:59Z</time>
      </trkpt>
      <trkpt lat="30.639324" lon="104.1218">
        <time>2026-08-03T12:39:00Z</time>
      </trkpt>
      <trkpt lat="30.63936" lon="104.12171">
        <time>2026-08-03T12:39:01Z</time>
      </trkpt>
      <trkpt lat="30.639399" lon="104.12161">
        <time>2026-08-03T12:39:02Z</time>
      </trkpt>
      <trkpt lat="30.63944" lon="104.12152">
        <time>2026-08-03T12:39:03Z</time>
      </trkpt>
      <trkpt lat="30.639488" lon="104.12143">
        <time>2026-08-03T12:39:04Z</time>
      </trkpt>
      <trkpt lat="30.639538" lon="104.121346">
        <time>2026-08-03T12:39:05Z</time>
      </trkpt>
      <trkpt lat="30.639587" lon="104.121254">
        <time>2026-08-03T12:39:06Z</time>
      </trkpt>
      <trkpt lat="30.639635" lon="104.12117">
        <time>2026-08-03T12:39:07Z</time>
      </trkpt>
      <trkpt lat="30.63968" lon="104.12108">
        <time>2026-08-03T12:39:08Z</time>
      </trkpt>
      <trkpt lat="30.639713" lon="104.12099">
        <time>2026-08-03T12:39:09Z</time>
      </trkpt>
      <trkpt lat="30.639742" lon="104.120895">
        <time>2026-08-03T12:39:10Z</time>
      </trkpt>
      <trkpt lat="30.63977" lon="104.12081">
        <time>2026-08-03T12:39:11Z</time>
      </trkpt>
      <trkpt lat="30.639803" lon="104.120735">
        <time>2026-08-03T12:39:12Z</time>
      </trkpt>
      <trkpt lat="30.63984" lon="104.12066">
        <time>2026-08-03T12:39:13Z</time>
      </trkpt>
      <trkpt lat="30.639877" lon="104.12059">
        <time>2026-08-03T12:39:14Z</time>
      </trkpt>
      <trkpt lat="30.639915" lon="104.12052">
        <time>2026-08-03T12:39:15Z</time>
      </trkpt>
      <trkpt lat="30.639954" lon="104.120445">
        <time>2026-08-03T12:39:16Z</time>
      </trkpt>
      <trkpt lat="30.639997" lon="104.12037">
        <time>2026-08-03T12:39:17Z</time>
      </trkpt>
      <trkpt lat="30.640038" lon="104.12029">
        <time>2026-08-03T12:39:18Z</time>
      </trkpt>
      <trkpt lat="30.640078" lon="104.12021">
        <time>2026-08-03T12:39:19Z</time>
      </trkpt>
      <trkpt lat="30.640116" lon="104.12013">
        <time>2026-08-03T12:39:20Z</time>
      </trkpt>
      <trkpt lat="30.640152" lon="104.120056">
        <time>2026-08-03T12:39:21Z</time>
      </trkpt>
      <trkpt lat="30.640184" lon="104.11998">
        <time>2026-08-03T12:39:22Z</time>
      </trkpt>
      <trkpt lat="30.64021" lon="104.11993">
        <time>2026-08-03T12:39:23Z</time>
      </trkpt>
      <trkpt lat="30.640236" lon="104.11988">
        <time>2026-08-03T12:39:24Z</time>
      </trkpt>
      <trkpt lat="30.640259" lon="104.11984">
        <time>2026-08-03T12:39:25Z</time>
      </trkpt>
      <trkpt lat="30.64028" lon="104.11979">
        <time>2026-08-03T12:39:26Z</time>
      </trkpt>
      <trkpt lat="30.640287" lon="104.119736">
        <time>2026-08-03T12:39:27Z</time>
      </trkpt>
      <trkpt lat="30.6403" lon="104.11968">
        <time>2026-08-03T12:39:28Z</time>
      </trkpt>
      <trkpt lat="30.64032" lon="104.11963">
        <time>2026-08-03T12:39:29Z</time>
      </trkpt>
      <trkpt lat="30.640345" lon="104.11957">
        <time>2026-08-03T12:39:30Z</time>
      </trkpt>
      <trkpt lat="30.640368" lon="104.11952">
        <time>2026-08-03T12:39:31Z</time>
      </trkpt>
      <trkpt lat="30.64039" lon="104.11947">
        <time>2026-08-03T12:39:32Z</time>
      </trkpt>
      <trkpt lat="30.640413" lon="104.11942">
        <time>2026-08-03T12:39:33Z</time>
      </trkpt>
      <trkpt lat="30.64044" lon="104.11936">
        <time>2026-08-03T12:39:34Z</time>
      </trkpt>
      <trkpt lat="30.640467" lon="104.11929">
        <time>2026-08-03T12:39:35Z</time>
      </trkpt>
      <trkpt lat="30.640491" lon="104.11923">
        <time>2026-08-03T12:39:36Z</time>
      </trkpt>
      <trkpt lat="30.640518" lon="104.11916">
        <time>2026-08-03T12:39:37Z</time>
      </trkpt>
      <trkpt lat="30.640543" lon="104.1191">
        <time>2026-08-03T12:39:38Z</time>
      </trkpt>
      <trkpt lat="30.640572" lon="104.11903">
        <time>2026-08-03T12:39:39Z</time>
      </trkpt>
      <trkpt lat="30.640602" lon="104.118965">
        <time>2026-08-03T12:39:40Z</time>
      </trkpt>
      <trkpt lat="30.640629" lon="104.1189">
        <time>2026-08-03T12:39:41Z</time>
      </trkpt>
      <trkpt lat="30.640652" lon="104.118835">
        <time>2026-08-03T12:39:42Z</time>
      </trkpt>
      <trkpt lat="30.64067" lon="104.11876">
        <time>2026-08-03T12:39:43Z</time>
      </trkpt>
      <trkpt lat="30.640697" lon="104.11869">
        <time>2026-08-03T12:39:44Z</time>
      </trkpt>
      <trkpt lat="30.640726" lon="104.11862">
        <time>2026-08-03T12:39:45Z</time>
      </trkpt>
      <trkpt lat="30.640764" lon="104.11855">
        <time>2026-08-03T12:39:46Z</time>
      </trkpt>
      <trkpt lat="30.640802" lon="104.11848">
        <time>2026-08-03T12:39:47Z</time>
      </trkpt>
      <trkpt lat="30.640835" lon="104.11839">
        <time>2026-08-03T12:39:48Z</time>
      </trkpt>
      <trkpt lat="30.64087" lon="104.11832">
        <time>2026-08-03T12:39:49Z</time>
      </trkpt>
      <trkpt lat="30.64091" lon="104.11823">
        <time>2026-08-03T12:39:50Z</time>
      </trkpt>
      <trkpt lat="30.640955" lon="104.11816">
        <time>2026-08-03T12:39:51Z</time>
      </trkpt>
      <trkpt lat="30.640999" lon="104.11807">
        <time>2026-08-03T12:39:52Z</time>
      </trkpt>
      <trkpt lat="30.641039" lon="104.118">
        <time>2026-08-03T12:39:53Z</time>
      </trkpt>
      <trkpt lat="30.641071" lon="104.11792">
        <time>2026-08-03T12:39:54Z</time>
      </trkpt>
      <trkpt lat="30.641108" lon="104.11784">
        <time>2026-08-03T12:39:55Z</time>
      </trkpt>
      <trkpt lat="30.641148" lon="104.11776">
        <time>2026-08-03T12:39:56Z</time>
      </trkpt>
      <trkpt lat="30.641184" lon="104.11769">
        <time>2026-08-03T12:39:57Z</time>
      </trkpt>
      <trkpt lat="30.641216" lon="104.117615">
        <time>2026-08-03T12:39:58Z</time>
      </trkpt>
      <trkpt lat="30.641254" lon="104.11754">
        <time>2026-08-03T12:39:59Z</time>
      </trkpt>
      <trkpt lat="30.641293" lon="104.11746">
        <time>2026-08-03T12:40:00Z</time>
      </trkpt>
      <trkpt lat="30.64133" lon="104.117386">
        <time>2026-08-03T12:40:01Z</time>
      </trkpt>
      <trkpt lat="30.641369" lon="104.11731">
        <time>2026-08-03T12:40:02Z</time>
      </trkpt>
      <trkpt lat="30.641409" lon="104.11725">
        <time>2026-08-03T12:40:03Z</time>
      </trkpt>
      <trkpt lat="30.641447" lon="104.11718">
        <time>2026-08-03T12:40:04Z</time>
      </trkpt>
      <trkpt lat="30.641483" lon="104.11711">
        <time>2026-08-03T12:40:05Z</time>
      </trkpt>
      <trkpt lat="30.641518" lon="104.117035">
        <time>2026-08-03T12:40:06Z</time>
      </trkpt>
      <trkpt lat="30.641552" lon="104.11696">
        <time>2026-08-03T12:40:07Z</time>
      </trkpt>
      <trkpt lat="30.641586" lon="104.11689">
        <time>2026-08-03T12:40:08Z</time>
      </trkpt>
      <trkpt lat="30.64162" lon="104.11681">
        <time>2026-08-03T12:40:09Z</time>
      </trkpt>
      <trkpt lat="30.641651" lon="104.116745">
        <time>2026-08-03T12:40:10Z</time>
      </trkpt>
      <trkpt lat="30.641685" lon="104.11667">
        <time>2026-08-03T12:40:11Z</time>
      </trkpt>
      <trkpt lat="30.641718" lon="104.1166">
        <time>2026-08-03T12:40:12Z</time>
      </trkpt>
      <trkpt lat="30.641754" lon="104.11654">
        <time>2026-08-03T12:40:13Z</time>
      </trkpt>
      <trkpt lat="30.641788" lon="104.11647">
        <time>2026-08-03T12:40:14Z</time>
      </trkpt>
      <trkpt lat="30.64182" lon="104.11641">
        <time>2026-08-03T12:40:15Z</time>
      </trkpt>
      <trkpt lat="30.64185" lon="104.11635">
        <time>2026-08-03T12:40:16Z</time>
      </trkpt>
      <trkpt lat="30.641872" lon="104.11628">
        <time>2026-08-03T12:40:17Z</time>
      </trkpt>
      <trkpt lat="30.6419" lon="104.11622">
        <time>2026-08-03T12:40:18Z</time>
      </trkpt>
      <trkpt lat="30.641926" lon="104.11615">
        <time>2026-08-03T12:40:19Z</time>
      </trkpt>
      <trkpt lat="30.641958" lon="104.11608">
        <time>2026-08-03T12:40:20Z</time>
      </trkpt>
      <trkpt lat="30.641993" lon="104.11601">
        <time>2026-08-03T12:40:21Z</time>
      </trkpt>
      <trkpt lat="30.642033" lon="104.115944">
        <time>2026-08-03T12:40:22Z</time>
      </trkpt>
      <trkpt lat="30.642076" lon="104.11587">
        <time>2026-08-03T12:40:23Z</time>
      </trkpt>
      <trkpt lat="30.642113" lon="104.11579">
        <time>2026-08-03T12:40:24Z</time>
      </trkpt>
      <trkpt lat="30.64215" lon="104.11571">
        <time>2026-08-03T12:40:25Z</time>
      </trkpt>
      <trkpt lat="30.64219" lon="104.11562">
        <time>2026-08-03T12:40:26Z</time>
      </trkpt>
      <trkpt lat="30.642231" lon="104.11555">
        <time>2026-08-03T12:40:27Z</time>
      </trkpt>
      <trkpt lat="30.642273" lon="104.11547">
        <time>2026-08-03T12:40:28Z</time>
      </trkpt>
      <trkpt lat="30.64231" lon="104.115395">
        <time>2026-08-03T12:40:29Z</time>
      </trkpt>
      <trkpt lat="30.642344" lon="104.11532">
        <time>2026-08-03T12:40:30Z</time>
      </trkpt>
      <trkpt lat="30.642374" lon="104.11526">
        <time>2026-08-03T12:40:31Z</time>
      </trkpt>
      <trkpt lat="30.6424" lon="104.11519">
        <time>2026-08-03T12:40:32Z</time>
      </trkpt>
      <trkpt lat="30.642431" lon="104.11512">
        <time>2026-08-03T12:40:33Z</time>
      </trkpt>
      <trkpt lat="30.642467" lon="104.11505">
        <time>2026-08-03T12:40:34Z</time>
      </trkpt>
      <trkpt lat="30.642498" lon="104.11499">
        <time>2026-08-03T12:40:35Z</time>
      </trkpt>
      <trkpt lat="30.642532" lon="104.11492">
        <time>2026-08-03T12:40:36Z</time>
      </trkpt>
      <trkpt lat="30.64256" lon="104.11485">
        <time>2026-08-03T12:40:37Z</time>
      </trkpt>
      <trkpt lat="30.642586" lon="104.114784">
        <time>2026-08-03T12:40:38Z</time>
      </trkpt>
      <trkpt lat="30.642614" lon="104.114716">
        <time>2026-08-03T12:40:39Z</time>
      </trkpt>
      <trkpt lat="30.642647" lon="104.11465">
        <time>2026-08-03T12:40:40Z</time>
      </trkpt>
      <trkpt lat="30.64268" lon="104.11456">
        <time>2026-08-03T12:40:41Z</time>
      </trkpt>
      <trkpt lat="30.642714" lon="104.11449">
        <time>2026-08-03T12:40:42Z</time>
      </trkpt>
      <trkpt lat="30.642754" lon="104.11441">
        <time>2026-08-03T12:40:43Z</time>
      </trkpt>
      <trkpt lat="30.642794" lon="104.11433">
        <time>2026-08-03T12:40:44Z</time>
      </trkpt>
      <trkpt lat="30.64283" lon="104.11424">
        <time>2026-08-03T12:40:45Z</time>
      </trkpt>
      <trkpt lat="30.642868" lon="104.11417">
        <time>2026-08-03T12:40:46Z</time>
      </trkpt>
      <trkpt lat="30.642906" lon="104.114075">
        <time>2026-08-03T12:40:47Z</time>
      </trkpt>
      <trkpt lat="30.642946" lon="104.114">
        <time>2026-08-03T12:40:48Z</time>
      </trkpt>
      <trkpt lat="30.642982" lon="104.113914">
        <time>2026-08-03T12:40:49Z</time>
      </trkpt>
      <trkpt lat="30.643019" lon="104.11383">
        <time>2026-08-03T12:40:50Z</time>
      </trkpt>
      <trkpt lat="30.643045" lon="104.11375">
        <time>2026-08-03T12:40:51Z</time>
      </trkpt>
      <trkpt lat="30.643074" lon="104.11366">
        <time>2026-08-03T12:40:52Z</time>
      </trkpt>
      <trkpt lat="30.643105" lon="104.11359">
        <time>2026-08-03T12:40:53Z</time>
      </trkpt>
      <trkpt lat="30.643137" lon="104.11351">
        <time>2026-08-03T12:40:54Z</time>
      </trkpt>
      <trkpt lat="30.643179" lon="104.113434">
        <time>2026-08-03T12:40:55Z</time>
      </trkpt>
      <trkpt lat="30.643227" lon="104.11336">
        <time>2026-08-03T12:40:56Z</time>
      </trkpt>
      <trkpt lat="30.64327" lon="104.11328">
        <time>2026-08-03T12:40:57Z</time>
      </trkpt>
      <trkpt lat="30.643316" lon="104.11321">
        <time>2026-08-03T12:40:58Z</time>
      </trkpt>
      <trkpt lat="30.643354" lon="104.11314">
        <time>2026-08-03T12:40:59Z</time>
      </trkpt>
      <trkpt lat="30.643393" lon="104.11307">
        <time>2026-08-03T12:41:00Z</time>
      </trkpt>
      <trkpt lat="30.643425" lon="104.113">
        <time>2026-08-03T12:41:01Z</time>
      </trkpt>
      <trkpt lat="30.64346" lon="104.11294">
        <time>2026-08-03T12:41:02Z</time>
      </trkpt>
      <trkpt lat="30.643496" lon="104.11287">
        <time>2026-08-03T12:41:03Z</time>
      </trkpt>
      <trkpt lat="30.64353" lon="104.1128">
        <time>2026-08-03T12:41:04Z</time>
      </trkpt>
      <trkpt lat="30.643562" lon="104.11274">
        <time>2026-08-03T12:41:05Z</time>
      </trkpt>
      <trkpt lat="30.64359" lon="104.11268">
        <time>2026-08-03T12:41:06Z</time>
      </trkpt>
      <trkpt lat="30.643616" lon="104.11262">
        <time>2026-08-03T12:41:07Z</time>
      </trkpt>
      <trkpt lat="30.643642" lon="104.112564">
        <time>2026-08-03T12:41:08Z</time>
      </trkpt>
      <trkpt lat="30.643675" lon="104.11251">
        <time>2026-08-03T12:41:09Z</time>
      </trkpt>
      <trkpt lat="30.64371" lon="104.112465">
        <time>2026-08-03T12:41:10Z</time>
      </trkpt>
      <trkpt lat="30.643736" lon="104.11242">
        <time>2026-08-03T12:41:11Z</time>
      </trkpt>
      <trkpt lat="30.643763" lon="104.11238">
        <time>2026-08-03T12:41:12Z</time>
      </trkpt>
      <trkpt lat="30.643784" lon="104.11234">
        <time>2026-08-03T12:41:13Z</time>
      </trkpt>
      <trkpt lat="30.643808" lon="104.11232">
        <time>2026-08-03T12:41:14Z</time>
      </trkpt>
      <trkpt lat="30.643826" lon="104.112305">
        <time>2026-08-03T12:41:15Z</time>
      </trkpt>
      <trkpt lat="30.643837" lon="104.11228">
        <time>2026-08-03T12:41:16Z</time>
      </trkpt>
      <trkpt lat="30.643848" lon="104.112274">
        <time>2026-08-03T12:41:17Z</time>
      </trkpt>
      <trkpt lat="30.643848" lon="104.112274">
        <time>2026-08-03T12:41:18Z</time>
      </trkpt>
      <trkpt lat="30.643848" lon="104.112274">
        <time>2026-08-03T12:41:19Z</time>
      </trkpt>
      <trkpt lat="30.643848" lon="104.112274">
        <time>2026-08-03T12:41:20Z</time>
      </trkpt>
      <trkpt lat="30.643848" lon="104.112274">
        <time>2026-08-03T12:41:21Z</time>
      </trkpt>
      <trkpt lat="30.643848" lon="104.112274">
        <time>2026-08-03T12:41:22Z</time>
      </trkpt>
      <trkpt lat="30.643848" lon="104.112274">
        <time>2026-08-03T12:41:23Z</time>
      </trkpt>
      <trkpt lat="30.643848" lon="104.112274">
        <time>2026-08-03T12:41:24Z</time>
      </trkpt>
      <trkpt lat="30.643848" lon="104.112274">
        <time>2026-08-03T12:41:25Z</time>
      </trkpt>
      <trkpt lat="30.643848" lon="104.112274">
        <time>2026-08-03T12:41:26Z</time>
      </trkpt>
      <trkpt lat="30.643848" lon="104.112274">
        <time>2026-08-03T12:41:27Z</time>
      </trkpt>
      <trkpt lat="30.643848" lon="104.112274">
        <time>2026-08-03T12:41:28Z</time>
      </trkpt>
      <trkpt lat="30.643848" lon="104.112274">
        <time>2026-08-03T12:41:29Z</time>
      </trkpt>
      <trkpt lat="30.643848" lon="104.112274">
        <time>2026-08-03T12:41:30Z</time>
      </trkpt>
      <trkpt lat="30.643848" lon="104.112274">
        <time>2026-08-03T12:41:31Z</time>
      </trkpt>
      <trkpt lat="30.643848" lon="104.112274">
        <time>2026-08-03T12:41:32Z</time>
      </trkpt>
      <trkpt lat="30.643848" lon="104.112274">
        <time>2026-08-03T12:41:33Z</time>
      </trkpt>
      <trkpt lat="30.643848" lon="104.112274">
        <time>2026-08-03T12:41:34Z</time>
      </trkpt>
      <trkpt lat="30.643848" lon="104.112274">
        <time>2026-08-03T12:41:35Z</time>
      </trkpt>
      <trkpt lat="30.643848" lon="104.112274">
        <time>2026-08-03T12:41:36Z</time>
      </trkpt>
      <trkpt lat="30.643848" lon="104.112274">
        <time>2026-08-03T12:41:37Z</time>
      </trkpt>
      <trkpt lat="30.643848" lon="104.112274">
        <time>2026-08-03T12:41:38Z</time>
      </trkpt>
      <trkpt lat="30.643848" lon="104.112274">
        <time>2026-08-03T12:41:39Z</time>
      </trkpt>
      <trkpt lat="30.643848" lon="104.112274">
        <time>2026-08-03T12:41:40Z</time>
      </trkpt>
      <trkpt lat="30.643848" lon="104.112274">
        <time>2026-08-03T12:41:41Z</time>
      </trkpt>
      <trkpt lat="30.643848" lon="104.112274">
        <time>2026-08-03T12:41:42Z</time>
      </trkpt>
      <trkpt lat="30.643848" lon="104.112274">
        <time>2026-08-03T12:41:43Z</time>
      </trkpt>
      <trkpt lat="30.643848" lon="104.112274">
        <time>2026-08-03T12:41:44Z</time>
      </trkpt>
      <trkpt lat="30.643848" lon="104.112274">
        <time>2026-08-03T12:41:45Z</time>
      </trkpt>
      <trkpt lat="30.643848" lon="104.112274">
        <time>2026-08-03T12:41:46Z</time>
      </trkpt>
      <trkpt lat="30.643848" lon="104.112274">
        <time>2026-08-03T12:41:47Z</time>
      </trkpt>
      <trkpt lat="30.643848" lon="104.112274">
        <time>2026-08-03T12:41:48Z</time>
      </trkpt>
      <trkpt lat="30.643848" lon="104.112274">
        <time>2026-08-03T12:41:49Z</time>
      </trkpt>
      <trkpt lat="30.643848" lon="104.112274">
        <time>2026-08-03T12:41:50Z</time>
      </trkpt>
      <trkpt lat="30.643848" lon="104.112274">
        <time>2026-08-03T12:41:51Z</time>
      </trkpt>
      <trkpt lat="30.643848" lon="104.112274">
        <time>2026-08-03T12:41:52Z</time>
      </trkpt>
      <trkpt lat="30.643848" lon="104.112274">
        <time>2026-08-03T12:41:53Z</time>
      </trkpt>
      <trkpt lat="30.643848" lon="104.112274">
        <time>2026-08-03T12:41:54Z</time>
      </trkpt>
      <trkpt lat="30.643848" lon="104.112274">
        <time>2026-08-03T12:41:55Z</time>
      </trkpt>
      <trkpt lat="30.643848" lon="104.112274">
        <time>2026-08-03T12:41:56Z</time>
      </trkpt>
      <trkpt lat="30.643848" lon="104.112274">
        <time>2026-08-03T12:41:57Z</time>
      </trkpt>
      <trkpt lat="30.643848" lon="104.112274">
        <time>2026-08-03T12:41:58Z</time>
      </trkpt>
      <trkpt lat="30.643848" lon="104.112274">
        <time>2026-08-03T12:41:59Z</time>
      </trkpt>
      <trkpt lat="30.643854" lon="104.11225">
        <time>2026-08-03T12:42:00Z</time>
      </trkpt>
      <trkpt lat="30.643867" lon="104.11224">
        <time>2026-08-03T12:42:01Z</time>
      </trkpt>
      <trkpt lat="30.64388" lon="104.11223">
        <time>2026-08-03T12:42:02Z</time>
      </trkpt>
      <trkpt lat="30.643885" lon="104.112206">
        <time>2026-08-03T12:42:03Z</time>
      </trkpt>
      <trkpt lat="30.643888" lon="104.11218">
        <time>2026-08-03T12:42:04Z</time>
      </trkpt>
      <trkpt lat="30.64389" lon="104.112144">
        <time>2026-08-03T12:42:05Z</time>
      </trkpt>
      <trkpt lat="30.643898" lon="104.11211">
        <time>2026-08-03T12:42:06Z</time>
      </trkpt>
      <trkpt lat="30.643908" lon="104.11207">
        <time>2026-08-03T12:42:07Z</time>
      </trkpt>
      <trkpt lat="30.64393" lon="104.112">
        <time>2026-08-03T12:42:08Z</time>
      </trkpt>
      <trkpt lat="30.643951" lon="104.11192">
        <time>2026-08-03T12:42:09Z</time>
      </trkpt>
      <trkpt lat="30.643982" lon="104.111855">
        <time>2026-08-03T12:42:10Z</time>
      </trkpt>
      <trkpt lat="30.644012" lon="104.11179">
        <time>2026-08-03T12:42:11Z</time>
      </trkpt>
      <trkpt lat="30.644049" lon="104.11172">
        <time>2026-08-03T12:42:12Z</time>
      </trkpt>
      <trkpt lat="30.644075" lon="104.11165">
        <time>2026-08-03T12:42:13Z</time>
      </trkpt>
      <trkpt lat="30.644104" lon="104.11159">
        <time>2026-08-03T12:42:14Z</time>
      </trkpt>
      <trkpt lat="30.644133" lon="104.11153">
        <time>2026-08-03T12:42:15Z</time>
      </trkpt>
      <trkpt lat="30.644157" lon="104.11146">
        <time>2026-08-03T12:42:16Z</time>
      </trkpt>
      <trkpt lat="30.64419" lon="104.11138">
        <time>2026-08-03T12:42:17Z</time>
      </trkpt>
      <trkpt lat="30.644222" lon="104.11131">
        <time>2026-08-03T12:42:18Z</time>
      </trkpt>
      <trkpt lat="30.644253" lon="104.11124">
        <time>2026-08-03T12:42:19Z</time>
      </trkpt>
      <trkpt lat="30.644289" lon="104.11116">
        <time>2026-08-03T12:42:20Z</time>
      </trkpt>
      <trkpt lat="30.644327" lon="104.111084">
        <time>2026-08-03T12:42:21Z</time>
      </trkpt>
      <trkpt lat="30.644361" lon="104.11101">
        <time>2026-08-03T12:42:22Z</time>
      </trkpt>
      <trkpt lat="30.644396" lon="104.11092">
        <time>2026-08-03T12:42:23Z</time>
      </trkpt>
      <trkpt lat="30.64443" lon="104.11084">
        <time>2026-08-03T12:42:24Z</time>
      </trkpt>
      <trkpt lat="30.644466" lon="104.110756">
        <time>2026-08-03T12:42:25Z</time>
      </trkpt>
      <trkpt lat="30.644497" lon="104.11068">
        <time>2026-08-03T12:42:26Z</time>
      </trkpt>
      <trkpt lat="30.644531" lon="104.1106">
        <time>2026-08-03T12:42:27Z</time>
      </trkpt>
      <trkpt lat="30.644567" lon="104.11052">
        <time>2026-08-03T12:42:28Z</time>
      </trkpt>
      <trkpt lat="30.644608" lon="104.110435">
        <time>2026-08-03T12:42:29Z</time>
      </trkpt>
      <trkpt lat="30.644646" lon="104.11035">
        <time>2026-08-03T12:42:30Z</time>
      </trkpt>
      <trkpt lat="30.644676" lon="104.110275">
        <time>2026-08-03T12:42:31Z</time>
      </trkpt>
      <trkpt lat="30.644714" lon="104.1102">
        <time>2026-08-03T12:42:32Z</time>
      </trkpt>
      <trkpt lat="30.644753" lon="104.11012">
        <time>2026-08-03T12:42:33Z</time>
      </trkpt>
      <trkpt lat="30.644793" lon="104.11005">
        <time>2026-08-03T12:42:34Z</time>
      </trkpt>
      <trkpt lat="30.64483" lon="104.10997">
        <time>2026-08-03T12:42:35Z</time>
      </trkpt>
      <trkpt lat="30.644869" lon="104.109886">
        <time>2026-08-03T12:42:36Z</time>
      </trkpt>
      <trkpt lat="30.644905" lon="104.10981">
        <time>2026-08-03T12:42:37Z</time>
      </trkpt>
      <trkpt lat="30.644945" lon="104.109726">
        <time>2026-08-03T12:42:38Z</time>
      </trkpt>
      <trkpt lat="30.644981" lon="104.10965">
        <time>2026-08-03T12:42:39Z</time>
      </trkpt>
      <trkpt lat="30.645016" lon="104.109566">
        <time>2026-08-03T12:42:40Z</time>
      </trkpt>
      <trkpt lat="30.645052" lon="104.10949">
        <time>2026-08-03T12:42:41Z</time>
      </trkpt>
      <trkpt lat="30.645084" lon="104.10941">
        <time>2026-08-03T12:42:42Z</time>
      </trkpt>
      <trkpt lat="30.645119" lon="104.10934">
        <time>2026-08-03T12:42:43Z</time>
      </trkpt>
      <trkpt lat="30.645153" lon="104.10926">
        <time>2026-08-03T12:42:44Z</time>
      </trkpt>
      <trkpt lat="30.64519" lon="104.109184">
        <time>2026-08-03T12:42:45Z</time>
      </trkpt>
      <trkpt lat="30.645227" lon="104.10911">
        <time>2026-08-03T12:42:46Z</time>
      </trkpt>
      <trkpt lat="30.645267" lon="104.10903">
        <time>2026-08-03T12:42:47Z</time>
      </trkpt>
      <trkpt lat="30.64531" lon="104.10896">
        <time>2026-08-03T12:42:48Z</time>
      </trkpt>
      <trkpt lat="30.645353" lon="104.10889">
        <time>2026-08-03T12:42:49Z</time>
      </trkpt>
      <trkpt lat="30.6454" lon="104.10882">
        <time>2026-08-03T12:42:50Z</time>
      </trkpt>
      <trkpt lat="30.645441" lon="104.10876">
        <time>2026-08-03T12:42:51Z</time>
      </trkpt>
      <trkpt lat="30.64548" lon="104.10869">
        <time>2026-08-03T12:42:52Z</time>
      </trkpt>
      <trkpt lat="30.64552" lon="104.10862">
        <time>2026-08-03T12:42:53Z</time>
      </trkpt>
      <trkpt lat="30.645554" lon="104.10856">
        <time>2026-08-03T12:42:54Z</time>
      </trkpt>
      <trkpt lat="30.64559" lon="104.1085">
        <time>2026-08-03T12:42:55Z</time>
      </trkpt>
      <trkpt lat="30.645622" lon="104.10844">
        <time>2026-08-03T12:42:56Z</time>
      </trkpt>
      <trkpt lat="30.645653" lon="104.108376">
        <time>2026-08-03T12:42:57Z</time>
      </trkpt>
      <trkpt lat="30.645681" lon="104.10832">
        <time>2026-08-03T12:42:58Z</time>
      </trkpt>
      <trkpt lat="30.645702" lon="104.108284">
        <time>2026-08-03T12:42:59Z</time>
      </trkpt>
      <trkpt lat="30.645714" lon="104.10826">
        <time>2026-08-03T12:43:00Z</time>
      </trkpt>
      <trkpt lat="30.645716" lon="104.10823">
        <time>2026-08-03T12:43:01Z</time>
      </trkpt>
      <trkpt lat="30.64572" lon="104.10821">
        <time>2026-08-03T12:43:02Z</time>
      </trkpt>
      <trkpt lat="30.645727" lon="104.108185">
        <time>2026-08-03T12:43:03Z</time>
      </trkpt>
      <trkpt lat="30.645737" lon="104.10816">
        <time>2026-08-03T12:43:04Z</time>
      </trkpt>
      <trkpt lat="30.645752" lon="104.10814">
        <time>2026-08-03T12:43:05Z</time>
      </trkpt>
      <trkpt lat="30.645758" lon="104.108116">
        <time>2026-08-03T12:43:06Z</time>
      </trkpt>
      <trkpt lat="30.645767" lon="104.10808">
        <time>2026-08-03T12:43:07Z</time>
      </trkpt>
      <trkpt lat="30.64577" lon="104.10803">
        <time>2026-08-03T12:43:08Z</time>
      </trkpt>
      <trkpt lat="30.645771" lon="104.10799">
        <time>2026-08-03T12:43:09Z</time>
      </trkpt>
      <trkpt lat="30.645786" lon="104.10793">
        <time>2026-08-03T12:43:10Z</time>
      </trkpt>
      <trkpt lat="30.64581" lon="104.10787">
        <time>2026-08-03T12:43:11Z</time>
      </trkpt>
      <trkpt lat="30.645832" lon="104.10782">
        <time>2026-08-03T12:43:12Z</time>
      </trkpt>
      <trkpt lat="30.645857" lon="104.10775">
        <time>2026-08-03T12:43:13Z</time>
      </trkpt>
      <trkpt lat="30.645887" lon="104.107704">
        <time>2026-08-03T12:43:14Z</time>
      </trkpt>
      <trkpt lat="30.645914" lon="104.10764">
        <time>2026-08-03T12:43:15Z</time>
      </trkpt>
      <trkpt lat="30.64594" lon="104.10759">
        <time>2026-08-03T12:43:16Z</time>
      </trkpt>
      <trkpt lat="30.645967" lon="104.10753">
        <time>2026-08-03T12:43:17Z</time>
      </trkpt>
      <trkpt lat="30.646" lon="104.10746">
        <time>2026-08-03T12:43:18Z</time>
      </trkpt>
      <trkpt lat="30.646032" lon="104.1074">
        <time>2026-08-03T12:43:19Z</time>
      </trkpt>
      <trkpt lat="30.64606" lon="104.10733">
        <time>2026-08-03T12:43:20Z</time>
      </trkpt>
      <trkpt lat="30.646091" lon="104.10726">
        <time>2026-08-03T12:43:21Z</time>
      </trkpt>
      <trkpt lat="30.646122" lon="104.10719">
        <time>2026-08-03T12:43:22Z</time>
      </trkpt>
      <trkpt lat="30.646152" lon="104.10714">
        <time>2026-08-03T12:43:23Z</time>
      </trkpt>
      <trkpt lat="30.646181" lon="104.10706">
        <time>2026-08-03T12:43:24Z</time>
      </trkpt>
      <trkpt lat="30.646212" lon="104.10699">
        <time>2026-08-03T12:43:25Z</time>
      </trkpt>
      <trkpt lat="30.646244" lon="104.10691">
        <time>2026-08-03T12:43:26Z</time>
      </trkpt>
      <trkpt lat="30.646275" lon="104.10684">
        <time>2026-08-03T12:43:27Z</time>
      </trkpt>
      <trkpt lat="30.646309" lon="104.10676">
        <time>2026-08-03T12:43:28Z</time>
      </trkpt>
      <trkpt lat="30.646338" lon="104.1067">
        <time>2026-08-03T12:43:29Z</time>
      </trkpt>
      <trkpt lat="30.646378" lon="104.10663">
        <time>2026-08-03T12:43:30Z</time>
      </trkpt>
      <trkpt lat="30.64642" lon="104.10655">
        <time>2026-08-03T12:43:31Z</time>
      </trkpt>
      <trkpt lat="30.646456" lon="104.106476">
        <time>2026-08-03T12:43:32Z</time>
      </trkpt>
      <trkpt lat="30.646496" lon="104.1064">
        <time>2026-08-03T12:43:33Z</time>
      </trkpt>
      <trkpt lat="30.646528" lon="104.10634">
        <time>2026-08-03T12:43:34Z</time>
      </trkpt>
      <trkpt lat="30.646564" lon="104.10626">
        <time>2026-08-03T12:43:35Z</time>
      </trkpt>
      <trkpt lat="30.646593" lon="104.10619">
        <time>2026-08-03T12:43:36Z</time>
      </trkpt>
      <trkpt lat="30.64662" lon="104.10612">
        <time>2026-08-03T12:43:37Z</time>
      </trkpt>
      <trkpt lat="30.646654" lon="104.10605">
        <time>2026-08-03T12:43:38Z</time>
      </trkpt>
      <trkpt lat="30.64669" lon="104.10598">
        <time>2026-08-03T12:43:39Z</time>
      </trkpt>
      <trkpt lat="30.646723" lon="104.10591">
        <time>2026-08-03T12:43:40Z</time>
      </trkpt>
      <trkpt lat="30.646757" lon="104.10584">
        <time>2026-08-03T12:43:41Z</time>
      </trkpt>
      <trkpt lat="30.646788" lon="104.105774">
        <time>2026-08-03T12:43:42Z</time>
      </trkpt>
      <trkpt lat="30.64682" lon="104.105705">
        <time>2026-08-03T12:43:43Z</time>
      </trkpt>
      <trkpt lat="30.646852" lon="104.10563">
        <time>2026-08-03T12:43:44Z</time>
      </trkpt>
      <trkpt lat="30.646881" lon="104.10556">
        <time>2026-08-03T12:43:45Z</time>
      </trkpt>
      <trkpt lat="30.646912" lon="104.10549">
        <time>2026-08-03T12:43:46Z</time>
      </trkpt>
      <trkpt lat="30.646938" lon="104.105415">
        <time>2026-08-03T12:43:47Z</time>
      </trkpt>
      <trkpt lat="30.646965" lon="104.10534">
        <time>2026-08-03T12:43:48Z</time>
      </trkpt>
      <trkpt lat="30.646997" lon="104.10527">
        <time>2026-08-03T12:43:49Z</time>
      </trkpt>
      <trkpt lat="30.647028" lon="104.105194">
        <time>2026-08-03T12:43:50Z</time>
      </trkpt>
      <trkpt lat="30.647064" lon="104.105125">
        <time>2026-08-03T12:43:51Z</time>
      </trkpt>
      <trkpt lat="30.6471" lon="104.10505">
        <time>2026-08-03T12:43:52Z</time>
      </trkpt>
      <trkpt lat="30.647135" lon="104.10498">
        <time>2026-08-03T12:43:53Z</time>
      </trkpt>
      <trkpt lat="30.647165" lon="104.104904">
        <time>2026-08-03T12:43:54Z</time>
      </trkpt>
      <trkpt lat="30.647196" lon="104.104836">
        <time>2026-08-03T12:43:55Z</time>
      </trkpt>
      <trkpt lat="30.647226" lon="104.10477">
        <time>2026-08-03T12:43:56Z</time>
      </trkpt>
      <trkpt lat="30.647255" lon="104.104706">
        <time>2026-08-03T12:43:57Z</time>
      </trkpt>
      <trkpt lat="30.64728" lon="104.10464">
        <time>2026-08-03T12:43:58Z</time>
      </trkpt>
      <trkpt lat="30.6473" lon="104.10458">
        <time>2026-08-03T12:43:59Z</time>
      </trkpt>
      <trkpt lat="30.647324" lon="104.10452">
        <time>2026-08-03T12:44:00Z</time>
      </trkpt>
      <trkpt lat="30.647352" lon="104.10448">
        <time>2026-08-03T12:44:01Z</time>
      </trkpt>
      <trkpt lat="30.647383" lon="104.10442">
        <time>2026-08-03T12:44:02Z</time>
      </trkpt>
      <trkpt lat="30.647419" lon="104.10436">
        <time>2026-08-03T12:44:03Z</time>
      </trkpt>
      <trkpt lat="30.64745" lon="104.104294">
        <time>2026-08-03T12:44:04Z</time>
      </trkpt>
      <trkpt lat="30.647478" lon="104.10423">
        <time>2026-08-03T12:44:05Z</time>
      </trkpt>
      <trkpt lat="30.647509" lon="104.10417">
        <time>2026-08-03T12:44:06Z</time>
      </trkpt>
      <trkpt lat="30.64754" lon="104.10411">
        <time>2026-08-03T12:44:07Z</time>
      </trkpt>
      <trkpt lat="30.64757" lon="104.10405">
        <time>2026-08-03T12:44:08Z</time>
      </trkpt>
      <trkpt lat="30.647594" lon="104.104">
        <time>2026-08-03T12:44:09Z</time>
      </trkpt>
      <trkpt lat="30.64762" lon="104.10394">
        <time>2026-08-03T12:44:10Z</time>
      </trkpt>
      <trkpt lat="30.647644" lon="104.1039">
        <time>2026-08-03T12:44:11Z</time>
      </trkpt>
      <trkpt lat="30.64766" lon="104.10387">
        <time>2026-08-03T12:44:12Z</time>
      </trkpt>
      <trkpt lat="30.647675" lon="104.103836">
        <time>2026-08-03T12:44:13Z</time>
      </trkpt>
      <trkpt lat="30.647686" lon="104.10381">
        <time>2026-08-03T12:44:14Z</time>
      </trkpt>
      <trkpt lat="30.647701" lon="104.10378">
        <time>2026-08-03T12:44:15Z</time>
      </trkpt>
      <trkpt lat="30.647722" lon="104.103745">
        <time>2026-08-03T12:44:16Z</time>
      </trkpt>
      <trkpt lat="30.647738" lon="104.1037">
        <time>2026-08-03T12:44:17Z</time>
      </trkpt>
      <trkpt lat="30.64776" lon="104.103645">
        <time>2026-08-03T12:44:18Z</time>
      </trkpt>
      <trkpt lat="30.647781" lon="104.10359">
        <time>2026-08-03T12:44:19Z</time>
      </trkpt>
      <trkpt lat="30.647808" lon="104.10353">
        <time>2026-08-03T12:44:20Z</time>
      </trkpt>
      <trkpt lat="30.647839" lon="104.10348">
        <time>2026-08-03T12:44:21Z</time>
      </trkpt>
      <trkpt lat="30.647873" lon="104.10342">
        <time>2026-08-03T12:44:22Z</time>
      </trkpt>
      <trkpt lat="30.647907" lon="104.103355">
        <time>2026-08-03T12:44:23Z</time>
      </trkpt>
      <trkpt lat="30.647938" lon="104.1033">
        <time>2026-08-03T12:44:24Z</time>
      </trkpt>
      <trkpt lat="30.64797" lon="104.10323">
        <time>2026-08-03T12:44:25Z</time>
      </trkpt>
      <trkpt lat="30.648003" lon="104.10318">
        <time>2026-08-03T12:44:26Z</time>
      </trkpt>
      <trkpt lat="30.64804" lon="104.10312">
        <time>2026-08-03T12:44:27Z</time>
      </trkpt>
      <trkpt lat="30.64808" lon="104.10305">
        <time>2026-08-03T12:44:28Z</time>
      </trkpt>
      <trkpt lat="30.648113" lon="104.10298">
        <time>2026-08-03T12:44:29Z</time>
      </trkpt>
      <trkpt lat="30.648148" lon="104.10291">
        <time>2026-08-03T12:44:30Z</time>
      </trkpt>
      <trkpt lat="30.648182" lon="104.102844">
        <time>2026-08-03T12:44:31Z</time>
      </trkpt>
      <trkpt lat="30.648218" lon="104.10276">
        <time>2026-08-03T12:44:32Z</time>
      </trkpt>
      <trkpt lat="30.648243" lon="104.10268">
        <time>2026-08-03T12:44:33Z</time>
      </trkpt>
      <trkpt lat="30.648277" lon="104.1026">
        <time>2026-08-03T12:44:34Z</time>
      </trkpt>
      <trkpt lat="30.64831" lon="104.10251">
        <time>2026-08-03T12:44:35Z</time>
      </trkpt>
      <trkpt lat="30.648346" lon="104.102425">
        <time>2026-08-03T12:44:36Z</time>
      </trkpt>
      <trkpt lat="30.648384" lon="104.10235">
        <time>2026-08-03T12:44:37Z</time>
      </trkpt>
      <trkpt lat="30.648424" lon="104.10227">
        <time>2026-08-03T12:44:38Z</time>
      </trkpt>
      <trkpt lat="30.64847" lon="104.102196">
        <time>2026-08-03T12:44:39Z</time>
      </trkpt>
      <trkpt lat="30.648514" lon="104.10213">
        <time>2026-08-03T12:44:40Z</time>
      </trkpt>
      <trkpt lat="30.648556" lon="104.10206">
        <time>2026-08-03T12:44:41Z</time>
      </trkpt>
      <trkpt lat="30.648598" lon="104.10199">
        <time>2026-08-03T12:44:42Z</time>
      </trkpt>
      <trkpt lat="30.648636" lon="104.10192">
        <time>2026-08-03T12:44:43Z</time>
      </trkpt>
      <trkpt lat="30.648668" lon="104.10184">
        <time>2026-08-03T12:44:44Z</time>
      </trkpt>
      <trkpt lat="30.648703" lon="104.10177">
        <time>2026-08-03T12:44:45Z</time>
      </trkpt>
      <trkpt lat="30.648737" lon="104.10169">
        <time>2026-08-03T12:44:46Z</time>
      </trkpt>
      <trkpt lat="30.648762" lon="104.10161">
        <time>2026-08-03T12:44:47Z</time>
      </trkpt>
      <trkpt lat="30.64879" lon="104.10153">
        <time>2026-08-03T12:44:48Z</time>
      </trkpt>
      <trkpt lat="30.64882" lon="104.101456">
        <time>2026-08-03T12:44:49Z</time>
      </trkpt>
      <trkpt lat="30.648857" lon="104.10137">
        <time>2026-08-03T12:44:50Z</time>
      </trkpt>
      <trkpt lat="30.64889" lon="104.10129">
        <time>2026-08-03T12:44:51Z</time>
      </trkpt>
      <trkpt lat="30.648928" lon="104.101204">
        <time>2026-08-03T12:44:52Z</time>
      </trkpt>
      <trkpt lat="30.64896" lon="104.10113">
        <time>2026-08-03T12:44:53Z</time>
      </trkpt>
      <trkpt lat="30.648996" lon="104.10104">
        <time>2026-08-03T12:44:54Z</time>
      </trkpt>
      <trkpt lat="30.649033" lon="104.10097">
        <time>2026-08-03T12:44:55Z</time>
      </trkpt>
      <trkpt lat="30.649067" lon="104.10089">
        <time>2026-08-03T12:44:56Z</time>
      </trkpt>
      <trkpt lat="30.649101" lon="104.10081">
        <time>2026-08-03T12:44:57Z</time>
      </trkpt>
      <trkpt lat="30.64913" lon="104.10073">
        <time>2026-08-03T12:44:58Z</time>
      </trkpt>
      <trkpt lat="30.649168" lon="104.10065">
        <time>2026-08-03T12:44:59Z</time>
      </trkpt>
      <trkpt lat="30.649208" lon="104.10057">
        <time>2026-08-03T12:45:00Z</time>
      </trkpt>
      <trkpt lat="30.649242" lon="104.100494">
        <time>2026-08-03T12:45:01Z</time>
      </trkpt>
      <trkpt lat="30.649282" lon="104.10042">
        <time>2026-08-03T12:45:02Z</time>
      </trkpt>
      <trkpt lat="30.649319" lon="104.10034">
        <time>2026-08-03T12:45:03Z</time>
      </trkpt>
      <trkpt lat="30.649351" lon="104.10027">
        <time>2026-08-03T12:45:04Z</time>
      </trkpt>
      <trkpt lat="30.64939" lon="104.100204">
        <time>2026-08-03T12:45:05Z</time>
      </trkpt>
      <trkpt lat="30.649427" lon="104.10013">
        <time>2026-08-03T12:45:06Z</time>
      </trkpt>
      <trkpt lat="30.649462" lon="104.10006">
        <time>2026-08-03T12:45:07Z</time>
      </trkpt>
      <trkpt lat="30.649494" lon="104.09998">
        <time>2026-08-03T12:45:08Z</time>
      </trkpt>
      <trkpt lat="30.649527" lon="104.09991">
        <time>2026-08-03T12:45:09Z</time>
      </trkpt>
      <trkpt lat="30.649559" lon="104.09983">
        <time>2026-08-03T12:45:10Z</time>
      </trkpt>
      <trkpt lat="30.649595" lon="104.099754">
        <time>2026-08-03T12:45:11Z</time>
      </trkpt>
      <trkpt lat="30.649632" lon="104.09968">
        <time>2026-08-03T12:45:12Z</time>
      </trkpt>
      <trkpt lat="30.649662" lon="104.0996">
        <time>2026-08-03T12:45:13Z</time>
      </trkpt>
      <trkpt lat="30.649696" lon="104.09953">
        <time>2026-08-03T12:45:14Z</time>
      </trkpt>
      <trkpt lat="30.649729" lon="104.09946">
        <time>2026-08-03T12:45:15Z</time>
      </trkpt>
      <trkpt lat="30.64976" lon="104.09938">
        <time>2026-08-03T12:45:16Z</time>
      </trkpt>
      <trkpt lat="30.649792" lon="104.099304">
        <time>2026-08-03T12:45:17Z</time>
      </trkpt>
      <trkpt lat="30.64982" lon="104.099236">
        <time>2026-08-03T12:45:18Z</time>
      </trkpt>
      <trkpt lat="30.649855" lon="104.09917">
        <time>2026-08-03T12:45:19Z</time>
      </trkpt>
      <trkpt lat="30.64989" lon="104.0991">
        <time>2026-08-03T12:45:20Z</time>
      </trkpt>
      <trkpt lat="30.649925" lon="104.09902">
        <time>2026-08-03T12:45:21Z</time>
      </trkpt>
      <trkpt lat="30.649956" lon="104.09895">
        <time>2026-08-03T12:45:22Z</time>
      </trkpt>
      <trkpt lat="30.64999" lon="104.098885">
        <time>2026-08-03T12:45:23Z</time>
      </trkpt>
      <trkpt lat="30.650023" lon="104.09881">
        <time>2026-08-03T12:45:24Z</time>
      </trkpt>
      <trkpt lat="30.650055" lon="104.09874">
        <time>2026-08-03T12:45:25Z</time>
      </trkpt>
      <trkpt lat="30.650087" lon="104.09867">
        <time>2026-08-03T12:45:26Z</time>
      </trkpt>
      <trkpt lat="30.65012" lon="104.0986">
        <time>2026-08-03T12:45:27Z</time>
      </trkpt>
      <trkpt lat="30.650154" lon="104.09853">
        <time>2026-08-03T12:45:28Z</time>
      </trkpt>
      <trkpt lat="30.650192" lon="104.098465">
        <time>2026-08-03T12:45:29Z</time>
      </trkpt>
      <trkpt lat="30.650229" lon="104.0984">
        <time>2026-08-03T12:45:30Z</time>
      </trkpt>
      <trkpt lat="30.650257" lon="104.09834">
        <time>2026-08-03T12:45:31Z</time>
      </trkpt>
      <trkpt lat="30.650282" lon="104.0983">
        <time>2026-08-03T12:45:32Z</time>
      </trkpt>
      <trkpt lat="30.650303" lon="104.09827">
        <time>2026-08-03T12:45:33Z</time>
      </trkpt>
      <trkpt lat="30.65032" lon="104.09824">
        <time>2026-08-03T12:45:34Z</time>
      </trkpt>
      <trkpt lat="30.650343" lon="104.098236">
        <time>2026-08-03T12:45:35Z</time>
      </trkpt>
      <trkpt lat="30.650364" lon="104.09823">
        <time>2026-08-03T12:45:36Z</time>
      </trkpt>
      <trkpt lat="30.65039" lon="104.09823">
        <time>2026-08-03T12:45:37Z</time>
      </trkpt>
      <trkpt lat="30.650417" lon="104.09822">
        <time>2026-08-03T12:45:38Z</time>
      </trkpt>
      <trkpt lat="30.650438" lon="104.09821">
        <time>2026-08-03T12:45:39Z</time>
      </trkpt>
      <trkpt lat="30.650465" lon="104.098206">
        <time>2026-08-03T12:45:40Z</time>
      </trkpt>
      <trkpt lat="30.650503" lon="104.0982">
        <time>2026-08-03T12:45:41Z</time>
      </trkpt>
      <trkpt lat="30.650547" lon="104.0982">
        <time>2026-08-03T12:45:42Z</time>
      </trkpt>
      <trkpt lat="30.650585" lon="104.09822">
        <time>2026-08-03T12:45:43Z</time>
      </trkpt>
      <trkpt lat="30.650623" lon="104.09825">
        <time>2026-08-03T12:45:44Z</time>
      </trkpt>
      <trkpt lat="30.650665" lon="104.09828">
        <time>2026-08-03T12:45:45Z</time>
      </trkpt>
      <trkpt lat="30.65071" lon="104.09831">
        <time>2026-08-03T12:45:46Z</time>
      </trkpt>
      <trkpt lat="30.65075" lon="104.098335">
        <time>2026-08-03T12:45:47Z</time>
      </trkpt>
      <trkpt lat="30.6508" lon="104.098366">
        <time>2026-08-03T12:45:48Z</time>
      </trkpt>
      <trkpt lat="30.650856" lon="104.0984">
        <time>2026-08-03T12:45:49Z</time>
      </trkpt>
      <trkpt lat="30.650908" lon="104.09843">
        <time>2026-08-03T12:45:50Z</time>
      </trkpt>
      <trkpt lat="30.650963" lon="104.09846">
        <time>2026-08-03T12:45:51Z</time>
      </trkpt>
      <trkpt lat="30.65102" lon="104.09849">
        <time>2026-08-03T12:45:52Z</time>
      </trkpt>
      <trkpt lat="30.651087" lon="104.098526">
        <time>2026-08-03T12:45:53Z</time>
      </trkpt>
      <trkpt lat="30.65116" lon="104.098564">
        <time>2026-08-03T12:45:54Z</time>
      </trkpt>
      <trkpt lat="30.651232" lon="104.0986">
        <time>2026-08-03T12:45:55Z</time>
      </trkpt>
      <trkpt lat="30.651289" lon="104.09863">
        <time>2026-08-03T12:45:56Z</time>
      </trkpt>
      <trkpt lat="30.651352" lon="104.09867">
        <time>2026-08-03T12:45:57Z</time>
      </trkpt>
      <trkpt lat="30.651411" lon="104.09871">
        <time>2026-08-03T12:45:58Z</time>
      </trkpt>
      <trkpt lat="30.651476" lon="104.09875">
        <time>2026-08-03T12:45:59Z</time>
      </trkpt>
      <trkpt lat="30.651539" lon="104.098785">
        <time>2026-08-03T12:46:00Z</time>
      </trkpt>
      <trkpt lat="30.651598" lon="104.09881">
        <time>2026-08-03T12:46:01Z</time>
      </trkpt>
      <trkpt lat="30.65166" lon="104.09884">
        <time>2026-08-03T12:46:02Z</time>
      </trkpt>
      <trkpt lat="30.651718" lon="104.09887">
        <time>2026-08-03T12:46:03Z</time>
      </trkpt>
      <trkpt lat="30.651777" lon="104.0989">
        <time>2026-08-03T12:46:04Z</time>
      </trkpt>
      <trkpt lat="30.65183" lon="104.09894">
        <time>2026-08-03T12:46:05Z</time>
      </trkpt>
      <trkpt lat="30.65188" lon="104.09898">
        <time>2026-08-03T12:46:06Z</time>
      </trkpt>
      <trkpt lat="30.651937" lon="104.099014">
        <time>2026-08-03T12:46:07Z</time>
      </trkpt>
      <trkpt lat="30.65199" lon="104.09905">
        <time>2026-08-03T12:46:08Z</time>
      </trkpt>
      <trkpt lat="30.652046" lon="104.09908">
        <time>2026-08-03T12:46:09Z</time>
      </trkpt>
      <trkpt lat="30.652107" lon="104.09911">
        <time>2026-08-03T12:46:10Z</time>
      </trkpt>
      <trkpt lat="30.652164" lon="104.09915">
        <time>2026-08-03T12:46:11Z</time>
      </trkpt>
      <trkpt lat="30.652227" lon="104.09918">
        <time>2026-08-03T12:46:12Z</time>
      </trkpt>
      <trkpt lat="30.652288" lon="104.09921">
        <time>2026-08-03T12:46:13Z</time>
      </trkpt>
      <trkpt lat="30.65235" lon="104.09924">
        <time>2026-08-03T12:46:14Z</time>
      </trkpt>
      <trkpt lat="30.652407" lon="104.09928">
        <time>2026-08-03T12:46:15Z</time>
      </trkpt>
      <trkpt lat="30.652466" lon="104.09931">
        <time>2026-08-03T12:46:16Z</time>
      </trkpt>
      <trkpt lat="30.65252" lon="104.09935">
        <time>2026-08-03T12:46:17Z</time>
      </trkpt>
      <trkpt lat="30.652573" lon="104.09938">
        <time>2026-08-03T12:46:18Z</time>
      </trkpt>
      <trkpt lat="30.652624" lon="104.09941">
        <time>2026-08-03T12:46:19Z</time>
      </trkpt>
      <trkpt lat="30.65268" lon="104.09944">
        <time>2026-08-03T12:46:20Z</time>
      </trkpt>
      <trkpt lat="30.652733" lon="104.09947">
        <time>2026-08-03T12:46:21Z</time>
      </trkpt>
      <trkpt lat="30.652782" lon="104.09951">
        <time>2026-08-03T12:46:22Z</time>
      </trkpt>
      <trkpt lat="30.652834" lon="104.09955">
        <time>2026-08-03T12:46:23Z</time>
      </trkpt>
      <trkpt lat="30.652885" lon="104.09958">
        <time>2026-08-03T12:46:24Z</time>
      </trkpt>
      <trkpt lat="30.652931" lon="104.09961">
        <time>2026-08-03T12:46:25Z</time>
      </trkpt>
      <trkpt lat="30.65298" lon="104.09963">
        <time>2026-08-03T12:46:26Z</time>
      </trkpt>
      <trkpt lat="30.653034" lon="104.099655">
        <time>2026-08-03T12:46:27Z</time>
      </trkpt>
      <trkpt lat="30.65309" lon="104.099686">
        <time>2026-08-03T12:46:28Z</time>
      </trkpt>
      <trkpt lat="30.653141" lon="104.09972">
        <time>2026-08-03T12:46:29Z</time>
      </trkpt>
      <trkpt lat="30.653194" lon="104.099754">
        <time>2026-08-03T12:46:30Z</time>
      </trkpt>
      <trkpt lat="30.653246" lon="104.09979">
        <time>2026-08-03T12:46:31Z</time>
      </trkpt>
      <trkpt lat="30.653296" lon="104.09982">
        <time>2026-08-03T12:46:32Z</time>
      </trkpt>
      <trkpt lat="30.653345" lon="104.09986">
        <time>2026-08-03T12:46:33Z</time>
      </trkpt>
      <trkpt lat="30.653399" lon="104.09989">
        <time>2026-08-03T12:46:34Z</time>
      </trkpt>
      <trkpt lat="30.653448" lon="104.09994">
        <time>2026-08-03T12:46:35Z</time>
      </trkpt>
      <trkpt lat="30.653498" lon="104.099976">
        <time>2026-08-03T12:46:36Z</time>
      </trkpt>
      <trkpt lat="30.65354" lon="104.100006">
        <time>2026-08-03T12:46:37Z</time>
      </trkpt>
      <trkpt lat="30.653587" lon="104.10004">
        <time>2026-08-03T12:46:38Z</time>
      </trkpt>
      <trkpt lat="30.653635" lon="104.100075">
        <time>2026-08-03T12:46:39Z</time>
      </trkpt>
      <trkpt lat="30.653685" lon="104.10011">
        <time>2026-08-03T12:46:40Z</time>
      </trkpt>
      <trkpt lat="30.653734" lon="104.10014">
        <time>2026-08-03T12:46:41Z</time>
      </trkpt>
      <trkpt lat="30.653778" lon="104.10017">
        <time>2026-08-03T12:46:42Z</time>
      </trkpt>
      <trkpt lat="30.65382" lon="104.10019">
        <time>2026-08-03T12:46:43Z</time>
      </trkpt>
      <trkpt lat="30.653862" lon="104.10022">
        <time>2026-08-03T12:46:44Z</time>
      </trkpt>
      <trkpt lat="30.653906" lon="104.10025">
        <time>2026-08-03T12:46:45Z</time>
      </trkpt>
      <trkpt lat="30.653946" lon="104.10028">
        <time>2026-08-03T12:46:46Z</time>
      </trkpt>
      <trkpt lat="30.653984" lon="104.100296">
        <time>2026-08-03T12:46:47Z</time>
      </trkpt>
      <trkpt lat="30.654022" lon="104.10028">
        <time>2026-08-03T12:46:48Z</time>
      </trkpt>
      <trkpt lat="30.654058" lon="104.100266">
        <time>2026-08-03T12:46:49Z</time>
      </trkpt>
      <trkpt lat="30.65408" lon="104.100235">
        <time>2026-08-03T12:46:50Z</time>
      </trkpt>
      <trkpt lat="30.654104" lon="104.100204">
        <time>2026-08-03T12:46:51Z</time>
      </trkpt>
      <trkpt lat="30.654137" lon="104.1002">
        <time>2026-08-03T12:46:52Z</time>
      </trkpt>
      <trkpt lat="30.654158" lon="104.1002">
        <time>2026-08-03T12:46:53Z</time>
      </trkpt>
      <trkpt lat="30.65417" lon="104.1002">
        <time>2026-08-03T12:46:54Z</time>
      </trkpt>
      <trkpt lat="30.654175" lon="104.1002">
        <time>2026-08-03T12:46:55Z</time>
      </trkpt>
      <trkpt lat="30.654175" lon="104.1002">
        <time>2026-08-03T12:46:56Z</time>
      </trkpt>
      <trkpt lat="30.654175" lon="104.1002">
        <time>2026-08-03T12:46:57Z</time>
      </trkpt>
      <trkpt lat="30.654175" lon="104.1002">
        <time>2026-08-03T12:46:58Z</time>
      </trkpt>
      <trkpt lat="30.654175" lon="104.1002">
        <time>2026-08-03T12:46:59Z</time>
      </trkpt>
      <trkpt lat="30.654175" lon="104.1002">
        <time>2026-08-03T12:47:00Z</time>
      </trkpt>
      <trkpt lat="30.654175" lon="104.1002">
        <time>2026-08-03T12:47:01Z</time>
      </trkpt>
      <trkpt lat="30.654175" lon="104.1002">
        <time>2026-08-03T12:47:02Z</time>
      </trkpt>
      <trkpt lat="30.654175" lon="104.1002">
        <time>2026-08-03T12:47:03Z</time>
      </trkpt>
      <trkpt lat="30.654175" lon="104.1002">
        <time>2026-08-03T12:47:04Z</time>
      </trkpt>
      <trkpt lat="30.654175" lon="104.1002">
        <time>2026-08-03T12:47:05Z</time>
      </trkpt>
      <trkpt lat="30.654175" lon="104.1002">
        <time>2026-08-03T12:47:06Z</time>
      </trkpt>
      <trkpt lat="30.654175" lon="104.1002">
        <time>2026-08-03T12:47:07Z</time>
      </trkpt>
      <trkpt lat="30.654175" lon="104.1002">
        <time>2026-08-03T12:47:08Z</time>
      </trkpt>
      <trkpt lat="30.654175" lon="104.1002">
        <time>2026-08-03T12:47:09Z</time>
      </trkpt>
      <trkpt lat="30.654175" lon="104.1002">
        <time>2026-08-03T12:47:10Z</time>
      </trkpt>
      <trkpt lat="30.654175" lon="104.1002">
        <time>2026-08-03T12:47:11Z</time>
      </trkpt>
      <trkpt lat="30.654175" lon="104.1002">
        <time>2026-08-03T12:47:12Z</time>
      </trkpt>
      <trkpt lat="30.654175" lon="104.1002">
        <time>2026-08-03T12:47:13Z</time>
      </trkpt>
      <trkpt lat="30.654175" lon="104.1002">
        <time>2026-08-03T12:47:14Z</time>
      </trkpt>
      <trkpt lat="30.654175" lon="104.1002">
        <time>2026-08-03T12:47:15Z</time>
      </trkpt>
      <trkpt lat="30.654175" lon="104.1002">
        <time>2026-08-03T12:47:16Z</time>
      </trkpt>
      <trkpt lat="30.654175" lon="104.1002">
        <time>2026-08-03T12:47:17Z</time>
      </trkpt>
      <trkpt lat="30.654196" lon="104.10019">
        <time>2026-08-03T12:47:18Z</time>
      </trkpt>
      <trkpt lat="30.654215" lon="104.1002">
        <time>2026-08-03T12:47:19Z</time>
      </trkpt>
      <trkpt lat="30.65424" lon="104.100204">
        <time>2026-08-03T12:47:20Z</time>
      </trkpt>
      <trkpt lat="30.654263" lon="104.10022">
        <time>2026-08-03T12:47:21Z</time>
      </trkpt>
      <trkpt lat="30.654284" lon="104.100235">
        <time>2026-08-03T12:47:22Z</time>
      </trkpt>
      <trkpt lat="30.654305" lon="104.10025">
        <time>2026-08-03T12:47:23Z</time>
      </trkpt>
      <trkpt lat="30.654327" lon="104.100266">
        <time>2026-08-03T12:47:24Z</time>
      </trkpt>
      <trkpt lat="30.654348" lon="104.10029">
        <time>2026-08-03T12:47:25Z</time>
      </trkpt>
      <trkpt lat="30.654364" lon="104.1003">
        <time>2026-08-03T12:47:26Z</time>
      </trkpt>
      <trkpt lat="30.65438" lon="104.10032">
        <time>2026-08-03T12:47:27Z</time>
      </trkpt>
      <trkpt lat="30.654406" lon="104.10034">
        <time>2026-08-03T12:47:28Z</time>
      </trkpt>
      <trkpt lat="30.654428" lon="104.10037">
        <time>2026-08-03T12:47:29Z</time>
      </trkpt>
      <trkpt lat="30.654453" lon="104.100395">
        <time>2026-08-03T12:47:30Z</time>
      </trkpt>
      <trkpt lat="30.654463" lon="104.10041">
        <time>2026-08-03T12:47:31Z</time>
      </trkpt>
      <trkpt lat="30.65448" lon="104.100426">
        <time>2026-08-03T12:47:32Z</time>
      </trkpt>
      <trkpt lat="30.654505" lon="104.10044">
        <time>2026-08-03T12:47:33Z</time>
      </trkpt>
      <trkpt lat="30.654535" lon="104.100464">
        <time>2026-08-03T12:47:34Z</time>
      </trkpt>
      <trkpt lat="30.654577" lon="104.100494">
        <time>2026-08-03T12:47:35Z</time>
      </trkpt>
      <trkpt lat="30.654602" lon="104.10052">
        <time>2026-08-03T12:47:36Z</time>
      </trkpt>
      <trkpt lat="30.654627" lon="104.10053">
        <time>2026-08-03T12:47:37Z</time>
      </trkpt>
      <trkpt lat="30.65465" lon="104.10055">
        <time>2026-08-03T12:47:38Z</time>
      </trkpt>
      <trkpt lat="30.654675" lon="104.10056">
        <time>2026-08-03T12:47:39Z</time>
      </trkpt>
      <trkpt lat="30.654701" lon="104.10057">
        <time>2026-08-03T12:47:40Z</time>
      </trkpt>
      <trkpt lat="30.65473" lon="104.100586">
        <time>2026-08-03T12:47:41Z</time>
      </trkpt>
      <trkpt lat="30.654758" lon="104.1006">
        <time>2026-08-03T12:47:42Z</time>
      </trkpt>
      <trkpt lat="30.654783" lon="104.10062">
        <time>2026-08-03T12:47:43Z</time>
      </trkpt>
      <trkpt lat="30.654812" lon="104.10064">
        <time>2026-08-03T12:47:44Z</time>
      </trkpt>
      <trkpt lat="30.654842" lon="104.100655">
        <time>2026-08-03T12:47:45Z</time>
      </trkpt>
      <trkpt lat="30.654871" lon="104.100685">
        <time>2026-08-03T12:47:46Z</time>
      </trkpt>
      <trkpt lat="30.654902" lon="104.10071">
        <time>2026-08-03T12:47:47Z</time>
      </trkpt>
      <trkpt lat="30.654926" lon="104.10073">
        <time>2026-08-03T12:47:48Z</time>
      </trkpt>
      <trkpt lat="30.654955" lon="104.10075">
        <time>2026-08-03T12:47:49Z</time>
      </trkpt>
      <trkpt lat="30.654984" lon="104.10077">
        <time>2026-08-03T12:47:50Z</time>
      </trkpt>
      <trkpt lat="30.655014" lon="104.10079">
        <time>2026-08-03T12:47:51Z</time>
      </trkpt>
      <trkpt lat="30.65504" lon="104.10081">
        <time>2026-08-03T12:47:52Z</time>
      </trkpt>
      <trkpt lat="30.655066" lon="104.10083">
        <time>2026-08-03T12:47:53Z</time>
      </trkpt>
      <trkpt lat="30.655094" lon="104.10085">
        <time>2026-08-03T12:47:54Z</time>
      </trkpt>
      <trkpt lat="30.655123" lon="104.10087">
        <time>2026-08-03T12:47:55Z</time>
      </trkpt>
      <trkpt lat="30.655148" lon="104.10089">
        <time>2026-08-03T12:47:56Z</time>
      </trkpt>
      <trkpt lat="30.655167" lon="104.10091">
        <time>2026-08-03T12:47:57Z</time>
      </trkpt>
      <trkpt lat="30.655186" lon="104.100914">
        <time>2026-08-03T12:47:58Z</time>
      </trkpt>
      <trkpt lat="30.655207" lon="104.10093">
        <time>2026-08-03T12:47:59Z</time>
      </trkpt>
      <trkpt lat="30.655228" lon="104.10094">
        <time>2026-08-03T12:48:00Z</time>
      </trkpt>
      <trkpt lat="30.655249" lon="104.100945">
        <time>2026-08-03T12:48:01Z</time>
      </trkpt>
      <trkpt lat="30.655258" lon="104.10094">
        <time>2026-08-03T12:48:02Z</time>
      </trkpt>
      <trkpt lat="30.655266" lon="104.10093">
        <time>2026-08-03T12:48:03Z</time>
      </trkpt>
      <trkpt lat="30.655273" lon="104.100914">
        <time>2026-08-03T12:48:04Z</time>
      </trkpt>
      <trkpt lat="30.655287" lon="104.10088">
        <time>2026-08-03T12:48:05Z</time>
      </trkpt>
      <trkpt lat="30.655306" lon="104.10086">
        <time>2026-08-03T12:48:06Z</time>
      </trkpt>
      <trkpt lat="30.655321" lon="104.10084">
        <time>2026-08-03T12:48:07Z</time>
      </trkpt>
      <trkpt lat="30.655336" lon="104.10079">
        <time>2026-08-03T12:48:08Z</time>
      </trkpt>
      <trkpt lat="30.65535" lon="104.10076">
        <time>2026-08-03T12:48:09Z</time>
      </trkpt>
      <trkpt lat="30.65537" lon="104.100716">
        <time>2026-08-03T12:48:10Z</time>
      </trkpt>
      <trkpt lat="30.655394" lon="104.10067">
        <time>2026-08-03T12:48:11Z</time>
      </trkpt>
      <trkpt lat="30.655416" lon="104.100624">
        <time>2026-08-03T12:48:12Z</time>
      </trkpt>
      <trkpt lat="30.655437" lon="104.10058">
        <time>2026-08-03T12:48:13Z</time>
      </trkpt>
      <trkpt lat="30.655457" lon="104.10054">
        <time>2026-08-03T12:48:14Z</time>
      </trkpt>
      <trkpt lat="30.655476" lon="104.1005">
        <time>2026-08-03T12:48:15Z</time>
      </trkpt>
      <trkpt lat="30.655493" lon="104.10049">
        <time>2026-08-03T12:48:16Z</time>
      </trkpt>
      <trkpt lat="30.655512" lon="104.10048">
        <time>2026-08-03T12:48:17Z</time>
      </trkpt>
      <trkpt lat="30.655535" lon="104.10049">
        <time>2026-08-03T12:48:18Z</time>
      </trkpt>
      <trkpt lat="30.655567" lon="104.10051">
        <time>2026-08-03T12:48:19Z</time>
      </trkpt>
      <trkpt lat="30.655596" lon="104.10053">
        <time>2026-08-03T12:48:20Z</time>
      </trkpt>
      <trkpt lat="30.655636" lon="104.100555">
        <time>2026-08-03T12:48:21Z</time>
      </trkpt>
      <trkpt lat="30.65567" lon="104.10058">
        <time>2026-08-03T12:48:22Z</time>
      </trkpt>
      <trkpt lat="30.655706" lon="104.1006">
        <time>2026-08-03T12:48:23Z</time>
      </trkpt>
      <trkpt lat="30.655745" lon="104.100624">
        <time>2026-08-03T12:48:24Z</time>
      </trkpt>
      <trkpt lat="30.65578" lon="104.10065">
        <time>2026-08-03T12:48:25Z</time>
      </trkpt>
      <trkpt lat="30.655815" lon="104.10067">
        <time>2026-08-03T12:48:26Z</time>
      </trkpt>
      <trkpt lat="30.655853" lon="104.10069">
        <time>2026-08-03T12:48:27Z</time>
      </trkpt>
      <trkpt lat="30.655893" lon="104.10072">
        <time>2026-08-03T12:48:28Z</time>
      </trkpt>
      <trkpt lat="30.655933" lon="104.100746">
        <time>2026-08-03T12:48:29Z</time>
      </trkpt>
      <trkpt lat="30.655973" lon="104.10078">
        <time>2026-08-03T12:48:30Z</time>
      </trkpt>
      <trkpt lat="30.656013" lon="104.10081">
        <time>2026-08-03T12:48:31Z</time>
      </trkpt>
      <trkpt lat="30.656052" lon="104.10083">
        <time>2026-08-03T12:48:32Z</time>
      </trkpt>
      <trkpt lat="30.656086" lon="104.10086">
        <time>2026-08-03T12:48:33Z</time>
      </trkpt>
      <trkpt lat="30.656122" lon="104.10089">
        <time>2026-08-03T12:48:34Z</time>
      </trkpt>
      <trkpt lat="30.656158" lon="104.100914">
        <time>2026-08-03T12:48:35Z</time>
      </trkpt>
      <trkpt lat="30.656199" lon="104.100945">
        <time>2026-08-03T12:48:36Z</time>
      </trkpt>
      <trkpt lat="30.656237" lon="104.10097">
        <time>2026-08-03T12:48:37Z</time>
      </trkpt>
      <trkpt lat="30.656273" lon="104.10099">
        <time>2026-08-03T12:48:38Z</time>
      </trkpt>
      <trkpt lat="30.6563" lon="104.101006">
        <time>2026-08-03T12:48:39Z</time>
      </trkpt>
      <trkpt lat="30.656336" lon="104.101036">
        <time>2026-08-03T12:48:40Z</time>
      </trkpt>
      <trkpt lat="30.65637" lon="104.10106">
        <time>2026-08-03T12:48:41Z</time>
      </trkpt>
      <trkpt lat="30.656408" lon="104.10108">
        <time>2026-08-03T12:48:42Z</time>
      </trkpt>
      <trkpt lat="30.656446" lon="104.101105">
        <time>2026-08-03T12:48:43Z</time>
      </trkpt>
      <trkpt lat="30.65649" lon="104.101135">
        <time>2026-08-03T12:48:44Z</time>
      </trkpt>
      <trkpt lat="30.656528" lon="104.10115">
        <time>2026-08-03T12:48:45Z</time>
      </trkpt>
      <trkpt lat="30.656559" lon="104.10117">
        <time>2026-08-03T12:48:46Z</time>
      </trkpt>
      <trkpt lat="30.656586" lon="104.10119">
        <time>2026-08-03T12:48:47Z</time>
      </trkpt>
      <trkpt lat="30.656616" lon="104.10121">
        <time>2026-08-03T12:48:48Z</time>
      </trkpt>
      <trkpt lat="30.65665" lon="104.101234">
        <time>2026-08-03T12:48:49Z</time>
      </trkpt>
      <trkpt lat="30.65668" lon="104.10125">
        <time>2026-08-03T12:48:50Z</time>
      </trkpt>
      <trkpt lat="30.656706" lon="104.101265">
        <time>2026-08-03T12:48:51Z</time>
      </trkpt>
      <trkpt lat="30.656733" lon="104.10129">
        <time>2026-08-03T12:48:52Z</time>
      </trkpt>
      <trkpt lat="30.656761" lon="104.10132">
        <time>2026-08-03T12:48:53Z</time>
      </trkpt>
      <trkpt lat="30.656788" lon="104.10133">
        <time>2026-08-03T12:48:54Z</time>
      </trkpt>
      <trkpt lat="30.656809" lon="104.10136">
        <time>2026-08-03T12:48:55Z</time>
      </trkpt>
      <trkpt lat="30.656826" lon="104.10137">
        <time>2026-08-03T12:48:56Z</time>
      </trkpt>
      <trkpt lat="30.656826" lon="104.10137">
        <time>2026-08-03T12:48:57Z</time>
      </trkpt>
      <trkpt lat="30.656826" lon="104.10137">
        <time>2026-08-03T12:48:58Z</time>
      </trkpt>
      <trkpt lat="30.656826" lon="104.10137">
        <time>2026-08-03T12:48:59Z</time>
      </trkpt>
      <trkpt lat="30.656826" lon="104.10137">
        <time>2026-08-03T12:49:00Z</time>
      </trkpt>
      <trkpt lat="30.656826" lon="104.10137">
        <time>2026-08-03T12:49:01Z</time>
      </trkpt>
      <trkpt lat="30.656826" lon="104.10137">
        <time>2026-08-03T12:49:02Z</time>
      </trkpt>
      <trkpt lat="30.656826" lon="104.10137">
        <time>2026-08-03T12:49:03Z</time>
      </trkpt>
      <trkpt lat="30.656826" lon="104.10137">
        <time>2026-08-03T12:49:04Z</time>
      </trkpt>
      <trkpt lat="30.656826" lon="104.10137">
        <time>2026-08-03T12:49:05Z</time>
      </trkpt>
      <trkpt lat="30.656826" lon="104.10137">
        <time>2026-08-03T12:49:06Z</time>
      </trkpt>
      <trkpt lat="30.656826" lon="104.10137">
        <time>2026-08-03T12:49:07Z</time>
      </trkpt>
      <trkpt lat="30.656826" lon="104.10137">
        <time>2026-08-03T12:49:08Z</time>
      </trkpt>
      <trkpt lat="30.656826" lon="104.10137">
        <time>2026-08-03T12:49:09Z</time>
      </trkpt>
      <trkpt lat="30.656826" lon="104.10137">
        <time>2026-08-03T12:49:10Z</time>
      </trkpt>
      <trkpt lat="30.656826" lon="104.10137">
        <time>2026-08-03T12:49:11Z</time>
      </trkpt>
      <trkpt lat="30.656826" lon="104.10137">
        <time>2026-08-03T12:49:12Z</time>
      </trkpt>
      <trkpt lat="30.656826" lon="104.10137">
        <time>2026-08-03T12:49:13Z</time>
      </trkpt>
      <trkpt lat="30.656826" lon="104.10137">
        <time>2026-08-03T12:49:14Z</time>
      </trkpt>
      <trkpt lat="30.656826" lon="104.10137">
        <time>2026-08-03T12:49:15Z</time>
      </trkpt>
      <trkpt lat="30.656826" lon="104.10137">
        <time>2026-08-03T12:49:16Z</time>
      </trkpt>
      <trkpt lat="30.656826" lon="104.10137">
        <time>2026-08-03T12:49:17Z</time>
      </trkpt>
      <trkpt lat="30.656826" lon="104.10137">
        <time>2026-08-03T12:49:18Z</time>
      </trkpt>
      <trkpt lat="30.656826" lon="104.10137">
        <time>2026-08-03T12:49:19Z</time>
      </trkpt>
      <trkpt lat="30.656826" lon="104.10137">
        <time>2026-08-03T12:49:20Z</time>
      </trkpt>
      <trkpt lat="30.656826" lon="104.10137">
        <time>2026-08-03T12:49:21Z</time>
      </trkpt>
      <trkpt lat="30.656826" lon="104.10137">
        <time>2026-08-03T12:49:22Z</time>
      </trkpt>
      <trkpt lat="30.656826" lon="104.10137">
        <time>2026-08-03T12:49:23Z</time>
      </trkpt>
      <trkpt lat="30.656826" lon="104.10137">
        <time>2026-08-03T12:49:24Z</time>
      </trkpt>
      <trkpt lat="30.656826" lon="104.10137">
        <time>2026-08-03T12:49:25Z</time>
      </trkpt>
      <trkpt lat="30.656826" lon="104.10137">
        <time>2026-08-03T12:49:26Z</time>
      </trkpt>
      <trkpt lat="30.656826" lon="104.10137">
        <time>2026-08-03T12:49:27Z</time>
      </trkpt>
      <trkpt lat="30.656826" lon="104.10137">
        <time>2026-08-03T12:49:28Z</time>
      </trkpt>
      <trkpt lat="30.656826" lon="104.10137">
        <time>2026-08-03T12:49:29Z</time>
      </trkpt>
      <trkpt lat="30.656826" lon="104.10137">
        <time>2026-08-03T12:49:30Z</time>
      </trkpt>
      <trkpt lat="30.656826" lon="104.10137">
        <time>2026-08-03T12:49:31Z</time>
      </trkpt>
      <trkpt lat="30.656826" lon="104.10137">
        <time>2026-08-03T12:49:32Z</time>
      </trkpt>
      <trkpt lat="30.656822" lon="104.10138">
        <time>2026-08-03T12:49:33Z</time>
      </trkpt>
      <trkpt lat="30.656824" lon="104.10138">
        <time>2026-08-03T12:49:34Z</time>
      </trkpt>
      <trkpt lat="30.656828" lon="104.10139">
        <time>2026-08-03T12:49:35Z</time>
      </trkpt>
      <trkpt lat="30.656837" lon="104.10139">
        <time>2026-08-03T12:49:36Z</time>
      </trkpt>
      <trkpt lat="30.65684" lon="104.10139">
        <time>2026-08-03T12:49:37Z</time>
      </trkpt>
    </trkseg>
  </trk>
</gpx>