<?xml version="1.0" encoding="UTF-8"?>
<gpx version="1.1" creator="Go GPS Converter">
  <trk>
    <name>GPS Track</name>
    <trkseg>
      <trkpt lat="30.655931" lon="104.10087">
        <time>2026-05-06T12:17:29Z</time>
      </trkpt>
      <trkpt lat="30.6559" lon="104.10084">
        <time>2026-05-06T12:17:30Z</time>
      </trkpt>
      <trkpt lat="30.655867" lon="104.100815">
        <time>2026-05-06T12:17:31Z</time>
      </trkpt>
      <trkpt lat="30.655834" lon="104.10079">
        <time>2026-05-06T12:17:32Z</time>
      </trkpt>
      <trkpt lat="30.655802" lon="104.10078">
        <time>2026-05-06T12:17:33Z</time>
      </trkpt>
      <trkpt lat="30.655771" lon="104.10075">
        <time>2026-05-06T12:17:34Z</time>
      </trkpt>
      <trkpt lat="30.65574" lon="104.10073">
        <time>2026-05-06T12:17:35Z</time>
      </trkpt>
      <trkpt lat="30.655714" lon="104.10071">
        <time>2026-05-06T12:17:36Z</time>
      </trkpt>
      <trkpt lat="30.655684" lon="104.100685">
        <time>2026-05-06T12:17:37Z</time>
      </trkpt>
      <trkpt lat="30.655651" lon="104.100655">
        <time>2026-05-06T12:17:38Z</time>
      </trkpt>
      <trkpt lat="30.65562" lon="104.10063">
        <time>2026-05-06T12:17:39Z</time>
      </trkpt>
      <trkpt lat="30.655588" lon="104.10062">
        <time>2026-05-06T12:17:40Z</time>
      </trkpt>
      <trkpt lat="30.655558" lon="104.10059">
        <time>2026-05-06T12:17:41Z</time>
      </trkpt>
      <trkpt lat="30.655533" lon="104.10057">
        <time>2026-05-06T12:17:42Z</time>
      </trkpt>
      <trkpt lat="30.65551" lon="104.100555">
        <time>2026-05-06T12:17:43Z</time>
      </trkpt>
      <trkpt lat="30.655489" lon="104.10055">
        <time>2026-05-06T12:17:44Z</time>
      </trkpt>
      <trkpt lat="30.65547" lon="104.10054">
        <time>2026-05-06T12:17:45Z</time>
      </trkpt>
      <trkpt lat="30.655455" lon="104.10053">
        <time>2026-05-06T12:17:46Z</time>
      </trkpt>
      <trkpt lat="30.655443" lon="104.10054">
        <time>2026-05-06T12:17:47Z</time>
      </trkpt>
      <trkpt lat="30.655436" lon="104.10054">
        <time>2026-05-06T12:17:48Z</time>
      </trkpt>
      <trkpt lat="30.655424" lon="104.100555">
        <time>2026-05-06T12:17:49Z</time>
      </trkpt>
      <trkpt lat="30.655413" lon="104.100586">
        <time>2026-05-06T12:17:50Z</time>
      </trkpt>
      <trkpt lat="30.655397" lon="104.10062">
        <time>2026-05-06T12:17:51Z</time>
      </trkpt>
      <trkpt lat="30.655382" lon="104.100655">
        <time>2026-05-06T12:17:52Z</time>
      </trkpt>
      <trkpt lat="30.655365" lon="104.10069">
        <time>2026-05-06T12:17:53Z</time>
      </trkpt>
      <trkpt lat="30.65535" lon="104.10072">
        <time>2026-05-06T12:17:54Z</time>
      </trkpt>
      <trkpt lat="30.65534" lon="104.10074">
        <time>2026-05-06T12:17:55Z</time>
      </trkpt>
      <trkpt lat="30.655334" lon="104.10076">
        <time>2026-05-06T12:17:56Z</time>
      </trkpt>
      <trkpt lat="30.655333" lon="104.10077">
        <time>2026-05-06T12:17:57Z</time>
      </trkpt>
      <trkpt lat="30.655329" lon="104.10078">
        <time>2026-05-06T12:17:58Z</time>
      </trkpt>
      <trkpt lat="30.655325" lon="104.100784">
        <time>2026-05-06T12:17:59Z</time>
      </trkpt>
      <trkpt lat="30.655321" lon="104.10079">
        <time>2026-05-06T12:18:00Z</time>
      </trkpt>
      <trkpt lat="30.65532" lon="104.1008">
        <time>2026-05-06T12:18:01Z</time>
      </trkpt>
      <trkpt lat="30.65531" lon="104.100815">
        <time>2026-05-06T12:18:02Z</time>
      </trkpt>
      <trkpt lat="30.655298" lon="104.10082">
        <time>2026-05-06T12:18:03Z</time>
      </trkpt>
      <trkpt lat="30.655283" lon="104.10083">
        <time>2026-05-06T12:18:04Z</time>
      </trkpt>
      <trkpt lat="30.655262" lon="104.10084">
        <time>2026-05-06T12:18:05Z</time>
      </trkpt>
      <trkpt lat="30.655237" lon="104.100845">
        <time>2026-05-06T12:18:06Z</time>
      </trkpt>
      <trkpt lat="30.655209" lon="104.100845">
        <time>2026-05-06T12:18:07Z</time>
      </trkpt>
      <trkpt lat="30.655176" lon="104.10085">
        <time>2026-05-06T12:18:08Z</time>
      </trkpt>
      <trkpt lat="30.655144" lon="104.100845">
        <time>2026-05-06T12:18:09Z</time>
      </trkpt>
      <trkpt lat="30.655111" lon="104.10083">
        <time>2026-05-06T12:18:10Z</time>
      </trkpt>
      <trkpt lat="30.655075" lon="104.100815">
        <time>2026-05-06T12:18:11Z</time>
      </trkpt>
      <trkpt lat="30.655039" lon="104.10081">
        <time>2026-05-06T12:18:12Z</time>
      </trkpt>
      <trkpt lat="30.654997" lon="104.10079">
        <time>2026-05-06T12:18:13Z</time>
      </trkpt>
      <trkpt lat="30.654955" lon="104.10078">
        <time>2026-05-06T12:18:14Z</time>
      </trkpt>
      <trkpt lat="30.654915" lon="104.10076">
        <time>2026-05-06T12:18:15Z</time>
      </trkpt>
      <trkpt lat="30.654875" lon="104.100746">
        <time>2026-05-06T12:18:16Z</time>
      </trkpt>
      <trkpt lat="30.654837" lon="104.10072">
        <time>2026-05-06T12:18:17Z</time>
      </trkpt>
      <trkpt lat="30.654799" lon="104.10071">
        <time>2026-05-06T12:18:18Z</time>
      </trkpt>
      <trkpt lat="30.654762" lon="104.100685">
        <time>2026-05-06T12:18:19Z</time>
      </trkpt>
      <trkpt lat="30.654722" lon="104.10066">
        <time>2026-05-06T12:18:20Z</time>
      </trkpt>
      <trkpt lat="30.654644" lon="104.10062">
        <time>2026-05-06T12:18:21Z</time>
      </trkpt>
      <trkpt lat="30.654566" lon="104.10057">
        <time>2026-05-06T12:18:23Z</time>
      </trkpt>
      <trkpt lat="30.654526" lon="104.10055">
        <time>2026-05-06T12:18:24Z</time>
      </trkpt>
      <trkpt lat="30.654491" lon="104.10052">
        <time>2026-05-06T12:18:25Z</time>
      </trkpt>
      <trkpt lat="30.654459" lon="104.100494">
        <time>2026-05-06T12:18:26Z</time>
      </trkpt>
      <trkpt lat="30.65443" lon="104.100464">
        <time>2026-05-06T12:18:27Z</time>
      </trkpt>
      <trkpt lat="30.654404" lon="104.10044">
        <time>2026-05-06T12:18:29Z</time>
      </trkpt>
      <trkpt lat="30.65438" lon="104.10042">
        <time>2026-05-06T12:18:30Z</time>
      </trkpt>
      <trkpt lat="30.654362" lon="104.100395">
        <time>2026-05-06T12:18:31Z</time>
      </trkpt>
      <trkpt lat="30.654345" lon="104.100365">
        <time>2026-05-06T12:18:32Z</time>
      </trkpt>
      <trkpt lat="30.654335" lon="104.100334">
        <time>2026-05-06T12:18:33Z</time>
      </trkpt>
      <trkpt lat="30.654327" lon="104.10031">
        <time>2026-05-06T12:18:34Z</time>
      </trkpt>
      <trkpt lat="30.654324" lon="104.100296">
        <time>2026-05-06T12:18:35Z</time>
      </trkpt>
      <trkpt lat="30.654322" lon="104.100296">
        <time>2026-05-06T12:18:36Z</time>
      </trkpt>
      <trkpt lat="30.654322" lon="104.100296">
        <time>2026-05-06T12:18:37Z</time>
      </trkpt>
      <trkpt lat="30.654322" lon="104.100296">
        <time>2026-05-06T12:18:38Z</time>
      </trkpt>
      <trkpt lat="30.654322" lon="104.100296">
        <time>2026-05-06T12:18:39Z</time>
      </trkpt>
      <trkpt lat="30.654322" lon="104.100296">
        <time>2026-05-06T12:18:40Z</time>
      </trkpt>
      <trkpt lat="30.654322" lon="104.100296">
        <time>2026-05-06T12:18:41Z</time>
      </trkpt>
      <trkpt lat="30.654322" lon="104.100296">
        <time>2026-05-06T12:18:42Z</time>
      </trkpt>
      <trkpt lat="30.654322" lon="104.100296">
        <time>2026-05-06T12:18:43Z</time>
      </trkpt>
      <trkpt lat="30.654322" lon="104.100296">
        <time>2026-05-06T12:18:44Z</time>
      </trkpt>
      <trkpt lat="30.654322" lon="104.100296">
        <time>2026-05-06T12:18:45Z</time>
      </trkpt>
      <trkpt lat="30.654322" lon="104.100296">
        <time>2026-05-06T12:18:46Z</time>
      </trkpt>
      <trkpt lat="30.654322" lon="104.100296">
        <time>2026-05-06T12:18:47Z</time>
      </trkpt>
      <trkpt lat="30.654322" lon="104.100296">
        <time>2026-05-06T12:18:48Z</time>
      </trkpt>
      <trkpt lat="30.654322" lon="104.100296">
        <time>2026-05-06T12:18:49Z</time>
      </trkpt>
      <trkpt lat="30.654322" lon="104.100296">
        <time>2026-05-06T12:18:50Z</time>
      </trkpt>
      <trkpt lat="30.654322" lon="104.100296">
        <time>2026-05-06T12:18:51Z</time>
      </trkpt>
      <trkpt lat="30.654322" lon="104.100296">
        <time>2026-05-06T12:18:52Z</time>
      </trkpt>
      <trkpt lat="30.654322" lon="104.100296">
        <time>2026-05-06T12:18:53Z</time>
      </trkpt>
      <trkpt lat="30.654322" lon="104.100296">
        <time>2026-05-06T12:18:54Z</time>
      </trkpt>
      <trkpt lat="30.654322" lon="104.100296">
        <time>2026-05-06T12:18:55Z</time>
      </trkpt>
      <trkpt lat="30.654322" lon="104.100296">
        <time>2026-05-06T12:18:56Z</time>
      </trkpt>
      <trkpt lat="30.654322" lon="104.100296">
        <time>2026-05-06T12:18:57Z</time>
      </trkpt>
      <trkpt lat="30.654322" lon="104.100296">
        <time>2026-05-06T12:18:58Z</time>
      </trkpt>
      <trkpt lat="30.654322" lon="104.100296">
        <time>2026-05-06T12:18:59Z</time>
      </trkpt>
      <trkpt lat="30.654322" lon="104.100296">
        <time>2026-05-06T12:19:00Z</time>
      </trkpt>
      <trkpt lat="30.654322" lon="104.100296">
        <time>2026-05-06T12:19:01Z</time>
      </trkpt>
      <trkpt lat="30.654322" lon="104.100296">
        <time>2026-05-06T12:19:02Z</time>
      </trkpt>
      <trkpt lat="30.654322" lon="104.100296">
        <time>2026-05-06T12:19:03Z</time>
      </trkpt>
      <trkpt lat="30.654322" lon="104.100296">
        <time>2026-05-06T12:19:04Z</time>
      </trkpt>
      <trkpt lat="30.654322" lon="104.100296">
        <time>2026-05-06T12:19:05Z</time>
      </trkpt>
      <trkpt lat="30.654322" lon="104.100296">
        <time>2026-05-06T12:19:06Z</time>
      </trkpt>
      <trkpt lat="30.654322" lon="104.100296">
        <time>2026-05-06T12:19:07Z</time>
      </trkpt>
      <trkpt lat="30.654322" lon="104.100296">
        <time>2026-05-06T12:19:08Z</time>
      </trkpt>
      <trkpt lat="30.654322" lon="104.100296">
        <time>2026-05-06T12:19:09Z</time>
      </trkpt>
      <trkpt lat="30.654322" lon="104.100296">
        <time>2026-05-06T12:19:10Z</time>
      </trkpt>
      <trkpt lat="30.654322" lon="104.100296">
        <time>2026-05-06T12:19:11Z</time>
      </trkpt>
      <trkpt lat="30.654322" lon="104.100296">
        <time>2026-05-06T12:19:12Z</time>
      </trkpt>
      <trkpt lat="30.654322" lon="104.100296">
        <time>2026-05-06T12:19:13Z</time>
      </trkpt>
      <trkpt lat="30.654322" lon="104.100296">
        <time>2026-05-06T12:19:14Z</time>
      </trkpt>
      <trkpt lat="30.654322" lon="104.100296">
        <time>2026-05-06T12:19:15Z</time>
      </trkpt>
      <trkpt lat="30.654327" lon="104.10028">
        <time>2026-05-06T12:19:16Z</time>
      </trkpt>
      <trkpt lat="30.654324" lon="104.100266">
        <time>2026-05-06T12:19:17Z</time>
      </trkpt>
      <trkpt lat="30.654314" lon="104.10025">
        <time>2026-05-06T12:19:18Z</time>
      </trkpt>
      <trkpt lat="30.654287" lon="104.10024">
        <time>2026-05-06T12:19:19Z</time>
      </trkpt>
      <trkpt lat="30.654253" lon="104.100235">
        <time>2026-05-06T12:19:20Z</time>
      </trkpt>
      <trkpt lat="30.654215" lon="104.100235">
        <time>2026-05-06T12:19:21Z</time>
      </trkpt>
      <trkpt lat="30.654173" lon="104.10023">
        <time>2026-05-06T12:19:22Z</time>
      </trkpt>
      <trkpt lat="30.65413" lon="104.10021">
        <time>2026-05-06T12:19:23Z</time>
      </trkpt>
      <trkpt lat="30.654087" lon="104.1002">
        <time>2026-05-06T12:19:24Z</time>
      </trkpt>
      <trkpt lat="30.654041" lon="104.100174">
        <time>2026-05-06T12:19:25Z</time>
      </trkpt>
      <trkpt lat="30.653994" lon="104.10015">
        <time>2026-05-06T12:19:26Z</time>
      </trkpt>
      <trkpt lat="30.653946" lon="104.10013">
        <time>2026-05-06T12:19:27Z</time>
      </trkpt>
      <trkpt lat="30.653902" lon="104.1001">
        <time>2026-05-06T12:19:28Z</time>
      </trkpt>
      <trkpt lat="30.653854" lon="104.10007">
        <time>2026-05-06T12:19:29Z</time>
      </trkpt>
      <trkpt lat="30.653757" lon="104.1">
        <time>2026-05-06T12:19:30Z</time>
      </trkpt>
      <trkpt lat="30.653704" lon="104.099976">
        <time>2026-05-06T12:19:31Z</time>
      </trkpt>
      <trkpt lat="30.653645" lon="104.099945">
        <time>2026-05-06T12:19:32Z</time>
      </trkpt>
      <trkpt lat="30.653536" lon="104.099884">
        <time>2026-05-06T12:19:33Z</time>
      </trkpt>
      <trkpt lat="30.65342" lon="104.09982">
        <time>2026-05-06T12:19:35Z</time>
      </trkpt>
      <trkpt lat="30.653294" lon="104.09976">
        <time>2026-05-06T12:19:37Z</time>
      </trkpt>
      <trkpt lat="30.653233" lon="104.09973">
        <time>2026-05-06T12:19:38Z</time>
      </trkpt>
      <trkpt lat="30.653177" lon="104.0997">
        <time>2026-05-06T12:19:39Z</time>
      </trkpt>
      <trkpt lat="30.653074" lon="104.09964">
        <time>2026-05-06T12:19:41Z</time>
      </trkpt>
      <trkpt lat="30.653023" lon="104.09962">
        <time>2026-05-06T12:19:43Z</time>
      </trkpt>
      <trkpt lat="30.65297" lon="104.09959">
        <time>2026-05-06T12:19:44Z</time>
      </trkpt>
      <trkpt lat="30.652914" lon="104.099556">
        <time>2026-05-06T12:19:45Z</time>
      </trkpt>
      <trkpt lat="30.652855" lon="104.09953">
        <time>2026-05-06T12:19:46Z</time>
      </trkpt>
      <trkpt lat="30.652796" lon="104.0995">
        <time>2026-05-06T12:19:47Z</time>
      </trkpt>
      <trkpt lat="30.652742" lon="104.09947">
        <time>2026-05-06T12:19:48Z</time>
      </trkpt>
      <trkpt lat="30.652687" lon="104.09944">
        <time>2026-05-06T12:19:49Z</time>
      </trkpt>
      <trkpt lat="30.652634" lon="104.099396">
        <time>2026-05-06T12:19:50Z</time>
      </trkpt>
      <trkpt lat="30.652576" lon="104.099365">
        <time>2026-05-06T12:19:51Z</time>
      </trkpt>
      <trkpt lat="30.65252" lon="104.09933">
        <time>2026-05-06T12:19:52Z</time>
      </trkpt>
      <trkpt lat="30.652464" lon="104.09929">
        <time>2026-05-06T12:19:53Z</time>
      </trkpt>
      <trkpt lat="30.652405" lon="104.09925">
        <time>2026-05-06T12:19:54Z</time>
      </trkpt>
      <trkpt lat="30.652348" lon="104.09921">
        <time>2026-05-06T12:19:55Z</time>
      </trkpt>
      <trkpt lat="30.652288" lon="104.099174">
        <time>2026-05-06T12:19:56Z</time>
      </trkpt>
      <trkpt lat="30.652231" lon="104.09914">
        <time>2026-05-06T12:19:57Z</time>
      </trkpt>
      <trkpt lat="30.652176" lon="104.0991">
        <time>2026-05-06T12:19:58Z</time>
      </trkpt>
      <trkpt lat="30.652113" lon="104.09907">
        <time>2026-05-06T12:19:59Z</time>
      </trkpt>
      <trkpt lat="30.652056" lon="104.09903">
        <time>2026-05-06T12:20:00Z</time>
      </trkpt>
      <trkpt lat="30.652" lon="104.099">
        <time>2026-05-06T12:20:01Z</time>
      </trkpt>
      <trkpt lat="30.651943" lon="104.09897">
        <time>2026-05-06T12:20:02Z</time>
      </trkpt>
      <trkpt lat="30.651888" lon="104.09893">
        <time>2026-05-06T12:20:03Z</time>
      </trkpt>
      <trkpt lat="30.651833" lon="104.098885">
        <time>2026-05-06T12:20:04Z</time>
      </trkpt>
      <trkpt lat="30.651775" lon="104.098854">
        <time>2026-05-06T12:20:05Z</time>
      </trkpt>
      <trkpt lat="30.65172" lon="104.098816">
        <time>2026-05-06T12:20:06Z</time>
      </trkpt>
      <trkpt lat="30.651663" lon="104.09877">
        <time>2026-05-06T12:20:07Z</time>
      </trkpt>
      <trkpt lat="30.651608" lon="104.09873">
        <time>2026-05-06T12:20:08Z</time>
      </trkpt>
      <trkpt lat="30.651548" lon="104.0987">
        <time>2026-05-06T12:20:09Z</time>
      </trkpt>
      <trkpt lat="30.651485" lon="104.09868">
        <time>2026-05-06T12:20:10Z</time>
      </trkpt>
      <trkpt lat="30.651424" lon="104.09864">
        <time>2026-05-06T12:20:11Z</time>
      </trkpt>
      <trkpt lat="30.65137" lon="104.0986">
        <time>2026-05-06T12:20:12Z</time>
      </trkpt>
      <trkpt lat="30.651308" lon="104.098564">
        <time>2026-05-06T12:20:13Z</time>
      </trkpt>
      <trkpt lat="30.651249" lon="104.09853">
        <time>2026-05-06T12:20:14Z</time>
      </trkpt>
      <trkpt lat="30.651186" lon="104.098495">
        <time>2026-05-06T12:20:15Z</time>
      </trkpt>
      <trkpt lat="30.651123" lon="104.098465">
        <time>2026-05-06T12:20:16Z</time>
      </trkpt>
      <trkpt lat="30.651066" lon="104.09843">
        <time>2026-05-06T12:20:17Z</time>
      </trkpt>
      <trkpt lat="30.651007" lon="104.0984">
        <time>2026-05-06T12:20:18Z</time>
      </trkpt>
      <trkpt lat="30.650946" lon="104.098366">
        <time>2026-05-06T12:20:19Z</time>
      </trkpt>
      <trkpt lat="30.650885" lon="104.098335">
        <time>2026-05-06T12:20:20Z</time>
      </trkpt>
      <trkpt lat="30.650826" lon="104.0983">
        <time>2026-05-06T12:20:21Z</time>
      </trkpt>
      <trkpt lat="30.650764" lon="104.09827">
        <time>2026-05-06T12:20:22Z</time>
      </trkpt>
      <trkpt lat="30.650717" lon="104.098236">
        <time>2026-05-06T12:20:23Z</time>
      </trkpt>
      <trkpt lat="30.650671" lon="104.098206">
        <time>2026-05-06T12:20:24Z</time>
      </trkpt>
      <trkpt lat="30.650633" lon="104.09818">
        <time>2026-05-06T12:20:25Z</time>
      </trkpt>
      <trkpt lat="30.650597" lon="104.09816">
        <time>2026-05-06T12:20:26Z</time>
      </trkpt>
      <trkpt lat="30.650564" lon="104.09813">
        <time>2026-05-06T12:20:27Z</time>
      </trkpt>
      <trkpt lat="30.650532" lon="104.098114">
        <time>2026-05-06T12:20:28Z</time>
      </trkpt>
      <trkpt lat="30.650503" lon="104.0981">
        <time>2026-05-06T12:20:29Z</time>
      </trkpt>
      <trkpt lat="30.650476" lon="104.09809">
        <time>2026-05-06T12:20:30Z</time>
      </trkpt>
      <trkpt lat="30.650455" lon="104.09809">
        <time>2026-05-06T12:20:31Z</time>
      </trkpt>
      <trkpt lat="30.650442" lon="104.0981">
        <time>2026-05-06T12:20:32Z</time>
      </trkpt>
      <trkpt lat="30.650433" lon="104.098114">
        <time>2026-05-06T12:20:33Z</time>
      </trkpt>
      <trkpt lat="30.650417" lon="104.098145">
        <time>2026-05-06T12:20:34Z</time>
      </trkpt>
      <trkpt lat="30.650394" lon="104.098175">
        <time>2026-05-06T12:20:35Z</time>
      </trkpt>
      <trkpt lat="30.650377" lon="104.0982">
        <time>2026-05-06T12:20:36Z</time>
      </trkpt>
      <trkpt lat="30.65036" lon="104.09822">
        <time>2026-05-06T12:20:37Z</time>
      </trkpt>
      <trkpt lat="30.650341" lon="104.09823">
        <time>2026-05-06T12:20:38Z</time>
      </trkpt>
      <trkpt lat="30.650328" lon="104.09822">
        <time>2026-05-06T12:20:39Z</time>
      </trkpt>
      <trkpt lat="30.650318" lon="104.09821">
        <time>2026-05-06T12:20:40Z</time>
      </trkpt>
      <trkpt lat="30.650314" lon="104.09821">
        <time>2026-05-06T12:20:41Z</time>
      </trkpt>
      <trkpt lat="30.650312" lon="104.09822">
        <time>2026-05-06T12:20:42Z</time>
      </trkpt>
      <trkpt lat="30.650312" lon="104.09823">
        <time>2026-05-06T12:20:43Z</time>
      </trkpt>
      <trkpt lat="30.650312" lon="104.09823">
        <time>2026-05-06T12:20:44Z</time>
      </trkpt>
      <trkpt lat="30.650312" lon="104.09823">
        <time>2026-05-06T12:20:45Z</time>
      </trkpt>
      <trkpt lat="30.650312" lon="104.09823">
        <time>2026-05-06T12:20:46Z</time>
      </trkpt>
      <trkpt lat="30.650312" lon="104.09823">
        <time>2026-05-06T12:20:47Z</time>
      </trkpt>
      <trkpt lat="30.650312" lon="104.09823">
        <time>2026-05-06T12:20:48Z</time>
      </trkpt>
      <trkpt lat="30.650312" lon="104.09823">
        <time>2026-05-06T12:20:49Z</time>
      </trkpt>
      <trkpt lat="30.650312" lon="104.09823">
        <time>2026-05-06T12:20:50Z</time>
      </trkpt>
      <trkpt lat="30.650312" lon="104.09823">
        <time>2026-05-06T12:20:51Z</time>
      </trkpt>
      <trkpt lat="30.650312" lon="104.09823">
        <time>2026-05-06T12:20:52Z</time>
      </trkpt>
      <trkpt lat="30.650312" lon="104.09823">
        <time>2026-05-06T12:20:53Z</time>
      </trkpt>
      <trkpt lat="30.650312" lon="104.09823">
        <time>2026-05-06T12:20:54Z</time>
      </trkpt>
      <trkpt lat="30.650312" lon="104.09823">
        <time>2026-05-06T12:20:55Z</time>
      </trkpt>
      <trkpt lat="30.650312" lon="104.09823">
        <time>2026-05-06T12:20:56Z</time>
      </trkpt>
      <trkpt lat="30.650312" lon="104.09823">
        <time>2026-05-06T12:20:57Z</time>
      </trkpt>
      <trkpt lat="30.650312" lon="104.09823">
        <time>2026-05-06T12:20:58Z</time>
      </trkpt>
      <trkpt lat="30.650312" lon="104.09823">
        <time>2026-05-06T12:20:59Z</time>
      </trkpt>
      <trkpt lat="30.650312" lon="104.09823">
        <time>2026-05-06T12:21:00Z</time>
      </trkpt>
      <trkpt lat="30.650312" lon="104.09823">
        <time>2026-05-06T12:21:01Z</time>
      </trkpt>
      <trkpt lat="30.650312" lon="104.09823">
        <time>2026-05-06T12:21:02Z</time>
      </trkpt>
      <trkpt lat="30.650312" lon="104.09823">
        <time>2026-05-06T12:21:03Z</time>
      </trkpt>
      <trkpt lat="30.650312" lon="104.09823">
        <time>2026-05-06T12:21:04Z</time>
      </trkpt>
      <trkpt lat="30.650312" lon="104.09823">
        <time>2026-05-06T12:21:05Z</time>
      </trkpt>
      <trkpt lat="30.650312" lon="104.09823">
        <time>2026-05-06T12:21:06Z</time>
      </trkpt>
      <trkpt lat="30.650312" lon="104.09823">
        <time>2026-05-06T12:21:07Z</time>
      </trkpt>
      <trkpt lat="30.650312" lon="104.09823">
        <time>2026-05-06T12:21:08Z</time>
      </trkpt>
      <trkpt lat="30.650312" lon="104.09823">
        <time>2026-05-06T12:21:09Z</time>
      </trkpt>
      <trkpt lat="30.650312" lon="104.09823">
        <time>2026-05-06T12:21:10Z</time>
      </trkpt>
      <trkpt lat="30.650312" lon="104.09823">
        <time>2026-05-06T12:21:11Z</time>
      </trkpt>
      <trkpt lat="30.650312" lon="104.09823">
        <time>2026-05-06T12:21:12Z</time>
      </trkpt>
      <trkpt lat="30.650312" lon="104.09823">
        <time>2026-05-06T12:21:13Z</time>
      </trkpt>
      <trkpt lat="30.650312" lon="104.09823">
        <time>2026-05-06T12:21:14Z</time>
      </trkpt>
      <trkpt lat="30.650312" lon="104.09823">
        <time>2026-05-06T12:21:15Z</time>
      </trkpt>
      <trkpt lat="30.650312" lon="104.09823">
        <time>2026-05-06T12:21:16Z</time>
      </trkpt>
      <trkpt lat="30.650312" lon="104.09823">
        <time>2026-05-06T12:21:17Z</time>
      </trkpt>
      <trkpt lat="30.650312" lon="104.09823">
        <time>2026-05-06T12:21:18Z</time>
      </trkpt>
      <trkpt lat="30.650312" lon="104.09823">
        <time>2026-05-06T12:21:19Z</time>
      </trkpt>
      <trkpt lat="30.650312" lon="104.09823">
        <time>2026-05-06T12:21:20Z</time>
      </trkpt>
      <trkpt lat="30.650312" lon="104.09823">
        <time>2026-05-06T12:21:21Z</time>
      </trkpt>
      <trkpt lat="30.650312" lon="104.09823">
        <time>2026-05-06T12:21:22Z</time>
      </trkpt>
      <trkpt lat="30.650312" lon="104.09823">
        <time>2026-05-06T12:21:23Z</time>
      </trkpt>
      <trkpt lat="30.650312" lon="104.09823">
        <time>2026-05-06T12:21:24Z</time>
      </trkpt>
      <trkpt lat="30.650312" lon="104.09823">
        <time>2026-05-06T12:21:25Z</time>
      </trkpt>
      <trkpt lat="30.650312" lon="104.09823">
        <time>2026-05-06T12:21:26Z</time>
      </trkpt>
      <trkpt lat="30.650312" lon="104.09823">
        <time>2026-05-06T12:21:27Z</time>
      </trkpt>
      <trkpt lat="30.650312" lon="104.09823">
        <time>2026-05-06T12:21:28Z</time>
      </trkpt>
      <trkpt lat="30.650312" lon="104.09823">
        <time>2026-05-06T12:21:29Z</time>
      </trkpt>
      <trkpt lat="30.650312" lon="104.09823">
        <time>2026-05-06T12:21:30Z</time>
      </trkpt>
      <trkpt lat="30.650312" lon="104.09823">
        <time>2026-05-06T12:21:31Z</time>
      </trkpt>
      <trkpt lat="30.650312" lon="104.09823">
        <time>2026-05-06T12:21:33Z</time>
      </trkpt>
      <trkpt lat="30.650312" lon="104.09823">
        <time>2026-05-06T12:21:34Z</time>
      </trkpt>
      <trkpt lat="30.650312" lon="104.09823">
        <time>2026-05-06T12:21:35Z</time>
      </trkpt>
      <trkpt lat="30.650312" lon="104.09823">
        <time>2026-05-06T12:21:36Z</time>
      </trkpt>
      <trkpt lat="30.650312" lon="104.09823">
        <time>2026-05-06T12:21:37Z</time>
      </trkpt>
      <trkpt lat="30.650312" lon="104.09823">
        <time>2026-05-06T12:21:38Z</time>
      </trkpt>
      <trkpt lat="30.650312" lon="104.09823">
        <time>2026-05-06T12:21:39Z</time>
      </trkpt>
      <trkpt lat="30.650312" lon="104.09823">
        <time>2026-05-06T12:21:40Z</time>
      </trkpt>
      <trkpt lat="30.650312" lon="104.09823">
        <time>2026-05-06T12:21:41Z</time>
      </trkpt>
      <trkpt lat="30.650312" lon="104.09823">
        <time>2026-05-06T12:21:42Z</time>
      </trkpt>
      <trkpt lat="30.650312" lon="104.09823">
        <time>2026-05-06T12:21:43Z</time>
      </trkpt>
      <trkpt lat="30.650312" lon="104.09823">
        <time>2026-05-06T12:21:44Z</time>
      </trkpt>
      <trkpt lat="30.650312" lon="104.09823">
        <time>2026-05-06T12:21:45Z</time>
      </trkpt>
      <trkpt lat="30.650312" lon="104.09823">
        <time>2026-05-06T12:21:46Z</time>
      </trkpt>
      <trkpt lat="30.65028" lon="104.09819">
        <time>2026-05-06T12:21:47Z</time>
      </trkpt>
      <trkpt lat="30.65025" lon="104.098175">
        <time>2026-05-06T12:21:48Z</time>
      </trkpt>
      <trkpt lat="30.650219" lon="104.09817">
        <time>2026-05-06T12:21:49Z</time>
      </trkpt>
      <trkpt lat="30.650179" lon="104.09816">
        <time>2026-05-06T12:21:50Z</time>
      </trkpt>
      <trkpt lat="30.650139" lon="104.09815">
        <time>2026-05-06T12:21:51Z</time>
      </trkpt>
      <trkpt lat="30.650099" lon="104.09817">
        <time>2026-05-06T12:21:52Z</time>
      </trkpt>
      <trkpt lat="30.65006" lon="104.0982">
        <time>2026-05-06T12:21:53Z</time>
      </trkpt>
      <trkpt lat="30.650023" lon="104.09825">
        <time>2026-05-06T12:21:54Z</time>
      </trkpt>
      <trkpt lat="30.649992" lon="104.098305">
        <time>2026-05-06T12:21:55Z</time>
      </trkpt>
      <trkpt lat="30.649958" lon="104.098366">
        <time>2026-05-06T12:21:56Z</time>
      </trkpt>
      <trkpt lat="30.649925" lon="104.09843">
        <time>2026-05-06T12:21:57Z</time>
      </trkpt>
      <trkpt lat="30.64989" lon="104.098495">
        <time>2026-05-06T12:21:58Z</time>
      </trkpt>
      <trkpt lat="30.649855" lon="104.098564">
        <time>2026-05-06T12:21:59Z</time>
      </trkpt>
      <trkpt lat="30.649822" lon="104.09863">
        <time>2026-05-06T12:22:00Z</time>
      </trkpt>
      <trkpt lat="30.649788" lon="104.0987">
        <time>2026-05-06T12:22:01Z</time>
      </trkpt>
      <trkpt lat="30.649757" lon="104.09878">
        <time>2026-05-06T12:22:02Z</time>
      </trkpt>
      <trkpt lat="30.649727" lon="104.09886">
        <time>2026-05-06T12:22:03Z</time>
      </trkpt>
      <trkpt lat="30.649693" lon="104.09894">
        <time>2026-05-06T12:22:04Z</time>
      </trkpt>
      <trkpt lat="30.649658" lon="104.09902">
        <time>2026-05-06T12:22:05Z</time>
      </trkpt>
      <trkpt lat="30.649624" lon="104.09909">
        <time>2026-05-06T12:22:06Z</time>
      </trkpt>
      <trkpt lat="30.649588" lon="104.09916">
        <time>2026-05-06T12:22:07Z</time>
      </trkpt>
      <trkpt lat="30.649557" lon="104.09922">
        <time>2026-05-06T12:22:08Z</time>
      </trkpt>
      <trkpt lat="30.64952" lon="104.0993">
        <time>2026-05-06T12:22:09Z</time>
      </trkpt>
      <trkpt lat="30.64949" lon="104.099365">
        <time>2026-05-06T12:22:10Z</time>
      </trkpt>
      <trkpt lat="30.649466" lon="104.099434">
        <time>2026-05-06T12:22:11Z</time>
      </trkpt>
      <trkpt lat="30.649437" lon="104.09951">
        <time>2026-05-06T12:22:12Z</time>
      </trkpt>
      <trkpt lat="30.649403" lon="104.09959">
        <time>2026-05-06T12:22:13Z</time>
      </trkpt>
      <trkpt lat="30.649376" lon="104.099655">
        <time>2026-05-06T12:22:14Z</time>
      </trkpt>
      <trkpt lat="30.649351" lon="104.09973">
        <time>2026-05-06T12:22:15Z</time>
      </trkpt>
      <trkpt lat="30.649323" lon="104.0998">
        <time>2026-05-06T12:22:16Z</time>
      </trkpt>
      <trkpt lat="30.649292" lon="104.09987">
        <time>2026-05-06T12:22:17Z</time>
      </trkpt>
      <trkpt lat="30.64926" lon="104.09994">
        <time>2026-05-06T12:22:18Z</time>
      </trkpt>
      <trkpt lat="30.649227" lon="104.10001">
        <time>2026-05-06T12:22:19Z</time>
      </trkpt>
      <trkpt lat="30.649189" lon="104.1001">
        <time>2026-05-06T12:22:20Z</time>
      </trkpt>
      <trkpt lat="30.649153" lon="104.10017">
        <time>2026-05-06T12:22:21Z</time>
      </trkpt>
      <trkpt lat="30.649122" lon="104.100235">
        <time>2026-05-06T12:22:22Z</time>
      </trkpt>
      <trkpt lat="30.649082" lon="104.10031">
        <time>2026-05-06T12:22:23Z</time>
      </trkpt>
      <trkpt lat="30.64904" lon="104.10039">
        <time>2026-05-06T12:22:24Z</time>
      </trkpt>
      <trkpt lat="30.648998" lon="104.100464">
        <time>2026-05-06T12:22:25Z</time>
      </trkpt>
      <trkpt lat="30.648966" lon="104.10053">
        <time>2026-05-06T12:22:26Z</time>
      </trkpt>
      <trkpt lat="30.64893" lon="104.10061">
        <time>2026-05-06T12:22:27Z</time>
      </trkpt>
      <trkpt lat="30.648895" lon="104.10068">
        <time>2026-05-06T12:22:28Z</time>
      </trkpt>
      <trkpt lat="30.648859" lon="104.10075">
        <time>2026-05-06T12:22:29Z</time>
      </trkpt>
      <trkpt lat="30.64882" lon="104.10083">
        <time>2026-05-06T12:22:30Z</time>
      </trkpt>
      <trkpt lat="30.64878" lon="104.1009">
        <time>2026-05-06T12:22:31Z</time>
      </trkpt>
      <trkpt lat="30.64874" lon="104.100975">
        <time>2026-05-06T12:22:32Z</time>
      </trkpt>
      <trkpt lat="30.6487" lon="104.10104">
        <time>2026-05-06T12:22:33Z</time>
      </trkpt>
      <trkpt lat="30.648664" lon="104.10111">
        <time>2026-05-06T12:22:34Z</time>
      </trkpt>
      <trkpt lat="30.648628" lon="104.10118">
        <time>2026-05-06T12:22:35Z</time>
      </trkpt>
      <trkpt lat="30.64859" lon="104.10126">
        <time>2026-05-06T12:22:36Z</time>
      </trkpt>
      <trkpt lat="30.648548" lon="104.101326">
        <time>2026-05-06T12:22:37Z</time>
      </trkpt>
      <trkpt lat="30.648504" lon="104.101395">
        <time>2026-05-06T12:22:38Z</time>
      </trkpt>
      <trkpt lat="30.64846" lon="104.10147">
        <time>2026-05-06T12:22:39Z</time>
      </trkpt>
      <trkpt lat="30.648415" lon="104.101555">
        <time>2026-05-06T12:22:40Z</time>
      </trkpt>
      <trkpt lat="30.648384" lon="104.10164">
        <time>2026-05-06T12:22:41Z</time>
      </trkpt>
      <trkpt lat="30.64835" lon="104.101715">
        <time>2026-05-06T12:22:42Z</time>
      </trkpt>
      <trkpt lat="30.64831" lon="104.1018">
        <time>2026-05-06T12:22:43Z</time>
      </trkpt>
      <trkpt lat="30.648272" lon="104.10189">
        <time>2026-05-06T12:22:44Z</time>
      </trkpt>
      <trkpt lat="30.648237" lon="104.10197">
        <time>2026-05-06T12:22:45Z</time>
      </trkpt>
      <trkpt lat="30.648201" lon="104.10205">
        <time>2026-05-06T12:22:46Z</time>
      </trkpt>
      <trkpt lat="30.648165" lon="104.102135">
        <time>2026-05-06T12:22:47Z</time>
      </trkpt>
      <trkpt lat="30.648129" lon="104.10222">
        <time>2026-05-06T12:22:48Z</time>
      </trkpt>
      <trkpt lat="30.64809" lon="104.1023">
        <time>2026-05-06T12:22:49Z</time>
      </trkpt>
      <trkpt lat="30.648048" lon="104.10237">
        <time>2026-05-06T12:22:50Z</time>
      </trkpt>
      <trkpt lat="30.648012" lon="104.10245">
        <time>2026-05-06T12:22:51Z</time>
      </trkpt>
      <trkpt lat="30.647974" lon="104.102516">
        <time>2026-05-06T12:22:52Z</time>
      </trkpt>
      <trkpt lat="30.647934" lon="104.10259">
        <time>2026-05-06T12:22:53Z</time>
      </trkpt>
      <trkpt lat="30.647894" lon="104.10266">
        <time>2026-05-06T12:22:54Z</time>
      </trkpt>
      <trkpt lat="30.647852" lon="104.10274">
        <time>2026-05-06T12:22:55Z</time>
      </trkpt>
      <trkpt lat="30.647812" lon="104.10282">
        <time>2026-05-06T12:22:56Z</time>
      </trkpt>
      <trkpt lat="30.647772" lon="104.1029">
        <time>2026-05-06T12:22:57Z</time>
      </trkpt>
      <trkpt lat="30.647736" lon="104.102974">
        <time>2026-05-06T12:22:58Z</time>
      </trkpt>
      <trkpt lat="30.647701" lon="104.10305">
        <time>2026-05-06T12:22:59Z</time>
      </trkpt>
      <trkpt lat="30.64767" lon="104.103134">
        <time>2026-05-06T12:23:00Z</time>
      </trkpt>
      <trkpt lat="30.64764" lon="104.10322">
        <time>2026-05-06T12:23:01Z</time>
      </trkpt>
      <trkpt lat="30.647612" lon="104.1033">
        <time>2026-05-06T12:23:02Z</time>
      </trkpt>
      <trkpt lat="30.64758" lon="104.103386">
        <time>2026-05-06T12:23:03Z</time>
      </trkpt>
      <trkpt lat="30.647545" lon="104.10347">
        <time>2026-05-06T12:23:04Z</time>
      </trkpt>
      <trkpt lat="30.647516" lon="104.103546">
        <time>2026-05-06T12:23:05Z</time>
      </trkpt>
      <trkpt lat="30.647488" lon="104.103615">
        <time>2026-05-06T12:23:06Z</time>
      </trkpt>
      <trkpt lat="30.647457" lon="104.10368">
        <time>2026-05-06T12:23:07Z</time>
      </trkpt>
      <trkpt lat="30.647427" lon="104.10376">
        <time>2026-05-06T12:23:08Z</time>
      </trkpt>
      <trkpt lat="30.647394" lon="104.10383">
        <time>2026-05-06T12:23:09Z</time>
      </trkpt>
      <trkpt lat="30.64736" lon="104.1039">
        <time>2026-05-06T12:23:10Z</time>
      </trkpt>
      <trkpt lat="30.647327" lon="104.10397">
        <time>2026-05-06T12:23:11Z</time>
      </trkpt>
      <trkpt lat="30.647291" lon="104.10404">
        <time>2026-05-06T12:23:12Z</time>
      </trkpt>
      <trkpt lat="30.647224" lon="104.10419">
        <time>2026-05-06T12:23:13Z</time>
      </trkpt>
      <trkpt lat="30.647188" lon="104.104256">
        <time>2026-05-06T12:23:15Z</time>
      </trkpt>
      <trkpt lat="30.647156" lon="104.104324">
        <time>2026-05-06T12:23:16Z</time>
      </trkpt>
      <trkpt lat="30.647087" lon="104.10447">
        <time>2026-05-06T12:23:17Z</time>
      </trkpt>
      <trkpt lat="30.647018" lon="104.10461">
        <time>2026-05-06T12:23:19Z</time>
      </trkpt>
      <trkpt lat="30.646984" lon="104.10467">
        <time>2026-05-06T12:23:21Z</time>
      </trkpt>
      <trkpt lat="30.646948" lon="104.10474">
        <time>2026-05-06T12:23:22Z</time>
      </trkpt>
      <trkpt lat="30.646917" lon="104.104805">
        <time>2026-05-06T12:23:23Z</time>
      </trkpt>
      <trkpt lat="30.646883" lon="104.10487">
        <time>2026-05-06T12:23:24Z</time>
      </trkpt>
      <trkpt lat="30.646852" lon="104.10494">
        <time>2026-05-06T12:23:25Z</time>
      </trkpt>
      <trkpt lat="30.646824" lon="104.10501">
        <time>2026-05-06T12:23:26Z</time>
      </trkpt>
      <trkpt lat="30.646793" lon="104.10507">
        <time>2026-05-06T12:23:27Z</time>
      </trkpt>
      <trkpt lat="30.646757" lon="104.10512">
        <time>2026-05-06T12:23:28Z</time>
      </trkpt>
      <trkpt lat="30.64672" lon="104.10516">
        <time>2026-05-06T12:23:29Z</time>
      </trkpt>
      <trkpt lat="30.646685" lon="104.10521">
        <time>2026-05-06T12:23:30Z</time>
      </trkpt>
      <trkpt lat="30.646654" lon="104.10527">
        <time>2026-05-06T12:23:31Z</time>
      </trkpt>
      <trkpt lat="30.646627" lon="104.10534">
        <time>2026-05-06T12:23:32Z</time>
      </trkpt>
      <trkpt lat="30.64661" lon="104.10539">
        <time>2026-05-06T12:23:33Z</time>
      </trkpt>
      <trkpt lat="30.646584" lon="104.10544">
        <time>2026-05-06T12:23:34Z</time>
      </trkpt>
      <trkpt lat="30.646553" lon="104.105484">
        <time>2026-05-06T12:23:35Z</time>
      </trkpt>
      <trkpt lat="30.646526" lon="104.10554">
        <time>2026-05-06T12:23:36Z</time>
      </trkpt>
      <trkpt lat="30.646494" lon="104.10559">
        <time>2026-05-06T12:23:37Z</time>
      </trkpt>
      <trkpt lat="30.646452" lon="104.10566">
        <time>2026-05-06T12:23:38Z</time>
      </trkpt>
      <trkpt lat="30.64641" lon="104.10573">
        <time>2026-05-06T12:23:39Z</time>
      </trkpt>
      <trkpt lat="30.646376" lon="104.10579">
        <time>2026-05-06T12:23:40Z</time>
      </trkpt>
      <trkpt lat="30.646345" lon="104.10586">
        <time>2026-05-06T12:23:41Z</time>
      </trkpt>
      <trkpt lat="30.646317" lon="104.10593">
        <time>2026-05-06T12:23:42Z</time>
      </trkpt>
      <trkpt lat="30.646288" lon="104.10599">
        <time>2026-05-06T12:23:43Z</time>
      </trkpt>
      <trkpt lat="30.646255" lon="104.10606">
        <time>2026-05-06T12:23:44Z</time>
      </trkpt>
      <trkpt lat="30.646217" lon="104.10613">
        <time>2026-05-06T12:23:45Z</time>
      </trkpt>
      <trkpt lat="30.64618" lon="104.10619">
        <time>2026-05-06T12:23:46Z</time>
      </trkpt>
      <trkpt lat="30.64615" lon="104.10626">
        <time>2026-05-06T12:23:47Z</time>
      </trkpt>
      <trkpt lat="30.646124" lon="104.10634">
        <time>2026-05-06T12:23:48Z</time>
      </trkpt>
      <trkpt lat="30.646097" lon="104.1064">
        <time>2026-05-06T12:23:49Z</time>
      </trkpt>
      <trkpt lat="30.64607" lon="104.10647">
        <time>2026-05-06T12:23:50Z</time>
      </trkpt>
      <trkpt lat="30.646036" lon="104.106544">
        <time>2026-05-06T12:23:51Z</time>
      </trkpt>
      <trkpt lat="30.646008" lon="104.106606">
        <time>2026-05-06T12:23:52Z</time>
      </trkpt>
      <trkpt lat="30.645979" lon="104.106674">
        <time>2026-05-06T12:23:53Z</time>
      </trkpt>
      <trkpt lat="30.645947" lon="104.106735">
        <time>2026-05-06T12:23:54Z</time>
      </trkpt>
      <trkpt lat="30.645912" lon="104.106804">
        <time>2026-05-06T12:23:55Z</time>
      </trkpt>
      <trkpt lat="30.64588" lon="104.10688">
        <time>2026-05-06T12:23:56Z</time>
      </trkpt>
      <trkpt lat="30.645851" lon="104.10694">
        <time>2026-05-06T12:23:57Z</time>
      </trkpt>
      <trkpt lat="30.645823" lon="104.107">
        <time>2026-05-06T12:23:58Z</time>
      </trkpt>
      <trkpt lat="30.645796" lon="104.10706">
        <time>2026-05-06T12:23:59Z</time>
      </trkpt>
      <trkpt lat="30.645773" lon="104.10712">
        <time>2026-05-06T12:24:00Z</time>
      </trkpt>
      <trkpt lat="30.645756" lon="104.10718">
        <time>2026-05-06T12:24:01Z</time>
      </trkpt>
      <trkpt lat="30.64574" lon="104.10722">
        <time>2026-05-06T12:24:02Z</time>
      </trkpt>
      <trkpt lat="30.645716" lon="104.10728">
        <time>2026-05-06T12:24:03Z</time>
      </trkpt>
      <trkpt lat="30.645693" lon="104.10732">
        <time>2026-05-06T12:24:04Z</time>
      </trkpt>
      <trkpt lat="30.645666" lon="104.10737">
        <time>2026-05-06T12:24:05Z</time>
      </trkpt>
      <trkpt lat="30.645643" lon="104.107414">
        <time>2026-05-06T12:24:06Z</time>
      </trkpt>
      <trkpt lat="30.645622" lon="104.10745">
        <time>2026-05-06T12:24:07Z</time>
      </trkpt>
      <trkpt lat="30.645594" lon="104.10749">
        <time>2026-05-06T12:24:08Z</time>
      </trkpt>
      <trkpt lat="30.64556" lon="104.10754">
        <time>2026-05-06T12:24:09Z</time>
      </trkpt>
      <trkpt lat="30.645533" lon="104.107574">
        <time>2026-05-06T12:24:10Z</time>
      </trkpt>
      <trkpt lat="30.645508" lon="104.107605">
        <time>2026-05-06T12:24:11Z</time>
      </trkpt>
      <trkpt lat="30.645485" lon="104.10765">
        <time>2026-05-06T12:24:12Z</time>
      </trkpt>
      <trkpt lat="30.645456" lon="104.1077">
        <time>2026-05-06T12:24:13Z</time>
      </trkpt>
      <trkpt lat="30.645428" lon="104.10774">
        <time>2026-05-06T12:24:14Z</time>
      </trkpt>
      <trkpt lat="30.645403" lon="104.10779">
        <time>2026-05-06T12:24:15Z</time>
      </trkpt>
      <trkpt lat="30.645376" lon="104.107834">
        <time>2026-05-06T12:24:16Z</time>
      </trkpt>
      <trkpt lat="30.645351" lon="104.10789">
        <time>2026-05-06T12:24:17Z</time>
      </trkpt>
      <trkpt lat="30.64533" lon="104.107956">
        <time>2026-05-06T12:24:18Z</time>
      </trkpt>
      <trkpt lat="30.6453" lon="104.10802">
        <time>2026-05-06T12:24:19Z</time>
      </trkpt>
      <trkpt lat="30.645267" lon="104.10807">
        <time>2026-05-06T12:24:20Z</time>
      </trkpt>
      <trkpt lat="30.64524" lon="104.108116">
        <time>2026-05-06T12:24:21Z</time>
      </trkpt>
      <trkpt lat="30.645214" lon="104.10816">
        <time>2026-05-06T12:24:22Z</time>
      </trkpt>
      <trkpt lat="30.64519" lon="104.10821">
        <time>2026-05-06T12:24:23Z</time>
      </trkpt>
      <trkpt lat="30.645163" lon="104.10827">
        <time>2026-05-06T12:24:24Z</time>
      </trkpt>
      <trkpt lat="30.645138" lon="104.10832">
        <time>2026-05-06T12:24:25Z</time>
      </trkpt>
      <trkpt lat="30.645115" lon="104.10838">
        <time>2026-05-06T12:24:26Z</time>
      </trkpt>
      <trkpt lat="30.645092" lon="104.108444">
        <time>2026-05-06T12:24:27Z</time>
      </trkpt>
      <trkpt lat="30.645071" lon="104.108505">
        <time>2026-05-06T12:24:28Z</time>
      </trkpt>
      <trkpt lat="30.645056" lon="104.10856">
        <time>2026-05-06T12:24:29Z</time>
      </trkpt>
      <trkpt lat="30.645035" lon="104.10861">
        <time>2026-05-06T12:24:30Z</time>
      </trkpt>
      <trkpt lat="30.645016" lon="104.108665">
        <time>2026-05-06T12:24:31Z</time>
      </trkpt>
      <trkpt lat="30.644993" lon="104.108734">
        <time>2026-05-06T12:24:32Z</time>
      </trkpt>
      <trkpt lat="30.644974" lon="104.108795">
        <time>2026-05-06T12:24:33Z</time>
      </trkpt>
      <trkpt lat="30.64495" lon="104.10886">
        <time>2026-05-06T12:24:34Z</time>
      </trkpt>
      <trkpt lat="30.644932" lon="104.10892">
        <time>2026-05-06T12:24:35Z</time>
      </trkpt>
      <trkpt lat="30.644905" lon="104.10898">
        <time>2026-05-06T12:24:36Z</time>
      </trkpt>
      <trkpt lat="30.64488" lon="104.10904">
        <time>2026-05-06T12:24:37Z</time>
      </trkpt>
      <trkpt lat="30.644854" lon="104.10909">
        <time>2026-05-06T12:24:38Z</time>
      </trkpt>
      <trkpt lat="30.644829" lon="104.10915">
        <time>2026-05-06T12:24:39Z</time>
      </trkpt>
      <trkpt lat="30.6448" lon="104.109215">
        <time>2026-05-06T12:24:40Z</time>
      </trkpt>
      <trkpt lat="30.644775" lon="104.10927">
        <time>2026-05-06T12:24:41Z</time>
      </trkpt>
      <trkpt lat="30.644747" lon="104.10933">
        <time>2026-05-06T12:24:42Z</time>
      </trkpt>
      <trkpt lat="30.644722" lon="104.10938">
        <time>2026-05-06T12:24:43Z</time>
      </trkpt>
      <trkpt lat="30.6447" lon="104.10944">
        <time>2026-05-06T12:24:44Z</time>
      </trkpt>
      <trkpt lat="30.644672" lon="104.1095">
        <time>2026-05-06T12:24:45Z</time>
      </trkpt>
      <trkpt lat="30.644644" lon="104.10955">
        <time>2026-05-06T12:24:46Z</time>
      </trkpt>
      <trkpt lat="30.644619" lon="104.1096">
        <time>2026-05-06T12:24:47Z</time>
      </trkpt>
      <trkpt lat="30.644596" lon="104.109634">
        <time>2026-05-06T12:24:48Z</time>
      </trkpt>
      <trkpt lat="30.644579" lon="104.10967">
        <time>2026-05-06T12:24:49Z</time>
      </trkpt>
      <trkpt lat="30.644566" lon="104.109695">
        <time>2026-05-06T12:24:50Z</time>
      </trkpt>
      <trkpt lat="30.64456" lon="104.10971">
        <time>2026-05-06T12:24:51Z</time>
      </trkpt>
      <trkpt lat="30.644554" lon="104.10973">
        <time>2026-05-06T12:24:52Z</time>
      </trkpt>
      <trkpt lat="30.644547" lon="104.10976">
        <time>2026-05-06T12:24:53Z</time>
      </trkpt>
      <trkpt lat="30.644537" lon="104.10979">
        <time>2026-05-06T12:24:54Z</time>
      </trkpt>
      <trkpt lat="30.644524" lon="104.10982">
        <time>2026-05-06T12:24:55Z</time>
      </trkpt>
      <trkpt lat="30.644503" lon="104.10985">
        <time>2026-05-06T12:24:56Z</time>
      </trkpt>
      <trkpt lat="30.64448" lon="104.10989">
        <time>2026-05-06T12:24:57Z</time>
      </trkpt>
      <trkpt lat="30.644451" lon="104.10994">
        <time>2026-05-06T12:24:58Z</time>
      </trkpt>
      <trkpt lat="30.644413" lon="104.11">
        <time>2026-05-06T12:24:59Z</time>
      </trkpt>
      <trkpt lat="30.64437" lon="104.11006">
        <time>2026-05-06T12:25:00Z</time>
      </trkpt>
      <trkpt lat="30.644306" lon="104.1102">
        <time>2026-05-06T12:25:01Z</time>
      </trkpt>
      <trkpt lat="30.644274" lon="104.11027">
        <time>2026-05-06T12:25:02Z</time>
      </trkpt>
      <trkpt lat="30.644241" lon="104.11034">
        <time>2026-05-06T12:25:03Z</time>
      </trkpt>
      <trkpt lat="30.64421" lon="104.110405">
        <time>2026-05-06T12:25:04Z</time>
      </trkpt>
      <trkpt lat="30.64418" lon="104.11048">
        <time>2026-05-06T12:25:05Z</time>
      </trkpt>
      <trkpt lat="30.64415" lon="104.11055">
        <time>2026-05-06T12:25:06Z</time>
      </trkpt>
      <trkpt lat="30.64412" lon="104.11063">
        <time>2026-05-06T12:25:08Z</time>
      </trkpt>
      <trkpt lat="30.644087" lon="104.110695">
        <time>2026-05-06T12:25:09Z</time>
      </trkpt>
      <trkpt lat="30.644053" lon="104.11077">
        <time>2026-05-06T12:25:10Z</time>
      </trkpt>
      <trkpt lat="30.644018" lon="104.11085">
        <time>2026-05-06T12:25:11Z</time>
      </trkpt>
      <trkpt lat="30.643988" lon="104.11092">
        <time>2026-05-06T12:25:12Z</time>
      </trkpt>
      <trkpt lat="30.643959" lon="104.11098">
        <time>2026-05-06T12:25:13Z</time>
      </trkpt>
      <trkpt lat="30.643925" lon="104.11104">
        <time>2026-05-06T12:25:14Z</time>
      </trkpt>
      <trkpt lat="30.643894" lon="104.111115">
        <time>2026-05-06T12:25:15Z</time>
      </trkpt>
      <trkpt lat="30.643856" lon="104.11118">
        <time>2026-05-06T12:25:16Z</time>
      </trkpt>
      <trkpt lat="30.64382" lon="104.11126">
        <time>2026-05-06T12:25:17Z</time>
      </trkpt>
      <trkpt lat="30.643787" lon="104.11133">
        <time>2026-05-06T12:25:18Z</time>
      </trkpt>
      <trkpt lat="30.643751" lon="104.1114">
        <time>2026-05-06T12:25:19Z</time>
      </trkpt>
      <trkpt lat="30.643717" lon="104.111465">
        <time>2026-05-06T12:25:20Z</time>
      </trkpt>
      <trkpt lat="30.643682" lon="104.111534">
        <time>2026-05-06T12:25:21Z</time>
      </trkpt>
      <trkpt lat="30.643656" lon="104.11159">
        <time>2026-05-06T12:25:22Z</time>
      </trkpt>
      <trkpt lat="30.643616" lon="104.111626">
        <time>2026-05-06T12:25:23Z</time>
      </trkpt>
      <trkpt lat="30.64357" lon="104.11163">
        <time>2026-05-06T12:25:24Z</time>
      </trkpt>
      <trkpt lat="30.643517" lon="104.11164">
        <time>2026-05-06T12:25:25Z</time>
      </trkpt>
      <trkpt lat="30.64347" lon="104.111664">
        <time>2026-05-06T12:25:26Z</time>
      </trkpt>
      <trkpt lat="30.643444" lon="104.111725">
        <time>2026-05-06T12:25:27Z</time>
      </trkpt>
      <trkpt lat="30.64342" lon="104.11181">
        <time>2026-05-06T12:25:28Z</time>
      </trkpt>
      <trkpt lat="30.643398" lon="104.11191">
        <time>2026-05-06T12:25:29Z</time>
      </trkpt>
      <trkpt lat="30.643377" lon="104.111984">
        <time>2026-05-06T12:25:30Z</time>
      </trkpt>
      <trkpt lat="30.643358" lon="104.11207">
        <time>2026-05-06T12:25:31Z</time>
      </trkpt>
      <trkpt lat="30.643328" lon="104.11216">
        <time>2026-05-06T12:25:32Z</time>
      </trkpt>
      <trkpt lat="30.643303" lon="104.11224">
        <time>2026-05-06T12:25:33Z</time>
      </trkpt>
      <trkpt lat="30.643272" lon="104.112335">
        <time>2026-05-06T12:25:34Z</time>
      </trkpt>
      <trkpt lat="30.64324" lon="104.11243">
        <time>2026-05-06T12:25:35Z</time>
      </trkpt>
      <trkpt lat="30.64321" lon="104.1125">
        <time>2026-05-06T12:25:36Z</time>
      </trkpt>
      <trkpt lat="30.643171" lon="104.11257">
        <time>2026-05-06T12:25:37Z</time>
      </trkpt>
      <trkpt lat="30.643131" lon="104.112656">
        <time>2026-05-06T12:25:38Z</time>
      </trkpt>
      <trkpt lat="30.643099" lon="104.11273">
        <time>2026-05-06T12:25:39Z</time>
      </trkpt>
      <trkpt lat="30.643063" lon="104.11281">
        <time>2026-05-06T12:25:40Z</time>
      </trkpt>
      <trkpt lat="30.643023" lon="104.112885">
        <time>2026-05-06T12:25:41Z</time>
      </trkpt>
      <trkpt lat="30.642984" lon="104.11297">
        <time>2026-05-06T12:25:42Z</time>
      </trkpt>
      <trkpt lat="30.642956" lon="104.11304">
        <time>2026-05-06T12:25:43Z</time>
      </trkpt>
      <trkpt lat="30.642916" lon="104.113106">
        <time>2026-05-06T12:25:44Z</time>
      </trkpt>
      <trkpt lat="30.642885" lon="104.11317">
        <time>2026-05-06T12:25:45Z</time>
      </trkpt>
      <trkpt lat="30.64285" lon="104.11324">
        <time>2026-05-06T12:25:46Z</time>
      </trkpt>
      <trkpt lat="30.64281" lon="104.113304">
        <time>2026-05-06T12:25:47Z</time>
      </trkpt>
      <trkpt lat="30.64277" lon="104.113365">
        <time>2026-05-06T12:25:48Z</time>
      </trkpt>
      <trkpt lat="30.642733" lon="104.113434">
        <time>2026-05-06T12:25:49Z</time>
      </trkpt>
      <trkpt lat="30.642702" lon="104.1135">
        <time>2026-05-06T12:25:50Z</time>
      </trkpt>
      <trkpt lat="30.64267" lon="104.11356">
        <time>2026-05-06T12:25:51Z</time>
      </trkpt>
      <trkpt lat="30.642643" lon="104.113625">
        <time>2026-05-06T12:25:52Z</time>
      </trkpt>
      <trkpt lat="30.642614" lon="104.11368">
        <time>2026-05-06T12:25:53Z</time>
      </trkpt>
      <trkpt lat="30.642582" lon="104.11374">
        <time>2026-05-06T12:25:54Z</time>
      </trkpt>
      <trkpt lat="30.642548" lon="104.11381">
        <time>2026-05-06T12:25:55Z</time>
      </trkpt>
      <trkpt lat="30.642513" lon="104.11388">
        <time>2026-05-06T12:25:56Z</time>
      </trkpt>
      <trkpt lat="30.642471" lon="104.11394">
        <time>2026-05-06T12:25:57Z</time>
      </trkpt>
      <trkpt lat="30.642433" lon="104.114006">
        <time>2026-05-06T12:25:58Z</time>
      </trkpt>
      <trkpt lat="30.642397" lon="104.11407">
        <time>2026-05-06T12:25:59Z</time>
      </trkpt>
      <trkpt lat="30.642368" lon="104.11413">
        <time>2026-05-06T12:26:00Z</time>
      </trkpt>
      <trkpt lat="30.642344" lon="104.11419">
        <time>2026-05-06T12:26:01Z</time>
      </trkpt>
      <trkpt lat="30.642326" lon="104.11424">
        <time>2026-05-06T12:26:02Z</time>
      </trkpt>
      <trkpt lat="30.642311" lon="104.11429">
        <time>2026-05-06T12:26:03Z</time>
      </trkpt>
      <trkpt lat="30.64229" lon="104.11434">
        <time>2026-05-06T12:26:04Z</time>
      </trkpt>
      <trkpt lat="30.64226" lon="104.114395">
        <time>2026-05-06T12:26:05Z</time>
      </trkpt>
      <trkpt lat="30.64223" lon="104.11445">
        <time>2026-05-06T12:26:06Z</time>
      </trkpt>
      <trkpt lat="30.642202" lon="104.1145">
        <time>2026-05-06T12:26:07Z</time>
      </trkpt>
      <trkpt lat="30.642178" lon="104.11455">
        <time>2026-05-06T12:26:08Z</time>
      </trkpt>
      <trkpt lat="30.64215" lon="104.1146">
        <time>2026-05-06T12:26:09Z</time>
      </trkpt>
      <trkpt lat="30.64213" lon="104.114655">
        <time>2026-05-06T12:26:10Z</time>
      </trkpt>
      <trkpt lat="30.642107" lon="104.1147">
        <time>2026-05-06T12:26:11Z</time>
      </trkpt>
      <trkpt lat="30.64208" lon="104.114746">
        <time>2026-05-06T12:26:12Z</time>
      </trkpt>
      <trkpt lat="30.642057" lon="104.11478">
        <time>2026-05-06T12:26:13Z</time>
      </trkpt>
      <trkpt lat="30.642038" lon="104.114815">
        <time>2026-05-06T12:26:14Z</time>
      </trkpt>
      <trkpt lat="30.642017" lon="104.114845">
        <time>2026-05-06T12:26:15Z</time>
      </trkpt>
      <trkpt lat="30.641994" lon="104.11487">
        <time>2026-05-06T12:26:16Z</time>
      </trkpt>
      <trkpt lat="30.64197" lon="104.11488">
        <time>2026-05-06T12:26:17Z</time>
      </trkpt>
      <trkpt lat="30.641947" lon="104.11489">
        <time>2026-05-06T12:26:18Z</time>
      </trkpt>
      <trkpt lat="30.641928" lon="104.11491">
        <time>2026-05-06T12:26:19Z</time>
      </trkpt>
      <trkpt lat="30.641916" lon="104.114914">
        <time>2026-05-06T12:26:20Z</time>
      </trkpt>
      <trkpt lat="30.641916" lon="104.114914">
        <time>2026-05-06T12:26:21Z</time>
      </trkpt>
      <trkpt lat="30.641916" lon="104.114914">
        <time>2026-05-06T12:26:22Z</time>
      </trkpt>
      <trkpt lat="30.641916" lon="104.114914">
        <time>2026-05-06T12:26:23Z</time>
      </trkpt>
      <trkpt lat="30.641916" lon="104.114914">
        <time>2026-05-06T12:26:24Z</time>
      </trkpt>
      <trkpt lat="30.641916" lon="104.114914">
        <time>2026-05-06T12:26:25Z</time>
      </trkpt>
      <trkpt lat="30.641916" lon="104.114914">
        <time>2026-05-06T12:26:26Z</time>
      </trkpt>
      <trkpt lat="30.641916" lon="104.114914">
        <time>2026-05-06T12:26:27Z</time>
      </trkpt>
      <trkpt lat="30.641916" lon="104.114914">
        <time>2026-05-06T12:26:28Z</time>
      </trkpt>
      <trkpt lat="30.641916" lon="104.114914">
        <time>2026-05-06T12:26:29Z</time>
      </trkpt>
      <trkpt lat="30.641916" lon="104.114914">
        <time>2026-05-06T12:26:30Z</time>
      </trkpt>
      <trkpt lat="30.641916" lon="104.114914">
        <time>2026-05-06T12:26:31Z</time>
      </trkpt>
      <trkpt lat="30.641916" lon="104.114914">
        <time>2026-05-06T12:26:32Z</time>
      </trkpt>
      <trkpt lat="30.641916" lon="104.114914">
        <time>2026-05-06T12:26:33Z</time>
      </trkpt>
      <trkpt lat="30.641916" lon="104.114914">
        <time>2026-05-06T12:26:34Z</time>
      </trkpt>
      <trkpt lat="30.641916" lon="104.114914">
        <time>2026-05-06T12:26:35Z</time>
      </trkpt>
      <trkpt lat="30.641916" lon="104.114914">
        <time>2026-05-06T12:26:36Z</time>
      </trkpt>
      <trkpt lat="30.641916" lon="104.114914">
        <time>2026-05-06T12:26:38Z</time>
      </trkpt>
      <trkpt lat="30.641916" lon="104.114914">
        <time>2026-05-06T12:26:39Z</time>
      </trkpt>
      <trkpt lat="30.641916" lon="104.114914">
        <time>2026-05-06T12:26:40Z</time>
      </trkpt>
      <trkpt lat="30.641916" lon="104.114914">
        <time>2026-05-06T12:26:41Z</time>
      </trkpt>
      <trkpt lat="30.641916" lon="104.114914">
        <time>2026-05-06T12:26:42Z</time>
      </trkpt>
      <trkpt lat="30.641916" lon="104.114914">
        <time>2026-05-06T12:26:43Z</time>
      </trkpt>
      <trkpt lat="30.641916" lon="104.114914">
        <time>2026-05-06T12:26:44Z</time>
      </trkpt>
      <trkpt lat="30.641916" lon="104.114914">
        <time>2026-05-06T12:26:45Z</time>
      </trkpt>
      <trkpt lat="30.641916" lon="104.114914">
        <time>2026-05-06T12:26:46Z</time>
      </trkpt>
      <trkpt lat="30.641916" lon="104.114914">
        <time>2026-05-06T12:26:47Z</time>
      </trkpt>
      <trkpt lat="30.641916" lon="104.114914">
        <time>2026-05-06T12:26:48Z</time>
      </trkpt>
      <trkpt lat="30.641916" lon="104.114914">
        <time>2026-05-06T12:26:49Z</time>
      </trkpt>
      <trkpt lat="30.641916" lon="104.114914">
        <time>2026-05-06T12:26:50Z</time>
      </trkpt>
      <trkpt lat="30.641916" lon="104.114914">
        <time>2026-05-06T12:26:51Z</time>
      </trkpt>
      <trkpt lat="30.641916" lon="104.114914">
        <time>2026-05-06T12:26:52Z</time>
      </trkpt>
      <trkpt lat="30.641916" lon="104.114914">
        <time>2026-05-06T12:26:53Z</time>
      </trkpt>
      <trkpt lat="30.641916" lon="104.114914">
        <time>2026-05-06T12:26:54Z</time>
      </trkpt>
      <trkpt lat="30.641916" lon="104.114914">
        <time>2026-05-06T12:26:55Z</time>
      </trkpt>
      <trkpt lat="30.641916" lon="104.114914">
        <time>2026-05-06T12:26:56Z</time>
      </trkpt>
      <trkpt lat="30.641914" lon="104.11495">
        <time>2026-05-06T12:26:57Z</time>
      </trkpt>
      <trkpt lat="30.64191" lon="104.114975">
        <time>2026-05-06T12:26:58Z</time>
      </trkpt>
      <trkpt lat="30.641907" lon="104.115">
        <time>2026-05-06T12:26:59Z</time>
      </trkpt>
      <trkpt lat="30.641897" lon="104.11503">
        <time>2026-05-06T12:27:00Z</time>
      </trkpt>
      <trkpt lat="30.641895" lon="104.11506">
        <time>2026-05-06T12:27:01Z</time>
      </trkpt>
      <trkpt lat="30.641891" lon="104.11511">
        <time>2026-05-06T12:27:02Z</time>
      </trkpt>
      <trkpt lat="30.64189" lon="104.11517">
        <time>2026-05-06T12:27:03Z</time>
      </trkpt>
      <trkpt lat="30.641886" lon="104.11524">
        <time>2026-05-06T12:27:04Z</time>
      </trkpt>
      <trkpt lat="30.641878" lon="104.1153">
        <time>2026-05-06T12:27:05Z</time>
      </trkpt>
      <trkpt lat="30.641863" lon="104.115364">
        <time>2026-05-06T12:27:06Z</time>
      </trkpt>
      <trkpt lat="30.64185" lon="104.115425">
        <time>2026-05-06T12:27:07Z</time>
      </trkpt>
      <trkpt lat="30.641834" lon="104.11548">
        <time>2026-05-06T12:27:08Z</time>
      </trkpt>
      <trkpt lat="30.641815" lon="104.11554">
        <time>2026-05-06T12:27:09Z</time>
      </trkpt>
      <trkpt lat="30.641794" lon="104.1156">
        <time>2026-05-06T12:27:10Z</time>
      </trkpt>
      <trkpt lat="30.641768" lon="104.115654">
        <time>2026-05-06T12:27:11Z</time>
      </trkpt>
      <trkpt lat="30.641737" lon="104.115715">
        <time>2026-05-06T12:27:12Z</time>
      </trkpt>
      <trkpt lat="30.6417" lon="104.11578">
        <time>2026-05-06T12:27:13Z</time>
      </trkpt>
      <trkpt lat="30.641668" lon="104.11584">
        <time>2026-05-06T12:27:14Z</time>
      </trkpt>
      <trkpt lat="30.641634" lon="104.1159">
        <time>2026-05-06T12:27:15Z</time>
      </trkpt>
      <trkpt lat="30.641603" lon="104.11597">
        <time>2026-05-06T12:27:16Z</time>
      </trkpt>
      <trkpt lat="30.64157" lon="104.116035">
        <time>2026-05-06T12:27:17Z</time>
      </trkpt>
      <trkpt lat="30.641535" lon="104.1161">
        <time>2026-05-06T12:27:18Z</time>
      </trkpt>
      <trkpt lat="30.641499" lon="104.116165">
        <time>2026-05-06T12:27:19Z</time>
      </trkpt>
      <trkpt lat="30.641466" lon="104.116234">
        <time>2026-05-06T12:27:20Z</time>
      </trkpt>
      <trkpt lat="30.641438" lon="104.1163">
        <time>2026-05-06T12:27:21Z</time>
      </trkpt>
      <trkpt lat="30.64141" lon="104.11638">
        <time>2026-05-06T12:27:22Z</time>
      </trkpt>
      <trkpt lat="30.64138" lon="104.116455">
        <time>2026-05-06T12:27:23Z</time>
      </trkpt>
      <trkpt lat="30.641344" lon="104.11652">
        <time>2026-05-06T12:27:24Z</time>
      </trkpt>
      <trkpt lat="30.64131" lon="104.11661">
        <time>2026-05-06T12:27:25Z</time>
      </trkpt>
      <trkpt lat="30.64128" lon="104.11669">
        <time>2026-05-06T12:27:26Z</time>
      </trkpt>
      <trkpt lat="30.641245" lon="104.11677">
        <time>2026-05-06T12:27:27Z</time>
      </trkpt>
      <trkpt lat="30.64121" lon="104.116844">
        <time>2026-05-06T12:27:28Z</time>
      </trkpt>
      <trkpt lat="30.641174" lon="104.11692">
        <time>2026-05-06T12:27:29Z</time>
      </trkpt>
      <trkpt lat="30.64114" lon="104.117">
        <time>2026-05-06T12:27:30Z</time>
      </trkpt>
      <trkpt lat="30.641106" lon="104.11708">
        <time>2026-05-06T12:27:31Z</time>
      </trkpt>
      <trkpt lat="30.64107" lon="104.11716">
        <time>2026-05-06T12:27:32Z</time>
      </trkpt>
      <trkpt lat="30.64103" lon="104.117226">
        <time>2026-05-06T12:27:33Z</time>
      </trkpt>
      <trkpt lat="30.64099" lon="104.1173">
        <time>2026-05-06T12:27:34Z</time>
      </trkpt>
      <trkpt lat="30.640947" lon="104.11737">
        <time>2026-05-06T12:27:35Z</time>
      </trkpt>
      <trkpt lat="30.640903" lon="104.11745">
        <time>2026-05-06T12:27:36Z</time>
      </trkpt>
      <trkpt lat="30.640863" lon="104.117516">
        <time>2026-05-06T12:27:37Z</time>
      </trkpt>
      <trkpt lat="30.640827" lon="104.11759">
        <time>2026-05-06T12:27:38Z</time>
      </trkpt>
      <trkpt lat="30.640793" lon="104.11767">
        <time>2026-05-06T12:27:39Z</time>
      </trkpt>
      <trkpt lat="30.640759" lon="104.11775">
        <time>2026-05-06T12:27:40Z</time>
      </trkpt>
      <trkpt lat="30.640724" lon="104.11783">
        <time>2026-05-06T12:27:41Z</time>
      </trkpt>
      <trkpt lat="30.640692" lon="104.117905">
        <time>2026-05-06T12:27:42Z</time>
      </trkpt>
      <trkpt lat="30.640657" lon="104.11799">
        <time>2026-05-06T12:27:43Z</time>
      </trkpt>
      <trkpt lat="30.64062" lon="104.11806">
        <time>2026-05-06T12:27:44Z</time>
      </trkpt>
      <trkpt lat="30.64058" lon="104.11813">
        <time>2026-05-06T12:27:45Z</time>
      </trkpt>
      <trkpt lat="30.64054" lon="104.1182">
        <time>2026-05-06T12:27:46Z</time>
      </trkpt>
      <trkpt lat="30.6405" lon="104.11828">
        <time>2026-05-06T12:27:47Z</time>
      </trkpt>
      <trkpt lat="30.640472" lon="104.11834">
        <time>2026-05-06T12:27:48Z</time>
      </trkpt>
      <trkpt lat="30.640448" lon="104.118385">
        <time>2026-05-06T12:27:49Z</time>
      </trkpt>
      <trkpt lat="30.640425" lon="104.11842">
        <time>2026-05-06T12:27:50Z</time>
      </trkpt>
      <trkpt lat="30.640417" lon="104.11844">
        <time>2026-05-06T12:27:51Z</time>
      </trkpt>
      <trkpt lat="30.640406" lon="104.11848">
        <time>2026-05-06T12:27:52Z</time>
      </trkpt>
      <trkpt lat="30.640388" lon="104.118515">
        <time>2026-05-06T12:27:53Z</time>
      </trkpt>
      <trkpt lat="30.640364" lon="104.11857">
        <time>2026-05-06T12:27:54Z</time>
      </trkpt>
      <trkpt lat="30.640333" lon="104.11862">
        <time>2026-05-06T12:27:55Z</time>
      </trkpt>
      <trkpt lat="30.640305" lon="104.118675">
        <time>2026-05-06T12:27:56Z</time>
      </trkpt>
      <trkpt lat="30.640276" lon="104.11874">
        <time>2026-05-06T12:27:57Z</time>
      </trkpt>
      <trkpt lat="30.64025" lon="104.11879">
        <time>2026-05-06T12:27:58Z</time>
      </trkpt>
      <trkpt lat="30.64022" lon="104.11885">
        <time>2026-05-06T12:27:59Z</time>
      </trkpt>
      <trkpt lat="30.640192" lon="104.11891">
        <time>2026-05-06T12:28:00Z</time>
      </trkpt>
      <trkpt lat="30.640163" lon="104.11897">
        <time>2026-05-06T12:28:01Z</time>
      </trkpt>
      <trkpt lat="30.640135" lon="104.11904">
        <time>2026-05-06T12:28:02Z</time>
      </trkpt>
      <trkpt lat="30.640106" lon="104.1191">
        <time>2026-05-06T12:28:03Z</time>
      </trkpt>
      <trkpt lat="30.640078" lon="104.11916">
        <time>2026-05-06T12:28:04Z</time>
      </trkpt>
      <trkpt lat="30.640049" lon="104.119225">
        <time>2026-05-06T12:28:05Z</time>
      </trkpt>
      <trkpt lat="30.640022" lon="104.119286">
        <time>2026-05-06T12:28:06Z</time>
      </trkpt>
      <trkpt lat="30.639994" lon="104.11935">
        <time>2026-05-06T12:28:07Z</time>
      </trkpt>
      <trkpt lat="30.63997" lon="104.1194">
        <time>2026-05-06T12:28:08Z</time>
      </trkpt>
      <trkpt lat="30.639954" lon="104.11945">
        <time>2026-05-06T12:28:09Z</time>
      </trkpt>
      <trkpt lat="30.639935" lon="104.1195">
        <time>2026-05-06T12:28:10Z</time>
      </trkpt>
      <trkpt lat="30.639908" lon="104.11954">
        <time>2026-05-06T12:28:11Z</time>
      </trkpt>
      <trkpt lat="30.63988" lon="104.11958">
        <time>2026-05-06T12:28:12Z</time>
      </trkpt>
      <trkpt lat="30.639858" lon="104.11962">
        <time>2026-05-06T12:28:13Z</time>
      </trkpt>
      <trkpt lat="30.639835" lon="104.11967">
        <time>2026-05-06T12:28:14Z</time>
      </trkpt>
      <trkpt lat="30.63981" lon="104.11971">
        <time>2026-05-06T12:28:15Z</time>
      </trkpt>
      <trkpt lat="30.639782" lon="104.11976">
        <time>2026-05-06T12:28:16Z</time>
      </trkpt>
      <trkpt lat="30.639751" lon="104.1198">
        <time>2026-05-06T12:28:17Z</time>
      </trkpt>
      <trkpt lat="30.63972" lon="104.11984">
        <time>2026-05-06T12:28:18Z</time>
      </trkpt>
      <trkpt lat="30.639694" lon="104.11989">
        <time>2026-05-06T12:28:19Z</time>
      </trkpt>
      <trkpt lat="30.639668" lon="104.11994">
        <time>2026-05-06T12:28:20Z</time>
      </trkpt>
      <trkpt lat="30.639647" lon="104.119995">
        <time>2026-05-06T12:28:21Z</time>
      </trkpt>
      <trkpt lat="30.639626" lon="104.12005">
        <time>2026-05-06T12:28:22Z</time>
      </trkpt>
      <trkpt lat="30.639603" lon="104.1201">
        <time>2026-05-06T12:28:23Z</time>
      </trkpt>
      <trkpt lat="30.639582" lon="104.120155">
        <time>2026-05-06T12:28:24Z</time>
      </trkpt>
      <trkpt lat="30.639563" lon="104.12021">
        <time>2026-05-06T12:28:25Z</time>
      </trkpt>
      <trkpt lat="30.639536" lon="104.12026">
        <time>2026-05-06T12:28:26Z</time>
      </trkpt>
      <trkpt lat="30.639511" lon="104.120316">
        <time>2026-05-06T12:28:27Z</time>
      </trkpt>
      <trkpt lat="30.63949" lon="104.12037">
        <time>2026-05-06T12:28:28Z</time>
      </trkpt>
      <trkpt lat="30.639465" lon="104.12042">
        <time>2026-05-06T12:28:29Z</time>
      </trkpt>
      <trkpt lat="30.63944" lon="104.120476">
        <time>2026-05-06T12:28:30Z</time>
      </trkpt>
      <trkpt lat="30.639416" lon="104.12053">
        <time>2026-05-06T12:28:31Z</time>
      </trkpt>
      <trkpt lat="30.639389" lon="104.12059">
        <time>2026-05-06T12:28:32Z</time>
      </trkpt>
      <trkpt lat="30.639364" lon="104.120636">
        <time>2026-05-06T12:28:33Z</time>
      </trkpt>
      <trkpt lat="30.639338" lon="104.12069">
        <time>2026-05-06T12:28:34Z</time>
      </trkpt>
      <trkpt lat="30.639313" lon="104.12075">
        <time>2026-05-06T12:28:35Z</time>
      </trkpt>
      <trkpt lat="30.63929" lon="104.120804">
        <time>2026-05-06T12:28:36Z</time>
      </trkpt>
      <trkpt lat="30.639265" lon="104.120865">
        <time>2026-05-06T12:28:37Z</time>
      </trkpt>
      <trkpt lat="30.63924" lon="104.12092">
        <time>2026-05-06T12:28:38Z</time>
      </trkpt>
      <trkpt lat="30.63922" lon="104.12097">
        <time>2026-05-06T12:28:39Z</time>
      </trkpt>
      <trkpt lat="30.639198" lon="104.121025">
        <time>2026-05-06T12:28:40Z</time>
      </trkpt>
      <trkpt lat="30.639177" lon="104.12107">
        <time>2026-05-06T12:28:41Z</time>
      </trkpt>
      <trkpt lat="30.639153" lon="104.121124">
        <time>2026-05-06T12:28:42Z</time>
      </trkpt>
      <trkpt lat="30.63913" lon="104.12117">
        <time>2026-05-06T12:28:43Z</time>
      </trkpt>
      <trkpt lat="30.639105" lon="104.121216">
        <time>2026-05-06T12:28:44Z</time>
      </trkpt>
      <trkpt lat="30.639084" lon="104.12126">
        <time>2026-05-06T12:28:45Z</time>
      </trkpt>
      <trkpt lat="30.639063" lon="104.12131">
        <time>2026-05-06T12:28:46Z</time>
      </trkpt>
      <trkpt lat="30.639034" lon="104.12135">
        <time>2026-05-06T12:28:47Z</time>
      </trkpt>
      <trkpt lat="30.63901" lon="104.12141">
        <time>2026-05-06T12:28:48Z</time>
      </trkpt>
      <trkpt lat="30.638988" lon="104.121445">
        <time>2026-05-06T12:28:49Z</time>
      </trkpt>
      <trkpt lat="30.638966" lon="104.12149">
        <time>2026-05-06T12:28:50Z</time>
      </trkpt>
      <trkpt lat="30.638943" lon="104.12153">
        <time>2026-05-06T12:28:51Z</time>
      </trkpt>
      <trkpt lat="30.638924" lon="104.12157">
        <time>2026-05-06T12:28:52Z</time>
      </trkpt>
      <trkpt lat="30.638905" lon="104.121605">
        <time>2026-05-06T12:28:53Z</time>
      </trkpt>
      <trkpt lat="30.638885" lon="104.12164">
        <time>2026-05-06T12:28:54Z</time>
      </trkpt>
      <trkpt lat="30.638872" lon="104.12168">
        <time>2026-05-06T12:28:55Z</time>
      </trkpt>
      <trkpt lat="30.638866" lon="104.12171">
        <time>2026-05-06T12:28:56Z</time>
      </trkpt>
      <trkpt lat="30.638868" lon="104.121735">
        <time>2026-05-06T12:28:57Z</time>
      </trkpt>
      <trkpt lat="30.638874" lon="104.121765">
        <time>2026-05-06T12:28:58Z</time>
      </trkpt>
      <trkpt lat="30.638884" lon="104.121796">
        <time>2026-05-06T12:28:59Z</time>
      </trkpt>
      <trkpt lat="30.638891" lon="104.12183">
        <time>2026-05-06T12:29:00Z</time>
      </trkpt>
      <trkpt lat="30.638895" lon="104.12188">
        <time>2026-05-06T12:29:01Z</time>
      </trkpt>
      <trkpt lat="30.638885" lon="104.12192">
        <time>2026-05-06T12:29:02Z</time>
      </trkpt>
      <trkpt lat="30.638874" lon="104.12195">
        <time>2026-05-06T12:29:03Z</time>
      </trkpt>
      <trkpt lat="30.638863" lon="104.12198">
        <time>2026-05-06T12:29:04Z</time>
      </trkpt>
      <trkpt lat="30.638855" lon="104.12201">
        <time>2026-05-06T12:29:05Z</time>
      </trkpt>
      <trkpt lat="30.638844" lon="104.12204">
        <time>2026-05-06T12:29:06Z</time>
      </trkpt>
      <trkpt lat="30.63883" lon="104.12207">
        <time>2026-05-06T12:29:07Z</time>
      </trkpt>
      <trkpt lat="30.638817" lon="104.12211">
        <time>2026-05-06T12:29:08Z</time>
      </trkpt>
      <trkpt lat="30.638803" lon="104.12214">
        <time>2026-05-06T12:29:09Z</time>
      </trkpt>
      <trkpt lat="30.63878" lon="104.12218">
        <time>2026-05-06T12:29:10Z</time>
      </trkpt>
      <trkpt lat="30.638756" lon="104.12222">
        <time>2026-05-06T12:29:11Z</time>
      </trkpt>
      <trkpt lat="30.63873" lon="104.12227">
        <time>2026-05-06T12:29:12Z</time>
      </trkpt>
      <trkpt lat="30.638708" lon="104.12231">
        <time>2026-05-06T12:29:13Z</time>
      </trkpt>
      <trkpt lat="30.63869" lon="104.12236">
        <time>2026-05-06T12:29:14Z</time>
      </trkpt>
      <trkpt lat="30.638689" lon="104.122406">
        <time>2026-05-06T12:29:15Z</time>
      </trkpt>
      <trkpt lat="30.638689" lon="104.122444">
        <time>2026-05-06T12:29:16Z</time>
      </trkpt>
      <trkpt lat="30.638702" lon="104.12249">
        <time>2026-05-06T12:29:17Z</time>
      </trkpt>
      <trkpt lat="30.63871" lon="104.12253">
        <time>2026-05-06T12:29:18Z</time>
      </trkpt>
      <trkpt lat="30.638714" lon="104.12257">
        <time>2026-05-06T12:29:19Z</time>
      </trkpt>
      <trkpt lat="30.638712" lon="104.122604">
        <time>2026-05-06T12:29:20Z</time>
      </trkpt>
      <trkpt lat="30.638706" lon="104.12265">
        <time>2026-05-06T12:29:21Z</time>
      </trkpt>
      <trkpt lat="30.6387" lon="104.122696">
        <time>2026-05-06T12:29:22Z</time>
      </trkpt>
      <trkpt lat="30.63869" lon="104.12275">
        <time>2026-05-06T12:29:23Z</time>
      </trkpt>
      <trkpt lat="30.638681" lon="104.122795">
        <time>2026-05-06T12:29:24Z</time>
      </trkpt>
      <trkpt lat="30.63867" lon="104.12285">
        <time>2026-05-06T12:29:25Z</time>
      </trkpt>
      <trkpt lat="30.638659" lon="104.122894">
        <time>2026-05-06T12:29:26Z</time>
      </trkpt>
      <trkpt lat="30.638649" lon="104.122955">
        <time>2026-05-06T12:29:27Z</time>
      </trkpt>
      <trkpt lat="30.63864" lon="104.12302">
        <time>2026-05-06T12:29:28Z</time>
      </trkpt>
      <trkpt lat="30.638626" lon="104.12307">
        <time>2026-05-06T12:29:29Z</time>
      </trkpt>
      <trkpt lat="30.638615" lon="104.12314">
        <time>2026-05-06T12:29:30Z</time>
      </trkpt>
      <trkpt lat="30.63861" lon="104.1232">
        <time>2026-05-06T12:29:31Z</time>
      </trkpt>
      <trkpt lat="30.638597" lon="104.12326">
        <time>2026-05-06T12:29:32Z</time>
      </trkpt>
      <trkpt lat="30.638586" lon="104.12332">
        <time>2026-05-06T12:29:33Z</time>
      </trkpt>
      <trkpt lat="30.638578" lon="104.12338">
        <time>2026-05-06T12:29:34Z</time>
      </trkpt>
      <trkpt lat="30.63857" lon="104.12344">
        <time>2026-05-06T12:29:35Z</time>
      </trkpt>
      <trkpt lat="30.638561" lon="104.123505">
        <time>2026-05-06T12:29:36Z</time>
      </trkpt>
      <trkpt lat="30.638557" lon="104.12357">
        <time>2026-05-06T12:29:37Z</time>
      </trkpt>
      <trkpt lat="30.63855" lon="104.123634">
        <time>2026-05-06T12:29:38Z</time>
      </trkpt>
      <trkpt lat="30.638542" lon="104.1237">
        <time>2026-05-06T12:29:39Z</time>
      </trkpt>
      <trkpt lat="30.638527" lon="104.123764">
        <time>2026-05-06T12:29:40Z</time>
      </trkpt>
      <trkpt lat="30.638512" lon="104.123825">
        <time>2026-05-06T12:29:41Z</time>
      </trkpt>
      <trkpt lat="30.638498" lon="104.123886">
        <time>2026-05-06T12:29:42Z</time>
      </trkpt>
      <trkpt lat="30.638498" lon="104.12395">
        <time>2026-05-06T12:29:43Z</time>
      </trkpt>
      <trkpt lat="30.638493" lon="104.12401">
        <time>2026-05-06T12:29:44Z</time>
      </trkpt>
      <trkpt lat="30.638487" lon="104.12407">
        <time>2026-05-06T12:29:45Z</time>
      </trkpt>
      <trkpt lat="30.638481" lon="104.12412">
        <time>2026-05-06T12:29:46Z</time>
      </trkpt>
      <trkpt lat="30.63848" lon="104.12419">
        <time>2026-05-06T12:29:47Z</time>
      </trkpt>
      <trkpt lat="30.638475" lon="104.12425">
        <time>2026-05-06T12:29:48Z</time>
      </trkpt>
      <trkpt lat="30.638475" lon="104.12431">
        <time>2026-05-06T12:29:49Z</time>
      </trkpt>
      <trkpt lat="30.63848" lon="104.124374">
        <time>2026-05-06T12:29:50Z</time>
      </trkpt>
      <trkpt lat="30.63848" lon="104.124435">
        <time>2026-05-06T12:29:51Z</time>
      </trkpt>
      <trkpt lat="30.638481" lon="104.124504">
        <time>2026-05-06T12:29:52Z</time>
      </trkpt>
      <trkpt lat="30.638481" lon="104.12457">
        <time>2026-05-06T12:29:53Z</time>
      </trkpt>
      <trkpt lat="30.638485" lon="104.12464">
        <time>2026-05-06T12:29:54Z</time>
      </trkpt>
      <trkpt lat="30.638493" lon="104.12471">
        <time>2026-05-06T12:29:55Z</time>
      </trkpt>
      <trkpt lat="30.6385" lon="104.12477">
        <time>2026-05-06T12:29:56Z</time>
      </trkpt>
      <trkpt lat="30.638506" lon="104.12484">
        <time>2026-05-06T12:29:57Z</time>
      </trkpt>
      <trkpt lat="30.638514" lon="104.12491">
        <time>2026-05-06T12:29:58Z</time>
      </trkpt>
      <trkpt lat="30.638521" lon="104.124985">
        <time>2026-05-06T12:29:59Z</time>
      </trkpt>
      <trkpt lat="30.63853" lon="104.12505">
        <time>2026-05-06T12:30:00Z</time>
      </trkpt>
      <trkpt lat="30.638536" lon="104.12513">
        <time>2026-05-06T12:30:01Z</time>
      </trkpt>
      <trkpt lat="30.638546" lon="104.125206">
        <time>2026-05-06T12:30:02Z</time>
      </trkpt>
      <trkpt lat="30.638554" lon="104.125275">
        <time>2026-05-06T12:30:03Z</time>
      </trkpt>
      <trkpt lat="30.63856" lon="104.12536">
        <time>2026-05-06T12:30:04Z</time>
      </trkpt>
      <trkpt lat="30.638569" lon="104.125435">
        <time>2026-05-06T12:30:05Z</time>
      </trkpt>
      <trkpt lat="30.638575" lon="104.1255">
        <time>2026-05-06T12:30:06Z</time>
      </trkpt>
      <trkpt lat="30.63858" lon="104.12557">
        <time>2026-05-06T12:30:07Z</time>
      </trkpt>
      <trkpt lat="30.638588" lon="104.12565">
        <time>2026-05-06T12:30:08Z</time>
      </trkpt>
      <trkpt lat="30.638594" lon="104.125725">
        <time>2026-05-06T12:30:09Z</time>
      </trkpt>
      <trkpt lat="30.638597" lon="104.12581">
        <time>2026-05-06T12:30:10Z</time>
      </trkpt>
      <trkpt lat="30.6386" lon="104.125885">
        <time>2026-05-06T12:30:11Z</time>
      </trkpt>
      <trkpt lat="30.638605" lon="104.12596">
        <time>2026-05-06T12:30:12Z</time>
      </trkpt>
      <trkpt lat="30.638615" lon="104.126045">
        <time>2026-05-06T12:30:13Z</time>
      </trkpt>
      <trkpt lat="30.638622" lon="104.12614">
        <time>2026-05-06T12:30:14Z</time>
      </trkpt>
      <trkpt lat="30.63863" lon="104.12621">
        <time>2026-05-06T12:30:15Z</time>
      </trkpt>
      <trkpt lat="30.63864" lon="104.1263">
        <time>2026-05-06T12:30:16Z</time>
      </trkpt>
      <trkpt lat="30.638645" lon="104.12638">
        <time>2026-05-06T12:30:17Z</time>
      </trkpt>
      <trkpt lat="30.63865" lon="104.12646">
        <time>2026-05-06T12:30:18Z</time>
      </trkpt>
      <trkpt lat="30.63865" lon="104.12653">
        <time>2026-05-06T12:30:19Z</time>
      </trkpt>
      <trkpt lat="30.638664" lon="104.12669">
        <time>2026-05-06T12:30:20Z</time>
      </trkpt>
      <trkpt lat="30.638676" lon="104.12677">
        <time>2026-05-06T12:30:21Z</time>
      </trkpt>
      <trkpt lat="30.63869" lon="104.12685">
        <time>2026-05-06T12:30:23Z</time>
      </trkpt>
      <trkpt lat="30.6387" lon="104.12693">
        <time>2026-05-06T12:30:24Z</time>
      </trkpt>
      <trkpt lat="30.638712" lon="104.127014">
        <time>2026-05-06T12:30:25Z</time>
      </trkpt>
      <trkpt lat="30.638721" lon="104.12709">
        <time>2026-05-06T12:30:26Z</time>
      </trkpt>
      <trkpt lat="30.638731" lon="104.127174">
        <time>2026-05-06T12:30:27Z</time>
      </trkpt>
      <trkpt lat="30.638746" lon="104.12724">
        <time>2026-05-06T12:30:28Z</time>
      </trkpt>
      <trkpt lat="30.638758" lon="104.12733">
        <time>2026-05-06T12:30:29Z</time>
      </trkpt>
      <trkpt lat="30.63877" lon="104.1274">
        <time>2026-05-06T12:30:30Z</time>
      </trkpt>
      <trkpt lat="30.63878" lon="104.12748">
        <time>2026-05-06T12:30:31Z</time>
      </trkpt>
      <trkpt lat="30.63879" lon="104.127556">
        <time>2026-05-06T12:30:32Z</time>
      </trkpt>
      <trkpt lat="30.6388" lon="104.12764">
        <time>2026-05-06T12:30:33Z</time>
      </trkpt>
      <trkpt lat="30.63881" lon="104.127716">
        <time>2026-05-06T12:30:34Z</time>
      </trkpt>
      <trkpt lat="30.638817" lon="104.12779">
        <time>2026-05-06T12:30:35Z</time>
      </trkpt>
      <trkpt lat="30.638823" lon="104.12787">
        <time>2026-05-06T12:30:36Z</time>
      </trkpt>
      <trkpt lat="30.63883" lon="104.127945">
        <time>2026-05-06T12:30:37Z</time>
      </trkpt>
      <trkpt lat="30.638838" lon="104.12802">
        <time>2026-05-06T12:30:38Z</time>
      </trkpt>
      <trkpt lat="30.638847" lon="104.128105">
        <time>2026-05-06T12:30:39Z</time>
      </trkpt>
      <trkpt lat="30.638857" lon="104.12818">
        <time>2026-05-06T12:30:40Z</time>
      </trkpt>
      <trkpt lat="30.638865" lon="104.12825">
        <time>2026-05-06T12:30:41Z</time>
      </trkpt>
      <trkpt lat="30.638874" lon="104.12833">
        <time>2026-05-06T12:30:42Z</time>
      </trkpt>
      <trkpt lat="30.63888" lon="104.1284">
        <time>2026-05-06T12:30:43Z</time>
      </trkpt>
      <trkpt lat="30.638884" lon="104.12848">
        <time>2026-05-06T12:30:44Z</time>
      </trkpt>
      <trkpt lat="30.638887" lon="104.12855">
        <time>2026-05-06T12:30:45Z</time>
      </trkpt>
      <trkpt lat="30.63889" lon="104.128624">
        <time>2026-05-06T12:30:46Z</time>
      </trkpt>
      <trkpt lat="30.638895" lon="104.12869">
        <time>2026-05-06T12:30:47Z</time>
      </trkpt>
      <trkpt lat="30.638897" lon="104.12876">
        <time>2026-05-06T12:30:48Z</time>
      </trkpt>
      <trkpt lat="30.6389" lon="104.12883">
        <time>2026-05-06T12:30:49Z</time>
      </trkpt>
      <trkpt lat="30.638906" lon="104.1289">
        <time>2026-05-06T12:30:50Z</time>
      </trkpt>
      <trkpt lat="30.63891" lon="104.12896">
        <time>2026-05-06T12:30:51Z</time>
      </trkpt>
      <trkpt lat="30.638914" lon="104.12903">
        <time>2026-05-06T12:30:52Z</time>
      </trkpt>
      <trkpt lat="30.638926" lon="104.1291">
        <time>2026-05-06T12:30:53Z</time>
      </trkpt>
      <trkpt lat="30.638933" lon="104.129166">
        <time>2026-05-06T12:30:54Z</time>
      </trkpt>
      <trkpt lat="30.638937" lon="104.12923">
        <time>2026-05-06T12:30:55Z</time>
      </trkpt>
      <trkpt lat="30.63894" lon="104.129295">
        <time>2026-05-06T12:30:56Z</time>
      </trkpt>
      <trkpt lat="30.638948" lon="104.12936">
        <time>2026-05-06T12:30:57Z</time>
      </trkpt>
      <trkpt lat="30.638954" lon="104.12942">
        <time>2026-05-06T12:30:58Z</time>
      </trkpt>
      <trkpt lat="30.638962" lon="104.12948">
        <time>2026-05-06T12:30:59Z</time>
      </trkpt>
      <trkpt lat="30.63897" lon="104.12954">
        <time>2026-05-06T12:31:00Z</time>
      </trkpt>
      <trkpt lat="30.63898" lon="104.1296">
        <time>2026-05-06T12:31:01Z</time>
      </trkpt>
      <trkpt lat="30.638985" lon="104.129654">
        <time>2026-05-06T12:31:02Z</time>
      </trkpt>
      <trkpt lat="30.63899" lon="104.129715">
        <time>2026-05-06T12:31:03Z</time>
      </trkpt>
      <trkpt lat="30.638996" lon="104.129776">
        <time>2026-05-06T12:31:04Z</time>
      </trkpt>
      <trkpt lat="30.639006" lon="104.12984">
        <time>2026-05-06T12:31:05Z</time>
      </trkpt>
      <trkpt lat="30.639013" lon="104.12989">
        <time>2026-05-06T12:31:06Z</time>
      </trkpt>
      <trkpt lat="30.639027" lon="104.129944">
        <time>2026-05-06T12:31:07Z</time>
      </trkpt>
      <trkpt lat="30.639038" lon="104.130005">
        <time>2026-05-06T12:31:08Z</time>
      </trkpt>
      <trkpt lat="30.639046" lon="104.13006">
        <time>2026-05-06T12:31:09Z</time>
      </trkpt>
      <trkpt lat="30.639051" lon="104.13011">
        <time>2026-05-06T12:31:10Z</time>
      </trkpt>
      <trkpt lat="30.639057" lon="104.13017">
        <time>2026-05-06T12:31:11Z</time>
      </trkpt>
      <trkpt lat="30.63906" lon="104.13023">
        <time>2026-05-06T12:31:12Z</time>
      </trkpt>
      <trkpt lat="30.639065" lon="104.13029">
        <time>2026-05-06T12:31:13Z</time>
      </trkpt>
      <trkpt lat="30.639069" lon="104.13034">
        <time>2026-05-06T12:31:14Z</time>
      </trkpt>
      <trkpt lat="30.639074" lon="104.1304">
        <time>2026-05-06T12:31:15Z</time>
      </trkpt>
      <trkpt lat="30.639082" lon="104.13046">
        <time>2026-05-06T12:31:16Z</time>
      </trkpt>
      <trkpt lat="30.639086" lon="104.13052">
        <time>2026-05-06T12:31:17Z</time>
      </trkpt>
      <trkpt lat="30.639091" lon="104.130585">
        <time>2026-05-06T12:31:18Z</time>
      </trkpt>
      <trkpt lat="30.6391" lon="104.13064">
        <time>2026-05-06T12:31:19Z</time>
      </trkpt>
      <trkpt lat="30.639101" lon="104.1307">
        <time>2026-05-06T12:31:20Z</time>
      </trkpt>
      <trkpt lat="30.639109" lon="104.13076">
        <time>2026-05-06T12:31:21Z</time>
      </trkpt>
      <trkpt lat="30.639112" lon="104.13082">
        <time>2026-05-06T12:31:22Z</time>
      </trkpt>
      <trkpt lat="30.639116" lon="104.13088">
        <time>2026-05-06T12:31:23Z</time>
      </trkpt>
      <trkpt lat="30.63912" lon="104.13094">
        <time>2026-05-06T12:31:24Z</time>
      </trkpt>
      <trkpt lat="30.639126" lon="104.131">
        <time>2026-05-06T12:31:25Z</time>
      </trkpt>
      <trkpt lat="30.639132" lon="104.131065">
        <time>2026-05-06T12:31:26Z</time>
      </trkpt>
      <trkpt lat="30.639135" lon="104.13112">
        <time>2026-05-06T12:31:27Z</time>
      </trkpt>
      <trkpt lat="30.63914" lon="104.13118">
        <time>2026-05-06T12:31:28Z</time>
      </trkpt>
      <trkpt lat="30.63915" lon="104.13124">
        <time>2026-05-06T12:31:29Z</time>
      </trkpt>
      <trkpt lat="30.639154" lon="104.13131">
        <time>2026-05-06T12:31:30Z</time>
      </trkpt>
      <trkpt lat="30.639153" lon="104.13137">
        <time>2026-05-06T12:31:31Z</time>
      </trkpt>
      <trkpt lat="30.639153" lon="104.13143">
        <time>2026-05-06T12:31:32Z</time>
      </trkpt>
      <trkpt lat="30.639149" lon="104.1315">
        <time>2026-05-06T12:31:33Z</time>
      </trkpt>
      <trkpt lat="30.639149" lon="104.13156">
        <time>2026-05-06T12:31:34Z</time>
      </trkpt>
      <trkpt lat="30.63915" lon="104.13162">
        <time>2026-05-06T12:31:35Z</time>
      </trkpt>
      <trkpt lat="30.639147" lon="104.13169">
        <time>2026-05-06T12:31:36Z</time>
      </trkpt>
      <trkpt lat="30.639141" lon="104.13175">
        <time>2026-05-06T12:31:37Z</time>
      </trkpt>
      <trkpt lat="30.63914" lon="104.13181">
        <time>2026-05-06T12:31:38Z</time>
      </trkpt>
      <trkpt lat="30.639137" lon="104.13188">
        <time>2026-05-06T12:31:39Z</time>
      </trkpt>
      <trkpt lat="30.639137" lon="104.13195">
        <time>2026-05-06T12:31:40Z</time>
      </trkpt>
      <trkpt lat="30.639132" lon="104.13201">
        <time>2026-05-06T12:31:41Z</time>
      </trkpt>
      <trkpt lat="30.639126" lon="104.13207">
        <time>2026-05-06T12:31:42Z</time>
      </trkpt>
      <trkpt lat="30.639126" lon="104.13214">
        <time>2026-05-06T12:31:43Z</time>
      </trkpt>
      <trkpt lat="30.639122" lon="104.1322">
        <time>2026-05-06T12:31:44Z</time>
      </trkpt>
      <trkpt lat="30.639118" lon="104.13226">
        <time>2026-05-06T12:31:45Z</time>
      </trkpt>
      <trkpt lat="30.639116" lon="104.132324">
        <time>2026-05-06T12:31:46Z</time>
      </trkpt>
      <trkpt lat="30.639114" lon="104.132385">
        <time>2026-05-06T12:31:47Z</time>
      </trkpt>
      <trkpt lat="30.63911" lon="104.13245">
        <time>2026-05-06T12:31:48Z</time>
      </trkpt>
      <trkpt lat="30.639107" lon="104.1325">
        <time>2026-05-06T12:31:49Z</time>
      </trkpt>
      <trkpt lat="30.639103" lon="104.13257">
        <time>2026-05-06T12:31:50Z</time>
      </trkpt>
      <trkpt lat="30.6391" lon="104.13263">
        <time>2026-05-06T12:31:51Z</time>
      </trkpt>
      <trkpt lat="30.639097" lon="104.13269">
        <time>2026-05-06T12:31:52Z</time>
      </trkpt>
      <trkpt lat="30.639093" lon="104.13275">
        <time>2026-05-06T12:31:53Z</time>
      </trkpt>
      <trkpt lat="30.639091" lon="104.13282">
        <time>2026-05-06T12:31:54Z</time>
      </trkpt>
      <trkpt lat="30.63909" lon="104.13288">
        <time>2026-05-06T12:31:55Z</time>
      </trkpt>
      <trkpt lat="30.639086" lon="104.13295">
        <time>2026-05-06T12:31:56Z</time>
      </trkpt>
      <trkpt lat="30.639086" lon="104.13301">
        <time>2026-05-06T12:31:57Z</time>
      </trkpt>
      <trkpt lat="30.639084" lon="104.13307">
        <time>2026-05-06T12:31:58Z</time>
      </trkpt>
      <trkpt lat="30.639082" lon="104.13313">
        <time>2026-05-06T12:31:59Z</time>
      </trkpt>
      <trkpt lat="30.63908" lon="104.1332">
        <time>2026-05-06T12:32:00Z</time>
      </trkpt>
      <trkpt lat="30.639074" lon="104.13326">
        <time>2026-05-06T12:32:01Z</time>
      </trkpt>
      <trkpt lat="30.639072" lon="104.13333">
        <time>2026-05-06T12:32:02Z</time>
      </trkpt>
      <trkpt lat="30.639072" lon="104.133415">
        <time>2026-05-06T12:32:03Z</time>
      </trkpt>
      <trkpt lat="30.639065" lon="104.13349">
        <time>2026-05-06T12:32:04Z</time>
      </trkpt>
      <trkpt lat="30.639061" lon="104.13357">
        <time>2026-05-06T12:32:05Z</time>
      </trkpt>
      <trkpt lat="30.63906" lon="104.13365">
        <time>2026-05-06T12:32:06Z</time>
      </trkpt>
      <trkpt lat="30.639055" lon="104.13373">
        <time>2026-05-06T12:32:07Z</time>
      </trkpt>
      <trkpt lat="30.639053" lon="104.1338">
        <time>2026-05-06T12:32:08Z</time>
      </trkpt>
      <trkpt lat="30.63905" lon="104.13387">
        <time>2026-05-06T12:32:09Z</time>
      </trkpt>
      <trkpt lat="30.639046" lon="104.13396">
        <time>2026-05-06T12:32:10Z</time>
      </trkpt>
      <trkpt lat="30.639044" lon="104.13403">
        <time>2026-05-06T12:32:11Z</time>
      </trkpt>
      <trkpt lat="30.63904" lon="104.13411">
        <time>2026-05-06T12:32:12Z</time>
      </trkpt>
      <trkpt lat="30.639036" lon="104.134186">
        <time>2026-05-06T12:32:13Z</time>
      </trkpt>
      <trkpt lat="30.63903" lon="104.13426">
        <time>2026-05-06T12:32:14Z</time>
      </trkpt>
      <trkpt lat="30.63903" lon="104.134346">
        <time>2026-05-06T12:32:15Z</time>
      </trkpt>
      <trkpt lat="30.639034" lon="104.134415">
        <time>2026-05-06T12:32:16Z</time>
      </trkpt>
      <trkpt lat="30.639032" lon="104.13449">
        <time>2026-05-06T12:32:17Z</time>
      </trkpt>
      <trkpt lat="30.63903" lon="104.13456">
        <time>2026-05-06T12:32:18Z</time>
      </trkpt>
      <trkpt lat="30.639034" lon="104.134636">
        <time>2026-05-06T12:32:19Z</time>
      </trkpt>
      <trkpt lat="30.63904" lon="104.134705">
        <time>2026-05-06T12:32:20Z</time>
      </trkpt>
      <trkpt lat="30.639046" lon="104.13477">
        <time>2026-05-06T12:32:21Z</time>
      </trkpt>
      <trkpt lat="30.63905" lon="104.13492">
        <time>2026-05-06T12:32:22Z</time>
      </trkpt>
      <trkpt lat="30.639051" lon="104.13499">
        <time>2026-05-06T12:32:24Z</time>
      </trkpt>
      <trkpt lat="30.639046" lon="104.13506">
        <time>2026-05-06T12:32:25Z</time>
      </trkpt>
      <trkpt lat="30.639034" lon="104.13513">
        <time>2026-05-06T12:32:26Z</time>
      </trkpt>
      <trkpt lat="30.639029" lon="104.1352">
        <time>2026-05-06T12:32:27Z</time>
      </trkpt>
      <trkpt lat="30.639027" lon="104.13527">
        <time>2026-05-06T12:32:28Z</time>
      </trkpt>
      <trkpt lat="30.63902" lon="104.135345">
        <time>2026-05-06T12:32:29Z</time>
      </trkpt>
      <trkpt lat="30.63902" lon="104.13542">
        <time>2026-05-06T12:32:30Z</time>
      </trkpt>
      <trkpt lat="30.639019" lon="104.13549">
        <time>2026-05-06T12:32:31Z</time>
      </trkpt>
      <trkpt lat="30.639017" lon="104.13557">
        <time>2026-05-06T12:32:32Z</time>
      </trkpt>
      <trkpt lat="30.639013" lon="104.135635">
        <time>2026-05-06T12:32:33Z</time>
      </trkpt>
      <trkpt lat="30.63901" lon="104.13571">
        <time>2026-05-06T12:32:34Z</time>
      </trkpt>
      <trkpt lat="30.639008" lon="104.13578">
        <time>2026-05-06T12:32:35Z</time>
      </trkpt>
      <trkpt lat="30.639006" lon="104.13585">
        <time>2026-05-06T12:32:36Z</time>
      </trkpt>
      <trkpt lat="30.639004" lon="104.13592">
        <time>2026-05-06T12:32:37Z</time>
      </trkpt>
      <trkpt lat="30.638998" lon="104.13599">
        <time>2026-05-06T12:32:38Z</time>
      </trkpt>
      <trkpt lat="30.638998" lon="104.136055">
        <time>2026-05-06T12:32:39Z</time>
      </trkpt>
      <trkpt lat="30.638998" lon="104.13612">
        <time>2026-05-06T12:32:40Z</time>
      </trkpt>
      <trkpt lat="30.638996" lon="104.13619">
        <time>2026-05-06T12:32:41Z</time>
      </trkpt>
      <trkpt lat="30.63899" lon="104.13626">
        <time>2026-05-06T12:32:42Z</time>
      </trkpt>
      <trkpt lat="30.638977" lon="104.13632">
        <time>2026-05-06T12:32:43Z</time>
      </trkpt>
      <trkpt lat="30.638956" lon="104.13638">
        <time>2026-05-06T12:32:44Z</time>
      </trkpt>
      <trkpt lat="30.63894" lon="104.136444">
        <time>2026-05-06T12:32:45Z</time>
      </trkpt>
      <trkpt lat="30.63893" lon="104.136505">
        <time>2026-05-06T12:32:46Z</time>
      </trkpt>
      <trkpt lat="30.638927" lon="104.136566">
        <time>2026-05-06T12:32:47Z</time>
      </trkpt>
      <trkpt lat="30.638927" lon="104.13663">
        <time>2026-05-06T12:32:48Z</time>
      </trkpt>
      <trkpt lat="30.638931" lon="104.13667">
        <time>2026-05-06T12:32:49Z</time>
      </trkpt>
      <trkpt lat="30.638935" lon="104.13671">
        <time>2026-05-06T12:32:50Z</time>
      </trkpt>
      <trkpt lat="30.63894" lon="104.136734">
        <time>2026-05-06T12:32:51Z</time>
      </trkpt>
      <trkpt lat="30.638948" lon="104.13675">
        <time>2026-05-06T12:32:52Z</time>
      </trkpt>
      <trkpt lat="30.63895" lon="104.13676">
        <time>2026-05-06T12:32:53Z</time>
      </trkpt>
      <trkpt lat="30.63895" lon="104.13676">
        <time>2026-05-06T12:32:54Z</time>
      </trkpt>
      <trkpt lat="30.63895" lon="104.13676">
        <time>2026-05-06T12:32:55Z</time>
      </trkpt>
      <trkpt lat="30.63895" lon="104.13676">
        <time>2026-05-06T12:32:56Z</time>
      </trkpt>
      <trkpt lat="30.63895" lon="104.13676">
        <time>2026-05-06T12:32:57Z</time>
      </trkpt>
      <trkpt lat="30.63895" lon="104.13676">
        <time>2026-05-06T12:32:58Z</time>
      </trkpt>
      <trkpt lat="30.63895" lon="104.13676">
        <time>2026-05-06T12:32:59Z</time>
      </trkpt>
      <trkpt lat="30.63895" lon="104.13676">
        <time>2026-05-06T12:33:00Z</time>
      </trkpt>
      <trkpt lat="30.63895" lon="104.13676">
        <time>2026-05-06T12:33:01Z</time>
      </trkpt>
      <trkpt lat="30.63895" lon="104.13676">
        <time>2026-05-06T12:33:02Z</time>
      </trkpt>
      <trkpt lat="30.63895" lon="104.13676">
        <time>2026-05-06T12:33:03Z</time>
      </trkpt>
      <trkpt lat="30.63895" lon="104.13676">
        <time>2026-05-06T12:33:04Z</time>
      </trkpt>
      <trkpt lat="30.63895" lon="104.13676">
        <time>2026-05-06T12:33:05Z</time>
      </trkpt>
      <trkpt lat="30.63895" lon="104.13676">
        <time>2026-05-06T12:33:06Z</time>
      </trkpt>
      <trkpt lat="30.63895" lon="104.13676">
        <time>2026-05-06T12:33:07Z</time>
      </trkpt>
      <trkpt lat="30.63895" lon="104.13676">
        <time>2026-05-06T12:33:08Z</time>
      </trkpt>
      <trkpt lat="30.63895" lon="104.13676">
        <time>2026-05-06T12:33:09Z</time>
      </trkpt>
      <trkpt lat="30.63895" lon="104.13676">
        <time>2026-05-06T12:33:10Z</time>
      </trkpt>
      <trkpt lat="30.63895" lon="104.13676">
        <time>2026-05-06T12:33:11Z</time>
      </trkpt>
      <trkpt lat="30.63895" lon="104.13676">
        <time>2026-05-06T12:33:12Z</time>
      </trkpt>
      <trkpt lat="30.63895" lon="104.13676">
        <time>2026-05-06T12:33:13Z</time>
      </trkpt>
      <trkpt lat="30.63895" lon="104.13676">
        <time>2026-05-06T12:33:14Z</time>
      </trkpt>
      <trkpt lat="30.63895" lon="104.13676">
        <time>2026-05-06T12:33:15Z</time>
      </trkpt>
      <trkpt lat="30.63895" lon="104.13676">
        <time>2026-05-06T12:33:16Z</time>
      </trkpt>
      <trkpt lat="30.63895" lon="104.13676">
        <time>2026-05-06T12:33:17Z</time>
      </trkpt>
      <trkpt lat="30.63895" lon="104.13676">
        <time>2026-05-06T12:33:18Z</time>
      </trkpt>
      <trkpt lat="30.63895" lon="104.13676">
        <time>2026-05-06T12:33:19Z</time>
      </trkpt>
      <trkpt lat="30.63895" lon="104.13676">
        <time>2026-05-06T12:33:20Z</time>
      </trkpt>
      <trkpt lat="30.63895" lon="104.13676">
        <time>2026-05-06T12:33:21Z</time>
      </trkpt>
      <trkpt lat="30.63895" lon="104.13676">
        <time>2026-05-06T12:33:22Z</time>
      </trkpt>
      <trkpt lat="30.63895" lon="104.13676">
        <time>2026-05-06T12:33:23Z</time>
      </trkpt>
      <trkpt lat="30.63895" lon="104.13676">
        <time>2026-05-06T12:33:24Z</time>
      </trkpt>
      <trkpt lat="30.63895" lon="104.13676">
        <time>2026-05-06T12:33:25Z</time>
      </trkpt>
      <trkpt lat="30.63895" lon="104.13676">
        <time>2026-05-06T12:33:26Z</time>
      </trkpt>
      <trkpt lat="30.63895" lon="104.13676">
        <time>2026-05-06T12:33:27Z</time>
      </trkpt>
      <trkpt lat="30.63895" lon="104.13676">
        <time>2026-05-06T12:33:28Z</time>
      </trkpt>
      <trkpt lat="30.63895" lon="104.13676">
        <time>2026-05-06T12:33:29Z</time>
      </trkpt>
      <trkpt lat="30.63895" lon="104.13676">
        <time>2026-05-06T12:33:30Z</time>
      </trkpt>
      <trkpt lat="30.63895" lon="104.13676">
        <time>2026-05-06T12:33:31Z</time>
      </trkpt>
      <trkpt lat="30.63895" lon="104.13676">
        <time>2026-05-06T12:33:32Z</time>
      </trkpt>
      <trkpt lat="30.63895" lon="104.13676">
        <time>2026-05-06T12:33:33Z</time>
      </trkpt>
      <trkpt lat="30.63895" lon="104.13676">
        <time>2026-05-06T12:33:34Z</time>
      </trkpt>
      <trkpt lat="30.63895" lon="104.13676">
        <time>2026-05-06T12:33:35Z</time>
      </trkpt>
      <trkpt lat="30.63895" lon="104.13676">
        <time>2026-05-06T12:33:36Z</time>
      </trkpt>
      <trkpt lat="30.63895" lon="104.13676">
        <time>2026-05-06T12:33:37Z</time>
      </trkpt>
      <trkpt lat="30.63895" lon="104.13676">
        <time>2026-05-06T12:33:38Z</time>
      </trkpt>
      <trkpt lat="30.63895" lon="104.13676">
        <time>2026-05-06T12:33:39Z</time>
      </trkpt>
      <trkpt lat="30.63895" lon="104.13676">
        <time>2026-05-06T12:33:40Z</time>
      </trkpt>
      <trkpt lat="30.63895" lon="104.13676">
        <time>2026-05-06T12:33:41Z</time>
      </trkpt>
      <trkpt lat="30.63895" lon="104.13676">
        <time>2026-05-06T12:33:42Z</time>
      </trkpt>
      <trkpt lat="30.63895" lon="104.13676">
        <time>2026-05-06T12:33:43Z</time>
      </trkpt>
      <trkpt lat="30.63895" lon="104.13676">
        <time>2026-05-06T12:33:44Z</time>
      </trkpt>
      <trkpt lat="30.638952" lon="104.1368">
        <time>2026-05-06T12:33:45Z</time>
      </trkpt>
      <trkpt lat="30.638952" lon="104.13683">
        <time>2026-05-06T12:33:46Z</time>
      </trkpt>
      <trkpt lat="30.63895" lon="104.13687">
        <time>2026-05-06T12:33:47Z</time>
      </trkpt>
      <trkpt lat="30.638952" lon="104.13692">
        <time>2026-05-06T12:33:48Z</time>
      </trkpt>
      <trkpt lat="30.638954" lon="104.13697">
        <time>2026-05-06T12:33:49Z</time>
      </trkpt>
      <trkpt lat="30.63896" lon="104.13703">
        <time>2026-05-06T12:33:50Z</time>
      </trkpt>
      <trkpt lat="30.63896" lon="104.13711">
        <time>2026-05-06T12:33:51Z</time>
      </trkpt>
      <trkpt lat="30.638962" lon="104.13717">
        <time>2026-05-06T12:33:52Z</time>
      </trkpt>
      <trkpt lat="30.638962" lon="104.13722">
        <time>2026-05-06T12:33:53Z</time>
      </trkpt>
      <trkpt lat="30.638958" lon="104.137276">
        <time>2026-05-06T12:33:54Z</time>
      </trkpt>
      <trkpt lat="30.638956" lon="104.13734">
        <time>2026-05-06T12:33:55Z</time>
      </trkpt>
      <trkpt lat="30.638956" lon="104.1374">
        <time>2026-05-06T12:33:56Z</time>
      </trkpt>
      <trkpt lat="30.638954" lon="104.13746">
        <time>2026-05-06T12:33:57Z</time>
      </trkpt>
      <trkpt lat="30.63896" lon="104.13751">
        <time>2026-05-06T12:33:58Z</time>
      </trkpt>
      <trkpt lat="30.638968" lon="104.137566">
        <time>2026-05-06T12:33:59Z</time>
      </trkpt>
      <trkpt lat="30.638973" lon="104.13762">
        <time>2026-05-06T12:34:00Z</time>
      </trkpt>
      <trkpt lat="30.638977" lon="104.13768">
        <time>2026-05-06T12:34:01Z</time>
      </trkpt>
      <trkpt lat="30.638979" lon="104.13776">
        <time>2026-05-06T12:34:02Z</time>
      </trkpt>
      <trkpt lat="30.638977" lon="104.137825">
        <time>2026-05-06T12:34:03Z</time>
      </trkpt>
      <trkpt lat="30.638977" lon="104.13789">
        <time>2026-05-06T12:34:04Z</time>
      </trkpt>
      <trkpt lat="30.638977" lon="104.13796">
        <time>2026-05-06T12:34:05Z</time>
      </trkpt>
      <trkpt lat="30.638973" lon="104.13803">
        <time>2026-05-06T12:34:06Z</time>
      </trkpt>
      <trkpt lat="30.638968" lon="104.138115">
        <time>2026-05-06T12:34:07Z</time>
      </trkpt>
      <trkpt lat="30.638968" lon="104.13818">
        <time>2026-05-06T12:34:08Z</time>
      </trkpt>
      <trkpt lat="30.638966" lon="104.13826">
        <time>2026-05-06T12:34:09Z</time>
      </trkpt>
      <trkpt lat="30.63896" lon="104.138336">
        <time>2026-05-06T12:34:10Z</time>
      </trkpt>
      <trkpt lat="30.638956" lon="104.138405">
        <time>2026-05-06T12:34:11Z</time>
      </trkpt>
      <trkpt lat="30.638954" lon="104.13847">
        <time>2026-05-06T12:34:12Z</time>
      </trkpt>
      <trkpt lat="30.638952" lon="104.13855">
        <time>2026-05-06T12:34:13Z</time>
      </trkpt>
      <trkpt lat="30.638948" lon="104.13863">
        <time>2026-05-06T12:34:14Z</time>
      </trkpt>
      <trkpt lat="30.638945" lon="104.13871">
        <time>2026-05-06T12:34:15Z</time>
      </trkpt>
      <trkpt lat="30.63894" lon="104.138794">
        <time>2026-05-06T12:34:16Z</time>
      </trkpt>
      <trkpt lat="30.63894" lon="104.13888">
        <time>2026-05-06T12:34:17Z</time>
      </trkpt>
      <trkpt lat="30.638937" lon="104.13896">
        <time>2026-05-06T12:34:18Z</time>
      </trkpt>
      <trkpt lat="30.638933" lon="104.139046">
        <time>2026-05-06T12:34:19Z</time>
      </trkpt>
      <trkpt lat="30.638927" lon="104.13913">
        <time>2026-05-06T12:34:20Z</time>
      </trkpt>
      <trkpt lat="30.638927" lon="104.13929">
        <time>2026-05-06T12:34:21Z</time>
      </trkpt>
      <trkpt lat="30.638927" lon="104.13936">
        <time>2026-05-06T12:34:22Z</time>
      </trkpt>
      <trkpt lat="30.638927" lon="104.139435">
        <time>2026-05-06T12:34:23Z</time>
      </trkpt>
      <trkpt lat="30.638927" lon="104.13951">
        <time>2026-05-06T12:34:24Z</time>
      </trkpt>
      <trkpt lat="30.63893" lon="104.13958">
        <time>2026-05-06T12:34:25Z</time>
      </trkpt>
      <trkpt lat="30.638927" lon="104.13964">
        <time>2026-05-06T12:34:26Z</time>
      </trkpt>
      <trkpt lat="30.638916" lon="104.139694">
        <time>2026-05-06T12:34:27Z</time>
      </trkpt>
      <trkpt lat="30.638903" lon="104.139755">
        <time>2026-05-06T12:34:28Z</time>
      </trkpt>
      <trkpt lat="30.638891" lon="104.13982">
        <time>2026-05-06T12:34:30Z</time>
      </trkpt>
      <trkpt lat="30.638882" lon="104.13987">
        <time>2026-05-06T12:34:31Z</time>
      </trkpt>
      <trkpt lat="30.63887" lon="104.13994">
        <time>2026-05-06T12:34:32Z</time>
      </trkpt>
      <trkpt lat="30.638857" lon="104.14001">
        <time>2026-05-06T12:34:33Z</time>
      </trkpt>
      <trkpt lat="30.638844" lon="104.14006">
        <time>2026-05-06T12:34:34Z</time>
      </trkpt>
      <trkpt lat="30.638836" lon="104.14013">
        <time>2026-05-06T12:34:35Z</time>
      </trkpt>
      <trkpt lat="30.638826" lon="104.14019">
        <time>2026-05-06T12:34:36Z</time>
      </trkpt>
      <trkpt lat="30.638817" lon="104.14025">
        <time>2026-05-06T12:34:37Z</time>
      </trkpt>
      <trkpt lat="30.638807" lon="104.140305">
        <time>2026-05-06T12:34:38Z</time>
      </trkpt>
      <trkpt lat="30.638796" lon="104.14036">
        <time>2026-05-06T12:34:39Z</time>
      </trkpt>
      <trkpt lat="30.63878" lon="104.14041">
        <time>2026-05-06T12:34:40Z</time>
      </trkpt>
      <trkpt lat="30.638767" lon="104.14046">
        <time>2026-05-06T12:34:41Z</time>
      </trkpt>
      <trkpt lat="30.638756" lon="104.14051">
        <time>2026-05-06T12:34:42Z</time>
      </trkpt>
      <trkpt lat="30.638744" lon="104.14056">
        <time>2026-05-06T12:34:43Z</time>
      </trkpt>
      <trkpt lat="30.638733" lon="104.1406">
        <time>2026-05-06T12:34:44Z</time>
      </trkpt>
      <trkpt lat="30.638721" lon="104.14065">
        <time>2026-05-06T12:34:45Z</time>
      </trkpt>
      <trkpt lat="30.638706" lon="104.1407">
        <time>2026-05-06T12:34:46Z</time>
      </trkpt>
      <trkpt lat="30.638689" lon="104.140755">
        <time>2026-05-06T12:34:47Z</time>
      </trkpt>
      <trkpt lat="30.638674" lon="104.140816">
        <time>2026-05-06T12:34:48Z</time>
      </trkpt>
      <trkpt lat="30.63866" lon="104.14086">
        <time>2026-05-06T12:34:49Z</time>
      </trkpt>
      <trkpt lat="30.638649" lon="104.14092">
        <time>2026-05-06T12:34:50Z</time>
      </trkpt>
      <trkpt lat="30.638636" lon="104.14097">
        <time>2026-05-06T12:34:51Z</time>
      </trkpt>
      <trkpt lat="30.638618" lon="104.141014">
        <time>2026-05-06T12:34:52Z</time>
      </trkpt>
      <trkpt lat="30.638601" lon="104.14106">
        <time>2026-05-06T12:34:53Z</time>
      </trkpt>
      <trkpt lat="30.638584" lon="104.14111">
        <time>2026-05-06T12:34:54Z</time>
      </trkpt>
      <trkpt lat="30.63857" lon="104.14117">
        <time>2026-05-06T12:34:55Z</time>
      </trkpt>
      <trkpt lat="30.638557" lon="104.14122">
        <time>2026-05-06T12:34:56Z</time>
      </trkpt>
      <trkpt lat="30.638542" lon="104.141266">
        <time>2026-05-06T12:34:57Z</time>
      </trkpt>
      <trkpt lat="30.638527" lon="104.14131">
        <time>2026-05-06T12:34:58Z</time>
      </trkpt>
      <trkpt lat="30.638512" lon="104.14136">
        <time>2026-05-06T12:34:59Z</time>
      </trkpt>
      <trkpt lat="30.6385" lon="104.1414">
        <time>2026-05-06T12:35:00Z</time>
      </trkpt>
      <trkpt lat="30.638489" lon="104.14146">
        <time>2026-05-06T12:35:01Z</time>
      </trkpt>
      <trkpt lat="30.638475" lon="104.1415">
        <time>2026-05-06T12:35:02Z</time>
      </trkpt>
      <trkpt lat="30.638462" lon="104.141556">
        <time>2026-05-06T12:35:03Z</time>
      </trkpt>
      <trkpt lat="30.63845" lon="104.14161">
        <time>2026-05-06T12:35:04Z</time>
      </trkpt>
      <trkpt lat="30.63844" lon="104.14166">
        <time>2026-05-06T12:35:05Z</time>
      </trkpt>
      <trkpt lat="30.638426" lon="104.14171">
        <time>2026-05-06T12:35:06Z</time>
      </trkpt>
      <trkpt lat="30.638412" lon="104.14176">
        <time>2026-05-06T12:35:07Z</time>
      </trkpt>
      <trkpt lat="30.638397" lon="104.141815">
        <time>2026-05-06T12:35:08Z</time>
      </trkpt>
      <trkpt lat="30.638386" lon="104.14187">
        <time>2026-05-06T12:35:09Z</time>
      </trkpt>
      <trkpt lat="30.638378" lon="104.14192">
        <time>2026-05-06T12:35:10Z</time>
      </trkpt>
      <trkpt lat="30.638363" lon="104.141975">
        <time>2026-05-06T12:35:11Z</time>
      </trkpt>
      <trkpt lat="30.638346" lon="104.14203">
        <time>2026-05-06T12:35:12Z</time>
      </trkpt>
      <trkpt lat="30.638332" lon="104.14209">
        <time>2026-05-06T12:35:13Z</time>
      </trkpt>
      <trkpt lat="30.638319" lon="104.14214">
        <time>2026-05-06T12:35:14Z</time>
      </trkpt>
      <trkpt lat="30.638306" lon="104.1422">
        <time>2026-05-06T12:35:15Z</time>
      </trkpt>
      <trkpt lat="30.638292" lon="104.14226">
        <time>2026-05-06T12:35:16Z</time>
      </trkpt>
      <trkpt lat="30.638279" lon="104.14231">
        <time>2026-05-06T12:35:17Z</time>
      </trkpt>
      <trkpt lat="30.638264" lon="104.14237">
        <time>2026-05-06T12:35:18Z</time>
      </trkpt>
      <trkpt lat="30.63825" lon="104.14243">
        <time>2026-05-06T12:35:19Z</time>
      </trkpt>
      <trkpt lat="30.638237" lon="104.14249">
        <time>2026-05-06T12:35:20Z</time>
      </trkpt>
      <trkpt lat="30.638224" lon="104.14255">
        <time>2026-05-06T12:35:21Z</time>
      </trkpt>
      <trkpt lat="30.638206" lon="104.14261">
        <time>2026-05-06T12:35:22Z</time>
      </trkpt>
      <trkpt lat="30.638191" lon="104.14267">
        <time>2026-05-06T12:35:23Z</time>
      </trkpt>
      <trkpt lat="30.638176" lon="104.14273">
        <time>2026-05-06T12:35:24Z</time>
      </trkpt>
      <trkpt lat="30.638163" lon="104.1428">
        <time>2026-05-06T12:35:25Z</time>
      </trkpt>
      <trkpt lat="30.638145" lon="104.14286">
        <time>2026-05-06T12:35:26Z</time>
      </trkpt>
      <trkpt lat="30.63813" lon="104.14292">
        <time>2026-05-06T12:35:27Z</time>
      </trkpt>
      <trkpt lat="30.638113" lon="104.14299">
        <time>2026-05-06T12:35:28Z</time>
      </trkpt>
      <trkpt lat="30.638098" lon="104.14305">
        <time>2026-05-06T12:35:29Z</time>
      </trkpt>
      <trkpt lat="30.638083" lon="104.14312">
        <time>2026-05-06T12:35:30Z</time>
      </trkpt>
      <trkpt lat="30.638067" lon="104.14319">
        <time>2026-05-06T12:35:31Z</time>
      </trkpt>
      <trkpt lat="30.63805" lon="104.14325">
        <time>2026-05-06T12:35:32Z</time>
      </trkpt>
      <trkpt lat="30.638031" lon="104.14332">
        <time>2026-05-06T12:35:33Z</time>
      </trkpt>
      <trkpt lat="30.638014" lon="104.143394">
        <time>2026-05-06T12:35:34Z</time>
      </trkpt>
      <trkpt lat="30.637999" lon="104.14346">
        <time>2026-05-06T12:35:35Z</time>
      </trkpt>
      <trkpt lat="30.637981" lon="104.14354">
        <time>2026-05-06T12:35:36Z</time>
      </trkpt>
      <trkpt lat="30.637968" lon="104.14361">
        <time>2026-05-06T12:35:37Z</time>
      </trkpt>
      <trkpt lat="30.63795" lon="104.14368">
        <time>2026-05-06T12:35:38Z</time>
      </trkpt>
      <trkpt lat="30.637932" lon="104.143745">
        <time>2026-05-06T12:35:39Z</time>
      </trkpt>
      <trkpt lat="30.637915" lon="104.143814">
        <time>2026-05-06T12:35:40Z</time>
      </trkpt>
      <trkpt lat="30.637897" lon="104.14388">
        <time>2026-05-06T12:35:41Z</time>
      </trkpt>
      <trkpt lat="30.63788" lon="104.14395">
        <time>2026-05-06T12:35:42Z</time>
      </trkpt>
      <trkpt lat="30.637861" lon="104.14402">
        <time>2026-05-06T12:35:43Z</time>
      </trkpt>
      <trkpt lat="30.637844" lon="104.14409">
        <time>2026-05-06T12:35:44Z</time>
      </trkpt>
      <trkpt lat="30.637827" lon="104.14415">
        <time>2026-05-06T12:35:45Z</time>
      </trkpt>
      <trkpt lat="30.637812" lon="104.144196">
        <time>2026-05-06T12:35:46Z</time>
      </trkpt>
      <trkpt lat="30.6378" lon="104.144226">
        <time>2026-05-06T12:35:47Z</time>
      </trkpt>
      <trkpt lat="30.637793" lon="104.14425">
        <time>2026-05-06T12:35:48Z</time>
      </trkpt>
      <trkpt lat="30.63778" lon="104.14428">
        <time>2026-05-06T12:35:49Z</time>
      </trkpt>
      <trkpt lat="30.637766" lon="104.14432">
        <time>2026-05-06T12:35:50Z</time>
      </trkpt>
      <trkpt lat="30.637753" lon="104.14436">
        <time>2026-05-06T12:35:51Z</time>
      </trkpt>
      <trkpt lat="30.637733" lon="104.144424">
        <time>2026-05-06T12:35:52Z</time>
      </trkpt>
      <trkpt lat="30.637712" lon="104.14449">
        <time>2026-05-06T12:35:53Z</time>
      </trkpt>
      <trkpt lat="30.63769" lon="104.144554">
        <time>2026-05-06T12:35:54Z</time>
      </trkpt>
      <trkpt lat="30.637669" lon="104.14462">
        <time>2026-05-06T12:35:55Z</time>
      </trkpt>
      <trkpt lat="30.637651" lon="104.144684">
        <time>2026-05-06T12:35:56Z</time>
      </trkpt>
      <trkpt lat="30.637632" lon="104.14475">
        <time>2026-05-06T12:35:57Z</time>
      </trkpt>
      <trkpt lat="30.637617" lon="104.14482">
        <time>2026-05-06T12:35:58Z</time>
      </trkpt>
      <trkpt lat="30.637613" lon="104.14489">
        <time>2026-05-06T12:35:59Z</time>
      </trkpt>
      <trkpt lat="30.63762" lon="104.144966">
        <time>2026-05-06T12:36:00Z</time>
      </trkpt>
      <trkpt lat="30.637604" lon="104.14504">
        <time>2026-05-06T12:36:01Z</time>
      </trkpt>
      <trkpt lat="30.637587" lon="104.14512">
        <time>2026-05-06T12:36:02Z</time>
      </trkpt>
      <trkpt lat="30.637568" lon="104.145195">
        <time>2026-05-06T12:36:03Z</time>
      </trkpt>
      <trkpt lat="30.63755" lon="104.14527">
        <time>2026-05-06T12:36:04Z</time>
      </trkpt>
      <trkpt lat="30.637533" lon="104.145355">
        <time>2026-05-06T12:36:05Z</time>
      </trkpt>
      <trkpt lat="30.637516" lon="104.14544">
        <time>2026-05-06T12:36:06Z</time>
      </trkpt>
      <trkpt lat="30.637495" lon="104.14552">
        <time>2026-05-06T12:36:07Z</time>
      </trkpt>
      <trkpt lat="30.637474" lon="104.14561">
        <time>2026-05-06T12:36:08Z</time>
      </trkpt>
      <trkpt lat="30.637453" lon="104.14568">
        <time>2026-05-06T12:36:09Z</time>
      </trkpt>
      <trkpt lat="30.637434" lon="104.14577">
        <time>2026-05-06T12:36:10Z</time>
      </trkpt>
      <trkpt lat="30.63741" lon="104.14585">
        <time>2026-05-06T12:36:11Z</time>
      </trkpt>
      <trkpt lat="30.637386" lon="104.14593">
        <time>2026-05-06T12:36:12Z</time>
      </trkpt>
      <trkpt lat="30.637363" lon="104.146">
        <time>2026-05-06T12:36:13Z</time>
      </trkpt>
      <trkpt lat="30.637342" lon="104.14609">
        <time>2026-05-06T12:36:14Z</time>
      </trkpt>
      <trkpt lat="30.637323" lon="104.146164">
        <time>2026-05-06T12:36:15Z</time>
      </trkpt>
      <trkpt lat="30.637302" lon="104.14624">
        <time>2026-05-06T12:36:16Z</time>
      </trkpt>
      <trkpt lat="30.637285" lon="104.14631">
        <time>2026-05-06T12:36:17Z</time>
      </trkpt>
      <trkpt lat="30.637264" lon="104.14638">
        <time>2026-05-06T12:36:18Z</time>
      </trkpt>
      <trkpt lat="30.637243" lon="104.146454">
        <time>2026-05-06T12:36:19Z</time>
      </trkpt>
      <trkpt lat="30.63722" lon="104.14652">
        <time>2026-05-06T12:36:20Z</time>
      </trkpt>
      <trkpt lat="30.637197" lon="104.1466">
        <time>2026-05-06T12:36:21Z</time>
      </trkpt>
      <trkpt lat="30.637178" lon="104.14668">
        <time>2026-05-06T12:36:22Z</time>
      </trkpt>
      <trkpt lat="30.63716" lon="104.14677">
        <time>2026-05-06T12:36:23Z</time>
      </trkpt>
      <trkpt lat="30.637142" lon="104.14684">
        <time>2026-05-06T12:36:24Z</time>
      </trkpt>
      <trkpt lat="30.637125" lon="104.14693">
        <time>2026-05-06T12:36:25Z</time>
      </trkpt>
      <trkpt lat="30.637108" lon="104.14702">
        <time>2026-05-06T12:36:26Z</time>
      </trkpt>
      <trkpt lat="30.637093" lon="104.14711">
        <time>2026-05-06T12:36:27Z</time>
      </trkpt>
      <trkpt lat="30.637074" lon="104.1472">
        <time>2026-05-06T12:36:28Z</time>
      </trkpt>
      <trkpt lat="30.63706" lon="104.147285">
        <time>2026-05-06T12:36:29Z</time>
      </trkpt>
      <trkpt lat="30.63705" lon="104.14737">
        <time>2026-05-06T12:36:30Z</time>
      </trkpt>
      <trkpt lat="30.63704" lon="104.147446">
        <time>2026-05-06T12:36:31Z</time>
      </trkpt>
      <trkpt lat="30.637032" lon="104.14752">
        <time>2026-05-06T12:36:32Z</time>
      </trkpt>
      <trkpt lat="30.63702" lon="104.1476">
        <time>2026-05-06T12:36:33Z</time>
      </trkpt>
      <trkpt lat="30.637" lon="104.14767">
        <time>2026-05-06T12:36:34Z</time>
      </trkpt>
      <trkpt lat="30.636976" lon="104.14774">
        <time>2026-05-06T12:36:35Z</time>
      </trkpt>
      <trkpt lat="30.636948" lon="104.14782">
        <time>2026-05-06T12:36:36Z</time>
      </trkpt>
      <trkpt lat="30.636923" lon="104.1479">
        <time>2026-05-06T12:36:37Z</time>
      </trkpt>
      <trkpt lat="30.6369" lon="104.14799">
        <time>2026-05-06T12:36:38Z</time>
      </trkpt>
      <trkpt lat="30.636868" lon="104.14807">
        <time>2026-05-06T12:36:39Z</time>
      </trkpt>
      <trkpt lat="30.636827" lon="104.14815">
        <time>2026-05-06T12:36:40Z</time>
      </trkpt>
      <trkpt lat="30.63679" lon="104.14823">
        <time>2026-05-06T12:36:41Z</time>
      </trkpt>
      <trkpt lat="30.63676" lon="104.14831">
        <time>2026-05-06T12:36:42Z</time>
      </trkpt>
      <trkpt lat="30.636726" lon="104.14838">
        <time>2026-05-06T12:36:43Z</time>
      </trkpt>
      <trkpt lat="30.636692" lon="104.148445">
        <time>2026-05-06T12:36:44Z</time>
      </trkpt>
      <trkpt lat="30.636654" lon="104.148506">
        <time>2026-05-06T12:36:45Z</time>
      </trkpt>
      <trkpt lat="30.636616" lon="104.14857">
        <time>2026-05-06T12:36:46Z</time>
      </trkpt>
      <trkpt lat="30.636583" lon="104.14862">
        <time>2026-05-06T12:36:47Z</time>
      </trkpt>
      <trkpt lat="30.63655" lon="104.14867">
        <time>2026-05-06T12:36:48Z</time>
      </trkpt>
      <trkpt lat="30.636517" lon="104.1487">
        <time>2026-05-06T12:36:49Z</time>
      </trkpt>
      <trkpt lat="30.63648" lon="104.14871">
        <time>2026-05-06T12:36:50Z</time>
      </trkpt>
      <trkpt lat="30.63644" lon="104.14873">
        <time>2026-05-06T12:36:51Z</time>
      </trkpt>
      <trkpt lat="30.636395" lon="104.148735">
        <time>2026-05-06T12:36:52Z</time>
      </trkpt>
      <trkpt lat="30.636347" lon="104.14872">
        <time>2026-05-06T12:36:53Z</time>
      </trkpt>
      <trkpt lat="30.63629" lon="104.14869">
        <time>2026-05-06T12:36:54Z</time>
      </trkpt>
      <trkpt lat="30.636223" lon="104.14865">
        <time>2026-05-06T12:36:55Z</time>
      </trkpt>
      <trkpt lat="30.63616" lon="104.14862">
        <time>2026-05-06T12:36:56Z</time>
      </trkpt>
      <trkpt lat="30.636095" lon="104.14858">
        <time>2026-05-06T12:36:57Z</time>
      </trkpt>
      <trkpt lat="30.636034" lon="104.14855">
        <time>2026-05-06T12:36:58Z</time>
      </trkpt>
      <trkpt lat="30.63597" lon="104.14852">
        <time>2026-05-06T12:36:59Z</time>
      </trkpt>
      <trkpt lat="30.635906" lon="104.14849">
        <time>2026-05-06T12:37:00Z</time>
      </trkpt>
      <trkpt lat="30.635847" lon="104.14846">
        <time>2026-05-06T12:37:01Z</time>
      </trkpt>
      <trkpt lat="30.63579" lon="104.14844">
        <time>2026-05-06T12:37:02Z</time>
      </trkpt>
      <trkpt lat="30.635736" lon="104.148415">
        <time>2026-05-06T12:37:03Z</time>
      </trkpt>
      <trkpt lat="30.635689" lon="104.14838">
        <time>2026-05-06T12:37:04Z</time>
      </trkpt>
      <trkpt lat="30.635641" lon="104.14835">
        <time>2026-05-06T12:37:05Z</time>
      </trkpt>
      <trkpt lat="30.635595" lon="104.14832">
        <time>2026-05-06T12:37:06Z</time>
      </trkpt>
      <trkpt lat="30.635551" lon="104.1483">
        <time>2026-05-06T12:37:07Z</time>
      </trkpt>
      <trkpt lat="30.635517" lon="104.148285">
        <time>2026-05-06T12:37:08Z</time>
      </trkpt>
      <trkpt lat="30.635485" lon="104.14827">
        <time>2026-05-06T12:37:09Z</time>
      </trkpt>
      <trkpt lat="30.635464" lon="104.148285">
        <time>2026-05-06T12:37:10Z</time>
      </trkpt>
      <trkpt lat="30.635458" lon="104.14829">
        <time>2026-05-06T12:37:11Z</time>
      </trkpt>
      <trkpt lat="30.635458" lon="104.14829">
        <time>2026-05-06T12:37:12Z</time>
      </trkpt>
      <trkpt lat="30.635458" lon="104.14829">
        <time>2026-05-06T12:37:13Z</time>
      </trkpt>
      <trkpt lat="30.635458" lon="104.14829">
        <time>2026-05-06T12:37:14Z</time>
      </trkpt>
      <trkpt lat="30.635458" lon="104.14829">
        <time>2026-05-06T12:37:15Z</time>
      </trkpt>
      <trkpt lat="30.635458" lon="104.14829">
        <time>2026-05-06T12:37:16Z</time>
      </trkpt>
      <trkpt lat="30.635458" lon="104.14829">
        <time>2026-05-06T12:37:17Z</time>
      </trkpt>
      <trkpt lat="30.635458" lon="104.14829">
        <time>2026-05-06T12:37:18Z</time>
      </trkpt>
      <trkpt lat="30.635458" lon="104.14829">
        <time>2026-05-06T12:37:19Z</time>
      </trkpt>
      <trkpt lat="30.635458" lon="104.14829">
        <time>2026-05-06T12:37:20Z</time>
      </trkpt>
      <trkpt lat="30.635458" lon="104.14829">
        <time>2026-05-06T12:37:21Z</time>
      </trkpt>
      <trkpt lat="30.635458" lon="104.14829">
        <time>2026-05-06T12:37:22Z</time>
      </trkpt>
      <trkpt lat="30.635458" lon="104.14829">
        <time>2026-05-06T12:37:23Z</time>
      </trkpt>
      <trkpt lat="30.635458" lon="104.14829">
        <time>2026-05-06T12:37:24Z</time>
      </trkpt>
      <trkpt lat="30.635458" lon="104.14829">
        <time>2026-05-06T12:37:25Z</time>
      </trkpt>
      <trkpt lat="30.635458" lon="104.14829">
        <time>2026-05-06T12:37:26Z</time>
      </trkpt>
      <trkpt lat="30.635458" lon="104.14829">
        <time>2026-05-06T12:37:27Z</time>
      </trkpt>
      <trkpt lat="30.635458" lon="104.14829">
        <time>2026-05-06T12:37:28Z</time>
      </trkpt>
      <trkpt lat="30.635458" lon="104.14829">
        <time>2026-05-06T12:37:29Z</time>
      </trkpt>
      <trkpt lat="30.635458" lon="104.14829">
        <time>2026-05-06T12:37:30Z</time>
      </trkpt>
      <trkpt lat="30.635458" lon="104.14829">
        <time>2026-05-06T12:37:31Z</time>
      </trkpt>
      <trkpt lat="30.635458" lon="104.14829">
        <time>2026-05-06T12:37:32Z</time>
      </trkpt>
      <trkpt lat="30.635458" lon="104.14829">
        <time>2026-05-06T12:37:33Z</time>
      </trkpt>
      <trkpt lat="30.635458" lon="104.14829">
        <time>2026-05-06T12:37:34Z</time>
      </trkpt>
      <trkpt lat="30.635458" lon="104.14829">
        <time>2026-05-06T12:37:35Z</time>
      </trkpt>
      <trkpt lat="30.635458" lon="104.14829">
        <time>2026-05-06T12:37:36Z</time>
      </trkpt>
      <trkpt lat="30.635458" lon="104.14829">
        <time>2026-05-06T12:37:37Z</time>
      </trkpt>
      <trkpt lat="30.635458" lon="104.14829">
        <time>2026-05-06T12:37:38Z</time>
      </trkpt>
      <trkpt lat="30.635458" lon="104.14829">
        <time>2026-05-06T12:37:39Z</time>
      </trkpt>
      <trkpt lat="30.635458" lon="104.14829">
        <time>2026-05-06T12:37:40Z</time>
      </trkpt>
      <trkpt lat="30.635458" lon="104.14829">
        <time>2026-05-06T12:37:41Z</time>
      </trkpt>
      <trkpt lat="30.635458" lon="104.14829">
        <time>2026-05-06T12:37:42Z</time>
      </trkpt>
      <trkpt lat="30.635458" lon="104.14829">
        <time>2026-05-06T12:37:43Z</time>
      </trkpt>
      <trkpt lat="30.635458" lon="104.14829">
        <time>2026-05-06T12:37:44Z</time>
      </trkpt>
      <trkpt lat="30.635458" lon="104.14829">
        <time>2026-05-06T12:37:45Z</time>
      </trkpt>
      <trkpt lat="30.635458" lon="104.14829">
        <time>2026-05-06T12:37:46Z</time>
      </trkpt>
      <trkpt lat="30.635458" lon="104.14829">
        <time>2026-05-06T12:37:47Z</time>
      </trkpt>
      <trkpt lat="30.635458" lon="104.14829">
        <time>2026-05-06T12:37:48Z</time>
      </trkpt>
      <trkpt lat="30.635458" lon="104.14829">
        <time>2026-05-06T12:37:49Z</time>
      </trkpt>
      <trkpt lat="30.635458" lon="104.14829">
        <time>2026-05-06T12:37:50Z</time>
      </trkpt>
      <trkpt lat="30.635458" lon="104.14829">
        <time>2026-05-06T12:37:51Z</time>
      </trkpt>
      <trkpt lat="30.635458" lon="104.14829">
        <time>2026-05-06T12:37:52Z</time>
      </trkpt>
      <trkpt lat="30.635458" lon="104.14829">
        <time>2026-05-06T12:37:53Z</time>
      </trkpt>
      <trkpt lat="30.635458" lon="104.14829">
        <time>2026-05-06T12:37:54Z</time>
      </trkpt>
      <trkpt lat="30.635458" lon="104.14829">
        <time>2026-05-06T12:37:55Z</time>
      </trkpt>
      <trkpt lat="30.635458" lon="104.14829">
        <time>2026-05-06T12:37:56Z</time>
      </trkpt>
      <trkpt lat="30.635458" lon="104.14829">
        <time>2026-05-06T12:37:57Z</time>
      </trkpt>
      <trkpt lat="30.635458" lon="104.14829">
        <time>2026-05-06T12:37:58Z</time>
      </trkpt>
      <trkpt lat="30.635458" lon="104.14829">
        <time>2026-05-06T12:37:59Z</time>
      </trkpt>
      <trkpt lat="30.635458" lon="104.14829">
        <time>2026-05-06T12:38:00Z</time>
      </trkpt>
      <trkpt lat="30.635458" lon="104.14829">
        <time>2026-05-06T12:38:01Z</time>
      </trkpt>
      <trkpt lat="30.635458" lon="104.14829">
        <time>2026-05-06T12:38:02Z</time>
      </trkpt>
      <trkpt lat="30.635458" lon="104.14829">
        <time>2026-05-06T12:38:03Z</time>
      </trkpt>
      <trkpt lat="30.635458" lon="104.14829">
        <time>2026-05-06T12:38:04Z</time>
      </trkpt>
      <trkpt lat="30.635458" lon="104.14829">
        <time>2026-05-06T12:38:05Z</time>
      </trkpt>
      <trkpt lat="30.635458" lon="104.14829">
        <time>2026-05-06T12:38:06Z</time>
      </trkpt>
      <trkpt lat="30.635458" lon="104.14829">
        <time>2026-05-06T12:38:07Z</time>
      </trkpt>
      <trkpt lat="30.635458" lon="104.14829">
        <time>2026-05-06T12:38:08Z</time>
      </trkpt>
      <trkpt lat="30.635458" lon="104.14829">
        <time>2026-05-06T12:38:09Z</time>
      </trkpt>
      <trkpt lat="30.635443" lon="104.14832">
        <time>2026-05-06T12:38:10Z</time>
      </trkpt>
      <trkpt lat="30.635435" lon="104.14834">
        <time>2026-05-06T12:38:11Z</time>
      </trkpt>
      <trkpt lat="30.635427" lon="104.14835">
        <time>2026-05-06T12:38:12Z</time>
      </trkpt>
      <trkpt lat="30.635422" lon="104.14839">
        <time>2026-05-06T12:38:13Z</time>
      </trkpt>
      <trkpt lat="30.635414" lon="104.14843">
        <time>2026-05-06T12:38:14Z</time>
      </trkpt>
      <trkpt lat="30.63541" lon="104.148476">
        <time>2026-05-06T12:38:15Z</time>
      </trkpt>
      <trkpt lat="30.635405" lon="104.14851">
        <time>2026-05-06T12:38:16Z</time>
      </trkpt>
      <trkpt lat="30.6354" lon="104.14856">
        <time>2026-05-06T12:38:17Z</time>
      </trkpt>
      <trkpt lat="30.635399" lon="104.148605">
        <time>2026-05-06T12:38:18Z</time>
      </trkpt>
      <trkpt lat="30.635393" lon="104.14865">
        <time>2026-05-06T12:38:19Z</time>
      </trkpt>
      <trkpt lat="30.635384" lon="104.1487">
        <time>2026-05-06T12:38:20Z</time>
      </trkpt>
      <trkpt lat="30.635368" lon="104.14874">
        <time>2026-05-06T12:38:21Z</time>
      </trkpt>
      <trkpt lat="30.635355" lon="104.14879">
        <time>2026-05-06T12:38:22Z</time>
      </trkpt>
      <trkpt lat="30.635342" lon="104.14884">
        <time>2026-05-06T12:38:23Z</time>
      </trkpt>
      <trkpt lat="30.635328" lon="104.14889">
        <time>2026-05-06T12:38:24Z</time>
      </trkpt>
      <trkpt lat="30.635315" lon="104.14893">
        <time>2026-05-06T12:38:25Z</time>
      </trkpt>
      <trkpt lat="30.635307" lon="104.14897">
        <time>2026-05-06T12:38:26Z</time>
      </trkpt>
      <trkpt lat="30.635296" lon="104.14902">
        <time>2026-05-06T12:38:27Z</time>
      </trkpt>
      <trkpt lat="30.635288" lon="104.149055">
        <time>2026-05-06T12:38:28Z</time>
      </trkpt>
      <trkpt lat="30.635296" lon="104.149086">
        <time>2026-05-06T12:38:29Z</time>
      </trkpt>
      <trkpt lat="30.635298" lon="104.14912">
        <time>2026-05-06T12:38:30Z</time>
      </trkpt>
      <trkpt lat="30.635298" lon="104.14916">
        <time>2026-05-06T12:38:31Z</time>
      </trkpt>
      <trkpt lat="30.6353" lon="104.1492">
        <time>2026-05-06T12:38:32Z</time>
      </trkpt>
      <trkpt lat="30.635303" lon="104.14924">
        <time>2026-05-06T12:38:33Z</time>
      </trkpt>
      <trkpt lat="30.635313" lon="104.14926">
        <time>2026-05-06T12:38:34Z</time>
      </trkpt>
      <trkpt lat="30.635336" lon="104.149284">
        <time>2026-05-06T12:38:35Z</time>
      </trkpt>
      <trkpt lat="30.635374" lon="104.14929">
        <time>2026-05-06T12:38:36Z</time>
      </trkpt>
      <trkpt lat="30.635424" lon="104.14931">
        <time>2026-05-06T12:38:37Z</time>
      </trkpt>
      <trkpt lat="30.635475" lon="104.14933">
        <time>2026-05-06T12:38:38Z</time>
      </trkpt>
      <trkpt lat="30.635532" lon="104.14937">
        <time>2026-05-06T12:38:39Z</time>
      </trkpt>
      <trkpt lat="30.635586" lon="104.1494">
        <time>2026-05-06T12:38:40Z</time>
      </trkpt>
      <trkpt lat="30.635643" lon="104.14943">
        <time>2026-05-06T12:38:41Z</time>
      </trkpt>
      <trkpt lat="30.6357" lon="104.14945">
        <time>2026-05-06T12:38:42Z</time>
      </trkpt>
      <trkpt lat="30.635761" lon="104.14948">
        <time>2026-05-06T12:38:43Z</time>
      </trkpt>
      <trkpt lat="30.63583" lon="104.14952">
        <time>2026-05-06T12:38:44Z</time>
      </trkpt>
      <trkpt lat="30.635885" lon="104.14955">
        <time>2026-05-06T12:38:45Z</time>
      </trkpt>
      <trkpt lat="30.635937" lon="104.14959">
        <time>2026-05-06T12:38:46Z</time>
      </trkpt>
      <trkpt lat="30.63598" lon="104.14964">
        <time>2026-05-06T12:38:47Z</time>
      </trkpt>
      <trkpt lat="30.635994" lon="104.14972">
        <time>2026-05-06T12:38:48Z</time>
      </trkpt>
      <trkpt lat="30.635983" lon="104.149796">
        <time>2026-05-06T12:38:49Z</time>
      </trkpt>
      <trkpt lat="30.63595" lon="104.14987">
        <time>2026-05-06T12:38:50Z</time>
      </trkpt>
      <trkpt lat="30.635918" lon="104.14995">
        <time>2026-05-06T12:38:51Z</time>
      </trkpt>
      <trkpt lat="30.63589" lon="104.15003">
        <time>2026-05-06T12:38:52Z</time>
      </trkpt>
      <trkpt lat="30.635862" lon="104.15011">
        <time>2026-05-06T12:38:53Z</time>
      </trkpt>
      <trkpt lat="30.63583" lon="104.1502">
        <time>2026-05-06T12:38:54Z</time>
      </trkpt>
      <trkpt lat="30.635796" lon="104.15029">
        <time>2026-05-06T12:38:55Z</time>
      </trkpt>
      <trkpt lat="30.635757" lon="104.15039">
        <time>2026-05-06T12:38:56Z</time>
      </trkpt>
      <trkpt lat="30.635721" lon="104.15048">
        <time>2026-05-06T12:38:57Z</time>
      </trkpt>
      <trkpt lat="30.63569" lon="104.15057">
        <time>2026-05-06T12:38:58Z</time>
      </trkpt>
      <trkpt lat="30.635653" lon="104.15067">
        <time>2026-05-06T12:38:59Z</time>
      </trkpt>
      <trkpt lat="30.635622" lon="104.150764">
        <time>2026-05-06T12:39:00Z</time>
      </trkpt>
      <trkpt lat="30.635588" lon="104.150856">
        <time>2026-05-06T12:39:01Z</time>
      </trkpt>
      <trkpt lat="30.635565" lon="104.15093">
        <time>2026-05-06T12:39:02Z</time>
      </trkpt>
      <trkpt lat="30.635546" lon="104.15101">
        <time>2026-05-06T12:39:03Z</time>
      </trkpt>
      <trkpt lat="30.635519" lon="104.151085">
        <time>2026-05-06T12:39:04Z</time>
      </trkpt>
      <trkpt lat="30.63549" lon="104.15115">
        <time>2026-05-06T12:39:05Z</time>
      </trkpt>
      <trkpt lat="30.635462" lon="104.15124">
        <time>2026-05-06T12:39:06Z</time>
      </trkpt>
      <trkpt lat="30.635439" lon="104.151306">
        <time>2026-05-06T12:39:07Z</time>
      </trkpt>
      <trkpt lat="30.635418" lon="104.15137">
        <time>2026-05-06T12:39:08Z</time>
      </trkpt>
      <trkpt lat="30.635399" lon="104.15143">
        <time>2026-05-06T12:39:09Z</time>
      </trkpt>
      <trkpt lat="30.635378" lon="104.1515">
        <time>2026-05-06T12:39:10Z</time>
      </trkpt>
      <trkpt lat="30.635357" lon="104.15157">
        <time>2026-05-06T12:39:11Z</time>
      </trkpt>
      <trkpt lat="30.635332" lon="104.151634">
        <time>2026-05-06T12:39:12Z</time>
      </trkpt>
      <trkpt lat="30.63531" lon="104.15169">
        <time>2026-05-06T12:39:13Z</time>
      </trkpt>
      <trkpt lat="30.635288" lon="104.15174">
        <time>2026-05-06T12:39:14Z</time>
      </trkpt>
      <trkpt lat="30.63527" lon="104.15179">
        <time>2026-05-06T12:39:15Z</time>
      </trkpt>
      <trkpt lat="30.635242" lon="104.15183">
        <time>2026-05-06T12:39:16Z</time>
      </trkpt>
      <trkpt lat="30.63523" lon="104.15187">
        <time>2026-05-06T12:39:17Z</time>
      </trkpt>
      <trkpt lat="30.63521" lon="104.15192">
        <time>2026-05-06T12:39:18Z</time>
      </trkpt>
      <trkpt lat="30.635195" lon="104.15197">
        <time>2026-05-06T12:39:19Z</time>
      </trkpt>
      <trkpt lat="30.635174" lon="104.15202">
        <time>2026-05-06T12:39:20Z</time>
      </trkpt>
      <trkpt lat="30.635141" lon="104.152084">
        <time>2026-05-06T12:39:21Z</time>
      </trkpt>
      <trkpt lat="30.63511" lon="104.15214">
        <time>2026-05-06T12:39:22Z</time>
      </trkpt>
      <trkpt lat="30.635084" lon="104.15218">
        <time>2026-05-06T12:39:23Z</time>
      </trkpt>
      <trkpt lat="30.635057" lon="104.15223">
        <time>2026-05-06T12:39:24Z</time>
      </trkpt>
      <trkpt lat="30.63503" lon="104.152275">
        <time>2026-05-06T12:39:25Z</time>
      </trkpt>
      <trkpt lat="30.635012" lon="104.15233">
        <time>2026-05-06T12:39:26Z</time>
      </trkpt>
      <trkpt lat="30.634989" lon="104.152374">
        <time>2026-05-06T12:39:27Z</time>
      </trkpt>
      <trkpt lat="30.634975" lon="104.15243">
        <time>2026-05-06T12:39:28Z</time>
      </trkpt>
      <trkpt lat="30.634956" lon="104.15247">
        <time>2026-05-06T12:39:29Z</time>
      </trkpt>
      <trkpt lat="30.634937" lon="104.152534">
        <time>2026-05-06T12:39:30Z</time>
      </trkpt>
      <trkpt lat="30.634918" lon="104.15258">
        <time>2026-05-06T12:39:31Z</time>
      </trkpt>
      <trkpt lat="30.6349" lon="104.152626">
        <time>2026-05-06T12:39:32Z</time>
      </trkpt>
      <trkpt lat="30.634878" lon="104.15267">
        <time>2026-05-06T12:39:33Z</time>
      </trkpt>
      <trkpt lat="30.63486" lon="104.15272">
        <time>2026-05-06T12:39:34Z</time>
      </trkpt>
      <trkpt lat="30.634836" lon="104.15277">
        <time>2026-05-06T12:39:35Z</time>
      </trkpt>
      <trkpt lat="30.634811" lon="104.15282">
        <time>2026-05-06T12:39:36Z</time>
      </trkpt>
      <trkpt lat="30.634789" lon="104.15286">
        <time>2026-05-06T12:39:37Z</time>
      </trkpt>
      <trkpt lat="30.634762" lon="104.15291">
        <time>2026-05-06T12:39:38Z</time>
      </trkpt>
      <trkpt lat="30.634737" lon="104.15297">
        <time>2026-05-06T12:39:39Z</time>
      </trkpt>
      <trkpt lat="30.634714" lon="104.15303">
        <time>2026-05-06T12:39:40Z</time>
      </trkpt>
      <trkpt lat="30.634693" lon="104.15308">
        <time>2026-05-06T12:39:41Z</time>
      </trkpt>
      <trkpt lat="30.634666" lon="104.153145">
        <time>2026-05-06T12:39:42Z</time>
      </trkpt>
      <trkpt lat="30.634638" lon="104.15321">
        <time>2026-05-06T12:39:43Z</time>
      </trkpt>
      <trkpt lat="30.634615" lon="104.153275">
        <time>2026-05-06T12:39:44Z</time>
      </trkpt>
      <trkpt lat="30.634592" lon="104.15334">
        <time>2026-05-06T12:39:45Z</time>
      </trkpt>
      <trkpt lat="30.63457" lon="104.153404">
        <time>2026-05-06T12:39:46Z</time>
      </trkpt>
      <trkpt lat="30.634548" lon="104.15347">
        <time>2026-05-06T12:39:47Z</time>
      </trkpt>
      <trkpt lat="30.634523" lon="104.153534">
        <time>2026-05-06T12:39:48Z</time>
      </trkpt>
      <trkpt lat="30.63449" lon="104.1536">
        <time>2026-05-06T12:39:49Z</time>
      </trkpt>
      <trkpt lat="30.634464" lon="104.15366">
        <time>2026-05-06T12:39:50Z</time>
      </trkpt>
      <trkpt lat="30.634438" lon="104.15373">
        <time>2026-05-06T12:39:51Z</time>
      </trkpt>
      <trkpt lat="30.634405" lon="104.1538">
        <time>2026-05-06T12:39:52Z</time>
      </trkpt>
      <trkpt lat="30.634377" lon="104.15387">
        <time>2026-05-06T12:39:53Z</time>
      </trkpt>
      <trkpt lat="30.634346" lon="104.153946">
        <time>2026-05-06T12:39:54Z</time>
      </trkpt>
      <trkpt lat="30.634317" lon="104.15402">
        <time>2026-05-06T12:39:55Z</time>
      </trkpt>
      <trkpt lat="30.634287" lon="104.154106">
        <time>2026-05-06T12:39:56Z</time>
      </trkpt>
      <trkpt lat="30.634256" lon="104.15419">
        <time>2026-05-06T12:39:57Z</time>
      </trkpt>
      <trkpt lat="30.634228" lon="104.154274">
        <time>2026-05-06T12:39:58Z</time>
      </trkpt>
      <trkpt lat="30.634205" lon="104.15435">
        <time>2026-05-06T12:39:59Z</time>
      </trkpt>
      <trkpt lat="30.634176" lon="104.154434">
        <time>2026-05-06T12:40:00Z</time>
      </trkpt>
      <trkpt lat="30.634146" lon="104.15452">
        <time>2026-05-06T12:40:01Z</time>
      </trkpt>
      <trkpt lat="30.634113" lon="104.1546">
        <time>2026-05-06T12:40:02Z</time>
      </trkpt>
      <trkpt lat="30.63408" lon="104.154686">
        <time>2026-05-06T12:40:03Z</time>
      </trkpt>
      <trkpt lat="30.634052" lon="104.15477">
        <time>2026-05-06T12:40:04Z</time>
      </trkpt>
      <trkpt lat="30.634018" lon="104.154854">
        <time>2026-05-06T12:40:05Z</time>
      </trkpt>
      <trkpt lat="30.633986" lon="104.15494">
        <time>2026-05-06T12:40:06Z</time>
      </trkpt>
      <trkpt lat="30.63395" lon="104.15502">
        <time>2026-05-06T12:40:07Z</time>
      </trkpt>
      <trkpt lat="30.633917" lon="104.15511">
        <time>2026-05-06T12:40:08Z</time>
      </trkpt>
      <trkpt lat="30.633884" lon="104.15521">
        <time>2026-05-06T12:40:09Z</time>
      </trkpt>
      <trkpt lat="30.633852" lon="104.155304">
        <time>2026-05-06T12:40:10Z</time>
      </trkpt>
      <trkpt lat="30.633816" lon="104.1554">
        <time>2026-05-06T12:40:11Z</time>
      </trkpt>
      <trkpt lat="30.633778" lon="104.1555">
        <time>2026-05-06T12:40:12Z</time>
      </trkpt>
      <trkpt lat="30.633738" lon="104.1556">
        <time>2026-05-06T12:40:13Z</time>
      </trkpt>
      <trkpt lat="30.633698" lon="104.1557">
        <time>2026-05-06T12:40:14Z</time>
      </trkpt>
      <trkpt lat="30.633657" lon="104.1558">
        <time>2026-05-06T12:40:15Z</time>
      </trkpt>
      <trkpt lat="30.63362" lon="104.15591">
        <time>2026-05-06T12:40:16Z</time>
      </trkpt>
      <trkpt lat="30.633577" lon="104.156006">
        <time>2026-05-06T12:40:17Z</time>
      </trkpt>
      <trkpt lat="30.633535" lon="104.15611">
        <time>2026-05-06T12:40:18Z</time>
      </trkpt>
      <trkpt lat="30.633492" lon="104.15622">
        <time>2026-05-06T12:40:19Z</time>
      </trkpt>
      <trkpt lat="30.633448" lon="104.15632">
        <time>2026-05-06T12:40:20Z</time>
      </trkpt>
      <trkpt lat="30.633408" lon="104.156425">
        <time>2026-05-06T12:40:21Z</time>
      </trkpt>
      <trkpt lat="30.633366" lon="104.15653">
        <time>2026-05-06T12:40:22Z</time>
      </trkpt>
      <trkpt lat="30.63332" lon="104.15663">
        <time>2026-05-06T12:40:23Z</time>
      </trkpt>
      <trkpt lat="30.633274" lon="104.15674">
        <time>2026-05-06T12:40:24Z</time>
      </trkpt>
      <trkpt lat="30.63323" lon="104.156845">
        <time>2026-05-06T12:40:25Z</time>
      </trkpt>
      <trkpt lat="30.633183" lon="104.15695">
        <time>2026-05-06T12:40:26Z</time>
      </trkpt>
      <trkpt lat="30.633135" lon="104.15706">
        <time>2026-05-06T12:40:27Z</time>
      </trkpt>
      <trkpt lat="30.63309" lon="104.157166">
        <time>2026-05-06T12:40:28Z</time>
      </trkpt>
      <trkpt lat="30.633038" lon="104.15727">
        <time>2026-05-06T12:40:29Z</time>
      </trkpt>
      <trkpt lat="30.632994" lon="104.15739">
        <time>2026-05-06T12:40:30Z</time>
      </trkpt>
      <trkpt lat="30.632952" lon="104.15749">
        <time>2026-05-06T12:40:31Z</time>
      </trkpt>
      <trkpt lat="30.632912" lon="104.15759">
        <time>2026-05-06T12:40:32Z</time>
      </trkpt>
      <trkpt lat="30.632872" lon="104.1577">
        <time>2026-05-06T12:40:33Z</time>
      </trkpt>
      <trkpt lat="30.632835" lon="104.1578">
        <time>2026-05-06T12:40:34Z</time>
      </trkpt>
      <trkpt lat="30.632803" lon="104.1579">
        <time>2026-05-06T12:40:35Z</time>
      </trkpt>
      <trkpt lat="30.632772" lon="104.158">
        <time>2026-05-06T12:40:36Z</time>
      </trkpt>
      <trkpt lat="30.63274" lon="104.15809">
        <time>2026-05-06T12:40:37Z</time>
      </trkpt>
      <trkpt lat="30.632708" lon="104.15819">
        <time>2026-05-06T12:40:38Z</time>
      </trkpt>
      <trkpt lat="30.632666" lon="104.158295">
        <time>2026-05-06T12:40:39Z</time>
      </trkpt>
      <trkpt lat="30.632624" lon="104.158394">
        <time>2026-05-06T12:40:40Z</time>
      </trkpt>
      <trkpt lat="30.632582" lon="104.15849">
        <time>2026-05-06T12:40:41Z</time>
      </trkpt>
      <trkpt lat="30.632536" lon="104.158585">
        <time>2026-05-06T12:40:42Z</time>
      </trkpt>
      <trkpt lat="30.63249" lon="104.15868">
        <time>2026-05-06T12:40:43Z</time>
      </trkpt>
      <trkpt lat="30.63244" lon="104.15878">
        <time>2026-05-06T12:40:44Z</time>
      </trkpt>
      <trkpt lat="30.63239" lon="104.15888">
        <time>2026-05-06T12:40:45Z</time>
      </trkpt>
      <trkpt lat="30.63234" lon="104.15898">
        <time>2026-05-06T12:40:46Z</time>
      </trkpt>
      <trkpt lat="30.632292" lon="104.15907">
        <time>2026-05-06T12:40:47Z</time>
      </trkpt>
      <trkpt lat="30.632244" lon="104.159164">
        <time>2026-05-06T12:40:48Z</time>
      </trkpt>
      <trkpt lat="30.632202" lon="104.159256">
        <time>2026-05-06T12:40:49Z</time>
      </trkpt>
      <trkpt lat="30.63216" lon="104.15935">
        <time>2026-05-06T12:40:50Z</time>
      </trkpt>
      <trkpt lat="30.63212" lon="104.15944">
        <time>2026-05-06T12:40:51Z</time>
      </trkpt>
      <trkpt lat="30.63208" lon="104.15952">
        <time>2026-05-06T12:40:52Z</time>
      </trkpt>
      <trkpt lat="30.63204" lon="104.159615">
        <time>2026-05-06T12:40:53Z</time>
      </trkpt>
      <trkpt lat="30.632" lon="104.1597">
        <time>2026-05-06T12:40:54Z</time>
      </trkpt>
      <trkpt lat="30.631956" lon="104.15978">
        <time>2026-05-06T12:40:55Z</time>
      </trkpt>
      <trkpt lat="30.631914" lon="104.15987">
        <time>2026-05-06T12:40:56Z</time>
      </trkpt>
      <trkpt lat="30.631874" lon="104.15995">
        <time>2026-05-06T12:40:57Z</time>
      </trkpt>
      <trkpt lat="30.631836" lon="104.16003">
        <time>2026-05-06T12:40:58Z</time>
      </trkpt>
      <trkpt lat="30.631796" lon="104.1601">
        <time>2026-05-06T12:40:59Z</time>
      </trkpt>
      <trkpt lat="30.631756" lon="104.16018">
        <time>2026-05-06T12:41:00Z</time>
      </trkpt>
      <trkpt lat="30.631716" lon="104.16026">
        <time>2026-05-06T12:41:01Z</time>
      </trkpt>
      <trkpt lat="30.631676" lon="104.16034">
        <time>2026-05-06T12:41:02Z</time>
      </trkpt>
      <trkpt lat="30.63164" lon="104.160416">
        <time>2026-05-06T12:41:03Z</time>
      </trkpt>
      <trkpt lat="30.631603" lon="104.16049">
        <time>2026-05-06T12:41:04Z</time>
      </trkpt>
      <trkpt lat="30.631567" lon="104.16057">
        <time>2026-05-06T12:41:05Z</time>
      </trkpt>
      <trkpt lat="30.63153" lon="104.16064">
        <time>2026-05-06T12:41:06Z</time>
      </trkpt>
      <trkpt lat="30.631485" lon="104.160706">
        <time>2026-05-06T12:41:07Z</time>
      </trkpt>
      <trkpt lat="30.631445" lon="104.160774">
        <time>2026-05-06T12:41:08Z</time>
      </trkpt>
      <trkpt lat="30.631407" lon="104.16084">
        <time>2026-05-06T12:41:09Z</time>
      </trkpt>
      <trkpt lat="30.631372" lon="104.16092">
        <time>2026-05-06T12:41:10Z</time>
      </trkpt>
      <trkpt lat="30.63134" lon="104.16099">
        <time>2026-05-06T12:41:11Z</time>
      </trkpt>
      <trkpt lat="30.631308" lon="104.16106">
        <time>2026-05-06T12:41:12Z</time>
      </trkpt>
      <trkpt lat="30.631275" lon="104.16113">
        <time>2026-05-06T12:41:13Z</time>
      </trkpt>
      <trkpt lat="30.63124" lon="104.1612">
        <time>2026-05-06T12:41:14Z</time>
      </trkpt>
      <trkpt lat="30.63121" lon="104.16127">
        <time>2026-05-06T12:41:15Z</time>
      </trkpt>
      <trkpt lat="30.631178" lon="104.16134">
        <time>2026-05-06T12:41:16Z</time>
      </trkpt>
      <trkpt lat="30.631144" lon="104.1614">
        <time>2026-05-06T12:41:17Z</time>
      </trkpt>
      <trkpt lat="30.631107" lon="104.16147">
        <time>2026-05-06T12:41:18Z</time>
      </trkpt>
      <trkpt lat="30.63107" lon="104.16153">
        <time>2026-05-06T12:41:19Z</time>
      </trkpt>
      <trkpt lat="30.63103" lon="104.16158">
        <time>2026-05-06T12:41:20Z</time>
      </trkpt>
      <trkpt lat="30.630991" lon="104.16165">
        <time>2026-05-06T12:41:21Z</time>
      </trkpt>
      <trkpt lat="30.630953" lon="104.16171">
        <time>2026-05-06T12:41:22Z</time>
      </trkpt>
      <trkpt lat="30.630915" lon="104.16177">
        <time>2026-05-06T12:41:23Z</time>
      </trkpt>
      <trkpt lat="30.63088" lon="104.161835">
        <time>2026-05-06T12:41:24Z</time>
      </trkpt>
      <trkpt lat="30.630844" lon="104.1619">
        <time>2026-05-06T12:41:25Z</time>
      </trkpt>
      <trkpt lat="30.630806" lon="104.16197">
        <time>2026-05-06T12:41:26Z</time>
      </trkpt>
      <trkpt lat="30.630774" lon="104.16203">
        <time>2026-05-06T12:41:27Z</time>
      </trkpt>
      <trkpt lat="30.630737" lon="104.1621">
        <time>2026-05-06T12:41:28Z</time>
      </trkpt>
      <trkpt lat="30.630703" lon="104.16216">
        <time>2026-05-06T12:41:29Z</time>
      </trkpt>
      <trkpt lat="30.630665" lon="104.16223">
        <time>2026-05-06T12:41:30Z</time>
      </trkpt>
      <trkpt lat="30.630629" lon="104.1623">
        <time>2026-05-06T12:41:31Z</time>
      </trkpt>
      <trkpt lat="30.630587" lon="104.16236">
        <time>2026-05-06T12:41:32Z</time>
      </trkpt>
      <trkpt lat="30.63054" lon="104.16243">
        <time>2026-05-06T12:41:33Z</time>
      </trkpt>
      <trkpt lat="30.630499" lon="104.16249">
        <time>2026-05-06T12:41:34Z</time>
      </trkpt>
      <trkpt lat="30.630455" lon="104.16255">
        <time>2026-05-06T12:41:35Z</time>
      </trkpt>
      <trkpt lat="30.630413" lon="104.16261">
        <time>2026-05-06T12:41:36Z</time>
      </trkpt>
      <trkpt lat="30.630373" lon="104.162674">
        <time>2026-05-06T12:41:37Z</time>
      </trkpt>
      <trkpt lat="30.63033" lon="104.162735">
        <time>2026-05-06T12:41:38Z</time>
      </trkpt>
      <trkpt lat="30.630293" lon="104.1628">
        <time>2026-05-06T12:41:39Z</time>
      </trkpt>
      <trkpt lat="30.63026" lon="104.162865">
        <time>2026-05-06T12:41:40Z</time>
      </trkpt>
      <trkpt lat="30.630224" lon="104.16293">
        <time>2026-05-06T12:41:41Z</time>
      </trkpt>
      <trkpt lat="30.630192" lon="104.163">
        <time>2026-05-06T12:41:42Z</time>
      </trkpt>
      <trkpt lat="30.63016" lon="104.16307">
        <time>2026-05-06T12:41:43Z</time>
      </trkpt>
      <trkpt lat="30.630133" lon="104.16315">
        <time>2026-05-06T12:41:44Z</time>
      </trkpt>
      <trkpt lat="30.630106" lon="104.163216">
        <time>2026-05-06T12:41:45Z</time>
      </trkpt>
      <trkpt lat="30.630083" lon="104.16329">
        <time>2026-05-06T12:41:46Z</time>
      </trkpt>
      <trkpt lat="30.630058" lon="104.16337">
        <time>2026-05-06T12:41:47Z</time>
      </trkpt>
      <trkpt lat="30.630037" lon="104.16344">
        <time>2026-05-06T12:41:48Z</time>
      </trkpt>
      <trkpt lat="30.630013" lon="104.16351">
        <time>2026-05-06T12:41:49Z</time>
      </trkpt>
      <trkpt lat="30.629984" lon="104.16358">
        <time>2026-05-06T12:41:50Z</time>
      </trkpt>
      <trkpt lat="30.629948" lon="104.16365">
        <time>2026-05-06T12:41:51Z</time>
      </trkpt>
      <trkpt lat="30.629917" lon="104.16373">
        <time>2026-05-06T12:41:52Z</time>
      </trkpt>
      <trkpt lat="30.629883" lon="104.163795">
        <time>2026-05-06T12:41:53Z</time>
      </trkpt>
      <trkpt lat="30.629852" lon="104.16386">
        <time>2026-05-06T12:41:54Z</time>
      </trkpt>
      <trkpt lat="30.62982" lon="104.16392">
        <time>2026-05-06T12:41:55Z</time>
      </trkpt>
      <trkpt lat="30.629791" lon="104.16398">
        <time>2026-05-06T12:41:56Z</time>
      </trkpt>
      <trkpt lat="30.62976" lon="104.16405">
        <time>2026-05-06T12:41:57Z</time>
      </trkpt>
      <trkpt lat="30.629732" lon="104.16411">
        <time>2026-05-06T12:41:58Z</time>
      </trkpt>
      <trkpt lat="30.629704" lon="104.16416">
        <time>2026-05-06T12:41:59Z</time>
      </trkpt>
      <trkpt lat="30.629677" lon="104.16422">
        <time>2026-05-06T12:42:00Z</time>
      </trkpt>
      <trkpt lat="30.62965" lon="104.16428">
        <time>2026-05-06T12:42:01Z</time>
      </trkpt>
      <trkpt lat="30.629616" lon="104.16434">
        <time>2026-05-06T12:42:02Z</time>
      </trkpt>
      <trkpt lat="30.629587" lon="104.1644">
        <time>2026-05-06T12:42:03Z</time>
      </trkpt>
      <trkpt lat="30.629557" lon="104.16446">
        <time>2026-05-06T12:42:04Z</time>
      </trkpt>
      <trkpt lat="30.629526" lon="104.16451">
        <time>2026-05-06T12:42:05Z</time>
      </trkpt>
      <trkpt lat="30.629498" lon="104.16457">
        <time>2026-05-06T12:42:06Z</time>
      </trkpt>
      <trkpt lat="30.62947" lon="104.16463">
        <time>2026-05-06T12:42:07Z</time>
      </trkpt>
      <trkpt lat="30.629442" lon="104.16469">
        <time>2026-05-06T12:42:08Z</time>
      </trkpt>
      <trkpt lat="30.629412" lon="104.16475">
        <time>2026-05-06T12:42:09Z</time>
      </trkpt>
      <trkpt lat="30.629383" lon="104.16481">
        <time>2026-05-06T12:42:10Z</time>
      </trkpt>
      <trkpt lat="30.629354" lon="104.16487">
        <time>2026-05-06T12:42:11Z</time>
      </trkpt>
      <trkpt lat="30.629326" lon="104.164925">
        <time>2026-05-06T12:42:12Z</time>
      </trkpt>
      <trkpt lat="30.629295" lon="104.164986">
        <time>2026-05-06T12:42:13Z</time>
      </trkpt>
      <trkpt lat="30.629265" lon="104.16505">
        <time>2026-05-06T12:42:14Z</time>
      </trkpt>
      <trkpt lat="30.629234" lon="104.16511">
        <time>2026-05-06T12:42:15Z</time>
      </trkpt>
      <trkpt lat="30.629208" lon="104.16517">
        <time>2026-05-06T12:42:16Z</time>
      </trkpt>
      <trkpt lat="30.629179" lon="104.16522">
        <time>2026-05-06T12:42:17Z</time>
      </trkpt>
      <trkpt lat="30.629148" lon="104.165276">
        <time>2026-05-06T12:42:18Z</time>
      </trkpt>
      <trkpt lat="30.629122" lon="104.16534">
        <time>2026-05-06T12:42:19Z</time>
      </trkpt>
      <trkpt lat="30.629091" lon="104.1654">
        <time>2026-05-06T12:42:20Z</time>
      </trkpt>
      <trkpt lat="30.62906" lon="104.16546">
        <time>2026-05-06T12:42:21Z</time>
      </trkpt>
      <trkpt lat="30.629034" lon="104.16551">
        <time>2026-05-06T12:42:22Z</time>
      </trkpt>
      <trkpt lat="30.629005" lon="104.165565">
        <time>2026-05-06T12:42:23Z</time>
      </trkpt>
      <trkpt lat="30.62898" lon="104.1656">
        <time>2026-05-06T12:42:24Z</time>
      </trkpt>
      <trkpt lat="30.628956" lon="104.16565">
        <time>2026-05-06T12:42:25Z</time>
      </trkpt>
      <trkpt lat="30.628927" lon="104.16569">
        <time>2026-05-06T12:42:26Z</time>
      </trkpt>
      <trkpt lat="30.6289" lon="104.16573">
        <time>2026-05-06T12:42:27Z</time>
      </trkpt>
      <trkpt lat="30.628872" lon="104.16577">
        <time>2026-05-06T12:42:28Z</time>
      </trkpt>
      <trkpt lat="30.628845" lon="104.16582">
        <time>2026-05-06T12:42:29Z</time>
      </trkpt>
      <trkpt lat="30.628817" lon="104.16585">
        <time>2026-05-06T12:42:30Z</time>
      </trkpt>
      <trkpt lat="30.62879" lon="104.165886">
        <time>2026-05-06T12:42:31Z</time>
      </trkpt>
      <trkpt lat="30.62877" lon="104.165924">
        <time>2026-05-06T12:42:32Z</time>
      </trkpt>
      <trkpt lat="30.62873" lon="104.16598">
        <time>2026-05-06T12:42:33Z</time>
      </trkpt>
      <trkpt lat="30.628698" lon="104.16602">
        <time>2026-05-06T12:42:34Z</time>
      </trkpt>
      <trkpt lat="30.628664" lon="104.16608">
        <time>2026-05-06T12:42:35Z</time>
      </trkpt>
      <trkpt lat="30.62863" lon="104.16612">
        <time>2026-05-06T12:42:36Z</time>
      </trkpt>
      <trkpt lat="30.6286" lon="104.16617">
        <time>2026-05-06T12:42:37Z</time>
      </trkpt>
      <trkpt lat="30.628574" lon="104.16622">
        <time>2026-05-06T12:42:38Z</time>
      </trkpt>
      <trkpt lat="30.628542" lon="104.16629">
        <time>2026-05-06T12:42:39Z</time>
      </trkpt>
      <trkpt lat="30.628515" lon="104.16635">
        <time>2026-05-06T12:42:40Z</time>
      </trkpt>
      <trkpt lat="30.628487" lon="104.16641">
        <time>2026-05-06T12:42:41Z</time>
      </trkpt>
      <trkpt lat="30.628454" lon="104.16648">
        <time>2026-05-06T12:42:42Z</time>
      </trkpt>
      <trkpt lat="30.628428" lon="104.16654">
        <time>2026-05-06T12:42:43Z</time>
      </trkpt>
      <trkpt lat="30.628399" lon="104.16662">
        <time>2026-05-06T12:42:44Z</time>
      </trkpt>
      <trkpt lat="30.628372" lon="104.16668">
        <time>2026-05-06T12:42:45Z</time>
      </trkpt>
      <trkpt lat="30.628345" lon="104.16674">
        <time>2026-05-06T12:42:46Z</time>
      </trkpt>
      <trkpt lat="30.628305" lon="104.1668">
        <time>2026-05-06T12:42:47Z</time>
      </trkpt>
      <trkpt lat="30.628267" lon="104.16687">
        <time>2026-05-06T12:42:48Z</time>
      </trkpt>
      <trkpt lat="30.628235" lon="104.16695">
        <time>2026-05-06T12:42:49Z</time>
      </trkpt>
      <trkpt lat="30.628216" lon="104.167015">
        <time>2026-05-06T12:42:50Z</time>
      </trkpt>
      <trkpt lat="30.628191" lon="104.16708">
        <time>2026-05-06T12:42:51Z</time>
      </trkpt>
      <trkpt lat="30.628166" lon="104.16717">
        <time>2026-05-06T12:42:52Z</time>
      </trkpt>
      <trkpt lat="30.628141" lon="104.167244">
        <time>2026-05-06T12:42:53Z</time>
      </trkpt>
      <trkpt lat="30.628119" lon="104.16731">
        <time>2026-05-06T12:42:54Z</time>
      </trkpt>
      <trkpt lat="30.628096" lon="104.16737">
        <time>2026-05-06T12:42:55Z</time>
      </trkpt>
      <trkpt lat="30.628067" lon="104.167435">
        <time>2026-05-06T12:42:56Z</time>
      </trkpt>
      <trkpt lat="30.62804" lon="104.16749">
        <time>2026-05-06T12:42:57Z</time>
      </trkpt>
      <trkpt lat="30.628004" lon="104.16754">
        <time>2026-05-06T12:42:58Z</time>
      </trkpt>
      <trkpt lat="30.627968" lon="104.1676">
        <time>2026-05-06T12:42:59Z</time>
      </trkpt>
      <trkpt lat="30.627934" lon="104.167656">
        <time>2026-05-06T12:43:00Z</time>
      </trkpt>
      <trkpt lat="30.6279" lon="104.16772">
        <time>2026-05-06T12:43:01Z</time>
      </trkpt>
      <trkpt lat="30.627869" lon="104.16778">
        <time>2026-05-06T12:43:02Z</time>
      </trkpt>
      <trkpt lat="30.627838" lon="104.16784">
        <time>2026-05-06T12:43:03Z</time>
      </trkpt>
      <trkpt lat="30.627808" lon="104.1679">
        <time>2026-05-06T12:43:04Z</time>
      </trkpt>
      <trkpt lat="30.62777" lon="104.16796">
        <time>2026-05-06T12:43:05Z</time>
      </trkpt>
      <trkpt lat="30.627728" lon="104.16803">
        <time>2026-05-06T12:43:06Z</time>
      </trkpt>
      <trkpt lat="30.627691" lon="104.1681">
        <time>2026-05-06T12:43:07Z</time>
      </trkpt>
      <trkpt lat="30.627655" lon="104.16815">
        <time>2026-05-06T12:43:08Z</time>
      </trkpt>
      <trkpt lat="30.627628" lon="104.168205">
        <time>2026-05-06T12:43:09Z</time>
      </trkpt>
      <trkpt lat="30.627604" lon="104.16825">
        <time>2026-05-06T12:43:10Z</time>
      </trkpt>
      <trkpt lat="30.627575" lon="104.168304">
        <time>2026-05-06T12:43:11Z</time>
      </trkpt>
      <trkpt lat="30.62755" lon="104.168365">
        <time>2026-05-06T12:43:12Z</time>
      </trkpt>
      <trkpt lat="30.627527" lon="104.16842">
        <time>2026-05-06T12:43:13Z</time>
      </trkpt>
      <trkpt lat="30.627502" lon="104.16848">
        <time>2026-05-06T12:43:14Z</time>
      </trkpt>
      <trkpt lat="30.627476" lon="104.16853">
        <time>2026-05-06T12:43:15Z</time>
      </trkpt>
      <trkpt lat="30.627445" lon="104.16859">
        <time>2026-05-06T12:43:16Z</time>
      </trkpt>
      <trkpt lat="30.627415" lon="104.16864">
        <time>2026-05-06T12:43:17Z</time>
      </trkpt>
      <trkpt lat="30.627386" lon="104.16869">
        <time>2026-05-06T12:43:18Z</time>
      </trkpt>
      <trkpt lat="30.627357" lon="104.168755">
        <time>2026-05-06T12:43:19Z</time>
      </trkpt>
      <trkpt lat="30.627325" lon="104.16881">
        <time>2026-05-06T12:43:20Z</time>
      </trkpt>
      <trkpt lat="30.62729" lon="104.16887">
        <time>2026-05-06T12:43:21Z</time>
      </trkpt>
      <trkpt lat="30.627258" lon="104.16892">
        <time>2026-05-06T12:43:22Z</time>
      </trkpt>
      <trkpt lat="30.627226" lon="104.16898">
        <time>2026-05-06T12:43:23Z</time>
      </trkpt>
      <trkpt lat="30.627197" lon="104.169044">
        <time>2026-05-06T12:43:24Z</time>
      </trkpt>
      <trkpt lat="30.627167" lon="104.16911">
        <time>2026-05-06T12:43:25Z</time>
      </trkpt>
      <trkpt lat="30.627138" lon="104.16918">
        <time>2026-05-06T12:43:26Z</time>
      </trkpt>
      <trkpt lat="30.627108" lon="104.16924">
        <time>2026-05-06T12:43:27Z</time>
      </trkpt>
      <trkpt lat="30.627073" lon="104.169304">
        <time>2026-05-06T12:43:28Z</time>
      </trkpt>
      <trkpt lat="30.627037" lon="104.16937">
        <time>2026-05-06T12:43:29Z</time>
      </trkpt>
      <trkpt lat="30.627" lon="104.16943">
        <time>2026-05-06T12:43:30Z</time>
      </trkpt>
      <trkpt lat="30.626966" lon="104.169495">
        <time>2026-05-06T12:43:31Z</time>
      </trkpt>
      <trkpt lat="30.626934" lon="104.169556">
        <time>2026-05-06T12:43:32Z</time>
      </trkpt>
      <trkpt lat="30.6269" lon="104.16962">
        <time>2026-05-06T12:43:33Z</time>
      </trkpt>
      <trkpt lat="30.62687" lon="104.169685">
        <time>2026-05-06T12:43:34Z</time>
      </trkpt>
      <trkpt lat="30.626842" lon="104.16975">
        <time>2026-05-06T12:43:35Z</time>
      </trkpt>
      <trkpt lat="30.62681" lon="104.16981">
        <time>2026-05-06T12:43:36Z</time>
      </trkpt>
      <trkpt lat="30.626781" lon="104.16987">
        <time>2026-05-06T12:43:37Z</time>
      </trkpt>
      <trkpt lat="30.62675" lon="104.16993">
        <time>2026-05-06T12:43:38Z</time>
      </trkpt>
      <trkpt lat="30.626717" lon="104.16999">
        <time>2026-05-06T12:43:39Z</time>
      </trkpt>
      <trkpt lat="30.626678" lon="104.17005">
        <time>2026-05-06T12:43:40Z</time>
      </trkpt>
      <trkpt lat="30.626638" lon="104.170105">
        <time>2026-05-06T12:43:41Z</time>
      </trkpt>
      <trkpt lat="30.626602" lon="104.17017">
        <time>2026-05-06T12:43:42Z</time>
      </trkpt>
      <trkpt lat="30.62657" lon="104.170235">
        <time>2026-05-06T12:43:43Z</time>
      </trkpt>
      <trkpt lat="30.62654" lon="104.1703">
        <time>2026-05-06T12:43:44Z</time>
      </trkpt>
      <trkpt lat="30.626509" lon="104.17037">
        <time>2026-05-06T12:43:45Z</time>
      </trkpt>
      <trkpt lat="30.626476" lon="104.17043">
        <time>2026-05-06T12:43:46Z</time>
      </trkpt>
      <trkpt lat="30.62645" lon="104.17051">
        <time>2026-05-06T12:43:47Z</time>
      </trkpt>
      <trkpt lat="30.626429" lon="104.17058">
        <time>2026-05-06T12:43:48Z</time>
      </trkpt>
      <trkpt lat="30.626404" lon="104.17065">
        <time>2026-05-06T12:43:49Z</time>
      </trkpt>
      <trkpt lat="30.626377" lon="104.17072">
        <time>2026-05-06T12:43:50Z</time>
      </trkpt>
      <trkpt lat="30.626347" lon="104.17079">
        <time>2026-05-06T12:43:51Z</time>
      </trkpt>
      <trkpt lat="30.626318" lon="104.17086">
        <time>2026-05-06T12:43:52Z</time>
      </trkpt>
      <trkpt lat="30.62629" lon="104.17094">
        <time>2026-05-06T12:43:53Z</time>
      </trkpt>
      <trkpt lat="30.626265" lon="104.171005">
        <time>2026-05-06T12:43:54Z</time>
      </trkpt>
      <trkpt lat="30.626236" lon="104.17108">
        <time>2026-05-06T12:43:55Z</time>
      </trkpt>
      <trkpt lat="30.626211" lon="104.17115">
        <time>2026-05-06T12:43:56Z</time>
      </trkpt>
      <trkpt lat="30.626188" lon="104.17123">
        <time>2026-05-06T12:43:57Z</time>
      </trkpt>
      <trkpt lat="30.626167" lon="104.1713">
        <time>2026-05-06T12:43:58Z</time>
      </trkpt>
      <trkpt lat="30.626143" lon="104.17138">
        <time>2026-05-06T12:43:59Z</time>
      </trkpt>
      <trkpt lat="30.626123" lon="104.171455">
        <time>2026-05-06T12:44:00Z</time>
      </trkpt>
      <trkpt lat="30.6261" lon="104.17153">
        <time>2026-05-06T12:44:01Z</time>
      </trkpt>
      <trkpt lat="30.626076" lon="104.17161">
        <time>2026-05-06T12:44:02Z</time>
      </trkpt>
      <trkpt lat="30.626053" lon="104.17169">
        <time>2026-05-06T12:44:03Z</time>
      </trkpt>
      <trkpt lat="30.626032" lon="104.17177">
        <time>2026-05-06T12:44:04Z</time>
      </trkpt>
      <trkpt lat="30.626009" lon="104.171844">
        <time>2026-05-06T12:44:05Z</time>
      </trkpt>
      <trkpt lat="30.625984" lon="104.17192">
        <time>2026-05-06T12:44:06Z</time>
      </trkpt>
      <trkpt lat="30.625957" lon="104.172005">
        <time>2026-05-06T12:44:07Z</time>
      </trkpt>
      <trkpt lat="30.62593" lon="104.17208">
        <time>2026-05-06T12:44:08Z</time>
      </trkpt>
      <trkpt lat="30.625906" lon="104.17216">
        <time>2026-05-06T12:44:09Z</time>
      </trkpt>
      <trkpt lat="30.625881" lon="104.17223">
        <time>2026-05-06T12:44:10Z</time>
      </trkpt>
      <trkpt lat="30.625853" lon="104.17232">
        <time>2026-05-06T12:44:11Z</time>
      </trkpt>
      <trkpt lat="30.625826" lon="104.17239">
        <time>2026-05-06T12:44:12Z</time>
      </trkpt>
      <trkpt lat="30.625797" lon="104.17247">
        <time>2026-05-06T12:44:13Z</time>
      </trkpt>
      <trkpt lat="30.625765" lon="104.17255">
        <time>2026-05-06T12:44:14Z</time>
      </trkpt>
      <trkpt lat="30.625736" lon="104.17263">
        <time>2026-05-06T12:44:15Z</time>
      </trkpt>
      <trkpt lat="30.625708" lon="104.17271">
        <time>2026-05-06T12:44:16Z</time>
      </trkpt>
      <trkpt lat="30.625679" lon="104.17278">
        <time>2026-05-06T12:44:17Z</time>
      </trkpt>
      <trkpt lat="30.625648" lon="104.17287">
        <time>2026-05-06T12:44:18Z</time>
      </trkpt>
      <trkpt lat="30.625618" lon="104.17294">
        <time>2026-05-06T12:44:19Z</time>
      </trkpt>
      <trkpt lat="30.62559" lon="104.17303">
        <time>2026-05-06T12:44:20Z</time>
      </trkpt>
      <trkpt lat="30.62556" lon="104.17311">
        <time>2026-05-06T12:44:21Z</time>
      </trkpt>
      <trkpt lat="30.625532" lon="104.17319">
        <time>2026-05-06T12:44:22Z</time>
      </trkpt>
      <trkpt lat="30.625504" lon="104.17327">
        <time>2026-05-06T12:44:23Z</time>
      </trkpt>
      <trkpt lat="30.625475" lon="104.17335">
        <time>2026-05-06T12:44:24Z</time>
      </trkpt>
      <trkpt lat="30.625444" lon="104.17343">
        <time>2026-05-06T12:44:25Z</time>
      </trkpt>
      <trkpt lat="30.625416" lon="104.17351">
        <time>2026-05-06T12:44:26Z</time>
      </trkpt>
      <trkpt lat="30.625387" lon="104.173584">
        <time>2026-05-06T12:44:27Z</time>
      </trkpt>
      <trkpt lat="30.625359" lon="104.17366">
        <time>2026-05-06T12:44:28Z</time>
      </trkpt>
      <trkpt lat="30.625328" lon="104.173744">
        <time>2026-05-06T12:44:29Z</time>
      </trkpt>
      <trkpt lat="30.6253" lon="104.17382">
        <time>2026-05-06T12:44:30Z</time>
      </trkpt>
      <trkpt lat="30.62527" lon="104.1739">
        <time>2026-05-06T12:44:31Z</time>
      </trkpt>
      <trkpt lat="30.625238" lon="104.17398">
        <time>2026-05-06T12:44:32Z</time>
      </trkpt>
      <trkpt lat="30.625206" lon="104.17406">
        <time>2026-05-06T12:44:33Z</time>
      </trkpt>
      <trkpt lat="30.625174" lon="104.17414">
        <time>2026-05-06T12:44:34Z</time>
      </trkpt>
      <trkpt lat="30.625145" lon="104.174225">
        <time>2026-05-06T12:44:35Z</time>
      </trkpt>
      <trkpt lat="30.625114" lon="104.17432">
        <time>2026-05-06T12:44:36Z</time>
      </trkpt>
      <trkpt lat="30.625086" lon="104.1744">
        <time>2026-05-06T12:44:37Z</time>
      </trkpt>
      <trkpt lat="30.62506" lon="104.174484">
        <time>2026-05-06T12:44:38Z</time>
      </trkpt>
      <trkpt lat="30.625025" lon="104.17456">
        <time>2026-05-06T12:44:39Z</time>
      </trkpt>
      <trkpt lat="30.624989" lon="104.174644">
        <time>2026-05-06T12:44:40Z</time>
      </trkpt>
      <trkpt lat="30.624954" lon="104.17473">
        <time>2026-05-06T12:44:41Z</time>
      </trkpt>
      <trkpt lat="30.624924" lon="104.17481">
        <time>2026-05-06T12:44:42Z</time>
      </trkpt>
      <trkpt lat="30.624895" lon="104.1749">
        <time>2026-05-06T12:44:43Z</time>
      </trkpt>
      <trkpt lat="30.624868" lon="104.17499">
        <time>2026-05-06T12:44:44Z</time>
      </trkpt>
      <trkpt lat="30.624842" lon="104.17507">
        <time>2026-05-06T12:44:45Z</time>
      </trkpt>
      <trkpt lat="30.624811" lon="104.175156">
        <time>2026-05-06T12:44:46Z</time>
      </trkpt>
      <trkpt lat="30.624783" lon="104.17524">
        <time>2026-05-06T12:44:47Z</time>
      </trkpt>
      <trkpt lat="30.62475" lon="104.17532">
        <time>2026-05-06T12:44:48Z</time>
      </trkpt>
      <trkpt lat="30.624716" lon="104.175415">
        <time>2026-05-06T12:44:49Z</time>
      </trkpt>
      <trkpt lat="30.624685" lon="104.1755">
        <time>2026-05-06T12:44:50Z</time>
      </trkpt>
      <trkpt lat="30.624655" lon="104.17559">
        <time>2026-05-06T12:44:51Z</time>
      </trkpt>
      <trkpt lat="30.624624" lon="104.175674">
        <time>2026-05-06T12:44:52Z</time>
      </trkpt>
      <trkpt lat="30.624592" lon="104.175766">
        <time>2026-05-06T12:44:53Z</time>
      </trkpt>
      <trkpt lat="30.624557" lon="104.17585">
        <time>2026-05-06T12:44:54Z</time>
      </trkpt>
      <trkpt lat="30.624527" lon="104.17594">
        <time>2026-05-06T12:44:55Z</time>
      </trkpt>
      <trkpt lat="30.624495" lon="104.176025">
        <time>2026-05-06T12:44:56Z</time>
      </trkpt>
      <trkpt lat="30.624466" lon="104.17612">
        <time>2026-05-06T12:44:57Z</time>
      </trkpt>
      <trkpt lat="30.624437" lon="104.17621">
        <time>2026-05-06T12:44:58Z</time>
      </trkpt>
      <trkpt lat="30.624405" lon="104.17629">
        <time>2026-05-06T12:44:59Z</time>
      </trkpt>
      <trkpt lat="30.624372" lon="104.176384">
        <time>2026-05-06T12:45:00Z</time>
      </trkpt>
      <trkpt lat="30.624338" lon="104.176476">
        <time>2026-05-06T12:45:01Z</time>
      </trkpt>
      <trkpt lat="30.624308" lon="104.17656">
        <time>2026-05-06T12:45:02Z</time>
      </trkpt>
      <trkpt lat="30.624277" lon="104.17665">
        <time>2026-05-06T12:45:03Z</time>
      </trkpt>
      <trkpt lat="30.624245" lon="104.17674">
        <time>2026-05-06T12:45:04Z</time>
      </trkpt>
      <trkpt lat="30.624212" lon="104.176834">
        <time>2026-05-06T12:45:05Z</time>
      </trkpt>
      <trkpt lat="30.624182" lon="104.176926">
        <time>2026-05-06T12:45:06Z</time>
      </trkpt>
      <trkpt lat="30.62415" lon="104.17702">
        <time>2026-05-06T12:45:07Z</time>
      </trkpt>
      <trkpt lat="30.624119" lon="104.17711">
        <time>2026-05-06T12:45:08Z</time>
      </trkpt>
      <trkpt lat="30.624084" lon="104.1772">
        <time>2026-05-06T12:45:09Z</time>
      </trkpt>
      <trkpt lat="30.624052" lon="104.17729">
        <time>2026-05-06T12:45:10Z</time>
      </trkpt>
      <trkpt lat="30.624018" lon="104.177376">
        <time>2026-05-06T12:45:11Z</time>
      </trkpt>
      <trkpt lat="30.623987" lon="104.17747">
        <time>2026-05-06T12:45:12Z</time>
      </trkpt>
      <trkpt lat="30.623955" lon="104.17755">
        <time>2026-05-06T12:45:13Z</time>
      </trkpt>
      <trkpt lat="30.623924" lon="104.17764">
        <time>2026-05-06T12:45:14Z</time>
      </trkpt>
      <trkpt lat="30.623892" lon="104.17773">
        <time>2026-05-06T12:45:15Z</time>
      </trkpt>
      <trkpt lat="30.62386" lon="104.17781">
        <time>2026-05-06T12:45:16Z</time>
      </trkpt>
      <trkpt lat="30.62383" lon="104.177895">
        <time>2026-05-06T12:45:17Z</time>
      </trkpt>
      <trkpt lat="30.623802" lon="104.177986">
        <time>2026-05-06T12:45:18Z</time>
      </trkpt>
      <trkpt lat="30.62377" lon="104.17806">
        <time>2026-05-06T12:45:19Z</time>
      </trkpt>
      <trkpt lat="30.62374" lon="104.17815">
        <time>2026-05-06T12:45:20Z</time>
      </trkpt>
      <trkpt lat="30.62371" lon="104.17822">
        <time>2026-05-06T12:45:21Z</time>
      </trkpt>
      <trkpt lat="30.623682" lon="104.1783">
        <time>2026-05-06T12:45:22Z</time>
      </trkpt>
      <trkpt lat="30.623653" lon="104.178375">
        <time>2026-05-06T12:45:23Z</time>
      </trkpt>
      <trkpt lat="30.623627" lon="104.17845">
        <time>2026-05-06T12:45:24Z</time>
      </trkpt>
      <trkpt lat="30.6236" lon="104.17852">
        <time>2026-05-06T12:45:25Z</time>
      </trkpt>
      <trkpt lat="30.623575" lon="104.1786">
        <time>2026-05-06T12:45:26Z</time>
      </trkpt>
      <trkpt lat="30.623552" lon="104.178665">
        <time>2026-05-06T12:45:27Z</time>
      </trkpt>
      <trkpt lat="30.623528" lon="104.17874">
        <time>2026-05-06T12:45:28Z</time>
      </trkpt>
      <trkpt lat="30.623503" lon="104.17882">
        <time>2026-05-06T12:45:29Z</time>
      </trkpt>
      <trkpt lat="30.623478" lon="104.17889">
        <time>2026-05-06T12:45:30Z</time>
      </trkpt>
      <trkpt lat="30.623453" lon="104.17896">
        <time>2026-05-06T12:45:31Z</time>
      </trkpt>
      <trkpt lat="30.623428" lon="104.17903">
        <time>2026-05-06T12:45:32Z</time>
      </trkpt>
      <trkpt lat="30.623404" lon="104.17911">
        <time>2026-05-06T12:45:33Z</time>
      </trkpt>
      <trkpt lat="30.623379" lon="104.179184">
        <time>2026-05-06T12:45:34Z</time>
      </trkpt>
      <trkpt lat="30.623352" lon="104.17925">
        <time>2026-05-06T12:45:35Z</time>
      </trkpt>
      <trkpt lat="30.623325" lon="104.17932">
        <time>2026-05-06T12:45:36Z</time>
      </trkpt>
      <trkpt lat="30.623299" lon="104.17939">
        <time>2026-05-06T12:45:37Z</time>
      </trkpt>
      <trkpt lat="30.623272" lon="104.17947">
        <time>2026-05-06T12:45:38Z</time>
      </trkpt>
      <trkpt lat="30.62325" lon="104.179535">
        <time>2026-05-06T12:45:39Z</time>
      </trkpt>
      <trkpt lat="30.623224" lon="104.1796">
        <time>2026-05-06T12:45:40Z</time>
      </trkpt>
      <trkpt lat="30.6232" lon="104.17967">
        <time>2026-05-06T12:45:41Z</time>
      </trkpt>
      <trkpt lat="30.623177" lon="104.17974">
        <time>2026-05-06T12:45:42Z</time>
      </trkpt>
      <trkpt lat="30.623152" lon="104.17981">
        <time>2026-05-06T12:45:43Z</time>
      </trkpt>
      <trkpt lat="30.623129" lon="104.179886">
        <time>2026-05-06T12:45:44Z</time>
      </trkpt>
      <trkpt lat="30.623104" lon="104.179955">
        <time>2026-05-06T12:45:45Z</time>
      </trkpt>
      <trkpt lat="30.623077" lon="104.18002">
        <time>2026-05-06T12:45:46Z</time>
      </trkpt>
      <trkpt lat="30.623045" lon="104.180084">
        <time>2026-05-06T12:45:47Z</time>
      </trkpt>
      <trkpt lat="30.623013" lon="104.180145">
        <time>2026-05-06T12:45:48Z</time>
      </trkpt>
      <trkpt lat="30.622986" lon="104.180214">
        <time>2026-05-06T12:45:49Z</time>
      </trkpt>
      <trkpt lat="30.622961" lon="104.18028">
        <time>2026-05-06T12:45:50Z</time>
      </trkpt>
      <trkpt lat="30.622936" lon="104.18035">
        <time>2026-05-06T12:45:51Z</time>
      </trkpt>
      <trkpt lat="30.622913" lon="104.18042">
        <time>2026-05-06T12:45:52Z</time>
      </trkpt>
      <trkpt lat="30.62289" lon="104.18049">
        <time>2026-05-06T12:45:53Z</time>
      </trkpt>
      <trkpt lat="30.62287" lon="104.18056">
        <time>2026-05-06T12:45:54Z</time>
      </trkpt>
      <trkpt lat="30.622852" lon="104.180626">
        <time>2026-05-06T12:45:55Z</time>
      </trkpt>
      <trkpt lat="30.622835" lon="104.180695">
        <time>2026-05-06T12:45:56Z</time>
      </trkpt>
      <trkpt lat="30.622816" lon="104.18076">
        <time>2026-05-06T12:45:57Z</time>
      </trkpt>
      <trkpt lat="30.622793" lon="104.180824">
        <time>2026-05-06T12:45:58Z</time>
      </trkpt>
      <trkpt lat="30.62277" lon="104.18089">
        <time>2026-05-06T12:45:59Z</time>
      </trkpt>
      <trkpt lat="30.622747" lon="104.18096">
        <time>2026-05-06T12:46:00Z</time>
      </trkpt>
      <trkpt lat="30.62272" lon="104.18102">
        <time>2026-05-06T12:46:01Z</time>
      </trkpt>
      <trkpt lat="30.622698" lon="104.18109">
        <time>2026-05-06T12:46:02Z</time>
      </trkpt>
      <trkpt lat="30.622675" lon="104.18116">
        <time>2026-05-06T12:46:03Z</time>
      </trkpt>
      <trkpt lat="30.622652" lon="104.18122">
        <time>2026-05-06T12:46:04Z</time>
      </trkpt>
      <trkpt lat="30.62263" lon="104.18129">
        <time>2026-05-06T12:46:05Z</time>
      </trkpt>
      <trkpt lat="30.622604" lon="104.18136">
        <time>2026-05-06T12:46:06Z</time>
      </trkpt>
      <trkpt lat="30.62258" lon="104.18142">
        <time>2026-05-06T12:46:07Z</time>
      </trkpt>
      <trkpt lat="30.622557" lon="104.18149">
        <time>2026-05-06T12:46:08Z</time>
      </trkpt>
      <trkpt lat="30.622532" lon="104.18156">
        <time>2026-05-06T12:46:09Z</time>
      </trkpt>
      <trkpt lat="30.622509" lon="104.181625">
        <time>2026-05-06T12:46:10Z</time>
      </trkpt>
      <trkpt lat="30.622484" lon="104.18169">
        <time>2026-05-06T12:46:11Z</time>
      </trkpt>
      <trkpt lat="30.622461" lon="104.181755">
        <time>2026-05-06T12:46:12Z</time>
      </trkpt>
      <trkpt lat="30.622435" lon="104.181816">
        <time>2026-05-06T12:46:13Z</time>
      </trkpt>
      <trkpt lat="30.62241" lon="104.181885">
        <time>2026-05-06T12:46:14Z</time>
      </trkpt>
      <trkpt lat="30.622387" lon="104.18195">
        <time>2026-05-06T12:46:15Z</time>
      </trkpt>
      <trkpt lat="30.622366" lon="104.18202">
        <time>2026-05-06T12:46:16Z</time>
      </trkpt>
      <trkpt lat="30.622347" lon="104.18209">
        <time>2026-05-06T12:46:17Z</time>
      </trkpt>
      <trkpt lat="30.622326" lon="104.18215">
        <time>2026-05-06T12:46:18Z</time>
      </trkpt>
      <trkpt lat="30.622307" lon="104.18222">
        <time>2026-05-06T12:46:19Z</time>
      </trkpt>
      <trkpt lat="30.622286" lon="104.18229">
        <time>2026-05-06T12:46:20Z</time>
      </trkpt>
      <trkpt lat="30.622265" lon="104.18236">
        <time>2026-05-06T12:46:21Z</time>
      </trkpt>
      <trkpt lat="30.622246" lon="104.18243">
        <time>2026-05-06T12:46:22Z</time>
      </trkpt>
      <trkpt lat="30.622225" lon="104.182495">
        <time>2026-05-06T12:46:23Z</time>
      </trkpt>
      <trkpt lat="30.622206" lon="104.18257">
        <time>2026-05-06T12:46:24Z</time>
      </trkpt>
      <trkpt lat="30.622189" lon="104.18264">
        <time>2026-05-06T12:46:25Z</time>
      </trkpt>
      <trkpt lat="30.62217" lon="104.18272">
        <time>2026-05-06T12:46:26Z</time>
      </trkpt>
      <trkpt lat="30.62215" lon="104.18279">
        <time>2026-05-06T12:46:27Z</time>
      </trkpt>
      <trkpt lat="30.622131" lon="104.18287">
        <time>2026-05-06T12:46:28Z</time>
      </trkpt>
      <trkpt lat="30.622112" lon="104.182945">
        <time>2026-05-06T12:46:29Z</time>
      </trkpt>
      <trkpt lat="30.622093" lon="104.18302">
        <time>2026-05-06T12:46:30Z</time>
      </trkpt>
      <trkpt lat="30.622074" lon="104.183105">
        <time>2026-05-06T12:46:31Z</time>
      </trkpt>
      <trkpt lat="30.622053" lon="104.18318">
        <time>2026-05-06T12:46:32Z</time>
      </trkpt>
      <trkpt lat="30.622034" lon="104.18326">
        <time>2026-05-06T12:46:33Z</time>
      </trkpt>
      <trkpt lat="30.622013" lon="104.18334">
        <time>2026-05-06T12:46:34Z</time>
      </trkpt>
      <trkpt lat="30.621994" lon="104.18342">
        <time>2026-05-06T12:46:35Z</time>
      </trkpt>
      <trkpt lat="30.621973" lon="104.1835">
        <time>2026-05-06T12:46:36Z</time>
      </trkpt>
      <trkpt lat="30.62195" lon="104.183586">
        <time>2026-05-06T12:46:37Z</time>
      </trkpt>
      <trkpt lat="30.621931" lon="104.18366">
        <time>2026-05-06T12:46:38Z</time>
      </trkpt>
      <trkpt lat="30.621916" lon="104.18375">
        <time>2026-05-06T12:46:39Z</time>
      </trkpt>
      <trkpt lat="30.621899" lon="104.18383">
        <time>2026-05-06T12:46:40Z</time>
      </trkpt>
      <trkpt lat="30.621878" lon="104.183914">
        <time>2026-05-06T12:46:41Z</time>
      </trkpt>
      <trkpt lat="30.621859" lon="104.184">
        <time>2026-05-06T12:46:42Z</time>
      </trkpt>
      <trkpt lat="30.621836" lon="104.18408">
        <time>2026-05-06T12:46:43Z</time>
      </trkpt>
      <trkpt lat="30.621813" lon="104.184166">
        <time>2026-05-06T12:46:44Z</time>
      </trkpt>
      <trkpt lat="30.62179" lon="104.18425">
        <time>2026-05-06T12:46:45Z</time>
      </trkpt>
      <trkpt lat="30.621769" lon="104.18433">
        <time>2026-05-06T12:46:46Z</time>
      </trkpt>
      <trkpt lat="30.621744" lon="104.18442">
        <time>2026-05-06T12:46:47Z</time>
      </trkpt>
      <trkpt lat="30.621725" lon="104.1845">
        <time>2026-05-06T12:46:48Z</time>
      </trkpt>
      <trkpt lat="30.621704" lon="104.184586">
        <time>2026-05-06T12:46:49Z</time>
      </trkpt>
      <trkpt lat="30.621685" lon="104.18468">
        <time>2026-05-06T12:46:50Z</time>
      </trkpt>
      <trkpt lat="30.621664" lon="104.18476">
        <time>2026-05-06T12:46:51Z</time>
      </trkpt>
      <trkpt lat="30.621643" lon="104.184845">
        <time>2026-05-06T12:46:52Z</time>
      </trkpt>
      <trkpt lat="30.621622" lon="104.18493">
        <time>2026-05-06T12:46:53Z</time>
      </trkpt>
      <trkpt lat="30.6216" lon="104.18501">
        <time>2026-05-06T12:46:54Z</time>
      </trkpt>
      <trkpt lat="30.621576" lon="104.1851">
        <time>2026-05-06T12:46:55Z</time>
      </trkpt>
      <trkpt lat="30.62156" lon="104.18518">
        <time>2026-05-06T12:46:56Z</time>
      </trkpt>
      <trkpt lat="30.62154" lon="104.185265">
        <time>2026-05-06T12:46:57Z</time>
      </trkpt>
      <trkpt lat="30.621527" lon="104.18535">
        <time>2026-05-06T12:46:58Z</time>
      </trkpt>
      <trkpt lat="30.621517" lon="104.18544">
        <time>2026-05-06T12:46:59Z</time>
      </trkpt>
      <trkpt lat="30.621504" lon="104.185524">
        <time>2026-05-06T12:47:00Z</time>
      </trkpt>
      <trkpt lat="30.621487" lon="104.18561">
        <time>2026-05-06T12:47:01Z</time>
      </trkpt>
      <trkpt lat="30.621468" lon="104.1857">
        <time>2026-05-06T12:47:02Z</time>
      </trkpt>
      <trkpt lat="30.621447" lon="104.18578">
        <time>2026-05-06T12:47:03Z</time>
      </trkpt>
      <trkpt lat="30.621426" lon="104.18587">
        <time>2026-05-06T12:47:04Z</time>
      </trkpt>
      <trkpt lat="30.621403" lon="104.18595">
        <time>2026-05-06T12:47:05Z</time>
      </trkpt>
      <trkpt lat="30.621384" lon="104.186035">
        <time>2026-05-06T12:47:06Z</time>
      </trkpt>
      <trkpt lat="30.62136" lon="104.18613">
        <time>2026-05-06T12:47:07Z</time>
      </trkpt>
      <trkpt lat="30.62134" lon="104.18621">
        <time>2026-05-06T12:47:08Z</time>
      </trkpt>
      <trkpt lat="30.62132" lon="104.186295">
        <time>2026-05-06T12:47:09Z</time>
      </trkpt>
      <trkpt lat="30.621304" lon="104.186386">
        <time>2026-05-06T12:47:10Z</time>
      </trkpt>
      <trkpt lat="30.621288" lon="104.18648">
        <time>2026-05-06T12:47:11Z</time>
      </trkpt>
      <trkpt lat="30.621273" lon="104.18656">
        <time>2026-05-06T12:47:12Z</time>
      </trkpt>
      <trkpt lat="30.621258" lon="104.18665">
        <time>2026-05-06T12:47:13Z</time>
      </trkpt>
      <trkpt lat="30.621243" lon="104.186745">
        <time>2026-05-06T12:47:14Z</time>
      </trkpt>
      <trkpt lat="30.621225" lon="104.18683">
        <time>2026-05-06T12:47:15Z</time>
      </trkpt>
      <trkpt lat="30.621208" lon="104.18692">
        <time>2026-05-06T12:47:16Z</time>
      </trkpt>
      <trkpt lat="30.62119" lon="104.18701">
        <time>2026-05-06T12:47:17Z</time>
      </trkpt>
      <trkpt lat="30.621174" lon="104.1871">
        <time>2026-05-06T12:47:18Z</time>
      </trkpt>
      <trkpt lat="30.621159" lon="104.18719">
        <time>2026-05-06T12:47:19Z</time>
      </trkpt>
      <trkpt lat="30.621141" lon="104.18728">
        <time>2026-05-06T12:47:20Z</time>
      </trkpt>
      <trkpt lat="30.621124" lon="104.18737">
        <time>2026-05-06T12:47:21Z</time>
      </trkpt>
      <trkpt lat="30.621109" lon="104.187454">
        <time>2026-05-06T12:47:22Z</time>
      </trkpt>
      <trkpt lat="30.621092" lon="104.18754">
        <time>2026-05-06T12:47:23Z</time>
      </trkpt>
      <trkpt lat="30.621075" lon="104.18763">
        <time>2026-05-06T12:47:24Z</time>
      </trkpt>
      <trkpt lat="30.62106" lon="104.18772">
        <time>2026-05-06T12:47:25Z</time>
      </trkpt>
      <trkpt lat="30.621044" lon="104.187805">
        <time>2026-05-06T12:47:26Z</time>
      </trkpt>
      <trkpt lat="30.62103" lon="104.18789">
        <time>2026-05-06T12:47:27Z</time>
      </trkpt>
      <trkpt lat="30.621016" lon="104.18798">
        <time>2026-05-06T12:47:28Z</time>
      </trkpt>
      <trkpt lat="30.620998" lon="104.188065">
        <time>2026-05-06T12:47:29Z</time>
      </trkpt>
      <trkpt lat="30.620983" lon="104.18815">
        <time>2026-05-06T12:47:30Z</time>
      </trkpt>
      <trkpt lat="30.62097" lon="104.18823">
        <time>2026-05-06T12:47:31Z</time>
      </trkpt>
      <trkpt lat="30.620953" lon="104.18832">
        <time>2026-05-06T12:47:32Z</time>
      </trkpt>
      <trkpt lat="30.62094" lon="104.1884">
        <time>2026-05-06T12:47:33Z</time>
      </trkpt>
      <trkpt lat="30.620924" lon="104.18848">
        <time>2026-05-06T12:47:34Z</time>
      </trkpt>
      <trkpt lat="30.620907" lon="104.18856">
        <time>2026-05-06T12:47:35Z</time>
      </trkpt>
      <trkpt lat="30.620892" lon="104.188644">
        <time>2026-05-06T12:47:36Z</time>
      </trkpt>
      <trkpt lat="30.620878" lon="104.18872">
        <time>2026-05-06T12:47:37Z</time>
      </trkpt>
      <trkpt lat="30.620863" lon="104.188805">
        <time>2026-05-06T12:47:38Z</time>
      </trkpt>
      <trkpt lat="30.620848" lon="104.18888">
        <time>2026-05-06T12:47:39Z</time>
      </trkpt>
      <trkpt lat="30.620832" lon="104.188965">
        <time>2026-05-06T12:47:40Z</time>
      </trkpt>
      <trkpt lat="30.620817" lon="104.18904">
        <time>2026-05-06T12:47:41Z</time>
      </trkpt>
      <trkpt lat="30.6208" lon="104.18912">
        <time>2026-05-06T12:47:42Z</time>
      </trkpt>
      <trkpt lat="30.620785" lon="104.18919">
        <time>2026-05-06T12:47:43Z</time>
      </trkpt>
      <trkpt lat="30.62077" lon="104.18928">
        <time>2026-05-06T12:47:44Z</time>
      </trkpt>
      <trkpt lat="30.620758" lon="104.189354">
        <time>2026-05-06T12:47:45Z</time>
      </trkpt>
      <trkpt lat="30.620745" lon="104.18943">
        <time>2026-05-06T12:47:46Z</time>
      </trkpt>
      <trkpt lat="30.620733" lon="104.18951">
        <time>2026-05-06T12:47:47Z</time>
      </trkpt>
      <trkpt lat="30.620716" lon="104.18959">
        <time>2026-05-06T12:47:48Z</time>
      </trkpt>
      <trkpt lat="30.6207" lon="104.18967">
        <time>2026-05-06T12:47:49Z</time>
      </trkpt>
      <trkpt lat="30.620684" lon="104.18974">
        <time>2026-05-06T12:47:50Z</time>
      </trkpt>
      <trkpt lat="30.62066" lon="104.18982">
        <time>2026-05-06T12:47:51Z</time>
      </trkpt>
      <trkpt lat="30.620642" lon="104.18989">
        <time>2026-05-06T12:47:52Z</time>
      </trkpt>
      <trkpt lat="30.620628" lon="104.189964">
        <time>2026-05-06T12:47:53Z</time>
      </trkpt>
      <trkpt lat="30.620615" lon="104.19003">
        <time>2026-05-06T12:47:54Z</time>
      </trkpt>
      <trkpt lat="30.620604" lon="104.1901">
        <time>2026-05-06T12:47:55Z</time>
      </trkpt>
      <trkpt lat="30.620594" lon="104.19018">
        <time>2026-05-06T12:47:56Z</time>
      </trkpt>
      <trkpt lat="30.620583" lon="104.19025">
        <time>2026-05-06T12:47:57Z</time>
      </trkpt>
      <trkpt lat="30.62057" lon="104.190315">
        <time>2026-05-06T12:47:58Z</time>
      </trkpt>
      <trkpt lat="30.620556" lon="104.19039">
        <time>2026-05-06T12:47:59Z</time>
      </trkpt>
      <trkpt lat="30.620539" lon="104.19046">
        <time>2026-05-06T12:48:00Z</time>
      </trkpt>
      <trkpt lat="30.620523" lon="104.19054">
        <time>2026-05-06T12:48:01Z</time>
      </trkpt>
      <trkpt lat="30.620508" lon="104.190605">
        <time>2026-05-06T12:48:02Z</time>
      </trkpt>
      <trkpt lat="30.620493" lon="104.19068">
        <time>2026-05-06T12:48:03Z</time>
      </trkpt>
      <trkpt lat="30.620478" lon="104.19075">
        <time>2026-05-06T12:48:04Z</time>
      </trkpt>
      <trkpt lat="30.620462" lon="104.19083">
        <time>2026-05-06T12:48:05Z</time>
      </trkpt>
      <trkpt lat="30.62045" lon="104.190895">
        <time>2026-05-06T12:48:06Z</time>
      </trkpt>
      <trkpt lat="30.620434" lon="104.19097">
        <time>2026-05-06T12:48:07Z</time>
      </trkpt>
      <trkpt lat="30.620417" lon="104.19105">
        <time>2026-05-06T12:48:08Z</time>
      </trkpt>
      <trkpt lat="30.620401" lon="104.19112">
        <time>2026-05-06T12:48:09Z</time>
      </trkpt>
      <trkpt lat="30.620384" lon="104.191185">
        <time>2026-05-06T12:48:10Z</time>
      </trkpt>
      <trkpt lat="30.62037" lon="104.19126">
        <time>2026-05-06T12:48:11Z</time>
      </trkpt>
      <trkpt lat="30.620356" lon="104.19133">
        <time>2026-05-06T12:48:12Z</time>
      </trkpt>
      <trkpt lat="30.62034" lon="104.19141">
        <time>2026-05-06T12:48:13Z</time>
      </trkpt>
      <trkpt lat="30.620325" lon="104.191475">
        <time>2026-05-06T12:48:14Z</time>
      </trkpt>
      <trkpt lat="30.62031" lon="104.19155">
        <time>2026-05-06T12:48:15Z</time>
      </trkpt>
      <trkpt lat="30.620296" lon="104.19162">
        <time>2026-05-06T12:48:16Z</time>
      </trkpt>
      <trkpt lat="30.620283" lon="104.191696">
        <time>2026-05-06T12:48:17Z</time>
      </trkpt>
      <trkpt lat="30.620268" lon="104.191765">
        <time>2026-05-06T12:48:18Z</time>
      </trkpt>
      <trkpt lat="30.620253" lon="104.19183">
        <time>2026-05-06T12:48:19Z</time>
      </trkpt>
      <trkpt lat="30.62024" lon="104.1919">
        <time>2026-05-06T12:48:20Z</time>
      </trkpt>
      <trkpt lat="30.620224" lon="104.19198">
        <time>2026-05-06T12:48:21Z</time>
      </trkpt>
      <trkpt lat="30.620209" lon="104.19205">
        <time>2026-05-06T12:48:22Z</time>
      </trkpt>
      <trkpt lat="30.620193" lon="104.19212">
        <time>2026-05-06T12:48:23Z</time>
      </trkpt>
      <trkpt lat="30.620176" lon="104.19219">
        <time>2026-05-06T12:48:24Z</time>
      </trkpt>
      <trkpt lat="30.62016" lon="104.19227">
        <time>2026-05-06T12:48:25Z</time>
      </trkpt>
      <trkpt lat="30.620144" lon="104.19234">
        <time>2026-05-06T12:48:26Z</time>
      </trkpt>
      <trkpt lat="30.620125" lon="104.19241">
        <time>2026-05-06T12:48:27Z</time>
      </trkpt>
      <trkpt lat="30.620106" lon="104.19248">
        <time>2026-05-06T12:48:28Z</time>
      </trkpt>
      <trkpt lat="30.62009" lon="104.19255">
        <time>2026-05-06T12:48:29Z</time>
      </trkpt>
      <trkpt lat="30.620071" lon="104.19263">
        <time>2026-05-06T12:48:30Z</time>
      </trkpt>
      <trkpt lat="30.620056" lon="104.192696">
        <time>2026-05-06T12:48:31Z</time>
      </trkpt>
      <trkpt lat="30.620043" lon="104.19277">
        <time>2026-05-06T12:48:32Z</time>
      </trkpt>
      <trkpt lat="30.620028" lon="104.19285">
        <time>2026-05-06T12:48:33Z</time>
      </trkpt>
      <trkpt lat="30.620012" lon="104.19292">
        <time>2026-05-06T12:48:34Z</time>
      </trkpt>
      <trkpt lat="30.619999" lon="104.19299">
        <time>2026-05-06T12:48:35Z</time>
      </trkpt>
      <trkpt lat="30.619982" lon="104.19306">
        <time>2026-05-06T12:48:36Z</time>
      </trkpt>
      <trkpt lat="30.619965" lon="104.19313">
        <time>2026-05-06T12:48:37Z</time>
      </trkpt>
      <trkpt lat="30.619946" lon="104.1932">
        <time>2026-05-06T12:48:38Z</time>
      </trkpt>
      <trkpt lat="30.61992" lon="104.19327">
        <time>2026-05-06T12:48:39Z</time>
      </trkpt>
      <trkpt lat="30.619898" lon="104.19334">
        <time>2026-05-06T12:48:40Z</time>
      </trkpt>
      <trkpt lat="30.619877" lon="104.1934">
        <time>2026-05-06T12:48:41Z</time>
      </trkpt>
      <trkpt lat="30.619856" lon="104.19347">
        <time>2026-05-06T12:48:42Z</time>
      </trkpt>
      <trkpt lat="30.61984" lon="104.193535">
        <time>2026-05-06T12:48:43Z</time>
      </trkpt>
      <trkpt lat="30.619822" lon="104.19359">
        <time>2026-05-06T12:48:44Z</time>
      </trkpt>
      <trkpt lat="30.6198" lon="104.19365">
        <time>2026-05-06T12:48:45Z</time>
      </trkpt>
      <trkpt lat="30.61977" lon="104.1937">
        <time>2026-05-06T12:48:46Z</time>
      </trkpt>
      <trkpt lat="30.619738" lon="104.193756">
        <time>2026-05-06T12:48:47Z</time>
      </trkpt>
      <trkpt lat="30.619698" lon="104.1938">
        <time>2026-05-06T12:48:48Z</time>
      </trkpt>
      <trkpt lat="30.61965" lon="104.19384">
        <time>2026-05-06T12:48:49Z</time>
      </trkpt>
      <trkpt lat="30.619604" lon="104.193855">
        <time>2026-05-06T12:48:50Z</time>
      </trkpt>
      <trkpt lat="30.61956" lon="104.193855">
        <time>2026-05-06T12:48:51Z</time>
      </trkpt>
      <trkpt lat="30.619518" lon="104.193855">
        <time>2026-05-06T12:48:52Z</time>
      </trkpt>
      <trkpt lat="30.619473" lon="104.19385">
        <time>2026-05-06T12:48:53Z</time>
      </trkpt>
      <trkpt lat="30.619427" lon="104.19384">
        <time>2026-05-06T12:48:54Z</time>
      </trkpt>
      <trkpt lat="30.619383" lon="104.193825">
        <time>2026-05-06T12:48:55Z</time>
      </trkpt>
      <trkpt lat="30.619335" lon="104.19381">
        <time>2026-05-06T12:48:56Z</time>
      </trkpt>
      <trkpt lat="30.619282" lon="104.193794">
        <time>2026-05-06T12:48:57Z</time>
      </trkpt>
      <trkpt lat="30.619236" lon="104.19378">
        <time>2026-05-06T12:48:58Z</time>
      </trkpt>
      <trkpt lat="30.619204" lon="104.19377">
        <time>2026-05-06T12:48:59Z</time>
      </trkpt>
      <trkpt lat="30.619183" lon="104.19376">
        <time>2026-05-06T12:49:00Z</time>
      </trkpt>
      <trkpt lat="30.61917" lon="104.19377">
        <time>2026-05-06T12:49:01Z</time>
      </trkpt>
      <trkpt lat="30.61918" lon="104.19379">
        <time>2026-05-06T12:49:02Z</time>
      </trkpt>
      <trkpt lat="30.619188" lon="104.1938">
        <time>2026-05-06T12:49:03Z</time>
      </trkpt>
      <trkpt lat="30.619215" lon="104.19381">
        <time>2026-05-06T12:49:04Z</time>
      </trkpt>
      <trkpt lat="30.619244" lon="104.1938">
        <time>2026-05-06T12:49:05Z</time>
      </trkpt>
      <trkpt lat="30.619274" lon="104.193794">
        <time>2026-05-06T12:49:06Z</time>
      </trkpt>
      <trkpt lat="30.619305" lon="104.19379">
        <time>2026-05-06T12:49:07Z</time>
      </trkpt>
      <trkpt lat="30.619339" lon="104.19379">
        <time>2026-05-06T12:49:08Z</time>
      </trkpt>
      <trkpt lat="30.61937" lon="104.193794">
        <time>2026-05-06T12:49:09Z</time>
      </trkpt>
      <trkpt lat="30.619402" lon="104.193794">
        <time>2026-05-06T12:49:10Z</time>
      </trkpt>
      <trkpt lat="30.619432" lon="104.1938">
        <time>2026-05-06T12:49:11Z</time>
      </trkpt>
      <trkpt lat="30.61946" lon="104.193794">
        <time>2026-05-06T12:49:12Z</time>
      </trkpt>
      <trkpt lat="30.619482" lon="104.1938">
        <time>2026-05-06T12:49:13Z</time>
      </trkpt>
      <trkpt lat="30.619507" lon="104.1938">
        <time>2026-05-06T12:49:14Z</time>
      </trkpt>
      <trkpt lat="30.619528" lon="104.1938">
        <time>2026-05-06T12:49:15Z</time>
      </trkpt>
      <trkpt lat="30.61955" lon="104.19382">
        <time>2026-05-06T12:49:16Z</time>
      </trkpt>
      <trkpt lat="30.619577" lon="104.19383">
        <time>2026-05-06T12:49:17Z</time>
      </trkpt>
      <trkpt lat="30.619606" lon="104.193855">
        <time>2026-05-06T12:49:18Z</time>
      </trkpt>
      <trkpt lat="30.619644" lon="104.19387">
        <time>2026-05-06T12:49:19Z</time>
      </trkpt>
      <trkpt lat="30.61968" lon="104.193886">
        <time>2026-05-06T12:49:20Z</time>
      </trkpt>
      <trkpt lat="30.61972" lon="104.19389">
        <time>2026-05-06T12:49:21Z</time>
      </trkpt>
      <trkpt lat="30.619762" lon="104.19391">
        <time>2026-05-06T12:49:22Z</time>
      </trkpt>
      <trkpt lat="30.619802" lon="104.193924">
        <time>2026-05-06T12:49:23Z</time>
      </trkpt>
      <trkpt lat="30.619846" lon="104.19394">
        <time>2026-05-06T12:49:24Z</time>
      </trkpt>
      <trkpt lat="30.619888" lon="104.19395">
        <time>2026-05-06T12:49:25Z</time>
      </trkpt>
      <trkpt lat="30.619934" lon="104.19396">
        <time>2026-05-06T12:49:26Z</time>
      </trkpt>
      <trkpt lat="30.619978" lon="104.19397">
        <time>2026-05-06T12:49:27Z</time>
      </trkpt>
      <trkpt lat="30.620022" lon="104.193985">
        <time>2026-05-06T12:49:28Z</time>
      </trkpt>
      <trkpt lat="30.620052" lon="104.19399">
        <time>2026-05-06T12:49:29Z</time>
      </trkpt>
      <trkpt lat="30.620073" lon="104.19401">
        <time>2026-05-06T12:49:30Z</time>
      </trkpt>
      <trkpt lat="30.62009" lon="104.19403">
        <time>2026-05-06T12:49:31Z</time>
      </trkpt>
      <trkpt lat="30.620104" lon="104.19404">
        <time>2026-05-06T12:49:32Z</time>
      </trkpt>
      <trkpt lat="30.620117" lon="104.19405">
        <time>2026-05-06T12:49:33Z</time>
      </trkpt>
      <trkpt lat="30.620132" lon="104.19407">
        <time>2026-05-06T12:49:34Z</time>
      </trkpt>
      <trkpt lat="30.620146" lon="104.19408">
        <time>2026-05-06T12:49:35Z</time>
      </trkpt>
      <trkpt lat="30.620165" lon="104.1941">
        <time>2026-05-06T12:49:36Z</time>
      </trkpt>
      <trkpt lat="30.620262" lon="104.19416">
        <time>2026-05-06T12:49:37Z</time>
      </trkpt>
      <trkpt lat="30.62033" lon="104.194176">
        <time>2026-05-06T12:49:38Z</time>
      </trkpt>
      <trkpt lat="30.62039" lon="104.1942">
        <time>2026-05-06T12:49:39Z</time>
      </trkpt>
      <trkpt lat="30.620441" lon="104.19421">
        <time>2026-05-06T12:49:40Z</time>
      </trkpt>
      <trkpt lat="30.62051" lon="104.19422">
        <time>2026-05-06T12:49:41Z</time>
      </trkpt>
      <trkpt lat="30.620567" lon="104.194214">
        <time>2026-05-06T12:49:42Z</time>
      </trkpt>
      <trkpt lat="30.620607" lon="104.19418">
        <time>2026-05-06T12:49:43Z</time>
      </trkpt>
      <trkpt lat="30.620628" lon="104.19412">
        <time>2026-05-06T12:49:44Z</time>
      </trkpt>
      <trkpt lat="30.620647" lon="104.19407">
        <time>2026-05-06T12:49:45Z</time>
      </trkpt>
      <trkpt lat="30.620672" lon="104.194016">
        <time>2026-05-06T12:49:46Z</time>
      </trkpt>
      <trkpt lat="30.62069" lon="104.193954">
        <time>2026-05-06T12:49:47Z</time>
      </trkpt>
      <trkpt lat="30.62071" lon="104.19389">
        <time>2026-05-06T12:49:48Z</time>
      </trkpt>
      <trkpt lat="30.620716" lon="104.19385">
        <time>2026-05-06T12:49:49Z</time>
      </trkpt>
      <trkpt lat="30.620712" lon="104.19382">
        <time>2026-05-06T12:49:50Z</time>
      </trkpt>
      <trkpt lat="30.620699" lon="104.193825">
        <time>2026-05-06T12:49:51Z</time>
      </trkpt>
      <trkpt lat="30.620687" lon="104.193825">
        <time>2026-05-06T12:49:52Z</time>
      </trkpt>
      <trkpt lat="30.620687" lon="104.193855">
        <time>2026-05-06T12:49:53Z</time>
      </trkpt>
      <trkpt lat="30.620684" lon="104.19389">
        <time>2026-05-06T12:49:54Z</time>
      </trkpt>
      <trkpt lat="30.620674" lon="104.19393">
        <time>2026-05-06T12:49:55Z</time>
      </trkpt>
      <trkpt lat="30.620663" lon="104.19398">
        <time>2026-05-06T12:49:56Z</time>
      </trkpt>
      <trkpt lat="30.62065" lon="104.19403">
        <time>2026-05-06T12:49:57Z</time>
      </trkpt>
      <trkpt lat="30.620634" lon="104.194084">
        <time>2026-05-06T12:49:58Z</time>
      </trkpt>
      <trkpt lat="30.620619" lon="104.19414">
        <time>2026-05-06T12:49:59Z</time>
      </trkpt>
      <trkpt lat="30.6206" lon="104.1942">
        <time>2026-05-06T12:50:00Z</time>
      </trkpt>
      <trkpt lat="30.62058" lon="104.19427">
        <time>2026-05-06T12:50:01Z</time>
      </trkpt>
      <trkpt lat="30.62056" lon="104.19434">
        <time>2026-05-06T12:50:02Z</time>
      </trkpt>
      <trkpt lat="30.62054" lon="104.19443">
        <time>2026-05-06T12:50:03Z</time>
      </trkpt>
      <trkpt lat="30.62052" lon="104.19451">
        <time>2026-05-06T12:50:04Z</time>
      </trkpt>
      <trkpt lat="30.6205" lon="104.19458">
        <time>2026-05-06T12:50:05Z</time>
      </trkpt>
      <trkpt lat="30.620481" lon="104.19464">
        <time>2026-05-06T12:50:06Z</time>
      </trkpt>
      <trkpt lat="30.620455" lon="104.19467">
        <time>2026-05-06T12:50:07Z</time>
      </trkpt>
      <trkpt lat="30.620424" lon="104.19468">
        <time>2026-05-06T12:50:08Z</time>
      </trkpt>
      <trkpt lat="30.6204" lon="104.19467">
        <time>2026-05-06T12:50:09Z</time>
      </trkpt>
      <trkpt lat="30.62039" lon="104.19464">
        <time>2026-05-06T12:50:10Z</time>
      </trkpt>
      <trkpt lat="30.620394" lon="104.19461">
        <time>2026-05-06T12:50:11Z</time>
      </trkpt>
      <trkpt lat="30.620409" lon="104.19458">
        <time>2026-05-06T12:50:12Z</time>
      </trkpt>
      <trkpt lat="30.620426" lon="104.19455">
        <time>2026-05-06T12:50:13Z</time>
      </trkpt>
      <trkpt lat="30.620443" lon="104.19453">
        <time>2026-05-06T12:50:14Z</time>
      </trkpt>
      <trkpt lat="30.62046" lon="104.19449">
        <time>2026-05-06T12:50:15Z</time>
      </trkpt>
      <trkpt lat="30.620476" lon="104.19446">
        <time>2026-05-06T12:50:16Z</time>
      </trkpt>
      <trkpt lat="30.62049" lon="104.19442">
        <time>2026-05-06T12:50:17Z</time>
      </trkpt>
      <trkpt lat="30.620497" lon="104.19438">
        <time>2026-05-06T12:50:18Z</time>
      </trkpt>
      <trkpt lat="30.620504" lon="104.19434">
        <time>2026-05-06T12:50:19Z</time>
      </trkpt>
      <trkpt lat="30.620516" lon="104.1943">
        <time>2026-05-06T12:50:20Z</time>
      </trkpt>
      <trkpt lat="30.620527" lon="104.19425">
        <time>2026-05-06T12:50:21Z</time>
      </trkpt>
      <trkpt lat="30.620535" lon="104.19421">
        <time>2026-05-06T12:50:22Z</time>
      </trkpt>
      <trkpt lat="30.620546" lon="104.19416">
        <time>2026-05-06T12:50:23Z</time>
      </trkpt>
      <trkpt lat="30.620558" lon="104.19411">
        <time>2026-05-06T12:50:24Z</time>
      </trkpt>
      <trkpt lat="30.620573" lon="104.19405">
        <time>2026-05-06T12:50:25Z</time>
      </trkpt>
      <trkpt lat="30.62059" lon="104.19401">
        <time>2026-05-06T12:50:26Z</time>
      </trkpt>
      <trkpt lat="30.62061" lon="104.19395">
        <time>2026-05-06T12:50:27Z</time>
      </trkpt>
      <trkpt lat="30.620626" lon="104.19389">
        <time>2026-05-06T12:50:28Z</time>
      </trkpt>
      <trkpt lat="30.620647" lon="104.19384">
        <time>2026-05-06T12:50:29Z</time>
      </trkpt>
      <trkpt lat="30.620668" lon="104.19378">
        <time>2026-05-06T12:50:30Z</time>
      </trkpt>
      <trkpt lat="30.620686" lon="104.193726">
        <time>2026-05-06T12:50:31Z</time>
      </trkpt>
      <trkpt lat="30.6207" lon="104.19367">
        <time>2026-05-06T12:50:32Z</time>
      </trkpt>
      <trkpt lat="30.62073" lon="104.19361">
        <time>2026-05-06T12:50:33Z</time>
      </trkpt>
      <trkpt lat="30.62075" lon="104.19356">
        <time>2026-05-06T12:50:34Z</time>
      </trkpt>
      <trkpt lat="30.620768" lon="104.1935">
        <time>2026-05-06T12:50:35Z</time>
      </trkpt>
      <trkpt lat="30.620785" lon="104.19344">
        <time>2026-05-06T12:50:36Z</time>
      </trkpt>
      <trkpt lat="30.620804" lon="104.19339">
        <time>2026-05-06T12:50:37Z</time>
      </trkpt>
      <trkpt lat="30.620825" lon="104.19333">
        <time>2026-05-06T12:50:38Z</time>
      </trkpt>
      <trkpt lat="30.620846" lon="104.193275">
        <time>2026-05-06T12:50:39Z</time>
      </trkpt>
      <trkpt lat="30.620844" lon="104.19322">
        <time>2026-05-06T12:50:40Z</time>
      </trkpt>
      <trkpt lat="30.620836" lon="104.19317">
        <time>2026-05-06T12:50:41Z</time>
      </trkpt>
      <trkpt lat="30.620834" lon="104.19311">
        <time>2026-05-06T12:50:42Z</time>
      </trkpt>
      <trkpt lat="30.620846" lon="104.19303">
        <time>2026-05-06T12:50:43Z</time>
      </trkpt>
      <trkpt lat="30.620857" lon="104.19295">
        <time>2026-05-06T12:50:44Z</time>
      </trkpt>
      <trkpt lat="30.620872" lon="104.19286">
        <time>2026-05-06T12:50:45Z</time>
      </trkpt>
      <trkpt lat="30.620884" lon="104.19277">
        <time>2026-05-06T12:50:46Z</time>
      </trkpt>
      <trkpt lat="30.6209" lon="104.19268">
        <time>2026-05-06T12:50:47Z</time>
      </trkpt>
      <trkpt lat="30.62092" lon="104.19259">
        <time>2026-05-06T12:50:48Z</time>
      </trkpt>
      <trkpt lat="30.62095" lon="104.192505">
        <time>2026-05-06T12:50:49Z</time>
      </trkpt>
      <trkpt lat="30.62098" lon="104.19241">
        <time>2026-05-06T12:50:50Z</time>
      </trkpt>
      <trkpt lat="30.621004" lon="104.19233">
        <time>2026-05-06T12:50:51Z</time>
      </trkpt>
      <trkpt lat="30.621021" lon="104.19224">
        <time>2026-05-06T12:50:52Z</time>
      </trkpt>
      <trkpt lat="30.62104" lon="104.19215">
        <time>2026-05-06T12:50:53Z</time>
      </trkpt>
      <trkpt lat="30.621058" lon="104.19206">
        <time>2026-05-06T12:50:54Z</time>
      </trkpt>
      <trkpt lat="30.621075" lon="104.19197">
        <time>2026-05-06T12:50:55Z</time>
      </trkpt>
      <trkpt lat="30.621094" lon="104.19188">
        <time>2026-05-06T12:50:56Z</time>
      </trkpt>
      <trkpt lat="30.621113" lon="104.19179">
        <time>2026-05-06T12:50:57Z</time>
      </trkpt>
      <trkpt lat="30.621138" lon="104.19168">
        <time>2026-05-06T12:50:58Z</time>
      </trkpt>
      <trkpt lat="30.621159" lon="104.19158">
        <time>2026-05-06T12:50:59Z</time>
      </trkpt>
      <trkpt lat="30.621181" lon="104.191475">
        <time>2026-05-06T12:51:00Z</time>
      </trkpt>
      <trkpt lat="30.621202" lon="104.19137">
        <time>2026-05-06T12:51:01Z</time>
      </trkpt>
      <trkpt lat="30.621223" lon="104.19127">
        <time>2026-05-06T12:51:02Z</time>
      </trkpt>
      <trkpt lat="30.621243" lon="104.19117">
        <time>2026-05-06T12:51:03Z</time>
      </trkpt>
      <trkpt lat="30.62127" lon="104.19106">
        <time>2026-05-06T12:51:04Z</time>
      </trkpt>
      <trkpt lat="30.621294" lon="104.19095">
        <time>2026-05-06T12:51:05Z</time>
      </trkpt>
      <trkpt lat="30.621323" lon="104.19083">
        <time>2026-05-06T12:51:06Z</time>
      </trkpt>
      <trkpt lat="30.62135" lon="104.19071">
        <time>2026-05-06T12:51:07Z</time>
      </trkpt>
      <trkpt lat="30.621374" lon="104.19058">
        <time>2026-05-06T12:51:08Z</time>
      </trkpt>
      <trkpt lat="30.6214" lon="104.19046">
        <time>2026-05-06T12:51:09Z</time>
      </trkpt>
      <trkpt lat="30.621422" lon="104.19035">
        <time>2026-05-06T12:51:10Z</time>
      </trkpt>
      <trkpt lat="30.621445" lon="104.19023">
        <time>2026-05-06T12:51:11Z</time>
      </trkpt>
      <trkpt lat="30.621468" lon="104.19011">
        <time>2026-05-06T12:51:12Z</time>
      </trkpt>
      <trkpt lat="30.621483" lon="104.189995">
        <time>2026-05-06T12:51:13Z</time>
      </trkpt>
      <trkpt lat="30.6215" lon="104.18988">
        <time>2026-05-06T12:51:14Z</time>
      </trkpt>
      <trkpt lat="30.621521" lon="104.189766">
        <time>2026-05-06T12:51:15Z</time>
      </trkpt>
      <trkpt lat="30.621544" lon="104.18966">
        <time>2026-05-06T12:51:16Z</time>
      </trkpt>
      <trkpt lat="30.621569" lon="104.189545">
        <time>2026-05-06T12:51:17Z</time>
      </trkpt>
      <trkpt lat="30.621592" lon="104.18944">
        <time>2026-05-06T12:51:18Z</time>
      </trkpt>
      <trkpt lat="30.621616" lon="104.18932">
        <time>2026-05-06T12:51:19Z</time>
      </trkpt>
      <trkpt lat="30.62164" lon="104.18922">
        <time>2026-05-06T12:51:20Z</time>
      </trkpt>
      <trkpt lat="30.621662" lon="104.1891">
        <time>2026-05-06T12:51:21Z</time>
      </trkpt>
      <trkpt lat="30.621683" lon="104.18899">
        <time>2026-05-06T12:51:22Z</time>
      </trkpt>
      <trkpt lat="30.621706" lon="104.18888">
        <time>2026-05-06T12:51:23Z</time>
      </trkpt>
      <trkpt lat="30.621727" lon="104.188774">
        <time>2026-05-06T12:51:24Z</time>
      </trkpt>
      <trkpt lat="30.621746" lon="104.188675">
        <time>2026-05-06T12:51:25Z</time>
      </trkpt>
      <trkpt lat="30.621767" lon="104.18857">
        <time>2026-05-06T12:51:26Z</time>
      </trkpt>
      <trkpt lat="30.621784" lon="104.18847">
        <time>2026-05-06T12:51:27Z</time>
      </trkpt>
      <trkpt lat="30.621805" lon="104.18837">
        <time>2026-05-06T12:51:28Z</time>
      </trkpt>
      <trkpt lat="30.621824" lon="104.18827">
        <time>2026-05-06T12:51:29Z</time>
      </trkpt>
      <trkpt lat="30.621843" lon="104.18817">
        <time>2026-05-06T12:51:30Z</time>
      </trkpt>
      <trkpt lat="30.621864" lon="104.18807">
        <time>2026-05-06T12:51:31Z</time>
      </trkpt>
      <trkpt lat="30.621885" lon="104.18797">
        <time>2026-05-06T12:51:32Z</time>
      </trkpt>
      <trkpt lat="30.621906" lon="104.187874">
        <time>2026-05-06T12:51:33Z</time>
      </trkpt>
      <trkpt lat="30.621927" lon="104.187775">
        <time>2026-05-06T12:51:34Z</time>
      </trkpt>
      <trkpt lat="30.621946" lon="104.18768">
        <time>2026-05-06T12:51:35Z</time>
      </trkpt>
      <trkpt lat="30.621965" lon="104.187584">
        <time>2026-05-06T12:51:36Z</time>
      </trkpt>
      <trkpt lat="30.621983" lon="104.18749">
        <time>2026-05-06T12:51:37Z</time>
      </trkpt>
      <trkpt lat="30.622" lon="104.1874">
        <time>2026-05-06T12:51:38Z</time>
      </trkpt>
      <trkpt lat="30.622015" lon="104.18732">
        <time>2026-05-06T12:51:39Z</time>
      </trkpt>
      <trkpt lat="30.62203" lon="104.187225">
        <time>2026-05-06T12:51:40Z</time>
      </trkpt>
      <trkpt lat="30.622044" lon="104.18714">
        <time>2026-05-06T12:51:41Z</time>
      </trkpt>
      <trkpt lat="30.622055" lon="104.18706">
        <time>2026-05-06T12:51:42Z</time>
      </trkpt>
      <trkpt lat="30.622066" lon="104.18698">
        <time>2026-05-06T12:51:43Z</time>
      </trkpt>
      <trkpt lat="30.62208" lon="104.1869">
        <time>2026-05-06T12:51:44Z</time>
      </trkpt>
      <trkpt lat="30.622095" lon="104.18681">
        <time>2026-05-06T12:51:45Z</time>
      </trkpt>
      <trkpt lat="30.622107" lon="104.18674">
        <time>2026-05-06T12:51:46Z</time>
      </trkpt>
      <trkpt lat="30.622118" lon="104.18665">
        <time>2026-05-06T12:51:47Z</time>
      </trkpt>
      <trkpt lat="30.622131" lon="104.18657">
        <time>2026-05-06T12:51:48Z</time>
      </trkpt>
      <trkpt lat="30.622154" lon="104.18649">
        <time>2026-05-06T12:51:49Z</time>
      </trkpt>
      <trkpt lat="30.622179" lon="104.18642">
        <time>2026-05-06T12:51:50Z</time>
      </trkpt>
      <trkpt lat="30.622206" lon="104.18634">
        <time>2026-05-06T12:51:51Z</time>
      </trkpt>
      <trkpt lat="30.622227" lon="104.186264">
        <time>2026-05-06T12:51:52Z</time>
      </trkpt>
      <trkpt lat="30.622246" lon="104.186195">
        <time>2026-05-06T12:51:53Z</time>
      </trkpt>
      <trkpt lat="30.62226" lon="104.18612">
        <time>2026-05-06T12:51:54Z</time>
      </trkpt>
      <trkpt lat="30.622272" lon="104.18604">
        <time>2026-05-06T12:51:55Z</time>
      </trkpt>
      <trkpt lat="30.622286" lon="104.185974">
        <time>2026-05-06T12:51:56Z</time>
      </trkpt>
      <trkpt lat="30.6223" lon="104.185905">
        <time>2026-05-06T12:51:57Z</time>
      </trkpt>
      <trkpt lat="30.62231" lon="104.18584">
        <time>2026-05-06T12:51:58Z</time>
      </trkpt>
      <trkpt lat="30.622326" lon="104.18577">
        <time>2026-05-06T12:51:59Z</time>
      </trkpt>
      <trkpt lat="30.622341" lon="104.18571">
        <time>2026-05-06T12:52:00Z</time>
      </trkpt>
      <trkpt lat="30.622358" lon="104.18564">
        <time>2026-05-06T12:52:01Z</time>
      </trkpt>
      <trkpt lat="30.622374" lon="104.18557">
        <time>2026-05-06T12:52:02Z</time>
      </trkpt>
      <trkpt lat="30.622385" lon="104.1855">
        <time>2026-05-06T12:52:03Z</time>
      </trkpt>
      <trkpt lat="30.622402" lon="104.18543">
        <time>2026-05-06T12:52:04Z</time>
      </trkpt>
      <trkpt lat="30.622416" lon="104.18537">
        <time>2026-05-06T12:52:05Z</time>
      </trkpt>
      <trkpt lat="30.622427" lon="104.1853">
        <time>2026-05-06T12:52:06Z</time>
      </trkpt>
      <trkpt lat="30.62244" lon="104.185234">
        <time>2026-05-06T12:52:07Z</time>
      </trkpt>
      <trkpt lat="30.622456" lon="104.185165">
        <time>2026-05-06T12:52:08Z</time>
      </trkpt>
      <trkpt lat="30.622469" lon="104.1851">
        <time>2026-05-06T12:52:09Z</time>
      </trkpt>
      <trkpt lat="30.622482" lon="104.185036">
        <time>2026-05-06T12:52:10Z</time>
      </trkpt>
      <trkpt lat="30.622498" lon="104.18497">
        <time>2026-05-06T12:52:11Z</time>
      </trkpt>
      <trkpt lat="30.622509" lon="104.184906">
        <time>2026-05-06T12:52:12Z</time>
      </trkpt>
      <trkpt lat="30.62252" lon="104.18484">
        <time>2026-05-06T12:52:13Z</time>
      </trkpt>
      <trkpt lat="30.622534" lon="104.18477">
        <time>2026-05-06T12:52:14Z</time>
      </trkpt>
      <trkpt lat="30.62255" lon="104.18471">
        <time>2026-05-06T12:52:15Z</time>
      </trkpt>
      <trkpt lat="30.622562" lon="104.18464">
        <time>2026-05-06T12:52:16Z</time>
      </trkpt>
      <trkpt lat="30.622576" lon="104.18458">
        <time>2026-05-06T12:52:17Z</time>
      </trkpt>
      <trkpt lat="30.62259" lon="104.18451">
        <time>2026-05-06T12:52:18Z</time>
      </trkpt>
      <trkpt lat="30.622602" lon="104.18445">
        <time>2026-05-06T12:52:19Z</time>
      </trkpt>
      <trkpt lat="30.622616" lon="104.18438">
        <time>2026-05-06T12:52:20Z</time>
      </trkpt>
      <trkpt lat="30.62263" lon="104.18432">
        <time>2026-05-06T12:52:21Z</time>
      </trkpt>
      <trkpt lat="30.622643" lon="104.18425">
        <time>2026-05-06T12:52:22Z</time>
      </trkpt>
      <trkpt lat="30.622654" lon="104.18419">
        <time>2026-05-06T12:52:23Z</time>
      </trkpt>
      <trkpt lat="30.622667" lon="104.18412">
        <time>2026-05-06T12:52:24Z</time>
      </trkpt>
      <trkpt lat="30.622683" lon="104.18405">
        <time>2026-05-06T12:52:25Z</time>
      </trkpt>
      <trkpt lat="30.622698" lon="104.18398">
        <time>2026-05-06T12:52:26Z</time>
      </trkpt>
      <trkpt lat="30.622715" lon="104.183914">
        <time>2026-05-06T12:52:27Z</time>
      </trkpt>
      <trkpt lat="30.622728" lon="104.18385">
        <time>2026-05-06T12:52:28Z</time>
      </trkpt>
      <trkpt lat="30.622744" lon="104.183784">
        <time>2026-05-06T12:52:29Z</time>
      </trkpt>
      <trkpt lat="30.622759" lon="104.18372">
        <time>2026-05-06T12:52:30Z</time>
      </trkpt>
      <trkpt lat="30.622774" lon="104.183655">
        <time>2026-05-06T12:52:31Z</time>
      </trkpt>
      <trkpt lat="30.622787" lon="104.18359">
        <time>2026-05-06T12:52:32Z</time>
      </trkpt>
      <trkpt lat="30.622803" lon="104.183525">
        <time>2026-05-06T12:52:33Z</time>
      </trkpt>
      <trkpt lat="30.62282" lon="104.18346">
        <time>2026-05-06T12:52:34Z</time>
      </trkpt>
      <trkpt lat="30.622837" lon="104.183395">
        <time>2026-05-06T12:52:35Z</time>
      </trkpt>
      <trkpt lat="30.622854" lon="104.18333">
        <time>2026-05-06T12:52:36Z</time>
      </trkpt>
      <trkpt lat="30.622868" lon="104.18326">
        <time>2026-05-06T12:52:37Z</time>
      </trkpt>
      <trkpt lat="30.622883" lon="104.1832">
        <time>2026-05-06T12:52:38Z</time>
      </trkpt>
      <trkpt lat="30.622896" lon="104.183136">
        <time>2026-05-06T12:52:39Z</time>
      </trkpt>
      <trkpt lat="30.622913" lon="104.183075">
        <time>2026-05-06T12:52:40Z</time>
      </trkpt>
      <trkpt lat="30.622932" lon="104.18301">
        <time>2026-05-06T12:52:41Z</time>
      </trkpt>
      <trkpt lat="30.62295" lon="104.182945">
        <time>2026-05-06T12:52:42Z</time>
      </trkpt>
      <trkpt lat="30.622969" lon="104.18288">
        <time>2026-05-06T12:52:43Z</time>
      </trkpt>
      <trkpt lat="30.622986" lon="104.182816">
        <time>2026-05-06T12:52:44Z</time>
      </trkpt>
      <trkpt lat="30.623005" lon="104.18275">
        <time>2026-05-06T12:52:45Z</time>
      </trkpt>
      <trkpt lat="30.62302" lon="104.182686">
        <time>2026-05-06T12:52:46Z</time>
      </trkpt>
      <trkpt lat="30.623037" lon="104.182625">
        <time>2026-05-06T12:52:47Z</time>
      </trkpt>
      <trkpt lat="30.623053" lon="104.18256">
        <time>2026-05-06T12:52:48Z</time>
      </trkpt>
      <trkpt lat="30.62307" lon="104.182495">
        <time>2026-05-06T12:52:49Z</time>
      </trkpt>
      <trkpt lat="30.623087" lon="104.182434">
        <time>2026-05-06T12:52:50Z</time>
      </trkpt>
      <trkpt lat="30.623104" lon="104.18237">
        <time>2026-05-06T12:52:51Z</time>
      </trkpt>
      <trkpt lat="30.623125" lon="104.18231">
        <time>2026-05-06T12:52:52Z</time>
      </trkpt>
      <trkpt lat="30.623144" lon="104.18224">
        <time>2026-05-06T12:52:53Z</time>
      </trkpt>
      <trkpt lat="30.623167" lon="104.18218">
        <time>2026-05-06T12:52:54Z</time>
      </trkpt>
      <trkpt lat="30.623188" lon="104.18211">
        <time>2026-05-06T12:52:55Z</time>
      </trkpt>
      <trkpt lat="30.623207" lon="104.18205">
        <time>2026-05-06T12:52:56Z</time>
      </trkpt>
      <trkpt lat="30.623226" lon="104.181984">
        <time>2026-05-06T12:52:57Z</time>
      </trkpt>
      <trkpt lat="30.623247" lon="104.181915">
        <time>2026-05-06T12:52:58Z</time>
      </trkpt>
      <trkpt lat="30.623268" lon="104.181854">
        <time>2026-05-06T12:52:59Z</time>
      </trkpt>
      <trkpt lat="30.62329" lon="104.181786">
        <time>2026-05-06T12:53:00Z</time>
      </trkpt>
      <trkpt lat="30.623312" lon="104.18172">
        <time>2026-05-06T12:53:01Z</time>
      </trkpt>
      <trkpt lat="30.623335" lon="104.18165">
        <time>2026-05-06T12:53:02Z</time>
      </trkpt>
      <trkpt lat="30.623362" lon="104.18158">
        <time>2026-05-06T12:53:03Z</time>
      </trkpt>
      <trkpt lat="30.623394" lon="104.18151">
        <time>2026-05-06T12:53:04Z</time>
      </trkpt>
      <trkpt lat="30.623426" lon="104.18144">
        <time>2026-05-06T12:53:05Z</time>
      </trkpt>
      <trkpt lat="30.623459" lon="104.18137">
        <time>2026-05-06T12:53:06Z</time>
      </trkpt>
      <trkpt lat="30.623486" lon="104.1813">
        <time>2026-05-06T12:53:07Z</time>
      </trkpt>
      <trkpt lat="30.623514" lon="104.18122">
        <time>2026-05-06T12:53:08Z</time>
      </trkpt>
      <trkpt lat="30.623539" lon="104.181145">
        <time>2026-05-06T12:53:09Z</time>
      </trkpt>
      <trkpt lat="30.623562" lon="104.18106">
        <time>2026-05-06T12:53:10Z</time>
      </trkpt>
      <trkpt lat="30.62358" lon="104.180984">
        <time>2026-05-06T12:53:11Z</time>
      </trkpt>
      <trkpt lat="30.623598" lon="104.18089">
        <time>2026-05-06T12:53:12Z</time>
      </trkpt>
      <trkpt lat="30.623625" lon="104.18082">
        <time>2026-05-06T12:53:13Z</time>
      </trkpt>
      <trkpt lat="30.623655" lon="104.18073">
        <time>2026-05-06T12:53:14Z</time>
      </trkpt>
      <trkpt lat="30.623686" lon="104.18065">
        <time>2026-05-06T12:53:15Z</time>
      </trkpt>
      <trkpt lat="30.623714" lon="104.180565">
        <time>2026-05-06T12:53:16Z</time>
      </trkpt>
      <trkpt lat="30.623749" lon="104.18048">
        <time>2026-05-06T12:53:17Z</time>
      </trkpt>
      <trkpt lat="30.62378" lon="104.18039">
        <time>2026-05-06T12:53:18Z</time>
      </trkpt>
      <trkpt lat="30.62381" lon="104.1803">
        <time>2026-05-06T12:53:19Z</time>
      </trkpt>
      <trkpt lat="30.623842" lon="104.18021">
        <time>2026-05-06T12:53:20Z</time>
      </trkpt>
      <trkpt lat="30.623875" lon="104.180115">
        <time>2026-05-06T12:53:21Z</time>
      </trkpt>
      <trkpt lat="30.62391" lon="104.18002">
        <time>2026-05-06T12:53:22Z</time>
      </trkpt>
      <trkpt lat="30.62395" lon="104.179924">
        <time>2026-05-06T12:53:23Z</time>
      </trkpt>
      <trkpt lat="30.623985" lon="104.179825">
        <time>2026-05-06T12:53:24Z</time>
      </trkpt>
      <trkpt lat="30.624025" lon="104.179726">
        <time>2026-05-06T12:53:25Z</time>
      </trkpt>
      <trkpt lat="30.62407" lon="104.17961">
        <time>2026-05-06T12:53:26Z</time>
      </trkpt>
      <trkpt lat="30.624111" lon="104.179504">
        <time>2026-05-06T12:53:27Z</time>
      </trkpt>
      <trkpt lat="30.624157" lon="104.17939">
        <time>2026-05-06T12:53:28Z</time>
      </trkpt>
      <trkpt lat="30.624197" lon="104.17927">
        <time>2026-05-06T12:53:29Z</time>
      </trkpt>
      <trkpt lat="30.624235" lon="104.17915">
        <time>2026-05-06T12:53:30Z</time>
      </trkpt>
      <trkpt lat="30.624279" lon="104.17904">
        <time>2026-05-06T12:53:31Z</time>
      </trkpt>
      <trkpt lat="30.624321" lon="104.17892">
        <time>2026-05-06T12:53:32Z</time>
      </trkpt>
      <trkpt lat="30.624367" lon="104.17879">
        <time>2026-05-06T12:53:33Z</time>
      </trkpt>
      <trkpt lat="30.624413" lon="104.178665">
        <time>2026-05-06T12:53:34Z</time>
      </trkpt>
      <trkpt lat="30.624453" lon="104.17854">
        <time>2026-05-06T12:53:35Z</time>
      </trkpt>
      <trkpt lat="30.62449" lon="104.17842">
        <time>2026-05-06T12:53:36Z</time>
      </trkpt>
      <trkpt lat="30.624537" lon="104.17831">
        <time>2026-05-06T12:53:37Z</time>
      </trkpt>
      <trkpt lat="30.624578" lon="104.17819">
        <time>2026-05-06T12:53:38Z</time>
      </trkpt>
      <trkpt lat="30.624617" lon="104.178085">
        <time>2026-05-06T12:53:39Z</time>
      </trkpt>
      <trkpt lat="30.624655" lon="104.177986">
        <time>2026-05-06T12:53:40Z</time>
      </trkpt>
      <trkpt lat="30.624691" lon="104.17789">
        <time>2026-05-06T12:53:41Z</time>
      </trkpt>
      <trkpt lat="30.624737" lon="104.177795">
        <time>2026-05-06T12:53:42Z</time>
      </trkpt>
      <trkpt lat="30.624783" lon="104.17771">
        <time>2026-05-06T12:53:43Z</time>
      </trkpt>
      <trkpt lat="30.624825" lon="104.17762">
        <time>2026-05-06T12:53:44Z</time>
      </trkpt>
      <trkpt lat="30.624866" lon="104.17753">
        <time>2026-05-06T12:53:45Z</time>
      </trkpt>
      <trkpt lat="30.624903" lon="104.17743">
        <time>2026-05-06T12:53:46Z</time>
      </trkpt>
      <trkpt lat="30.62494" lon="104.17733">
        <time>2026-05-06T12:53:47Z</time>
      </trkpt>
      <trkpt lat="30.62497" lon="104.17724">
        <time>2026-05-06T12:53:48Z</time>
      </trkpt>
      <trkpt lat="30.624996" lon="104.17715">
        <time>2026-05-06T12:53:49Z</time>
      </trkpt>
      <trkpt lat="30.625023" lon="104.177055">
        <time>2026-05-06T12:53:50Z</time>
      </trkpt>
      <trkpt lat="30.625053" lon="104.17696">
        <time>2026-05-06T12:53:51Z</time>
      </trkpt>
      <trkpt lat="30.62508" lon="104.17687">
        <time>2026-05-06T12:53:52Z</time>
      </trkpt>
      <trkpt lat="30.625105" lon="104.17679">
        <time>2026-05-06T12:53:53Z</time>
      </trkpt>
      <trkpt lat="30.625134" lon="104.176704">
        <time>2026-05-06T12:53:54Z</time>
      </trkpt>
      <trkpt lat="30.625162" lon="104.17663">
        <time>2026-05-06T12:53:55Z</time>
      </trkpt>
      <trkpt lat="30.625193" lon="104.17655">
        <time>2026-05-06T12:53:56Z</time>
      </trkpt>
      <trkpt lat="30.62522" lon="104.17647">
        <time>2026-05-06T12:53:57Z</time>
      </trkpt>
      <trkpt lat="30.625248" lon="104.17639">
        <time>2026-05-06T12:53:58Z</time>
      </trkpt>
      <trkpt lat="30.625275" lon="104.176315">
        <time>2026-05-06T12:53:59Z</time>
      </trkpt>
      <trkpt lat="30.625298" lon="104.17625">
        <time>2026-05-06T12:54:00Z</time>
      </trkpt>
      <trkpt lat="30.625324" lon="104.17617">
        <time>2026-05-06T12:54:01Z</time>
      </trkpt>
      <trkpt lat="30.625347" lon="104.1761">
        <time>2026-05-06T12:54:02Z</time>
      </trkpt>
      <trkpt lat="30.625368" lon="104.17603">
        <time>2026-05-06T12:54:03Z</time>
      </trkpt>
      <trkpt lat="30.62539" lon="104.175964">
        <time>2026-05-06T12:54:04Z</time>
      </trkpt>
      <trkpt lat="30.625414" lon="104.175896">
        <time>2026-05-06T12:54:05Z</time>
      </trkpt>
      <trkpt lat="30.62544" lon="104.17583">
        <time>2026-05-06T12:54:06Z</time>
      </trkpt>
      <trkpt lat="30.625467" lon="104.17576">
        <time>2026-05-06T12:54:07Z</time>
      </trkpt>
      <trkpt lat="30.62549" lon="104.17569">
        <time>2026-05-06T12:54:08Z</time>
      </trkpt>
      <trkpt lat="30.625511" lon="104.17562">
        <time>2026-05-06T12:54:09Z</time>
      </trkpt>
      <trkpt lat="30.625532" lon="104.17555">
        <time>2026-05-06T12:54:10Z</time>
      </trkpt>
      <trkpt lat="30.625555" lon="104.175476">
        <time>2026-05-06T12:54:11Z</time>
      </trkpt>
      <trkpt lat="30.62558" lon="104.17541">
        <time>2026-05-06T12:54:12Z</time>
      </trkpt>
      <trkpt lat="30.625607" lon="104.17534">
        <time>2026-05-06T12:54:13Z</time>
      </trkpt>
      <trkpt lat="30.625633" lon="104.17527">
        <time>2026-05-06T12:54:14Z</time>
      </trkpt>
      <trkpt lat="30.625654" lon="104.1752">
        <time>2026-05-06T12:54:15Z</time>
      </trkpt>
      <trkpt lat="30.625677" lon="104.17514">
        <time>2026-05-06T12:54:16Z</time>
      </trkpt>
      <trkpt lat="30.6257" lon="104.17507">
        <time>2026-05-06T12:54:17Z</time>
      </trkpt>
      <trkpt lat="30.625723" lon="104.17501">
        <time>2026-05-06T12:54:18Z</time>
      </trkpt>
      <trkpt lat="30.625746" lon="104.17495">
        <time>2026-05-06T12:54:19Z</time>
      </trkpt>
      <trkpt lat="30.62577" lon="104.17489">
        <time>2026-05-06T12:54:20Z</time>
      </trkpt>
      <trkpt lat="30.625793" lon="104.17483">
        <time>2026-05-06T12:54:21Z</time>
      </trkpt>
      <trkpt lat="30.625814" lon="104.17477">
        <time>2026-05-06T12:54:22Z</time>
      </trkpt>
      <trkpt lat="30.625837" lon="104.174706">
        <time>2026-05-06T12:54:23Z</time>
      </trkpt>
      <trkpt lat="30.625858" lon="104.174644">
        <time>2026-05-06T12:54:24Z</time>
      </trkpt>
      <trkpt lat="30.62588" lon="104.17458">
        <time>2026-05-06T12:54:25Z</time>
      </trkpt>
      <trkpt lat="30.625902" lon="104.17453">
        <time>2026-05-06T12:54:26Z</time>
      </trkpt>
      <trkpt lat="30.625921" lon="104.17447">
        <time>2026-05-06T12:54:27Z</time>
      </trkpt>
      <trkpt lat="30.625935" lon="104.17441">
        <time>2026-05-06T12:54:28Z</time>
      </trkpt>
      <trkpt lat="30.625952" lon="104.17435">
        <time>2026-05-06T12:54:29Z</time>
      </trkpt>
      <trkpt lat="30.62597" lon="104.174286">
        <time>2026-05-06T12:54:30Z</time>
      </trkpt>
      <trkpt lat="30.625994" lon="104.17422">
        <time>2026-05-06T12:54:31Z</time>
      </trkpt>
      <trkpt lat="30.626013" lon="104.174164">
        <time>2026-05-06T12:54:32Z</time>
      </trkpt>
      <trkpt lat="30.626036" lon="104.17411">
        <time>2026-05-06T12:54:33Z</time>
      </trkpt>
      <trkpt lat="30.62606" lon="104.17404">
        <time>2026-05-06T12:54:34Z</time>
      </trkpt>
      <trkpt lat="30.626085" lon="104.17399">
        <time>2026-05-06T12:54:35Z</time>
      </trkpt>
      <trkpt lat="30.626108" lon="104.17393">
        <time>2026-05-06T12:54:36Z</time>
      </trkpt>
      <trkpt lat="30.626131" lon="104.17387">
        <time>2026-05-06T12:54:37Z</time>
      </trkpt>
      <trkpt lat="30.626154" lon="104.173805">
        <time>2026-05-06T12:54:38Z</time>
      </trkpt>
      <trkpt lat="30.626175" lon="104.173744">
        <time>2026-05-06T12:54:39Z</time>
      </trkpt>
      <trkpt lat="30.626196" lon="104.17369">
        <time>2026-05-06T12:54:40Z</time>
      </trkpt>
      <trkpt lat="30.626215" lon="104.17363">
        <time>2026-05-06T12:54:41Z</time>
      </trkpt>
      <trkpt lat="30.626234" lon="104.17357">
        <time>2026-05-06T12:54:42Z</time>
      </trkpt>
      <trkpt lat="30.626259" lon="104.173515">
        <time>2026-05-06T12:54:43Z</time>
      </trkpt>
      <trkpt lat="30.62628" lon="104.17346">
        <time>2026-05-06T12:54:44Z</time>
      </trkpt>
      <trkpt lat="30.6263" lon="104.1734">
        <time>2026-05-06T12:54:45Z</time>
      </trkpt>
      <trkpt lat="30.62632" lon="104.17335">
        <time>2026-05-06T12:54:46Z</time>
      </trkpt>
      <trkpt lat="30.62634" lon="104.17329">
        <time>2026-05-06T12:54:47Z</time>
      </trkpt>
      <trkpt lat="30.626366" lon="104.17323">
        <time>2026-05-06T12:54:48Z</time>
      </trkpt>
      <trkpt lat="30.626387" lon="104.17317">
        <time>2026-05-06T12:54:49Z</time>
      </trkpt>
      <trkpt lat="30.626408" lon="104.17312">
        <time>2026-05-06T12:54:50Z</time>
      </trkpt>
      <trkpt lat="30.626432" lon="104.173065">
        <time>2026-05-06T12:54:51Z</time>
      </trkpt>
      <trkpt lat="30.626453" lon="104.173004">
        <time>2026-05-06T12:54:52Z</time>
      </trkpt>
      <trkpt lat="30.626472" lon="104.17295">
        <time>2026-05-06T12:54:53Z</time>
      </trkpt>
      <trkpt lat="30.626492" lon="104.17289">
        <time>2026-05-06T12:54:54Z</time>
      </trkpt>
      <trkpt lat="30.626513" lon="104.17283">
        <time>2026-05-06T12:54:55Z</time>
      </trkpt>
      <trkpt lat="30.626534" lon="104.172775">
        <time>2026-05-06T12:54:56Z</time>
      </trkpt>
      <trkpt lat="30.626556" lon="104.172714">
        <time>2026-05-06T12:54:57Z</time>
      </trkpt>
      <trkpt lat="30.62658" lon="104.17265">
        <time>2026-05-06T12:54:58Z</time>
      </trkpt>
      <trkpt lat="30.626604" lon="104.17259">
        <time>2026-05-06T12:54:59Z</time>
      </trkpt>
      <trkpt lat="30.626627" lon="104.17253">
        <time>2026-05-06T12:55:00Z</time>
      </trkpt>
      <trkpt lat="30.626652" lon="104.17247">
        <time>2026-05-06T12:55:01Z</time>
      </trkpt>
      <trkpt lat="30.626673" lon="104.1724">
        <time>2026-05-06T12:55:02Z</time>
      </trkpt>
      <trkpt lat="30.626698" lon="104.17235">
        <time>2026-05-06T12:55:03Z</time>
      </trkpt>
      <trkpt lat="30.626722" lon="104.17229">
        <time>2026-05-06T12:55:04Z</time>
      </trkpt>
      <trkpt lat="30.626745" lon="104.172226">
        <time>2026-05-06T12:55:05Z</time>
      </trkpt>
      <trkpt lat="30.626766" lon="104.172165">
        <time>2026-05-06T12:55:06Z</time>
      </trkpt>
      <trkpt lat="30.62679" lon="104.172104">
        <time>2026-05-06T12:55:07Z</time>
      </trkpt>
      <trkpt lat="30.626816" lon="104.17205">
        <time>2026-05-06T12:55:08Z</time>
      </trkpt>
      <trkpt lat="30.626839" lon="104.172">
        <time>2026-05-06T12:55:09Z</time>
      </trkpt>
      <trkpt lat="30.62686" lon="104.171936">
        <time>2026-05-06T12:55:10Z</time>
      </trkpt>
      <trkpt lat="30.626883" lon="104.171875">
        <time>2026-05-06T12:55:11Z</time>
      </trkpt>
      <trkpt lat="30.626907" lon="104.17182">
        <time>2026-05-06T12:55:12Z</time>
      </trkpt>
      <trkpt lat="30.626932" lon="104.17177">
        <time>2026-05-06T12:55:13Z</time>
      </trkpt>
      <trkpt lat="30.626955" lon="104.171715">
        <time>2026-05-06T12:55:14Z</time>
      </trkpt>
      <trkpt lat="30.626978" lon="104.17165">
        <time>2026-05-06T12:55:15Z</time>
      </trkpt>
      <trkpt lat="30.62701" lon="104.17159">
        <time>2026-05-06T12:55:16Z</time>
      </trkpt>
      <trkpt lat="30.62704" lon="104.17154">
        <time>2026-05-06T12:55:17Z</time>
      </trkpt>
      <trkpt lat="30.62707" lon="104.17148">
        <time>2026-05-06T12:55:18Z</time>
      </trkpt>
      <trkpt lat="30.627098" lon="104.17142">
        <time>2026-05-06T12:55:19Z</time>
      </trkpt>
      <trkpt lat="30.627127" lon="104.17136">
        <time>2026-05-06T12:55:20Z</time>
      </trkpt>
      <trkpt lat="30.627153" lon="104.1713">
        <time>2026-05-06T12:55:21Z</time>
      </trkpt>
      <trkpt lat="30.627182" lon="104.17125">
        <time>2026-05-06T12:55:22Z</time>
      </trkpt>
      <trkpt lat="30.627205" lon="104.17119">
        <time>2026-05-06T12:55:23Z</time>
      </trkpt>
      <trkpt lat="30.627234" lon="104.17113">
        <time>2026-05-06T12:55:24Z</time>
      </trkpt>
      <trkpt lat="30.62726" lon="104.17107">
        <time>2026-05-06T12:55:25Z</time>
      </trkpt>
      <trkpt lat="30.62729" lon="104.171005">
        <time>2026-05-06T12:55:26Z</time>
      </trkpt>
      <trkpt lat="30.627321" lon="104.17094">
        <time>2026-05-06T12:55:27Z</time>
      </trkpt>
      <trkpt lat="30.627354" lon="104.170876">
        <time>2026-05-06T12:55:28Z</time>
      </trkpt>
      <trkpt lat="30.627384" lon="104.170815">
        <time>2026-05-06T12:55:29Z</time>
      </trkpt>
      <trkpt lat="30.62741" lon="104.17075">
        <time>2026-05-06T12:55:30Z</time>
      </trkpt>
      <trkpt lat="30.627438" lon="104.170685">
        <time>2026-05-06T12:55:31Z</time>
      </trkpt>
      <trkpt lat="30.627462" lon="104.17062">
        <time>2026-05-06T12:55:32Z</time>
      </trkpt>
      <trkpt lat="30.627491" lon="104.17056">
        <time>2026-05-06T12:55:33Z</time>
      </trkpt>
      <trkpt lat="30.627518" lon="104.170494">
        <time>2026-05-06T12:55:34Z</time>
      </trkpt>
      <trkpt lat="30.627542" lon="104.17043">
        <time>2026-05-06T12:55:35Z</time>
      </trkpt>
      <trkpt lat="30.627567" lon="104.170364">
        <time>2026-05-06T12:55:36Z</time>
      </trkpt>
      <trkpt lat="30.627596" lon="104.1703">
        <time>2026-05-06T12:55:37Z</time>
      </trkpt>
      <trkpt lat="30.627625" lon="104.17024">
        <time>2026-05-06T12:55:38Z</time>
      </trkpt>
      <trkpt lat="30.62766" lon="104.17018">
        <time>2026-05-06T12:55:39Z</time>
      </trkpt>
      <trkpt lat="30.627697" lon="104.17011">
        <time>2026-05-06T12:55:40Z</time>
      </trkpt>
      <trkpt lat="30.62773" lon="104.17005">
        <time>2026-05-06T12:55:41Z</time>
      </trkpt>
      <trkpt lat="30.627764" lon="104.169975">
        <time>2026-05-06T12:55:42Z</time>
      </trkpt>
      <trkpt lat="30.627798" lon="104.16991">
        <time>2026-05-06T12:55:43Z</time>
      </trkpt>
      <trkpt lat="30.627834" lon="104.16983">
        <time>2026-05-06T12:55:44Z</time>
      </trkpt>
      <trkpt lat="30.627872" lon="104.16975">
        <time>2026-05-06T12:55:45Z</time>
      </trkpt>
      <trkpt lat="30.62791" lon="104.16967">
        <time>2026-05-06T12:55:46Z</time>
      </trkpt>
      <trkpt lat="30.62795" lon="104.169586">
        <time>2026-05-06T12:55:47Z</time>
      </trkpt>
      <trkpt lat="30.627995" lon="104.1695">
        <time>2026-05-06T12:55:48Z</time>
      </trkpt>
      <trkpt lat="30.628036" lon="104.169426">
        <time>2026-05-06T12:55:49Z</time>
      </trkpt>
      <trkpt lat="30.62808" lon="104.16935">
        <time>2026-05-06T12:55:50Z</time>
      </trkpt>
      <trkpt lat="30.628124" lon="104.16927">
        <time>2026-05-06T12:55:51Z</time>
      </trkpt>
      <trkpt lat="30.628162" lon="104.16919">
        <time>2026-05-06T12:55:52Z</time>
      </trkpt>
      <trkpt lat="30.628202" lon="104.16911">
        <time>2026-05-06T12:55:53Z</time>
      </trkpt>
      <trkpt lat="30.628242" lon="104.16903">
        <time>2026-05-06T12:55:54Z</time>
      </trkpt>
      <trkpt lat="30.628283" lon="104.16895">
        <time>2026-05-06T12:55:55Z</time>
      </trkpt>
      <trkpt lat="30.628323" lon="104.16888">
        <time>2026-05-06T12:55:56Z</time>
      </trkpt>
      <trkpt lat="30.628366" lon="104.1688">
        <time>2026-05-06T12:55:57Z</time>
      </trkpt>
      <trkpt lat="30.62841" lon="104.168724">
        <time>2026-05-06T12:55:58Z</time>
      </trkpt>
      <trkpt lat="30.628452" lon="104.16865">
        <time>2026-05-06T12:55:59Z</time>
      </trkpt>
      <trkpt lat="30.628494" lon="104.16857">
        <time>2026-05-06T12:56:00Z</time>
      </trkpt>
      <trkpt lat="30.628536" lon="104.168495">
        <time>2026-05-06T12:56:01Z</time>
      </trkpt>
      <trkpt lat="30.628578" lon="104.16842">
        <time>2026-05-06T12:56:02Z</time>
      </trkpt>
      <trkpt lat="30.628616" lon="104.16835">
        <time>2026-05-06T12:56:03Z</time>
      </trkpt>
      <trkpt lat="30.628649" lon="104.168274">
        <time>2026-05-06T12:56:04Z</time>
      </trkpt>
      <trkpt lat="30.628685" lon="104.1682">
        <time>2026-05-06T12:56:05Z</time>
      </trkpt>
      <trkpt lat="30.628723" lon="104.16812">
        <time>2026-05-06T12:56:06Z</time>
      </trkpt>
      <trkpt lat="30.628763" lon="104.16805">
        <time>2026-05-06T12:56:07Z</time>
      </trkpt>
      <trkpt lat="30.628803" lon="104.16798">
        <time>2026-05-06T12:56:08Z</time>
      </trkpt>
      <trkpt lat="30.628849" lon="104.16791">
        <time>2026-05-06T12:56:09Z</time>
      </trkpt>
      <trkpt lat="30.628897" lon="104.16785">
        <time>2026-05-06T12:56:10Z</time>
      </trkpt>
      <trkpt lat="30.628944" lon="104.16779">
        <time>2026-05-06T12:56:11Z</time>
      </trkpt>
      <trkpt lat="30.628986" lon="104.16775">
        <time>2026-05-06T12:56:12Z</time>
      </trkpt>
      <trkpt lat="30.629028" lon="104.16772">
        <time>2026-05-06T12:56:13Z</time>
      </trkpt>
      <trkpt lat="30.629087" lon="104.16769">
        <time>2026-05-06T12:56:14Z</time>
      </trkpt>
      <trkpt lat="30.629154" lon="104.16766">
        <time>2026-05-06T12:56:15Z</time>
      </trkpt>
      <trkpt lat="30.62921" lon="104.16764">
        <time>2026-05-06T12:56:16Z</time>
      </trkpt>
      <trkpt lat="30.629246" lon="104.167595">
        <time>2026-05-06T12:56:17Z</time>
      </trkpt>
      <trkpt lat="30.629267" lon="104.16756">
        <time>2026-05-06T12:56:18Z</time>
      </trkpt>
      <trkpt lat="30.629286" lon="104.16753">
        <time>2026-05-06T12:56:19Z</time>
      </trkpt>
      <trkpt lat="30.6293" lon="104.1675">
        <time>2026-05-06T12:56:20Z</time>
      </trkpt>
      <trkpt lat="30.629307" lon="104.16747">
        <time>2026-05-06T12:56:21Z</time>
      </trkpt>
      <trkpt lat="30.629313" lon="104.167465">
        <time>2026-05-06T12:56:22Z</time>
      </trkpt>
      <trkpt lat="30.629313" lon="104.167465">
        <time>2026-05-06T12:56:23Z</time>
      </trkpt>
      <trkpt lat="30.629313" lon="104.167465">
        <time>2026-05-06T12:56:24Z</time>
      </trkpt>
      <trkpt lat="30.629313" lon="104.167465">
        <time>2026-05-06T12:56:25Z</time>
      </trkpt>
      <trkpt lat="30.629313" lon="104.167465">
        <time>2026-05-06T12:56:26Z</time>
      </trkpt>
      <trkpt lat="30.629313" lon="104.167465">
        <time>2026-05-06T12:56:27Z</time>
      </trkpt>
      <trkpt lat="30.629313" lon="104.167465">
        <time>2026-05-06T12:56:28Z</time>
      </trkpt>
      <trkpt lat="30.629313" lon="104.167465">
        <time>2026-05-06T12:56:29Z</time>
      </trkpt>
      <trkpt lat="30.629313" lon="104.167465">
        <time>2026-05-06T12:56:30Z</time>
      </trkpt>
      <trkpt lat="30.629313" lon="104.167465">
        <time>2026-05-06T12:56:31Z</time>
      </trkpt>
      <trkpt lat="30.629313" lon="104.167465">
        <time>2026-05-06T12:56:32Z</time>
      </trkpt>
      <trkpt lat="30.629313" lon="104.167465">
        <time>2026-05-06T12:56:33Z</time>
      </trkpt>
      <trkpt lat="30.629313" lon="104.167465">
        <time>2026-05-06T12:56:34Z</time>
      </trkpt>
      <trkpt lat="30.629313" lon="104.167465">
        <time>2026-05-06T12:56:35Z</time>
      </trkpt>
      <trkpt lat="30.629313" lon="104.167465">
        <time>2026-05-06T12:56:36Z</time>
      </trkpt>
      <trkpt lat="30.629313" lon="104.167465">
        <time>2026-05-06T12:56:37Z</time>
      </trkpt>
      <trkpt lat="30.629313" lon="104.167465">
        <time>2026-05-06T12:56:38Z</time>
      </trkpt>
      <trkpt lat="30.629313" lon="104.167465">
        <time>2026-05-06T12:56:39Z</time>
      </trkpt>
      <trkpt lat="30.629313" lon="104.167465">
        <time>2026-05-06T12:56:40Z</time>
      </trkpt>
      <trkpt lat="30.629313" lon="104.167465">
        <time>2026-05-06T12:56:41Z</time>
      </trkpt>
      <trkpt lat="30.629313" lon="104.167465">
        <time>2026-05-06T12:56:42Z</time>
      </trkpt>
      <trkpt lat="30.629313" lon="104.167465">
        <time>2026-05-06T12:56:43Z</time>
      </trkpt>
      <trkpt lat="30.629313" lon="104.167465">
        <time>2026-05-06T12:56:44Z</time>
      </trkpt>
      <trkpt lat="30.629313" lon="104.167465">
        <time>2026-05-06T12:56:45Z</time>
      </trkpt>
      <trkpt lat="30.629313" lon="104.167465">
        <time>2026-05-06T12:56:46Z</time>
      </trkpt>
      <trkpt lat="30.629313" lon="104.167465">
        <time>2026-05-06T12:56:47Z</time>
      </trkpt>
      <trkpt lat="30.629313" lon="104.167465">
        <time>2026-05-06T12:56:48Z</time>
      </trkpt>
      <trkpt lat="30.629313" lon="104.167465">
        <time>2026-05-06T12:56:49Z</time>
      </trkpt>
      <trkpt lat="30.629313" lon="104.167465">
        <time>2026-05-06T12:56:50Z</time>
      </trkpt>
      <trkpt lat="30.629313" lon="104.167465">
        <time>2026-05-06T12:56:51Z</time>
      </trkpt>
      <trkpt lat="30.629313" lon="104.167465">
        <time>2026-05-06T12:56:52Z</time>
      </trkpt>
      <trkpt lat="30.62934" lon="104.1674">
        <time>2026-05-06T12:56:53Z</time>
      </trkpt>
      <trkpt lat="30.629345" lon="104.16737">
        <time>2026-05-06T12:56:54Z</time>
      </trkpt>
      <trkpt lat="30.629353" lon="104.167336">
        <time>2026-05-06T12:56:55Z</time>
      </trkpt>
      <trkpt lat="30.629366" lon="104.16729">
        <time>2026-05-06T12:56:56Z</time>
      </trkpt>
      <trkpt lat="30.629377" lon="104.167244">
        <time>2026-05-06T12:56:57Z</time>
      </trkpt>
      <trkpt lat="30.62939" lon="104.167206">
        <time>2026-05-06T12:56:58Z</time>
      </trkpt>
      <trkpt lat="30.62941" lon="104.16717">
        <time>2026-05-06T12:56:59Z</time>
      </trkpt>
      <trkpt lat="30.62943" lon="104.16712">
        <time>2026-05-06T12:57:00Z</time>
      </trkpt>
      <trkpt lat="30.629457" lon="104.16708">
        <time>2026-05-06T12:57:01Z</time>
      </trkpt>
      <trkpt lat="30.629478" lon="104.167046">
        <time>2026-05-06T12:57:02Z</time>
      </trkpt>
      <trkpt lat="30.629507" lon="104.16699">
        <time>2026-05-06T12:57:03Z</time>
      </trkpt>
      <trkpt lat="30.629534" lon="104.16694">
        <time>2026-05-06T12:57:04Z</time>
      </trkpt>
      <trkpt lat="30.629564" lon="104.16687">
        <time>2026-05-06T12:57:05Z</time>
      </trkpt>
      <trkpt lat="30.62959" lon="104.16681">
        <time>2026-05-06T12:57:06Z</time>
      </trkpt>
      <trkpt lat="30.629604" lon="104.16675">
        <time>2026-05-06T12:57:07Z</time>
      </trkpt>
      <trkpt lat="30.62963" lon="104.16668">
        <time>2026-05-06T12:57:08Z</time>
      </trkpt>
      <trkpt lat="30.629648" lon="104.1666">
        <time>2026-05-06T12:57:09Z</time>
      </trkpt>
      <trkpt lat="30.629671" lon="104.16652">
        <time>2026-05-06T12:57:10Z</time>
      </trkpt>
      <trkpt lat="30.629694" lon="104.166435">
        <time>2026-05-06T12:57:11Z</time>
      </trkpt>
      <trkpt lat="30.629723" lon="104.16635">
        <time>2026-05-06T12:57:12Z</time>
      </trkpt>
      <trkpt lat="30.629751" lon="104.16626">
        <time>2026-05-06T12:57:13Z</time>
      </trkpt>
      <trkpt lat="30.629778" lon="104.166176">
        <time>2026-05-06T12:57:14Z</time>
      </trkpt>
      <trkpt lat="30.629803" lon="104.16609">
        <time>2026-05-06T12:57:15Z</time>
      </trkpt>
      <trkpt lat="30.629831" lon="104.16601">
        <time>2026-05-06T12:57:16Z</time>
      </trkpt>
      <trkpt lat="30.629858" lon="104.16593">
        <time>2026-05-06T12:57:17Z</time>
      </trkpt>
      <trkpt lat="30.629885" lon="104.16585">
        <time>2026-05-06T12:57:18Z</time>
      </trkpt>
      <trkpt lat="30.629913" lon="104.16576">
        <time>2026-05-06T12:57:19Z</time>
      </trkpt>
      <trkpt lat="30.629948" lon="104.16567">
        <time>2026-05-06T12:57:20Z</time>
      </trkpt>
      <trkpt lat="30.629988" lon="104.16559">
        <time>2026-05-06T12:57:21Z</time>
      </trkpt>
      <trkpt lat="30.630026" lon="104.1655">
        <time>2026-05-06T12:57:22Z</time>
      </trkpt>
      <trkpt lat="30.630072" lon="104.16542">
        <time>2026-05-06T12:57:23Z</time>
      </trkpt>
      <trkpt lat="30.630114" lon="104.165344">
        <time>2026-05-06T12:57:24Z</time>
      </trkpt>
      <trkpt lat="30.630148" lon="104.16527">
        <time>2026-05-06T12:57:25Z</time>
      </trkpt>
      <trkpt lat="30.630178" lon="104.165184">
        <time>2026-05-06T12:57:26Z</time>
      </trkpt>
      <trkpt lat="30.630209" lon="104.165115">
        <time>2026-05-06T12:57:27Z</time>
      </trkpt>
      <trkpt lat="30.630241" lon="104.16504">
        <time>2026-05-06T12:57:28Z</time>
      </trkpt>
      <trkpt lat="30.630276" lon="104.16497">
        <time>2026-05-06T12:57:29Z</time>
      </trkpt>
      <trkpt lat="30.630308" lon="104.164894">
        <time>2026-05-06T12:57:30Z</time>
      </trkpt>
      <trkpt lat="30.630344" lon="104.164825">
        <time>2026-05-06T12:57:31Z</time>
      </trkpt>
      <trkpt lat="30.630379" lon="104.16476">
        <time>2026-05-06T12:57:32Z</time>
      </trkpt>
      <trkpt lat="30.630411" lon="104.16469">
        <time>2026-05-06T12:57:33Z</time>
      </trkpt>
      <trkpt lat="30.630447" lon="104.16463">
        <time>2026-05-06T12:57:34Z</time>
      </trkpt>
      <trkpt lat="30.63048" lon="104.164566">
        <time>2026-05-06T12:57:35Z</time>
      </trkpt>
      <trkpt lat="30.630508" lon="104.16449">
        <time>2026-05-06T12:57:36Z</time>
      </trkpt>
      <trkpt lat="30.630537" lon="104.16443">
        <time>2026-05-06T12:57:37Z</time>
      </trkpt>
      <trkpt lat="30.630564" lon="104.16436">
        <time>2026-05-06T12:57:38Z</time>
      </trkpt>
      <trkpt lat="30.630594" lon="104.16429">
        <time>2026-05-06T12:57:39Z</time>
      </trkpt>
      <trkpt lat="30.630623" lon="104.16422">
        <time>2026-05-06T12:57:40Z</time>
      </trkpt>
      <trkpt lat="30.63065" lon="104.164154">
        <time>2026-05-06T12:57:41Z</time>
      </trkpt>
      <trkpt lat="30.630672" lon="104.164085">
        <time>2026-05-06T12:57:42Z</time>
      </trkpt>
      <trkpt lat="30.630695" lon="104.16402">
        <time>2026-05-06T12:57:43Z</time>
      </trkpt>
      <trkpt lat="30.630716" lon="104.16395">
        <time>2026-05-06T12:57:44Z</time>
      </trkpt>
      <trkpt lat="30.63074" lon="104.16388">
        <time>2026-05-06T12:57:45Z</time>
      </trkpt>
      <trkpt lat="30.630762" lon="104.16382">
        <time>2026-05-06T12:57:46Z</time>
      </trkpt>
      <trkpt lat="30.630793" lon="104.16376">
        <time>2026-05-06T12:57:47Z</time>
      </trkpt>
      <trkpt lat="30.630829" lon="104.1637">
        <time>2026-05-06T12:57:48Z</time>
      </trkpt>
      <trkpt lat="30.630865" lon="104.163635">
        <time>2026-05-06T12:57:49Z</time>
      </trkpt>
      <trkpt lat="30.6309" lon="104.16358">
        <time>2026-05-06T12:57:50Z</time>
      </trkpt>
      <trkpt lat="30.630932" lon="104.16352">
        <time>2026-05-06T12:57:51Z</time>
      </trkpt>
      <trkpt lat="30.630962" lon="104.16346">
        <time>2026-05-06T12:57:52Z</time>
      </trkpt>
      <trkpt lat="30.630991" lon="104.1634">
        <time>2026-05-06T12:57:53Z</time>
      </trkpt>
      <trkpt lat="30.631023" lon="104.16334">
        <time>2026-05-06T12:57:54Z</time>
      </trkpt>
      <trkpt lat="30.631054" lon="104.16328">
        <time>2026-05-06T12:57:55Z</time>
      </trkpt>
      <trkpt lat="30.631084" lon="104.163216">
        <time>2026-05-06T12:57:56Z</time>
      </trkpt>
      <trkpt lat="30.631119" lon="104.16316">
        <time>2026-05-06T12:57:57Z</time>
      </trkpt>
      <trkpt lat="30.631147" lon="104.1631">
        <time>2026-05-06T12:57:58Z</time>
      </trkpt>
      <trkpt lat="30.631178" lon="104.16304">
        <time>2026-05-06T12:57:59Z</time>
      </trkpt>
      <trkpt lat="30.631208" lon="104.16298">
        <time>2026-05-06T12:58:00Z</time>
      </trkpt>
      <trkpt lat="30.631239" lon="104.16292">
        <time>2026-05-06T12:58:01Z</time>
      </trkpt>
      <trkpt lat="30.631268" lon="104.16286">
        <time>2026-05-06T12:58:02Z</time>
      </trkpt>
      <trkpt lat="30.631294" lon="104.162796">
        <time>2026-05-06T12:58:03Z</time>
      </trkpt>
      <trkpt lat="30.63132" lon="104.16273">
        <time>2026-05-06T12:58:04Z</time>
      </trkpt>
      <trkpt lat="30.631346" lon="104.16266">
        <time>2026-05-06T12:58:05Z</time>
      </trkpt>
      <trkpt lat="30.631367" lon="104.16259">
        <time>2026-05-06T12:58:06Z</time>
      </trkpt>
      <trkpt lat="30.631393" lon="104.16253">
        <time>2026-05-06T12:58:07Z</time>
      </trkpt>
      <trkpt lat="30.631424" lon="104.16246">
        <time>2026-05-06T12:58:08Z</time>
      </trkpt>
      <trkpt lat="30.631454" lon="104.1624">
        <time>2026-05-06T12:58:09Z</time>
      </trkpt>
      <trkpt lat="30.631485" lon="104.16234">
        <time>2026-05-06T12:58:10Z</time>
      </trkpt>
      <trkpt lat="30.631517" lon="104.16228">
        <time>2026-05-06T12:58:11Z</time>
      </trkpt>
      <trkpt lat="30.631552" lon="104.16221">
        <time>2026-05-06T12:58:12Z</time>
      </trkpt>
      <trkpt lat="30.631582" lon="104.162155">
        <time>2026-05-06T12:58:13Z</time>
      </trkpt>
      <trkpt lat="30.63161" lon="104.162094">
        <time>2026-05-06T12:58:14Z</time>
      </trkpt>
      <trkpt lat="30.631636" lon="104.16203">
        <time>2026-05-06T12:58:15Z</time>
      </trkpt>
      <trkpt lat="30.631662" lon="104.16198">
        <time>2026-05-06T12:58:16Z</time>
      </trkpt>
      <trkpt lat="30.631687" lon="104.16193">
        <time>2026-05-06T12:58:17Z</time>
      </trkpt>
      <trkpt lat="30.631712" lon="104.161865">
        <time>2026-05-06T12:58:18Z</time>
      </trkpt>
      <trkpt lat="30.631744" lon="104.16181">
        <time>2026-05-06T12:58:19Z</time>
      </trkpt>
      <trkpt lat="30.631779" lon="104.16176">
        <time>2026-05-06T12:58:20Z</time>
      </trkpt>
      <trkpt lat="30.63181" lon="104.16171">
        <time>2026-05-06T12:58:21Z</time>
      </trkpt>
      <trkpt lat="30.63184" lon="104.16165">
        <time>2026-05-06T12:58:22Z</time>
      </trkpt>
      <trkpt lat="30.63187" lon="104.16159">
        <time>2026-05-06T12:58:23Z</time>
      </trkpt>
      <trkpt lat="30.631895" lon="104.16154">
        <time>2026-05-06T12:58:24Z</time>
      </trkpt>
      <trkpt lat="30.631924" lon="104.161476">
        <time>2026-05-06T12:58:25Z</time>
      </trkpt>
      <trkpt lat="30.631952" lon="104.16142">
        <time>2026-05-06T12:58:26Z</time>
      </trkpt>
      <trkpt lat="30.63198" lon="104.16136">
        <time>2026-05-06T12:58:27Z</time>
      </trkpt>
      <trkpt lat="30.63201" lon="104.1613">
        <time>2026-05-06T12:58:28Z</time>
      </trkpt>
      <trkpt lat="30.632042" lon="104.16125">
        <time>2026-05-06T12:58:29Z</time>
      </trkpt>
      <trkpt lat="30.632076" lon="104.161194">
        <time>2026-05-06T12:58:30Z</time>
      </trkpt>
      <trkpt lat="30.63211" lon="104.16114">
        <time>2026-05-06T12:58:31Z</time>
      </trkpt>
      <trkpt lat="30.632147" lon="104.16109">
        <time>2026-05-06T12:58:32Z</time>
      </trkpt>
      <trkpt lat="30.632183" lon="104.161026">
        <time>2026-05-06T12:58:33Z</time>
      </trkpt>
      <trkpt lat="30.632215" lon="104.160965">
        <time>2026-05-06T12:58:34Z</time>
      </trkpt>
      <trkpt lat="30.632246" lon="104.160904">
        <time>2026-05-06T12:58:35Z</time>
      </trkpt>
      <trkpt lat="30.632278" lon="104.16084">
        <time>2026-05-06T12:58:36Z</time>
      </trkpt>
      <trkpt lat="30.63231" lon="104.160774">
        <time>2026-05-06T12:58:37Z</time>
      </trkpt>
      <trkpt lat="30.63234" lon="104.16071">
        <time>2026-05-06T12:58:38Z</time>
      </trkpt>
      <trkpt lat="30.632368" lon="104.160645">
        <time>2026-05-06T12:58:39Z</time>
      </trkpt>
      <trkpt lat="30.63239" lon="104.160576">
        <time>2026-05-06T12:58:40Z</time>
      </trkpt>
      <trkpt lat="30.632416" lon="104.16051">
        <time>2026-05-06T12:58:41Z</time>
      </trkpt>
      <trkpt lat="30.632444" lon="104.16044">
        <time>2026-05-06T12:58:42Z</time>
      </trkpt>
      <trkpt lat="30.632479" lon="104.16038">
        <time>2026-05-06T12:58:43Z</time>
      </trkpt>
      <trkpt lat="30.63251" lon="104.16032">
        <time>2026-05-06T12:58:44Z</time>
      </trkpt>
      <trkpt lat="30.63254" lon="104.16025">
        <time>2026-05-06T12:58:45Z</time>
      </trkpt>
      <trkpt lat="30.63257" lon="104.16019">
        <time>2026-05-06T12:58:46Z</time>
      </trkpt>
      <trkpt lat="30.6326" lon="104.16012">
        <time>2026-05-06T12:58:47Z</time>
      </trkpt>
      <trkpt lat="30.632631" lon="104.16006">
        <time>2026-05-06T12:58:48Z</time>
      </trkpt>
      <trkpt lat="30.632662" lon="104.15999">
        <time>2026-05-06T12:58:49Z</time>
      </trkpt>
      <trkpt lat="30.632694" lon="104.15993">
        <time>2026-05-06T12:58:50Z</time>
      </trkpt>
      <trkpt lat="30.632727" lon="104.15986">
        <time>2026-05-06T12:58:51Z</time>
      </trkpt>
      <trkpt lat="30.63276" lon="104.1598">
        <time>2026-05-06T12:58:52Z</time>
      </trkpt>
      <trkpt lat="30.63279" lon="104.15973">
        <time>2026-05-06T12:58:53Z</time>
      </trkpt>
      <trkpt lat="30.63282" lon="104.15966">
        <time>2026-05-06T12:58:54Z</time>
      </trkpt>
      <trkpt lat="30.632853" lon="104.1596">
        <time>2026-05-06T12:58:55Z</time>
      </trkpt>
      <trkpt lat="30.632883" lon="104.15953">
        <time>2026-05-06T12:58:56Z</time>
      </trkpt>
      <trkpt lat="30.632915" lon="104.15946">
        <time>2026-05-06T12:58:57Z</time>
      </trkpt>
      <trkpt lat="30.632946" lon="104.159386">
        <time>2026-05-06T12:58:58Z</time>
      </trkpt>
      <trkpt lat="30.632978" lon="104.15932">
        <time>2026-05-06T12:58:59Z</time>
      </trkpt>
      <trkpt lat="30.633009" lon="104.15925">
        <time>2026-05-06T12:59:00Z</time>
      </trkpt>
      <trkpt lat="30.63304" lon="104.15918">
        <time>2026-05-06T12:59:01Z</time>
      </trkpt>
      <trkpt lat="30.633072" lon="104.15912">
        <time>2026-05-06T12:59:02Z</time>
      </trkpt>
      <trkpt lat="30.633102" lon="104.15905">
        <time>2026-05-06T12:59:03Z</time>
      </trkpt>
      <trkpt lat="30.633135" lon="104.15897">
        <time>2026-05-06T12:59:04Z</time>
      </trkpt>
      <trkpt lat="30.63317" lon="104.158905">
        <time>2026-05-06T12:59:05Z</time>
      </trkpt>
      <trkpt lat="30.633202" lon="104.158844">
        <time>2026-05-06T12:59:06Z</time>
      </trkpt>
      <trkpt lat="30.633234" lon="104.158775">
        <time>2026-05-06T12:59:07Z</time>
      </trkpt>
      <trkpt lat="30.633263" lon="104.15871">
        <time>2026-05-06T12:59:08Z</time>
      </trkpt>
      <trkpt lat="30.633295" lon="104.15864">
        <time>2026-05-06T12:59:09Z</time>
      </trkpt>
      <trkpt lat="30.633324" lon="104.15857">
        <time>2026-05-06T12:59:10Z</time>
      </trkpt>
      <trkpt lat="30.63335" lon="104.15851">
        <time>2026-05-06T12:59:11Z</time>
      </trkpt>
      <trkpt lat="30.633375" lon="104.15844">
        <time>2026-05-06T12:59:12Z</time>
      </trkpt>
      <trkpt lat="30.633398" lon="104.15837">
        <time>2026-05-06T12:59:13Z</time>
      </trkpt>
      <trkpt lat="30.633425" lon="104.1583">
        <time>2026-05-06T12:59:14Z</time>
      </trkpt>
      <trkpt lat="30.633455" lon="104.15823">
        <time>2026-05-06T12:59:15Z</time>
      </trkpt>
      <trkpt lat="30.633486" lon="104.158165">
        <time>2026-05-06T12:59:16Z</time>
      </trkpt>
      <trkpt lat="30.633518" lon="104.1581">
        <time>2026-05-06T12:59:17Z</time>
      </trkpt>
      <trkpt lat="30.63355" lon="104.158035">
        <time>2026-05-06T12:59:18Z</time>
      </trkpt>
      <trkpt lat="30.63358" lon="104.157974">
        <time>2026-05-06T12:59:19Z</time>
      </trkpt>
      <trkpt lat="30.633608" lon="104.15791">
        <time>2026-05-06T12:59:20Z</time>
      </trkpt>
      <trkpt lat="30.633636" lon="104.15785">
        <time>2026-05-06T12:59:21Z</time>
      </trkpt>
      <trkpt lat="30.633661" lon="104.15779">
        <time>2026-05-06T12:59:22Z</time>
      </trkpt>
      <trkpt lat="30.633692" lon="104.15773">
        <time>2026-05-06T12:59:23Z</time>
      </trkpt>
      <trkpt lat="30.633724" lon="104.15767">
        <time>2026-05-06T12:59:24Z</time>
      </trkpt>
      <trkpt lat="30.63375" lon="104.15761">
        <time>2026-05-06T12:59:25Z</time>
      </trkpt>
      <trkpt lat="30.633778" lon="104.15754">
        <time>2026-05-06T12:59:26Z</time>
      </trkpt>
      <trkpt lat="30.633802" lon="104.15748">
        <time>2026-05-06T12:59:27Z</time>
      </trkpt>
      <trkpt lat="30.63383" lon="104.157425">
        <time>2026-05-06T12:59:28Z</time>
      </trkpt>
      <trkpt lat="30.633858" lon="104.15737">
        <time>2026-05-06T12:59:29Z</time>
      </trkpt>
      <trkpt lat="30.633886" lon="104.15732">
        <time>2026-05-06T12:59:30Z</time>
      </trkpt>
      <trkpt lat="30.633911" lon="104.15728">
        <time>2026-05-06T12:59:31Z</time>
      </trkpt>
      <trkpt lat="30.633932" lon="104.157234">
        <time>2026-05-06T12:59:32Z</time>
      </trkpt>
      <trkpt lat="30.633951" lon="104.157196">
        <time>2026-05-06T12:59:33Z</time>
      </trkpt>
      <trkpt lat="30.633968" lon="104.15715">
        <time>2026-05-06T12:59:34Z</time>
      </trkpt>
      <trkpt lat="30.633986" lon="104.157104">
        <time>2026-05-06T12:59:35Z</time>
      </trkpt>
      <trkpt lat="30.634003" lon="104.15707">
        <time>2026-05-06T12:59:36Z</time>
      </trkpt>
      <trkpt lat="30.634022" lon="104.15703">
        <time>2026-05-06T12:59:37Z</time>
      </trkpt>
      <trkpt lat="30.634039" lon="104.15698">
        <time>2026-05-06T12:59:38Z</time>
      </trkpt>
      <trkpt lat="30.634054" lon="104.15694">
        <time>2026-05-06T12:59:39Z</time>
      </trkpt>
      <trkpt lat="30.634066" lon="104.15689">
        <time>2026-05-06T12:59:40Z</time>
      </trkpt>
      <trkpt lat="30.634079" lon="104.156845">
        <time>2026-05-06T12:59:41Z</time>
      </trkpt>
      <trkpt lat="30.634092" lon="104.15681">
        <time>2026-05-06T12:59:42Z</time>
      </trkpt>
      <trkpt lat="30.634102" lon="104.15676">
        <time>2026-05-06T12:59:43Z</time>
      </trkpt>
      <trkpt lat="30.634117" lon="104.156715">
        <time>2026-05-06T12:59:44Z</time>
      </trkpt>
      <trkpt lat="30.63413" lon="104.15667">
        <time>2026-05-06T12:59:45Z</time>
      </trkpt>
      <trkpt lat="30.634146" lon="104.156624">
        <time>2026-05-06T12:59:46Z</time>
      </trkpt>
      <trkpt lat="30.634169" lon="104.156586">
        <time>2026-05-06T12:59:47Z</time>
      </trkpt>
      <trkpt lat="30.634188" lon="104.15654">
        <time>2026-05-06T12:59:48Z</time>
      </trkpt>
      <trkpt lat="30.634207" lon="104.1565">
        <time>2026-05-06T12:59:49Z</time>
      </trkpt>
      <trkpt lat="30.634226" lon="104.156456">
        <time>2026-05-06T12:59:50Z</time>
      </trkpt>
      <trkpt lat="30.634243" lon="104.15641">
        <time>2026-05-06T12:59:51Z</time>
      </trkpt>
      <trkpt lat="30.634262" lon="104.15637">
        <time>2026-05-06T12:59:52Z</time>
      </trkpt>
      <trkpt lat="30.63428" lon="104.15632">
        <time>2026-05-06T12:59:53Z</time>
      </trkpt>
      <trkpt lat="30.634298" lon="104.15627">
        <time>2026-05-06T12:59:54Z</time>
      </trkpt>
      <trkpt lat="30.634317" lon="104.15623">
        <time>2026-05-06T12:59:55Z</time>
      </trkpt>
      <trkpt lat="30.634338" lon="104.15618">
        <time>2026-05-06T12:59:56Z</time>
      </trkpt>
      <trkpt lat="30.634357" lon="104.156136">
        <time>2026-05-06T12:59:57Z</time>
      </trkpt>
      <trkpt lat="30.634377" lon="104.15609">
        <time>2026-05-06T12:59:58Z</time>
      </trkpt>
      <trkpt lat="30.634394" lon="104.15605">
        <time>2026-05-06T12:59:59Z</time>
      </trkpt>
      <trkpt lat="30.63441" lon="104.156006">
        <time>2026-05-06T13:00:00Z</time>
      </trkpt>
      <trkpt lat="30.634426" lon="104.15597">
        <time>2026-05-06T13:00:01Z</time>
      </trkpt>
      <trkpt lat="30.634443" lon="104.15592">
        <time>2026-05-06T13:00:02Z</time>
      </trkpt>
      <trkpt lat="30.63446" lon="104.15588">
        <time>2026-05-06T13:00:03Z</time>
      </trkpt>
      <trkpt lat="30.634478" lon="104.15584">
        <time>2026-05-06T13:00:04Z</time>
      </trkpt>
      <trkpt lat="30.634491" lon="104.15579">
        <time>2026-05-06T13:00:05Z</time>
      </trkpt>
      <trkpt lat="30.634508" lon="104.15575">
        <time>2026-05-06T13:00:06Z</time>
      </trkpt>
      <trkpt lat="30.634523" lon="104.1557">
        <time>2026-05-06T13:00:07Z</time>
      </trkpt>
      <trkpt lat="30.634542" lon="104.155655">
        <time>2026-05-06T13:00:08Z</time>
      </trkpt>
      <trkpt lat="30.634562" lon="104.15561">
        <time>2026-05-06T13:00:09Z</time>
      </trkpt>
      <trkpt lat="30.634583" lon="104.15556">
        <time>2026-05-06T13:00:10Z</time>
      </trkpt>
      <trkpt lat="30.634602" lon="104.15552">
        <time>2026-05-06T13:00:11Z</time>
      </trkpt>
      <trkpt lat="30.634623" lon="104.15547">
        <time>2026-05-06T13:00:12Z</time>
      </trkpt>
      <trkpt lat="30.63464" lon="104.15542">
        <time>2026-05-06T13:00:13Z</time>
      </trkpt>
      <trkpt lat="30.63466" lon="104.15538">
        <time>2026-05-06T13:00:14Z</time>
      </trkpt>
      <trkpt lat="30.63468" lon="104.15533">
        <time>2026-05-06T13:00:15Z</time>
      </trkpt>
      <trkpt lat="30.6347" lon="104.15528">
        <time>2026-05-06T13:00:16Z</time>
      </trkpt>
      <trkpt lat="30.63472" lon="104.155235">
        <time>2026-05-06T13:00:17Z</time>
      </trkpt>
      <trkpt lat="30.634739" lon="104.15518">
        <time>2026-05-06T13:00:18Z</time>
      </trkpt>
      <trkpt lat="30.634754" lon="104.15514">
        <time>2026-05-06T13:00:19Z</time>
      </trkpt>
      <trkpt lat="30.63477" lon="104.15509">
        <time>2026-05-06T13:00:20Z</time>
      </trkpt>
      <trkpt lat="30.634789" lon="104.15504">
        <time>2026-05-06T13:00:21Z</time>
      </trkpt>
      <trkpt lat="30.63481" lon="104.155">
        <time>2026-05-06T13:00:22Z</time>
      </trkpt>
      <trkpt lat="30.634832" lon="104.15495">
        <time>2026-05-06T13:00:23Z</time>
      </trkpt>
      <trkpt lat="30.634853" lon="104.15491">
        <time>2026-05-06T13:00:24Z</time>
      </trkpt>
      <trkpt lat="30.634876" lon="104.15487">
        <time>2026-05-06T13:00:25Z</time>
      </trkpt>
      <trkpt lat="30.634897" lon="104.15482">
        <time>2026-05-06T13:00:26Z</time>
      </trkpt>
      <trkpt lat="30.634916" lon="104.15478">
        <time>2026-05-06T13:00:27Z</time>
      </trkpt>
      <trkpt lat="30.634935" lon="104.154724">
        <time>2026-05-06T13:00:28Z</time>
      </trkpt>
      <trkpt lat="30.634953" lon="104.15468">
        <time>2026-05-06T13:00:29Z</time>
      </trkpt>
      <trkpt lat="30.634972" lon="104.15463">
        <time>2026-05-06T13:00:30Z</time>
      </trkpt>
      <trkpt lat="30.634993" lon="104.15459">
        <time>2026-05-06T13:00:31Z</time>
      </trkpt>
      <trkpt lat="30.635015" lon="104.15453">
        <time>2026-05-06T13:00:32Z</time>
      </trkpt>
      <trkpt lat="30.63503" lon="104.15449">
        <time>2026-05-06T13:00:33Z</time>
      </trkpt>
      <trkpt lat="30.635048" lon="104.154434">
        <time>2026-05-06T13:00:34Z</time>
      </trkpt>
      <trkpt lat="30.635065" lon="104.15439">
        <time>2026-05-06T13:00:35Z</time>
      </trkpt>
      <trkpt lat="30.635082" lon="104.154335">
        <time>2026-05-06T13:00:36Z</time>
      </trkpt>
      <trkpt lat="30.635098" lon="104.15429">
        <time>2026-05-06T13:00:37Z</time>
      </trkpt>
      <trkpt lat="30.635115" lon="104.154236">
        <time>2026-05-06T13:00:38Z</time>
      </trkpt>
      <trkpt lat="30.635132" lon="104.15418">
        <time>2026-05-06T13:00:39Z</time>
      </trkpt>
      <trkpt lat="30.635155" lon="104.15414">
        <time>2026-05-06T13:00:40Z</time>
      </trkpt>
      <trkpt lat="30.635178" lon="104.15408">
        <time>2026-05-06T13:00:41Z</time>
      </trkpt>
      <trkpt lat="30.635202" lon="104.15403">
        <time>2026-05-06T13:00:42Z</time>
      </trkpt>
      <trkpt lat="30.635223" lon="104.15397">
        <time>2026-05-06T13:00:43Z</time>
      </trkpt>
      <trkpt lat="30.635244" lon="104.153915">
        <time>2026-05-06T13:00:44Z</time>
      </trkpt>
      <trkpt lat="30.635265" lon="104.15386">
        <time>2026-05-06T13:00:45Z</time>
      </trkpt>
      <trkpt lat="30.635283" lon="104.15381">
        <time>2026-05-06T13:00:46Z</time>
      </trkpt>
      <trkpt lat="30.635302" lon="104.15375">
        <time>2026-05-06T13:00:47Z</time>
      </trkpt>
      <trkpt lat="30.635324" lon="104.153694">
        <time>2026-05-06T13:00:48Z</time>
      </trkpt>
      <trkpt lat="30.63535" lon="104.15364">
        <time>2026-05-06T13:00:49Z</time>
      </trkpt>
      <trkpt lat="30.635372" lon="104.15358">
        <time>2026-05-06T13:00:50Z</time>
      </trkpt>
      <trkpt lat="30.635391" lon="104.15353">
        <time>2026-05-06T13:00:51Z</time>
      </trkpt>
      <trkpt lat="30.635414" lon="104.153465">
        <time>2026-05-06T13:00:52Z</time>
      </trkpt>
      <trkpt lat="30.635437" lon="104.153404">
        <time>2026-05-06T13:00:53Z</time>
      </trkpt>
      <trkpt lat="30.635466" lon="104.15334">
        <time>2026-05-06T13:00:54Z</time>
      </trkpt>
      <trkpt lat="30.635494" lon="104.153275">
        <time>2026-05-06T13:00:55Z</time>
      </trkpt>
      <trkpt lat="30.63552" lon="104.15321">
        <time>2026-05-06T13:00:56Z</time>
      </trkpt>
      <trkpt lat="30.63555" lon="104.153145">
        <time>2026-05-06T13:00:57Z</time>
      </trkpt>
      <trkpt lat="30.635582" lon="104.15308">
        <time>2026-05-06T13:00:58Z</time>
      </trkpt>
      <trkpt lat="30.635614" lon="104.153015">
        <time>2026-05-06T13:00:59Z</time>
      </trkpt>
      <trkpt lat="30.63565" lon="104.15295">
        <time>2026-05-06T13:01:00Z</time>
      </trkpt>
      <trkpt lat="30.63568" lon="104.15287">
        <time>2026-05-06T13:01:01Z</time>
      </trkpt>
      <trkpt lat="30.635708" lon="104.1528">
        <time>2026-05-06T13:01:02Z</time>
      </trkpt>
      <trkpt lat="30.635738" lon="104.15272">
        <time>2026-05-06T13:01:03Z</time>
      </trkpt>
      <trkpt lat="30.635767" lon="104.15264">
        <time>2026-05-06T13:01:04Z</time>
      </trkpt>
      <trkpt lat="30.635796" lon="104.15256">
        <time>2026-05-06T13:01:05Z</time>
      </trkpt>
      <trkpt lat="30.635818" lon="104.15247">
        <time>2026-05-06T13:01:06Z</time>
      </trkpt>
      <trkpt lat="30.635849" lon="104.15238">
        <time>2026-05-06T13:01:07Z</time>
      </trkpt>
      <trkpt lat="30.635885" lon="104.1523">
        <time>2026-05-06T13:01:08Z</time>
      </trkpt>
      <trkpt lat="30.63592" lon="104.152214">
        <time>2026-05-06T13:01:09Z</time>
      </trkpt>
      <trkpt lat="30.635956" lon="104.15212">
        <time>2026-05-06T13:01:10Z</time>
      </trkpt>
      <trkpt lat="30.635992" lon="104.15203">
        <time>2026-05-06T13:01:11Z</time>
      </trkpt>
      <trkpt lat="30.63603" lon="104.15194">
        <time>2026-05-06T13:01:12Z</time>
      </trkpt>
      <trkpt lat="30.636074" lon="104.15185">
        <time>2026-05-06T13:01:13Z</time>
      </trkpt>
      <trkpt lat="30.63612" lon="104.151764">
        <time>2026-05-06T13:01:14Z</time>
      </trkpt>
      <trkpt lat="30.636166" lon="104.15167">
        <time>2026-05-06T13:01:15Z</time>
      </trkpt>
      <trkpt lat="30.636211" lon="104.15158">
        <time>2026-05-06T13:01:16Z</time>
      </trkpt>
      <trkpt lat="30.636263" lon="104.15149">
        <time>2026-05-06T13:01:17Z</time>
      </trkpt>
      <trkpt lat="30.636312" lon="104.151405">
        <time>2026-05-06T13:01:18Z</time>
      </trkpt>
      <trkpt lat="30.636364" lon="104.15131">
        <time>2026-05-06T13:01:19Z</time>
      </trkpt>
      <trkpt lat="30.636414" lon="104.15122">
        <time>2026-05-06T13:01:20Z</time>
      </trkpt>
      <trkpt lat="30.636461" lon="104.15114">
        <time>2026-05-06T13:01:21Z</time>
      </trkpt>
      <trkpt lat="30.636503" lon="104.15105">
        <time>2026-05-06T13:01:22Z</time>
      </trkpt>
      <trkpt lat="30.636545" lon="104.150955">
        <time>2026-05-06T13:01:23Z</time>
      </trkpt>
      <trkpt lat="30.636581" lon="104.15088">
        <time>2026-05-06T13:01:24Z</time>
      </trkpt>
      <trkpt lat="30.63662" lon="104.150795">
        <time>2026-05-06T13:01:25Z</time>
      </trkpt>
      <trkpt lat="30.636656" lon="104.15071">
        <time>2026-05-06T13:01:26Z</time>
      </trkpt>
      <trkpt lat="30.636688" lon="104.150635">
        <time>2026-05-06T13:01:27Z</time>
      </trkpt>
      <trkpt lat="30.636723" lon="104.15055">
        <time>2026-05-06T13:01:28Z</time>
      </trkpt>
      <trkpt lat="30.636753" lon="104.15047">
        <time>2026-05-06T13:01:29Z</time>
      </trkpt>
      <trkpt lat="30.636778" lon="104.15038">
        <time>2026-05-06T13:01:30Z</time>
      </trkpt>
      <trkpt lat="30.6368" lon="104.150314">
        <time>2026-05-06T13:01:31Z</time>
      </trkpt>
      <trkpt lat="30.63682" lon="104.15026">
        <time>2026-05-06T13:01:32Z</time>
      </trkpt>
      <trkpt lat="30.63683" lon="104.15023">
        <time>2026-05-06T13:01:33Z</time>
      </trkpt>
      <trkpt lat="30.63684" lon="104.1502">
        <time>2026-05-06T13:01:34Z</time>
      </trkpt>
      <trkpt lat="30.636847" lon="104.150185">
        <time>2026-05-06T13:01:35Z</time>
      </trkpt>
      <trkpt lat="30.636852" lon="104.15018">
        <time>2026-05-06T13:01:36Z</time>
      </trkpt>
      <trkpt lat="30.636852" lon="104.15018">
        <time>2026-05-06T13:01:37Z</time>
      </trkpt>
      <trkpt lat="30.636852" lon="104.15018">
        <time>2026-05-06T13:01:38Z</time>
      </trkpt>
      <trkpt lat="30.636852" lon="104.15018">
        <time>2026-05-06T13:01:39Z</time>
      </trkpt>
      <trkpt lat="30.636852" lon="104.15018">
        <time>2026-05-06T13:01:40Z</time>
      </trkpt>
      <trkpt lat="30.636852" lon="104.15018">
        <time>2026-05-06T13:01:41Z</time>
      </trkpt>
      <trkpt lat="30.636852" lon="104.15018">
        <time>2026-05-06T13:01:42Z</time>
      </trkpt>
      <trkpt lat="30.636852" lon="104.15018">
        <time>2026-05-06T13:01:43Z</time>
      </trkpt>
      <trkpt lat="30.636852" lon="104.15018">
        <time>2026-05-06T13:01:44Z</time>
      </trkpt>
      <trkpt lat="30.636852" lon="104.15018">
        <time>2026-05-06T13:01:45Z</time>
      </trkpt>
      <trkpt lat="30.636852" lon="104.15018">
        <time>2026-05-06T13:01:46Z</time>
      </trkpt>
      <trkpt lat="30.636852" lon="104.15018">
        <time>2026-05-06T13:01:47Z</time>
      </trkpt>
      <trkpt lat="30.636852" lon="104.15018">
        <time>2026-05-06T13:01:48Z</time>
      </trkpt>
      <trkpt lat="30.636852" lon="104.15018">
        <time>2026-05-06T13:01:49Z</time>
      </trkpt>
      <trkpt lat="30.636852" lon="104.15018">
        <time>2026-05-06T13:01:50Z</time>
      </trkpt>
      <trkpt lat="30.636852" lon="104.15018">
        <time>2026-05-06T13:01:51Z</time>
      </trkpt>
      <trkpt lat="30.636852" lon="104.15018">
        <time>2026-05-06T13:01:52Z</time>
      </trkpt>
      <trkpt lat="30.636852" lon="104.15018">
        <time>2026-05-06T13:01:53Z</time>
      </trkpt>
      <trkpt lat="30.636852" lon="104.15018">
        <time>2026-05-06T13:01:54Z</time>
      </trkpt>
      <trkpt lat="30.636852" lon="104.15018">
        <time>2026-05-06T13:01:55Z</time>
      </trkpt>
      <trkpt lat="30.636852" lon="104.15018">
        <time>2026-05-06T13:01:56Z</time>
      </trkpt>
      <trkpt lat="30.636852" lon="104.15018">
        <time>2026-05-06T13:01:57Z</time>
      </trkpt>
      <trkpt lat="30.636852" lon="104.15018">
        <time>2026-05-06T13:01:58Z</time>
      </trkpt>
      <trkpt lat="30.636852" lon="104.15018">
        <time>2026-05-06T13:01:59Z</time>
      </trkpt>
      <trkpt lat="30.636852" lon="104.15018">
        <time>2026-05-06T13:02:00Z</time>
      </trkpt>
      <trkpt lat="30.636852" lon="104.15018">
        <time>2026-05-06T13:02:01Z</time>
      </trkpt>
      <trkpt lat="30.636852" lon="104.15018">
        <time>2026-05-06T13:02:02Z</time>
      </trkpt>
      <trkpt lat="30.636852" lon="104.15018">
        <time>2026-05-06T13:02:03Z</time>
      </trkpt>
      <trkpt lat="30.636852" lon="104.15018">
        <time>2026-05-06T13:02:04Z</time>
      </trkpt>
      <trkpt lat="30.636852" lon="104.15018">
        <time>2026-05-06T13:02:05Z</time>
      </trkpt>
      <trkpt lat="30.636852" lon="104.15018">
        <time>2026-05-06T13:02:06Z</time>
      </trkpt>
      <trkpt lat="30.636852" lon="104.15018">
        <time>2026-05-06T13:02:07Z</time>
      </trkpt>
      <trkpt lat="30.636852" lon="104.15018">
        <time>2026-05-06T13:02:08Z</time>
      </trkpt>
      <trkpt lat="30.636852" lon="104.15018">
        <time>2026-05-06T13:02:09Z</time>
      </trkpt>
      <trkpt lat="30.636852" lon="104.15018">
        <time>2026-05-06T13:02:10Z</time>
      </trkpt>
      <trkpt lat="30.636852" lon="104.15018">
        <time>2026-05-06T13:02:11Z</time>
      </trkpt>
      <trkpt lat="30.636852" lon="104.15018">
        <time>2026-05-06T13:02:12Z</time>
      </trkpt>
      <trkpt lat="30.636852" lon="104.15018">
        <time>2026-05-06T13:02:13Z</time>
      </trkpt>
      <trkpt lat="30.636852" lon="104.15018">
        <time>2026-05-06T13:02:14Z</time>
      </trkpt>
      <trkpt lat="30.636852" lon="104.15018">
        <time>2026-05-06T13:02:15Z</time>
      </trkpt>
      <trkpt lat="30.636852" lon="104.15018">
        <time>2026-05-06T13:02:16Z</time>
      </trkpt>
      <trkpt lat="30.636852" lon="104.15018">
        <time>2026-05-06T13:02:17Z</time>
      </trkpt>
      <trkpt lat="30.636852" lon="104.15018">
        <time>2026-05-06T13:02:18Z</time>
      </trkpt>
      <trkpt lat="30.636852" lon="104.15018">
        <time>2026-05-06T13:02:19Z</time>
      </trkpt>
      <trkpt lat="30.636852" lon="104.15018">
        <time>2026-05-06T13:02:20Z</time>
      </trkpt>
      <trkpt lat="30.636852" lon="104.15018">
        <time>2026-05-06T13:02:21Z</time>
      </trkpt>
      <trkpt lat="30.636852" lon="104.15018">
        <time>2026-05-06T13:02:22Z</time>
      </trkpt>
      <trkpt lat="30.636852" lon="104.15018">
        <time>2026-05-06T13:02:23Z</time>
      </trkpt>
      <trkpt lat="30.636852" lon="104.15018">
        <time>2026-05-06T13:02:24Z</time>
      </trkpt>
      <trkpt lat="30.636852" lon="104.15018">
        <time>2026-05-06T13:02:25Z</time>
      </trkpt>
      <trkpt lat="30.636852" lon="104.15018">
        <time>2026-05-06T13:02:26Z</time>
      </trkpt>
      <trkpt lat="30.636852" lon="104.15018">
        <time>2026-05-06T13:02:27Z</time>
      </trkpt>
      <trkpt lat="30.636852" lon="104.15018">
        <time>2026-05-06T13:02:28Z</time>
      </trkpt>
      <trkpt lat="30.636852" lon="104.15018">
        <time>2026-05-06T13:02:29Z</time>
      </trkpt>
      <trkpt lat="30.636852" lon="104.15018">
        <time>2026-05-06T13:02:30Z</time>
      </trkpt>
      <trkpt lat="30.636852" lon="104.15018">
        <time>2026-05-06T13:02:31Z</time>
      </trkpt>
      <trkpt lat="30.636852" lon="104.15018">
        <time>2026-05-06T13:02:32Z</time>
      </trkpt>
      <trkpt lat="30.636852" lon="104.15018">
        <time>2026-05-06T13:02:33Z</time>
      </trkpt>
      <trkpt lat="30.636852" lon="104.15018">
        <time>2026-05-06T13:02:34Z</time>
      </trkpt>
      <trkpt lat="30.636852" lon="104.15018">
        <time>2026-05-06T13:02:35Z</time>
      </trkpt>
      <trkpt lat="30.636852" lon="104.15018">
        <time>2026-05-06T13:02:36Z</time>
      </trkpt>
      <trkpt lat="30.636852" lon="104.15018">
        <time>2026-05-06T13:02:37Z</time>
      </trkpt>
      <trkpt lat="30.636852" lon="104.15018">
        <time>2026-05-06T13:02:38Z</time>
      </trkpt>
      <trkpt lat="30.636852" lon="104.15018">
        <time>2026-05-06T13:02:39Z</time>
      </trkpt>
      <trkpt lat="30.636852" lon="104.15018">
        <time>2026-05-06T13:02:40Z</time>
      </trkpt>
      <trkpt lat="30.636852" lon="104.15018">
        <time>2026-05-06T13:02:41Z</time>
      </trkpt>
      <trkpt lat="30.636852" lon="104.15018">
        <time>2026-05-06T13:02:42Z</time>
      </trkpt>
      <trkpt lat="30.636852" lon="104.15018">
        <time>2026-05-06T13:02:43Z</time>
      </trkpt>
      <trkpt lat="30.636852" lon="104.15018">
        <time>2026-05-06T13:02:44Z</time>
      </trkpt>
      <trkpt lat="30.636852" lon="104.15018">
        <time>2026-05-06T13:02:45Z</time>
      </trkpt>
      <trkpt lat="30.636852" lon="104.15018">
        <time>2026-05-06T13:02:46Z</time>
      </trkpt>
      <trkpt lat="30.636852" lon="104.15018">
        <time>2026-05-06T13:02:47Z</time>
      </trkpt>
      <trkpt lat="30.636852" lon="104.15018">
        <time>2026-05-06T13:02:48Z</time>
      </trkpt>
      <trkpt lat="30.636852" lon="104.15018">
        <time>2026-05-06T13:02:49Z</time>
      </trkpt>
      <trkpt lat="30.636852" lon="104.15018">
        <time>2026-05-06T13:02:50Z</time>
      </trkpt>
      <trkpt lat="30.636852" lon="104.15018">
        <time>2026-05-06T13:02:51Z</time>
      </trkpt>
      <trkpt lat="30.636852" lon="104.15018">
        <time>2026-05-06T13:02:52Z</time>
      </trkpt>
      <trkpt lat="30.636852" lon="104.15018">
        <time>2026-05-06T13:02:53Z</time>
      </trkpt>
      <trkpt lat="30.636852" lon="104.15018">
        <time>2026-05-06T13:02:54Z</time>
      </trkpt>
      <trkpt lat="30.636852" lon="104.15018">
        <time>2026-05-06T13:02:55Z</time>
      </trkpt>
      <trkpt lat="30.636852" lon="104.15018">
        <time>2026-05-06T13:02:56Z</time>
      </trkpt>
      <trkpt lat="30.636852" lon="104.15018">
        <time>2026-05-06T13:02:57Z</time>
      </trkpt>
      <trkpt lat="30.636852" lon="104.15018">
        <time>2026-05-06T13:02:58Z</time>
      </trkpt>
      <trkpt lat="30.636852" lon="104.15018">
        <time>2026-05-06T13:02:59Z</time>
      </trkpt>
      <trkpt lat="30.636852" lon="104.15018">
        <time>2026-05-06T13:03:00Z</time>
      </trkpt>
      <trkpt lat="30.636852" lon="104.15018">
        <time>2026-05-06T13:03:01Z</time>
      </trkpt>
      <trkpt lat="30.636852" lon="104.15018">
        <time>2026-05-06T13:03:02Z</time>
      </trkpt>
      <trkpt lat="30.636852" lon="104.15018">
        <time>2026-05-06T13:03:03Z</time>
      </trkpt>
      <trkpt lat="30.636852" lon="104.15018">
        <time>2026-05-06T13:03:04Z</time>
      </trkpt>
      <trkpt lat="30.636852" lon="104.15018">
        <time>2026-05-06T13:03:05Z</time>
      </trkpt>
      <trkpt lat="30.636852" lon="104.15018">
        <time>2026-05-06T13:03:06Z</time>
      </trkpt>
      <trkpt lat="30.636852" lon="104.15018">
        <time>2026-05-06T13:03:07Z</time>
      </trkpt>
      <trkpt lat="30.636852" lon="104.15018">
        <time>2026-05-06T13:03:08Z</time>
      </trkpt>
      <trkpt lat="30.636852" lon="104.15018">
        <time>2026-05-06T13:03:09Z</time>
      </trkpt>
      <trkpt lat="30.636852" lon="104.15018">
        <time>2026-05-06T13:03:10Z</time>
      </trkpt>
      <trkpt lat="30.636852" lon="104.15018">
        <time>2026-05-06T13:03:11Z</time>
      </trkpt>
      <trkpt lat="30.636852" lon="104.15018">
        <time>2026-05-06T13:03:12Z</time>
      </trkpt>
      <trkpt lat="30.636852" lon="104.15018">
        <time>2026-05-06T13:03:13Z</time>
      </trkpt>
      <trkpt lat="30.636852" lon="104.15018">
        <time>2026-05-06T13:03:14Z</time>
      </trkpt>
      <trkpt lat="30.636852" lon="104.15018">
        <time>2026-05-06T13:03:15Z</time>
      </trkpt>
      <trkpt lat="30.636852" lon="104.15018">
        <time>2026-05-06T13:03:16Z</time>
      </trkpt>
      <trkpt lat="30.636852" lon="104.15018">
        <time>2026-05-06T13:03:17Z</time>
      </trkpt>
      <trkpt lat="30.636852" lon="104.15018">
        <time>2026-05-06T13:03:18Z</time>
      </trkpt>
      <trkpt lat="30.636852" lon="104.15018">
        <time>2026-05-06T13:03:19Z</time>
      </trkpt>
      <trkpt lat="30.636852" lon="104.15018">
        <time>2026-05-06T13:03:20Z</time>
      </trkpt>
      <trkpt lat="30.636852" lon="104.15018">
        <time>2026-05-06T13:03:21Z</time>
      </trkpt>
      <trkpt lat="30.636852" lon="104.15018">
        <time>2026-05-06T13:03:22Z</time>
      </trkpt>
      <trkpt lat="30.636852" lon="104.15018">
        <time>2026-05-06T13:03:23Z</time>
      </trkpt>
      <trkpt lat="30.636852" lon="104.15018">
        <time>2026-05-06T13:03:24Z</time>
      </trkpt>
      <trkpt lat="30.636852" lon="104.15018">
        <time>2026-05-06T13:03:25Z</time>
      </trkpt>
      <trkpt lat="30.636852" lon="104.15018">
        <time>2026-05-06T13:03:26Z</time>
      </trkpt>
      <trkpt lat="30.636852" lon="104.15018">
        <time>2026-05-06T13:03:27Z</time>
      </trkpt>
      <trkpt lat="30.636852" lon="104.15018">
        <time>2026-05-06T13:03:28Z</time>
      </trkpt>
      <trkpt lat="30.636852" lon="104.15018">
        <time>2026-05-06T13:03:29Z</time>
      </trkpt>
      <trkpt lat="30.636852" lon="104.15018">
        <time>2026-05-06T13:03:30Z</time>
      </trkpt>
      <trkpt lat="30.636868" lon="104.15019">
        <time>2026-05-06T13:03:31Z</time>
      </trkpt>
      <trkpt lat="30.63687" lon="104.150185">
        <time>2026-05-06T13:03:32Z</time>
      </trkpt>
      <trkpt lat="30.636879" lon="104.15017">
        <time>2026-05-06T13:03:33Z</time>
      </trkpt>
      <trkpt lat="30.636887" lon="104.150154">
        <time>2026-05-06T13:03:34Z</time>
      </trkpt>
      <trkpt lat="30.636894" lon="104.15013">
        <time>2026-05-06T13:03:35Z</time>
      </trkpt>
      <trkpt lat="30.6369" lon="104.150116">
        <time>2026-05-06T13:03:36Z</time>
      </trkpt>
      <trkpt lat="30.636911" lon="104.150085">
        <time>2026-05-06T13:03:37Z</time>
      </trkpt>
      <trkpt lat="30.636919" lon="104.15004">
        <time>2026-05-06T13:03:38Z</time>
      </trkpt>
      <trkpt lat="30.636927" lon="104.149994">
        <time>2026-05-06T13:03:39Z</time>
      </trkpt>
      <trkpt lat="30.636934" lon="104.14995">
        <time>2026-05-06T13:03:40Z</time>
      </trkpt>
      <trkpt lat="30.63694" lon="104.149895">
        <time>2026-05-06T13:03:41Z</time>
      </trkpt>
      <trkpt lat="30.63696" lon="104.14983">
        <time>2026-05-06T13:03:42Z</time>
      </trkpt>
      <trkpt lat="30.636988" lon="104.14977">
        <time>2026-05-06T13:03:43Z</time>
      </trkpt>
      <trkpt lat="30.63702" lon="104.14971">
        <time>2026-05-06T13:03:44Z</time>
      </trkpt>
      <trkpt lat="30.637053" lon="104.14964">
        <time>2026-05-06T13:03:45Z</time>
      </trkpt>
      <trkpt lat="30.637087" lon="104.14958">
        <time>2026-05-06T13:03:46Z</time>
      </trkpt>
      <trkpt lat="30.637117" lon="104.14953">
        <time>2026-05-06T13:03:47Z</time>
      </trkpt>
      <trkpt lat="30.637154" lon="104.14946">
        <time>2026-05-06T13:03:48Z</time>
      </trkpt>
      <trkpt lat="30.637186" lon="104.14939">
        <time>2026-05-06T13:03:49Z</time>
      </trkpt>
      <trkpt lat="30.637224" lon="104.149315">
        <time>2026-05-06T13:03:50Z</time>
      </trkpt>
      <trkpt lat="30.63726" lon="104.14925">
        <time>2026-05-06T13:03:51Z</time>
      </trkpt>
      <trkpt lat="30.637314" lon="104.14918">
        <time>2026-05-06T13:03:52Z</time>
      </trkpt>
      <trkpt lat="30.637375" lon="104.14912">
        <time>2026-05-06T13:03:53Z</time>
      </trkpt>
      <trkpt lat="30.637436" lon="104.149055">
        <time>2026-05-06T13:03:54Z</time>
      </trkpt>
      <trkpt lat="30.6375" lon="104.148994">
        <time>2026-05-06T13:03:55Z</time>
      </trkpt>
      <trkpt lat="30.637562" lon="104.14893">
        <time>2026-05-06T13:03:56Z</time>
      </trkpt>
      <trkpt lat="30.63762" lon="104.14889">
        <time>2026-05-06T13:03:57Z</time>
      </trkpt>
      <trkpt lat="30.637686" lon="104.14884">
        <time>2026-05-06T13:03:58Z</time>
      </trkpt>
      <trkpt lat="30.637747" lon="104.148796">
        <time>2026-05-06T13:03:59Z</time>
      </trkpt>
      <trkpt lat="30.637802" lon="104.14875">
        <time>2026-05-06T13:04:00Z</time>
      </trkpt>
      <trkpt lat="30.637852" lon="104.14872">
        <time>2026-05-06T13:04:01Z</time>
      </trkpt>
      <trkpt lat="30.63791" lon="104.14866">
        <time>2026-05-06T13:04:02Z</time>
      </trkpt>
      <trkpt lat="30.637962" lon="104.1486">
        <time>2026-05-06T13:04:03Z</time>
      </trkpt>
      <trkpt lat="30.637985" lon="104.14853">
        <time>2026-05-06T13:04:04Z</time>
      </trkpt>
      <trkpt lat="30.637989" lon="104.14847">
        <time>2026-05-06T13:04:05Z</time>
      </trkpt>
      <trkpt lat="30.637964" lon="104.1484">
        <time>2026-05-06T13:04:06Z</time>
      </trkpt>
      <trkpt lat="30.637926" lon="104.14834">
        <time>2026-05-06T13:04:07Z</time>
      </trkpt>
      <trkpt lat="30.637873" lon="104.148285">
        <time>2026-05-06T13:04:08Z</time>
      </trkpt>
      <trkpt lat="30.637827" lon="104.14823">
        <time>2026-05-06T13:04:09Z</time>
      </trkpt>
      <trkpt lat="30.63779" lon="104.14818">
        <time>2026-05-06T13:04:10Z</time>
      </trkpt>
      <trkpt lat="30.637756" lon="104.14813">
        <time>2026-05-06T13:04:11Z</time>
      </trkpt>
      <trkpt lat="30.637716" lon="104.14809">
        <time>2026-05-06T13:04:12Z</time>
      </trkpt>
      <trkpt lat="30.637686" lon="104.148026">
        <time>2026-05-06T13:04:13Z</time>
      </trkpt>
      <trkpt lat="30.637657" lon="104.14797">
        <time>2026-05-06T13:04:14Z</time>
      </trkpt>
      <trkpt lat="30.637634" lon="104.14791">
        <time>2026-05-06T13:04:15Z</time>
      </trkpt>
      <trkpt lat="30.637617" lon="104.14786">
        <time>2026-05-06T13:04:16Z</time>
      </trkpt>
      <trkpt lat="30.637602" lon="104.14781">
        <time>2026-05-06T13:04:17Z</time>
      </trkpt>
      <trkpt lat="30.637594" lon="104.147766">
        <time>2026-05-06T13:04:18Z</time>
      </trkpt>
      <trkpt lat="30.637585" lon="104.14771">
        <time>2026-05-06T13:04:19Z</time>
      </trkpt>
      <trkpt lat="30.637579" lon="104.14767">
        <time>2026-05-06T13:04:20Z</time>
      </trkpt>
      <trkpt lat="30.637575" lon="104.14761">
        <time>2026-05-06T13:04:21Z</time>
      </trkpt>
      <trkpt lat="30.637573" lon="104.147575">
        <time>2026-05-06T13:04:22Z</time>
      </trkpt>
      <trkpt lat="30.637573" lon="104.14752">
        <time>2026-05-06T13:04:23Z</time>
      </trkpt>
      <trkpt lat="30.637577" lon="104.14748">
        <time>2026-05-06T13:04:24Z</time>
      </trkpt>
      <trkpt lat="30.637583" lon="104.14743">
        <time>2026-05-06T13:04:25Z</time>
      </trkpt>
      <trkpt lat="30.637585" lon="104.14738">
        <time>2026-05-06T13:04:26Z</time>
      </trkpt>
      <trkpt lat="30.637589" lon="104.14733">
        <time>2026-05-06T13:04:27Z</time>
      </trkpt>
      <trkpt lat="30.637592" lon="104.14728">
        <time>2026-05-06T13:04:28Z</time>
      </trkpt>
      <trkpt lat="30.6376" lon="104.147224">
        <time>2026-05-06T13:04:29Z</time>
      </trkpt>
      <trkpt lat="30.637604" lon="104.14717">
        <time>2026-05-06T13:04:30Z</time>
      </trkpt>
      <trkpt lat="30.637611" lon="104.147125">
        <time>2026-05-06T13:04:31Z</time>
      </trkpt>
      <trkpt lat="30.63762" lon="104.14708">
        <time>2026-05-06T13:04:32Z</time>
      </trkpt>
      <trkpt lat="30.63763" lon="104.14703">
        <time>2026-05-06T13:04:33Z</time>
      </trkpt>
      <trkpt lat="30.63764" lon="104.14699">
        <time>2026-05-06T13:04:34Z</time>
      </trkpt>
      <trkpt lat="30.637646" lon="104.14695">
        <time>2026-05-06T13:04:35Z</time>
      </trkpt>
      <trkpt lat="30.637651" lon="104.146904">
        <time>2026-05-06T13:04:36Z</time>
      </trkpt>
      <trkpt lat="30.63766" lon="104.14686">
        <time>2026-05-06T13:04:37Z</time>
      </trkpt>
      <trkpt lat="30.637669" lon="104.146805">
        <time>2026-05-06T13:04:38Z</time>
      </trkpt>
      <trkpt lat="30.637678" lon="104.14676">
        <time>2026-05-06T13:04:39Z</time>
      </trkpt>
      <trkpt lat="30.63769" lon="104.14671">
        <time>2026-05-06T13:04:40Z</time>
      </trkpt>
      <trkpt lat="30.637701" lon="104.14667">
        <time>2026-05-06T13:04:41Z</time>
      </trkpt>
      <trkpt lat="30.637712" lon="104.14662">
        <time>2026-05-06T13:04:42Z</time>
      </trkpt>
      <trkpt lat="30.637726" lon="104.14658">
        <time>2026-05-06T13:04:43Z</time>
      </trkpt>
      <trkpt lat="30.637737" lon="104.14654">
        <time>2026-05-06T13:04:44Z</time>
      </trkpt>
      <trkpt lat="30.63775" lon="104.14649">
        <time>2026-05-06T13:04:45Z</time>
      </trkpt>
      <trkpt lat="30.637762" lon="104.146454">
        <time>2026-05-06T13:04:46Z</time>
      </trkpt>
      <trkpt lat="30.637772" lon="104.14641">
        <time>2026-05-06T13:04:47Z</time>
      </trkpt>
      <trkpt lat="30.637781" lon="104.14636">
        <time>2026-05-06T13:04:48Z</time>
      </trkpt>
      <trkpt lat="30.637793" lon="104.146324">
        <time>2026-05-06T13:04:49Z</time>
      </trkpt>
      <trkpt lat="30.637808" lon="104.14628">
        <time>2026-05-06T13:04:50Z</time>
      </trkpt>
      <trkpt lat="30.63782" lon="104.14623">
        <time>2026-05-06T13:04:51Z</time>
      </trkpt>
      <trkpt lat="30.63783" lon="104.14619">
        <time>2026-05-06T13:04:52Z</time>
      </trkpt>
      <trkpt lat="30.637844" lon="104.14615">
        <time>2026-05-06T13:04:53Z</time>
      </trkpt>
      <trkpt lat="30.637857" lon="104.1461">
        <time>2026-05-06T13:04:54Z</time>
      </trkpt>
      <trkpt lat="30.63788" lon="104.14606">
        <time>2026-05-06T13:04:55Z</time>
      </trkpt>
      <trkpt lat="30.63791" lon="104.14602">
        <time>2026-05-06T13:04:56Z</time>
      </trkpt>
      <trkpt lat="30.637945" lon="104.14599">
        <time>2026-05-06T13:04:57Z</time>
      </trkpt>
      <trkpt lat="30.637978" lon="104.14595">
        <time>2026-05-06T13:04:58Z</time>
      </trkpt>
      <trkpt lat="30.638008" lon="104.14591">
        <time>2026-05-06T13:04:59Z</time>
      </trkpt>
      <trkpt lat="30.638042" lon="104.145874">
        <time>2026-05-06T13:05:00Z</time>
      </trkpt>
      <trkpt lat="30.638077" lon="104.14584">
        <time>2026-05-06T13:05:01Z</time>
      </trkpt>
      <trkpt lat="30.638105" lon="104.145805">
        <time>2026-05-06T13:05:02Z</time>
      </trkpt>
      <trkpt lat="30.638136" lon="104.145775">
        <time>2026-05-06T13:05:03Z</time>
      </trkpt>
      <trkpt lat="30.63816" lon="104.14574">
        <time>2026-05-06T13:05:04Z</time>
      </trkpt>
      <trkpt lat="30.638184" lon="104.145706">
        <time>2026-05-06T13:05:05Z</time>
      </trkpt>
      <trkpt lat="30.638199" lon="104.14567">
        <time>2026-05-06T13:05:06Z</time>
      </trkpt>
      <trkpt lat="30.638208" lon="104.14562">
        <time>2026-05-06T13:05:07Z</time>
      </trkpt>
      <trkpt lat="30.638208" lon="104.14557">
        <time>2026-05-06T13:05:08Z</time>
      </trkpt>
      <trkpt lat="30.638208" lon="104.14552">
        <time>2026-05-06T13:05:09Z</time>
      </trkpt>
      <trkpt lat="30.638208" lon="104.14548">
        <time>2026-05-06T13:05:10Z</time>
      </trkpt>
      <trkpt lat="30.638203" lon="104.14543">
        <time>2026-05-06T13:05:11Z</time>
      </trkpt>
      <trkpt lat="30.6382" lon="104.145386">
        <time>2026-05-06T13:05:12Z</time>
      </trkpt>
      <trkpt lat="30.6382" lon="104.14534">
        <time>2026-05-06T13:05:13Z</time>
      </trkpt>
      <trkpt lat="30.638203" lon="104.145294">
        <time>2026-05-06T13:05:14Z</time>
      </trkpt>
      <trkpt lat="30.638205" lon="104.14525">
        <time>2026-05-06T13:05:15Z</time>
      </trkpt>
      <trkpt lat="30.63821" lon="104.14519">
        <time>2026-05-06T13:05:16Z</time>
      </trkpt>
      <trkpt lat="30.638218" lon="104.145134">
        <time>2026-05-06T13:05:17Z</time>
      </trkpt>
      <trkpt lat="30.638227" lon="104.14507">
        <time>2026-05-06T13:05:18Z</time>
      </trkpt>
      <trkpt lat="30.638239" lon="104.14503">
        <time>2026-05-06T13:05:19Z</time>
      </trkpt>
      <trkpt lat="30.638254" lon="104.14497">
        <time>2026-05-06T13:05:20Z</time>
      </trkpt>
      <trkpt lat="30.638268" lon="104.14492">
        <time>2026-05-06T13:05:21Z</time>
      </trkpt>
      <trkpt lat="30.63828" lon="104.14487">
        <time>2026-05-06T13:05:22Z</time>
      </trkpt>
      <trkpt lat="30.638294" lon="104.14481">
        <time>2026-05-06T13:05:23Z</time>
      </trkpt>
      <trkpt lat="30.638308" lon="104.14477">
        <time>2026-05-06T13:05:24Z</time>
      </trkpt>
      <trkpt lat="30.638317" lon="104.144714">
        <time>2026-05-06T13:05:25Z</time>
      </trkpt>
      <trkpt lat="30.63832" lon="104.14466">
        <time>2026-05-06T13:05:26Z</time>
      </trkpt>
      <trkpt lat="30.638323" lon="104.14461">
        <time>2026-05-06T13:05:27Z</time>
      </trkpt>
      <trkpt lat="30.638325" lon="104.14453">
        <time>2026-05-06T13:05:28Z</time>
      </trkpt>
      <trkpt lat="30.638308" lon="104.14447">
        <time>2026-05-06T13:05:29Z</time>
      </trkpt>
      <trkpt lat="30.638292" lon="104.14442">
        <time>2026-05-06T13:05:30Z</time>
      </trkpt>
      <trkpt lat="30.638273" lon="104.14436">
        <time>2026-05-06T13:05:31Z</time>
      </trkpt>
      <trkpt lat="30.63827" lon="104.14431">
        <time>2026-05-06T13:05:32Z</time>
      </trkpt>
      <trkpt lat="30.63827" lon="104.14426">
        <time>2026-05-06T13:05:33Z</time>
      </trkpt>
      <trkpt lat="30.638283" lon="104.144226">
        <time>2026-05-06T13:05:34Z</time>
      </trkpt>
      <trkpt lat="30.638294" lon="104.14418">
        <time>2026-05-06T13:05:35Z</time>
      </trkpt>
      <trkpt lat="30.63831" lon="104.144135">
        <time>2026-05-06T13:05:36Z</time>
      </trkpt>
      <trkpt lat="30.638325" lon="104.14409">
        <time>2026-05-06T13:05:37Z</time>
      </trkpt>
      <trkpt lat="30.638344" lon="104.14404">
        <time>2026-05-06T13:05:38Z</time>
      </trkpt>
      <trkpt lat="30.63836" lon="104.144">
        <time>2026-05-06T13:05:39Z</time>
      </trkpt>
      <trkpt lat="30.638374" lon="104.14395">
        <time>2026-05-06T13:05:40Z</time>
      </trkpt>
      <trkpt lat="30.638386" lon="104.1439">
        <time>2026-05-06T13:05:41Z</time>
      </trkpt>
      <trkpt lat="30.638395" lon="104.14385">
        <time>2026-05-06T13:05:42Z</time>
      </trkpt>
      <trkpt lat="30.638403" lon="104.14381">
        <time>2026-05-06T13:05:43Z</time>
      </trkpt>
      <trkpt lat="30.638412" lon="104.14376">
        <time>2026-05-06T13:05:44Z</time>
      </trkpt>
      <trkpt lat="30.638422" lon="104.143715">
        <time>2026-05-06T13:05:45Z</time>
      </trkpt>
      <trkpt lat="30.638433" lon="104.14366">
        <time>2026-05-06T13:05:46Z</time>
      </trkpt>
      <trkpt lat="30.638445" lon="104.143616">
        <time>2026-05-06T13:05:47Z</time>
      </trkpt>
      <trkpt lat="30.638453" lon="104.14356">
        <time>2026-05-06T13:05:48Z</time>
      </trkpt>
      <trkpt lat="30.638466" lon="104.14352">
        <time>2026-05-06T13:05:49Z</time>
      </trkpt>
      <trkpt lat="30.638477" lon="104.14346">
        <time>2026-05-06T13:05:50Z</time>
      </trkpt>
      <trkpt lat="30.638487" lon="104.14342">
        <time>2026-05-06T13:05:51Z</time>
      </trkpt>
      <trkpt lat="30.638496" lon="104.14337">
        <time>2026-05-06T13:05:52Z</time>
      </trkpt>
      <trkpt lat="30.63851" lon="104.14332">
        <time>2026-05-06T13:05:53Z</time>
      </trkpt>
      <trkpt lat="30.63852" lon="104.14327">
        <time>2026-05-06T13:05:54Z</time>
      </trkpt>
      <trkpt lat="30.63853" lon="104.14322">
        <time>2026-05-06T13:05:55Z</time>
      </trkpt>
      <trkpt lat="30.638544" lon="104.143166">
        <time>2026-05-06T13:05:56Z</time>
      </trkpt>
      <trkpt lat="30.638557" lon="104.14312">
        <time>2026-05-06T13:05:57Z</time>
      </trkpt>
      <trkpt lat="30.63857" lon="104.14307">
        <time>2026-05-06T13:05:58Z</time>
      </trkpt>
      <trkpt lat="30.638582" lon="104.14302">
        <time>2026-05-06T13:05:59Z</time>
      </trkpt>
      <trkpt lat="30.638594" lon="104.142975">
        <time>2026-05-06T13:06:00Z</time>
      </trkpt>
      <trkpt lat="30.638609" lon="104.14292">
        <time>2026-05-06T13:06:01Z</time>
      </trkpt>
      <trkpt lat="30.638622" lon="104.14287">
        <time>2026-05-06T13:06:02Z</time>
      </trkpt>
      <trkpt lat="30.638634" lon="104.14283">
        <time>2026-05-06T13:06:03Z</time>
      </trkpt>
      <trkpt lat="30.638643" lon="104.142784">
        <time>2026-05-06T13:06:04Z</time>
      </trkpt>
      <trkpt lat="30.638657" lon="104.14274">
        <time>2026-05-06T13:06:05Z</time>
      </trkpt>
      <trkpt lat="30.638672" lon="104.142685">
        <time>2026-05-06T13:06:06Z</time>
      </trkpt>
      <trkpt lat="30.638685" lon="104.14264">
        <time>2026-05-06T13:06:07Z</time>
      </trkpt>
      <trkpt lat="30.638697" lon="104.142586">
        <time>2026-05-06T13:06:08Z</time>
      </trkpt>
      <trkpt lat="30.63871" lon="104.14254">
        <time>2026-05-06T13:06:09Z</time>
      </trkpt>
      <trkpt lat="30.638721" lon="104.142494">
        <time>2026-05-06T13:06:10Z</time>
      </trkpt>
      <trkpt lat="30.638737" lon="104.14244">
        <time>2026-05-06T13:06:11Z</time>
      </trkpt>
      <trkpt lat="30.638748" lon="104.14239">
        <time>2026-05-06T13:06:12Z</time>
      </trkpt>
      <trkpt lat="30.63876" lon="104.142334">
        <time>2026-05-06T13:06:13Z</time>
      </trkpt>
      <trkpt lat="30.638773" lon="104.14228">
        <time>2026-05-06T13:06:14Z</time>
      </trkpt>
      <trkpt lat="30.638784" lon="104.14222">
        <time>2026-05-06T13:06:15Z</time>
      </trkpt>
      <trkpt lat="30.638798" lon="104.14216">
        <time>2026-05-06T13:06:16Z</time>
      </trkpt>
      <trkpt lat="30.638813" lon="104.142105">
        <time>2026-05-06T13:06:17Z</time>
      </trkpt>
      <trkpt lat="30.638828" lon="104.142044">
        <time>2026-05-06T13:06:18Z</time>
      </trkpt>
      <trkpt lat="30.63884" lon="104.14198">
        <time>2026-05-06T13:06:19Z</time>
      </trkpt>
      <trkpt lat="30.638853" lon="104.14192">
        <time>2026-05-06T13:06:20Z</time>
      </trkpt>
      <trkpt lat="30.638866" lon="104.14187">
        <time>2026-05-06T13:06:21Z</time>
      </trkpt>
      <trkpt lat="30.638884" lon="104.14181">
        <time>2026-05-06T13:06:22Z</time>
      </trkpt>
      <trkpt lat="30.638899" lon="104.14175">
        <time>2026-05-06T13:06:23Z</time>
      </trkpt>
      <trkpt lat="30.638912" lon="104.141685">
        <time>2026-05-06T13:06:24Z</time>
      </trkpt>
      <trkpt lat="30.638927" lon="104.141624">
        <time>2026-05-06T13:06:25Z</time>
      </trkpt>
      <trkpt lat="30.638943" lon="104.14156">
        <time>2026-05-06T13:06:26Z</time>
      </trkpt>
      <trkpt lat="30.638958" lon="104.141495">
        <time>2026-05-06T13:06:27Z</time>
      </trkpt>
      <trkpt lat="30.63897" lon="104.141426">
        <time>2026-05-06T13:06:28Z</time>
      </trkpt>
      <trkpt lat="30.638983" lon="104.14136">
        <time>2026-05-06T13:06:29Z</time>
      </trkpt>
      <trkpt lat="30.639008" lon="104.1413">
        <time>2026-05-06T13:06:30Z</time>
      </trkpt>
      <trkpt lat="30.639032" lon="104.14123">
        <time>2026-05-06T13:06:31Z</time>
      </trkpt>
      <trkpt lat="30.63906" lon="104.14116">
        <time>2026-05-06T13:06:32Z</time>
      </trkpt>
      <trkpt lat="30.63909" lon="104.1411">
        <time>2026-05-06T13:06:33Z</time>
      </trkpt>
      <trkpt lat="30.639116" lon="104.14103">
        <time>2026-05-06T13:06:34Z</time>
      </trkpt>
      <trkpt lat="30.639137" lon="104.14095">
        <time>2026-05-06T13:06:35Z</time>
      </trkpt>
      <trkpt lat="30.639154" lon="104.140884">
        <time>2026-05-06T13:06:36Z</time>
      </trkpt>
      <trkpt lat="30.639174" lon="104.14081">
        <time>2026-05-06T13:06:37Z</time>
      </trkpt>
      <trkpt lat="30.639193" lon="104.14074">
        <time>2026-05-06T13:06:38Z</time>
      </trkpt>
      <trkpt lat="30.639208" lon="104.14068">
        <time>2026-05-06T13:06:39Z</time>
      </trkpt>
      <trkpt lat="30.63922" lon="104.14062">
        <time>2026-05-06T13:06:40Z</time>
      </trkpt>
      <trkpt lat="30.63923" lon="104.14057">
        <time>2026-05-06T13:06:41Z</time>
      </trkpt>
      <trkpt lat="30.639242" lon="104.14052">
        <time>2026-05-06T13:06:42Z</time>
      </trkpt>
      <trkpt lat="30.639254" lon="104.140465">
        <time>2026-05-06T13:06:43Z</time>
      </trkpt>
      <trkpt lat="30.639265" lon="104.14042">
        <time>2026-05-06T13:06:44Z</time>
      </trkpt>
      <trkpt lat="30.639273" lon="104.14037">
        <time>2026-05-06T13:06:45Z</time>
      </trkpt>
      <trkpt lat="30.639284" lon="104.14032">
        <time>2026-05-06T13:06:46Z</time>
      </trkpt>
      <trkpt lat="30.639288" lon="104.14026">
        <time>2026-05-06T13:06:47Z</time>
      </trkpt>
      <trkpt lat="30.639296" lon="104.14019">
        <time>2026-05-06T13:06:48Z</time>
      </trkpt>
      <trkpt lat="30.639301" lon="104.14012">
        <time>2026-05-06T13:06:49Z</time>
      </trkpt>
      <trkpt lat="30.639313" lon="104.14005">
        <time>2026-05-06T13:06:50Z</time>
      </trkpt>
      <trkpt lat="30.639324" lon="104.13998">
        <time>2026-05-06T13:06:51Z</time>
      </trkpt>
      <trkpt lat="30.63933" lon="104.13991">
        <time>2026-05-06T13:06:52Z</time>
      </trkpt>
      <trkpt lat="30.639322" lon="104.139824">
        <time>2026-05-06T13:06:53Z</time>
      </trkpt>
      <trkpt lat="30.639317" lon="104.13975">
        <time>2026-05-06T13:06:54Z</time>
      </trkpt>
      <trkpt lat="30.639315" lon="104.13966">
        <time>2026-05-06T13:06:55Z</time>
      </trkpt>
      <trkpt lat="30.639324" lon="104.13958">
        <time>2026-05-06T13:06:56Z</time>
      </trkpt>
      <trkpt lat="30.639326" lon="104.13951">
        <time>2026-05-06T13:06:57Z</time>
      </trkpt>
      <trkpt lat="30.639338" lon="104.139435">
        <time>2026-05-06T13:06:58Z</time>
      </trkpt>
      <trkpt lat="30.639347" lon="104.139366">
        <time>2026-05-06T13:06:59Z</time>
      </trkpt>
      <trkpt lat="30.63936" lon="104.1393">
        <time>2026-05-06T13:07:00Z</time>
      </trkpt>
      <trkpt lat="30.63937" lon="104.13922">
        <time>2026-05-06T13:07:01Z</time>
      </trkpt>
      <trkpt lat="30.639381" lon="104.13916">
        <time>2026-05-06T13:07:02Z</time>
      </trkpt>
      <trkpt lat="30.6394" lon="104.13909">
        <time>2026-05-06T13:07:03Z</time>
      </trkpt>
      <trkpt lat="30.639412" lon="104.13903">
        <time>2026-05-06T13:07:04Z</time>
      </trkpt>
      <trkpt lat="30.639427" lon="104.13897">
        <time>2026-05-06T13:07:05Z</time>
      </trkpt>
      <trkpt lat="30.639442" lon="104.138916">
        <time>2026-05-06T13:07:06Z</time>
      </trkpt>
      <trkpt lat="30.639448" lon="104.13887">
        <time>2026-05-06T13:07:07Z</time>
      </trkpt>
      <trkpt lat="30.639454" lon="104.13882">
        <time>2026-05-06T13:07:08Z</time>
      </trkpt>
      <trkpt lat="30.639448" lon="104.138756">
        <time>2026-05-06T13:07:09Z</time>
      </trkpt>
      <trkpt lat="30.639442" lon="104.138695">
        <time>2026-05-06T13:07:10Z</time>
      </trkpt>
      <trkpt lat="30.639442" lon="104.13863">
        <time>2026-05-06T13:07:11Z</time>
      </trkpt>
      <trkpt lat="30.639437" lon="104.13858">
        <time>2026-05-06T13:07:12Z</time>
      </trkpt>
      <trkpt lat="30.639431" lon="104.13852">
        <time>2026-05-06T13:07:13Z</time>
      </trkpt>
      <trkpt lat="30.639425" lon="104.13846">
        <time>2026-05-06T13:07:14Z</time>
      </trkpt>
      <trkpt lat="30.639423" lon="104.138405">
        <time>2026-05-06T13:07:15Z</time>
      </trkpt>
      <trkpt lat="30.63942" lon="104.13836">
        <time>2026-05-06T13:07:16Z</time>
      </trkpt>
      <trkpt lat="30.639423" lon="104.138306">
        <time>2026-05-06T13:07:17Z</time>
      </trkpt>
      <trkpt lat="30.639425" lon="104.13825">
        <time>2026-05-06T13:07:18Z</time>
      </trkpt>
      <trkpt lat="30.63943" lon="104.1382">
        <time>2026-05-06T13:07:19Z</time>
      </trkpt>
      <trkpt lat="30.639433" lon="104.13815">
        <time>2026-05-06T13:07:20Z</time>
      </trkpt>
      <trkpt lat="30.639439" lon="104.1381">
        <time>2026-05-06T13:07:21Z</time>
      </trkpt>
      <trkpt lat="30.639444" lon="104.138054">
        <time>2026-05-06T13:07:22Z</time>
      </trkpt>
      <trkpt lat="30.639454" lon="104.13801">
        <time>2026-05-06T13:07:23Z</time>
      </trkpt>
      <trkpt lat="30.639463" lon="104.13798">
        <time>2026-05-06T13:07:24Z</time>
      </trkpt>
      <trkpt lat="30.639477" lon="104.13795">
        <time>2026-05-06T13:07:25Z</time>
      </trkpt>
      <trkpt lat="30.639486" lon="104.13792">
        <time>2026-05-06T13:07:26Z</time>
      </trkpt>
      <trkpt lat="30.639496" lon="104.13788">
        <time>2026-05-06T13:07:27Z</time>
      </trkpt>
      <trkpt lat="30.6395" lon="104.13784">
        <time>2026-05-06T13:07:28Z</time>
      </trkpt>
      <trkpt lat="30.639503" lon="104.13781">
        <time>2026-05-06T13:07:29Z</time>
      </trkpt>
      <trkpt lat="30.639507" lon="104.13777">
        <time>2026-05-06T13:07:30Z</time>
      </trkpt>
      <trkpt lat="30.63951" lon="104.13774">
        <time>2026-05-06T13:07:31Z</time>
      </trkpt>
      <trkpt lat="30.63951" lon="104.1377">
        <time>2026-05-06T13:07:32Z</time>
      </trkpt>
      <trkpt lat="30.639507" lon="104.13767">
        <time>2026-05-06T13:07:33Z</time>
      </trkpt>
      <trkpt lat="30.639502" lon="104.137634">
        <time>2026-05-06T13:07:34Z</time>
      </trkpt>
      <trkpt lat="30.639498" lon="104.1376">
        <time>2026-05-06T13:07:35Z</time>
      </trkpt>
      <trkpt lat="30.639496" lon="104.137566">
        <time>2026-05-06T13:07:36Z</time>
      </trkpt>
      <trkpt lat="30.639496" lon="104.137535">
        <time>2026-05-06T13:07:37Z</time>
      </trkpt>
      <trkpt lat="30.639496" lon="104.137505">
        <time>2026-05-06T13:07:38Z</time>
      </trkpt>
      <trkpt lat="30.639498" lon="104.13748">
        <time>2026-05-06T13:07:39Z</time>
      </trkpt>
      <trkpt lat="30.639496" lon="104.13745">
        <time>2026-05-06T13:07:40Z</time>
      </trkpt>
      <trkpt lat="30.639496" lon="104.13743">
        <time>2026-05-06T13:07:41Z</time>
      </trkpt>
      <trkpt lat="30.639496" lon="104.137405">
        <time>2026-05-06T13:07:42Z</time>
      </trkpt>
      <trkpt lat="30.639496" lon="104.137375">
        <time>2026-05-06T13:07:43Z</time>
      </trkpt>
      <trkpt lat="30.6395" lon="104.13735">
        <time>2026-05-06T13:07:44Z</time>
      </trkpt>
      <trkpt lat="30.6395" lon="104.13733">
        <time>2026-05-06T13:07:45Z</time>
      </trkpt>
      <trkpt lat="30.639498" lon="104.13733">
        <time>2026-05-06T13:07:46Z</time>
      </trkpt>
      <trkpt lat="30.639498" lon="104.13733">
        <time>2026-05-06T13:07:47Z</time>
      </trkpt>
      <trkpt lat="30.639498" lon="104.13733">
        <time>2026-05-06T13:07:48Z</time>
      </trkpt>
      <trkpt lat="30.639498" lon="104.13733">
        <time>2026-05-06T13:07:49Z</time>
      </trkpt>
      <trkpt lat="30.639498" lon="104.13733">
        <time>2026-05-06T13:07:50Z</time>
      </trkpt>
      <trkpt lat="30.639498" lon="104.13733">
        <time>2026-05-06T13:07:51Z</time>
      </trkpt>
      <trkpt lat="30.639498" lon="104.13733">
        <time>2026-05-06T13:07:52Z</time>
      </trkpt>
      <trkpt lat="30.639498" lon="104.13733">
        <time>2026-05-06T13:07:53Z</time>
      </trkpt>
      <trkpt lat="30.639498" lon="104.13733">
        <time>2026-05-06T13:07:54Z</time>
      </trkpt>
      <trkpt lat="30.639498" lon="104.13733">
        <time>2026-05-06T13:07:55Z</time>
      </trkpt>
      <trkpt lat="30.639498" lon="104.13733">
        <time>2026-05-06T13:07:56Z</time>
      </trkpt>
      <trkpt lat="30.639498" lon="104.13733">
        <time>2026-05-06T13:07:57Z</time>
      </trkpt>
      <trkpt lat="30.639498" lon="104.13733">
        <time>2026-05-06T13:07:58Z</time>
      </trkpt>
      <trkpt lat="30.639498" lon="104.13733">
        <time>2026-05-06T13:07:59Z</time>
      </trkpt>
      <trkpt lat="30.639498" lon="104.13733">
        <time>2026-05-06T13:08:00Z</time>
      </trkpt>
      <trkpt lat="30.639498" lon="104.13733">
        <time>2026-05-06T13:08:01Z</time>
      </trkpt>
      <trkpt lat="30.639498" lon="104.13733">
        <time>2026-05-06T13:08:02Z</time>
      </trkpt>
      <trkpt lat="30.639498" lon="104.13733">
        <time>2026-05-06T13:08:03Z</time>
      </trkpt>
      <trkpt lat="30.639498" lon="104.13733">
        <time>2026-05-06T13:08:04Z</time>
      </trkpt>
      <trkpt lat="30.639498" lon="104.13733">
        <time>2026-05-06T13:08:05Z</time>
      </trkpt>
      <trkpt lat="30.639498" lon="104.13733">
        <time>2026-05-06T13:08:06Z</time>
      </trkpt>
      <trkpt lat="30.639498" lon="104.13733">
        <time>2026-05-06T13:08:07Z</time>
      </trkpt>
      <trkpt lat="30.639498" lon="104.13733">
        <time>2026-05-06T13:08:08Z</time>
      </trkpt>
      <trkpt lat="30.639498" lon="104.13733">
        <time>2026-05-06T13:08:09Z</time>
      </trkpt>
      <trkpt lat="30.639498" lon="104.13733">
        <time>2026-05-06T13:08:10Z</time>
      </trkpt>
      <trkpt lat="30.639498" lon="104.13733">
        <time>2026-05-06T13:08:11Z</time>
      </trkpt>
      <trkpt lat="30.639498" lon="104.13733">
        <time>2026-05-06T13:08:12Z</time>
      </trkpt>
      <trkpt lat="30.639498" lon="104.13733">
        <time>2026-05-06T13:08:13Z</time>
      </trkpt>
      <trkpt lat="30.639498" lon="104.13733">
        <time>2026-05-06T13:08:14Z</time>
      </trkpt>
      <trkpt lat="30.639498" lon="104.13733">
        <time>2026-05-06T13:08:15Z</time>
      </trkpt>
      <trkpt lat="30.639498" lon="104.13733">
        <time>2026-05-06T13:08:16Z</time>
      </trkpt>
      <trkpt lat="30.639498" lon="104.13733">
        <time>2026-05-06T13:08:17Z</time>
      </trkpt>
      <trkpt lat="30.639498" lon="104.13733">
        <time>2026-05-06T13:08:18Z</time>
      </trkpt>
      <trkpt lat="30.639498" lon="104.13733">
        <time>2026-05-06T13:08:19Z</time>
      </trkpt>
      <trkpt lat="30.639498" lon="104.13733">
        <time>2026-05-06T13:08:20Z</time>
      </trkpt>
      <trkpt lat="30.639498" lon="104.13733">
        <time>2026-05-06T13:08:21Z</time>
      </trkpt>
      <trkpt lat="30.639498" lon="104.13733">
        <time>2026-05-06T13:08:22Z</time>
      </trkpt>
      <trkpt lat="30.639498" lon="104.13733">
        <time>2026-05-06T13:08:23Z</time>
      </trkpt>
      <trkpt lat="30.63949" lon="104.13729">
        <time>2026-05-06T13:08:24Z</time>
      </trkpt>
      <trkpt lat="30.63949" lon="104.13725">
        <time>2026-05-06T13:08:25Z</time>
      </trkpt>
      <trkpt lat="30.639492" lon="104.137215">
        <time>2026-05-06T13:08:26Z</time>
      </trkpt>
      <trkpt lat="30.639496" lon="104.13716">
        <time>2026-05-06T13:08:27Z</time>
      </trkpt>
      <trkpt lat="30.6395" lon="104.137115">
        <time>2026-05-06T13:08:28Z</time>
      </trkpt>
      <trkpt lat="30.639503" lon="104.13706">
        <time>2026-05-06T13:08:29Z</time>
      </trkpt>
      <trkpt lat="30.639503" lon="104.13701">
        <time>2026-05-06T13:08:30Z</time>
      </trkpt>
      <trkpt lat="30.6395" lon="104.136955">
        <time>2026-05-06T13:08:31Z</time>
      </trkpt>
      <trkpt lat="30.639502" lon="104.136894">
        <time>2026-05-06T13:08:32Z</time>
      </trkpt>
      <trkpt lat="30.639507" lon="104.13682">
        <time>2026-05-06T13:08:33Z</time>
      </trkpt>
      <trkpt lat="30.639513" lon="104.13674">
        <time>2026-05-06T13:08:34Z</time>
      </trkpt>
      <trkpt lat="30.639511" lon="104.136665">
        <time>2026-05-06T13:08:35Z</time>
      </trkpt>
      <trkpt lat="30.6395" lon="104.1366">
        <time>2026-05-06T13:08:36Z</time>
      </trkpt>
      <trkpt lat="30.639488" lon="104.13652">
        <time>2026-05-06T13:08:37Z</time>
      </trkpt>
      <trkpt lat="30.639477" lon="104.136444">
        <time>2026-05-06T13:08:38Z</time>
      </trkpt>
      <trkpt lat="30.639479" lon="104.136375">
        <time>2026-05-06T13:08:39Z</time>
      </trkpt>
      <trkpt lat="30.639482" lon="104.13629">
        <time>2026-05-06T13:08:40Z</time>
      </trkpt>
      <trkpt lat="30.639486" lon="104.136215">
        <time>2026-05-06T13:08:41Z</time>
      </trkpt>
      <trkpt lat="30.63949" lon="104.13613">
        <time>2026-05-06T13:08:42Z</time>
      </trkpt>
      <trkpt lat="30.639492" lon="104.136055">
        <time>2026-05-06T13:08:43Z</time>
      </trkpt>
      <trkpt lat="30.639494" lon="104.13597">
        <time>2026-05-06T13:08:44Z</time>
      </trkpt>
      <trkpt lat="30.639494" lon="104.13589">
        <time>2026-05-06T13:08:45Z</time>
      </trkpt>
      <trkpt lat="30.639494" lon="104.1358">
        <time>2026-05-06T13:08:46Z</time>
      </trkpt>
      <trkpt lat="30.63949" lon="104.13572">
        <time>2026-05-06T13:08:47Z</time>
      </trkpt>
      <trkpt lat="30.639496" lon="104.13564">
        <time>2026-05-06T13:08:48Z</time>
      </trkpt>
      <trkpt lat="30.639507" lon="104.13555">
        <time>2026-05-06T13:08:49Z</time>
      </trkpt>
      <trkpt lat="30.639517" lon="104.13545">
        <time>2026-05-06T13:08:50Z</time>
      </trkpt>
      <trkpt lat="30.639532" lon="104.13536">
        <time>2026-05-06T13:08:51Z</time>
      </trkpt>
      <trkpt lat="30.639544" lon="104.13528">
        <time>2026-05-06T13:08:52Z</time>
      </trkpt>
      <trkpt lat="30.639555" lon="104.135185">
        <time>2026-05-06T13:08:53Z</time>
      </trkpt>
      <trkpt lat="30.639565" lon="104.13509">
        <time>2026-05-06T13:08:54Z</time>
      </trkpt>
      <trkpt lat="30.639572" lon="104.134995">
        <time>2026-05-06T13:08:55Z</time>
      </trkpt>
      <trkpt lat="30.639557" lon="104.1349">
        <time>2026-05-06T13:08:56Z</time>
      </trkpt>
      <trkpt lat="30.639547" lon="104.13481">
        <time>2026-05-06T13:08:57Z</time>
      </trkpt>
      <trkpt lat="30.63954" lon="104.13472">
        <time>2026-05-06T13:08:58Z</time>
      </trkpt>
      <trkpt lat="30.639538" lon="104.134636">
        <time>2026-05-06T13:08:59Z</time>
      </trkpt>
      <trkpt lat="30.639536" lon="104.13455">
        <time>2026-05-06T13:09:00Z</time>
      </trkpt>
      <trkpt lat="30.639538" lon="104.134476">
        <time>2026-05-06T13:09:01Z</time>
      </trkpt>
      <trkpt lat="30.63954" lon="104.13439">
        <time>2026-05-06T13:09:02Z</time>
      </trkpt>
      <trkpt lat="30.639542" lon="104.134315">
        <time>2026-05-06T13:09:03Z</time>
      </trkpt>
      <trkpt lat="30.639545" lon="104.13424">
        <time>2026-05-06T13:09:04Z</time>
      </trkpt>
      <trkpt lat="30.639544" lon="104.13416">
        <time>2026-05-06T13:09:05Z</time>
      </trkpt>
      <trkpt lat="30.639545" lon="104.13409">
        <time>2026-05-06T13:09:06Z</time>
      </trkpt>
      <trkpt lat="30.63955" lon="104.13402">
        <time>2026-05-06T13:09:07Z</time>
      </trkpt>
      <trkpt lat="30.63955" lon="104.13394">
        <time>2026-05-06T13:09:08Z</time>
      </trkpt>
      <trkpt lat="30.63955" lon="104.133865">
        <time>2026-05-06T13:09:09Z</time>
      </trkpt>
      <trkpt lat="30.639551" lon="104.13379">
        <time>2026-05-06T13:09:10Z</time>
      </trkpt>
      <trkpt lat="30.639553" lon="104.133705">
        <time>2026-05-06T13:09:11Z</time>
      </trkpt>
      <trkpt lat="30.639555" lon="104.13363">
        <time>2026-05-06T13:09:12Z</time>
      </trkpt>
      <trkpt lat="30.639559" lon="104.13355">
        <time>2026-05-06T13:09:13Z</time>
      </trkpt>
      <trkpt lat="30.63956" lon="104.13348">
        <time>2026-05-06T13:09:14Z</time>
      </trkpt>
      <trkpt lat="30.639559" lon="104.1334">
        <time>2026-05-06T13:09:15Z</time>
      </trkpt>
      <trkpt lat="30.639563" lon="104.13332">
        <time>2026-05-06T13:09:16Z</time>
      </trkpt>
      <trkpt lat="30.639563" lon="104.133255">
        <time>2026-05-06T13:09:17Z</time>
      </trkpt>
      <trkpt lat="30.639565" lon="104.13318">
        <time>2026-05-06T13:09:18Z</time>
      </trkpt>
      <trkpt lat="30.639566" lon="104.1331">
        <time>2026-05-06T13:09:19Z</time>
      </trkpt>
      <trkpt lat="30.63957" lon="104.133026">
        <time>2026-05-06T13:09:20Z</time>
      </trkpt>
      <trkpt lat="30.639572" lon="104.13294">
        <time>2026-05-06T13:09:21Z</time>
      </trkpt>
      <trkpt lat="30.639574" lon="104.132866">
        <time>2026-05-06T13:09:22Z</time>
      </trkpt>
      <trkpt lat="30.639574" lon="104.13278">
        <time>2026-05-06T13:09:23Z</time>
      </trkpt>
      <trkpt lat="30.639576" lon="104.1327">
        <time>2026-05-06T13:09:24Z</time>
      </trkpt>
      <trkpt lat="30.63958" lon="104.132614">
        <time>2026-05-06T13:09:25Z</time>
      </trkpt>
      <trkpt lat="30.639587" lon="104.13254">
        <time>2026-05-06T13:09:26Z</time>
      </trkpt>
      <trkpt lat="30.639591" lon="104.132454">
        <time>2026-05-06T13:09:27Z</time>
      </trkpt>
      <trkpt lat="30.639593" lon="104.13238">
        <time>2026-05-06T13:09:28Z</time>
      </trkpt>
      <trkpt lat="30.639597" lon="104.13229">
        <time>2026-05-06T13:09:29Z</time>
      </trkpt>
      <trkpt lat="30.639599" lon="104.13221">
        <time>2026-05-06T13:09:30Z</time>
      </trkpt>
      <trkpt lat="30.6396" lon="104.13213">
        <time>2026-05-06T13:09:31Z</time>
      </trkpt>
      <trkpt lat="30.639603" lon="104.13205">
        <time>2026-05-06T13:09:32Z</time>
      </trkpt>
      <trkpt lat="30.639608" lon="104.131966">
        <time>2026-05-06T13:09:33Z</time>
      </trkpt>
      <trkpt lat="30.639606" lon="104.131874">
        <time>2026-05-06T13:09:34Z</time>
      </trkpt>
      <trkpt lat="30.639605" lon="104.13179">
        <time>2026-05-06T13:09:35Z</time>
      </trkpt>
      <trkpt lat="30.639605" lon="104.13171">
        <time>2026-05-06T13:09:36Z</time>
      </trkpt>
      <trkpt lat="30.6396" lon="104.13162">
        <time>2026-05-06T13:09:37Z</time>
      </trkpt>
      <trkpt lat="30.63959" lon="104.13154">
        <time>2026-05-06T13:09:38Z</time>
      </trkpt>
      <trkpt lat="30.639578" lon="104.13146">
        <time>2026-05-06T13:09:39Z</time>
      </trkpt>
      <trkpt lat="30.639566" lon="104.13138">
        <time>2026-05-06T13:09:40Z</time>
      </trkpt>
      <trkpt lat="30.639566" lon="104.13131">
        <time>2026-05-06T13:09:41Z</time>
      </trkpt>
      <trkpt lat="30.63957" lon="104.13124">
        <time>2026-05-06T13:09:42Z</time>
      </trkpt>
      <trkpt lat="30.639566" lon="104.13117">
        <time>2026-05-06T13:09:43Z</time>
      </trkpt>
      <trkpt lat="30.63956" lon="104.131096">
        <time>2026-05-06T13:09:44Z</time>
      </trkpt>
      <trkpt lat="30.639555" lon="104.13103">
        <time>2026-05-06T13:09:45Z</time>
      </trkpt>
      <trkpt lat="30.63955" lon="104.13094">
        <time>2026-05-06T13:09:46Z</time>
      </trkpt>
      <trkpt lat="30.639544" lon="104.13087">
        <time>2026-05-06T13:09:47Z</time>
      </trkpt>
      <trkpt lat="30.63954" lon="104.13078">
        <time>2026-05-06T13:09:48Z</time>
      </trkpt>
      <trkpt lat="30.639536" lon="104.1307">
        <time>2026-05-06T13:09:49Z</time>
      </trkpt>
      <trkpt lat="30.639534" lon="104.130615">
        <time>2026-05-06T13:09:50Z</time>
      </trkpt>
      <trkpt lat="30.639528" lon="104.13052">
        <time>2026-05-06T13:09:51Z</time>
      </trkpt>
      <trkpt lat="30.63952" lon="104.13043">
        <time>2026-05-06T13:09:52Z</time>
      </trkpt>
      <trkpt lat="30.639511" lon="104.13035">
        <time>2026-05-06T13:09:53Z</time>
      </trkpt>
      <trkpt lat="30.639496" lon="104.13026">
        <time>2026-05-06T13:09:54Z</time>
      </trkpt>
      <trkpt lat="30.639486" lon="104.13017">
        <time>2026-05-06T13:09:55Z</time>
      </trkpt>
      <trkpt lat="30.639475" lon="104.1301">
        <time>2026-05-06T13:09:56Z</time>
      </trkpt>
      <trkpt lat="30.639458" lon="104.13001">
        <time>2026-05-06T13:09:57Z</time>
      </trkpt>
      <trkpt lat="30.639442" lon="104.129944">
        <time>2026-05-06T13:09:58Z</time>
      </trkpt>
      <trkpt lat="30.63943" lon="104.129875">
        <time>2026-05-06T13:09:59Z</time>
      </trkpt>
      <trkpt lat="30.63942" lon="104.1298">
        <time>2026-05-06T13:10:00Z</time>
      </trkpt>
      <trkpt lat="30.639412" lon="104.12973">
        <time>2026-05-06T13:10:01Z</time>
      </trkpt>
      <trkpt lat="30.6394" lon="104.12966">
        <time>2026-05-06T13:10:02Z</time>
      </trkpt>
      <trkpt lat="30.639389" lon="104.12959">
        <time>2026-05-06T13:10:03Z</time>
      </trkpt>
      <trkpt lat="30.63938" lon="104.12953">
        <time>2026-05-06T13:10:04Z</time>
      </trkpt>
      <trkpt lat="30.639376" lon="104.129456">
        <time>2026-05-06T13:10:05Z</time>
      </trkpt>
      <trkpt lat="30.639368" lon="104.12939">
        <time>2026-05-06T13:10:06Z</time>
      </trkpt>
      <trkpt lat="30.639359" lon="104.12932">
        <time>2026-05-06T13:10:07Z</time>
      </trkpt>
      <trkpt lat="30.639347" lon="104.12924">
        <time>2026-05-06T13:10:08Z</time>
      </trkpt>
      <trkpt lat="30.639338" lon="104.12917">
        <time>2026-05-06T13:10:09Z</time>
      </trkpt>
      <trkpt lat="30.639328" lon="104.129105">
        <time>2026-05-06T13:10:10Z</time>
      </trkpt>
      <trkpt lat="30.639318" lon="104.129036">
        <time>2026-05-06T13:10:11Z</time>
      </trkpt>
      <trkpt lat="30.639309" lon="104.12897">
        <time>2026-05-06T13:10:12Z</time>
      </trkpt>
      <trkpt lat="30.6393" lon="104.12889">
        <time>2026-05-06T13:10:13Z</time>
      </trkpt>
      <trkpt lat="30.639292" lon="104.12879">
        <time>2026-05-06T13:10:14Z</time>
      </trkpt>
      <trkpt lat="30.63929" lon="104.1287">
        <time>2026-05-06T13:10:15Z</time>
      </trkpt>
      <trkpt lat="30.639282" lon="104.12859">
        <time>2026-05-06T13:10:16Z</time>
      </trkpt>
      <trkpt lat="30.63927" lon="104.1285">
        <time>2026-05-06T13:10:17Z</time>
      </trkpt>
      <trkpt lat="30.639256" lon="104.1284">
        <time>2026-05-06T13:10:18Z</time>
      </trkpt>
      <trkpt lat="30.639242" lon="104.12831">
        <time>2026-05-06T13:10:19Z</time>
      </trkpt>
      <trkpt lat="30.639227" lon="104.12822">
        <time>2026-05-06T13:10:20Z</time>
      </trkpt>
      <trkpt lat="30.63922" lon="104.12813">
        <time>2026-05-06T13:10:21Z</time>
      </trkpt>
      <trkpt lat="30.639214" lon="104.128044">
        <time>2026-05-06T13:10:22Z</time>
      </trkpt>
      <trkpt lat="30.639206" lon="104.127945">
        <time>2026-05-06T13:10:23Z</time>
      </trkpt>
      <trkpt lat="30.639193" lon="104.12785">
        <time>2026-05-06T13:10:24Z</time>
      </trkpt>
      <trkpt lat="30.639181" lon="104.12775">
        <time>2026-05-06T13:10:25Z</time>
      </trkpt>
      <trkpt lat="30.63917" lon="104.12765">
        <time>2026-05-06T13:10:26Z</time>
      </trkpt>
      <trkpt lat="30.63916" lon="104.12755">
        <time>2026-05-06T13:10:27Z</time>
      </trkpt>
      <trkpt lat="30.639153" lon="104.12746">
        <time>2026-05-06T13:10:28Z</time>
      </trkpt>
      <trkpt lat="30.639141" lon="104.127365">
        <time>2026-05-06T13:10:29Z</time>
      </trkpt>
      <trkpt lat="30.639137" lon="104.12727">
        <time>2026-05-06T13:10:30Z</time>
      </trkpt>
      <trkpt lat="30.63914" lon="104.12718">
        <time>2026-05-06T13:10:31Z</time>
      </trkpt>
      <trkpt lat="30.63914" lon="104.1271">
        <time>2026-05-06T13:10:32Z</time>
      </trkpt>
      <trkpt lat="30.63914" lon="104.12702">
        <time>2026-05-06T13:10:33Z</time>
      </trkpt>
      <trkpt lat="30.63914" lon="104.126945">
        <time>2026-05-06T13:10:34Z</time>
      </trkpt>
      <trkpt lat="30.63914" lon="104.12687">
        <time>2026-05-06T13:10:35Z</time>
      </trkpt>
      <trkpt lat="30.63914" lon="104.12679">
        <time>2026-05-06T13:10:36Z</time>
      </trkpt>
      <trkpt lat="30.639135" lon="104.12672">
        <time>2026-05-06T13:10:37Z</time>
      </trkpt>
      <trkpt lat="30.639126" lon="104.12664">
        <time>2026-05-06T13:10:38Z</time>
      </trkpt>
      <trkpt lat="30.639124" lon="104.12656">
        <time>2026-05-06T13:10:39Z</time>
      </trkpt>
      <trkpt lat="30.63912" lon="104.12649">
        <time>2026-05-06T13:10:40Z</time>
      </trkpt>
      <trkpt lat="30.639118" lon="104.12643">
        <time>2026-05-06T13:10:41Z</time>
      </trkpt>
      <trkpt lat="30.639114" lon="104.126366">
        <time>2026-05-06T13:10:42Z</time>
      </trkpt>
      <trkpt lat="30.639103" lon="104.12631">
        <time>2026-05-06T13:10:43Z</time>
      </trkpt>
      <trkpt lat="30.639091" lon="104.12625">
        <time>2026-05-06T13:10:44Z</time>
      </trkpt>
      <trkpt lat="30.63909" lon="104.126205">
        <time>2026-05-06T13:10:45Z</time>
      </trkpt>
      <trkpt lat="30.639091" lon="104.12614">
        <time>2026-05-06T13:10:46Z</time>
      </trkpt>
      <trkpt lat="30.639093" lon="104.126076">
        <time>2026-05-06T13:10:47Z</time>
      </trkpt>
      <trkpt lat="30.639097" lon="104.12601">
        <time>2026-05-06T13:10:48Z</time>
      </trkpt>
      <trkpt lat="30.639097" lon="104.12594">
        <time>2026-05-06T13:10:49Z</time>
      </trkpt>
      <trkpt lat="30.639091" lon="104.12587">
        <time>2026-05-06T13:10:50Z</time>
      </trkpt>
      <trkpt lat="30.63908" lon="104.125786">
        <time>2026-05-06T13:10:51Z</time>
      </trkpt>
      <trkpt lat="30.639069" lon="104.1257">
        <time>2026-05-06T13:10:52Z</time>
      </trkpt>
      <trkpt lat="30.639053" lon="104.12562">
        <time>2026-05-06T13:10:53Z</time>
      </trkpt>
      <trkpt lat="30.639032" lon="104.12554">
        <time>2026-05-06T13:10:54Z</time>
      </trkpt>
      <trkpt lat="30.63901" lon="104.12546">
        <time>2026-05-06T13:10:55Z</time>
      </trkpt>
      <trkpt lat="30.638994" lon="104.12538">
        <time>2026-05-06T13:10:56Z</time>
      </trkpt>
      <trkpt lat="30.638985" lon="104.125305">
        <time>2026-05-06T13:10:57Z</time>
      </trkpt>
      <trkpt lat="30.638977" lon="104.12522">
        <time>2026-05-06T13:10:58Z</time>
      </trkpt>
      <trkpt lat="30.638966" lon="104.125145">
        <time>2026-05-06T13:10:59Z</time>
      </trkpt>
      <trkpt lat="30.638948" lon="104.12507">
        <time>2026-05-06T13:11:00Z</time>
      </trkpt>
      <trkpt lat="30.638933" lon="104.12499">
        <time>2026-05-06T13:11:01Z</time>
      </trkpt>
      <trkpt lat="30.638922" lon="104.12489">
        <time>2026-05-06T13:11:02Z</time>
      </trkpt>
      <trkpt lat="30.638918" lon="104.124794">
        <time>2026-05-06T13:11:03Z</time>
      </trkpt>
      <trkpt lat="30.638922" lon="104.124695">
        <time>2026-05-06T13:11:04Z</time>
      </trkpt>
      <trkpt lat="30.63892" lon="104.1246">
        <time>2026-05-06T13:11:05Z</time>
      </trkpt>
      <trkpt lat="30.638916" lon="104.12451">
        <time>2026-05-06T13:11:06Z</time>
      </trkpt>
      <trkpt lat="30.638914" lon="104.12442">
        <time>2026-05-06T13:11:07Z</time>
      </trkpt>
      <trkpt lat="30.638916" lon="104.12434">
        <time>2026-05-06T13:11:08Z</time>
      </trkpt>
      <trkpt lat="30.638914" lon="104.12425">
        <time>2026-05-06T13:11:09Z</time>
      </trkpt>
      <trkpt lat="30.63892" lon="104.12417">
        <time>2026-05-06T13:11:10Z</time>
      </trkpt>
      <trkpt lat="30.638922" lon="104.124084">
        <time>2026-05-06T13:11:11Z</time>
      </trkpt>
      <trkpt lat="30.638927" lon="104.12401">
        <time>2026-05-06T13:11:12Z</time>
      </trkpt>
      <trkpt lat="30.63893" lon="104.12393">
        <time>2026-05-06T13:11:13Z</time>
      </trkpt>
      <trkpt lat="30.638933" lon="104.123856">
        <time>2026-05-06T13:11:14Z</time>
      </trkpt>
      <trkpt lat="30.638935" lon="104.12378">
        <time>2026-05-06T13:11:15Z</time>
      </trkpt>
      <trkpt lat="30.638939" lon="104.1237">
        <time>2026-05-06T13:11:16Z</time>
      </trkpt>
      <trkpt lat="30.638947" lon="104.12363">
        <time>2026-05-06T13:11:17Z</time>
      </trkpt>
      <trkpt lat="30.638956" lon="104.12355">
        <time>2026-05-06T13:11:18Z</time>
      </trkpt>
      <trkpt lat="30.638964" lon="104.123474">
        <time>2026-05-06T13:11:19Z</time>
      </trkpt>
      <trkpt lat="30.638971" lon="104.1234">
        <time>2026-05-06T13:11:20Z</time>
      </trkpt>
      <trkpt lat="30.63898" lon="104.12332">
        <time>2026-05-06T13:11:21Z</time>
      </trkpt>
      <trkpt lat="30.63899" lon="104.123245">
        <time>2026-05-06T13:11:22Z</time>
      </trkpt>
      <trkpt lat="30.639002" lon="104.12317">
        <time>2026-05-06T13:11:23Z</time>
      </trkpt>
      <trkpt lat="30.639013" lon="104.12309">
        <time>2026-05-06T13:11:24Z</time>
      </trkpt>
      <trkpt lat="30.639025" lon="104.12302">
        <time>2026-05-06T13:11:25Z</time>
      </trkpt>
      <trkpt lat="30.639042" lon="104.12294">
        <time>2026-05-06T13:11:26Z</time>
      </trkpt>
      <trkpt lat="30.639053" lon="104.122856">
        <time>2026-05-06T13:11:27Z</time>
      </trkpt>
      <trkpt lat="30.639065" lon="104.12278">
        <time>2026-05-06T13:11:28Z</time>
      </trkpt>
      <trkpt lat="30.639076" lon="104.1227">
        <time>2026-05-06T13:11:29Z</time>
      </trkpt>
      <trkpt lat="30.639091" lon="104.12263">
        <time>2026-05-06T13:11:30Z</time>
      </trkpt>
      <trkpt lat="30.639112" lon="104.12255">
        <time>2026-05-06T13:11:31Z</time>
      </trkpt>
      <trkpt lat="30.639132" lon="104.12248">
        <time>2026-05-06T13:11:32Z</time>
      </trkpt>
      <trkpt lat="30.639153" lon="104.122406">
        <time>2026-05-06T13:11:33Z</time>
      </trkpt>
      <trkpt lat="30.639177" lon="104.12233">
        <time>2026-05-06T13:11:34Z</time>
      </trkpt>
      <trkpt lat="30.639198" lon="104.12225">
        <time>2026-05-06T13:11:35Z</time>
      </trkpt>
      <trkpt lat="30.639221" lon="104.12218">
        <time>2026-05-06T13:11:36Z</time>
      </trkpt>
      <trkpt lat="30.639246" lon="104.12209">
        <time>2026-05-06T13:11:37Z</time>
      </trkpt>
      <trkpt lat="30.63927" lon="104.12202">
        <time>2026-05-06T13:11:38Z</time>
      </trkpt>
      <trkpt lat="30.6393" lon="104.12194">
        <time>2026-05-06T13:11:39Z</time>
      </trkpt>
      <trkpt lat="30.639328" lon="104.121864">
        <time>2026-05-06T13:11:40Z</time>
      </trkpt>
      <trkpt lat="30.639355" lon="104.12179">
        <time>2026-05-06T13:11:41Z</time>
      </trkpt>
      <trkpt lat="30.639383" lon="104.12171">
        <time>2026-05-06T13:11:42Z</time>
      </trkpt>
      <trkpt lat="30.639414" lon="104.121635">
        <time>2026-05-06T13:11:43Z</time>
      </trkpt>
      <trkpt lat="30.639448" lon="104.12157">
        <time>2026-05-06T13:11:44Z</time>
      </trkpt>
      <trkpt lat="30.639484" lon="104.12149">
        <time>2026-05-06T13:11:45Z</time>
      </trkpt>
      <trkpt lat="30.639526" lon="104.12142">
        <time>2026-05-06T13:11:46Z</time>
      </trkpt>
      <trkpt lat="30.639568" lon="104.12135">
        <time>2026-05-06T13:11:47Z</time>
      </trkpt>
      <trkpt lat="30.639606" lon="104.12128">
        <time>2026-05-06T13:11:48Z</time>
      </trkpt>
      <trkpt lat="30.63964" lon="104.12121">
        <time>2026-05-06T13:11:49Z</time>
      </trkpt>
      <trkpt lat="30.639675" lon="104.12113">
        <time>2026-05-06T13:11:50Z</time>
      </trkpt>
      <trkpt lat="30.639708" lon="104.121056">
        <time>2026-05-06T13:11:51Z</time>
      </trkpt>
      <trkpt lat="30.639734" lon="104.12098">
        <time>2026-05-06T13:11:52Z</time>
      </trkpt>
      <trkpt lat="30.63976" lon="104.1209">
        <time>2026-05-06T13:11:53Z</time>
      </trkpt>
      <trkpt lat="30.639786" lon="104.12083">
        <time>2026-05-06T13:11:54Z</time>
      </trkpt>
      <trkpt lat="30.639822" lon="104.12075">
        <time>2026-05-06T13:11:55Z</time>
      </trkpt>
      <trkpt lat="30.639856" lon="104.12068">
        <time>2026-05-06T13:11:56Z</time>
      </trkpt>
      <trkpt lat="30.639893" lon="104.120605">
        <time>2026-05-06T13:11:57Z</time>
      </trkpt>
      <trkpt lat="30.63993" lon="104.12054">
        <time>2026-05-06T13:11:58Z</time>
      </trkpt>
      <trkpt lat="30.639967" lon="104.12047">
        <time>2026-05-06T13:11:59Z</time>
      </trkpt>
      <trkpt lat="30.640003" lon="104.1204">
        <time>2026-05-06T13:12:00Z</time>
      </trkpt>
      <trkpt lat="30.640041" lon="104.12032">
        <time>2026-05-06T13:12:01Z</time>
      </trkpt>
      <trkpt lat="30.640078" lon="104.120255">
        <time>2026-05-06T13:12:02Z</time>
      </trkpt>
      <trkpt lat="30.640112" lon="104.12018">
        <time>2026-05-06T13:12:03Z</time>
      </trkpt>
      <trkpt lat="30.640148" lon="104.12011">
        <time>2026-05-06T13:12:04Z</time>
      </trkpt>
      <trkpt lat="30.640182" lon="104.12003">
        <time>2026-05-06T13:12:05Z</time>
      </trkpt>
      <trkpt lat="30.640219" lon="104.119965">
        <time>2026-05-06T13:12:06Z</time>
      </trkpt>
      <trkpt lat="30.640238" lon="104.1199">
        <time>2026-05-06T13:12:07Z</time>
      </trkpt>
      <trkpt lat="30.64026" lon="104.119835">
        <time>2026-05-06T13:12:08Z</time>
      </trkpt>
      <trkpt lat="30.640276" lon="104.11976">
        <time>2026-05-06T13:12:09Z</time>
      </trkpt>
      <trkpt lat="30.6403" lon="104.11969">
        <time>2026-05-06T13:12:10Z</time>
      </trkpt>
      <trkpt lat="30.640326" lon="104.11962">
        <time>2026-05-06T13:12:11Z</time>
      </trkpt>
      <trkpt lat="30.64035" lon="104.11956">
        <time>2026-05-06T13:12:12Z</time>
      </trkpt>
      <trkpt lat="30.640379" lon="104.119484">
        <time>2026-05-06T13:12:13Z</time>
      </trkpt>
      <trkpt lat="30.640411" lon="104.11941">
        <time>2026-05-06T13:12:14Z</time>
      </trkpt>
      <trkpt lat="30.64044" lon="104.11935">
        <time>2026-05-06T13:12:15Z</time>
      </trkpt>
      <trkpt lat="30.640476" lon="104.11927">
        <time>2026-05-06T13:12:16Z</time>
      </trkpt>
      <trkpt lat="30.640518" lon="104.119194">
        <time>2026-05-06T13:12:17Z</time>
      </trkpt>
      <trkpt lat="30.640554" lon="104.11911">
        <time>2026-05-06T13:12:18Z</time>
      </trkpt>
      <trkpt lat="30.64059" lon="104.119026">
        <time>2026-05-06T13:12:19Z</time>
      </trkpt>
      <trkpt lat="30.64063" lon="104.11895">
        <time>2026-05-06T13:12:20Z</time>
      </trkpt>
      <trkpt lat="30.640673" lon="104.118866">
        <time>2026-05-06T13:12:21Z</time>
      </trkpt>
      <trkpt lat="30.640713" lon="104.11878">
        <time>2026-05-06T13:12:22Z</time>
      </trkpt>
      <trkpt lat="30.640755" lon="104.1187">
        <time>2026-05-06T13:12:23Z</time>
      </trkpt>
      <trkpt lat="30.64079" lon="104.118614">
        <time>2026-05-06T13:12:24Z</time>
      </trkpt>
      <trkpt lat="30.640837" lon="104.11854">
        <time>2026-05-06T13:12:25Z</time>
      </trkpt>
      <trkpt lat="30.64088" lon="104.11847">
        <time>2026-05-06T13:12:26Z</time>
      </trkpt>
      <trkpt lat="30.640915" lon="104.11841">
        <time>2026-05-06T13:12:27Z</time>
      </trkpt>
      <trkpt lat="30.64095" lon="104.11834">
        <time>2026-05-06T13:12:28Z</time>
      </trkpt>
      <trkpt lat="30.640984" lon="104.11828">
        <time>2026-05-06T13:12:29Z</time>
      </trkpt>
      <trkpt lat="30.641" lon="104.1182">
        <time>2026-05-06T13:12:30Z</time>
      </trkpt>
      <trkpt lat="30.641026" lon="104.11813">
        <time>2026-05-06T13:12:31Z</time>
      </trkpt>
      <trkpt lat="30.641054" lon="104.118065">
        <time>2026-05-06T13:12:32Z</time>
      </trkpt>
      <trkpt lat="30.641079" lon="104.118">
        <time>2026-05-06T13:12:33Z</time>
      </trkpt>
      <trkpt lat="30.641104" lon="104.11793">
        <time>2026-05-06T13:12:34Z</time>
      </trkpt>
      <trkpt lat="30.641129" lon="104.11787">
        <time>2026-05-06T13:12:35Z</time>
      </trkpt>
      <trkpt lat="30.641155" lon="104.1178">
        <time>2026-05-06T13:12:36Z</time>
      </trkpt>
      <trkpt lat="30.641182" lon="104.11774">
        <time>2026-05-06T13:12:37Z</time>
      </trkpt>
      <trkpt lat="30.641205" lon="104.11767">
        <time>2026-05-06T13:12:38Z</time>
      </trkpt>
      <trkpt lat="30.641232" lon="104.11761">
        <time>2026-05-06T13:12:39Z</time>
      </trkpt>
      <trkpt lat="30.641262" lon="104.11754">
        <time>2026-05-06T13:12:40Z</time>
      </trkpt>
      <trkpt lat="30.641293" lon="104.11747">
        <time>2026-05-06T13:12:41Z</time>
      </trkpt>
      <trkpt lat="30.641323" lon="104.11741">
        <time>2026-05-06T13:12:42Z</time>
      </trkpt>
      <trkpt lat="30.641356" lon="104.11735">
        <time>2026-05-06T13:12:43Z</time>
      </trkpt>
      <trkpt lat="30.64139" lon="104.11729">
        <time>2026-05-06T13:12:44Z</time>
      </trkpt>
      <trkpt lat="30.64143" lon="104.11723">
        <time>2026-05-06T13:12:45Z</time>
      </trkpt>
      <trkpt lat="30.641464" lon="104.11717">
        <time>2026-05-06T13:12:46Z</time>
      </trkpt>
      <trkpt lat="30.641499" lon="104.11711">
        <time>2026-05-06T13:12:47Z</time>
      </trkpt>
      <trkpt lat="30.641533" lon="104.11706">
        <time>2026-05-06T13:12:48Z</time>
      </trkpt>
      <trkpt lat="30.641565" lon="104.117">
        <time>2026-05-06T13:12:49Z</time>
      </trkpt>
      <trkpt lat="30.641596" lon="104.11693">
        <time>2026-05-06T13:12:50Z</time>
      </trkpt>
      <trkpt lat="30.641632" lon="104.11687">
        <time>2026-05-06T13:12:51Z</time>
      </trkpt>
      <trkpt lat="30.641666" lon="104.116806">
        <time>2026-05-06T13:12:52Z</time>
      </trkpt>
      <trkpt lat="30.6417" lon="104.11674">
        <time>2026-05-06T13:12:53Z</time>
      </trkpt>
      <trkpt lat="30.641733" lon="104.11668">
        <time>2026-05-06T13:12:54Z</time>
      </trkpt>
      <trkpt lat="30.641764" lon="104.11661">
        <time>2026-05-06T13:12:55Z</time>
      </trkpt>
      <trkpt lat="30.641794" lon="104.11653">
        <time>2026-05-06T13:12:56Z</time>
      </trkpt>
      <trkpt lat="30.641834" lon="104.116455">
        <time>2026-05-06T13:12:57Z</time>
      </trkpt>
      <trkpt lat="30.641867" lon="104.11639">
        <time>2026-05-06T13:12:58Z</time>
      </trkpt>
      <trkpt lat="30.6419" lon="104.11631">
        <time>2026-05-06T13:12:59Z</time>
      </trkpt>
      <trkpt lat="30.64193" lon="104.11624">
        <time>2026-05-06T13:13:00Z</time>
      </trkpt>
      <trkpt lat="30.641966" lon="104.116165">
        <time>2026-05-06T13:13:01Z</time>
      </trkpt>
      <trkpt lat="30.641998" lon="104.1161">
        <time>2026-05-06T13:13:02Z</time>
      </trkpt>
      <trkpt lat="30.642033" lon="104.11602">
        <time>2026-05-06T13:13:03Z</time>
      </trkpt>
      <trkpt lat="30.642067" lon="104.11594">
        <time>2026-05-06T13:13:04Z</time>
      </trkpt>
      <trkpt lat="30.642097" lon="104.11586">
        <time>2026-05-06T13:13:05Z</time>
      </trkpt>
      <trkpt lat="30.642134" lon="104.115776">
        <time>2026-05-06T13:13:06Z</time>
      </trkpt>
      <trkpt lat="30.642166" lon="104.11569">
        <time>2026-05-06T13:13:07Z</time>
      </trkpt>
      <trkpt lat="30.642204" lon="104.1156">
        <time>2026-05-06T13:13:08Z</time>
      </trkpt>
      <trkpt lat="30.642242" lon="104.11552">
        <time>2026-05-06T13:13:09Z</time>
      </trkpt>
      <trkpt lat="30.642282" lon="104.115425">
        <time>2026-05-06T13:13:10Z</time>
      </trkpt>
      <trkpt lat="30.642326" lon="104.11533">
        <time>2026-05-06T13:13:11Z</time>
      </trkpt>
      <trkpt lat="30.642376" lon="104.11524">
        <time>2026-05-06T13:13:12Z</time>
      </trkpt>
      <trkpt lat="30.64242" lon="104.11515">
        <time>2026-05-06T13:13:13Z</time>
      </trkpt>
      <trkpt lat="30.642467" lon="104.11506">
        <time>2026-05-06T13:13:14Z</time>
      </trkpt>
      <trkpt lat="30.64251" lon="104.114975">
        <time>2026-05-06T13:13:15Z</time>
      </trkpt>
      <trkpt lat="30.642551" lon="104.11489">
        <time>2026-05-06T13:13:16Z</time>
      </trkpt>
      <trkpt lat="30.642593" lon="104.11481">
        <time>2026-05-06T13:13:17Z</time>
      </trkpt>
      <trkpt lat="30.642635" lon="104.11473">
        <time>2026-05-06T13:13:18Z</time>
      </trkpt>
      <trkpt lat="30.642673" lon="104.114655">
        <time>2026-05-06T13:13:19Z</time>
      </trkpt>
      <trkpt lat="30.64271" lon="104.11458">
        <time>2026-05-06T13:13:20Z</time>
      </trkpt>
      <trkpt lat="30.642746" lon="104.1145">
        <time>2026-05-06T13:13:21Z</time>
      </trkpt>
      <trkpt lat="30.64278" lon="104.114426">
        <time>2026-05-06T13:13:22Z</time>
      </trkpt>
      <trkpt lat="30.642815" lon="104.11435">
        <time>2026-05-06T13:13:23Z</time>
      </trkpt>
      <trkpt lat="30.642847" lon="104.11428">
        <time>2026-05-06T13:13:24Z</time>
      </trkpt>
      <trkpt lat="30.64288" lon="104.114204">
        <time>2026-05-06T13:13:25Z</time>
      </trkpt>
      <trkpt lat="30.642914" lon="104.114136">
        <time>2026-05-06T13:13:26Z</time>
      </trkpt>
      <trkpt lat="30.642942" lon="104.11407">
        <time>2026-05-06T13:13:27Z</time>
      </trkpt>
      <trkpt lat="30.642975" lon="104.114">
        <time>2026-05-06T13:13:28Z</time>
      </trkpt>
      <trkpt lat="30.643007" lon="104.11394">
        <time>2026-05-06T13:13:29Z</time>
      </trkpt>
      <trkpt lat="30.643036" lon="104.11388">
        <time>2026-05-06T13:13:30Z</time>
      </trkpt>
      <trkpt lat="30.643066" lon="104.11381">
        <time>2026-05-06T13:13:31Z</time>
      </trkpt>
      <trkpt lat="30.643097" lon="104.11374">
        <time>2026-05-06T13:13:32Z</time>
      </trkpt>
      <trkpt lat="30.643127" lon="104.11368">
        <time>2026-05-06T13:13:33Z</time>
      </trkpt>
      <trkpt lat="30.643154" lon="104.11362">
        <time>2026-05-06T13:13:34Z</time>
      </trkpt>
      <trkpt lat="30.643177" lon="104.113556">
        <time>2026-05-06T13:13:35Z</time>
      </trkpt>
      <trkpt lat="30.643204" lon="104.1135">
        <time>2026-05-06T13:13:36Z</time>
      </trkpt>
      <trkpt lat="30.643232" lon="104.11344">
        <time>2026-05-06T13:13:37Z</time>
      </trkpt>
      <trkpt lat="30.643261" lon="104.11339">
        <time>2026-05-06T13:13:38Z</time>
      </trkpt>
      <trkpt lat="30.643288" lon="104.11333">
        <time>2026-05-06T13:13:39Z</time>
      </trkpt>
      <trkpt lat="30.643314" lon="104.113266">
        <time>2026-05-06T13:13:40Z</time>
      </trkpt>
      <trkpt lat="30.643341" lon="104.113205">
        <time>2026-05-06T13:13:41Z</time>
      </trkpt>
      <trkpt lat="30.643375" lon="104.11316">
        <time>2026-05-06T13:13:42Z</time>
      </trkpt>
      <trkpt lat="30.643415" lon="104.11312">
        <time>2026-05-06T13:13:43Z</time>
      </trkpt>
      <trkpt lat="30.643456" lon="104.11307">
        <time>2026-05-06T13:13:44Z</time>
      </trkpt>
      <trkpt lat="30.643482" lon="104.11301">
        <time>2026-05-06T13:13:45Z</time>
      </trkpt>
      <trkpt lat="30.64351" lon="104.112946">
        <time>2026-05-06T13:13:46Z</time>
      </trkpt>
      <trkpt lat="30.643536" lon="104.112885">
        <time>2026-05-06T13:13:47Z</time>
      </trkpt>
      <trkpt lat="30.643559" lon="104.11284">
        <time>2026-05-06T13:13:48Z</time>
      </trkpt>
      <trkpt lat="30.64358" lon="104.112785">
        <time>2026-05-06T13:13:49Z</time>
      </trkpt>
      <trkpt lat="30.643604" lon="104.11273">
        <time>2026-05-06T13:13:50Z</time>
      </trkpt>
      <trkpt lat="30.643627" lon="104.11269">
        <time>2026-05-06T13:13:51Z</time>
      </trkpt>
      <trkpt lat="30.643642" lon="104.11265">
        <time>2026-05-06T13:13:52Z</time>
      </trkpt>
      <trkpt lat="30.643663" lon="104.11261">
        <time>2026-05-06T13:13:53Z</time>
      </trkpt>
      <trkpt lat="30.643682" lon="104.11257">
        <time>2026-05-06T13:13:54Z</time>
      </trkpt>
      <trkpt lat="30.643698" lon="104.11253">
        <time>2026-05-06T13:13:55Z</time>
      </trkpt>
      <trkpt lat="30.643715" lon="104.112495">
        <time>2026-05-06T13:13:56Z</time>
      </trkpt>
      <trkpt lat="30.643732" lon="104.11246">
        <time>2026-05-06T13:13:57Z</time>
      </trkpt>
      <trkpt lat="30.643747" lon="104.11241">
        <time>2026-05-06T13:13:58Z</time>
      </trkpt>
      <trkpt lat="30.643764" lon="104.11237">
        <time>2026-05-06T13:13:59Z</time>
      </trkpt>
      <trkpt lat="30.643784" lon="104.11234">
        <time>2026-05-06T13:14:00Z</time>
      </trkpt>
      <trkpt lat="30.643803" lon="104.11232">
        <time>2026-05-06T13:14:01Z</time>
      </trkpt>
      <trkpt lat="30.643827" lon="104.1123">
        <time>2026-05-06T13:14:02Z</time>
      </trkpt>
      <trkpt lat="30.643852" lon="104.11228">
        <time>2026-05-06T13:14:03Z</time>
      </trkpt>
      <trkpt lat="30.643862" lon="104.112274">
        <time>2026-05-06T13:14:04Z</time>
      </trkpt>
      <trkpt lat="30.643862" lon="104.112274">
        <time>2026-05-06T13:14:05Z</time>
      </trkpt>
      <trkpt lat="30.643862" lon="104.112274">
        <time>2026-05-06T13:14:06Z</time>
      </trkpt>
      <trkpt lat="30.643862" lon="104.112274">
        <time>2026-05-06T13:14:07Z</time>
      </trkpt>
      <trkpt lat="30.643862" lon="104.112274">
        <time>2026-05-06T13:14:08Z</time>
      </trkpt>
      <trkpt lat="30.643862" lon="104.112274">
        <time>2026-05-06T13:14:09Z</time>
      </trkpt>
      <trkpt lat="30.643862" lon="104.112274">
        <time>2026-05-06T13:14:10Z</time>
      </trkpt>
      <trkpt lat="30.643862" lon="104.112274">
        <time>2026-05-06T13:14:11Z</time>
      </trkpt>
      <trkpt lat="30.643862" lon="104.112274">
        <time>2026-05-06T13:14:12Z</time>
      </trkpt>
      <trkpt lat="30.643862" lon="104.112274">
        <time>2026-05-06T13:14:13Z</time>
      </trkpt>
      <trkpt lat="30.643862" lon="104.112274">
        <time>2026-05-06T13:14:14Z</time>
      </trkpt>
      <trkpt lat="30.643862" lon="104.112274">
        <time>2026-05-06T13:14:15Z</time>
      </trkpt>
      <trkpt lat="30.643862" lon="104.112274">
        <time>2026-05-06T13:14:16Z</time>
      </trkpt>
      <trkpt lat="30.643862" lon="104.112274">
        <time>2026-05-06T13:14:17Z</time>
      </trkpt>
      <trkpt lat="30.643862" lon="104.112274">
        <time>2026-05-06T13:14:18Z</time>
      </trkpt>
      <trkpt lat="30.643862" lon="104.112274">
        <time>2026-05-06T13:14:19Z</time>
      </trkpt>
      <trkpt lat="30.643862" lon="104.112274">
        <time>2026-05-06T13:14:20Z</time>
      </trkpt>
      <trkpt lat="30.643862" lon="104.112274">
        <time>2026-05-06T13:14:21Z</time>
      </trkpt>
      <trkpt lat="30.643862" lon="104.112274">
        <time>2026-05-06T13:14:22Z</time>
      </trkpt>
      <trkpt lat="30.643862" lon="104.112274">
        <time>2026-05-06T13:14:23Z</time>
      </trkpt>
      <trkpt lat="30.643888" lon="104.11225">
        <time>2026-05-06T13:14:24Z</time>
      </trkpt>
      <trkpt lat="30.643904" lon="104.112236">
        <time>2026-05-06T13:14:25Z</time>
      </trkpt>
      <trkpt lat="30.643923" lon="104.112206">
        <time>2026-05-06T13:14:26Z</time>
      </trkpt>
      <trkpt lat="30.643948" lon="104.11217">
        <time>2026-05-06T13:14:27Z</time>
      </trkpt>
      <trkpt lat="30.643976" lon="104.112114">
        <time>2026-05-06T13:14:28Z</time>
      </trkpt>
      <trkpt lat="30.644" lon="104.11206">
        <time>2026-05-06T13:14:29Z</time>
      </trkpt>
      <trkpt lat="30.64401" lon="104.112">
        <time>2026-05-06T13:14:30Z</time>
      </trkpt>
      <trkpt lat="30.644018" lon="104.11194">
        <time>2026-05-06T13:14:31Z</time>
      </trkpt>
      <trkpt lat="30.644026" lon="104.11188">
        <time>2026-05-06T13:14:32Z</time>
      </trkpt>
      <trkpt lat="30.644033" lon="104.11182">
        <time>2026-05-06T13:14:33Z</time>
      </trkpt>
      <trkpt lat="30.644047" lon="104.11175">
        <time>2026-05-06T13:14:34Z</time>
      </trkpt>
      <trkpt lat="30.64407" lon="104.11168">
        <time>2026-05-06T13:14:35Z</time>
      </trkpt>
      <trkpt lat="30.6441" lon="104.11161">
        <time>2026-05-06T13:14:36Z</time>
      </trkpt>
      <trkpt lat="30.644127" lon="104.11155">
        <time>2026-05-06T13:14:37Z</time>
      </trkpt>
      <trkpt lat="30.644152" lon="104.11148">
        <time>2026-05-06T13:14:38Z</time>
      </trkpt>
      <trkpt lat="30.64418" lon="104.11142">
        <time>2026-05-06T13:14:39Z</time>
      </trkpt>
      <trkpt lat="30.64421" lon="104.11136">
        <time>2026-05-06T13:14:40Z</time>
      </trkpt>
      <trkpt lat="30.644247" lon="104.11128">
        <time>2026-05-06T13:14:41Z</time>
      </trkpt>
      <trkpt lat="30.644283" lon="104.111206">
        <time>2026-05-06T13:14:42Z</time>
      </trkpt>
      <trkpt lat="30.644316" lon="104.11113">
        <time>2026-05-06T13:14:43Z</time>
      </trkpt>
      <trkpt lat="30.644358" lon="104.11105">
        <time>2026-05-06T13:14:44Z</time>
      </trkpt>
      <trkpt lat="30.6444" lon="104.11096">
        <time>2026-05-06T13:14:45Z</time>
      </trkpt>
      <trkpt lat="30.644438" lon="104.11088">
        <time>2026-05-06T13:14:46Z</time>
      </trkpt>
      <trkpt lat="30.644478" lon="104.1108">
        <time>2026-05-06T13:14:47Z</time>
      </trkpt>
      <trkpt lat="30.64453" lon="104.11072">
        <time>2026-05-06T13:14:48Z</time>
      </trkpt>
      <trkpt lat="30.644571" lon="104.11063">
        <time>2026-05-06T13:14:49Z</time>
      </trkpt>
      <trkpt lat="30.644606" lon="104.110535">
        <time>2026-05-06T13:14:50Z</time>
      </trkpt>
      <trkpt lat="30.644644" lon="104.11045">
        <time>2026-05-06T13:14:51Z</time>
      </trkpt>
      <trkpt lat="30.644684" lon="104.110374">
        <time>2026-05-06T13:14:52Z</time>
      </trkpt>
      <trkpt lat="30.644726" lon="104.11031">
        <time>2026-05-06T13:14:53Z</time>
      </trkpt>
      <trkpt lat="30.644768" lon="104.110245">
        <time>2026-05-06T13:14:54Z</time>
      </trkpt>
      <trkpt lat="30.64481" lon="104.110176">
        <time>2026-05-06T13:14:55Z</time>
      </trkpt>
      <trkpt lat="30.644838" lon="104.1101">
        <time>2026-05-06T13:14:56Z</time>
      </trkpt>
      <trkpt lat="30.644873" lon="104.11002">
        <time>2026-05-06T13:14:57Z</time>
      </trkpt>
      <trkpt lat="30.644905" lon="104.109955">
        <time>2026-05-06T13:14:58Z</time>
      </trkpt>
      <trkpt lat="30.64494" lon="104.10988">
        <time>2026-05-06T13:14:59Z</time>
      </trkpt>
      <trkpt lat="30.644972" lon="104.10981">
        <time>2026-05-06T13:15:00Z</time>
      </trkpt>
      <trkpt lat="30.645004" lon="104.10974">
        <time>2026-05-06T13:15:01Z</time>
      </trkpt>
      <trkpt lat="30.64504" lon="104.10968">
        <time>2026-05-06T13:15:02Z</time>
      </trkpt>
      <trkpt lat="30.64507" lon="104.10961">
        <time>2026-05-06T13:15:03Z</time>
      </trkpt>
      <trkpt lat="30.6451" lon="104.10955">
        <time>2026-05-06T13:15:04Z</time>
      </trkpt>
      <trkpt lat="30.64513" lon="104.10948">
        <time>2026-05-06T13:15:05Z</time>
      </trkpt>
      <trkpt lat="30.645159" lon="104.10942">
        <time>2026-05-06T13:15:06Z</time>
      </trkpt>
      <trkpt lat="30.64519" lon="104.10936">
        <time>2026-05-06T13:15:07Z</time>
      </trkpt>
      <trkpt lat="30.645214" lon="104.1093">
        <time>2026-05-06T13:15:08Z</time>
      </trkpt>
      <trkpt lat="30.64524" lon="104.10923">
        <time>2026-05-06T13:15:09Z</time>
      </trkpt>
      <trkpt lat="30.645264" lon="104.10917">
        <time>2026-05-06T13:15:10Z</time>
      </trkpt>
      <trkpt lat="30.645292" lon="104.10911">
        <time>2026-05-06T13:15:11Z</time>
      </trkpt>
      <trkpt lat="30.64532" lon="104.10904">
        <time>2026-05-06T13:15:12Z</time>
      </trkpt>
      <trkpt lat="30.645355" lon="104.10898">
        <time>2026-05-06T13:15:13Z</time>
      </trkpt>
      <trkpt lat="30.64539" lon="104.10892">
        <time>2026-05-06T13:15:14Z</time>
      </trkpt>
      <trkpt lat="30.645426" lon="104.108864">
        <time>2026-05-06T13:15:15Z</time>
      </trkpt>
      <trkpt lat="30.64546" lon="104.1088">
        <time>2026-05-06T13:15:16Z</time>
      </trkpt>
      <trkpt lat="30.645525" lon="104.10868">
        <time>2026-05-06T13:15:17Z</time>
      </trkpt>
      <trkpt lat="30.645557" lon="104.10863">
        <time>2026-05-06T13:15:19Z</time>
      </trkpt>
      <trkpt lat="30.645594" lon="104.108574">
        <time>2026-05-06T13:15:20Z</time>
      </trkpt>
      <trkpt lat="30.645628" lon="104.10851">
        <time>2026-05-06T13:15:21Z</time>
      </trkpt>
      <trkpt lat="30.64566" lon="104.10846">
        <time>2026-05-06T13:15:22Z</time>
      </trkpt>
      <trkpt lat="30.645695" lon="104.10841">
        <time>2026-05-06T13:15:23Z</time>
      </trkpt>
      <trkpt lat="30.645721" lon="104.10837">
        <time>2026-05-06T13:15:24Z</time>
      </trkpt>
      <trkpt lat="30.645744" lon="104.108315">
        <time>2026-05-06T13:15:25Z</time>
      </trkpt>
      <trkpt lat="30.645756" lon="104.10826">
        <time>2026-05-06T13:15:26Z</time>
      </trkpt>
      <trkpt lat="30.645761" lon="104.1082">
        <time>2026-05-06T13:15:27Z</time>
      </trkpt>
      <trkpt lat="30.645765" lon="104.10815">
        <time>2026-05-06T13:15:28Z</time>
      </trkpt>
      <trkpt lat="30.64577" lon="104.10809">
        <time>2026-05-06T13:15:29Z</time>
      </trkpt>
      <trkpt lat="30.64577" lon="104.10804">
        <time>2026-05-06T13:15:30Z</time>
      </trkpt>
      <trkpt lat="30.645779" lon="104.10798">
        <time>2026-05-06T13:15:31Z</time>
      </trkpt>
      <trkpt lat="30.645796" lon="104.107925">
        <time>2026-05-06T13:15:32Z</time>
      </trkpt>
      <trkpt lat="30.645811" lon="104.10787">
        <time>2026-05-06T13:15:33Z</time>
      </trkpt>
      <trkpt lat="30.645836" lon="104.1078">
        <time>2026-05-06T13:15:34Z</time>
      </trkpt>
      <trkpt lat="30.645863" lon="104.10775">
        <time>2026-05-06T13:15:35Z</time>
      </trkpt>
      <trkpt lat="30.645887" lon="104.1077">
        <time>2026-05-06T13:15:36Z</time>
      </trkpt>
      <trkpt lat="30.645906" lon="104.107635">
        <time>2026-05-06T13:15:37Z</time>
      </trkpt>
      <trkpt lat="30.645935" lon="104.10758">
        <time>2026-05-06T13:15:38Z</time>
      </trkpt>
      <trkpt lat="30.645964" lon="104.10753">
        <time>2026-05-06T13:15:39Z</time>
      </trkpt>
      <trkpt lat="30.645994" lon="104.107475">
        <time>2026-05-06T13:15:40Z</time>
      </trkpt>
      <trkpt lat="30.646025" lon="104.10741">
        <time>2026-05-06T13:15:41Z</time>
      </trkpt>
      <trkpt lat="30.646057" lon="104.10734">
        <time>2026-05-06T13:15:42Z</time>
      </trkpt>
      <trkpt lat="30.646086" lon="104.107285">
        <time>2026-05-06T13:15:43Z</time>
      </trkpt>
      <trkpt lat="30.646118" lon="104.10723">
        <time>2026-05-06T13:15:44Z</time>
      </trkpt>
      <trkpt lat="30.646152" lon="104.10718">
        <time>2026-05-06T13:15:45Z</time>
      </trkpt>
      <trkpt lat="30.646193" lon="104.1071">
        <time>2026-05-06T13:15:46Z</time>
      </trkpt>
      <trkpt lat="30.646233" lon="104.10703">
        <time>2026-05-06T13:15:47Z</time>
      </trkpt>
      <trkpt lat="30.646269" lon="104.106964">
        <time>2026-05-06T13:15:48Z</time>
      </trkpt>
      <trkpt lat="30.646303" lon="104.106895">
        <time>2026-05-06T13:15:49Z</time>
      </trkpt>
      <trkpt lat="30.646338" lon="104.10682">
        <time>2026-05-06T13:15:50Z</time>
      </trkpt>
      <trkpt lat="30.646378" lon="104.10675">
        <time>2026-05-06T13:15:51Z</time>
      </trkpt>
      <trkpt lat="30.646416" lon="104.10668">
        <time>2026-05-06T13:15:52Z</time>
      </trkpt>
      <trkpt lat="30.646448" lon="104.10662">
        <time>2026-05-06T13:15:53Z</time>
      </trkpt>
      <trkpt lat="30.646482" lon="104.10655">
        <time>2026-05-06T13:15:54Z</time>
      </trkpt>
      <trkpt lat="30.646513" lon="104.10649">
        <time>2026-05-06T13:15:55Z</time>
      </trkpt>
      <trkpt lat="30.64654" lon="104.10643">
        <time>2026-05-06T13:15:56Z</time>
      </trkpt>
      <trkpt lat="30.646566" lon="104.10636">
        <time>2026-05-06T13:15:57Z</time>
      </trkpt>
      <trkpt lat="30.64659" lon="104.10631">
        <time>2026-05-06T13:15:58Z</time>
      </trkpt>
      <trkpt lat="30.646614" lon="104.106255">
        <time>2026-05-06T13:15:59Z</time>
      </trkpt>
      <trkpt lat="30.64664" lon="104.10619">
        <time>2026-05-06T13:16:00Z</time>
      </trkpt>
      <trkpt lat="30.64667" lon="104.106125">
        <time>2026-05-06T13:16:01Z</time>
      </trkpt>
      <trkpt lat="30.646692" lon="104.10607">
        <time>2026-05-06T13:16:02Z</time>
      </trkpt>
      <trkpt lat="30.646713" lon="104.10601">
        <time>2026-05-06T13:16:03Z</time>
      </trkpt>
      <trkpt lat="30.64674" lon="104.10594">
        <time>2026-05-06T13:16:04Z</time>
      </trkpt>
      <trkpt lat="30.646769" lon="104.10587">
        <time>2026-05-06T13:16:05Z</time>
      </trkpt>
      <trkpt lat="30.646797" lon="104.105804">
        <time>2026-05-06T13:16:06Z</time>
      </trkpt>
      <trkpt lat="30.646822" lon="104.10574">
        <time>2026-05-06T13:16:07Z</time>
      </trkpt>
      <trkpt lat="30.646852" lon="104.10568">
        <time>2026-05-06T13:16:08Z</time>
      </trkpt>
      <trkpt lat="30.646883" lon="104.10561">
        <time>2026-05-06T13:16:09Z</time>
      </trkpt>
      <trkpt lat="30.646912" lon="104.10554">
        <time>2026-05-06T13:16:10Z</time>
      </trkpt>
      <trkpt lat="30.64694" lon="104.10547">
        <time>2026-05-06T13:16:11Z</time>
      </trkpt>
      <trkpt lat="30.646967" lon="104.1054">
        <time>2026-05-06T13:16:12Z</time>
      </trkpt>
      <trkpt lat="30.647001" lon="104.10533">
        <time>2026-05-06T13:16:13Z</time>
      </trkpt>
      <trkpt lat="30.64703" lon="104.10526">
        <time>2026-05-06T13:16:14Z</time>
      </trkpt>
      <trkpt lat="30.64705" lon="104.105194">
        <time>2026-05-06T13:16:15Z</time>
      </trkpt>
      <trkpt lat="30.647078" lon="104.105125">
        <time>2026-05-06T13:16:16Z</time>
      </trkpt>
      <trkpt lat="30.647104" lon="104.10506">
        <time>2026-05-06T13:16:17Z</time>
      </trkpt>
      <trkpt lat="30.647133" lon="104.10499">
        <time>2026-05-06T13:16:18Z</time>
      </trkpt>
      <trkpt lat="30.647163" lon="104.10493">
        <time>2026-05-06T13:16:19Z</time>
      </trkpt>
      <trkpt lat="30.647194" lon="104.104866">
        <time>2026-05-06T13:16:20Z</time>
      </trkpt>
      <trkpt lat="30.647219" lon="104.104805">
        <time>2026-05-06T13:16:21Z</time>
      </trkpt>
      <trkpt lat="30.647245" lon="104.104744">
        <time>2026-05-06T13:16:22Z</time>
      </trkpt>
      <trkpt lat="30.647276" lon="104.10468">
        <time>2026-05-06T13:16:23Z</time>
      </trkpt>
      <trkpt lat="30.647306" lon="104.10463">
        <time>2026-05-06T13:16:24Z</time>
      </trkpt>
      <trkpt lat="30.647331" lon="104.104576">
        <time>2026-05-06T13:16:25Z</time>
      </trkpt>
      <trkpt lat="30.647352" lon="104.10452">
        <time>2026-05-06T13:16:26Z</time>
      </trkpt>
      <trkpt lat="30.647373" lon="104.10446">
        <time>2026-05-06T13:16:27Z</time>
      </trkpt>
      <trkpt lat="30.647396" lon="104.1044">
        <time>2026-05-06T13:16:28Z</time>
      </trkpt>
      <trkpt lat="30.647427" lon="104.10434">
        <time>2026-05-06T13:16:29Z</time>
      </trkpt>
      <trkpt lat="30.647459" lon="104.10428">
        <time>2026-05-06T13:16:30Z</time>
      </trkpt>
      <trkpt lat="30.647486" lon="104.10422">
        <time>2026-05-06T13:16:31Z</time>
      </trkpt>
      <trkpt lat="30.647514" lon="104.10415">
        <time>2026-05-06T13:16:32Z</time>
      </trkpt>
      <trkpt lat="30.647543" lon="104.10408">
        <time>2026-05-06T13:16:33Z</time>
      </trkpt>
      <trkpt lat="30.647573" lon="104.10403">
        <time>2026-05-06T13:16:34Z</time>
      </trkpt>
      <trkpt lat="30.6476" lon="104.10396">
        <time>2026-05-06T13:16:35Z</time>
      </trkpt>
      <trkpt lat="30.647623" lon="104.103905">
        <time>2026-05-06T13:16:36Z</time>
      </trkpt>
      <trkpt lat="30.647644" lon="104.10385">
        <time>2026-05-06T13:16:37Z</time>
      </trkpt>
      <trkpt lat="30.647665" lon="104.103806">
        <time>2026-05-06T13:16:38Z</time>
      </trkpt>
      <trkpt lat="30.647684" lon="104.10375">
        <time>2026-05-06T13:16:39Z</time>
      </trkpt>
      <trkpt lat="30.647709" lon="104.1037">
        <time>2026-05-06T13:16:40Z</time>
      </trkpt>
      <trkpt lat="30.647736" lon="104.103645">
        <time>2026-05-06T13:16:41Z</time>
      </trkpt>
      <trkpt lat="30.647758" lon="104.10359">
        <time>2026-05-06T13:16:42Z</time>
      </trkpt>
      <trkpt lat="30.647783" lon="104.103546">
        <time>2026-05-06T13:16:43Z</time>
      </trkpt>
      <trkpt lat="30.647812" lon="104.10349">
        <time>2026-05-06T13:16:44Z</time>
      </trkpt>
      <trkpt lat="30.647842" lon="104.10344">
        <time>2026-05-06T13:16:45Z</time>
      </trkpt>
      <trkpt lat="30.647873" lon="104.10339">
        <time>2026-05-06T13:16:46Z</time>
      </trkpt>
      <trkpt lat="30.647905" lon="104.10334">
        <time>2026-05-06T13:16:47Z</time>
      </trkpt>
      <trkpt lat="30.647932" lon="104.10329">
        <time>2026-05-06T13:16:48Z</time>
      </trkpt>
      <trkpt lat="30.647963" lon="104.10323">
        <time>2026-05-06T13:16:49Z</time>
      </trkpt>
      <trkpt lat="30.647985" lon="104.10318">
        <time>2026-05-06T13:16:50Z</time>
      </trkpt>
      <trkpt lat="30.64801" lon="104.10313">
        <time>2026-05-06T13:16:51Z</time>
      </trkpt>
      <trkpt lat="30.648039" lon="104.10307">
        <time>2026-05-06T13:16:52Z</time>
      </trkpt>
      <trkpt lat="30.648064" lon="104.10302">
        <time>2026-05-06T13:16:53Z</time>
      </trkpt>
      <trkpt lat="30.648088" lon="104.10296">
        <time>2026-05-06T13:16:54Z</time>
      </trkpt>
      <trkpt lat="30.648113" lon="104.102905">
        <time>2026-05-06T13:16:55Z</time>
      </trkpt>
      <trkpt lat="30.648138" lon="104.10285">
        <time>2026-05-06T13:16:56Z</time>
      </trkpt>
      <trkpt lat="30.648163" lon="104.10279">
        <time>2026-05-06T13:16:57Z</time>
      </trkpt>
      <trkpt lat="30.648197" lon="104.10274">
        <time>2026-05-06T13:16:58Z</time>
      </trkpt>
      <trkpt lat="30.648228" lon="104.102684">
        <time>2026-05-06T13:16:59Z</time>
      </trkpt>
      <trkpt lat="30.648258" lon="104.10262">
        <time>2026-05-06T13:17:00Z</time>
      </trkpt>
      <trkpt lat="30.648283" lon="104.10257">
        <time>2026-05-06T13:17:01Z</time>
      </trkpt>
      <trkpt lat="30.648306" lon="104.1025">
        <time>2026-05-06T13:17:02Z</time>
      </trkpt>
      <trkpt lat="30.648329" lon="104.10244">
        <time>2026-05-06T13:17:03Z</time>
      </trkpt>
      <trkpt lat="30.64835" lon="104.10238">
        <time>2026-05-06T13:17:04Z</time>
      </trkpt>
      <trkpt lat="30.64838" lon="104.10231">
        <time>2026-05-06T13:17:05Z</time>
      </trkpt>
      <trkpt lat="30.648409" lon="104.10224">
        <time>2026-05-06T13:17:06Z</time>
      </trkpt>
      <trkpt lat="30.64844" lon="104.10218">
        <time>2026-05-06T13:17:07Z</time>
      </trkpt>
      <trkpt lat="30.648483" lon="104.102135">
        <time>2026-05-06T13:17:08Z</time>
      </trkpt>
      <trkpt lat="30.648523" lon="104.10208">
        <time>2026-05-06T13:17:09Z</time>
      </trkpt>
      <trkpt lat="30.648561" lon="104.102036">
        <time>2026-05-06T13:17:10Z</time>
      </trkpt>
      <trkpt lat="30.648598" lon="104.10199">
        <time>2026-05-06T13:17:11Z</time>
      </trkpt>
      <trkpt lat="30.648632" lon="104.10193">
        <time>2026-05-06T13:17:12Z</time>
      </trkpt>
      <trkpt lat="30.64866" lon="104.101875">
        <time>2026-05-06T13:17:13Z</time>
      </trkpt>
      <trkpt lat="30.64869" lon="104.10182">
        <time>2026-05-06T13:17:14Z</time>
      </trkpt>
      <trkpt lat="30.648714" lon="104.10176">
        <time>2026-05-06T13:17:15Z</time>
      </trkpt>
      <trkpt lat="30.648733" lon="104.1017">
        <time>2026-05-06T13:17:16Z</time>
      </trkpt>
      <trkpt lat="30.648748" lon="104.10163">
        <time>2026-05-06T13:17:17Z</time>
      </trkpt>
      <trkpt lat="30.648764" lon="104.10156">
        <time>2026-05-06T13:17:18Z</time>
      </trkpt>
      <trkpt lat="30.64878" lon="104.1015">
        <time>2026-05-06T13:17:19Z</time>
      </trkpt>
      <trkpt lat="30.648808" lon="104.10143">
        <time>2026-05-06T13:17:20Z</time>
      </trkpt>
      <trkpt lat="30.648838" lon="104.10137">
        <time>2026-05-06T13:17:21Z</time>
      </trkpt>
      <trkpt lat="30.648867" lon="104.1013">
        <time>2026-05-06T13:17:22Z</time>
      </trkpt>
      <trkpt lat="30.648895" lon="104.10124">
        <time>2026-05-06T13:17:23Z</time>
      </trkpt>
      <trkpt lat="30.64892" lon="104.10118">
        <time>2026-05-06T13:17:24Z</time>
      </trkpt>
      <trkpt lat="30.648945" lon="104.10111">
        <time>2026-05-06T13:17:25Z</time>
      </trkpt>
      <trkpt lat="30.64897" lon="104.10105">
        <time>2026-05-06T13:17:26Z</time>
      </trkpt>
      <trkpt lat="30.649" lon="104.10099">
        <time>2026-05-06T13:17:27Z</time>
      </trkpt>
      <trkpt lat="30.649027" lon="104.10094">
        <time>2026-05-06T13:17:28Z</time>
      </trkpt>
      <trkpt lat="30.649057" lon="104.100876">
        <time>2026-05-06T13:17:29Z</time>
      </trkpt>
      <trkpt lat="30.649088" lon="104.10082">
        <time>2026-05-06T13:17:30Z</time>
      </trkpt>
      <trkpt lat="30.649113" lon="104.10076">
        <time>2026-05-06T13:17:31Z</time>
      </trkpt>
      <trkpt lat="30.649141" lon="104.1007">
        <time>2026-05-06T13:17:32Z</time>
      </trkpt>
      <trkpt lat="30.649168" lon="104.10064">
        <time>2026-05-06T13:17:33Z</time>
      </trkpt>
      <trkpt lat="30.64919" lon="104.10058">
        <time>2026-05-06T13:17:34Z</time>
      </trkpt>
      <trkpt lat="30.649218" lon="104.10052">
        <time>2026-05-06T13:17:35Z</time>
      </trkpt>
      <trkpt lat="30.649246" lon="104.100464">
        <time>2026-05-06T13:17:36Z</time>
      </trkpt>
      <trkpt lat="30.649273" lon="104.10041">
        <time>2026-05-06T13:17:37Z</time>
      </trkpt>
      <trkpt lat="30.6493" lon="104.10035">
        <time>2026-05-06T13:17:38Z</time>
      </trkpt>
      <trkpt lat="30.649328" lon="104.10029">
        <time>2026-05-06T13:17:39Z</time>
      </trkpt>
      <trkpt lat="30.649355" lon="104.10023">
        <time>2026-05-06T13:17:40Z</time>
      </trkpt>
      <trkpt lat="30.649382" lon="104.100174">
        <time>2026-05-06T13:17:41Z</time>
      </trkpt>
      <trkpt lat="30.649408" lon="104.10011">
        <time>2026-05-06T13:17:42Z</time>
      </trkpt>
      <trkpt lat="30.649435" lon="104.10005">
        <time>2026-05-06T13:17:43Z</time>
      </trkpt>
      <trkpt lat="30.64946" lon="104.09999">
        <time>2026-05-06T13:17:44Z</time>
      </trkpt>
      <trkpt lat="30.649483" lon="104.09994">
        <time>2026-05-06T13:17:45Z</time>
      </trkpt>
      <trkpt lat="30.64951" lon="104.09988">
        <time>2026-05-06T13:17:46Z</time>
      </trkpt>
      <trkpt lat="30.649538" lon="104.099815">
        <time>2026-05-06T13:17:47Z</time>
      </trkpt>
      <trkpt lat="30.64957" lon="104.09975">
        <time>2026-05-06T13:17:48Z</time>
      </trkpt>
      <trkpt lat="30.649601" lon="104.09968">
        <time>2026-05-06T13:17:49Z</time>
      </trkpt>
      <trkpt lat="30.649635" lon="104.099625">
        <time>2026-05-06T13:17:50Z</time>
      </trkpt>
      <trkpt lat="30.649666" lon="104.09956">
        <time>2026-05-06T13:17:51Z</time>
      </trkpt>
      <trkpt lat="30.649696" lon="104.099495">
        <time>2026-05-06T13:17:52Z</time>
      </trkpt>
      <trkpt lat="30.649727" lon="104.099434">
        <time>2026-05-06T13:17:53Z</time>
      </trkpt>
      <trkpt lat="30.649754" lon="104.09939">
        <time>2026-05-06T13:17:54Z</time>
      </trkpt>
      <trkpt lat="30.649782" lon="104.099335">
        <time>2026-05-06T13:17:55Z</time>
      </trkpt>
      <trkpt lat="30.649809" lon="104.09928">
        <time>2026-05-06T13:17:56Z</time>
      </trkpt>
      <trkpt lat="30.649837" lon="104.09923">
        <time>2026-05-06T13:17:57Z</time>
      </trkpt>
      <trkpt lat="30.649864" lon="104.09917">
        <time>2026-05-06T13:17:58Z</time>
      </trkpt>
      <trkpt lat="30.649897" lon="104.09911">
        <time>2026-05-06T13:17:59Z</time>
      </trkpt>
      <trkpt lat="30.649927" lon="104.09905">
        <time>2026-05-06T13:18:00Z</time>
      </trkpt>
      <trkpt lat="30.649956" lon="104.09899">
        <time>2026-05-06T13:18:01Z</time>
      </trkpt>
      <trkpt lat="30.64998" lon="104.09893">
        <time>2026-05-06T13:18:02Z</time>
      </trkpt>
      <trkpt lat="30.65001" lon="104.09886">
        <time>2026-05-06T13:18:03Z</time>
      </trkpt>
      <trkpt lat="30.650038" lon="104.0988">
        <time>2026-05-06T13:18:04Z</time>
      </trkpt>
      <trkpt lat="30.650063" lon="104.09874">
        <time>2026-05-06T13:18:05Z</time>
      </trkpt>
      <trkpt lat="30.650084" lon="104.09869">
        <time>2026-05-06T13:18:06Z</time>
      </trkpt>
      <trkpt lat="30.650114" lon="104.098625">
        <time>2026-05-06T13:18:07Z</time>
      </trkpt>
      <trkpt lat="30.650146" lon="104.09856">
        <time>2026-05-06T13:18:08Z</time>
      </trkpt>
      <trkpt lat="30.650179" lon="104.098495">
        <time>2026-05-06T13:18:09Z</time>
      </trkpt>
      <trkpt lat="30.650208" lon="104.09843">
        <time>2026-05-06T13:18:10Z</time>
      </trkpt>
      <trkpt lat="30.650238" lon="104.09837">
        <time>2026-05-06T13:18:11Z</time>
      </trkpt>
      <trkpt lat="30.650265" lon="104.098305">
        <time>2026-05-06T13:18:12Z</time>
      </trkpt>
      <trkpt lat="30.650295" lon="104.09824">
        <time>2026-05-06T13:18:13Z</time>
      </trkpt>
      <trkpt lat="30.65032" lon="104.0982">
        <time>2026-05-06T13:18:14Z</time>
      </trkpt>
      <trkpt lat="30.650341" lon="104.098175">
        <time>2026-05-06T13:18:15Z</time>
      </trkpt>
      <trkpt lat="30.650358" lon="104.098175">
        <time>2026-05-06T13:18:16Z</time>
      </trkpt>
      <trkpt lat="30.650375" lon="104.09817">
        <time>2026-05-06T13:18:17Z</time>
      </trkpt>
      <trkpt lat="30.650387" lon="104.09816">
        <time>2026-05-06T13:18:18Z</time>
      </trkpt>
      <trkpt lat="30.650412" lon="104.09816">
        <time>2026-05-06T13:18:19Z</time>
      </trkpt>
      <trkpt lat="30.650433" lon="104.09816">
        <time>2026-05-06T13:18:20Z</time>
      </trkpt>
      <trkpt lat="30.650457" lon="104.09815">
        <time>2026-05-06T13:18:21Z</time>
      </trkpt>
      <trkpt lat="30.650492" lon="104.09815">
        <time>2026-05-06T13:18:22Z</time>
      </trkpt>
      <trkpt lat="30.650522" lon="104.09815">
        <time>2026-05-06T13:18:23Z</time>
      </trkpt>
      <trkpt lat="30.65055" lon="104.09816">
        <time>2026-05-06T13:18:24Z</time>
      </trkpt>
      <trkpt lat="30.65058" lon="104.09817">
        <time>2026-05-06T13:18:25Z</time>
      </trkpt>
      <trkpt lat="30.650612" lon="104.09818">
        <time>2026-05-06T13:18:26Z</time>
      </trkpt>
      <trkpt lat="30.650644" lon="104.0982">
        <time>2026-05-06T13:18:27Z</time>
      </trkpt>
      <trkpt lat="30.65068" lon="104.09823">
        <time>2026-05-06T13:18:28Z</time>
      </trkpt>
      <trkpt lat="30.65071" lon="104.09825">
        <time>2026-05-06T13:18:29Z</time>
      </trkpt>
      <trkpt lat="30.65074" lon="104.09827">
        <time>2026-05-06T13:18:30Z</time>
      </trkpt>
      <trkpt lat="30.650772" lon="104.09829">
        <time>2026-05-06T13:18:31Z</time>
      </trkpt>
      <trkpt lat="30.650806" lon="104.09831">
        <time>2026-05-06T13:18:32Z</time>
      </trkpt>
      <trkpt lat="30.65084" lon="104.09833">
        <time>2026-05-06T13:18:33Z</time>
      </trkpt>
      <trkpt lat="30.650879" lon="104.09834">
        <time>2026-05-06T13:18:34Z</time>
      </trkpt>
      <trkpt lat="30.650915" lon="104.09836">
        <time>2026-05-06T13:18:35Z</time>
      </trkpt>
      <trkpt lat="30.650946" lon="104.09838">
        <time>2026-05-06T13:18:36Z</time>
      </trkpt>
      <trkpt lat="30.650967" lon="104.098404">
        <time>2026-05-06T13:18:37Z</time>
      </trkpt>
      <trkpt lat="30.65098" lon="104.09842">
        <time>2026-05-06T13:18:38Z</time>
      </trkpt>
      <trkpt lat="30.650991" lon="104.098434">
        <time>2026-05-06T13:18:39Z</time>
      </trkpt>
      <trkpt lat="30.651012" lon="104.09845">
        <time>2026-05-06T13:18:40Z</time>
      </trkpt>
      <trkpt lat="30.651047" lon="104.098465">
        <time>2026-05-06T13:18:41Z</time>
      </trkpt>
      <trkpt lat="30.651083" lon="104.09848">
        <time>2026-05-06T13:18:42Z</time>
      </trkpt>
      <trkpt lat="30.651121" lon="104.0985">
        <time>2026-05-06T13:18:43Z</time>
      </trkpt>
      <trkpt lat="30.65116" lon="104.09852">
        <time>2026-05-06T13:18:44Z</time>
      </trkpt>
      <trkpt lat="30.651194" lon="104.09853">
        <time>2026-05-06T13:18:45Z</time>
      </trkpt>
      <trkpt lat="30.651224" lon="104.09855">
        <time>2026-05-06T13:18:46Z</time>
      </trkpt>
      <trkpt lat="30.651253" lon="104.098564">
        <time>2026-05-06T13:18:47Z</time>
      </trkpt>
      <trkpt lat="30.651287" lon="104.09858">
        <time>2026-05-06T13:18:48Z</time>
      </trkpt>
      <trkpt lat="30.651327" lon="104.098595">
        <time>2026-05-06T13:18:49Z</time>
      </trkpt>
      <trkpt lat="30.651365" lon="104.098625">
        <time>2026-05-06T13:18:50Z</time>
      </trkpt>
      <trkpt lat="30.6514" lon="104.09865">
        <time>2026-05-06T13:18:51Z</time>
      </trkpt>
      <trkpt lat="30.651436" lon="104.09867">
        <time>2026-05-06T13:18:52Z</time>
      </trkpt>
      <trkpt lat="30.651472" lon="104.098694">
        <time>2026-05-06T13:18:53Z</time>
      </trkpt>
      <trkpt lat="30.651506" lon="104.098724">
        <time>2026-05-06T13:18:54Z</time>
      </trkpt>
      <trkpt lat="30.65154" lon="104.09874">
        <time>2026-05-06T13:18:55Z</time>
      </trkpt>
      <trkpt lat="30.651577" lon="104.098755">
        <time>2026-05-06T13:18:56Z</time>
      </trkpt>
      <trkpt lat="30.651611" lon="104.09877">
        <time>2026-05-06T13:18:57Z</time>
      </trkpt>
      <trkpt lat="30.65165" lon="104.09879">
        <time>2026-05-06T13:18:58Z</time>
      </trkpt>
      <trkpt lat="30.651688" lon="104.098816">
        <time>2026-05-06T13:18:59Z</time>
      </trkpt>
      <trkpt lat="30.651726" lon="104.09885">
        <time>2026-05-06T13:19:00Z</time>
      </trkpt>
      <trkpt lat="30.651762" lon="104.09888">
        <time>2026-05-06T13:19:01Z</time>
      </trkpt>
      <trkpt lat="30.651804" lon="104.098915">
        <time>2026-05-06T13:19:02Z</time>
      </trkpt>
      <trkpt lat="30.651842" lon="104.098946">
        <time>2026-05-06T13:19:03Z</time>
      </trkpt>
      <trkpt lat="30.651876" lon="104.098976">
        <time>2026-05-06T13:19:04Z</time>
      </trkpt>
      <trkpt lat="30.651913" lon="104.099">
        <time>2026-05-06T13:19:05Z</time>
      </trkpt>
      <trkpt lat="30.651945" lon="104.09903">
        <time>2026-05-06T13:19:06Z</time>
      </trkpt>
      <trkpt lat="30.651981" lon="104.099045">
        <time>2026-05-06T13:19:07Z</time>
      </trkpt>
      <trkpt lat="30.652018" lon="104.09907">
        <time>2026-05-06T13:19:08Z</time>
      </trkpt>
      <trkpt lat="30.652054" lon="104.09909">
        <time>2026-05-06T13:19:09Z</time>
      </trkpt>
      <trkpt lat="30.652084" lon="104.099106">
        <time>2026-05-06T13:19:10Z</time>
      </trkpt>
      <trkpt lat="30.652117" lon="104.09913">
        <time>2026-05-06T13:19:11Z</time>
      </trkpt>
      <trkpt lat="30.65215" lon="104.099144">
        <time>2026-05-06T13:19:12Z</time>
      </trkpt>
      <trkpt lat="30.65218" lon="104.09916">
        <time>2026-05-06T13:19:13Z</time>
      </trkpt>
      <trkpt lat="30.65221" lon="104.09918">
        <time>2026-05-06T13:19:14Z</time>
      </trkpt>
      <trkpt lat="30.652245" lon="104.099205">
        <time>2026-05-06T13:19:15Z</time>
      </trkpt>
      <trkpt lat="30.652285" lon="104.099236">
        <time>2026-05-06T13:19:16Z</time>
      </trkpt>
      <trkpt lat="30.65232" lon="104.09926">
        <time>2026-05-06T13:19:17Z</time>
      </trkpt>
      <trkpt lat="30.652357" lon="104.09928">
        <time>2026-05-06T13:19:18Z</time>
      </trkpt>
      <trkpt lat="30.652393" lon="104.0993">
        <time>2026-05-06T13:19:19Z</time>
      </trkpt>
      <trkpt lat="30.652433" lon="104.09933">
        <time>2026-05-06T13:19:20Z</time>
      </trkpt>
      <trkpt lat="30.65248" lon="104.09935">
        <time>2026-05-06T13:19:21Z</time>
      </trkpt>
      <trkpt lat="30.652514" lon="104.09937">
        <time>2026-05-06T13:19:22Z</time>
      </trkpt>
      <trkpt lat="30.652548" lon="104.09939">
        <time>2026-05-06T13:19:23Z</time>
      </trkpt>
      <trkpt lat="30.652586" lon="104.09941">
        <time>2026-05-06T13:19:24Z</time>
      </trkpt>
      <trkpt lat="30.652628" lon="104.099434">
        <time>2026-05-06T13:19:25Z</time>
      </trkpt>
      <trkpt lat="30.65267" lon="104.09946">
        <time>2026-05-06T13:19:26Z</time>
      </trkpt>
      <trkpt lat="30.652712" lon="104.09949">
        <time>2026-05-06T13:19:27Z</time>
      </trkpt>
      <trkpt lat="30.652752" lon="104.09952">
        <time>2026-05-06T13:19:28Z</time>
      </trkpt>
      <trkpt lat="30.652782" lon="104.09953">
        <time>2026-05-06T13:19:29Z</time>
      </trkpt>
      <trkpt lat="30.652819" lon="104.099556">
        <time>2026-05-06T13:19:30Z</time>
      </trkpt>
      <trkpt lat="30.652853" lon="104.09958">
        <time>2026-05-06T13:19:31Z</time>
      </trkpt>
      <trkpt lat="30.652897" lon="104.09961">
        <time>2026-05-06T13:19:32Z</time>
      </trkpt>
      <trkpt lat="30.652935" lon="104.099625">
        <time>2026-05-06T13:19:33Z</time>
      </trkpt>
      <trkpt lat="30.652971" lon="104.09965">
        <time>2026-05-06T13:19:34Z</time>
      </trkpt>
      <trkpt lat="30.652998" lon="104.09967">
        <time>2026-05-06T13:19:35Z</time>
      </trkpt>
      <trkpt lat="30.653034" lon="104.09969">
        <time>2026-05-06T13:19:36Z</time>
      </trkpt>
      <trkpt lat="30.653069" lon="104.09972">
        <time>2026-05-06T13:19:37Z</time>
      </trkpt>
      <trkpt lat="30.653101" lon="104.09974">
        <time>2026-05-06T13:19:38Z</time>
      </trkpt>
      <trkpt lat="30.653133" lon="104.09976">
        <time>2026-05-06T13:19:39Z</time>
      </trkpt>
      <trkpt lat="30.653181" lon="104.099785">
        <time>2026-05-06T13:19:40Z</time>
      </trkpt>
      <trkpt lat="30.65322" lon="104.099815">
        <time>2026-05-06T13:19:41Z</time>
      </trkpt>
      <trkpt lat="30.653263" lon="104.09984">
        <time>2026-05-06T13:19:42Z</time>
      </trkpt>
      <trkpt lat="30.653303" lon="104.09986">
        <time>2026-05-06T13:19:43Z</time>
      </trkpt>
      <trkpt lat="30.653353" lon="104.0999">
        <time>2026-05-06T13:19:44Z</time>
      </trkpt>
      <trkpt lat="30.653397" lon="104.09992">
        <time>2026-05-06T13:19:45Z</time>
      </trkpt>
      <trkpt lat="30.653435" lon="104.099945">
        <time>2026-05-06T13:19:46Z</time>
      </trkpt>
      <trkpt lat="30.653473" lon="104.09996">
        <time>2026-05-06T13:19:47Z</time>
      </trkpt>
      <trkpt lat="30.653515" lon="104.09999">
        <time>2026-05-06T13:19:48Z</time>
      </trkpt>
      <trkpt lat="30.653559" lon="104.10001">
        <time>2026-05-06T13:19:49Z</time>
      </trkpt>
      <trkpt lat="30.653605" lon="104.10004">
        <time>2026-05-06T13:19:50Z</time>
      </trkpt>
      <trkpt lat="30.653648" lon="104.10007">
        <time>2026-05-06T13:19:51Z</time>
      </trkpt>
      <trkpt lat="30.653692" lon="104.10009">
        <time>2026-05-06T13:19:52Z</time>
      </trkpt>
      <trkpt lat="30.653738" lon="104.10011">
        <time>2026-05-06T13:19:53Z</time>
      </trkpt>
      <trkpt lat="30.653784" lon="104.10014">
        <time>2026-05-06T13:19:54Z</time>
      </trkpt>
      <trkpt lat="30.653826" lon="104.10017">
        <time>2026-05-06T13:19:55Z</time>
      </trkpt>
      <trkpt lat="30.653866" lon="104.10018">
        <time>2026-05-06T13:19:56Z</time>
      </trkpt>
      <trkpt lat="30.65391" lon="104.100204">
        <time>2026-05-06T13:19:57Z</time>
      </trkpt>
      <trkpt lat="30.653954" lon="104.100235">
        <time>2026-05-06T13:19:58Z</time>
      </trkpt>
      <trkpt lat="30.653997" lon="104.10027">
        <time>2026-05-06T13:19:59Z</time>
      </trkpt>
      <trkpt lat="30.654041" lon="104.10031">
        <time>2026-05-06T13:20:00Z</time>
      </trkpt>
      <trkpt lat="30.654089" lon="104.10035">
        <time>2026-05-06T13:20:01Z</time>
      </trkpt>
      <trkpt lat="30.654135" lon="104.10038">
        <time>2026-05-06T13:20:02Z</time>
      </trkpt>
      <trkpt lat="30.65418" lon="104.10042">
        <time>2026-05-06T13:20:03Z</time>
      </trkpt>
      <trkpt lat="30.654222" lon="104.10045">
        <time>2026-05-06T13:20:04Z</time>
      </trkpt>
      <trkpt lat="30.654268" lon="104.10047">
        <time>2026-05-06T13:20:05Z</time>
      </trkpt>
      <trkpt lat="30.654314" lon="104.1005">
        <time>2026-05-06T13:20:06Z</time>
      </trkpt>
      <trkpt lat="30.654354" lon="104.100525">
        <time>2026-05-06T13:20:07Z</time>
      </trkpt>
      <trkpt lat="30.654396" lon="104.10055">
        <time>2026-05-06T13:20:08Z</time>
      </trkpt>
      <trkpt lat="30.654436" lon="104.10058">
        <time>2026-05-06T13:20:09Z</time>
      </trkpt>
      <trkpt lat="30.654476" lon="104.1006">
        <time>2026-05-06T13:20:10Z</time>
      </trkpt>
      <trkpt lat="30.654516" lon="104.10063">
        <time>2026-05-06T13:20:11Z</time>
      </trkpt>
      <trkpt lat="30.654556" lon="104.100655">
        <time>2026-05-06T13:20:12Z</time>
      </trkpt>
      <trkpt lat="30.654593" lon="104.10068">
        <time>2026-05-06T13:20:13Z</time>
      </trkpt>
      <trkpt lat="30.654633" lon="104.1007">
        <time>2026-05-06T13:20:14Z</time>
      </trkpt>
      <trkpt lat="30.654669" lon="104.10072">
        <time>2026-05-06T13:20:15Z</time>
      </trkpt>
      <trkpt lat="30.654707" lon="104.100746">
        <time>2026-05-06T13:20:16Z</time>
      </trkpt>
      <trkpt lat="30.654745" lon="104.10077">
        <time>2026-05-06T13:20:17Z</time>
      </trkpt>
      <trkpt lat="30.654783" lon="104.10079">
        <time>2026-05-06T13:20:18Z</time>
      </trkpt>
      <trkpt lat="30.654823" lon="104.100815">
        <time>2026-05-06T13:20:19Z</time>
      </trkpt>
      <trkpt lat="30.654863" lon="104.10083">
        <time>2026-05-06T13:20:20Z</time>
      </trkpt>
      <trkpt lat="30.654905" lon="104.10085">
        <time>2026-05-06T13:20:21Z</time>
      </trkpt>
      <trkpt lat="30.654947" lon="104.10087">
        <time>2026-05-06T13:20:22Z</time>
      </trkpt>
      <trkpt lat="30.654987" lon="104.10089">
        <time>2026-05-06T13:20:23Z</time>
      </trkpt>
      <trkpt lat="30.655025" lon="104.100914">
        <time>2026-05-06T13:20:24Z</time>
      </trkpt>
      <trkpt lat="30.655064" lon="104.100945">
        <time>2026-05-06T13:20:25Z</time>
      </trkpt>
      <trkpt lat="30.655102" lon="104.10096">
        <time>2026-05-06T13:20:26Z</time>
      </trkpt>
      <trkpt lat="30.655142" lon="104.100975">
        <time>2026-05-06T13:20:27Z</time>
      </trkpt>
      <trkpt lat="30.655182" lon="104.10099">
        <time>2026-05-06T13:20:28Z</time>
      </trkpt>
      <trkpt lat="30.65522" lon="104.10099">
        <time>2026-05-06T13:20:29Z</time>
      </trkpt>
      <trkpt lat="30.655258" lon="104.100975">
        <time>2026-05-06T13:20:30Z</time>
      </trkpt>
      <trkpt lat="30.65529" lon="104.10095">
        <time>2026-05-06T13:20:31Z</time>
      </trkpt>
      <trkpt lat="30.65532" lon="104.10093">
        <time>2026-05-06T13:20:32Z</time>
      </trkpt>
      <trkpt lat="30.655346" lon="104.1009">
        <time>2026-05-06T13:20:33Z</time>
      </trkpt>
      <trkpt lat="30.655361" lon="104.10087">
        <time>2026-05-06T13:20:34Z</time>
      </trkpt>
      <trkpt lat="30.655373" lon="104.10084">
        <time>2026-05-06T13:20:35Z</time>
      </trkpt>
      <trkpt lat="30.655384" lon="104.1008">
        <time>2026-05-06T13:20:36Z</time>
      </trkpt>
      <trkpt lat="30.655396" lon="104.10076">
        <time>2026-05-06T13:20:37Z</time>
      </trkpt>
      <trkpt lat="30.655407" lon="104.10072">
        <time>2026-05-06T13:20:38Z</time>
      </trkpt>
      <trkpt lat="30.655416" lon="104.100685">
        <time>2026-05-06T13:20:39Z</time>
      </trkpt>
      <trkpt lat="30.65543" lon="104.10065">
        <time>2026-05-06T13:20:40Z</time>
      </trkpt>
      <trkpt lat="30.655447" lon="104.10061">
        <time>2026-05-06T13:20:41Z</time>
      </trkpt>
      <trkpt lat="30.655464" lon="104.10057">
        <time>2026-05-06T13:20:42Z</time>
      </trkpt>
      <trkpt lat="30.655489" lon="104.10054">
        <time>2026-05-06T13:20:43Z</time>
      </trkpt>
      <trkpt lat="30.655518" lon="104.10052">
        <time>2026-05-06T13:20:44Z</time>
      </trkpt>
      <trkpt lat="30.655548" lon="104.10052">
        <time>2026-05-06T13:20:45Z</time>
      </trkpt>
      <trkpt lat="30.655577" lon="104.10052">
        <time>2026-05-06T13:20:46Z</time>
      </trkpt>
      <trkpt lat="30.6556" lon="104.10053">
        <time>2026-05-06T13:20:47Z</time>
      </trkpt>
      <trkpt lat="30.655615" lon="104.10055">
        <time>2026-05-06T13:20:48Z</time>
      </trkpt>
      <trkpt lat="30.655636" lon="104.10056">
        <time>2026-05-06T13:20:49Z</time>
      </trkpt>
      <trkpt lat="30.655657" lon="104.10058">
        <time>2026-05-06T13:20:50Z</time>
      </trkpt>
      <trkpt lat="30.655676" lon="104.1006">
        <time>2026-05-06T13:20:51Z</time>
      </trkpt>
      <trkpt lat="30.6557" lon="104.10063">
        <time>2026-05-06T13:20:52Z</time>
      </trkpt>
      <trkpt lat="30.655727" lon="104.100655">
        <time>2026-05-06T13:20:53Z</time>
      </trkpt>
      <trkpt lat="30.655756" lon="104.10068">
        <time>2026-05-06T13:20:54Z</time>
      </trkpt>
      <trkpt lat="30.655788" lon="104.1007">
        <time>2026-05-06T13:20:55Z</time>
      </trkpt>
      <trkpt lat="30.65582" lon="104.10072">
        <time>2026-05-06T13:20:56Z</time>
      </trkpt>
      <trkpt lat="30.655853" lon="104.100746">
        <time>2026-05-06T13:20:57Z</time>
      </trkpt>
      <trkpt lat="30.655888" lon="104.10076">
        <time>2026-05-06T13:20:58Z</time>
      </trkpt>
      <trkpt lat="30.655924" lon="104.10079">
        <time>2026-05-06T13:20:59Z</time>
      </trkpt>
      <trkpt lat="30.655954" lon="104.10081">
        <time>2026-05-06T13:21:00Z</time>
      </trkpt>
      <trkpt lat="30.655993" lon="104.10082">
        <time>2026-05-06T13:21:01Z</time>
      </trkpt>
      <trkpt lat="30.656033" lon="104.10084">
        <time>2026-05-06T13:21:02Z</time>
      </trkpt>
      <trkpt lat="30.656065" lon="104.10086">
        <time>2026-05-06T13:21:03Z</time>
      </trkpt>
      <trkpt lat="30.656096" lon="104.10088">
        <time>2026-05-06T13:21:04Z</time>
      </trkpt>
      <trkpt lat="30.656124" lon="104.1009">
        <time>2026-05-06T13:21:05Z</time>
      </trkpt>
      <trkpt lat="30.656157" lon="104.100914">
        <time>2026-05-06T13:21:06Z</time>
      </trkpt>
      <trkpt lat="30.65619" lon="104.10094">
        <time>2026-05-06T13:21:07Z</time>
      </trkpt>
      <trkpt lat="30.65623" lon="104.10095">
        <time>2026-05-06T13:21:08Z</time>
      </trkpt>
      <trkpt lat="30.656258" lon="104.10097">
        <time>2026-05-06T13:21:09Z</time>
      </trkpt>
      <trkpt lat="30.65629" lon="104.10099">
        <time>2026-05-06T13:21:10Z</time>
      </trkpt>
      <trkpt lat="30.656322" lon="104.10101">
        <time>2026-05-06T13:21:11Z</time>
      </trkpt>
      <trkpt lat="30.656351" lon="104.101036">
        <time>2026-05-06T13:21:12Z</time>
      </trkpt>
      <trkpt lat="30.656384" lon="104.10105">
        <time>2026-05-06T13:21:13Z</time>
      </trkpt>
      <trkpt lat="30.656422" lon="104.101074">
        <time>2026-05-06T13:21:14Z</time>
      </trkpt>
      <trkpt lat="30.656456" lon="104.1011">
        <time>2026-05-06T13:21:15Z</time>
      </trkpt>
      <trkpt lat="30.656494" lon="104.10112">
        <time>2026-05-06T13:21:16Z</time>
      </trkpt>
      <trkpt lat="30.656525" lon="104.10114">
        <time>2026-05-06T13:21:17Z</time>
      </trkpt>
      <trkpt lat="30.656555" lon="104.10117">
        <time>2026-05-06T13:21:18Z</time>
      </trkpt>
      <trkpt lat="30.656586" lon="104.1012">
        <time>2026-05-06T13:21:19Z</time>
      </trkpt>
      <trkpt lat="30.656614" lon="104.10121">
        <time>2026-05-06T13:21:20Z</time>
      </trkpt>
      <trkpt lat="30.656645" lon="104.101234">
        <time>2026-05-06T13:21:21Z</time>
      </trkpt>
      <trkpt lat="30.656675" lon="104.10125">
        <time>2026-05-06T13:21:22Z</time>
      </trkpt>
      <trkpt lat="30.656702" lon="104.10127">
        <time>2026-05-06T13:21:23Z</time>
      </trkpt>
      <trkpt lat="30.65672" lon="104.10129">
        <time>2026-05-06T13:21:24Z</time>
      </trkpt>
      <trkpt lat="30.656744" lon="104.1013">
        <time>2026-05-06T13:21:25Z</time>
      </trkpt>
      <trkpt lat="30.656773" lon="104.10132">
        <time>2026-05-06T13:21:26Z</time>
      </trkpt>
      <trkpt lat="30.656773" lon="104.10132">
        <time>2026-05-06T13:21:27Z</time>
      </trkpt>
      <trkpt lat="30.656773" lon="104.10132">
        <time>2026-05-06T13:21:28Z</time>
      </trkpt>
      <trkpt lat="30.656773" lon="104.10132">
        <time>2026-05-06T13:21:29Z</time>
      </trkpt>
      <trkpt lat="30.656773" lon="104.10132">
        <time>2026-05-06T13:21:30Z</time>
      </trkpt>
      <trkpt lat="30.656786" lon="104.10134">
        <time>2026-05-06T13:21:31Z</time>
      </trkpt>
    </trkseg>
  </trk>
</gpx>