<?xml version="1.0" encoding="UTF-8"?>
<gpx version="1.1" creator="Go GPS Converter">
  <trk>
    <name>GPS Track</name>
    <trkseg>
      <trkpt lat="30.656427" lon="104.10111">
        <time>2026-05-10T11:58:50Z</time>
      </trkpt>
      <trkpt lat="30.656446" lon="104.10102">
        <time>2026-05-10T11:58:51Z</time>
      </trkpt>
      <trkpt lat="30.656418" lon="104.101006">
        <time>2026-05-10T11:58:52Z</time>
      </trkpt>
      <trkpt lat="30.656408" lon="104.101">
        <time>2026-05-10T11:58:53Z</time>
      </trkpt>
      <trkpt lat="30.656395" lon="104.100975">
        <time>2026-05-10T11:58:54Z</time>
      </trkpt>
      <trkpt lat="30.656176" lon="104.10097">
        <time>2026-05-10T11:58:55Z</time>
      </trkpt>
      <trkpt lat="30.656145" lon="104.101">
        <time>2026-05-10T11:58:56Z</time>
      </trkpt>
      <trkpt lat="30.65614" lon="104.101">
        <time>2026-05-10T11:58:57Z</time>
      </trkpt>
      <trkpt lat="30.656137" lon="104.101">
        <time>2026-05-10T11:58:58Z</time>
      </trkpt>
      <trkpt lat="30.656118" lon="104.100975">
        <time>2026-05-10T11:58:59Z</time>
      </trkpt>
      <trkpt lat="30.656094" lon="104.100945">
        <time>2026-05-10T11:59:00Z</time>
      </trkpt>
      <trkpt lat="30.656067" lon="104.100914">
        <time>2026-05-10T11:59:01Z</time>
      </trkpt>
      <trkpt lat="30.656038" lon="104.10089">
        <time>2026-05-10T11:59:02Z</time>
      </trkpt>
      <trkpt lat="30.656008" lon="104.10087">
        <time>2026-05-10T11:59:03Z</time>
      </trkpt>
      <trkpt lat="30.65598" lon="104.10085">
        <time>2026-05-10T11:59:04Z</time>
      </trkpt>
      <trkpt lat="30.655952" lon="104.10083">
        <time>2026-05-10T11:59:05Z</time>
      </trkpt>
      <trkpt lat="30.655926" lon="104.100815">
        <time>2026-05-10T11:59:06Z</time>
      </trkpt>
      <trkpt lat="30.655895" lon="104.10079">
        <time>2026-05-10T11:59:07Z</time>
      </trkpt>
      <trkpt lat="30.65586" lon="104.10077">
        <time>2026-05-10T11:59:08Z</time>
      </trkpt>
      <trkpt lat="30.655819" lon="104.100746">
        <time>2026-05-10T11:59:09Z</time>
      </trkpt>
      <trkpt lat="30.655775" lon="104.10072">
        <time>2026-05-10T11:59:10Z</time>
      </trkpt>
      <trkpt lat="30.655731" lon="104.1007">
        <time>2026-05-10T11:59:11Z</time>
      </trkpt>
      <trkpt lat="30.655691" lon="104.10067">
        <time>2026-05-10T11:59:12Z</time>
      </trkpt>
      <trkpt lat="30.655651" lon="104.10065">
        <time>2026-05-10T11:59:13Z</time>
      </trkpt>
      <trkpt lat="30.655615" lon="104.100624">
        <time>2026-05-10T11:59:14Z</time>
      </trkpt>
      <trkpt lat="30.65558" lon="104.1006">
        <time>2026-05-10T11:59:15Z</time>
      </trkpt>
      <trkpt lat="30.655548" lon="104.10058">
        <time>2026-05-10T11:59:16Z</time>
      </trkpt>
      <trkpt lat="30.65552" lon="104.10056">
        <time>2026-05-10T11:59:17Z</time>
      </trkpt>
      <trkpt lat="30.6555" lon="104.100555">
        <time>2026-05-10T11:59:18Z</time>
      </trkpt>
      <trkpt lat="30.655485" lon="104.10055">
        <time>2026-05-10T11:59:19Z</time>
      </trkpt>
      <trkpt lat="30.655472" lon="104.10055">
        <time>2026-05-10T11:59:20Z</time>
      </trkpt>
      <trkpt lat="30.655455" lon="104.100555">
        <time>2026-05-10T11:59:21Z</time>
      </trkpt>
      <trkpt lat="30.655437" lon="104.10058">
        <time>2026-05-10T11:59:22Z</time>
      </trkpt>
      <trkpt lat="30.65542" lon="104.10061">
        <time>2026-05-10T11:59:23Z</time>
      </trkpt>
      <trkpt lat="30.655401" lon="104.100655">
        <time>2026-05-10T11:59:24Z</time>
      </trkpt>
      <trkpt lat="30.655386" lon="104.10069">
        <time>2026-05-10T11:59:25Z</time>
      </trkpt>
      <trkpt lat="30.655373" lon="104.10074">
        <time>2026-05-10T11:59:26Z</time>
      </trkpt>
      <trkpt lat="30.655363" lon="104.10077">
        <time>2026-05-10T11:59:27Z</time>
      </trkpt>
      <trkpt lat="30.655357" lon="104.10079">
        <time>2026-05-10T11:59:28Z</time>
      </trkpt>
      <trkpt lat="30.655352" lon="104.100815">
        <time>2026-05-10T11:59:29Z</time>
      </trkpt>
      <trkpt lat="30.655344" lon="104.10083">
        <time>2026-05-10T11:59:30Z</time>
      </trkpt>
      <trkpt lat="30.655333" lon="104.100845">
        <time>2026-05-10T11:59:31Z</time>
      </trkpt>
      <trkpt lat="30.655315" lon="104.10085">
        <time>2026-05-10T11:59:32Z</time>
      </trkpt>
      <trkpt lat="30.655293" lon="104.10086">
        <time>2026-05-10T11:59:33Z</time>
      </trkpt>
      <trkpt lat="30.655268" lon="104.10085">
        <time>2026-05-10T11:59:34Z</time>
      </trkpt>
      <trkpt lat="30.65524" lon="104.10084">
        <time>2026-05-10T11:59:35Z</time>
      </trkpt>
      <trkpt lat="30.655203" lon="104.100815">
        <time>2026-05-10T11:59:36Z</time>
      </trkpt>
      <trkpt lat="30.655165" lon="104.10079">
        <time>2026-05-10T11:59:37Z</time>
      </trkpt>
      <trkpt lat="30.655123" lon="104.10077">
        <time>2026-05-10T11:59:38Z</time>
      </trkpt>
      <trkpt lat="30.655073" lon="104.10074">
        <time>2026-05-10T11:59:39Z</time>
      </trkpt>
      <trkpt lat="30.65502" lon="104.100716">
        <time>2026-05-10T11:59:40Z</time>
      </trkpt>
      <trkpt lat="30.654959" lon="104.10069">
        <time>2026-05-10T11:59:41Z</time>
      </trkpt>
      <trkpt lat="30.654896" lon="104.10067">
        <time>2026-05-10T11:59:42Z</time>
      </trkpt>
      <trkpt lat="30.654766" lon="104.10061">
        <time>2026-05-10T11:59:43Z</time>
      </trkpt>
      <trkpt lat="30.654709" lon="104.10057">
        <time>2026-05-10T11:59:44Z</time>
      </trkpt>
      <trkpt lat="30.65465" lon="104.10053">
        <time>2026-05-10T11:59:45Z</time>
      </trkpt>
      <trkpt lat="30.654593" lon="104.100494">
        <time>2026-05-10T11:59:46Z</time>
      </trkpt>
      <trkpt lat="30.654537" lon="104.10046">
        <time>2026-05-10T11:59:47Z</time>
      </trkpt>
      <trkpt lat="30.654476" lon="104.10042">
        <time>2026-05-10T11:59:48Z</time>
      </trkpt>
      <trkpt lat="30.65442" lon="104.10038">
        <time>2026-05-10T11:59:49Z</time>
      </trkpt>
      <trkpt lat="30.654366" lon="104.100334">
        <time>2026-05-10T11:59:50Z</time>
      </trkpt>
      <trkpt lat="30.65431" lon="104.10029">
        <time>2026-05-10T11:59:51Z</time>
      </trkpt>
      <trkpt lat="30.654253" lon="104.10026">
        <time>2026-05-10T11:59:52Z</time>
      </trkpt>
      <trkpt lat="30.6542" lon="104.10023">
        <time>2026-05-10T11:59:53Z</time>
      </trkpt>
      <trkpt lat="30.654142" lon="104.10021">
        <time>2026-05-10T11:59:54Z</time>
      </trkpt>
      <trkpt lat="30.654089" lon="104.1002">
        <time>2026-05-10T11:59:55Z</time>
      </trkpt>
      <trkpt lat="30.654032" lon="104.100174">
        <time>2026-05-10T11:59:56Z</time>
      </trkpt>
      <trkpt lat="30.653978" lon="104.10015">
        <time>2026-05-10T11:59:57Z</time>
      </trkpt>
      <trkpt lat="30.653925" lon="104.10012">
        <time>2026-05-10T11:59:58Z</time>
      </trkpt>
      <trkpt lat="30.653868" lon="104.10009">
        <time>2026-05-10T11:59:59Z</time>
      </trkpt>
      <trkpt lat="30.653805" lon="104.100044">
        <time>2026-05-10T12:00:00Z</time>
      </trkpt>
      <trkpt lat="30.653736" lon="104.1">
        <time>2026-05-10T12:00:01Z</time>
      </trkpt>
      <trkpt lat="30.653673" lon="104.09996">
        <time>2026-05-10T12:00:02Z</time>
      </trkpt>
      <trkpt lat="30.653605" lon="104.09992">
        <time>2026-05-10T12:00:03Z</time>
      </trkpt>
      <trkpt lat="30.653536" lon="104.099884">
        <time>2026-05-10T12:00:04Z</time>
      </trkpt>
      <trkpt lat="30.65347" lon="104.09985">
        <time>2026-05-10T12:00:05Z</time>
      </trkpt>
      <trkpt lat="30.653404" lon="104.099815">
        <time>2026-05-10T12:00:06Z</time>
      </trkpt>
      <trkpt lat="30.65334" lon="104.09978">
        <time>2026-05-10T12:00:07Z</time>
      </trkpt>
      <trkpt lat="30.65327" lon="104.09974">
        <time>2026-05-10T12:00:08Z</time>
      </trkpt>
      <trkpt lat="30.653206" lon="104.09971">
        <time>2026-05-10T12:00:09Z</time>
      </trkpt>
      <trkpt lat="30.653147" lon="104.09967">
        <time>2026-05-10T12:00:10Z</time>
      </trkpt>
      <trkpt lat="30.653088" lon="104.09964">
        <time>2026-05-10T12:00:11Z</time>
      </trkpt>
      <trkpt lat="30.653027" lon="104.09961">
        <time>2026-05-10T12:00:12Z</time>
      </trkpt>
      <trkpt lat="30.652967" lon="104.09957">
        <time>2026-05-10T12:00:13Z</time>
      </trkpt>
      <trkpt lat="30.652906" lon="104.09953">
        <time>2026-05-10T12:00:14Z</time>
      </trkpt>
      <trkpt lat="30.65284" lon="104.0995">
        <time>2026-05-10T12:00:15Z</time>
      </trkpt>
      <trkpt lat="30.652775" lon="104.099464">
        <time>2026-05-10T12:00:16Z</time>
      </trkpt>
      <trkpt lat="30.652718" lon="104.09943">
        <time>2026-05-10T12:00:17Z</time>
      </trkpt>
      <trkpt lat="30.652664" lon="104.09939">
        <time>2026-05-10T12:00:18Z</time>
      </trkpt>
      <trkpt lat="30.65261" lon="104.09936">
        <time>2026-05-10T12:00:19Z</time>
      </trkpt>
      <trkpt lat="30.652555" lon="104.09933">
        <time>2026-05-10T12:00:20Z</time>
      </trkpt>
      <trkpt lat="30.652498" lon="104.0993">
        <time>2026-05-10T12:00:21Z</time>
      </trkpt>
      <trkpt lat="30.652441" lon="104.09926">
        <time>2026-05-10T12:00:22Z</time>
      </trkpt>
      <trkpt lat="30.652384" lon="104.09923">
        <time>2026-05-10T12:00:23Z</time>
      </trkpt>
      <trkpt lat="30.652323" lon="104.09919">
        <time>2026-05-10T12:00:24Z</time>
      </trkpt>
      <trkpt lat="30.652267" lon="104.09915">
        <time>2026-05-10T12:00:25Z</time>
      </trkpt>
      <trkpt lat="30.652214" lon="104.09912">
        <time>2026-05-10T12:00:26Z</time>
      </trkpt>
      <trkpt lat="30.652159" lon="104.09909">
        <time>2026-05-10T12:00:27Z</time>
      </trkpt>
      <trkpt lat="30.652102" lon="104.09905">
        <time>2026-05-10T12:00:28Z</time>
      </trkpt>
      <trkpt lat="30.652054" lon="104.09902">
        <time>2026-05-10T12:00:29Z</time>
      </trkpt>
      <trkpt lat="30.652014" lon="104.09899">
        <time>2026-05-10T12:00:30Z</time>
      </trkpt>
      <trkpt lat="30.651978" lon="104.09897">
        <time>2026-05-10T12:00:31Z</time>
      </trkpt>
      <trkpt lat="30.651957" lon="104.09895">
        <time>2026-05-10T12:00:32Z</time>
      </trkpt>
      <trkpt lat="30.651937" lon="104.09894">
        <time>2026-05-10T12:00:33Z</time>
      </trkpt>
      <trkpt lat="30.65192" lon="104.09893">
        <time>2026-05-10T12:00:34Z</time>
      </trkpt>
      <trkpt lat="30.651896" lon="104.098915">
        <time>2026-05-10T12:00:35Z</time>
      </trkpt>
      <trkpt lat="30.651875" lon="104.0989">
        <time>2026-05-10T12:00:36Z</time>
      </trkpt>
      <trkpt lat="30.651842" lon="104.098885">
        <time>2026-05-10T12:00:37Z</time>
      </trkpt>
      <trkpt lat="30.651812" lon="104.09887">
        <time>2026-05-10T12:00:38Z</time>
      </trkpt>
      <trkpt lat="30.651785" lon="104.09885">
        <time>2026-05-10T12:00:39Z</time>
      </trkpt>
      <trkpt lat="30.65175" lon="104.09882">
        <time>2026-05-10T12:00:40Z</time>
      </trkpt>
      <trkpt lat="30.651707" lon="104.0988">
        <time>2026-05-10T12:00:41Z</time>
      </trkpt>
      <trkpt lat="30.651657" lon="104.09876">
        <time>2026-05-10T12:00:42Z</time>
      </trkpt>
      <trkpt lat="30.651596" lon="104.098724">
        <time>2026-05-10T12:00:43Z</time>
      </trkpt>
      <trkpt lat="30.651537" lon="104.098694">
        <time>2026-05-10T12:00:44Z</time>
      </trkpt>
      <trkpt lat="30.651476" lon="104.098656">
        <time>2026-05-10T12:00:45Z</time>
      </trkpt>
      <trkpt lat="30.651415" lon="104.098625">
        <time>2026-05-10T12:00:46Z</time>
      </trkpt>
      <trkpt lat="30.65136" lon="104.098595">
        <time>2026-05-10T12:00:47Z</time>
      </trkpt>
      <trkpt lat="30.651308" lon="104.09856">
        <time>2026-05-10T12:00:48Z</time>
      </trkpt>
      <trkpt lat="30.651255" lon="104.09853">
        <time>2026-05-10T12:00:49Z</time>
      </trkpt>
      <trkpt lat="30.6512" lon="104.0985">
        <time>2026-05-10T12:00:50Z</time>
      </trkpt>
      <trkpt lat="30.651148" lon="104.09848">
        <time>2026-05-10T12:00:51Z</time>
      </trkpt>
      <trkpt lat="30.651108" lon="104.09846">
        <time>2026-05-10T12:00:52Z</time>
      </trkpt>
      <trkpt lat="30.651072" lon="104.09844">
        <time>2026-05-10T12:00:53Z</time>
      </trkpt>
      <trkpt lat="30.651037" lon="104.09842">
        <time>2026-05-10T12:00:54Z</time>
      </trkpt>
      <trkpt lat="30.65101" lon="104.098404">
        <time>2026-05-10T12:00:55Z</time>
      </trkpt>
      <trkpt lat="30.65098" lon="104.09838">
        <time>2026-05-10T12:00:56Z</time>
      </trkpt>
      <trkpt lat="30.65095" lon="104.09836">
        <time>2026-05-10T12:00:57Z</time>
      </trkpt>
      <trkpt lat="30.650925" lon="104.09835">
        <time>2026-05-10T12:00:58Z</time>
      </trkpt>
      <trkpt lat="30.650898" lon="104.098335">
        <time>2026-05-10T12:00:59Z</time>
      </trkpt>
      <trkpt lat="30.650873" lon="104.09832">
        <time>2026-05-10T12:01:00Z</time>
      </trkpt>
      <trkpt lat="30.650843" lon="104.0983">
        <time>2026-05-10T12:01:01Z</time>
      </trkpt>
      <trkpt lat="30.650808" lon="104.09827">
        <time>2026-05-10T12:01:02Z</time>
      </trkpt>
      <trkpt lat="30.650778" lon="104.09824">
        <time>2026-05-10T12:01:03Z</time>
      </trkpt>
      <trkpt lat="30.650745" lon="104.09823">
        <time>2026-05-10T12:01:04Z</time>
      </trkpt>
      <trkpt lat="30.65071" lon="104.098206">
        <time>2026-05-10T12:01:05Z</time>
      </trkpt>
      <trkpt lat="30.650671" lon="104.09818">
        <time>2026-05-10T12:01:06Z</time>
      </trkpt>
      <trkpt lat="30.650629" lon="104.09816">
        <time>2026-05-10T12:01:07Z</time>
      </trkpt>
      <trkpt lat="30.65059" lon="104.09813">
        <time>2026-05-10T12:01:08Z</time>
      </trkpt>
      <trkpt lat="30.650553" lon="104.09811">
        <time>2026-05-10T12:01:09Z</time>
      </trkpt>
      <trkpt lat="30.650515" lon="104.098076">
        <time>2026-05-10T12:01:10Z</time>
      </trkpt>
      <trkpt lat="30.65047" lon="104.09805">
        <time>2026-05-10T12:01:11Z</time>
      </trkpt>
      <trkpt lat="30.650433" lon="104.09802">
        <time>2026-05-10T12:01:12Z</time>
      </trkpt>
      <trkpt lat="30.650394" lon="104.09799">
        <time>2026-05-10T12:01:13Z</time>
      </trkpt>
      <trkpt lat="30.650362" lon="104.09796">
        <time>2026-05-10T12:01:14Z</time>
      </trkpt>
      <trkpt lat="30.650333" lon="104.097916">
        <time>2026-05-10T12:01:15Z</time>
      </trkpt>
      <trkpt lat="30.650303" lon="104.09788">
        <time>2026-05-10T12:01:16Z</time>
      </trkpt>
      <trkpt lat="30.65027" lon="104.097855">
        <time>2026-05-10T12:01:17Z</time>
      </trkpt>
      <trkpt lat="30.650234" lon="104.09784">
        <time>2026-05-10T12:01:18Z</time>
      </trkpt>
      <trkpt lat="30.650211" lon="104.09783">
        <time>2026-05-10T12:01:19Z</time>
      </trkpt>
      <trkpt lat="30.650204" lon="104.09783">
        <time>2026-05-10T12:01:20Z</time>
      </trkpt>
      <trkpt lat="30.650204" lon="104.09783">
        <time>2026-05-10T12:01:21Z</time>
      </trkpt>
      <trkpt lat="30.650204" lon="104.09783">
        <time>2026-05-10T12:01:22Z</time>
      </trkpt>
      <trkpt lat="30.650204" lon="104.09783">
        <time>2026-05-10T12:01:23Z</time>
      </trkpt>
      <trkpt lat="30.650204" lon="104.09783">
        <time>2026-05-10T12:01:24Z</time>
      </trkpt>
      <trkpt lat="30.650204" lon="104.09783">
        <time>2026-05-10T12:01:25Z</time>
      </trkpt>
      <trkpt lat="30.650204" lon="104.09783">
        <time>2026-05-10T12:01:26Z</time>
      </trkpt>
      <trkpt lat="30.650204" lon="104.09783">
        <time>2026-05-10T12:01:27Z</time>
      </trkpt>
      <trkpt lat="30.650204" lon="104.09783">
        <time>2026-05-10T12:01:28Z</time>
      </trkpt>
      <trkpt lat="30.650204" lon="104.09783">
        <time>2026-05-10T12:01:29Z</time>
      </trkpt>
      <trkpt lat="30.650204" lon="104.09783">
        <time>2026-05-10T12:01:30Z</time>
      </trkpt>
      <trkpt lat="30.650204" lon="104.09783">
        <time>2026-05-10T12:01:31Z</time>
      </trkpt>
      <trkpt lat="30.650204" lon="104.09783">
        <time>2026-05-10T12:01:32Z</time>
      </trkpt>
      <trkpt lat="30.65019" lon="104.09787">
        <time>2026-05-10T12:01:33Z</time>
      </trkpt>
      <trkpt lat="30.65018" lon="104.0979">
        <time>2026-05-10T12:01:34Z</time>
      </trkpt>
      <trkpt lat="30.650167" lon="104.09792">
        <time>2026-05-10T12:01:35Z</time>
      </trkpt>
      <trkpt lat="30.650154" lon="104.09796">
        <time>2026-05-10T12:01:36Z</time>
      </trkpt>
      <trkpt lat="30.650143" lon="104.098">
        <time>2026-05-10T12:01:37Z</time>
      </trkpt>
      <trkpt lat="30.650127" lon="104.09803">
        <time>2026-05-10T12:01:38Z</time>
      </trkpt>
      <trkpt lat="30.650114" lon="104.098076">
        <time>2026-05-10T12:01:39Z</time>
      </trkpt>
      <trkpt lat="30.650099" lon="104.098114">
        <time>2026-05-10T12:01:40Z</time>
      </trkpt>
      <trkpt lat="30.65008" lon="104.09816">
        <time>2026-05-10T12:01:41Z</time>
      </trkpt>
      <trkpt lat="30.650063" lon="104.098206">
        <time>2026-05-10T12:01:42Z</time>
      </trkpt>
      <trkpt lat="30.65004" lon="104.09825">
        <time>2026-05-10T12:01:43Z</time>
      </trkpt>
      <trkpt lat="30.650019" lon="104.0983">
        <time>2026-05-10T12:01:44Z</time>
      </trkpt>
      <trkpt lat="30.65" lon="104.09834">
        <time>2026-05-10T12:01:45Z</time>
      </trkpt>
      <trkpt lat="30.64998" lon="104.09839">
        <time>2026-05-10T12:01:46Z</time>
      </trkpt>
      <trkpt lat="30.64996" lon="104.098434">
        <time>2026-05-10T12:01:47Z</time>
      </trkpt>
      <trkpt lat="30.649939" lon="104.09849">
        <time>2026-05-10T12:01:48Z</time>
      </trkpt>
      <trkpt lat="30.649918" lon="104.09853">
        <time>2026-05-10T12:01:49Z</time>
      </trkpt>
      <trkpt lat="30.649895" lon="104.09858">
        <time>2026-05-10T12:01:50Z</time>
      </trkpt>
      <trkpt lat="30.649864" lon="104.09863">
        <time>2026-05-10T12:01:51Z</time>
      </trkpt>
      <trkpt lat="30.649834" lon="104.098694">
        <time>2026-05-10T12:01:52Z</time>
      </trkpt>
      <trkpt lat="30.649805" lon="104.098755">
        <time>2026-05-10T12:01:53Z</time>
      </trkpt>
      <trkpt lat="30.64978" lon="104.09881">
        <time>2026-05-10T12:01:54Z</time>
      </trkpt>
      <trkpt lat="30.649744" lon="104.09888">
        <time>2026-05-10T12:01:55Z</time>
      </trkpt>
      <trkpt lat="30.649698" lon="104.09893">
        <time>2026-05-10T12:01:56Z</time>
      </trkpt>
      <trkpt lat="30.649647" lon="104.09898">
        <time>2026-05-10T12:01:57Z</time>
      </trkpt>
      <trkpt lat="30.649601" lon="104.099045">
        <time>2026-05-10T12:01:58Z</time>
      </trkpt>
      <trkpt lat="30.64957" lon="104.099106">
        <time>2026-05-10T12:01:59Z</time>
      </trkpt>
      <trkpt lat="30.649542" lon="104.09917">
        <time>2026-05-10T12:02:00Z</time>
      </trkpt>
      <trkpt lat="30.649515" lon="104.09922">
        <time>2026-05-10T12:02:01Z</time>
      </trkpt>
      <trkpt lat="30.649485" lon="104.09927">
        <time>2026-05-10T12:02:02Z</time>
      </trkpt>
      <trkpt lat="30.649467" lon="104.09932">
        <time>2026-05-10T12:02:03Z</time>
      </trkpt>
      <trkpt lat="30.649464" lon="104.09937">
        <time>2026-05-10T12:02:04Z</time>
      </trkpt>
      <trkpt lat="30.649454" lon="104.099434">
        <time>2026-05-10T12:02:05Z</time>
      </trkpt>
      <trkpt lat="30.649445" lon="104.09949">
        <time>2026-05-10T12:02:06Z</time>
      </trkpt>
      <trkpt lat="30.649433" lon="104.099525">
        <time>2026-05-10T12:02:07Z</time>
      </trkpt>
      <trkpt lat="30.649422" lon="104.09956">
        <time>2026-05-10T12:02:08Z</time>
      </trkpt>
      <trkpt lat="30.649412" lon="104.0996">
        <time>2026-05-10T12:02:09Z</time>
      </trkpt>
      <trkpt lat="30.649403" lon="104.099625">
        <time>2026-05-10T12:02:10Z</time>
      </trkpt>
      <trkpt lat="30.649391" lon="104.099655">
        <time>2026-05-10T12:02:11Z</time>
      </trkpt>
      <trkpt lat="30.649364" lon="104.09969">
        <time>2026-05-10T12:02:12Z</time>
      </trkpt>
      <trkpt lat="30.64934" lon="104.099724">
        <time>2026-05-10T12:02:13Z</time>
      </trkpt>
      <trkpt lat="30.649313" lon="104.09976">
        <time>2026-05-10T12:02:14Z</time>
      </trkpt>
      <trkpt lat="30.649292" lon="104.0998">
        <time>2026-05-10T12:02:15Z</time>
      </trkpt>
      <trkpt lat="30.649282" lon="104.09984">
        <time>2026-05-10T12:02:16Z</time>
      </trkpt>
      <trkpt lat="30.64927" lon="104.09988">
        <time>2026-05-10T12:02:17Z</time>
      </trkpt>
      <trkpt lat="30.649258" lon="104.09992">
        <time>2026-05-10T12:02:18Z</time>
      </trkpt>
      <trkpt lat="30.649237" lon="104.099976">
        <time>2026-05-10T12:02:19Z</time>
      </trkpt>
      <trkpt lat="30.649218" lon="104.10002">
        <time>2026-05-10T12:02:20Z</time>
      </trkpt>
      <trkpt lat="30.649197" lon="104.10007">
        <time>2026-05-10T12:02:21Z</time>
      </trkpt>
      <trkpt lat="30.649172" lon="104.10012">
        <time>2026-05-10T12:02:22Z</time>
      </trkpt>
      <trkpt lat="30.649145" lon="104.100174">
        <time>2026-05-10T12:02:23Z</time>
      </trkpt>
      <trkpt lat="30.649122" lon="104.10023">
        <time>2026-05-10T12:02:24Z</time>
      </trkpt>
      <trkpt lat="30.6491" lon="104.10027">
        <time>2026-05-10T12:02:25Z</time>
      </trkpt>
      <trkpt lat="30.649078" lon="104.10032">
        <time>2026-05-10T12:02:26Z</time>
      </trkpt>
      <trkpt lat="30.649057" lon="104.10037">
        <time>2026-05-10T12:02:27Z</time>
      </trkpt>
      <trkpt lat="30.649035" lon="104.100426">
        <time>2026-05-10T12:02:28Z</time>
      </trkpt>
      <trkpt lat="30.649015" lon="104.10048">
        <time>2026-05-10T12:02:29Z</time>
      </trkpt>
      <trkpt lat="30.648993" lon="104.10055">
        <time>2026-05-10T12:02:30Z</time>
      </trkpt>
      <trkpt lat="30.64897" lon="104.1006">
        <time>2026-05-10T12:02:31Z</time>
      </trkpt>
      <trkpt lat="30.648949" lon="104.10066">
        <time>2026-05-10T12:02:32Z</time>
      </trkpt>
      <trkpt lat="30.648926" lon="104.10073">
        <time>2026-05-10T12:02:33Z</time>
      </trkpt>
      <trkpt lat="30.64889" lon="104.1008">
        <time>2026-05-10T12:02:34Z</time>
      </trkpt>
      <trkpt lat="30.64886" lon="104.10086">
        <time>2026-05-10T12:02:35Z</time>
      </trkpt>
      <trkpt lat="30.648832" lon="104.10092">
        <time>2026-05-10T12:02:36Z</time>
      </trkpt>
      <trkpt lat="30.648806" lon="104.100975">
        <time>2026-05-10T12:02:37Z</time>
      </trkpt>
      <trkpt lat="30.648777" lon="104.101036">
        <time>2026-05-10T12:02:38Z</time>
      </trkpt>
      <trkpt lat="30.648746" lon="104.101105">
        <time>2026-05-10T12:02:39Z</time>
      </trkpt>
      <trkpt lat="30.648714" lon="104.10118">
        <time>2026-05-10T12:02:40Z</time>
      </trkpt>
      <trkpt lat="30.648685" lon="104.10125">
        <time>2026-05-10T12:02:41Z</time>
      </trkpt>
      <trkpt lat="30.64865" lon="104.101326">
        <time>2026-05-10T12:02:42Z</time>
      </trkpt>
      <trkpt lat="30.648617" lon="104.10139">
        <time>2026-05-10T12:02:43Z</time>
      </trkpt>
      <trkpt lat="30.648586" lon="104.10144">
        <time>2026-05-10T12:02:44Z</time>
      </trkpt>
      <trkpt lat="30.648554" lon="104.10151">
        <time>2026-05-10T12:02:45Z</time>
      </trkpt>
      <trkpt lat="30.648512" lon="104.101585">
        <time>2026-05-10T12:02:46Z</time>
      </trkpt>
      <trkpt lat="30.648466" lon="104.10166">
        <time>2026-05-10T12:02:47Z</time>
      </trkpt>
      <trkpt lat="30.648426" lon="104.10174">
        <time>2026-05-10T12:02:48Z</time>
      </trkpt>
      <trkpt lat="30.648388" lon="104.101814">
        <time>2026-05-10T12:02:49Z</time>
      </trkpt>
      <trkpt lat="30.648355" lon="104.10189">
        <time>2026-05-10T12:02:50Z</time>
      </trkpt>
      <trkpt lat="30.64832" lon="104.10197">
        <time>2026-05-10T12:02:51Z</time>
      </trkpt>
      <trkpt lat="30.648283" lon="104.10205">
        <time>2026-05-10T12:02:52Z</time>
      </trkpt>
      <trkpt lat="30.648243" lon="104.102135">
        <time>2026-05-10T12:02:53Z</time>
      </trkpt>
      <trkpt lat="30.648203" lon="104.10221">
        <time>2026-05-10T12:02:54Z</time>
      </trkpt>
      <trkpt lat="30.648153" lon="104.10229">
        <time>2026-05-10T12:02:55Z</time>
      </trkpt>
      <trkpt lat="30.648106" lon="104.102356">
        <time>2026-05-10T12:02:56Z</time>
      </trkpt>
      <trkpt lat="30.648066" lon="104.102425">
        <time>2026-05-10T12:02:57Z</time>
      </trkpt>
      <trkpt lat="30.648024" lon="104.10249">
        <time>2026-05-10T12:02:58Z</time>
      </trkpt>
      <trkpt lat="30.647984" lon="104.10257">
        <time>2026-05-10T12:02:59Z</time>
      </trkpt>
      <trkpt lat="30.64795" lon="104.102646">
        <time>2026-05-10T12:03:00Z</time>
      </trkpt>
      <trkpt lat="30.64791" lon="104.102715">
        <time>2026-05-10T12:03:01Z</time>
      </trkpt>
      <trkpt lat="30.647871" lon="104.102776">
        <time>2026-05-10T12:03:02Z</time>
      </trkpt>
      <trkpt lat="30.647831" lon="104.10285">
        <time>2026-05-10T12:03:03Z</time>
      </trkpt>
      <trkpt lat="30.64779" lon="104.10292">
        <time>2026-05-10T12:03:04Z</time>
      </trkpt>
      <trkpt lat="30.647755" lon="104.103">
        <time>2026-05-10T12:03:05Z</time>
      </trkpt>
      <trkpt lat="30.647718" lon="104.10307">
        <time>2026-05-10T12:03:06Z</time>
      </trkpt>
      <trkpt lat="30.647682" lon="104.10315">
        <time>2026-05-10T12:03:07Z</time>
      </trkpt>
      <trkpt lat="30.647652" lon="104.10323">
        <time>2026-05-10T12:03:08Z</time>
      </trkpt>
      <trkpt lat="30.647621" lon="104.10332">
        <time>2026-05-10T12:03:09Z</time>
      </trkpt>
      <trkpt lat="30.647598" lon="104.1034">
        <time>2026-05-10T12:03:10Z</time>
      </trkpt>
      <trkpt lat="30.647573" lon="104.10348">
        <time>2026-05-10T12:03:11Z</time>
      </trkpt>
      <trkpt lat="30.647554" lon="104.10355">
        <time>2026-05-10T12:03:12Z</time>
      </trkpt>
      <trkpt lat="30.647537" lon="104.1036">
        <time>2026-05-10T12:03:13Z</time>
      </trkpt>
      <trkpt lat="30.64752" lon="104.10363">
        <time>2026-05-10T12:03:14Z</time>
      </trkpt>
      <trkpt lat="30.6475" lon="104.10366">
        <time>2026-05-10T12:03:15Z</time>
      </trkpt>
      <trkpt lat="30.647476" lon="104.10368">
        <time>2026-05-10T12:03:16Z</time>
      </trkpt>
      <trkpt lat="30.647455" lon="104.10371">
        <time>2026-05-10T12:03:17Z</time>
      </trkpt>
      <trkpt lat="30.647434" lon="104.103745">
        <time>2026-05-10T12:03:18Z</time>
      </trkpt>
      <trkpt lat="30.647413" lon="104.103775">
        <time>2026-05-10T12:03:19Z</time>
      </trkpt>
      <trkpt lat="30.647392" lon="104.10381">
        <time>2026-05-10T12:03:20Z</time>
      </trkpt>
      <trkpt lat="30.647364" lon="104.10386">
        <time>2026-05-10T12:03:21Z</time>
      </trkpt>
      <trkpt lat="30.647339" lon="104.10391">
        <time>2026-05-10T12:03:22Z</time>
      </trkpt>
      <trkpt lat="30.647312" lon="104.103966">
        <time>2026-05-10T12:03:23Z</time>
      </trkpt>
      <trkpt lat="30.647285" lon="104.10401">
        <time>2026-05-10T12:03:24Z</time>
      </trkpt>
      <trkpt lat="30.647263" lon="104.104065">
        <time>2026-05-10T12:03:25Z</time>
      </trkpt>
      <trkpt lat="30.647238" lon="104.10412">
        <time>2026-05-10T12:03:26Z</time>
      </trkpt>
      <trkpt lat="30.64721" lon="104.10418">
        <time>2026-05-10T12:03:27Z</time>
      </trkpt>
      <trkpt lat="30.64718" lon="104.10424">
        <time>2026-05-10T12:03:28Z</time>
      </trkpt>
      <trkpt lat="30.64715" lon="104.104294">
        <time>2026-05-10T12:03:29Z</time>
      </trkpt>
      <trkpt lat="30.647118" lon="104.104355">
        <time>2026-05-10T12:03:30Z</time>
      </trkpt>
      <trkpt lat="30.647089" lon="104.10441">
        <time>2026-05-10T12:03:31Z</time>
      </trkpt>
      <trkpt lat="30.647058" lon="104.10447">
        <time>2026-05-10T12:03:32Z</time>
      </trkpt>
      <trkpt lat="30.647028" lon="104.10453">
        <time>2026-05-10T12:03:33Z</time>
      </trkpt>
      <trkpt lat="30.647" lon="104.10458">
        <time>2026-05-10T12:03:34Z</time>
      </trkpt>
      <trkpt lat="30.646975" lon="104.10464">
        <time>2026-05-10T12:03:35Z</time>
      </trkpt>
      <trkpt lat="30.646946" lon="104.1047">
        <time>2026-05-10T12:03:36Z</time>
      </trkpt>
      <trkpt lat="30.646914" lon="104.10477">
        <time>2026-05-10T12:03:37Z</time>
      </trkpt>
      <trkpt lat="30.646881" lon="104.10483">
        <time>2026-05-10T12:03:38Z</time>
      </trkpt>
      <trkpt lat="30.646854" lon="104.1049">
        <time>2026-05-10T12:03:39Z</time>
      </trkpt>
      <trkpt lat="30.646832" lon="104.10495">
        <time>2026-05-10T12:03:40Z</time>
      </trkpt>
      <trkpt lat="30.646807" lon="104.105">
        <time>2026-05-10T12:03:41Z</time>
      </trkpt>
      <trkpt lat="30.64678" lon="104.105064">
        <time>2026-05-10T12:03:42Z</time>
      </trkpt>
      <trkpt lat="30.646751" lon="104.10512">
        <time>2026-05-10T12:03:43Z</time>
      </trkpt>
      <trkpt lat="30.646725" lon="104.10517">
        <time>2026-05-10T12:03:44Z</time>
      </trkpt>
      <trkpt lat="30.6467" lon="104.10523">
        <time>2026-05-10T12:03:45Z</time>
      </trkpt>
      <trkpt lat="30.646673" lon="104.10529">
        <time>2026-05-10T12:03:46Z</time>
      </trkpt>
      <trkpt lat="30.646648" lon="104.10535">
        <time>2026-05-10T12:03:47Z</time>
      </trkpt>
      <trkpt lat="30.64662" lon="104.1054">
        <time>2026-05-10T12:03:48Z</time>
      </trkpt>
      <trkpt lat="30.646587" lon="104.10545">
        <time>2026-05-10T12:03:49Z</time>
      </trkpt>
      <trkpt lat="30.646563" lon="104.1055">
        <time>2026-05-10T12:03:50Z</time>
      </trkpt>
      <trkpt lat="30.646547" lon="104.10556">
        <time>2026-05-10T12:03:51Z</time>
      </trkpt>
      <trkpt lat="30.646534" lon="104.10561">
        <time>2026-05-10T12:03:52Z</time>
      </trkpt>
      <trkpt lat="30.646523" lon="104.10567">
        <time>2026-05-10T12:03:53Z</time>
      </trkpt>
      <trkpt lat="30.646511" lon="104.10573">
        <time>2026-05-10T12:03:54Z</time>
      </trkpt>
      <trkpt lat="30.646496" lon="104.10578">
        <time>2026-05-10T12:03:55Z</time>
      </trkpt>
      <trkpt lat="30.646475" lon="104.10584">
        <time>2026-05-10T12:03:56Z</time>
      </trkpt>
      <trkpt lat="30.646452" lon="104.1059">
        <time>2026-05-10T12:03:57Z</time>
      </trkpt>
      <trkpt lat="30.646427" lon="104.105965">
        <time>2026-05-10T12:03:58Z</time>
      </trkpt>
      <trkpt lat="30.646402" lon="104.10602">
        <time>2026-05-10T12:03:59Z</time>
      </trkpt>
      <trkpt lat="30.646372" lon="104.10608">
        <time>2026-05-10T12:04:00Z</time>
      </trkpt>
      <trkpt lat="30.646343" lon="104.106125">
        <time>2026-05-10T12:04:01Z</time>
      </trkpt>
      <trkpt lat="30.64632" lon="104.10616">
        <time>2026-05-10T12:04:02Z</time>
      </trkpt>
      <trkpt lat="30.646286" lon="104.106224">
        <time>2026-05-10T12:04:03Z</time>
      </trkpt>
      <trkpt lat="30.646257" lon="104.10628">
        <time>2026-05-10T12:04:04Z</time>
      </trkpt>
      <trkpt lat="30.646227" lon="104.10633">
        <time>2026-05-10T12:04:05Z</time>
      </trkpt>
      <trkpt lat="30.646198" lon="104.106384">
        <time>2026-05-10T12:04:06Z</time>
      </trkpt>
      <trkpt lat="30.646181" lon="104.10644">
        <time>2026-05-10T12:04:07Z</time>
      </trkpt>
      <trkpt lat="30.64614" lon="104.10649">
        <time>2026-05-10T12:04:08Z</time>
      </trkpt>
      <trkpt lat="30.64611" lon="104.10654">
        <time>2026-05-10T12:04:09Z</time>
      </trkpt>
      <trkpt lat="30.646074" lon="104.1066">
        <time>2026-05-10T12:04:10Z</time>
      </trkpt>
      <trkpt lat="30.646046" lon="104.10665">
        <time>2026-05-10T12:04:11Z</time>
      </trkpt>
      <trkpt lat="30.646013" lon="104.1067">
        <time>2026-05-10T12:04:12Z</time>
      </trkpt>
      <trkpt lat="30.645979" lon="104.10674">
        <time>2026-05-10T12:04:13Z</time>
      </trkpt>
      <trkpt lat="30.645947" lon="104.1068">
        <time>2026-05-10T12:04:14Z</time>
      </trkpt>
      <trkpt lat="30.645912" lon="104.10684">
        <time>2026-05-10T12:04:15Z</time>
      </trkpt>
      <trkpt lat="30.64588" lon="104.1069">
        <time>2026-05-10T12:04:16Z</time>
      </trkpt>
      <trkpt lat="30.64585" lon="104.10695">
        <time>2026-05-10T12:04:17Z</time>
      </trkpt>
      <trkpt lat="30.645823" lon="104.107">
        <time>2026-05-10T12:04:18Z</time>
      </trkpt>
      <trkpt lat="30.6458" lon="104.10706">
        <time>2026-05-10T12:04:19Z</time>
      </trkpt>
      <trkpt lat="30.645784" lon="104.107124">
        <time>2026-05-10T12:04:20Z</time>
      </trkpt>
      <trkpt lat="30.645771" lon="104.10719">
        <time>2026-05-10T12:04:21Z</time>
      </trkpt>
      <trkpt lat="30.645754" lon="104.107254">
        <time>2026-05-10T12:04:22Z</time>
      </trkpt>
      <trkpt lat="30.645733" lon="104.10731">
        <time>2026-05-10T12:04:23Z</time>
      </trkpt>
      <trkpt lat="30.645704" lon="104.10737">
        <time>2026-05-10T12:04:24Z</time>
      </trkpt>
      <trkpt lat="30.645681" lon="104.107414">
        <time>2026-05-10T12:04:25Z</time>
      </trkpt>
      <trkpt lat="30.64566" lon="104.10747">
        <time>2026-05-10T12:04:26Z</time>
      </trkpt>
      <trkpt lat="30.645638" lon="104.107506">
        <time>2026-05-10T12:04:27Z</time>
      </trkpt>
      <trkpt lat="30.645613" lon="104.10754">
        <time>2026-05-10T12:04:28Z</time>
      </trkpt>
      <trkpt lat="30.645584" lon="104.10757">
        <time>2026-05-10T12:04:29Z</time>
      </trkpt>
      <trkpt lat="30.645552" lon="104.1076">
        <time>2026-05-10T12:04:30Z</time>
      </trkpt>
      <trkpt lat="30.645508" lon="104.10764">
        <time>2026-05-10T12:04:31Z</time>
      </trkpt>
      <trkpt lat="30.645481" lon="104.10768">
        <time>2026-05-10T12:04:32Z</time>
      </trkpt>
      <trkpt lat="30.645456" lon="104.10773">
        <time>2026-05-10T12:04:33Z</time>
      </trkpt>
      <trkpt lat="30.645435" lon="104.10776">
        <time>2026-05-10T12:04:34Z</time>
      </trkpt>
      <trkpt lat="30.645426" lon="104.10778">
        <time>2026-05-10T12:04:35Z</time>
      </trkpt>
      <trkpt lat="30.645422" lon="104.10779">
        <time>2026-05-10T12:04:36Z</time>
      </trkpt>
      <trkpt lat="30.645412" lon="104.1078">
        <time>2026-05-10T12:04:37Z</time>
      </trkpt>
      <trkpt lat="30.6454" lon="104.10782">
        <time>2026-05-10T12:04:38Z</time>
      </trkpt>
      <trkpt lat="30.645384" lon="104.10783">
        <time>2026-05-10T12:04:39Z</time>
      </trkpt>
      <trkpt lat="30.645369" lon="104.10784">
        <time>2026-05-10T12:04:40Z</time>
      </trkpt>
      <trkpt lat="30.645353" lon="104.10786">
        <time>2026-05-10T12:04:41Z</time>
      </trkpt>
      <trkpt lat="30.645338" lon="104.10789">
        <time>2026-05-10T12:04:42Z</time>
      </trkpt>
      <trkpt lat="30.64532" lon="104.10791">
        <time>2026-05-10T12:04:43Z</time>
      </trkpt>
      <trkpt lat="30.645298" lon="104.10794">
        <time>2026-05-10T12:04:44Z</time>
      </trkpt>
      <trkpt lat="30.645279" lon="104.10797">
        <time>2026-05-10T12:04:45Z</time>
      </trkpt>
      <trkpt lat="30.645258" lon="104.108">
        <time>2026-05-10T12:04:46Z</time>
      </trkpt>
      <trkpt lat="30.64524" lon="104.10804">
        <time>2026-05-10T12:04:47Z</time>
      </trkpt>
      <trkpt lat="30.64523" lon="104.10807">
        <time>2026-05-10T12:04:48Z</time>
      </trkpt>
      <trkpt lat="30.645212" lon="104.108116">
        <time>2026-05-10T12:04:49Z</time>
      </trkpt>
      <trkpt lat="30.6452" lon="104.108154">
        <time>2026-05-10T12:04:50Z</time>
      </trkpt>
      <trkpt lat="30.645185" lon="104.1082">
        <time>2026-05-10T12:04:51Z</time>
      </trkpt>
      <trkpt lat="30.645174" lon="104.10825">
        <time>2026-05-10T12:04:52Z</time>
      </trkpt>
      <trkpt lat="30.645155" lon="104.108315">
        <time>2026-05-10T12:04:53Z</time>
      </trkpt>
      <trkpt lat="30.645144" lon="104.10837">
        <time>2026-05-10T12:04:54Z</time>
      </trkpt>
      <trkpt lat="30.645126" lon="104.10842">
        <time>2026-05-10T12:04:55Z</time>
      </trkpt>
      <trkpt lat="30.64511" lon="104.10847">
        <time>2026-05-10T12:04:56Z</time>
      </trkpt>
      <trkpt lat="30.645086" lon="104.10853">
        <time>2026-05-10T12:04:57Z</time>
      </trkpt>
      <trkpt lat="30.645067" lon="104.10858">
        <time>2026-05-10T12:04:58Z</time>
      </trkpt>
      <trkpt lat="30.64505" lon="104.10864">
        <time>2026-05-10T12:04:59Z</time>
      </trkpt>
      <trkpt lat="30.64503" lon="104.1087">
        <time>2026-05-10T12:05:00Z</time>
      </trkpt>
      <trkpt lat="30.645008" lon="104.10877">
        <time>2026-05-10T12:05:01Z</time>
      </trkpt>
      <trkpt lat="30.644989" lon="104.10883">
        <time>2026-05-10T12:05:02Z</time>
      </trkpt>
      <trkpt lat="30.64497" lon="104.108894">
        <time>2026-05-10T12:05:03Z</time>
      </trkpt>
      <trkpt lat="30.644949" lon="104.108955">
        <time>2026-05-10T12:05:04Z</time>
      </trkpt>
      <trkpt lat="30.644924" lon="104.10901">
        <time>2026-05-10T12:05:05Z</time>
      </trkpt>
      <trkpt lat="30.644896" lon="104.10906">
        <time>2026-05-10T12:05:06Z</time>
      </trkpt>
      <trkpt lat="30.644861" lon="104.109116">
        <time>2026-05-10T12:05:07Z</time>
      </trkpt>
      <trkpt lat="30.644833" lon="104.10917">
        <time>2026-05-10T12:05:08Z</time>
      </trkpt>
      <trkpt lat="30.644806" lon="104.10924">
        <time>2026-05-10T12:05:09Z</time>
      </trkpt>
      <trkpt lat="30.644777" lon="104.1093">
        <time>2026-05-10T12:05:10Z</time>
      </trkpt>
      <trkpt lat="30.644747" lon="104.10935">
        <time>2026-05-10T12:05:11Z</time>
      </trkpt>
      <trkpt lat="30.644716" lon="104.109406">
        <time>2026-05-10T12:05:12Z</time>
      </trkpt>
      <trkpt lat="30.644688" lon="104.10946">
        <time>2026-05-10T12:05:13Z</time>
      </trkpt>
      <trkpt lat="30.64466" lon="104.10951">
        <time>2026-05-10T12:05:14Z</time>
      </trkpt>
      <trkpt lat="30.644638" lon="104.109566">
        <time>2026-05-10T12:05:15Z</time>
      </trkpt>
      <trkpt lat="30.644613" lon="104.10962">
        <time>2026-05-10T12:05:16Z</time>
      </trkpt>
      <trkpt lat="30.644592" lon="104.10967">
        <time>2026-05-10T12:05:17Z</time>
      </trkpt>
      <trkpt lat="30.644573" lon="104.10973">
        <time>2026-05-10T12:05:18Z</time>
      </trkpt>
      <trkpt lat="30.64455" lon="104.10979">
        <time>2026-05-10T12:05:19Z</time>
      </trkpt>
      <trkpt lat="30.644514" lon="104.10984">
        <time>2026-05-10T12:05:20Z</time>
      </trkpt>
      <trkpt lat="30.644472" lon="104.10989">
        <time>2026-05-10T12:05:21Z</time>
      </trkpt>
      <trkpt lat="30.64444" lon="104.109955">
        <time>2026-05-10T12:05:22Z</time>
      </trkpt>
      <trkpt lat="30.64441" lon="104.11001">
        <time>2026-05-10T12:05:23Z</time>
      </trkpt>
      <trkpt lat="30.644373" lon="104.11007">
        <time>2026-05-10T12:05:24Z</time>
      </trkpt>
      <trkpt lat="30.64434" lon="104.11014">
        <time>2026-05-10T12:05:25Z</time>
      </trkpt>
      <trkpt lat="30.644304" lon="104.11021">
        <time>2026-05-10T12:05:26Z</time>
      </trkpt>
      <trkpt lat="30.644274" lon="104.110275">
        <time>2026-05-10T12:05:27Z</time>
      </trkpt>
      <trkpt lat="30.644238" lon="104.11035">
        <time>2026-05-10T12:05:28Z</time>
      </trkpt>
      <trkpt lat="30.644203" lon="104.11043">
        <time>2026-05-10T12:05:29Z</time>
      </trkpt>
      <trkpt lat="30.64416" lon="104.110504">
        <time>2026-05-10T12:05:30Z</time>
      </trkpt>
      <trkpt lat="30.64412" lon="104.11058">
        <time>2026-05-10T12:05:31Z</time>
      </trkpt>
      <trkpt lat="30.644083" lon="104.11066">
        <time>2026-05-10T12:05:32Z</time>
      </trkpt>
      <trkpt lat="30.644045" lon="104.110725">
        <time>2026-05-10T12:05:33Z</time>
      </trkpt>
      <trkpt lat="30.64401" lon="104.110794">
        <time>2026-05-10T12:05:34Z</time>
      </trkpt>
      <trkpt lat="30.643974" lon="104.11086">
        <time>2026-05-10T12:05:35Z</time>
      </trkpt>
      <trkpt lat="30.64394" lon="104.11094">
        <time>2026-05-10T12:05:36Z</time>
      </trkpt>
      <trkpt lat="30.643908" lon="104.11101">
        <time>2026-05-10T12:05:37Z</time>
      </trkpt>
      <trkpt lat="30.643875" lon="104.11108">
        <time>2026-05-10T12:05:38Z</time>
      </trkpt>
      <trkpt lat="30.643845" lon="104.11115">
        <time>2026-05-10T12:05:39Z</time>
      </trkpt>
      <trkpt lat="30.643812" lon="104.11122">
        <time>2026-05-10T12:05:40Z</time>
      </trkpt>
      <trkpt lat="30.643778" lon="104.1113">
        <time>2026-05-10T12:05:41Z</time>
      </trkpt>
      <trkpt lat="30.64375" lon="104.111374">
        <time>2026-05-10T12:05:42Z</time>
      </trkpt>
      <trkpt lat="30.643719" lon="104.11145">
        <time>2026-05-10T12:05:43Z</time>
      </trkpt>
      <trkpt lat="30.643686" lon="104.11152">
        <time>2026-05-10T12:05:44Z</time>
      </trkpt>
      <trkpt lat="30.643656" lon="104.11159">
        <time>2026-05-10T12:05:45Z</time>
      </trkpt>
      <trkpt lat="30.643623" lon="104.11166">
        <time>2026-05-10T12:05:46Z</time>
      </trkpt>
      <trkpt lat="30.643589" lon="104.111725">
        <time>2026-05-10T12:05:47Z</time>
      </trkpt>
      <trkpt lat="30.643555" lon="104.11179">
        <time>2026-05-10T12:05:48Z</time>
      </trkpt>
      <trkpt lat="30.64352" lon="104.111855">
        <time>2026-05-10T12:05:49Z</time>
      </trkpt>
      <trkpt lat="30.643484" lon="104.11192">
        <time>2026-05-10T12:05:50Z</time>
      </trkpt>
      <trkpt lat="30.643446" lon="104.111984">
        <time>2026-05-10T12:05:51Z</time>
      </trkpt>
      <trkpt lat="30.643408" lon="104.11206">
        <time>2026-05-10T12:05:52Z</time>
      </trkpt>
      <trkpt lat="30.643372" lon="104.11213">
        <time>2026-05-10T12:05:53Z</time>
      </trkpt>
      <trkpt lat="30.64334" lon="104.11219">
        <time>2026-05-10T12:05:54Z</time>
      </trkpt>
      <trkpt lat="30.643312" lon="104.11224">
        <time>2026-05-10T12:05:55Z</time>
      </trkpt>
      <trkpt lat="30.64329" lon="104.112305">
        <time>2026-05-10T12:05:56Z</time>
      </trkpt>
      <trkpt lat="30.643267" lon="104.112366">
        <time>2026-05-10T12:05:57Z</time>
      </trkpt>
      <trkpt lat="30.643238" lon="104.11243">
        <time>2026-05-10T12:05:58Z</time>
      </trkpt>
      <trkpt lat="30.64321" lon="104.11249">
        <time>2026-05-10T12:05:59Z</time>
      </trkpt>
      <trkpt lat="30.64318" lon="104.11255">
        <time>2026-05-10T12:06:00Z</time>
      </trkpt>
      <trkpt lat="30.643152" lon="104.11261">
        <time>2026-05-10T12:06:01Z</time>
      </trkpt>
      <trkpt lat="30.643124" lon="104.11268">
        <time>2026-05-10T12:06:02Z</time>
      </trkpt>
      <trkpt lat="30.643091" lon="104.112755">
        <time>2026-05-10T12:06:03Z</time>
      </trkpt>
      <trkpt lat="30.643057" lon="104.11283">
        <time>2026-05-10T12:06:04Z</time>
      </trkpt>
      <trkpt lat="30.643026" lon="104.1129">
        <time>2026-05-10T12:06:05Z</time>
      </trkpt>
      <trkpt lat="30.643002" lon="104.11296">
        <time>2026-05-10T12:06:06Z</time>
      </trkpt>
      <trkpt lat="30.642975" lon="104.11303">
        <time>2026-05-10T12:06:07Z</time>
      </trkpt>
      <trkpt lat="30.642946" lon="104.11309">
        <time>2026-05-10T12:06:08Z</time>
      </trkpt>
      <trkpt lat="30.642916" lon="104.11315">
        <time>2026-05-10T12:06:09Z</time>
      </trkpt>
      <trkpt lat="30.642889" lon="104.11321">
        <time>2026-05-10T12:06:10Z</time>
      </trkpt>
      <trkpt lat="30.642857" lon="104.11328">
        <time>2026-05-10T12:06:11Z</time>
      </trkpt>
      <trkpt lat="30.642822" lon="104.11334">
        <time>2026-05-10T12:06:12Z</time>
      </trkpt>
      <trkpt lat="30.642784" lon="104.1134">
        <time>2026-05-10T12:06:13Z</time>
      </trkpt>
      <trkpt lat="30.642752" lon="104.11347">
        <time>2026-05-10T12:06:14Z</time>
      </trkpt>
      <trkpt lat="30.642721" lon="104.11354">
        <time>2026-05-10T12:06:15Z</time>
      </trkpt>
      <trkpt lat="30.642693" lon="104.1136">
        <time>2026-05-10T12:06:16Z</time>
      </trkpt>
      <trkpt lat="30.642664" lon="104.11366">
        <time>2026-05-10T12:06:17Z</time>
      </trkpt>
      <trkpt lat="30.642637" lon="104.11372">
        <time>2026-05-10T12:06:18Z</time>
      </trkpt>
      <trkpt lat="30.642609" lon="104.113785">
        <time>2026-05-10T12:06:19Z</time>
      </trkpt>
      <trkpt lat="30.642582" lon="104.113846">
        <time>2026-05-10T12:06:20Z</time>
      </trkpt>
      <trkpt lat="30.64255" lon="104.11391">
        <time>2026-05-10T12:06:21Z</time>
      </trkpt>
      <trkpt lat="30.642517" lon="104.11397">
        <time>2026-05-10T12:06:22Z</time>
      </trkpt>
      <trkpt lat="30.64248" lon="104.11403">
        <time>2026-05-10T12:06:23Z</time>
      </trkpt>
      <trkpt lat="30.642448" lon="104.11409">
        <time>2026-05-10T12:06:24Z</time>
      </trkpt>
      <trkpt lat="30.64242" lon="104.11414">
        <time>2026-05-10T12:06:25Z</time>
      </trkpt>
      <trkpt lat="30.642391" lon="104.11419">
        <time>2026-05-10T12:06:26Z</time>
      </trkpt>
      <trkpt lat="30.642363" lon="104.114235">
        <time>2026-05-10T12:06:27Z</time>
      </trkpt>
      <trkpt lat="30.642326" lon="104.11428">
        <time>2026-05-10T12:06:28Z</time>
      </trkpt>
      <trkpt lat="30.642302" lon="104.11433">
        <time>2026-05-10T12:06:29Z</time>
      </trkpt>
      <trkpt lat="30.642271" lon="104.11438">
        <time>2026-05-10T12:06:30Z</time>
      </trkpt>
      <trkpt lat="30.642246" lon="104.114426">
        <time>2026-05-10T12:06:31Z</time>
      </trkpt>
      <trkpt lat="30.642225" lon="104.11447">
        <time>2026-05-10T12:06:32Z</time>
      </trkpt>
      <trkpt lat="30.642208" lon="104.114525">
        <time>2026-05-10T12:06:33Z</time>
      </trkpt>
      <trkpt lat="30.642193" lon="104.11457">
        <time>2026-05-10T12:06:34Z</time>
      </trkpt>
      <trkpt lat="30.642176" lon="104.11461">
        <time>2026-05-10T12:06:35Z</time>
      </trkpt>
      <trkpt lat="30.642157" lon="104.11465">
        <time>2026-05-10T12:06:36Z</time>
      </trkpt>
      <trkpt lat="30.642141" lon="104.114685">
        <time>2026-05-10T12:06:37Z</time>
      </trkpt>
      <trkpt lat="30.642128" lon="104.11472">
        <time>2026-05-10T12:06:38Z</time>
      </trkpt>
      <trkpt lat="30.642113" lon="104.11476">
        <time>2026-05-10T12:06:39Z</time>
      </trkpt>
      <trkpt lat="30.642097" lon="104.1148">
        <time>2026-05-10T12:06:40Z</time>
      </trkpt>
      <trkpt lat="30.642086" lon="104.11482">
        <time>2026-05-10T12:06:41Z</time>
      </trkpt>
      <trkpt lat="30.642075" lon="104.114845">
        <time>2026-05-10T12:06:42Z</time>
      </trkpt>
      <trkpt lat="30.642061" lon="104.11487">
        <time>2026-05-10T12:06:43Z</time>
      </trkpt>
      <trkpt lat="30.642054" lon="104.1149">
        <time>2026-05-10T12:06:44Z</time>
      </trkpt>
      <trkpt lat="30.642044" lon="104.114914">
        <time>2026-05-10T12:06:45Z</time>
      </trkpt>
      <trkpt lat="30.642033" lon="104.11493">
        <time>2026-05-10T12:06:46Z</time>
      </trkpt>
      <trkpt lat="30.64202" lon="104.11493">
        <time>2026-05-10T12:06:47Z</time>
      </trkpt>
      <trkpt lat="30.642006" lon="104.11494">
        <time>2026-05-10T12:06:48Z</time>
      </trkpt>
      <trkpt lat="30.641998" lon="104.114944">
        <time>2026-05-10T12:06:49Z</time>
      </trkpt>
      <trkpt lat="30.641994" lon="104.11496">
        <time>2026-05-10T12:06:50Z</time>
      </trkpt>
      <trkpt lat="30.641993" lon="104.11497">
        <time>2026-05-10T12:06:51Z</time>
      </trkpt>
      <trkpt lat="30.641993" lon="104.11497">
        <time>2026-05-10T12:06:52Z</time>
      </trkpt>
      <trkpt lat="30.641993" lon="104.11497">
        <time>2026-05-10T12:06:53Z</time>
      </trkpt>
      <trkpt lat="30.641993" lon="104.11497">
        <time>2026-05-10T12:06:54Z</time>
      </trkpt>
      <trkpt lat="30.641993" lon="104.11497">
        <time>2026-05-10T12:06:55Z</time>
      </trkpt>
      <trkpt lat="30.641993" lon="104.11497">
        <time>2026-05-10T12:06:56Z</time>
      </trkpt>
      <trkpt lat="30.641993" lon="104.11497">
        <time>2026-05-10T12:06:57Z</time>
      </trkpt>
      <trkpt lat="30.641993" lon="104.11497">
        <time>2026-05-10T12:06:58Z</time>
      </trkpt>
      <trkpt lat="30.641993" lon="104.11497">
        <time>2026-05-10T12:06:59Z</time>
      </trkpt>
      <trkpt lat="30.641993" lon="104.11497">
        <time>2026-05-10T12:07:00Z</time>
      </trkpt>
      <trkpt lat="30.641993" lon="104.11497">
        <time>2026-05-10T12:07:01Z</time>
      </trkpt>
      <trkpt lat="30.641993" lon="104.11497">
        <time>2026-05-10T12:07:02Z</time>
      </trkpt>
      <trkpt lat="30.641993" lon="104.11497">
        <time>2026-05-10T12:07:03Z</time>
      </trkpt>
      <trkpt lat="30.641993" lon="104.11497">
        <time>2026-05-10T12:07:04Z</time>
      </trkpt>
      <trkpt lat="30.641993" lon="104.11497">
        <time>2026-05-10T12:07:05Z</time>
      </trkpt>
      <trkpt lat="30.641993" lon="104.11497">
        <time>2026-05-10T12:07:06Z</time>
      </trkpt>
      <trkpt lat="30.641993" lon="104.11497">
        <time>2026-05-10T12:07:07Z</time>
      </trkpt>
      <trkpt lat="30.641993" lon="104.11497">
        <time>2026-05-10T12:07:08Z</time>
      </trkpt>
      <trkpt lat="30.641993" lon="104.11497">
        <time>2026-05-10T12:07:09Z</time>
      </trkpt>
      <trkpt lat="30.641993" lon="104.11497">
        <time>2026-05-10T12:07:10Z</time>
      </trkpt>
      <trkpt lat="30.641993" lon="104.11497">
        <time>2026-05-10T12:07:11Z</time>
      </trkpt>
      <trkpt lat="30.641993" lon="104.11497">
        <time>2026-05-10T12:07:12Z</time>
      </trkpt>
      <trkpt lat="30.641993" lon="104.11497">
        <time>2026-05-10T12:07:13Z</time>
      </trkpt>
      <trkpt lat="30.641993" lon="104.11497">
        <time>2026-05-10T12:07:14Z</time>
      </trkpt>
      <trkpt lat="30.641993" lon="104.11497">
        <time>2026-05-10T12:07:15Z</time>
      </trkpt>
      <trkpt lat="30.641993" lon="104.11497">
        <time>2026-05-10T12:07:16Z</time>
      </trkpt>
      <trkpt lat="30.641993" lon="104.11497">
        <time>2026-05-10T12:07:17Z</time>
      </trkpt>
      <trkpt lat="30.641993" lon="104.11497">
        <time>2026-05-10T12:07:18Z</time>
      </trkpt>
      <trkpt lat="30.641993" lon="104.11497">
        <time>2026-05-10T12:07:19Z</time>
      </trkpt>
      <trkpt lat="30.641993" lon="104.11497">
        <time>2026-05-10T12:07:20Z</time>
      </trkpt>
      <trkpt lat="30.641993" lon="104.11497">
        <time>2026-05-10T12:07:21Z</time>
      </trkpt>
      <trkpt lat="30.641993" lon="104.11497">
        <time>2026-05-10T12:07:22Z</time>
      </trkpt>
      <trkpt lat="30.641993" lon="104.11497">
        <time>2026-05-10T12:07:23Z</time>
      </trkpt>
      <trkpt lat="30.641993" lon="104.11497">
        <time>2026-05-10T12:07:24Z</time>
      </trkpt>
      <trkpt lat="30.641993" lon="104.11497">
        <time>2026-05-10T12:07:25Z</time>
      </trkpt>
      <trkpt lat="30.641993" lon="104.11497">
        <time>2026-05-10T12:07:26Z</time>
      </trkpt>
      <trkpt lat="30.641993" lon="104.11497">
        <time>2026-05-10T12:07:27Z</time>
      </trkpt>
      <trkpt lat="30.641993" lon="104.11497">
        <time>2026-05-10T12:07:28Z</time>
      </trkpt>
      <trkpt lat="30.641989" lon="104.11497">
        <time>2026-05-10T12:07:29Z</time>
      </trkpt>
      <trkpt lat="30.641983" lon="104.11499">
        <time>2026-05-10T12:07:30Z</time>
      </trkpt>
      <trkpt lat="30.641973" lon="104.11503">
        <time>2026-05-10T12:07:31Z</time>
      </trkpt>
      <trkpt lat="30.641966" lon="104.11506">
        <time>2026-05-10T12:07:32Z</time>
      </trkpt>
      <trkpt lat="30.641956" lon="104.1151">
        <time>2026-05-10T12:07:33Z</time>
      </trkpt>
      <trkpt lat="30.641945" lon="104.11514">
        <time>2026-05-10T12:07:34Z</time>
      </trkpt>
      <trkpt lat="30.641933" lon="104.11519">
        <time>2026-05-10T12:07:35Z</time>
      </trkpt>
      <trkpt lat="30.641924" lon="104.115234">
        <time>2026-05-10T12:07:36Z</time>
      </trkpt>
      <trkpt lat="30.641914" lon="104.11529">
        <time>2026-05-10T12:07:37Z</time>
      </trkpt>
      <trkpt lat="30.641905" lon="104.11533">
        <time>2026-05-10T12:07:38Z</time>
      </trkpt>
      <trkpt lat="30.641891" lon="104.11539">
        <time>2026-05-10T12:07:39Z</time>
      </trkpt>
      <trkpt lat="30.641876" lon="104.11543">
        <time>2026-05-10T12:07:40Z</time>
      </trkpt>
      <trkpt lat="30.64186" lon="104.11548">
        <time>2026-05-10T12:07:41Z</time>
      </trkpt>
      <trkpt lat="30.641848" lon="104.115524">
        <time>2026-05-10T12:07:42Z</time>
      </trkpt>
      <trkpt lat="30.64183" lon="104.11557">
        <time>2026-05-10T12:07:43Z</time>
      </trkpt>
      <trkpt lat="30.641813" lon="104.115616">
        <time>2026-05-10T12:07:44Z</time>
      </trkpt>
      <trkpt lat="30.641794" lon="104.11566">
        <time>2026-05-10T12:07:45Z</time>
      </trkpt>
      <trkpt lat="30.641775" lon="104.11571">
        <time>2026-05-10T12:07:46Z</time>
      </trkpt>
      <trkpt lat="30.641752" lon="104.11576">
        <time>2026-05-10T12:07:47Z</time>
      </trkpt>
      <trkpt lat="30.641727" lon="104.1158">
        <time>2026-05-10T12:07:48Z</time>
      </trkpt>
      <trkpt lat="30.6417" lon="104.11585">
        <time>2026-05-10T12:07:49Z</time>
      </trkpt>
      <trkpt lat="30.641676" lon="104.1159">
        <time>2026-05-10T12:07:50Z</time>
      </trkpt>
      <trkpt lat="30.64165" lon="104.11596">
        <time>2026-05-10T12:07:51Z</time>
      </trkpt>
      <trkpt lat="30.641623" lon="104.11601">
        <time>2026-05-10T12:07:52Z</time>
      </trkpt>
      <trkpt lat="30.641596" lon="104.116066">
        <time>2026-05-10T12:07:53Z</time>
      </trkpt>
      <trkpt lat="30.641571" lon="104.11612">
        <time>2026-05-10T12:07:54Z</time>
      </trkpt>
      <trkpt lat="30.641546" lon="104.11617">
        <time>2026-05-10T12:07:55Z</time>
      </trkpt>
      <trkpt lat="30.641527" lon="104.11622">
        <time>2026-05-10T12:07:56Z</time>
      </trkpt>
      <trkpt lat="30.641504" lon="104.11627">
        <time>2026-05-10T12:07:57Z</time>
      </trkpt>
      <trkpt lat="30.64148" lon="104.116325">
        <time>2026-05-10T12:07:58Z</time>
      </trkpt>
      <trkpt lat="30.64145" lon="104.11639">
        <time>2026-05-10T12:07:59Z</time>
      </trkpt>
      <trkpt lat="30.641418" lon="104.11645">
        <time>2026-05-10T12:08:00Z</time>
      </trkpt>
      <trkpt lat="30.641388" lon="104.11651">
        <time>2026-05-10T12:08:01Z</time>
      </trkpt>
      <trkpt lat="30.641363" lon="104.11656">
        <time>2026-05-10T12:08:02Z</time>
      </trkpt>
      <trkpt lat="30.641336" lon="104.116615">
        <time>2026-05-10T12:08:03Z</time>
      </trkpt>
      <trkpt lat="30.64131" lon="104.11667">
        <time>2026-05-10T12:08:04Z</time>
      </trkpt>
      <trkpt lat="30.64128" lon="104.11672">
        <time>2026-05-10T12:08:05Z</time>
      </trkpt>
      <trkpt lat="30.641253" lon="104.116776">
        <time>2026-05-10T12:08:06Z</time>
      </trkpt>
      <trkpt lat="30.641224" lon="104.11684">
        <time>2026-05-10T12:08:07Z</time>
      </trkpt>
      <trkpt lat="30.641191" lon="104.1169">
        <time>2026-05-10T12:08:08Z</time>
      </trkpt>
      <trkpt lat="30.641165" lon="104.11696">
        <time>2026-05-10T12:08:09Z</time>
      </trkpt>
      <trkpt lat="30.641134" lon="104.11702">
        <time>2026-05-10T12:08:10Z</time>
      </trkpt>
      <trkpt lat="30.641108" lon="104.11709">
        <time>2026-05-10T12:08:11Z</time>
      </trkpt>
      <trkpt lat="30.64108" lon="104.11716">
        <time>2026-05-10T12:08:12Z</time>
      </trkpt>
      <trkpt lat="30.641047" lon="104.11722">
        <time>2026-05-10T12:08:13Z</time>
      </trkpt>
      <trkpt lat="30.641016" lon="104.11728">
        <time>2026-05-10T12:08:14Z</time>
      </trkpt>
      <trkpt lat="30.640978" lon="104.11735">
        <time>2026-05-10T12:08:15Z</time>
      </trkpt>
      <trkpt lat="30.640936" lon="104.11741">
        <time>2026-05-10T12:08:16Z</time>
      </trkpt>
      <trkpt lat="30.640896" lon="104.11747">
        <time>2026-05-10T12:08:17Z</time>
      </trkpt>
      <trkpt lat="30.640865" lon="104.11754">
        <time>2026-05-10T12:08:18Z</time>
      </trkpt>
      <trkpt lat="30.640842" lon="104.11761">
        <time>2026-05-10T12:08:19Z</time>
      </trkpt>
      <trkpt lat="30.640812" lon="104.11767">
        <time>2026-05-10T12:08:20Z</time>
      </trkpt>
      <trkpt lat="30.640781" lon="104.11772">
        <time>2026-05-10T12:08:21Z</time>
      </trkpt>
      <trkpt lat="30.640755" lon="104.11779">
        <time>2026-05-10T12:08:22Z</time>
      </trkpt>
      <trkpt lat="30.640732" lon="104.11786">
        <time>2026-05-10T12:08:23Z</time>
      </trkpt>
      <trkpt lat="30.640705" lon="104.11793">
        <time>2026-05-10T12:08:24Z</time>
      </trkpt>
      <trkpt lat="30.640678" lon="104.11799">
        <time>2026-05-10T12:08:25Z</time>
      </trkpt>
      <trkpt lat="30.640648" lon="104.11805">
        <time>2026-05-10T12:08:26Z</time>
      </trkpt>
      <trkpt lat="30.64062" lon="104.1181">
        <time>2026-05-10T12:08:27Z</time>
      </trkpt>
      <trkpt lat="30.640589" lon="104.11816">
        <time>2026-05-10T12:08:28Z</time>
      </trkpt>
      <trkpt lat="30.64056" lon="104.11821">
        <time>2026-05-10T12:08:29Z</time>
      </trkpt>
      <trkpt lat="30.640533" lon="104.11825">
        <time>2026-05-10T12:08:30Z</time>
      </trkpt>
      <trkpt lat="30.640512" lon="104.118286">
        <time>2026-05-10T12:08:31Z</time>
      </trkpt>
      <trkpt lat="30.6405" lon="104.11831">
        <time>2026-05-10T12:08:32Z</time>
      </trkpt>
      <trkpt lat="30.640486" lon="104.11833">
        <time>2026-05-10T12:08:33Z</time>
      </trkpt>
      <trkpt lat="30.640478" lon="104.11835">
        <time>2026-05-10T12:08:34Z</time>
      </trkpt>
      <trkpt lat="30.640472" lon="104.11835">
        <time>2026-05-10T12:08:35Z</time>
      </trkpt>
      <trkpt lat="30.640472" lon="104.11835">
        <time>2026-05-10T12:08:36Z</time>
      </trkpt>
      <trkpt lat="30.640472" lon="104.11835">
        <time>2026-05-10T12:08:37Z</time>
      </trkpt>
      <trkpt lat="30.640472" lon="104.11835">
        <time>2026-05-10T12:08:38Z</time>
      </trkpt>
      <trkpt lat="30.640472" lon="104.11835">
        <time>2026-05-10T12:08:39Z</time>
      </trkpt>
      <trkpt lat="30.640472" lon="104.11835">
        <time>2026-05-10T12:08:40Z</time>
      </trkpt>
      <trkpt lat="30.640472" lon="104.11835">
        <time>2026-05-10T12:08:41Z</time>
      </trkpt>
      <trkpt lat="30.640472" lon="104.11835">
        <time>2026-05-10T12:08:42Z</time>
      </trkpt>
      <trkpt lat="30.640472" lon="104.11835">
        <time>2026-05-10T12:08:43Z</time>
      </trkpt>
      <trkpt lat="30.640472" lon="104.11835">
        <time>2026-05-10T12:08:44Z</time>
      </trkpt>
      <trkpt lat="30.640472" lon="104.11835">
        <time>2026-05-10T12:08:45Z</time>
      </trkpt>
      <trkpt lat="30.640472" lon="104.11835">
        <time>2026-05-10T12:08:46Z</time>
      </trkpt>
      <trkpt lat="30.640472" lon="104.11835">
        <time>2026-05-10T12:08:47Z</time>
      </trkpt>
      <trkpt lat="30.640453" lon="104.11837">
        <time>2026-05-10T12:08:48Z</time>
      </trkpt>
      <trkpt lat="30.64045" lon="104.11838">
        <time>2026-05-10T12:08:49Z</time>
      </trkpt>
      <trkpt lat="30.640444" lon="104.118385">
        <time>2026-05-10T12:08:50Z</time>
      </trkpt>
      <trkpt lat="30.640429" lon="104.118416">
        <time>2026-05-10T12:08:51Z</time>
      </trkpt>
      <trkpt lat="30.64041" lon="104.11845">
        <time>2026-05-10T12:08:52Z</time>
      </trkpt>
      <trkpt lat="30.640392" lon="104.118484">
        <time>2026-05-10T12:08:53Z</time>
      </trkpt>
      <trkpt lat="30.640373" lon="104.11853">
        <time>2026-05-10T12:08:54Z</time>
      </trkpt>
      <trkpt lat="30.640354" lon="104.118576">
        <time>2026-05-10T12:08:55Z</time>
      </trkpt>
      <trkpt lat="30.640333" lon="104.11862">
        <time>2026-05-10T12:08:56Z</time>
      </trkpt>
      <trkpt lat="30.640312" lon="104.11867">
        <time>2026-05-10T12:08:57Z</time>
      </trkpt>
      <trkpt lat="30.64029" lon="104.11871">
        <time>2026-05-10T12:08:58Z</time>
      </trkpt>
      <trkpt lat="30.640263" lon="104.118774">
        <time>2026-05-10T12:08:59Z</time>
      </trkpt>
      <trkpt lat="30.640236" lon="104.11883">
        <time>2026-05-10T12:09:00Z</time>
      </trkpt>
      <trkpt lat="30.64021" lon="104.11887">
        <time>2026-05-10T12:09:01Z</time>
      </trkpt>
      <trkpt lat="30.640182" lon="104.11893">
        <time>2026-05-10T12:09:02Z</time>
      </trkpt>
      <trkpt lat="30.640156" lon="104.11898">
        <time>2026-05-10T12:09:03Z</time>
      </trkpt>
      <trkpt lat="30.640135" lon="104.119026">
        <time>2026-05-10T12:09:04Z</time>
      </trkpt>
      <trkpt lat="30.640114" lon="104.11908">
        <time>2026-05-10T12:09:05Z</time>
      </trkpt>
      <trkpt lat="30.64009" lon="104.119125">
        <time>2026-05-10T12:09:06Z</time>
      </trkpt>
      <trkpt lat="30.640066" lon="104.11917">
        <time>2026-05-10T12:09:07Z</time>
      </trkpt>
      <trkpt lat="30.640045" lon="104.11922">
        <time>2026-05-10T12:09:08Z</time>
      </trkpt>
      <trkpt lat="30.640024" lon="104.11926">
        <time>2026-05-10T12:09:09Z</time>
      </trkpt>
      <trkpt lat="30.640005" lon="104.1193">
        <time>2026-05-10T12:09:10Z</time>
      </trkpt>
      <trkpt lat="30.63999" lon="104.11933">
        <time>2026-05-10T12:09:11Z</time>
      </trkpt>
      <trkpt lat="30.63998" lon="104.11935">
        <time>2026-05-10T12:09:12Z</time>
      </trkpt>
      <trkpt lat="30.63997" lon="104.11937">
        <time>2026-05-10T12:09:13Z</time>
      </trkpt>
      <trkpt lat="30.639963" lon="104.11938">
        <time>2026-05-10T12:09:14Z</time>
      </trkpt>
      <trkpt lat="30.639956" lon="104.1194">
        <time>2026-05-10T12:09:15Z</time>
      </trkpt>
      <trkpt lat="30.639944" lon="104.119415">
        <time>2026-05-10T12:09:16Z</time>
      </trkpt>
      <trkpt lat="30.639933" lon="104.119446">
        <time>2026-05-10T12:09:17Z</time>
      </trkpt>
      <trkpt lat="30.63992" lon="104.11948">
        <time>2026-05-10T12:09:18Z</time>
      </trkpt>
      <trkpt lat="30.639898" lon="104.11952">
        <time>2026-05-10T12:09:19Z</time>
      </trkpt>
      <trkpt lat="30.63988" lon="104.11956">
        <time>2026-05-10T12:09:20Z</time>
      </trkpt>
      <trkpt lat="30.63986" lon="104.1196">
        <time>2026-05-10T12:09:21Z</time>
      </trkpt>
      <trkpt lat="30.639841" lon="104.11964">
        <time>2026-05-10T12:09:22Z</time>
      </trkpt>
      <trkpt lat="30.639826" lon="104.119675">
        <time>2026-05-10T12:09:23Z</time>
      </trkpt>
      <trkpt lat="30.639803" lon="104.11971">
        <time>2026-05-10T12:09:24Z</time>
      </trkpt>
      <trkpt lat="30.639786" lon="104.11976">
        <time>2026-05-10T12:09:25Z</time>
      </trkpt>
      <trkpt lat="30.639763" lon="104.1198">
        <time>2026-05-10T12:09:26Z</time>
      </trkpt>
      <trkpt lat="30.639742" lon="104.119835">
        <time>2026-05-10T12:09:27Z</time>
      </trkpt>
      <trkpt lat="30.639727" lon="104.11988">
        <time>2026-05-10T12:09:28Z</time>
      </trkpt>
      <trkpt lat="30.639708" lon="104.11993">
        <time>2026-05-10T12:09:29Z</time>
      </trkpt>
      <trkpt lat="30.639688" lon="104.11997">
        <time>2026-05-10T12:09:30Z</time>
      </trkpt>
      <trkpt lat="30.639668" lon="104.12002">
        <time>2026-05-10T12:09:31Z</time>
      </trkpt>
      <trkpt lat="30.639645" lon="104.12006">
        <time>2026-05-10T12:09:32Z</time>
      </trkpt>
      <trkpt lat="30.639618" lon="104.12011">
        <time>2026-05-10T12:09:33Z</time>
      </trkpt>
      <trkpt lat="30.639587" lon="104.120155">
        <time>2026-05-10T12:09:34Z</time>
      </trkpt>
      <trkpt lat="30.639559" lon="104.12021">
        <time>2026-05-10T12:09:35Z</time>
      </trkpt>
      <trkpt lat="30.639532" lon="104.12026">
        <time>2026-05-10T12:09:36Z</time>
      </trkpt>
      <trkpt lat="30.639503" lon="104.120316">
        <time>2026-05-10T12:09:37Z</time>
      </trkpt>
      <trkpt lat="30.639475" lon="104.12037">
        <time>2026-05-10T12:09:38Z</time>
      </trkpt>
      <trkpt lat="30.639444" lon="104.12043">
        <time>2026-05-10T12:09:39Z</time>
      </trkpt>
      <trkpt lat="30.639418" lon="104.12048">
        <time>2026-05-10T12:09:40Z</time>
      </trkpt>
      <trkpt lat="30.639397" lon="104.12054">
        <time>2026-05-10T12:09:41Z</time>
      </trkpt>
      <trkpt lat="30.63937" lon="104.12058">
        <time>2026-05-10T12:09:42Z</time>
      </trkpt>
      <trkpt lat="30.639347" lon="104.120636">
        <time>2026-05-10T12:09:43Z</time>
      </trkpt>
      <trkpt lat="30.639322" lon="104.12069">
        <time>2026-05-10T12:09:44Z</time>
      </trkpt>
      <trkpt lat="30.639296" lon="104.12074">
        <time>2026-05-10T12:09:45Z</time>
      </trkpt>
      <trkpt lat="30.639273" lon="104.1208">
        <time>2026-05-10T12:09:46Z</time>
      </trkpt>
      <trkpt lat="30.639256" lon="104.12084">
        <time>2026-05-10T12:09:47Z</time>
      </trkpt>
      <trkpt lat="30.63923" lon="104.120895">
        <time>2026-05-10T12:09:48Z</time>
      </trkpt>
      <trkpt lat="30.639206" lon="104.12094">
        <time>2026-05-10T12:09:49Z</time>
      </trkpt>
      <trkpt lat="30.639183" lon="104.12099">
        <time>2026-05-10T12:09:50Z</time>
      </trkpt>
      <trkpt lat="30.639164" lon="104.12103">
        <time>2026-05-10T12:09:51Z</time>
      </trkpt>
      <trkpt lat="30.639145" lon="104.12108">
        <time>2026-05-10T12:09:52Z</time>
      </trkpt>
      <trkpt lat="30.639124" lon="104.121124">
        <time>2026-05-10T12:09:53Z</time>
      </trkpt>
      <trkpt lat="30.639101" lon="104.12116">
        <time>2026-05-10T12:09:54Z</time>
      </trkpt>
      <trkpt lat="30.639074" lon="104.12121">
        <time>2026-05-10T12:09:55Z</time>
      </trkpt>
      <trkpt lat="30.639051" lon="104.121254">
        <time>2026-05-10T12:09:56Z</time>
      </trkpt>
      <trkpt lat="30.63903" lon="104.12129">
        <time>2026-05-10T12:09:57Z</time>
      </trkpt>
      <trkpt lat="30.639011" lon="104.12134">
        <time>2026-05-10T12:09:58Z</time>
      </trkpt>
      <trkpt lat="30.638988" lon="104.12138">
        <time>2026-05-10T12:09:59Z</time>
      </trkpt>
      <trkpt lat="30.63897" lon="104.12142">
        <time>2026-05-10T12:10:00Z</time>
      </trkpt>
      <trkpt lat="30.63895" lon="104.12147">
        <time>2026-05-10T12:10:01Z</time>
      </trkpt>
      <trkpt lat="30.638927" lon="104.12151">
        <time>2026-05-10T12:10:02Z</time>
      </trkpt>
      <trkpt lat="30.638905" lon="104.12157">
        <time>2026-05-10T12:10:03Z</time>
      </trkpt>
      <trkpt lat="30.638885" lon="104.12162">
        <time>2026-05-10T12:10:04Z</time>
      </trkpt>
      <trkpt lat="30.638872" lon="104.121666">
        <time>2026-05-10T12:10:05Z</time>
      </trkpt>
      <trkpt lat="30.63887" lon="104.12171">
        <time>2026-05-10T12:10:06Z</time>
      </trkpt>
      <trkpt lat="30.638874" lon="104.12176">
        <time>2026-05-10T12:10:07Z</time>
      </trkpt>
      <trkpt lat="30.638876" lon="104.12182">
        <time>2026-05-10T12:10:08Z</time>
      </trkpt>
      <trkpt lat="30.63887" lon="104.12188">
        <time>2026-05-10T12:10:09Z</time>
      </trkpt>
      <trkpt lat="30.638863" lon="104.12193">
        <time>2026-05-10T12:10:10Z</time>
      </trkpt>
      <trkpt lat="30.63885" lon="104.12199">
        <time>2026-05-10T12:10:11Z</time>
      </trkpt>
      <trkpt lat="30.638832" lon="104.12203">
        <time>2026-05-10T12:10:12Z</time>
      </trkpt>
      <trkpt lat="30.638811" lon="104.12208">
        <time>2026-05-10T12:10:13Z</time>
      </trkpt>
      <trkpt lat="30.638786" lon="104.12212">
        <time>2026-05-10T12:10:14Z</time>
      </trkpt>
      <trkpt lat="30.63877" lon="104.12218">
        <time>2026-05-10T12:10:15Z</time>
      </trkpt>
      <trkpt lat="30.638752" lon="104.12222">
        <time>2026-05-10T12:10:16Z</time>
      </trkpt>
      <trkpt lat="30.638733" lon="104.12225">
        <time>2026-05-10T12:10:17Z</time>
      </trkpt>
      <trkpt lat="30.638714" lon="104.1223">
        <time>2026-05-10T12:10:18Z</time>
      </trkpt>
      <trkpt lat="30.638693" lon="104.12233">
        <time>2026-05-10T12:10:19Z</time>
      </trkpt>
      <trkpt lat="30.638678" lon="104.12236">
        <time>2026-05-10T12:10:20Z</time>
      </trkpt>
      <trkpt lat="30.63867" lon="104.1224">
        <time>2026-05-10T12:10:21Z</time>
      </trkpt>
      <trkpt lat="30.638662" lon="104.12243">
        <time>2026-05-10T12:10:22Z</time>
      </trkpt>
      <trkpt lat="30.638674" lon="104.12246">
        <time>2026-05-10T12:10:23Z</time>
      </trkpt>
      <trkpt lat="30.638685" lon="104.12249">
        <time>2026-05-10T12:10:24Z</time>
      </trkpt>
      <trkpt lat="30.638693" lon="104.12253">
        <time>2026-05-10T12:10:25Z</time>
      </trkpt>
      <trkpt lat="30.6387" lon="104.12256">
        <time>2026-05-10T12:10:26Z</time>
      </trkpt>
      <trkpt lat="30.6387" lon="104.12259">
        <time>2026-05-10T12:10:27Z</time>
      </trkpt>
      <trkpt lat="30.638699" lon="104.12262">
        <time>2026-05-10T12:10:28Z</time>
      </trkpt>
      <trkpt lat="30.638693" lon="104.12264">
        <time>2026-05-10T12:10:29Z</time>
      </trkpt>
      <trkpt lat="30.638685" lon="104.12268">
        <time>2026-05-10T12:10:30Z</time>
      </trkpt>
      <trkpt lat="30.638678" lon="104.12271">
        <time>2026-05-10T12:10:31Z</time>
      </trkpt>
      <trkpt lat="30.638666" lon="104.12276">
        <time>2026-05-10T12:10:32Z</time>
      </trkpt>
      <trkpt lat="30.638653" lon="104.12281">
        <time>2026-05-10T12:10:33Z</time>
      </trkpt>
      <trkpt lat="30.638638" lon="104.12285">
        <time>2026-05-10T12:10:34Z</time>
      </trkpt>
      <trkpt lat="30.638622" lon="104.1229">
        <time>2026-05-10T12:10:35Z</time>
      </trkpt>
      <trkpt lat="30.63861" lon="104.12296">
        <time>2026-05-10T12:10:36Z</time>
      </trkpt>
      <trkpt lat="30.638597" lon="104.12302">
        <time>2026-05-10T12:10:37Z</time>
      </trkpt>
      <trkpt lat="30.638586" lon="104.12307">
        <time>2026-05-10T12:10:38Z</time>
      </trkpt>
      <trkpt lat="30.638575" lon="104.12312">
        <time>2026-05-10T12:10:39Z</time>
      </trkpt>
      <trkpt lat="30.638561" lon="104.12318">
        <time>2026-05-10T12:10:40Z</time>
      </trkpt>
      <trkpt lat="30.63855" lon="104.12323">
        <time>2026-05-10T12:10:41Z</time>
      </trkpt>
      <trkpt lat="30.63854" lon="104.12329">
        <time>2026-05-10T12:10:42Z</time>
      </trkpt>
      <trkpt lat="30.63853" lon="104.12334">
        <time>2026-05-10T12:10:43Z</time>
      </trkpt>
      <trkpt lat="30.638525" lon="104.12339">
        <time>2026-05-10T12:10:44Z</time>
      </trkpt>
      <trkpt lat="30.63852" lon="104.12345">
        <time>2026-05-10T12:10:45Z</time>
      </trkpt>
      <trkpt lat="30.638514" lon="104.12351">
        <time>2026-05-10T12:10:46Z</time>
      </trkpt>
      <trkpt lat="30.63851" lon="104.123566">
        <time>2026-05-10T12:10:47Z</time>
      </trkpt>
      <trkpt lat="30.638508" lon="104.12363">
        <time>2026-05-10T12:10:48Z</time>
      </trkpt>
      <trkpt lat="30.638498" lon="104.12368">
        <time>2026-05-10T12:10:49Z</time>
      </trkpt>
      <trkpt lat="30.638485" lon="104.12373">
        <time>2026-05-10T12:10:50Z</time>
      </trkpt>
      <trkpt lat="30.638477" lon="104.12379">
        <time>2026-05-10T12:10:51Z</time>
      </trkpt>
      <trkpt lat="30.638475" lon="104.12384">
        <time>2026-05-10T12:10:52Z</time>
      </trkpt>
      <trkpt lat="30.638474" lon="104.12389">
        <time>2026-05-10T12:10:53Z</time>
      </trkpt>
      <trkpt lat="30.63847" lon="104.12395">
        <time>2026-05-10T12:10:54Z</time>
      </trkpt>
      <trkpt lat="30.638466" lon="104.124">
        <time>2026-05-10T12:10:55Z</time>
      </trkpt>
      <trkpt lat="30.638462" lon="104.12406">
        <time>2026-05-10T12:10:56Z</time>
      </trkpt>
      <trkpt lat="30.638462" lon="104.124115">
        <time>2026-05-10T12:10:57Z</time>
      </trkpt>
      <trkpt lat="30.638462" lon="104.12417">
        <time>2026-05-10T12:10:58Z</time>
      </trkpt>
      <trkpt lat="30.638462" lon="104.12422">
        <time>2026-05-10T12:10:59Z</time>
      </trkpt>
      <trkpt lat="30.638462" lon="104.124275">
        <time>2026-05-10T12:11:00Z</time>
      </trkpt>
      <trkpt lat="30.638462" lon="104.12434">
        <time>2026-05-10T12:11:01Z</time>
      </trkpt>
      <trkpt lat="30.638462" lon="104.12439">
        <time>2026-05-10T12:11:02Z</time>
      </trkpt>
      <trkpt lat="30.638462" lon="104.12444">
        <time>2026-05-10T12:11:03Z</time>
      </trkpt>
      <trkpt lat="30.638466" lon="104.1245">
        <time>2026-05-10T12:11:04Z</time>
      </trkpt>
      <trkpt lat="30.638468" lon="104.12456">
        <time>2026-05-10T12:11:05Z</time>
      </trkpt>
      <trkpt lat="30.638472" lon="104.12462">
        <time>2026-05-10T12:11:06Z</time>
      </trkpt>
      <trkpt lat="30.638475" lon="104.12468">
        <time>2026-05-10T12:11:07Z</time>
      </trkpt>
      <trkpt lat="30.63848" lon="104.12473">
        <time>2026-05-10T12:11:08Z</time>
      </trkpt>
      <trkpt lat="30.638483" lon="104.1248">
        <time>2026-05-10T12:11:09Z</time>
      </trkpt>
      <trkpt lat="30.638485" lon="104.12486">
        <time>2026-05-10T12:11:10Z</time>
      </trkpt>
      <trkpt lat="30.638493" lon="104.12492">
        <time>2026-05-10T12:11:11Z</time>
      </trkpt>
      <trkpt lat="30.6385" lon="104.12498">
        <time>2026-05-10T12:11:12Z</time>
      </trkpt>
      <trkpt lat="30.638508" lon="104.12504">
        <time>2026-05-10T12:11:13Z</time>
      </trkpt>
      <trkpt lat="30.638515" lon="104.1251">
        <time>2026-05-10T12:11:14Z</time>
      </trkpt>
      <trkpt lat="30.63852" lon="104.12516">
        <time>2026-05-10T12:11:15Z</time>
      </trkpt>
      <trkpt lat="30.638525" lon="104.12522">
        <time>2026-05-10T12:11:16Z</time>
      </trkpt>
      <trkpt lat="30.63853" lon="104.12528">
        <time>2026-05-10T12:11:17Z</time>
      </trkpt>
      <trkpt lat="30.638536" lon="104.125336">
        <time>2026-05-10T12:11:18Z</time>
      </trkpt>
      <trkpt lat="30.638542" lon="104.1254">
        <time>2026-05-10T12:11:19Z</time>
      </trkpt>
      <trkpt lat="30.638548" lon="104.12546">
        <time>2026-05-10T12:11:20Z</time>
      </trkpt>
      <trkpt lat="30.638556" lon="104.12552">
        <time>2026-05-10T12:11:21Z</time>
      </trkpt>
      <trkpt lat="30.638563" lon="104.12558">
        <time>2026-05-10T12:11:22Z</time>
      </trkpt>
      <trkpt lat="30.638569" lon="104.12565">
        <time>2026-05-10T12:11:23Z</time>
      </trkpt>
      <trkpt lat="30.638575" lon="104.1257">
        <time>2026-05-10T12:11:24Z</time>
      </trkpt>
      <trkpt lat="30.638582" lon="104.12576">
        <time>2026-05-10T12:11:25Z</time>
      </trkpt>
      <trkpt lat="30.638592" lon="104.125824">
        <time>2026-05-10T12:11:26Z</time>
      </trkpt>
      <trkpt lat="30.638597" lon="104.12589">
        <time>2026-05-10T12:11:27Z</time>
      </trkpt>
      <trkpt lat="30.638603" lon="104.12595">
        <time>2026-05-10T12:11:28Z</time>
      </trkpt>
      <trkpt lat="30.63861" lon="104.12602">
        <time>2026-05-10T12:11:29Z</time>
      </trkpt>
      <trkpt lat="30.638617" lon="104.12608">
        <time>2026-05-10T12:11:30Z</time>
      </trkpt>
      <trkpt lat="30.63862" lon="104.12615">
        <time>2026-05-10T12:11:31Z</time>
      </trkpt>
      <trkpt lat="30.638626" lon="104.12622">
        <time>2026-05-10T12:11:32Z</time>
      </trkpt>
      <trkpt lat="30.638634" lon="104.12629">
        <time>2026-05-10T12:11:33Z</time>
      </trkpt>
      <trkpt lat="30.638638" lon="104.12635">
        <time>2026-05-10T12:11:34Z</time>
      </trkpt>
      <trkpt lat="30.638641" lon="104.12641">
        <time>2026-05-10T12:11:35Z</time>
      </trkpt>
      <trkpt lat="30.638647" lon="104.12647">
        <time>2026-05-10T12:11:36Z</time>
      </trkpt>
      <trkpt lat="30.638659" lon="104.126526">
        <time>2026-05-10T12:11:37Z</time>
      </trkpt>
      <trkpt lat="30.638668" lon="104.126595">
        <time>2026-05-10T12:11:38Z</time>
      </trkpt>
      <trkpt lat="30.638676" lon="104.126656">
        <time>2026-05-10T12:11:39Z</time>
      </trkpt>
      <trkpt lat="30.638685" lon="104.126724">
        <time>2026-05-10T12:11:40Z</time>
      </trkpt>
      <trkpt lat="30.638697" lon="104.12681">
        <time>2026-05-10T12:11:41Z</time>
      </trkpt>
      <trkpt lat="30.638708" lon="104.12689">
        <time>2026-05-10T12:11:42Z</time>
      </trkpt>
      <trkpt lat="30.63872" lon="104.12698">
        <time>2026-05-10T12:11:43Z</time>
      </trkpt>
      <trkpt lat="30.638725" lon="104.127075">
        <time>2026-05-10T12:11:44Z</time>
      </trkpt>
      <trkpt lat="30.638735" lon="104.12717">
        <time>2026-05-10T12:11:45Z</time>
      </trkpt>
      <trkpt lat="30.638744" lon="104.12726">
        <time>2026-05-10T12:11:46Z</time>
      </trkpt>
      <trkpt lat="30.638756" lon="104.12735">
        <time>2026-05-10T12:11:47Z</time>
      </trkpt>
      <trkpt lat="30.63877" lon="104.12745">
        <time>2026-05-10T12:11:48Z</time>
      </trkpt>
      <trkpt lat="30.638783" lon="104.127556">
        <time>2026-05-10T12:11:49Z</time>
      </trkpt>
      <trkpt lat="30.638796" lon="104.127655">
        <time>2026-05-10T12:11:50Z</time>
      </trkpt>
      <trkpt lat="30.638807" lon="104.127754">
        <time>2026-05-10T12:11:51Z</time>
      </trkpt>
      <trkpt lat="30.638819" lon="104.12785">
        <time>2026-05-10T12:11:52Z</time>
      </trkpt>
      <trkpt lat="30.638832" lon="104.12796">
        <time>2026-05-10T12:11:53Z</time>
      </trkpt>
      <trkpt lat="30.63884" lon="104.12806">
        <time>2026-05-10T12:11:54Z</time>
      </trkpt>
      <trkpt lat="30.638845" lon="104.12817">
        <time>2026-05-10T12:11:55Z</time>
      </trkpt>
      <trkpt lat="30.638855" lon="104.128265">
        <time>2026-05-10T12:11:56Z</time>
      </trkpt>
      <trkpt lat="30.638865" lon="104.128365">
        <time>2026-05-10T12:11:57Z</time>
      </trkpt>
      <trkpt lat="30.638872" lon="104.128456">
        <time>2026-05-10T12:11:58Z</time>
      </trkpt>
      <trkpt lat="30.638878" lon="104.12855">
        <time>2026-05-10T12:11:59Z</time>
      </trkpt>
      <trkpt lat="30.638887" lon="104.12863">
        <time>2026-05-10T12:12:00Z</time>
      </trkpt>
      <trkpt lat="30.638893" lon="104.12872">
        <time>2026-05-10T12:12:01Z</time>
      </trkpt>
      <trkpt lat="30.638895" lon="104.12881">
        <time>2026-05-10T12:12:02Z</time>
      </trkpt>
      <trkpt lat="30.6389" lon="104.1289">
        <time>2026-05-10T12:12:03Z</time>
      </trkpt>
      <trkpt lat="30.638905" lon="104.128975">
        <time>2026-05-10T12:12:04Z</time>
      </trkpt>
      <trkpt lat="30.638914" lon="104.12905">
        <time>2026-05-10T12:12:05Z</time>
      </trkpt>
      <trkpt lat="30.638926" lon="104.12913">
        <time>2026-05-10T12:12:06Z</time>
      </trkpt>
      <trkpt lat="30.638931" lon="104.12919">
        <time>2026-05-10T12:12:07Z</time>
      </trkpt>
      <trkpt lat="30.638937" lon="104.12926">
        <time>2026-05-10T12:12:08Z</time>
      </trkpt>
      <trkpt lat="30.63894" lon="104.12932">
        <time>2026-05-10T12:12:09Z</time>
      </trkpt>
      <trkpt lat="30.638945" lon="104.12938">
        <time>2026-05-10T12:12:10Z</time>
      </trkpt>
      <trkpt lat="30.63895" lon="104.12943">
        <time>2026-05-10T12:12:11Z</time>
      </trkpt>
      <trkpt lat="30.638956" lon="104.129486">
        <time>2026-05-10T12:12:12Z</time>
      </trkpt>
      <trkpt lat="30.638964" lon="104.12954">
        <time>2026-05-10T12:12:13Z</time>
      </trkpt>
      <trkpt lat="30.638973" lon="104.12959">
        <time>2026-05-10T12:12:14Z</time>
      </trkpt>
      <trkpt lat="30.638977" lon="104.12965">
        <time>2026-05-10T12:12:15Z</time>
      </trkpt>
      <trkpt lat="30.638979" lon="104.12969">
        <time>2026-05-10T12:12:16Z</time>
      </trkpt>
      <trkpt lat="30.638983" lon="104.129745">
        <time>2026-05-10T12:12:17Z</time>
      </trkpt>
      <trkpt lat="30.638988" lon="104.1298">
        <time>2026-05-10T12:12:18Z</time>
      </trkpt>
      <trkpt lat="30.638994" lon="104.129845">
        <time>2026-05-10T12:12:19Z</time>
      </trkpt>
      <trkpt lat="30.639004" lon="104.12989">
        <time>2026-05-10T12:12:20Z</time>
      </trkpt>
      <trkpt lat="30.63901" lon="104.12994">
        <time>2026-05-10T12:12:21Z</time>
      </trkpt>
      <trkpt lat="30.63902" lon="104.12998">
        <time>2026-05-10T12:12:22Z</time>
      </trkpt>
      <trkpt lat="30.63903" lon="104.13003">
        <time>2026-05-10T12:12:23Z</time>
      </trkpt>
      <trkpt lat="30.639034" lon="104.13007">
        <time>2026-05-10T12:12:24Z</time>
      </trkpt>
      <trkpt lat="30.63904" lon="104.13011">
        <time>2026-05-10T12:12:25Z</time>
      </trkpt>
      <trkpt lat="30.639044" lon="104.13016">
        <time>2026-05-10T12:12:26Z</time>
      </trkpt>
      <trkpt lat="30.639046" lon="104.1302">
        <time>2026-05-10T12:12:27Z</time>
      </trkpt>
      <trkpt lat="30.639048" lon="104.13024">
        <time>2026-05-10T12:12:28Z</time>
      </trkpt>
      <trkpt lat="30.639053" lon="104.13029">
        <time>2026-05-10T12:12:29Z</time>
      </trkpt>
      <trkpt lat="30.639055" lon="104.130325">
        <time>2026-05-10T12:12:30Z</time>
      </trkpt>
      <trkpt lat="30.63906" lon="104.13037">
        <time>2026-05-10T12:12:31Z</time>
      </trkpt>
      <trkpt lat="30.639061" lon="104.13042">
        <time>2026-05-10T12:12:32Z</time>
      </trkpt>
      <trkpt lat="30.639069" lon="104.130455">
        <time>2026-05-10T12:12:33Z</time>
      </trkpt>
      <trkpt lat="30.639072" lon="104.1305">
        <time>2026-05-10T12:12:34Z</time>
      </trkpt>
      <trkpt lat="30.639076" lon="104.13055">
        <time>2026-05-10T12:12:35Z</time>
      </trkpt>
      <trkpt lat="30.639082" lon="104.13059">
        <time>2026-05-10T12:12:36Z</time>
      </trkpt>
      <trkpt lat="30.639082" lon="104.13064">
        <time>2026-05-10T12:12:37Z</time>
      </trkpt>
      <trkpt lat="30.639086" lon="104.13068">
        <time>2026-05-10T12:12:38Z</time>
      </trkpt>
      <trkpt lat="30.639091" lon="104.13072">
        <time>2026-05-10T12:12:39Z</time>
      </trkpt>
      <trkpt lat="30.639093" lon="104.13077">
        <time>2026-05-10T12:12:40Z</time>
      </trkpt>
      <trkpt lat="30.639097" lon="104.13081">
        <time>2026-05-10T12:12:41Z</time>
      </trkpt>
      <trkpt lat="30.6391" lon="104.13086">
        <time>2026-05-10T12:12:42Z</time>
      </trkpt>
      <trkpt lat="30.639103" lon="104.130905">
        <time>2026-05-10T12:12:43Z</time>
      </trkpt>
      <trkpt lat="30.639109" lon="104.13095">
        <time>2026-05-10T12:12:44Z</time>
      </trkpt>
      <trkpt lat="30.63911" lon="104.131">
        <time>2026-05-10T12:12:45Z</time>
      </trkpt>
      <trkpt lat="30.63911" lon="104.13105">
        <time>2026-05-10T12:12:46Z</time>
      </trkpt>
      <trkpt lat="30.639112" lon="104.131096">
        <time>2026-05-10T12:12:47Z</time>
      </trkpt>
      <trkpt lat="30.639112" lon="104.13114">
        <time>2026-05-10T12:12:48Z</time>
      </trkpt>
      <trkpt lat="30.639116" lon="104.131195">
        <time>2026-05-10T12:12:49Z</time>
      </trkpt>
      <trkpt lat="30.639118" lon="104.13124">
        <time>2026-05-10T12:12:50Z</time>
      </trkpt>
      <trkpt lat="30.63912" lon="104.13129">
        <time>2026-05-10T12:12:51Z</time>
      </trkpt>
      <trkpt lat="30.63912" lon="104.13134">
        <time>2026-05-10T12:12:52Z</time>
      </trkpt>
      <trkpt lat="30.639118" lon="104.13138">
        <time>2026-05-10T12:12:53Z</time>
      </trkpt>
      <trkpt lat="30.639114" lon="104.13143">
        <time>2026-05-10T12:12:54Z</time>
      </trkpt>
      <trkpt lat="30.639112" lon="104.13147">
        <time>2026-05-10T12:12:55Z</time>
      </trkpt>
      <trkpt lat="30.639109" lon="104.13152">
        <time>2026-05-10T12:12:56Z</time>
      </trkpt>
      <trkpt lat="30.639109" lon="104.13157">
        <time>2026-05-10T12:12:57Z</time>
      </trkpt>
      <trkpt lat="30.63911" lon="104.131615">
        <time>2026-05-10T12:12:58Z</time>
      </trkpt>
      <trkpt lat="30.639112" lon="104.13166">
        <time>2026-05-10T12:12:59Z</time>
      </trkpt>
      <trkpt lat="30.639116" lon="104.1317">
        <time>2026-05-10T12:13:00Z</time>
      </trkpt>
      <trkpt lat="30.639124" lon="104.131744">
        <time>2026-05-10T12:13:01Z</time>
      </trkpt>
      <trkpt lat="30.639126" lon="104.13179">
        <time>2026-05-10T12:13:02Z</time>
      </trkpt>
      <trkpt lat="30.639126" lon="104.13184">
        <time>2026-05-10T12:13:03Z</time>
      </trkpt>
      <trkpt lat="30.639126" lon="104.13189">
        <time>2026-05-10T12:13:04Z</time>
      </trkpt>
      <trkpt lat="30.639124" lon="104.131935">
        <time>2026-05-10T12:13:05Z</time>
      </trkpt>
      <trkpt lat="30.639118" lon="104.13197">
        <time>2026-05-10T12:13:06Z</time>
      </trkpt>
      <trkpt lat="30.639114" lon="104.13201">
        <time>2026-05-10T12:13:07Z</time>
      </trkpt>
      <trkpt lat="30.63911" lon="104.13205">
        <time>2026-05-10T12:13:08Z</time>
      </trkpt>
      <trkpt lat="30.639105" lon="104.1321">
        <time>2026-05-10T12:13:09Z</time>
      </trkpt>
      <trkpt lat="30.6391" lon="104.13215">
        <time>2026-05-10T12:13:10Z</time>
      </trkpt>
      <trkpt lat="30.639095" lon="104.13219">
        <time>2026-05-10T12:13:11Z</time>
      </trkpt>
      <trkpt lat="30.639091" lon="104.132225">
        <time>2026-05-10T12:13:12Z</time>
      </trkpt>
      <trkpt lat="30.639088" lon="104.13226">
        <time>2026-05-10T12:13:13Z</time>
      </trkpt>
      <trkpt lat="30.639086" lon="104.13231">
        <time>2026-05-10T12:13:14Z</time>
      </trkpt>
      <trkpt lat="30.639086" lon="104.13236">
        <time>2026-05-10T12:13:15Z</time>
      </trkpt>
      <trkpt lat="30.63908" lon="104.132416">
        <time>2026-05-10T12:13:16Z</time>
      </trkpt>
      <trkpt lat="30.639074" lon="104.13246">
        <time>2026-05-10T12:13:17Z</time>
      </trkpt>
      <trkpt lat="30.639069" lon="104.1325">
        <time>2026-05-10T12:13:18Z</time>
      </trkpt>
      <trkpt lat="30.639065" lon="104.13254">
        <time>2026-05-10T12:13:19Z</time>
      </trkpt>
      <trkpt lat="30.63906" lon="104.13258">
        <time>2026-05-10T12:13:20Z</time>
      </trkpt>
      <trkpt lat="30.639057" lon="104.13264">
        <time>2026-05-10T12:13:21Z</time>
      </trkpt>
      <trkpt lat="30.639053" lon="104.13269">
        <time>2026-05-10T12:13:22Z</time>
      </trkpt>
      <trkpt lat="30.639051" lon="104.13274">
        <time>2026-05-10T12:13:23Z</time>
      </trkpt>
      <trkpt lat="30.63905" lon="104.13279">
        <time>2026-05-10T12:13:24Z</time>
      </trkpt>
      <trkpt lat="30.639051" lon="104.13284">
        <time>2026-05-10T12:13:25Z</time>
      </trkpt>
      <trkpt lat="30.639048" lon="104.13288">
        <time>2026-05-10T12:13:26Z</time>
      </trkpt>
      <trkpt lat="30.639046" lon="104.13292">
        <time>2026-05-10T12:13:27Z</time>
      </trkpt>
      <trkpt lat="30.639046" lon="104.132965">
        <time>2026-05-10T12:13:28Z</time>
      </trkpt>
      <trkpt lat="30.639046" lon="104.133">
        <time>2026-05-10T12:13:29Z</time>
      </trkpt>
      <trkpt lat="30.639042" lon="104.13305">
        <time>2026-05-10T12:13:30Z</time>
      </trkpt>
      <trkpt lat="30.639042" lon="104.133095">
        <time>2026-05-10T12:13:31Z</time>
      </trkpt>
      <trkpt lat="30.639044" lon="104.13314">
        <time>2026-05-10T12:13:32Z</time>
      </trkpt>
      <trkpt lat="30.639044" lon="104.133194">
        <time>2026-05-10T12:13:33Z</time>
      </trkpt>
      <trkpt lat="30.639046" lon="104.13325">
        <time>2026-05-10T12:13:34Z</time>
      </trkpt>
      <trkpt lat="30.639044" lon="104.13329">
        <time>2026-05-10T12:13:35Z</time>
      </trkpt>
      <trkpt lat="30.639042" lon="104.13335">
        <time>2026-05-10T12:13:36Z</time>
      </trkpt>
      <trkpt lat="30.63904" lon="104.13341">
        <time>2026-05-10T12:13:37Z</time>
      </trkpt>
      <trkpt lat="30.639038" lon="104.13347">
        <time>2026-05-10T12:13:38Z</time>
      </trkpt>
      <trkpt lat="30.639034" lon="104.13353">
        <time>2026-05-10T12:13:39Z</time>
      </trkpt>
      <trkpt lat="30.639034" lon="104.133606">
        <time>2026-05-10T12:13:40Z</time>
      </trkpt>
      <trkpt lat="30.639034" lon="104.133675">
        <time>2026-05-10T12:13:41Z</time>
      </trkpt>
      <trkpt lat="30.63903" lon="104.13375">
        <time>2026-05-10T12:13:42Z</time>
      </trkpt>
      <trkpt lat="30.63903" lon="104.13382">
        <time>2026-05-10T12:13:43Z</time>
      </trkpt>
      <trkpt lat="30.639025" lon="104.13388">
        <time>2026-05-10T12:13:44Z</time>
      </trkpt>
      <trkpt lat="30.63902" lon="104.13395">
        <time>2026-05-10T12:13:45Z</time>
      </trkpt>
      <trkpt lat="30.639013" lon="104.13401">
        <time>2026-05-10T12:13:46Z</time>
      </trkpt>
      <trkpt lat="30.639006" lon="104.13407">
        <time>2026-05-10T12:13:47Z</time>
      </trkpt>
      <trkpt lat="30.639" lon="104.13414">
        <time>2026-05-10T12:13:48Z</time>
      </trkpt>
      <trkpt lat="30.638998" lon="104.13421">
        <time>2026-05-10T12:13:49Z</time>
      </trkpt>
      <trkpt lat="30.639" lon="104.13428">
        <time>2026-05-10T12:13:50Z</time>
      </trkpt>
      <trkpt lat="30.639008" lon="104.13434">
        <time>2026-05-10T12:13:51Z</time>
      </trkpt>
      <trkpt lat="30.639015" lon="104.13441">
        <time>2026-05-10T12:13:52Z</time>
      </trkpt>
      <trkpt lat="30.639017" lon="104.13446">
        <time>2026-05-10T12:13:53Z</time>
      </trkpt>
      <trkpt lat="30.639015" lon="104.13453">
        <time>2026-05-10T12:13:54Z</time>
      </trkpt>
      <trkpt lat="30.639015" lon="104.13459">
        <time>2026-05-10T12:13:55Z</time>
      </trkpt>
      <trkpt lat="30.639013" lon="104.13466">
        <time>2026-05-10T12:13:56Z</time>
      </trkpt>
      <trkpt lat="30.639011" lon="104.13472">
        <time>2026-05-10T12:13:57Z</time>
      </trkpt>
      <trkpt lat="30.63901" lon="104.13478">
        <time>2026-05-10T12:13:58Z</time>
      </trkpt>
      <trkpt lat="30.639011" lon="104.13484">
        <time>2026-05-10T12:13:59Z</time>
      </trkpt>
      <trkpt lat="30.639015" lon="104.1349">
        <time>2026-05-10T12:14:00Z</time>
      </trkpt>
      <trkpt lat="30.639017" lon="104.134964">
        <time>2026-05-10T12:14:01Z</time>
      </trkpt>
      <trkpt lat="30.639017" lon="104.135025">
        <time>2026-05-10T12:14:02Z</time>
      </trkpt>
      <trkpt lat="30.639017" lon="104.135086">
        <time>2026-05-10T12:14:03Z</time>
      </trkpt>
      <trkpt lat="30.639019" lon="104.13515">
        <time>2026-05-10T12:14:04Z</time>
      </trkpt>
      <trkpt lat="30.639015" lon="104.13521">
        <time>2026-05-10T12:14:05Z</time>
      </trkpt>
      <trkpt lat="30.639011" lon="104.13528">
        <time>2026-05-10T12:14:06Z</time>
      </trkpt>
      <trkpt lat="30.639011" lon="104.13534">
        <time>2026-05-10T12:14:07Z</time>
      </trkpt>
      <trkpt lat="30.639013" lon="104.13541">
        <time>2026-05-10T12:14:08Z</time>
      </trkpt>
      <trkpt lat="30.639011" lon="104.13547">
        <time>2026-05-10T12:14:09Z</time>
      </trkpt>
      <trkpt lat="30.639008" lon="104.13554">
        <time>2026-05-10T12:14:10Z</time>
      </trkpt>
      <trkpt lat="30.639006" lon="104.1356">
        <time>2026-05-10T12:14:11Z</time>
      </trkpt>
      <trkpt lat="30.639006" lon="104.135666">
        <time>2026-05-10T12:14:12Z</time>
      </trkpt>
      <trkpt lat="30.639008" lon="104.13573">
        <time>2026-05-10T12:14:13Z</time>
      </trkpt>
      <trkpt lat="30.63901" lon="104.135796">
        <time>2026-05-10T12:14:14Z</time>
      </trkpt>
      <trkpt lat="30.63901" lon="104.135864">
        <time>2026-05-10T12:14:15Z</time>
      </trkpt>
      <trkpt lat="30.63901" lon="104.13593">
        <time>2026-05-10T12:14:16Z</time>
      </trkpt>
      <trkpt lat="30.639008" lon="104.135994">
        <time>2026-05-10T12:14:17Z</time>
      </trkpt>
      <trkpt lat="30.63901" lon="104.13606">
        <time>2026-05-10T12:14:18Z</time>
      </trkpt>
      <trkpt lat="30.639011" lon="104.13612">
        <time>2026-05-10T12:14:19Z</time>
      </trkpt>
      <trkpt lat="30.639013" lon="104.13619">
        <time>2026-05-10T12:14:20Z</time>
      </trkpt>
      <trkpt lat="30.639015" lon="104.13625">
        <time>2026-05-10T12:14:21Z</time>
      </trkpt>
      <trkpt lat="30.63902" lon="104.13632">
        <time>2026-05-10T12:14:22Z</time>
      </trkpt>
      <trkpt lat="30.639027" lon="104.13638">
        <time>2026-05-10T12:14:23Z</time>
      </trkpt>
      <trkpt lat="30.639029" lon="104.13646">
        <time>2026-05-10T12:14:24Z</time>
      </trkpt>
      <trkpt lat="30.639025" lon="104.13653">
        <time>2026-05-10T12:14:25Z</time>
      </trkpt>
      <trkpt lat="30.639023" lon="104.1366">
        <time>2026-05-10T12:14:26Z</time>
      </trkpt>
      <trkpt lat="30.63902" lon="104.13667">
        <time>2026-05-10T12:14:27Z</time>
      </trkpt>
      <trkpt lat="30.639019" lon="104.13674">
        <time>2026-05-10T12:14:28Z</time>
      </trkpt>
      <trkpt lat="30.639013" lon="104.13681">
        <time>2026-05-10T12:14:29Z</time>
      </trkpt>
      <trkpt lat="30.639011" lon="104.13689">
        <time>2026-05-10T12:14:30Z</time>
      </trkpt>
      <trkpt lat="30.63901" lon="104.136955">
        <time>2026-05-10T12:14:31Z</time>
      </trkpt>
      <trkpt lat="30.639008" lon="104.137024">
        <time>2026-05-10T12:14:32Z</time>
      </trkpt>
      <trkpt lat="30.639008" lon="104.13709">
        <time>2026-05-10T12:14:33Z</time>
      </trkpt>
      <trkpt lat="30.63901" lon="104.13716">
        <time>2026-05-10T12:14:34Z</time>
      </trkpt>
      <trkpt lat="30.639015" lon="104.13723">
        <time>2026-05-10T12:14:35Z</time>
      </trkpt>
      <trkpt lat="30.63902" lon="104.1373">
        <time>2026-05-10T12:14:36Z</time>
      </trkpt>
      <trkpt lat="30.639023" lon="104.13737">
        <time>2026-05-10T12:14:37Z</time>
      </trkpt>
      <trkpt lat="30.639023" lon="104.13743">
        <time>2026-05-10T12:14:38Z</time>
      </trkpt>
      <trkpt lat="30.639015" lon="104.1375">
        <time>2026-05-10T12:14:39Z</time>
      </trkpt>
      <trkpt lat="30.639006" lon="104.137566">
        <time>2026-05-10T12:14:40Z</time>
      </trkpt>
      <trkpt lat="30.638992" lon="104.137634">
        <time>2026-05-10T12:14:41Z</time>
      </trkpt>
      <trkpt lat="30.63898" lon="104.1377">
        <time>2026-05-10T12:14:42Z</time>
      </trkpt>
      <trkpt lat="30.63897" lon="104.13777">
        <time>2026-05-10T12:14:43Z</time>
      </trkpt>
      <trkpt lat="30.638962" lon="104.13783">
        <time>2026-05-10T12:14:44Z</time>
      </trkpt>
      <trkpt lat="30.638954" lon="104.1379">
        <time>2026-05-10T12:14:45Z</time>
      </trkpt>
      <trkpt lat="30.638947" lon="104.13797">
        <time>2026-05-10T12:14:46Z</time>
      </trkpt>
      <trkpt lat="30.63894" lon="104.13803">
        <time>2026-05-10T12:14:47Z</time>
      </trkpt>
      <trkpt lat="30.638931" lon="104.13809">
        <time>2026-05-10T12:14:48Z</time>
      </trkpt>
      <trkpt lat="30.638927" lon="104.13815">
        <time>2026-05-10T12:14:49Z</time>
      </trkpt>
      <trkpt lat="30.638922" lon="104.138214">
        <time>2026-05-10T12:14:50Z</time>
      </trkpt>
      <trkpt lat="30.638918" lon="104.138275">
        <time>2026-05-10T12:14:51Z</time>
      </trkpt>
      <trkpt lat="30.638914" lon="104.138336">
        <time>2026-05-10T12:14:52Z</time>
      </trkpt>
      <trkpt lat="30.638912" lon="104.1384">
        <time>2026-05-10T12:14:53Z</time>
      </trkpt>
      <trkpt lat="30.63891" lon="104.138466">
        <time>2026-05-10T12:14:54Z</time>
      </trkpt>
      <trkpt lat="30.638906" lon="104.13853">
        <time>2026-05-10T12:14:55Z</time>
      </trkpt>
      <trkpt lat="30.638903" lon="104.138596">
        <time>2026-05-10T12:14:56Z</time>
      </trkpt>
      <trkpt lat="30.6389" lon="104.13866">
        <time>2026-05-10T12:14:57Z</time>
      </trkpt>
      <trkpt lat="30.638899" lon="104.138725">
        <time>2026-05-10T12:14:58Z</time>
      </trkpt>
      <trkpt lat="30.6389" lon="104.13879">
        <time>2026-05-10T12:14:59Z</time>
      </trkpt>
      <trkpt lat="30.638899" lon="104.138855">
        <time>2026-05-10T12:15:00Z</time>
      </trkpt>
      <trkpt lat="30.638895" lon="104.13892">
        <time>2026-05-10T12:15:01Z</time>
      </trkpt>
      <trkpt lat="30.638893" lon="104.138985">
        <time>2026-05-10T12:15:02Z</time>
      </trkpt>
      <trkpt lat="30.638893" lon="104.13906">
        <time>2026-05-10T12:15:03Z</time>
      </trkpt>
      <trkpt lat="30.638895" lon="104.13913">
        <time>2026-05-10T12:15:04Z</time>
      </trkpt>
      <trkpt lat="30.638895" lon="104.13919">
        <time>2026-05-10T12:15:05Z</time>
      </trkpt>
      <trkpt lat="30.638897" lon="104.13926">
        <time>2026-05-10T12:15:06Z</time>
      </trkpt>
      <trkpt lat="30.638899" lon="104.13932">
        <time>2026-05-10T12:15:07Z</time>
      </trkpt>
      <trkpt lat="30.6389" lon="104.13938">
        <time>2026-05-10T12:15:08Z</time>
      </trkpt>
      <trkpt lat="30.6389" lon="104.13945">
        <time>2026-05-10T12:15:09Z</time>
      </trkpt>
      <trkpt lat="30.638897" lon="104.13951">
        <time>2026-05-10T12:15:10Z</time>
      </trkpt>
      <trkpt lat="30.638893" lon="104.139565">
        <time>2026-05-10T12:15:11Z</time>
      </trkpt>
      <trkpt lat="30.63889" lon="104.13961">
        <time>2026-05-10T12:15:12Z</time>
      </trkpt>
      <trkpt lat="30.638884" lon="104.139656">
        <time>2026-05-10T12:15:13Z</time>
      </trkpt>
      <trkpt lat="30.638876" lon="104.1397">
        <time>2026-05-10T12:15:14Z</time>
      </trkpt>
      <trkpt lat="30.638872" lon="104.13975">
        <time>2026-05-10T12:15:15Z</time>
      </trkpt>
      <trkpt lat="30.638863" lon="104.13979">
        <time>2026-05-10T12:15:16Z</time>
      </trkpt>
      <trkpt lat="30.638857" lon="104.13985">
        <time>2026-05-10T12:15:17Z</time>
      </trkpt>
      <trkpt lat="30.63885" lon="104.13989">
        <time>2026-05-10T12:15:18Z</time>
      </trkpt>
      <trkpt lat="30.638845" lon="104.13994">
        <time>2026-05-10T12:15:19Z</time>
      </trkpt>
      <trkpt lat="30.638838" lon="104.139984">
        <time>2026-05-10T12:15:20Z</time>
      </trkpt>
      <trkpt lat="30.638832" lon="104.14004">
        <time>2026-05-10T12:15:21Z</time>
      </trkpt>
      <trkpt lat="30.638823" lon="104.14009">
        <time>2026-05-10T12:15:22Z</time>
      </trkpt>
      <trkpt lat="30.638817" lon="104.140144">
        <time>2026-05-10T12:15:23Z</time>
      </trkpt>
      <trkpt lat="30.63881" lon="104.14019">
        <time>2026-05-10T12:15:24Z</time>
      </trkpt>
      <trkpt lat="30.638803" lon="104.140236">
        <time>2026-05-10T12:15:25Z</time>
      </trkpt>
      <trkpt lat="30.638794" lon="104.140274">
        <time>2026-05-10T12:15:26Z</time>
      </trkpt>
      <trkpt lat="30.638783" lon="104.14032">
        <time>2026-05-10T12:15:27Z</time>
      </trkpt>
      <trkpt lat="30.638773" lon="104.140366">
        <time>2026-05-10T12:15:28Z</time>
      </trkpt>
      <trkpt lat="30.638763" lon="104.14042">
        <time>2026-05-10T12:15:29Z</time>
      </trkpt>
      <trkpt lat="30.638752" lon="104.140465">
        <time>2026-05-10T12:15:30Z</time>
      </trkpt>
      <trkpt lat="30.638742" lon="104.1405">
        <time>2026-05-10T12:15:31Z</time>
      </trkpt>
      <trkpt lat="30.638733" lon="104.14054">
        <time>2026-05-10T12:15:32Z</time>
      </trkpt>
      <trkpt lat="30.638725" lon="104.14058">
        <time>2026-05-10T12:15:33Z</time>
      </trkpt>
      <trkpt lat="30.638718" lon="104.14061">
        <time>2026-05-10T12:15:34Z</time>
      </trkpt>
      <trkpt lat="30.638714" lon="104.14065">
        <time>2026-05-10T12:15:35Z</time>
      </trkpt>
      <trkpt lat="30.638706" lon="104.14069">
        <time>2026-05-10T12:15:36Z</time>
      </trkpt>
      <trkpt lat="30.6387" lon="104.14073">
        <time>2026-05-10T12:15:37Z</time>
      </trkpt>
      <trkpt lat="30.63869" lon="104.14078">
        <time>2026-05-10T12:15:38Z</time>
      </trkpt>
      <trkpt lat="30.638683" lon="104.14082">
        <time>2026-05-10T12:15:39Z</time>
      </trkpt>
      <trkpt lat="30.638672" lon="104.14086">
        <time>2026-05-10T12:15:40Z</time>
      </trkpt>
      <trkpt lat="30.638662" lon="104.1409">
        <time>2026-05-10T12:15:41Z</time>
      </trkpt>
      <trkpt lat="30.638653" lon="104.14093">
        <time>2026-05-10T12:15:42Z</time>
      </trkpt>
      <trkpt lat="30.638643" lon="104.14097">
        <time>2026-05-10T12:15:43Z</time>
      </trkpt>
      <trkpt lat="30.638626" lon="104.14101">
        <time>2026-05-10T12:15:44Z</time>
      </trkpt>
      <trkpt lat="30.63861" lon="104.141045">
        <time>2026-05-10T12:15:45Z</time>
      </trkpt>
      <trkpt lat="30.6386" lon="104.14109">
        <time>2026-05-10T12:15:46Z</time>
      </trkpt>
      <trkpt lat="30.638584" lon="104.14113">
        <time>2026-05-10T12:15:47Z</time>
      </trkpt>
      <trkpt lat="30.638573" lon="104.14117">
        <time>2026-05-10T12:15:48Z</time>
      </trkpt>
      <trkpt lat="30.638563" lon="104.1412">
        <time>2026-05-10T12:15:49Z</time>
      </trkpt>
      <trkpt lat="30.638552" lon="104.14124">
        <time>2026-05-10T12:15:50Z</time>
      </trkpt>
      <trkpt lat="30.638536" lon="104.14129">
        <time>2026-05-10T12:15:51Z</time>
      </trkpt>
      <trkpt lat="30.638523" lon="104.14133">
        <time>2026-05-10T12:15:52Z</time>
      </trkpt>
      <trkpt lat="30.638512" lon="104.14137">
        <time>2026-05-10T12:15:53Z</time>
      </trkpt>
      <trkpt lat="30.6385" lon="104.14141">
        <time>2026-05-10T12:15:54Z</time>
      </trkpt>
      <trkpt lat="30.63849" lon="104.14145">
        <time>2026-05-10T12:15:55Z</time>
      </trkpt>
      <trkpt lat="30.638481" lon="104.141495">
        <time>2026-05-10T12:15:56Z</time>
      </trkpt>
      <trkpt lat="30.638468" lon="104.14154">
        <time>2026-05-10T12:15:57Z</time>
      </trkpt>
      <trkpt lat="30.638456" lon="104.14159">
        <time>2026-05-10T12:15:58Z</time>
      </trkpt>
      <trkpt lat="30.638441" lon="104.14163">
        <time>2026-05-10T12:15:59Z</time>
      </trkpt>
      <trkpt lat="30.63843" lon="104.14168">
        <time>2026-05-10T12:16:00Z</time>
      </trkpt>
      <trkpt lat="30.638416" lon="104.14173">
        <time>2026-05-10T12:16:01Z</time>
      </trkpt>
      <trkpt lat="30.638405" lon="104.14178">
        <time>2026-05-10T12:16:02Z</time>
      </trkpt>
      <trkpt lat="30.638393" lon="104.14182">
        <time>2026-05-10T12:16:03Z</time>
      </trkpt>
      <trkpt lat="30.638384" lon="104.14186">
        <time>2026-05-10T12:16:04Z</time>
      </trkpt>
      <trkpt lat="30.638372" lon="104.14191">
        <time>2026-05-10T12:16:05Z</time>
      </trkpt>
      <trkpt lat="30.638363" lon="104.14195">
        <time>2026-05-10T12:16:06Z</time>
      </trkpt>
      <trkpt lat="30.638357" lon="104.14199">
        <time>2026-05-10T12:16:07Z</time>
      </trkpt>
      <trkpt lat="30.638346" lon="104.14203">
        <time>2026-05-10T12:16:08Z</time>
      </trkpt>
      <trkpt lat="30.638334" lon="104.142075">
        <time>2026-05-10T12:16:09Z</time>
      </trkpt>
      <trkpt lat="30.63832" lon="104.14212">
        <time>2026-05-10T12:16:10Z</time>
      </trkpt>
      <trkpt lat="30.638308" lon="104.142166">
        <time>2026-05-10T12:16:11Z</time>
      </trkpt>
      <trkpt lat="30.638298" lon="104.14221">
        <time>2026-05-10T12:16:12Z</time>
      </trkpt>
      <trkpt lat="30.638288" lon="104.14226">
        <time>2026-05-10T12:16:13Z</time>
      </trkpt>
      <trkpt lat="30.638277" lon="104.14231">
        <time>2026-05-10T12:16:14Z</time>
      </trkpt>
      <trkpt lat="30.638264" lon="104.142365">
        <time>2026-05-10T12:16:15Z</time>
      </trkpt>
      <trkpt lat="30.638252" lon="104.14242">
        <time>2026-05-10T12:16:16Z</time>
      </trkpt>
      <trkpt lat="30.638239" lon="104.14246">
        <time>2026-05-10T12:16:17Z</time>
      </trkpt>
      <trkpt lat="30.638227" lon="104.14252">
        <time>2026-05-10T12:16:18Z</time>
      </trkpt>
      <trkpt lat="30.638214" lon="104.14257">
        <time>2026-05-10T12:16:19Z</time>
      </trkpt>
      <trkpt lat="30.638199" lon="104.14262">
        <time>2026-05-10T12:16:20Z</time>
      </trkpt>
      <trkpt lat="30.638187" lon="104.14268">
        <time>2026-05-10T12:16:21Z</time>
      </trkpt>
      <trkpt lat="30.638172" lon="104.14273">
        <time>2026-05-10T12:16:22Z</time>
      </trkpt>
      <trkpt lat="30.638159" lon="104.142784">
        <time>2026-05-10T12:16:23Z</time>
      </trkpt>
      <trkpt lat="30.638142" lon="104.14284">
        <time>2026-05-10T12:16:24Z</time>
      </trkpt>
      <trkpt lat="30.63813" lon="104.1429">
        <time>2026-05-10T12:16:25Z</time>
      </trkpt>
      <trkpt lat="30.638113" lon="104.14296">
        <time>2026-05-10T12:16:26Z</time>
      </trkpt>
      <trkpt lat="30.638096" lon="104.14302">
        <time>2026-05-10T12:16:27Z</time>
      </trkpt>
      <trkpt lat="30.638079" lon="104.143074">
        <time>2026-05-10T12:16:28Z</time>
      </trkpt>
      <trkpt lat="30.638062" lon="104.143135">
        <time>2026-05-10T12:16:29Z</time>
      </trkpt>
      <trkpt lat="30.638046" lon="104.143196">
        <time>2026-05-10T12:16:30Z</time>
      </trkpt>
      <trkpt lat="30.63803" lon="104.143265">
        <time>2026-05-10T12:16:31Z</time>
      </trkpt>
      <trkpt lat="30.638018" lon="104.143326">
        <time>2026-05-10T12:16:32Z</time>
      </trkpt>
      <trkpt lat="30.638" lon="104.1434">
        <time>2026-05-10T12:16:33Z</time>
      </trkpt>
      <trkpt lat="30.637985" lon="104.14347">
        <time>2026-05-10T12:16:34Z</time>
      </trkpt>
      <trkpt lat="30.637964" lon="104.143555">
        <time>2026-05-10T12:16:35Z</time>
      </trkpt>
      <trkpt lat="30.637941" lon="104.14362">
        <time>2026-05-10T12:16:36Z</time>
      </trkpt>
      <trkpt lat="30.637922" lon="104.1437">
        <time>2026-05-10T12:16:37Z</time>
      </trkpt>
      <trkpt lat="30.6379" lon="104.143776">
        <time>2026-05-10T12:16:38Z</time>
      </trkpt>
      <trkpt lat="30.637875" lon="104.143845">
        <time>2026-05-10T12:16:39Z</time>
      </trkpt>
      <trkpt lat="30.637852" lon="104.14393">
        <time>2026-05-10T12:16:40Z</time>
      </trkpt>
      <trkpt lat="30.63783" lon="104.144005">
        <time>2026-05-10T12:16:41Z</time>
      </trkpt>
      <trkpt lat="30.637812" lon="104.14408">
        <time>2026-05-10T12:16:42Z</time>
      </trkpt>
      <trkpt lat="30.637793" lon="104.144165">
        <time>2026-05-10T12:16:43Z</time>
      </trkpt>
      <trkpt lat="30.637774" lon="104.14424">
        <time>2026-05-10T12:16:44Z</time>
      </trkpt>
      <trkpt lat="30.63775" lon="104.14432">
        <time>2026-05-10T12:16:45Z</time>
      </trkpt>
      <trkpt lat="30.637726" lon="104.144394">
        <time>2026-05-10T12:16:46Z</time>
      </trkpt>
      <trkpt lat="30.6377" lon="104.14447">
        <time>2026-05-10T12:16:47Z</time>
      </trkpt>
      <trkpt lat="30.637676" lon="104.14454">
        <time>2026-05-10T12:16:48Z</time>
      </trkpt>
      <trkpt lat="30.637651" lon="104.14462">
        <time>2026-05-10T12:16:49Z</time>
      </trkpt>
      <trkpt lat="30.637634" lon="104.14469">
        <time>2026-05-10T12:16:50Z</time>
      </trkpt>
      <trkpt lat="30.63762" lon="104.14477">
        <time>2026-05-10T12:16:51Z</time>
      </trkpt>
      <trkpt lat="30.637604" lon="104.144844">
        <time>2026-05-10T12:16:52Z</time>
      </trkpt>
      <trkpt lat="30.637594" lon="104.14492">
        <time>2026-05-10T12:16:53Z</time>
      </trkpt>
      <trkpt lat="30.637583" lon="104.145">
        <time>2026-05-10T12:16:54Z</time>
      </trkpt>
      <trkpt lat="30.637571" lon="104.14507">
        <time>2026-05-10T12:16:55Z</time>
      </trkpt>
      <trkpt lat="30.637554" lon="104.14515">
        <time>2026-05-10T12:16:56Z</time>
      </trkpt>
      <trkpt lat="30.63754" lon="104.145226">
        <time>2026-05-10T12:16:57Z</time>
      </trkpt>
      <trkpt lat="30.637524" lon="104.1453">
        <time>2026-05-10T12:16:58Z</time>
      </trkpt>
      <trkpt lat="30.637505" lon="104.145386">
        <time>2026-05-10T12:16:59Z</time>
      </trkpt>
      <trkpt lat="30.63749" lon="104.14546">
        <time>2026-05-10T12:17:00Z</time>
      </trkpt>
      <trkpt lat="30.637472" lon="104.14554">
        <time>2026-05-10T12:17:01Z</time>
      </trkpt>
      <trkpt lat="30.637453" lon="104.145615">
        <time>2026-05-10T12:17:02Z</time>
      </trkpt>
      <trkpt lat="30.637434" lon="104.14568">
        <time>2026-05-10T12:17:03Z</time>
      </trkpt>
      <trkpt lat="30.637413" lon="104.14576">
        <time>2026-05-10T12:17:04Z</time>
      </trkpt>
      <trkpt lat="30.637392" lon="104.14583">
        <time>2026-05-10T12:17:05Z</time>
      </trkpt>
      <trkpt lat="30.63737" lon="104.1459">
        <time>2026-05-10T12:17:06Z</time>
      </trkpt>
      <trkpt lat="30.63735" lon="104.145966">
        <time>2026-05-10T12:17:07Z</time>
      </trkpt>
      <trkpt lat="30.637331" lon="104.146034">
        <time>2026-05-10T12:17:08Z</time>
      </trkpt>
      <trkpt lat="30.637316" lon="104.1461">
        <time>2026-05-10T12:17:09Z</time>
      </trkpt>
      <trkpt lat="30.637302" lon="104.14618">
        <time>2026-05-10T12:17:10Z</time>
      </trkpt>
      <trkpt lat="30.63729" lon="104.14625">
        <time>2026-05-10T12:17:11Z</time>
      </trkpt>
      <trkpt lat="30.637274" lon="104.146324">
        <time>2026-05-10T12:17:12Z</time>
      </trkpt>
      <trkpt lat="30.63726" lon="104.14639">
        <time>2026-05-10T12:17:13Z</time>
      </trkpt>
      <trkpt lat="30.637247" lon="104.14646">
        <time>2026-05-10T12:17:14Z</time>
      </trkpt>
      <trkpt lat="30.637232" lon="104.14654">
        <time>2026-05-10T12:17:15Z</time>
      </trkpt>
      <trkpt lat="30.637215" lon="104.14661">
        <time>2026-05-10T12:17:16Z</time>
      </trkpt>
      <trkpt lat="30.6372" lon="104.14667">
        <time>2026-05-10T12:17:17Z</time>
      </trkpt>
      <trkpt lat="30.637184" lon="104.146736">
        <time>2026-05-10T12:17:18Z</time>
      </trkpt>
      <trkpt lat="30.63717" lon="104.1468">
        <time>2026-05-10T12:17:19Z</time>
      </trkpt>
      <trkpt lat="30.637156" lon="104.14686">
        <time>2026-05-10T12:17:20Z</time>
      </trkpt>
      <trkpt lat="30.637142" lon="104.14692">
        <time>2026-05-10T12:17:21Z</time>
      </trkpt>
      <trkpt lat="30.637127" lon="104.146996">
        <time>2026-05-10T12:17:22Z</time>
      </trkpt>
      <trkpt lat="30.63711" lon="104.14708">
        <time>2026-05-10T12:17:23Z</time>
      </trkpt>
      <trkpt lat="30.637098" lon="104.14715">
        <time>2026-05-10T12:17:24Z</time>
      </trkpt>
      <trkpt lat="30.63709" lon="104.147224">
        <time>2026-05-10T12:17:25Z</time>
      </trkpt>
      <trkpt lat="30.63708" lon="104.147316">
        <time>2026-05-10T12:17:26Z</time>
      </trkpt>
      <trkpt lat="30.637066" lon="104.147385">
        <time>2026-05-10T12:17:27Z</time>
      </trkpt>
      <trkpt lat="30.637056" lon="104.14745">
        <time>2026-05-10T12:17:28Z</time>
      </trkpt>
      <trkpt lat="30.63705" lon="104.14753">
        <time>2026-05-10T12:17:29Z</time>
      </trkpt>
      <trkpt lat="30.63704" lon="104.1476">
        <time>2026-05-10T12:17:30Z</time>
      </trkpt>
      <trkpt lat="30.637028" lon="104.147675">
        <time>2026-05-10T12:17:31Z</time>
      </trkpt>
      <trkpt lat="30.637012" lon="104.14774">
        <time>2026-05-10T12:17:32Z</time>
      </trkpt>
      <trkpt lat="30.636997" lon="104.14781">
        <time>2026-05-10T12:17:33Z</time>
      </trkpt>
      <trkpt lat="30.636978" lon="104.14787">
        <time>2026-05-10T12:17:34Z</time>
      </trkpt>
      <trkpt lat="30.636957" lon="104.14795">
        <time>2026-05-10T12:17:35Z</time>
      </trkpt>
      <trkpt lat="30.636925" lon="104.14801">
        <time>2026-05-10T12:17:36Z</time>
      </trkpt>
      <trkpt lat="30.636889" lon="104.14807">
        <time>2026-05-10T12:17:37Z</time>
      </trkpt>
      <trkpt lat="30.63685" lon="104.14813">
        <time>2026-05-10T12:17:38Z</time>
      </trkpt>
      <trkpt lat="30.636812" lon="104.14819">
        <time>2026-05-10T12:17:39Z</time>
      </trkpt>
      <trkpt lat="30.636778" lon="104.148254">
        <time>2026-05-10T12:17:40Z</time>
      </trkpt>
      <trkpt lat="30.636747" lon="104.148315">
        <time>2026-05-10T12:17:41Z</time>
      </trkpt>
      <trkpt lat="30.636717" lon="104.14837">
        <time>2026-05-10T12:17:42Z</time>
      </trkpt>
      <trkpt lat="30.636684" lon="104.14842">
        <time>2026-05-10T12:17:43Z</time>
      </trkpt>
      <trkpt lat="30.636656" lon="104.14849">
        <time>2026-05-10T12:17:44Z</time>
      </trkpt>
      <trkpt lat="30.636623" lon="104.148544">
        <time>2026-05-10T12:17:45Z</time>
      </trkpt>
      <trkpt lat="30.636593" lon="104.1486">
        <time>2026-05-10T12:17:46Z</time>
      </trkpt>
      <trkpt lat="30.63656" lon="104.14865">
        <time>2026-05-10T12:17:47Z</time>
      </trkpt>
      <trkpt lat="30.63651" lon="104.14869">
        <time>2026-05-10T12:17:48Z</time>
      </trkpt>
      <trkpt lat="30.636461" lon="104.14871">
        <time>2026-05-10T12:17:49Z</time>
      </trkpt>
      <trkpt lat="30.636423" lon="104.148735">
        <time>2026-05-10T12:17:50Z</time>
      </trkpt>
      <trkpt lat="30.63639" lon="104.14874">
        <time>2026-05-10T12:17:51Z</time>
      </trkpt>
      <trkpt lat="30.636347" lon="104.14875">
        <time>2026-05-10T12:17:52Z</time>
      </trkpt>
      <trkpt lat="30.636288" lon="104.14872">
        <time>2026-05-10T12:17:53Z</time>
      </trkpt>
      <trkpt lat="30.636213" lon="104.14868">
        <time>2026-05-10T12:17:54Z</time>
      </trkpt>
      <trkpt lat="30.636137" lon="104.148636">
        <time>2026-05-10T12:17:55Z</time>
      </trkpt>
      <trkpt lat="30.63606" lon="104.14859">
        <time>2026-05-10T12:17:56Z</time>
      </trkpt>
      <trkpt lat="30.63598" lon="104.148544">
        <time>2026-05-10T12:17:57Z</time>
      </trkpt>
      <trkpt lat="30.635902" lon="104.1485">
        <time>2026-05-10T12:17:58Z</time>
      </trkpt>
      <trkpt lat="30.635824" lon="104.14846">
        <time>2026-05-10T12:17:59Z</time>
      </trkpt>
      <trkpt lat="30.635754" lon="104.148415">
        <time>2026-05-10T12:18:00Z</time>
      </trkpt>
      <trkpt lat="30.635695" lon="104.148384">
        <time>2026-05-10T12:18:01Z</time>
      </trkpt>
      <trkpt lat="30.635641" lon="104.14835">
        <time>2026-05-10T12:18:02Z</time>
      </trkpt>
      <trkpt lat="30.635588" lon="104.148315">
        <time>2026-05-10T12:18:03Z</time>
      </trkpt>
      <trkpt lat="30.635536" lon="104.1483">
        <time>2026-05-10T12:18:04Z</time>
      </trkpt>
      <trkpt lat="30.635485" lon="104.14829">
        <time>2026-05-10T12:18:05Z</time>
      </trkpt>
      <trkpt lat="30.635426" lon="104.148315">
        <time>2026-05-10T12:18:06Z</time>
      </trkpt>
      <trkpt lat="30.635399" lon="104.1484">
        <time>2026-05-10T12:18:07Z</time>
      </trkpt>
      <trkpt lat="30.63538" lon="104.14848">
        <time>2026-05-10T12:18:08Z</time>
      </trkpt>
      <trkpt lat="30.63536" lon="104.14857">
        <time>2026-05-10T12:18:09Z</time>
      </trkpt>
      <trkpt lat="30.635344" lon="104.14864">
        <time>2026-05-10T12:18:10Z</time>
      </trkpt>
      <trkpt lat="30.635323" lon="104.14872">
        <time>2026-05-10T12:18:11Z</time>
      </trkpt>
      <trkpt lat="30.635302" lon="104.148796">
        <time>2026-05-10T12:18:12Z</time>
      </trkpt>
      <trkpt lat="30.635277" lon="104.148865">
        <time>2026-05-10T12:18:13Z</time>
      </trkpt>
      <trkpt lat="30.635246" lon="104.14893">
        <time>2026-05-10T12:18:14Z</time>
      </trkpt>
      <trkpt lat="30.63524" lon="104.148994">
        <time>2026-05-10T12:18:15Z</time>
      </trkpt>
      <trkpt lat="30.635233" lon="104.14906">
        <time>2026-05-10T12:18:16Z</time>
      </trkpt>
      <trkpt lat="30.635235" lon="104.14912">
        <time>2026-05-10T12:18:17Z</time>
      </trkpt>
      <trkpt lat="30.635246" lon="104.14917">
        <time>2026-05-10T12:18:18Z</time>
      </trkpt>
      <trkpt lat="30.635256" lon="104.14921">
        <time>2026-05-10T12:18:19Z</time>
      </trkpt>
      <trkpt lat="30.635267" lon="104.14925">
        <time>2026-05-10T12:18:20Z</time>
      </trkpt>
      <trkpt lat="30.635296" lon="104.14927">
        <time>2026-05-10T12:18:21Z</time>
      </trkpt>
      <trkpt lat="30.635336" lon="104.149284">
        <time>2026-05-10T12:18:22Z</time>
      </trkpt>
      <trkpt lat="30.63539" lon="104.1493">
        <time>2026-05-10T12:18:23Z</time>
      </trkpt>
      <trkpt lat="30.635447" lon="104.14932">
        <time>2026-05-10T12:18:24Z</time>
      </trkpt>
      <trkpt lat="30.6355" lon="104.14936">
        <time>2026-05-10T12:18:25Z</time>
      </trkpt>
      <trkpt lat="30.63556" lon="104.1494">
        <time>2026-05-10T12:18:26Z</time>
      </trkpt>
      <trkpt lat="30.635614" lon="104.14943">
        <time>2026-05-10T12:18:27Z</time>
      </trkpt>
      <trkpt lat="30.63567" lon="104.14945">
        <time>2026-05-10T12:18:28Z</time>
      </trkpt>
      <trkpt lat="30.635727" lon="104.14948">
        <time>2026-05-10T12:18:29Z</time>
      </trkpt>
      <trkpt lat="30.63578" lon="104.14951">
        <time>2026-05-10T12:18:30Z</time>
      </trkpt>
      <trkpt lat="30.635838" lon="104.14954">
        <time>2026-05-10T12:18:31Z</time>
      </trkpt>
      <trkpt lat="30.635887" lon="104.149574">
        <time>2026-05-10T12:18:32Z</time>
      </trkpt>
      <trkpt lat="30.635935" lon="104.149605">
        <time>2026-05-10T12:18:33Z</time>
      </trkpt>
      <trkpt lat="30.635962" lon="104.14966">
        <time>2026-05-10T12:18:34Z</time>
      </trkpt>
      <trkpt lat="30.635956" lon="104.149734">
        <time>2026-05-10T12:18:35Z</time>
      </trkpt>
      <trkpt lat="30.63593" lon="104.1498">
        <time>2026-05-10T12:18:36Z</time>
      </trkpt>
      <trkpt lat="30.635902" lon="104.14988">
        <time>2026-05-10T12:18:37Z</time>
      </trkpt>
      <trkpt lat="30.635878" lon="104.149956">
        <time>2026-05-10T12:18:38Z</time>
      </trkpt>
      <trkpt lat="30.635859" lon="104.15003">
        <time>2026-05-10T12:18:39Z</time>
      </trkpt>
      <trkpt lat="30.635836" lon="104.1501">
        <time>2026-05-10T12:18:40Z</time>
      </trkpt>
      <trkpt lat="30.63581" lon="104.15018">
        <time>2026-05-10T12:18:41Z</time>
      </trkpt>
      <trkpt lat="30.635796" lon="104.15024">
        <time>2026-05-10T12:18:42Z</time>
      </trkpt>
      <trkpt lat="30.63577" lon="104.15031">
        <time>2026-05-10T12:18:43Z</time>
      </trkpt>
      <trkpt lat="30.635744" lon="104.15038">
        <time>2026-05-10T12:18:44Z</time>
      </trkpt>
      <trkpt lat="30.635721" lon="104.15045">
        <time>2026-05-10T12:18:45Z</time>
      </trkpt>
      <trkpt lat="30.635696" lon="104.15053">
        <time>2026-05-10T12:18:46Z</time>
      </trkpt>
      <trkpt lat="30.635672" lon="104.150604">
        <time>2026-05-10T12:18:47Z</time>
      </trkpt>
      <trkpt lat="30.63565" lon="104.15067">
        <time>2026-05-10T12:18:48Z</time>
      </trkpt>
      <trkpt lat="30.635626" lon="104.15075">
        <time>2026-05-10T12:18:49Z</time>
      </trkpt>
      <trkpt lat="30.635605" lon="104.150826">
        <time>2026-05-10T12:18:50Z</time>
      </trkpt>
      <trkpt lat="30.63559" lon="104.150894">
        <time>2026-05-10T12:18:51Z</time>
      </trkpt>
      <trkpt lat="30.635576" lon="104.15097">
        <time>2026-05-10T12:18:52Z</time>
      </trkpt>
      <trkpt lat="30.635555" lon="104.15105">
        <time>2026-05-10T12:18:53Z</time>
      </trkpt>
      <trkpt lat="30.635534" lon="104.15112">
        <time>2026-05-10T12:18:54Z</time>
      </trkpt>
      <trkpt lat="30.63551" lon="104.15119">
        <time>2026-05-10T12:18:55Z</time>
      </trkpt>
      <trkpt lat="30.63549" lon="104.15126">
        <time>2026-05-10T12:18:56Z</time>
      </trkpt>
      <trkpt lat="30.635468" lon="104.15132">
        <time>2026-05-10T12:18:57Z</time>
      </trkpt>
      <trkpt lat="30.635443" lon="104.151375">
        <time>2026-05-10T12:18:58Z</time>
      </trkpt>
      <trkpt lat="30.635418" lon="104.151436">
        <time>2026-05-10T12:18:59Z</time>
      </trkpt>
      <trkpt lat="30.635395" lon="104.1515">
        <time>2026-05-10T12:19:00Z</time>
      </trkpt>
      <trkpt lat="30.635376" lon="104.15156">
        <time>2026-05-10T12:19:01Z</time>
      </trkpt>
      <trkpt lat="30.63536" lon="104.15161">
        <time>2026-05-10T12:19:02Z</time>
      </trkpt>
      <trkpt lat="30.63534" lon="104.15167">
        <time>2026-05-10T12:19:03Z</time>
      </trkpt>
      <trkpt lat="30.635323" lon="104.15172">
        <time>2026-05-10T12:19:04Z</time>
      </trkpt>
      <trkpt lat="30.635302" lon="104.151764">
        <time>2026-05-10T12:19:05Z</time>
      </trkpt>
      <trkpt lat="30.635283" lon="104.1518">
        <time>2026-05-10T12:19:06Z</time>
      </trkpt>
      <trkpt lat="30.635267" lon="104.15183">
        <time>2026-05-10T12:19:07Z</time>
      </trkpt>
      <trkpt lat="30.635252" lon="104.15186">
        <time>2026-05-10T12:19:08Z</time>
      </trkpt>
      <trkpt lat="30.635235" lon="104.15189">
        <time>2026-05-10T12:19:09Z</time>
      </trkpt>
      <trkpt lat="30.635214" lon="104.15193">
        <time>2026-05-10T12:19:10Z</time>
      </trkpt>
      <trkpt lat="30.635193" lon="104.15197">
        <time>2026-05-10T12:19:11Z</time>
      </trkpt>
      <trkpt lat="30.635172" lon="104.15201">
        <time>2026-05-10T12:19:12Z</time>
      </trkpt>
      <trkpt lat="30.635141" lon="104.15205">
        <time>2026-05-10T12:19:13Z</time>
      </trkpt>
      <trkpt lat="30.635122" lon="104.152084">
        <time>2026-05-10T12:19:14Z</time>
      </trkpt>
      <trkpt lat="30.635103" lon="104.152115">
        <time>2026-05-10T12:19:15Z</time>
      </trkpt>
      <trkpt lat="30.635082" lon="104.15215">
        <time>2026-05-10T12:19:16Z</time>
      </trkpt>
      <trkpt lat="30.635065" lon="104.15218">
        <time>2026-05-10T12:19:17Z</time>
      </trkpt>
      <trkpt lat="30.635052" lon="104.15222">
        <time>2026-05-10T12:19:18Z</time>
      </trkpt>
      <trkpt lat="30.635044" lon="104.15225">
        <time>2026-05-10T12:19:19Z</time>
      </trkpt>
      <trkpt lat="30.635036" lon="104.1523">
        <time>2026-05-10T12:19:20Z</time>
      </trkpt>
      <trkpt lat="30.63503" lon="104.15234">
        <time>2026-05-10T12:19:21Z</time>
      </trkpt>
      <trkpt lat="30.63502" lon="104.1524">
        <time>2026-05-10T12:19:22Z</time>
      </trkpt>
      <trkpt lat="30.635015" lon="104.15244">
        <time>2026-05-10T12:19:23Z</time>
      </trkpt>
      <trkpt lat="30.63501" lon="104.1525">
        <time>2026-05-10T12:19:24Z</time>
      </trkpt>
      <trkpt lat="30.635002" lon="104.15254">
        <time>2026-05-10T12:19:25Z</time>
      </trkpt>
      <trkpt lat="30.634993" lon="104.15259">
        <time>2026-05-10T12:19:26Z</time>
      </trkpt>
      <trkpt lat="30.634975" lon="104.15263">
        <time>2026-05-10T12:19:27Z</time>
      </trkpt>
      <trkpt lat="30.634953" lon="104.15267">
        <time>2026-05-10T12:19:28Z</time>
      </trkpt>
      <trkpt lat="30.634933" lon="104.15272">
        <time>2026-05-10T12:19:29Z</time>
      </trkpt>
      <trkpt lat="30.634912" lon="104.15276">
        <time>2026-05-10T12:19:30Z</time>
      </trkpt>
      <trkpt lat="30.63489" lon="104.1528">
        <time>2026-05-10T12:19:31Z</time>
      </trkpt>
      <trkpt lat="30.63487" lon="104.15284">
        <time>2026-05-10T12:19:32Z</time>
      </trkpt>
      <trkpt lat="30.634846" lon="104.152885">
        <time>2026-05-10T12:19:33Z</time>
      </trkpt>
      <trkpt lat="30.63482" lon="104.15293">
        <time>2026-05-10T12:19:34Z</time>
      </trkpt>
      <trkpt lat="30.634796" lon="104.15298">
        <time>2026-05-10T12:19:35Z</time>
      </trkpt>
      <trkpt lat="30.634775" lon="104.15302">
        <time>2026-05-10T12:19:36Z</time>
      </trkpt>
      <trkpt lat="30.634754" lon="104.15307">
        <time>2026-05-10T12:19:37Z</time>
      </trkpt>
      <trkpt lat="30.63473" lon="104.153114">
        <time>2026-05-10T12:19:38Z</time>
      </trkpt>
      <trkpt lat="30.634708" lon="104.15317">
        <time>2026-05-10T12:19:39Z</time>
      </trkpt>
      <trkpt lat="30.634686" lon="104.15322">
        <time>2026-05-10T12:19:40Z</time>
      </trkpt>
      <trkpt lat="30.63466" lon="104.153275">
        <time>2026-05-10T12:19:41Z</time>
      </trkpt>
      <trkpt lat="30.634642" lon="104.15333">
        <time>2026-05-10T12:19:42Z</time>
      </trkpt>
      <trkpt lat="30.634623" lon="104.15339">
        <time>2026-05-10T12:19:43Z</time>
      </trkpt>
      <trkpt lat="30.634598" lon="104.153435">
        <time>2026-05-10T12:19:44Z</time>
      </trkpt>
      <trkpt lat="30.63457" lon="104.153496">
        <time>2026-05-10T12:19:45Z</time>
      </trkpt>
      <trkpt lat="30.634544" lon="104.15355">
        <time>2026-05-10T12:19:46Z</time>
      </trkpt>
      <trkpt lat="30.634518" lon="104.1536">
        <time>2026-05-10T12:19:47Z</time>
      </trkpt>
      <trkpt lat="30.634487" lon="104.153656">
        <time>2026-05-10T12:19:48Z</time>
      </trkpt>
      <trkpt lat="30.634455" lon="104.15372">
        <time>2026-05-10T12:19:49Z</time>
      </trkpt>
      <trkpt lat="30.634424" lon="104.15377">
        <time>2026-05-10T12:19:50Z</time>
      </trkpt>
      <trkpt lat="30.6344" lon="104.153824">
        <time>2026-05-10T12:19:51Z</time>
      </trkpt>
      <trkpt lat="30.634377" lon="104.15388">
        <time>2026-05-10T12:19:52Z</time>
      </trkpt>
      <trkpt lat="30.634354" lon="104.15394">
        <time>2026-05-10T12:19:53Z</time>
      </trkpt>
      <trkpt lat="30.63433" lon="104.15399">
        <time>2026-05-10T12:19:54Z</time>
      </trkpt>
      <trkpt lat="30.634308" lon="104.154045">
        <time>2026-05-10T12:19:55Z</time>
      </trkpt>
      <trkpt lat="30.634287" lon="104.154106">
        <time>2026-05-10T12:19:56Z</time>
      </trkpt>
      <trkpt lat="30.634262" lon="104.15416">
        <time>2026-05-10T12:19:57Z</time>
      </trkpt>
      <trkpt lat="30.634237" lon="104.15421">
        <time>2026-05-10T12:19:58Z</time>
      </trkpt>
      <trkpt lat="30.634212" lon="104.154274">
        <time>2026-05-10T12:19:59Z</time>
      </trkpt>
      <trkpt lat="30.634192" lon="104.154335">
        <time>2026-05-10T12:20:00Z</time>
      </trkpt>
      <trkpt lat="30.634167" lon="104.154396">
        <time>2026-05-10T12:20:01Z</time>
      </trkpt>
      <trkpt lat="30.634146" lon="104.15446">
        <time>2026-05-10T12:20:02Z</time>
      </trkpt>
      <trkpt lat="30.63412" lon="104.15452">
        <time>2026-05-10T12:20:03Z</time>
      </trkpt>
      <trkpt lat="30.634096" lon="104.15458">
        <time>2026-05-10T12:20:04Z</time>
      </trkpt>
      <trkpt lat="30.63407" lon="104.15464">
        <time>2026-05-10T12:20:05Z</time>
      </trkpt>
      <trkpt lat="30.634045" lon="104.1547">
        <time>2026-05-10T12:20:06Z</time>
      </trkpt>
      <trkpt lat="30.63402" lon="104.15477">
        <time>2026-05-10T12:20:07Z</time>
      </trkpt>
      <trkpt lat="30.633995" lon="104.15484">
        <time>2026-05-10T12:20:08Z</time>
      </trkpt>
      <trkpt lat="30.63397" lon="104.15491">
        <time>2026-05-10T12:20:09Z</time>
      </trkpt>
      <trkpt lat="30.633947" lon="104.154976">
        <time>2026-05-10T12:20:10Z</time>
      </trkpt>
      <trkpt lat="30.633923" lon="104.15505">
        <time>2026-05-10T12:20:11Z</time>
      </trkpt>
      <trkpt lat="30.633896" lon="104.15513">
        <time>2026-05-10T12:20:12Z</time>
      </trkpt>
      <trkpt lat="30.63387" lon="104.155205">
        <time>2026-05-10T12:20:13Z</time>
      </trkpt>
      <trkpt lat="30.633842" lon="104.15528">
        <time>2026-05-10T12:20:14Z</time>
      </trkpt>
      <trkpt lat="30.633812" lon="104.15536">
        <time>2026-05-10T12:20:15Z</time>
      </trkpt>
      <trkpt lat="30.63378" lon="104.15544">
        <time>2026-05-10T12:20:16Z</time>
      </trkpt>
      <trkpt lat="30.633747" lon="104.155525">
        <time>2026-05-10T12:20:17Z</time>
      </trkpt>
      <trkpt lat="30.63371" lon="104.15561">
        <time>2026-05-10T12:20:18Z</time>
      </trkpt>
      <trkpt lat="30.633678" lon="104.15569">
        <time>2026-05-10T12:20:19Z</time>
      </trkpt>
      <trkpt lat="30.633644" lon="104.155785">
        <time>2026-05-10T12:20:20Z</time>
      </trkpt>
      <trkpt lat="30.63361" lon="104.15587">
        <time>2026-05-10T12:20:21Z</time>
      </trkpt>
      <trkpt lat="30.633577" lon="104.15596">
        <time>2026-05-10T12:20:22Z</time>
      </trkpt>
      <trkpt lat="30.633541" lon="104.15606">
        <time>2026-05-10T12:20:23Z</time>
      </trkpt>
      <trkpt lat="30.633507" lon="104.15615">
        <time>2026-05-10T12:20:24Z</time>
      </trkpt>
      <trkpt lat="30.63347" lon="104.15624">
        <time>2026-05-10T12:20:25Z</time>
      </trkpt>
      <trkpt lat="30.63343" lon="104.156334">
        <time>2026-05-10T12:20:26Z</time>
      </trkpt>
      <trkpt lat="30.63339" lon="104.15643">
        <time>2026-05-10T12:20:27Z</time>
      </trkpt>
      <trkpt lat="30.63335" lon="104.156525">
        <time>2026-05-10T12:20:28Z</time>
      </trkpt>
      <trkpt lat="30.63331" lon="104.15662">
        <time>2026-05-10T12:20:29Z</time>
      </trkpt>
      <trkpt lat="30.63327" lon="104.156715">
        <time>2026-05-10T12:20:30Z</time>
      </trkpt>
      <trkpt lat="30.633232" lon="104.156815">
        <time>2026-05-10T12:20:31Z</time>
      </trkpt>
      <trkpt lat="30.633192" lon="104.156906">
        <time>2026-05-10T12:20:32Z</time>
      </trkpt>
      <trkpt lat="30.633146" lon="104.157">
        <time>2026-05-10T12:20:33Z</time>
      </trkpt>
      <trkpt lat="30.633104" lon="104.1571">
        <time>2026-05-10T12:20:34Z</time>
      </trkpt>
      <trkpt lat="30.633064" lon="104.15719">
        <time>2026-05-10T12:20:35Z</time>
      </trkpt>
      <trkpt lat="30.633018" lon="104.15728">
        <time>2026-05-10T12:20:36Z</time>
      </trkpt>
      <trkpt lat="30.632978" lon="104.15737">
        <time>2026-05-10T12:20:37Z</time>
      </trkpt>
      <trkpt lat="30.632938" lon="104.15746">
        <time>2026-05-10T12:20:38Z</time>
      </trkpt>
      <trkpt lat="30.632904" lon="104.15755">
        <time>2026-05-10T12:20:39Z</time>
      </trkpt>
      <trkpt lat="30.632868" lon="104.15762">
        <time>2026-05-10T12:20:40Z</time>
      </trkpt>
      <trkpt lat="30.63284" lon="104.1577">
        <time>2026-05-10T12:20:41Z</time>
      </trkpt>
      <trkpt lat="30.63281" lon="104.15779">
        <time>2026-05-10T12:20:42Z</time>
      </trkpt>
      <trkpt lat="30.632786" lon="104.157875">
        <time>2026-05-10T12:20:43Z</time>
      </trkpt>
      <trkpt lat="30.63276" lon="104.15795">
        <time>2026-05-10T12:20:44Z</time>
      </trkpt>
      <trkpt lat="30.63273" lon="104.15803">
        <time>2026-05-10T12:20:45Z</time>
      </trkpt>
      <trkpt lat="30.632702" lon="104.1581">
        <time>2026-05-10T12:20:46Z</time>
      </trkpt>
      <trkpt lat="30.632675" lon="104.15816">
        <time>2026-05-10T12:20:47Z</time>
      </trkpt>
      <trkpt lat="30.632645" lon="104.15822">
        <time>2026-05-10T12:20:48Z</time>
      </trkpt>
      <trkpt lat="30.632608" lon="104.15827">
        <time>2026-05-10T12:20:49Z</time>
      </trkpt>
      <trkpt lat="30.632574" lon="104.15834">
        <time>2026-05-10T12:20:50Z</time>
      </trkpt>
      <trkpt lat="30.632534" lon="104.1584">
        <time>2026-05-10T12:20:51Z</time>
      </trkpt>
      <trkpt lat="30.632496" lon="104.15847">
        <time>2026-05-10T12:20:52Z</time>
      </trkpt>
      <trkpt lat="30.63246" lon="104.15854">
        <time>2026-05-10T12:20:53Z</time>
      </trkpt>
      <trkpt lat="30.632423" lon="104.15861">
        <time>2026-05-10T12:20:54Z</time>
      </trkpt>
      <trkpt lat="30.63239" lon="104.158676">
        <time>2026-05-10T12:20:55Z</time>
      </trkpt>
      <trkpt lat="30.632349" lon="104.15874">
        <time>2026-05-10T12:20:56Z</time>
      </trkpt>
      <trkpt lat="30.63231" lon="104.15879">
        <time>2026-05-10T12:20:57Z</time>
      </trkpt>
      <trkpt lat="30.632273" lon="104.15885">
        <time>2026-05-10T12:20:58Z</time>
      </trkpt>
      <trkpt lat="30.632236" lon="104.15891">
        <time>2026-05-10T12:20:59Z</time>
      </trkpt>
      <trkpt lat="30.632202" lon="104.15897">
        <time>2026-05-10T12:21:00Z</time>
      </trkpt>
      <trkpt lat="30.632168" lon="104.159035">
        <time>2026-05-10T12:21:01Z</time>
      </trkpt>
      <trkpt lat="30.632137" lon="104.1591">
        <time>2026-05-10T12:21:02Z</time>
      </trkpt>
      <trkpt lat="30.632103" lon="104.15917">
        <time>2026-05-10T12:21:03Z</time>
      </trkpt>
      <trkpt lat="30.632072" lon="104.15923">
        <time>2026-05-10T12:21:04Z</time>
      </trkpt>
      <trkpt lat="30.632042" lon="104.159294">
        <time>2026-05-10T12:21:05Z</time>
      </trkpt>
      <trkpt lat="30.632015" lon="104.15936">
        <time>2026-05-10T12:21:06Z</time>
      </trkpt>
      <trkpt lat="30.631989" lon="104.159424">
        <time>2026-05-10T12:21:07Z</time>
      </trkpt>
      <trkpt lat="30.63196" lon="104.15949">
        <time>2026-05-10T12:21:08Z</time>
      </trkpt>
      <trkpt lat="30.631931" lon="104.15955">
        <time>2026-05-10T12:21:09Z</time>
      </trkpt>
      <trkpt lat="30.6319" lon="104.159615">
        <time>2026-05-10T12:21:10Z</time>
      </trkpt>
      <trkpt lat="30.631868" lon="104.15968">
        <time>2026-05-10T12:21:11Z</time>
      </trkpt>
      <trkpt lat="30.631836" lon="104.159744">
        <time>2026-05-10T12:21:12Z</time>
      </trkpt>
      <trkpt lat="30.631804" lon="104.159805">
        <time>2026-05-10T12:21:13Z</time>
      </trkpt>
      <trkpt lat="30.631773" lon="104.15987">
        <time>2026-05-10T12:21:14Z</time>
      </trkpt>
      <trkpt lat="30.631742" lon="104.15993">
        <time>2026-05-10T12:21:15Z</time>
      </trkpt>
      <trkpt lat="30.63171" lon="104.15999">
        <time>2026-05-10T12:21:16Z</time>
      </trkpt>
      <trkpt lat="30.631678" lon="104.16005">
        <time>2026-05-10T12:21:17Z</time>
      </trkpt>
      <trkpt lat="30.631643" lon="104.1601">
        <time>2026-05-10T12:21:18Z</time>
      </trkpt>
      <trkpt lat="30.63161" lon="104.160164">
        <time>2026-05-10T12:21:19Z</time>
      </trkpt>
      <trkpt lat="30.631582" lon="104.160225">
        <time>2026-05-10T12:21:20Z</time>
      </trkpt>
      <trkpt lat="30.631552" lon="104.160286">
        <time>2026-05-10T12:21:21Z</time>
      </trkpt>
      <trkpt lat="30.631523" lon="104.16034">
        <time>2026-05-10T12:21:22Z</time>
      </trkpt>
      <trkpt lat="30.631495" lon="104.1604">
        <time>2026-05-10T12:21:23Z</time>
      </trkpt>
      <trkpt lat="30.631466" lon="104.16046">
        <time>2026-05-10T12:21:24Z</time>
      </trkpt>
      <trkpt lat="30.631437" lon="104.160515">
        <time>2026-05-10T12:21:25Z</time>
      </trkpt>
      <trkpt lat="30.631409" lon="104.160576">
        <time>2026-05-10T12:21:26Z</time>
      </trkpt>
      <trkpt lat="30.63138" lon="104.16064">
        <time>2026-05-10T12:21:27Z</time>
      </trkpt>
      <trkpt lat="30.631351" lon="104.16069">
        <time>2026-05-10T12:21:28Z</time>
      </trkpt>
      <trkpt lat="30.631323" lon="104.16075">
        <time>2026-05-10T12:21:29Z</time>
      </trkpt>
      <trkpt lat="30.631294" lon="104.160805">
        <time>2026-05-10T12:21:30Z</time>
      </trkpt>
      <trkpt lat="30.631266" lon="104.16086">
        <time>2026-05-10T12:21:31Z</time>
      </trkpt>
      <trkpt lat="30.631239" lon="104.16092">
        <time>2026-05-10T12:21:32Z</time>
      </trkpt>
      <trkpt lat="30.631212" lon="104.16098">
        <time>2026-05-10T12:21:33Z</time>
      </trkpt>
      <trkpt lat="30.631186" lon="104.16103">
        <time>2026-05-10T12:21:34Z</time>
      </trkpt>
      <trkpt lat="30.63116" lon="104.16109">
        <time>2026-05-10T12:21:35Z</time>
      </trkpt>
      <trkpt lat="30.631134" lon="104.16114">
        <time>2026-05-10T12:21:36Z</time>
      </trkpt>
      <trkpt lat="30.631104" lon="104.16119">
        <time>2026-05-10T12:21:37Z</time>
      </trkpt>
      <trkpt lat="30.631073" lon="104.16125">
        <time>2026-05-10T12:21:38Z</time>
      </trkpt>
      <trkpt lat="30.631052" lon="104.16131">
        <time>2026-05-10T12:21:39Z</time>
      </trkpt>
      <trkpt lat="30.63103" lon="104.161354">
        <time>2026-05-10T12:21:40Z</time>
      </trkpt>
      <trkpt lat="30.631006" lon="104.16141">
        <time>2026-05-10T12:21:41Z</time>
      </trkpt>
      <trkpt lat="30.630983" lon="104.16146">
        <time>2026-05-10T12:21:42Z</time>
      </trkpt>
      <trkpt lat="30.630964" lon="104.161514">
        <time>2026-05-10T12:21:43Z</time>
      </trkpt>
      <trkpt lat="30.63095" lon="104.16155">
        <time>2026-05-10T12:21:44Z</time>
      </trkpt>
      <trkpt lat="30.630938" lon="104.16159">
        <time>2026-05-10T12:21:45Z</time>
      </trkpt>
      <trkpt lat="30.630924" lon="104.16164">
        <time>2026-05-10T12:21:46Z</time>
      </trkpt>
      <trkpt lat="30.630903" lon="104.1617">
        <time>2026-05-10T12:21:47Z</time>
      </trkpt>
      <trkpt lat="30.630884" lon="104.16176">
        <time>2026-05-10T12:21:48Z</time>
      </trkpt>
      <trkpt lat="30.630869" lon="104.16181">
        <time>2026-05-10T12:21:49Z</time>
      </trkpt>
      <trkpt lat="30.630842" lon="104.16186">
        <time>2026-05-10T12:21:50Z</time>
      </trkpt>
      <trkpt lat="30.630817" lon="104.16191">
        <time>2026-05-10T12:21:51Z</time>
      </trkpt>
      <trkpt lat="30.630787" lon="104.16196">
        <time>2026-05-10T12:21:52Z</time>
      </trkpt>
      <trkpt lat="30.63076" lon="104.162">
        <time>2026-05-10T12:21:53Z</time>
      </trkpt>
      <trkpt lat="30.630732" lon="104.162056">
        <time>2026-05-10T12:21:54Z</time>
      </trkpt>
      <trkpt lat="30.630705" lon="104.1621">
        <time>2026-05-10T12:21:55Z</time>
      </trkpt>
      <trkpt lat="30.630676" lon="104.162155">
        <time>2026-05-10T12:21:56Z</time>
      </trkpt>
      <trkpt lat="30.630646" lon="104.16221">
        <time>2026-05-10T12:21:57Z</time>
      </trkpt>
      <trkpt lat="30.630621" lon="104.162254">
        <time>2026-05-10T12:21:58Z</time>
      </trkpt>
      <trkpt lat="30.630594" lon="104.16231">
        <time>2026-05-10T12:21:59Z</time>
      </trkpt>
      <trkpt lat="30.630564" lon="104.16235">
        <time>2026-05-10T12:22:00Z</time>
      </trkpt>
      <trkpt lat="30.630531" lon="104.1624">
        <time>2026-05-10T12:22:01Z</time>
      </trkpt>
      <trkpt lat="30.6305" lon="104.16245">
        <time>2026-05-10T12:22:02Z</time>
      </trkpt>
      <trkpt lat="30.630468" lon="104.1625">
        <time>2026-05-10T12:22:03Z</time>
      </trkpt>
      <trkpt lat="30.630438" lon="104.162544">
        <time>2026-05-10T12:22:04Z</time>
      </trkpt>
      <trkpt lat="30.630407" lon="104.16259">
        <time>2026-05-10T12:22:05Z</time>
      </trkpt>
      <trkpt lat="30.630373" lon="104.162636">
        <time>2026-05-10T12:22:06Z</time>
      </trkpt>
      <trkpt lat="30.630339" lon="104.16268">
        <time>2026-05-10T12:22:07Z</time>
      </trkpt>
      <trkpt lat="30.630308" lon="104.162735">
        <time>2026-05-10T12:22:08Z</time>
      </trkpt>
      <trkpt lat="30.630283" lon="104.16279">
        <time>2026-05-10T12:22:09Z</time>
      </trkpt>
      <trkpt lat="30.630253" lon="104.16284">
        <time>2026-05-10T12:22:10Z</time>
      </trkpt>
      <trkpt lat="30.63022" lon="104.162895">
        <time>2026-05-10T12:22:11Z</time>
      </trkpt>
      <trkpt lat="30.630188" lon="104.16295">
        <time>2026-05-10T12:22:12Z</time>
      </trkpt>
      <trkpt lat="30.630157" lon="104.163">
        <time>2026-05-10T12:22:13Z</time>
      </trkpt>
      <trkpt lat="30.63013" lon="104.163055">
        <time>2026-05-10T12:22:14Z</time>
      </trkpt>
      <trkpt lat="30.630112" lon="104.16312">
        <time>2026-05-10T12:22:15Z</time>
      </trkpt>
      <trkpt lat="30.63009" lon="104.16318">
        <time>2026-05-10T12:22:16Z</time>
      </trkpt>
      <trkpt lat="30.630074" lon="104.16324">
        <time>2026-05-10T12:22:17Z</time>
      </trkpt>
      <trkpt lat="30.630053" lon="104.16329">
        <time>2026-05-10T12:22:18Z</time>
      </trkpt>
      <trkpt lat="30.630026" lon="104.16335">
        <time>2026-05-10T12:22:19Z</time>
      </trkpt>
      <trkpt lat="30.629993" lon="104.16341">
        <time>2026-05-10T12:22:20Z</time>
      </trkpt>
      <trkpt lat="30.629963" lon="104.16346">
        <time>2026-05-10T12:22:21Z</time>
      </trkpt>
      <trkpt lat="30.629934" lon="104.16351">
        <time>2026-05-10T12:22:22Z</time>
      </trkpt>
      <trkpt lat="30.629908" lon="104.163574">
        <time>2026-05-10T12:22:23Z</time>
      </trkpt>
      <trkpt lat="30.62988" lon="104.16363">
        <time>2026-05-10T12:22:24Z</time>
      </trkpt>
      <trkpt lat="30.629854" lon="104.16368">
        <time>2026-05-10T12:22:25Z</time>
      </trkpt>
      <trkpt lat="30.629826" lon="104.16374">
        <time>2026-05-10T12:22:26Z</time>
      </trkpt>
      <trkpt lat="30.629797" lon="104.163795">
        <time>2026-05-10T12:22:27Z</time>
      </trkpt>
      <trkpt lat="30.62977" lon="104.16386">
        <time>2026-05-10T12:22:28Z</time>
      </trkpt>
      <trkpt lat="30.629745" lon="104.16391">
        <time>2026-05-10T12:22:29Z</time>
      </trkpt>
      <trkpt lat="30.62972" lon="104.16397">
        <time>2026-05-10T12:22:30Z</time>
      </trkpt>
      <trkpt lat="30.629696" lon="104.164024">
        <time>2026-05-10T12:22:31Z</time>
      </trkpt>
      <trkpt lat="30.629673" lon="104.16408">
        <time>2026-05-10T12:22:32Z</time>
      </trkpt>
      <trkpt lat="30.629652" lon="104.16413">
        <time>2026-05-10T12:22:33Z</time>
      </trkpt>
      <trkpt lat="30.629633" lon="104.164185">
        <time>2026-05-10T12:22:34Z</time>
      </trkpt>
      <trkpt lat="30.629612" lon="104.164246">
        <time>2026-05-10T12:22:35Z</time>
      </trkpt>
      <trkpt lat="30.629585" lon="104.1643">
        <time>2026-05-10T12:22:36Z</time>
      </trkpt>
      <trkpt lat="30.629559" lon="104.16435">
        <time>2026-05-10T12:22:37Z</time>
      </trkpt>
      <trkpt lat="30.629534" lon="104.164406">
        <time>2026-05-10T12:22:38Z</time>
      </trkpt>
      <trkpt lat="30.62951" lon="104.16446">
        <time>2026-05-10T12:22:39Z</time>
      </trkpt>
      <trkpt lat="30.62949" lon="104.16452">
        <time>2026-05-10T12:22:40Z</time>
      </trkpt>
      <trkpt lat="30.629469" lon="104.16458">
        <time>2026-05-10T12:22:41Z</time>
      </trkpt>
      <trkpt lat="30.629442" lon="104.164635">
        <time>2026-05-10T12:22:42Z</time>
      </trkpt>
      <trkpt lat="30.62941" lon="104.164696">
        <time>2026-05-10T12:22:43Z</time>
      </trkpt>
      <trkpt lat="30.629381" lon="104.16476">
        <time>2026-05-10T12:22:44Z</time>
      </trkpt>
      <trkpt lat="30.629353" lon="104.16481">
        <time>2026-05-10T12:22:45Z</time>
      </trkpt>
      <trkpt lat="30.629324" lon="104.16487">
        <time>2026-05-10T12:22:46Z</time>
      </trkpt>
      <trkpt lat="30.629297" lon="104.16493">
        <time>2026-05-10T12:22:47Z</time>
      </trkpt>
      <trkpt lat="30.629269" lon="104.16499">
        <time>2026-05-10T12:22:48Z</time>
      </trkpt>
      <trkpt lat="30.629238" lon="104.165054">
        <time>2026-05-10T12:22:49Z</time>
      </trkpt>
      <trkpt lat="30.629208" lon="104.165115">
        <time>2026-05-10T12:22:50Z</time>
      </trkpt>
      <trkpt lat="30.629173" lon="104.16518">
        <time>2026-05-10T12:22:51Z</time>
      </trkpt>
      <trkpt lat="30.62914" lon="104.16524">
        <time>2026-05-10T12:22:52Z</time>
      </trkpt>
      <trkpt lat="30.629107" lon="104.1653">
        <time>2026-05-10T12:22:53Z</time>
      </trkpt>
      <trkpt lat="30.629074" lon="104.16536">
        <time>2026-05-10T12:22:54Z</time>
      </trkpt>
      <trkpt lat="30.629044" lon="104.16542">
        <time>2026-05-10T12:22:55Z</time>
      </trkpt>
      <trkpt lat="30.62901" lon="104.16548">
        <time>2026-05-10T12:22:56Z</time>
      </trkpt>
      <trkpt lat="30.628979" lon="104.165535">
        <time>2026-05-10T12:22:57Z</time>
      </trkpt>
      <trkpt lat="30.628942" lon="104.16559">
        <time>2026-05-10T12:22:58Z</time>
      </trkpt>
      <trkpt lat="30.628906" lon="104.165634">
        <time>2026-05-10T12:22:59Z</time>
      </trkpt>
      <trkpt lat="30.62887" lon="104.16569">
        <time>2026-05-10T12:23:00Z</time>
      </trkpt>
      <trkpt lat="30.628832" lon="104.16574">
        <time>2026-05-10T12:23:01Z</time>
      </trkpt>
      <trkpt lat="30.628796" lon="104.1658">
        <time>2026-05-10T12:23:02Z</time>
      </trkpt>
      <trkpt lat="30.628761" lon="104.165855">
        <time>2026-05-10T12:23:03Z</time>
      </trkpt>
      <trkpt lat="30.628723" lon="104.16591">
        <time>2026-05-10T12:23:04Z</time>
      </trkpt>
      <trkpt lat="30.628685" lon="104.16596">
        <time>2026-05-10T12:23:05Z</time>
      </trkpt>
      <trkpt lat="30.628653" lon="104.16601">
        <time>2026-05-10T12:23:06Z</time>
      </trkpt>
      <trkpt lat="30.628626" lon="104.16605">
        <time>2026-05-10T12:23:07Z</time>
      </trkpt>
      <trkpt lat="30.628597" lon="104.1661">
        <time>2026-05-10T12:23:08Z</time>
      </trkpt>
      <trkpt lat="30.628567" lon="104.16615">
        <time>2026-05-10T12:23:09Z</time>
      </trkpt>
      <trkpt lat="30.628538" lon="104.16621">
        <time>2026-05-10T12:23:10Z</time>
      </trkpt>
      <trkpt lat="30.628508" lon="104.16626">
        <time>2026-05-10T12:23:11Z</time>
      </trkpt>
      <trkpt lat="30.628473" lon="104.16631">
        <time>2026-05-10T12:23:12Z</time>
      </trkpt>
      <trkpt lat="30.628443" lon="104.16636">
        <time>2026-05-10T12:23:13Z</time>
      </trkpt>
      <trkpt lat="30.628418" lon="104.166405">
        <time>2026-05-10T12:23:14Z</time>
      </trkpt>
      <trkpt lat="30.628393" lon="104.16646">
        <time>2026-05-10T12:23:15Z</time>
      </trkpt>
      <trkpt lat="30.628365" lon="104.16652">
        <time>2026-05-10T12:23:16Z</time>
      </trkpt>
      <trkpt lat="30.628336" lon="104.16657">
        <time>2026-05-10T12:23:17Z</time>
      </trkpt>
      <trkpt lat="30.628311" lon="104.16662">
        <time>2026-05-10T12:23:18Z</time>
      </trkpt>
      <trkpt lat="30.628292" lon="104.166664">
        <time>2026-05-10T12:23:19Z</time>
      </trkpt>
      <trkpt lat="30.628279" lon="104.16671">
        <time>2026-05-10T12:23:20Z</time>
      </trkpt>
      <trkpt lat="30.628256" lon="104.16679">
        <time>2026-05-10T12:23:21Z</time>
      </trkpt>
      <trkpt lat="30.628242" lon="104.166855">
        <time>2026-05-10T12:23:22Z</time>
      </trkpt>
      <trkpt lat="30.628223" lon="104.16692">
        <time>2026-05-10T12:23:23Z</time>
      </trkpt>
      <trkpt lat="30.628202" lon="104.166985">
        <time>2026-05-10T12:23:24Z</time>
      </trkpt>
      <trkpt lat="30.62818" lon="104.16704">
        <time>2026-05-10T12:23:25Z</time>
      </trkpt>
      <trkpt lat="30.62816" lon="104.16709">
        <time>2026-05-10T12:23:26Z</time>
      </trkpt>
      <trkpt lat="30.628141" lon="104.167145">
        <time>2026-05-10T12:23:27Z</time>
      </trkpt>
      <trkpt lat="30.628122" lon="104.167206">
        <time>2026-05-10T12:23:28Z</time>
      </trkpt>
      <trkpt lat="30.628103" lon="104.16726">
        <time>2026-05-10T12:23:29Z</time>
      </trkpt>
      <trkpt lat="30.628084" lon="104.16731">
        <time>2026-05-10T12:23:30Z</time>
      </trkpt>
      <trkpt lat="30.628065" lon="104.16737">
        <time>2026-05-10T12:23:31Z</time>
      </trkpt>
      <trkpt lat="30.628042" lon="104.16742">
        <time>2026-05-10T12:23:32Z</time>
      </trkpt>
      <trkpt lat="30.628017" lon="104.167465">
        <time>2026-05-10T12:23:33Z</time>
      </trkpt>
      <trkpt lat="30.627987" lon="104.16751">
        <time>2026-05-10T12:23:34Z</time>
      </trkpt>
      <trkpt lat="30.627956" lon="104.16756">
        <time>2026-05-10T12:23:35Z</time>
      </trkpt>
      <trkpt lat="30.627928" lon="104.1676">
        <time>2026-05-10T12:23:36Z</time>
      </trkpt>
      <trkpt lat="30.627901" lon="104.16764">
        <time>2026-05-10T12:23:37Z</time>
      </trkpt>
      <trkpt lat="30.627872" lon="104.16769">
        <time>2026-05-10T12:23:38Z</time>
      </trkpt>
      <trkpt lat="30.627848" lon="104.167725">
        <time>2026-05-10T12:23:39Z</time>
      </trkpt>
      <trkpt lat="30.627825" lon="104.16778">
        <time>2026-05-10T12:23:40Z</time>
      </trkpt>
      <trkpt lat="30.627806" lon="104.16783">
        <time>2026-05-10T12:23:41Z</time>
      </trkpt>
      <trkpt lat="30.62778" lon="104.167885">
        <time>2026-05-10T12:23:42Z</time>
      </trkpt>
      <trkpt lat="30.627754" lon="104.167946">
        <time>2026-05-10T12:23:43Z</time>
      </trkpt>
      <trkpt lat="30.627726" lon="104.168">
        <time>2026-05-10T12:23:44Z</time>
      </trkpt>
      <trkpt lat="30.6277" lon="104.168045">
        <time>2026-05-10T12:23:45Z</time>
      </trkpt>
      <trkpt lat="30.627687" lon="104.16809">
        <time>2026-05-10T12:23:46Z</time>
      </trkpt>
      <trkpt lat="30.62767" lon="104.16814">
        <time>2026-05-10T12:23:47Z</time>
      </trkpt>
      <trkpt lat="30.627655" lon="104.16818">
        <time>2026-05-10T12:23:48Z</time>
      </trkpt>
      <trkpt lat="30.627634" lon="104.16823">
        <time>2026-05-10T12:23:49Z</time>
      </trkpt>
      <trkpt lat="30.627604" lon="104.16828">
        <time>2026-05-10T12:23:50Z</time>
      </trkpt>
      <trkpt lat="30.627571" lon="104.16833">
        <time>2026-05-10T12:23:51Z</time>
      </trkpt>
      <trkpt lat="30.627533" lon="104.16837">
        <time>2026-05-10T12:23:52Z</time>
      </trkpt>
      <trkpt lat="30.6275" lon="104.16843">
        <time>2026-05-10T12:23:53Z</time>
      </trkpt>
      <trkpt lat="30.627462" lon="104.16847">
        <time>2026-05-10T12:23:54Z</time>
      </trkpt>
      <trkpt lat="30.627434" lon="104.16852">
        <time>2026-05-10T12:23:55Z</time>
      </trkpt>
      <trkpt lat="30.62741" lon="104.16858">
        <time>2026-05-10T12:23:56Z</time>
      </trkpt>
      <trkpt lat="30.627388" lon="104.16863">
        <time>2026-05-10T12:23:57Z</time>
      </trkpt>
      <trkpt lat="30.627365" lon="104.168686">
        <time>2026-05-10T12:23:58Z</time>
      </trkpt>
      <trkpt lat="30.627338" lon="104.16874">
        <time>2026-05-10T12:23:59Z</time>
      </trkpt>
      <trkpt lat="30.627314" lon="104.16879">
        <time>2026-05-10T12:24:00Z</time>
      </trkpt>
      <trkpt lat="30.627287" lon="104.16884">
        <time>2026-05-10T12:24:01Z</time>
      </trkpt>
      <trkpt lat="30.627258" lon="104.16889">
        <time>2026-05-10T12:24:02Z</time>
      </trkpt>
      <trkpt lat="30.627234" lon="104.168945">
        <time>2026-05-10T12:24:03Z</time>
      </trkpt>
      <trkpt lat="30.627207" lon="104.16899">
        <time>2026-05-10T12:24:04Z</time>
      </trkpt>
      <trkpt lat="30.62718" lon="104.16904">
        <time>2026-05-10T12:24:05Z</time>
      </trkpt>
      <trkpt lat="30.62715" lon="104.16909">
        <time>2026-05-10T12:24:06Z</time>
      </trkpt>
      <trkpt lat="30.627123" lon="104.16914">
        <time>2026-05-10T12:24:07Z</time>
      </trkpt>
      <trkpt lat="30.627094" lon="104.16919">
        <time>2026-05-10T12:24:08Z</time>
      </trkpt>
      <trkpt lat="30.627068" lon="104.16924">
        <time>2026-05-10T12:24:09Z</time>
      </trkpt>
      <trkpt lat="30.62704" lon="104.1693">
        <time>2026-05-10T12:24:10Z</time>
      </trkpt>
      <trkpt lat="30.627014" lon="104.16935">
        <time>2026-05-10T12:24:11Z</time>
      </trkpt>
      <trkpt lat="30.626986" lon="104.1694">
        <time>2026-05-10T12:24:12Z</time>
      </trkpt>
      <trkpt lat="30.626959" lon="104.16946">
        <time>2026-05-10T12:24:13Z</time>
      </trkpt>
      <trkpt lat="30.626934" lon="104.16951">
        <time>2026-05-10T12:24:14Z</time>
      </trkpt>
      <trkpt lat="30.62691" lon="104.16956">
        <time>2026-05-10T12:24:15Z</time>
      </trkpt>
      <trkpt lat="30.62688" lon="104.16962">
        <time>2026-05-10T12:24:16Z</time>
      </trkpt>
      <trkpt lat="30.626854" lon="104.16967">
        <time>2026-05-10T12:24:17Z</time>
      </trkpt>
      <trkpt lat="30.626827" lon="104.16972">
        <time>2026-05-10T12:24:18Z</time>
      </trkpt>
      <trkpt lat="30.6268" lon="104.16978">
        <time>2026-05-10T12:24:19Z</time>
      </trkpt>
      <trkpt lat="30.626776" lon="104.16983">
        <time>2026-05-10T12:24:20Z</time>
      </trkpt>
      <trkpt lat="30.626749" lon="104.16988">
        <time>2026-05-10T12:24:21Z</time>
      </trkpt>
      <trkpt lat="30.62672" lon="104.16994">
        <time>2026-05-10T12:24:22Z</time>
      </trkpt>
      <trkpt lat="30.62669" lon="104.16998">
        <time>2026-05-10T12:24:23Z</time>
      </trkpt>
      <trkpt lat="30.626657" lon="104.17004">
        <time>2026-05-10T12:24:24Z</time>
      </trkpt>
      <trkpt lat="30.626625" lon="104.17008">
        <time>2026-05-10T12:24:25Z</time>
      </trkpt>
      <trkpt lat="30.626595" lon="104.17013">
        <time>2026-05-10T12:24:26Z</time>
      </trkpt>
      <trkpt lat="30.626566" lon="104.17018">
        <time>2026-05-10T12:24:27Z</time>
      </trkpt>
      <trkpt lat="30.626541" lon="104.170235">
        <time>2026-05-10T12:24:28Z</time>
      </trkpt>
      <trkpt lat="30.626518" lon="104.17029">
        <time>2026-05-10T12:24:29Z</time>
      </trkpt>
      <trkpt lat="30.626493" lon="104.17034">
        <time>2026-05-10T12:24:30Z</time>
      </trkpt>
      <trkpt lat="30.626469" lon="104.170395">
        <time>2026-05-10T12:24:31Z</time>
      </trkpt>
      <trkpt lat="30.626446" lon="104.170456">
        <time>2026-05-10T12:24:32Z</time>
      </trkpt>
      <trkpt lat="30.626425" lon="104.17051">
        <time>2026-05-10T12:24:33Z</time>
      </trkpt>
      <trkpt lat="30.62641" lon="104.17056">
        <time>2026-05-10T12:24:34Z</time>
      </trkpt>
      <trkpt lat="30.626394" lon="104.17062">
        <time>2026-05-10T12:24:35Z</time>
      </trkpt>
      <trkpt lat="30.626377" lon="104.17068">
        <time>2026-05-10T12:24:36Z</time>
      </trkpt>
      <trkpt lat="30.626356" lon="104.17074">
        <time>2026-05-10T12:24:37Z</time>
      </trkpt>
      <trkpt lat="30.626333" lon="104.17079">
        <time>2026-05-10T12:24:38Z</time>
      </trkpt>
      <trkpt lat="30.62631" lon="104.170845">
        <time>2026-05-10T12:24:39Z</time>
      </trkpt>
      <trkpt lat="30.626287" lon="104.1709">
        <time>2026-05-10T12:24:40Z</time>
      </trkpt>
      <trkpt lat="30.62626" lon="104.17096">
        <time>2026-05-10T12:24:41Z</time>
      </trkpt>
      <trkpt lat="30.626234" lon="104.17101">
        <time>2026-05-10T12:24:42Z</time>
      </trkpt>
      <trkpt lat="30.626211" lon="104.171074">
        <time>2026-05-10T12:24:43Z</time>
      </trkpt>
      <trkpt lat="30.62619" lon="104.17114">
        <time>2026-05-10T12:24:44Z</time>
      </trkpt>
      <trkpt lat="30.62617" lon="104.1712">
        <time>2026-05-10T12:24:45Z</time>
      </trkpt>
      <trkpt lat="30.62615" lon="104.17127">
        <time>2026-05-10T12:24:46Z</time>
      </trkpt>
      <trkpt lat="30.62613" lon="104.17133">
        <time>2026-05-10T12:24:47Z</time>
      </trkpt>
      <trkpt lat="30.626112" lon="104.1714">
        <time>2026-05-10T12:24:48Z</time>
      </trkpt>
      <trkpt lat="30.626091" lon="104.17147">
        <time>2026-05-10T12:24:49Z</time>
      </trkpt>
      <trkpt lat="30.62607" lon="104.17154">
        <time>2026-05-10T12:24:50Z</time>
      </trkpt>
      <trkpt lat="30.626049" lon="104.17161">
        <time>2026-05-10T12:24:51Z</time>
      </trkpt>
      <trkpt lat="30.626026" lon="104.17168">
        <time>2026-05-10T12:24:52Z</time>
      </trkpt>
      <trkpt lat="30.626005" lon="104.171745">
        <time>2026-05-10T12:24:53Z</time>
      </trkpt>
      <trkpt lat="30.625986" lon="104.17182">
        <time>2026-05-10T12:24:54Z</time>
      </trkpt>
      <trkpt lat="30.625963" lon="104.17189">
        <time>2026-05-10T12:24:55Z</time>
      </trkpt>
      <trkpt lat="30.625944" lon="104.17197">
        <time>2026-05-10T12:24:56Z</time>
      </trkpt>
      <trkpt lat="30.62592" lon="104.17204">
        <time>2026-05-10T12:24:57Z</time>
      </trkpt>
      <trkpt lat="30.625896" lon="104.17213">
        <time>2026-05-10T12:24:58Z</time>
      </trkpt>
      <trkpt lat="30.625872" lon="104.1722">
        <time>2026-05-10T12:24:59Z</time>
      </trkpt>
      <trkpt lat="30.625843" lon="104.17229">
        <time>2026-05-10T12:25:00Z</time>
      </trkpt>
      <trkpt lat="30.625816" lon="104.17236">
        <time>2026-05-10T12:25:01Z</time>
      </trkpt>
      <trkpt lat="30.625788" lon="104.17244">
        <time>2026-05-10T12:25:02Z</time>
      </trkpt>
      <trkpt lat="30.62576" lon="104.172516">
        <time>2026-05-10T12:25:03Z</time>
      </trkpt>
      <trkpt lat="30.625732" lon="104.172585">
        <time>2026-05-10T12:25:04Z</time>
      </trkpt>
      <trkpt lat="30.625702" lon="104.17266">
        <time>2026-05-10T12:25:05Z</time>
      </trkpt>
      <trkpt lat="30.625677" lon="104.17274">
        <time>2026-05-10T12:25:06Z</time>
      </trkpt>
      <trkpt lat="30.625652" lon="104.172806">
        <time>2026-05-10T12:25:07Z</time>
      </trkpt>
      <trkpt lat="30.625624" lon="104.17288">
        <time>2026-05-10T12:25:08Z</time>
      </trkpt>
      <trkpt lat="30.625593" lon="104.17296">
        <time>2026-05-10T12:25:09Z</time>
      </trkpt>
      <trkpt lat="30.625566" lon="104.173035">
        <time>2026-05-10T12:25:10Z</time>
      </trkpt>
      <trkpt lat="30.625544" lon="104.17312">
        <time>2026-05-10T12:25:11Z</time>
      </trkpt>
      <trkpt lat="30.625517" lon="104.173195">
        <time>2026-05-10T12:25:12Z</time>
      </trkpt>
      <trkpt lat="30.62549" lon="104.17328">
        <time>2026-05-10T12:25:13Z</time>
      </trkpt>
      <trkpt lat="30.625465" lon="104.173355">
        <time>2026-05-10T12:25:14Z</time>
      </trkpt>
      <trkpt lat="30.62544" lon="104.17343">
        <time>2026-05-10T12:25:15Z</time>
      </trkpt>
      <trkpt lat="30.625412" lon="104.173515">
        <time>2026-05-10T12:25:16Z</time>
      </trkpt>
      <trkpt lat="30.625383" lon="104.173584">
        <time>2026-05-10T12:25:17Z</time>
      </trkpt>
      <trkpt lat="30.625355" lon="104.17366">
        <time>2026-05-10T12:25:18Z</time>
      </trkpt>
      <trkpt lat="30.625328" lon="104.17374">
        <time>2026-05-10T12:25:19Z</time>
      </trkpt>
      <trkpt lat="30.6253" lon="104.17381">
        <time>2026-05-10T12:25:20Z</time>
      </trkpt>
      <trkpt lat="30.625273" lon="104.17388">
        <time>2026-05-10T12:25:21Z</time>
      </trkpt>
      <trkpt lat="30.625248" lon="104.17395">
        <time>2026-05-10T12:25:22Z</time>
      </trkpt>
      <trkpt lat="30.62522" lon="104.17402">
        <time>2026-05-10T12:25:23Z</time>
      </trkpt>
      <trkpt lat="30.62519" lon="104.17409">
        <time>2026-05-10T12:25:24Z</time>
      </trkpt>
      <trkpt lat="30.625164" lon="104.17416">
        <time>2026-05-10T12:25:25Z</time>
      </trkpt>
      <trkpt lat="30.625135" lon="104.17423">
        <time>2026-05-10T12:25:26Z</time>
      </trkpt>
      <trkpt lat="30.625109" lon="104.1743">
        <time>2026-05-10T12:25:27Z</time>
      </trkpt>
      <trkpt lat="30.625082" lon="104.17438">
        <time>2026-05-10T12:25:28Z</time>
      </trkpt>
      <trkpt lat="30.625055" lon="104.174446">
        <time>2026-05-10T12:25:29Z</time>
      </trkpt>
      <trkpt lat="30.625027" lon="104.174515">
        <time>2026-05-10T12:25:30Z</time>
      </trkpt>
      <trkpt lat="30.624994" lon="104.174576">
        <time>2026-05-10T12:25:31Z</time>
      </trkpt>
      <trkpt lat="30.624966" lon="104.17465">
        <time>2026-05-10T12:25:32Z</time>
      </trkpt>
      <trkpt lat="30.62494" lon="104.17472">
        <time>2026-05-10T12:25:33Z</time>
      </trkpt>
      <trkpt lat="30.624914" lon="104.17479">
        <time>2026-05-10T12:25:34Z</time>
      </trkpt>
      <trkpt lat="30.624887" lon="104.17486">
        <time>2026-05-10T12:25:35Z</time>
      </trkpt>
      <trkpt lat="30.62486" lon="104.174934">
        <time>2026-05-10T12:25:36Z</time>
      </trkpt>
      <trkpt lat="30.624836" lon="104.17501">
        <time>2026-05-10T12:25:37Z</time>
      </trkpt>
      <trkpt lat="30.624813" lon="104.17509">
        <time>2026-05-10T12:25:38Z</time>
      </trkpt>
      <trkpt lat="30.62479" lon="104.175156">
        <time>2026-05-10T12:25:39Z</time>
      </trkpt>
      <trkpt lat="30.624763" lon="104.17523">
        <time>2026-05-10T12:25:40Z</time>
      </trkpt>
      <trkpt lat="30.624737" lon="104.1753">
        <time>2026-05-10T12:25:41Z</time>
      </trkpt>
      <trkpt lat="30.62471" lon="104.17538">
        <time>2026-05-10T12:25:42Z</time>
      </trkpt>
      <trkpt lat="30.624685" lon="104.175446">
        <time>2026-05-10T12:25:43Z</time>
      </trkpt>
      <trkpt lat="30.624659" lon="104.175514">
        <time>2026-05-10T12:25:44Z</time>
      </trkpt>
      <trkpt lat="30.624636" lon="104.17559">
        <time>2026-05-10T12:25:45Z</time>
      </trkpt>
      <trkpt lat="30.62461" lon="104.17566">
        <time>2026-05-10T12:25:46Z</time>
      </trkpt>
      <trkpt lat="30.624584" lon="104.175735">
        <time>2026-05-10T12:25:47Z</time>
      </trkpt>
      <trkpt lat="30.624557" lon="104.175804">
        <time>2026-05-10T12:25:48Z</time>
      </trkpt>
      <trkpt lat="30.624533" lon="104.17588">
        <time>2026-05-10T12:25:49Z</time>
      </trkpt>
      <trkpt lat="30.624506" lon="104.17595">
        <time>2026-05-10T12:25:50Z</time>
      </trkpt>
      <trkpt lat="30.624483" lon="104.17602">
        <time>2026-05-10T12:25:51Z</time>
      </trkpt>
      <trkpt lat="30.62446" lon="104.17609">
        <time>2026-05-10T12:25:52Z</time>
      </trkpt>
      <trkpt lat="30.62444" lon="104.176155">
        <time>2026-05-10T12:25:53Z</time>
      </trkpt>
      <trkpt lat="30.624413" lon="104.17623">
        <time>2026-05-10T12:25:54Z</time>
      </trkpt>
      <trkpt lat="30.624386" lon="104.1763">
        <time>2026-05-10T12:25:55Z</time>
      </trkpt>
      <trkpt lat="30.62436" lon="104.17637">
        <time>2026-05-10T12:25:56Z</time>
      </trkpt>
      <trkpt lat="30.624334" lon="104.17644">
        <time>2026-05-10T12:25:57Z</time>
      </trkpt>
      <trkpt lat="30.624311" lon="104.176506">
        <time>2026-05-10T12:25:58Z</time>
      </trkpt>
      <trkpt lat="30.624289" lon="104.176575">
        <time>2026-05-10T12:25:59Z</time>
      </trkpt>
      <trkpt lat="30.624266" lon="104.17664">
        <time>2026-05-10T12:26:00Z</time>
      </trkpt>
      <trkpt lat="30.624243" lon="104.17672">
        <time>2026-05-10T12:26:01Z</time>
      </trkpt>
      <trkpt lat="30.624218" lon="104.17679">
        <time>2026-05-10T12:26:02Z</time>
      </trkpt>
      <trkpt lat="30.624193" lon="104.17686">
        <time>2026-05-10T12:26:03Z</time>
      </trkpt>
      <trkpt lat="30.624168" lon="104.176926">
        <time>2026-05-10T12:26:04Z</time>
      </trkpt>
      <trkpt lat="30.62414" lon="104.176994">
        <time>2026-05-10T12:26:05Z</time>
      </trkpt>
      <trkpt lat="30.624111" lon="104.17706">
        <time>2026-05-10T12:26:06Z</time>
      </trkpt>
      <trkpt lat="30.624086" lon="104.17714">
        <time>2026-05-10T12:26:07Z</time>
      </trkpt>
      <trkpt lat="30.62406" lon="104.177216">
        <time>2026-05-10T12:26:08Z</time>
      </trkpt>
      <trkpt lat="30.624033" lon="104.17729">
        <time>2026-05-10T12:26:09Z</time>
      </trkpt>
      <trkpt lat="30.624008" lon="104.17736">
        <time>2026-05-10T12:26:10Z</time>
      </trkpt>
      <trkpt lat="30.623983" lon="104.17744">
        <time>2026-05-10T12:26:11Z</time>
      </trkpt>
      <trkpt lat="30.623959" lon="104.17751">
        <time>2026-05-10T12:26:12Z</time>
      </trkpt>
      <trkpt lat="30.623936" lon="104.17758">
        <time>2026-05-10T12:26:13Z</time>
      </trkpt>
      <trkpt lat="30.623907" lon="104.17766">
        <time>2026-05-10T12:26:14Z</time>
      </trkpt>
      <trkpt lat="30.623877" lon="104.17773">
        <time>2026-05-10T12:26:15Z</time>
      </trkpt>
      <trkpt lat="30.62385" lon="104.1778">
        <time>2026-05-10T12:26:16Z</time>
      </trkpt>
      <trkpt lat="30.623829" lon="104.17787">
        <time>2026-05-10T12:26:17Z</time>
      </trkpt>
      <trkpt lat="30.623804" lon="104.17795">
        <time>2026-05-10T12:26:18Z</time>
      </trkpt>
      <trkpt lat="30.623777" lon="104.17802">
        <time>2026-05-10T12:26:19Z</time>
      </trkpt>
      <trkpt lat="30.623753" lon="104.178085">
        <time>2026-05-10T12:26:20Z</time>
      </trkpt>
      <trkpt lat="30.623728" lon="104.178154">
        <time>2026-05-10T12:26:21Z</time>
      </trkpt>
      <trkpt lat="30.623701" lon="104.17822">
        <time>2026-05-10T12:26:22Z</time>
      </trkpt>
      <trkpt lat="30.623676" lon="104.17829">
        <time>2026-05-10T12:26:23Z</time>
      </trkpt>
      <trkpt lat="30.623653" lon="104.17835">
        <time>2026-05-10T12:26:24Z</time>
      </trkpt>
      <trkpt lat="30.62363" lon="104.17841">
        <time>2026-05-10T12:26:25Z</time>
      </trkpt>
      <trkpt lat="30.623608" lon="104.17848">
        <time>2026-05-10T12:26:26Z</time>
      </trkpt>
      <trkpt lat="30.623585" lon="104.17854">
        <time>2026-05-10T12:26:27Z</time>
      </trkpt>
      <trkpt lat="30.623564" lon="104.178604">
        <time>2026-05-10T12:26:28Z</time>
      </trkpt>
      <trkpt lat="30.62354" lon="104.178665">
        <time>2026-05-10T12:26:29Z</time>
      </trkpt>
      <trkpt lat="30.623522" lon="104.17873">
        <time>2026-05-10T12:26:30Z</time>
      </trkpt>
      <trkpt lat="30.6235" lon="104.17878">
        <time>2026-05-10T12:26:31Z</time>
      </trkpt>
      <trkpt lat="30.62348" lon="104.17883">
        <time>2026-05-10T12:26:32Z</time>
      </trkpt>
      <trkpt lat="30.62346" lon="104.178894">
        <time>2026-05-10T12:26:33Z</time>
      </trkpt>
      <trkpt lat="30.62344" lon="104.17895">
        <time>2026-05-10T12:26:34Z</time>
      </trkpt>
      <trkpt lat="30.62342" lon="104.17899">
        <time>2026-05-10T12:26:35Z</time>
      </trkpt>
      <trkpt lat="30.623404" lon="104.17905">
        <time>2026-05-10T12:26:36Z</time>
      </trkpt>
      <trkpt lat="30.623383" lon="104.1791">
        <time>2026-05-10T12:26:37Z</time>
      </trkpt>
      <trkpt lat="30.623367" lon="104.179146">
        <time>2026-05-10T12:26:38Z</time>
      </trkpt>
      <trkpt lat="30.62335" lon="104.17919">
        <time>2026-05-10T12:26:39Z</time>
      </trkpt>
      <trkpt lat="30.623333" lon="104.179245">
        <time>2026-05-10T12:26:40Z</time>
      </trkpt>
      <trkpt lat="30.623316" lon="104.17929">
        <time>2026-05-10T12:26:41Z</time>
      </trkpt>
      <trkpt lat="30.623299" lon="104.17934">
        <time>2026-05-10T12:26:42Z</time>
      </trkpt>
      <trkpt lat="30.623281" lon="104.179375">
        <time>2026-05-10T12:26:43Z</time>
      </trkpt>
      <trkpt lat="30.623262" lon="104.17943">
        <time>2026-05-10T12:26:44Z</time>
      </trkpt>
      <trkpt lat="30.623245" lon="104.17948">
        <time>2026-05-10T12:26:45Z</time>
      </trkpt>
      <trkpt lat="30.623226" lon="104.179535">
        <time>2026-05-10T12:26:46Z</time>
      </trkpt>
      <trkpt lat="30.623209" lon="104.179596">
        <time>2026-05-10T12:26:47Z</time>
      </trkpt>
      <trkpt lat="30.62318" lon="104.17967">
        <time>2026-05-10T12:26:48Z</time>
      </trkpt>
      <trkpt lat="30.623154" lon="104.17974">
        <time>2026-05-10T12:26:49Z</time>
      </trkpt>
      <trkpt lat="30.623129" lon="104.17981">
        <time>2026-05-10T12:26:50Z</time>
      </trkpt>
      <trkpt lat="30.623102" lon="104.17989">
        <time>2026-05-10T12:26:51Z</time>
      </trkpt>
      <trkpt lat="30.623077" lon="104.17996">
        <time>2026-05-10T12:26:52Z</time>
      </trkpt>
      <trkpt lat="30.623053" lon="104.18004">
        <time>2026-05-10T12:26:53Z</time>
      </trkpt>
      <trkpt lat="30.623026" lon="104.180115">
        <time>2026-05-10T12:26:54Z</time>
      </trkpt>
      <trkpt lat="30.623" lon="104.18018">
        <time>2026-05-10T12:26:55Z</time>
      </trkpt>
      <trkpt lat="30.622969" lon="104.18027">
        <time>2026-05-10T12:26:56Z</time>
      </trkpt>
      <trkpt lat="30.622944" lon="104.18034">
        <time>2026-05-10T12:26:57Z</time>
      </trkpt>
      <trkpt lat="30.622915" lon="104.18043">
        <time>2026-05-10T12:26:58Z</time>
      </trkpt>
      <trkpt lat="30.622883" lon="104.18051">
        <time>2026-05-10T12:26:59Z</time>
      </trkpt>
      <trkpt lat="30.622854" lon="104.180595">
        <time>2026-05-10T12:27:00Z</time>
      </trkpt>
      <trkpt lat="30.622828" lon="104.18067">
        <time>2026-05-10T12:27:01Z</time>
      </trkpt>
      <trkpt lat="30.622803" lon="104.18075">
        <time>2026-05-10T12:27:02Z</time>
      </trkpt>
      <trkpt lat="30.622774" lon="104.18083">
        <time>2026-05-10T12:27:03Z</time>
      </trkpt>
      <trkpt lat="30.622742" lon="104.18091">
        <time>2026-05-10T12:27:04Z</time>
      </trkpt>
      <trkpt lat="30.62271" lon="104.180984">
        <time>2026-05-10T12:27:05Z</time>
      </trkpt>
      <trkpt lat="30.622677" lon="104.18107">
        <time>2026-05-10T12:27:06Z</time>
      </trkpt>
      <trkpt lat="30.622643" lon="104.18115">
        <time>2026-05-10T12:27:07Z</time>
      </trkpt>
      <trkpt lat="30.622612" lon="104.181244">
        <time>2026-05-10T12:27:08Z</time>
      </trkpt>
      <trkpt lat="30.62258" lon="104.18133">
        <time>2026-05-10T12:27:09Z</time>
      </trkpt>
      <trkpt lat="30.62255" lon="104.18141">
        <time>2026-05-10T12:27:10Z</time>
      </trkpt>
      <trkpt lat="30.62252" lon="104.18149">
        <time>2026-05-10T12:27:11Z</time>
      </trkpt>
      <trkpt lat="30.622496" lon="104.18158">
        <time>2026-05-10T12:27:12Z</time>
      </trkpt>
      <trkpt lat="30.622463" lon="104.18166">
        <time>2026-05-10T12:27:13Z</time>
      </trkpt>
      <trkpt lat="30.622437" lon="104.18175">
        <time>2026-05-10T12:27:14Z</time>
      </trkpt>
      <trkpt lat="30.622417" lon="104.18183">
        <time>2026-05-10T12:27:15Z</time>
      </trkpt>
      <trkpt lat="30.622393" lon="104.18191">
        <time>2026-05-10T12:27:16Z</time>
      </trkpt>
      <trkpt lat="30.62237" lon="104.18199">
        <time>2026-05-10T12:27:17Z</time>
      </trkpt>
      <trkpt lat="30.622353" lon="104.18207">
        <time>2026-05-10T12:27:18Z</time>
      </trkpt>
      <trkpt lat="30.622328" lon="104.18215">
        <time>2026-05-10T12:27:19Z</time>
      </trkpt>
      <trkpt lat="30.622307" lon="104.18223">
        <time>2026-05-10T12:27:20Z</time>
      </trkpt>
      <trkpt lat="30.622278" lon="104.182304">
        <time>2026-05-10T12:27:21Z</time>
      </trkpt>
      <trkpt lat="30.622246" lon="104.18238">
        <time>2026-05-10T12:27:22Z</time>
      </trkpt>
      <trkpt lat="30.62222" lon="104.18246">
        <time>2026-05-10T12:27:23Z</time>
      </trkpt>
      <trkpt lat="30.622196" lon="104.18253">
        <time>2026-05-10T12:27:24Z</time>
      </trkpt>
      <trkpt lat="30.622179" lon="104.18262">
        <time>2026-05-10T12:27:25Z</time>
      </trkpt>
      <trkpt lat="30.62216" lon="104.18269">
        <time>2026-05-10T12:27:26Z</time>
      </trkpt>
      <trkpt lat="30.62214" lon="104.18277">
        <time>2026-05-10T12:27:27Z</time>
      </trkpt>
      <trkpt lat="30.622124" lon="104.18285">
        <time>2026-05-10T12:27:28Z</time>
      </trkpt>
      <trkpt lat="30.622103" lon="104.18293">
        <time>2026-05-10T12:27:29Z</time>
      </trkpt>
      <trkpt lat="30.622086" lon="104.18301">
        <time>2026-05-10T12:27:30Z</time>
      </trkpt>
      <trkpt lat="30.622068" lon="104.18309">
        <time>2026-05-10T12:27:31Z</time>
      </trkpt>
      <trkpt lat="30.622047" lon="104.18317">
        <time>2026-05-10T12:27:32Z</time>
      </trkpt>
      <trkpt lat="30.622028" lon="104.18324">
        <time>2026-05-10T12:27:33Z</time>
      </trkpt>
      <trkpt lat="30.62201" lon="104.18332">
        <time>2026-05-10T12:27:34Z</time>
      </trkpt>
      <trkpt lat="30.621988" lon="104.1834">
        <time>2026-05-10T12:27:35Z</time>
      </trkpt>
      <trkpt lat="30.621967" lon="104.18348">
        <time>2026-05-10T12:27:36Z</time>
      </trkpt>
      <trkpt lat="30.621946" lon="104.183556">
        <time>2026-05-10T12:27:37Z</time>
      </trkpt>
      <trkpt lat="30.621925" lon="104.18363">
        <time>2026-05-10T12:27:38Z</time>
      </trkpt>
      <trkpt lat="30.621902" lon="104.18371">
        <time>2026-05-10T12:27:39Z</time>
      </trkpt>
      <trkpt lat="30.621883" lon="104.183784">
        <time>2026-05-10T12:27:40Z</time>
      </trkpt>
      <trkpt lat="30.621866" lon="104.18386">
        <time>2026-05-10T12:27:41Z</time>
      </trkpt>
      <trkpt lat="30.62185" lon="104.183945">
        <time>2026-05-10T12:27:42Z</time>
      </trkpt>
      <trkpt lat="30.621832" lon="104.18402">
        <time>2026-05-10T12:27:43Z</time>
      </trkpt>
      <trkpt lat="30.62181" lon="104.1841">
        <time>2026-05-10T12:27:44Z</time>
      </trkpt>
      <trkpt lat="30.621792" lon="104.18417">
        <time>2026-05-10T12:27:45Z</time>
      </trkpt>
      <trkpt lat="30.62177" lon="104.18426">
        <time>2026-05-10T12:27:46Z</time>
      </trkpt>
      <trkpt lat="30.621754" lon="104.18433">
        <time>2026-05-10T12:27:47Z</time>
      </trkpt>
      <trkpt lat="30.621735" lon="104.18441">
        <time>2026-05-10T12:27:48Z</time>
      </trkpt>
      <trkpt lat="30.621716" lon="104.18449">
        <time>2026-05-10T12:27:49Z</time>
      </trkpt>
      <trkpt lat="30.621696" lon="104.18456">
        <time>2026-05-10T12:27:50Z</time>
      </trkpt>
      <trkpt lat="30.621677" lon="104.18464">
        <time>2026-05-10T12:27:51Z</time>
      </trkpt>
      <trkpt lat="30.621658" lon="104.184715">
        <time>2026-05-10T12:27:52Z</time>
      </trkpt>
      <trkpt lat="30.62164" lon="104.18479">
        <time>2026-05-10T12:27:53Z</time>
      </trkpt>
      <trkpt lat="30.621618" lon="104.18487">
        <time>2026-05-10T12:27:54Z</time>
      </trkpt>
      <trkpt lat="30.6216" lon="104.184944">
        <time>2026-05-10T12:27:55Z</time>
      </trkpt>
      <trkpt lat="30.62158" lon="104.18502">
        <time>2026-05-10T12:27:56Z</time>
      </trkpt>
      <trkpt lat="30.621563" lon="104.1851">
        <time>2026-05-10T12:27:57Z</time>
      </trkpt>
      <trkpt lat="30.621548" lon="104.18517">
        <time>2026-05-10T12:27:58Z</time>
      </trkpt>
      <trkpt lat="30.621536" lon="104.18525">
        <time>2026-05-10T12:27:59Z</time>
      </trkpt>
      <trkpt lat="30.621525" lon="104.18532">
        <time>2026-05-10T12:28:00Z</time>
      </trkpt>
      <trkpt lat="30.62151" lon="104.185394">
        <time>2026-05-10T12:28:01Z</time>
      </trkpt>
      <trkpt lat="30.621496" lon="104.18547">
        <time>2026-05-10T12:28:02Z</time>
      </trkpt>
      <trkpt lat="30.62148" lon="104.18555">
        <time>2026-05-10T12:28:03Z</time>
      </trkpt>
      <trkpt lat="30.621462" lon="104.185616">
        <time>2026-05-10T12:28:04Z</time>
      </trkpt>
      <trkpt lat="30.621443" lon="104.18569">
        <time>2026-05-10T12:28:05Z</time>
      </trkpt>
      <trkpt lat="30.621428" lon="104.18577">
        <time>2026-05-10T12:28:06Z</time>
      </trkpt>
      <trkpt lat="30.621407" lon="104.18584">
        <time>2026-05-10T12:28:07Z</time>
      </trkpt>
      <trkpt lat="30.621387" lon="104.18591">
        <time>2026-05-10T12:28:08Z</time>
      </trkpt>
      <trkpt lat="30.62137" lon="104.18599">
        <time>2026-05-10T12:28:09Z</time>
      </trkpt>
      <trkpt lat="30.621353" lon="104.18606">
        <time>2026-05-10T12:28:10Z</time>
      </trkpt>
      <trkpt lat="30.621336" lon="104.186134">
        <time>2026-05-10T12:28:11Z</time>
      </trkpt>
      <trkpt lat="30.621319" lon="104.18621">
        <time>2026-05-10T12:28:12Z</time>
      </trkpt>
      <trkpt lat="30.621304" lon="104.18628">
        <time>2026-05-10T12:28:13Z</time>
      </trkpt>
      <trkpt lat="30.621284" lon="104.18635">
        <time>2026-05-10T12:28:14Z</time>
      </trkpt>
      <trkpt lat="30.62127" lon="104.186424">
        <time>2026-05-10T12:28:15Z</time>
      </trkpt>
      <trkpt lat="30.621256" lon="104.1865">
        <time>2026-05-10T12:28:16Z</time>
      </trkpt>
      <trkpt lat="30.621243" lon="104.18658">
        <time>2026-05-10T12:28:17Z</time>
      </trkpt>
      <trkpt lat="30.62123" lon="104.18665">
        <time>2026-05-10T12:28:18Z</time>
      </trkpt>
      <trkpt lat="30.621216" lon="104.18674">
        <time>2026-05-10T12:28:19Z</time>
      </trkpt>
      <trkpt lat="30.621202" lon="104.18681">
        <time>2026-05-10T12:28:20Z</time>
      </trkpt>
      <trkpt lat="30.621191" lon="104.1869">
        <time>2026-05-10T12:28:21Z</time>
      </trkpt>
      <trkpt lat="30.62118" lon="104.18697">
        <time>2026-05-10T12:28:22Z</time>
      </trkpt>
      <trkpt lat="30.621162" lon="104.18706">
        <time>2026-05-10T12:28:23Z</time>
      </trkpt>
      <trkpt lat="30.621151" lon="104.18713">
        <time>2026-05-10T12:28:24Z</time>
      </trkpt>
      <trkpt lat="30.621138" lon="104.18721">
        <time>2026-05-10T12:28:25Z</time>
      </trkpt>
      <trkpt lat="30.621124" lon="104.18729">
        <time>2026-05-10T12:28:26Z</time>
      </trkpt>
      <trkpt lat="30.62111" lon="104.18736">
        <time>2026-05-10T12:28:27Z</time>
      </trkpt>
      <trkpt lat="30.621096" lon="104.18744">
        <time>2026-05-10T12:28:28Z</time>
      </trkpt>
      <trkpt lat="30.621082" lon="104.187515">
        <time>2026-05-10T12:28:29Z</time>
      </trkpt>
      <trkpt lat="30.621069" lon="104.18759">
        <time>2026-05-10T12:28:30Z</time>
      </trkpt>
      <trkpt lat="30.621054" lon="104.18766">
        <time>2026-05-10T12:28:31Z</time>
      </trkpt>
      <trkpt lat="30.62104" lon="104.18774">
        <time>2026-05-10T12:28:32Z</time>
      </trkpt>
      <trkpt lat="30.621027" lon="104.18781">
        <time>2026-05-10T12:28:33Z</time>
      </trkpt>
      <trkpt lat="30.621014" lon="104.18789">
        <time>2026-05-10T12:28:34Z</time>
      </trkpt>
      <trkpt lat="30.621" lon="104.187965">
        <time>2026-05-10T12:28:35Z</time>
      </trkpt>
      <trkpt lat="30.620987" lon="104.188034">
        <time>2026-05-10T12:28:36Z</time>
      </trkpt>
      <trkpt lat="30.620974" lon="104.1881">
        <time>2026-05-10T12:28:37Z</time>
      </trkpt>
      <trkpt lat="30.62096" lon="104.18817">
        <time>2026-05-10T12:28:38Z</time>
      </trkpt>
      <trkpt lat="30.620947" lon="104.18825">
        <time>2026-05-10T12:28:39Z</time>
      </trkpt>
      <trkpt lat="30.620934" lon="104.18832">
        <time>2026-05-10T12:28:40Z</time>
      </trkpt>
      <trkpt lat="30.620918" lon="104.18839">
        <time>2026-05-10T12:28:41Z</time>
      </trkpt>
      <trkpt lat="30.620907" lon="104.18846">
        <time>2026-05-10T12:28:42Z</time>
      </trkpt>
      <trkpt lat="30.620895" lon="104.18853">
        <time>2026-05-10T12:28:43Z</time>
      </trkpt>
      <trkpt lat="30.620886" lon="104.1886">
        <time>2026-05-10T12:28:44Z</time>
      </trkpt>
      <trkpt lat="30.620872" lon="104.188675">
        <time>2026-05-10T12:28:45Z</time>
      </trkpt>
      <trkpt lat="30.620861" lon="104.18874">
        <time>2026-05-10T12:28:46Z</time>
      </trkpt>
      <trkpt lat="30.620848" lon="104.18881">
        <time>2026-05-10T12:28:47Z</time>
      </trkpt>
      <trkpt lat="30.620836" lon="104.18888">
        <time>2026-05-10T12:28:48Z</time>
      </trkpt>
      <trkpt lat="30.620823" lon="104.18895">
        <time>2026-05-10T12:28:49Z</time>
      </trkpt>
      <trkpt lat="30.620811" lon="104.18901">
        <time>2026-05-10T12:28:50Z</time>
      </trkpt>
      <trkpt lat="30.6208" lon="104.18908">
        <time>2026-05-10T12:28:51Z</time>
      </trkpt>
      <trkpt lat="30.62079" lon="104.18915">
        <time>2026-05-10T12:28:52Z</time>
      </trkpt>
      <trkpt lat="30.620777" lon="104.18921">
        <time>2026-05-10T12:28:53Z</time>
      </trkpt>
      <trkpt lat="30.620762" lon="104.18928">
        <time>2026-05-10T12:28:54Z</time>
      </trkpt>
      <trkpt lat="30.620747" lon="104.18934">
        <time>2026-05-10T12:28:55Z</time>
      </trkpt>
      <trkpt lat="30.620735" lon="104.1894">
        <time>2026-05-10T12:28:56Z</time>
      </trkpt>
      <trkpt lat="30.620724" lon="104.18947">
        <time>2026-05-10T12:28:57Z</time>
      </trkpt>
      <trkpt lat="30.620712" lon="104.18954">
        <time>2026-05-10T12:28:58Z</time>
      </trkpt>
      <trkpt lat="30.6207" lon="104.1896">
        <time>2026-05-10T12:28:59Z</time>
      </trkpt>
      <trkpt lat="30.62069" lon="104.18967">
        <time>2026-05-10T12:29:00Z</time>
      </trkpt>
      <trkpt lat="30.62068" lon="104.18973">
        <time>2026-05-10T12:29:01Z</time>
      </trkpt>
      <trkpt lat="30.620667" lon="104.1898">
        <time>2026-05-10T12:29:02Z</time>
      </trkpt>
      <trkpt lat="30.620651" lon="104.18986">
        <time>2026-05-10T12:29:03Z</time>
      </trkpt>
      <trkpt lat="30.62064" lon="104.18992">
        <time>2026-05-10T12:29:04Z</time>
      </trkpt>
      <trkpt lat="30.620626" lon="104.18998">
        <time>2026-05-10T12:29:05Z</time>
      </trkpt>
      <trkpt lat="30.620613" lon="104.19004">
        <time>2026-05-10T12:29:06Z</time>
      </trkpt>
      <trkpt lat="30.6206" lon="104.1901">
        <time>2026-05-10T12:29:07Z</time>
      </trkpt>
      <trkpt lat="30.620586" lon="104.19016">
        <time>2026-05-10T12:29:08Z</time>
      </trkpt>
      <trkpt lat="30.620571" lon="104.19022">
        <time>2026-05-10T12:29:09Z</time>
      </trkpt>
      <trkpt lat="30.620558" lon="104.190285">
        <time>2026-05-10T12:29:10Z</time>
      </trkpt>
      <trkpt lat="30.620544" lon="104.19035">
        <time>2026-05-10T12:29:11Z</time>
      </trkpt>
      <trkpt lat="30.620533" lon="104.190414">
        <time>2026-05-10T12:29:12Z</time>
      </trkpt>
      <trkpt lat="30.620522" lon="104.190475">
        <time>2026-05-10T12:29:13Z</time>
      </trkpt>
      <trkpt lat="30.620508" lon="104.190544">
        <time>2026-05-10T12:29:14Z</time>
      </trkpt>
      <trkpt lat="30.620497" lon="104.190605">
        <time>2026-05-10T12:29:15Z</time>
      </trkpt>
      <trkpt lat="30.620485" lon="104.19067">
        <time>2026-05-10T12:29:16Z</time>
      </trkpt>
      <trkpt lat="30.620472" lon="104.190735">
        <time>2026-05-10T12:29:17Z</time>
      </trkpt>
      <trkpt lat="30.620459" lon="104.190796">
        <time>2026-05-10T12:29:18Z</time>
      </trkpt>
      <trkpt lat="30.620447" lon="104.190865">
        <time>2026-05-10T12:29:19Z</time>
      </trkpt>
      <trkpt lat="30.620447" lon="104.190865">
        <time>2026-05-10T12:29:20Z</time>
      </trkpt>
      <trkpt lat="30.620407" lon="104.19106">
        <time>2026-05-10T12:29:22Z</time>
      </trkpt>
      <trkpt lat="30.620394" lon="104.191124">
        <time>2026-05-10T12:29:23Z</time>
      </trkpt>
      <trkpt lat="30.620378" lon="104.191185">
        <time>2026-05-10T12:29:24Z</time>
      </trkpt>
      <trkpt lat="30.620367" lon="104.19125">
        <time>2026-05-10T12:29:25Z</time>
      </trkpt>
      <trkpt lat="30.620356" lon="104.191315">
        <time>2026-05-10T12:29:26Z</time>
      </trkpt>
      <trkpt lat="30.620344" lon="104.19138">
        <time>2026-05-10T12:29:27Z</time>
      </trkpt>
      <trkpt lat="30.62033" lon="104.191444">
        <time>2026-05-10T12:29:28Z</time>
      </trkpt>
      <trkpt lat="30.620317" lon="104.191505">
        <time>2026-05-10T12:29:29Z</time>
      </trkpt>
      <trkpt lat="30.620304" lon="104.19157">
        <time>2026-05-10T12:29:30Z</time>
      </trkpt>
      <trkpt lat="30.620289" lon="104.191635">
        <time>2026-05-10T12:29:31Z</time>
      </trkpt>
      <trkpt lat="30.620275" lon="104.1917">
        <time>2026-05-10T12:29:32Z</time>
      </trkpt>
      <trkpt lat="30.62026" lon="104.191765">
        <time>2026-05-10T12:29:33Z</time>
      </trkpt>
      <trkpt lat="30.620247" lon="104.19183">
        <time>2026-05-10T12:29:34Z</time>
      </trkpt>
      <trkpt lat="30.620234" lon="104.1919">
        <time>2026-05-10T12:29:35Z</time>
      </trkpt>
      <trkpt lat="30.62022" lon="104.19196">
        <time>2026-05-10T12:29:36Z</time>
      </trkpt>
      <trkpt lat="30.620207" lon="104.19203">
        <time>2026-05-10T12:29:37Z</time>
      </trkpt>
      <trkpt lat="30.620195" lon="104.19209">
        <time>2026-05-10T12:29:38Z</time>
      </trkpt>
      <trkpt lat="30.620182" lon="104.19216">
        <time>2026-05-10T12:29:39Z</time>
      </trkpt>
      <trkpt lat="30.620167" lon="104.19222">
        <time>2026-05-10T12:29:40Z</time>
      </trkpt>
      <trkpt lat="30.62015" lon="104.19229">
        <time>2026-05-10T12:29:41Z</time>
      </trkpt>
      <trkpt lat="30.620134" lon="104.192345">
        <time>2026-05-10T12:29:42Z</time>
      </trkpt>
      <trkpt lat="30.620121" lon="104.192406">
        <time>2026-05-10T12:29:43Z</time>
      </trkpt>
      <trkpt lat="30.62011" lon="104.19247">
        <time>2026-05-10T12:29:44Z</time>
      </trkpt>
      <trkpt lat="30.620094" lon="104.19253">
        <time>2026-05-10T12:29:45Z</time>
      </trkpt>
      <trkpt lat="30.620079" lon="104.19259">
        <time>2026-05-10T12:29:46Z</time>
      </trkpt>
      <trkpt lat="30.620062" lon="104.19266">
        <time>2026-05-10T12:29:47Z</time>
      </trkpt>
      <trkpt lat="30.620062" lon="104.19266">
        <time>2026-05-10T12:29:48Z</time>
      </trkpt>
      <trkpt lat="30.620018" lon="104.19287">
        <time>2026-05-10T12:29:50Z</time>
      </trkpt>
      <trkpt lat="30.62001" lon="104.19294">
        <time>2026-05-10T12:29:51Z</time>
      </trkpt>
      <trkpt lat="30.62" lon="104.193016">
        <time>2026-05-10T12:29:52Z</time>
      </trkpt>
      <trkpt lat="30.61999" lon="104.19308">
        <time>2026-05-10T12:29:53Z</time>
      </trkpt>
      <trkpt lat="30.619974" lon="104.19314">
        <time>2026-05-10T12:29:54Z</time>
      </trkpt>
      <trkpt lat="30.619951" lon="104.19319">
        <time>2026-05-10T12:29:55Z</time>
      </trkpt>
      <trkpt lat="30.619938" lon="104.19326">
        <time>2026-05-10T12:29:56Z</time>
      </trkpt>
      <trkpt lat="30.61992" lon="104.19332">
        <time>2026-05-10T12:29:57Z</time>
      </trkpt>
      <trkpt lat="30.619902" lon="104.19339">
        <time>2026-05-10T12:29:58Z</time>
      </trkpt>
      <trkpt lat="30.619883" lon="104.19345">
        <time>2026-05-10T12:29:59Z</time>
      </trkpt>
      <trkpt lat="30.61987" lon="104.19351">
        <time>2026-05-10T12:30:00Z</time>
      </trkpt>
      <trkpt lat="30.619848" lon="104.19357">
        <time>2026-05-10T12:30:01Z</time>
      </trkpt>
      <trkpt lat="30.61983" lon="104.19364">
        <time>2026-05-10T12:30:02Z</time>
      </trkpt>
      <trkpt lat="30.6198" lon="104.193695">
        <time>2026-05-10T12:30:03Z</time>
      </trkpt>
      <trkpt lat="30.619762" lon="104.19375">
        <time>2026-05-10T12:30:04Z</time>
      </trkpt>
      <trkpt lat="30.61972" lon="104.1938">
        <time>2026-05-10T12:30:05Z</time>
      </trkpt>
      <trkpt lat="30.619677" lon="104.193825">
        <time>2026-05-10T12:30:06Z</time>
      </trkpt>
      <trkpt lat="30.619629" lon="104.19384">
        <time>2026-05-10T12:30:07Z</time>
      </trkpt>
      <trkpt lat="30.619583" lon="104.19385">
        <time>2026-05-10T12:30:08Z</time>
      </trkpt>
      <trkpt lat="30.619547" lon="104.19383">
        <time>2026-05-10T12:30:09Z</time>
      </trkpt>
      <trkpt lat="30.619513" lon="104.193825">
        <time>2026-05-10T12:30:10Z</time>
      </trkpt>
      <trkpt lat="30.619473" lon="104.193825">
        <time>2026-05-10T12:30:11Z</time>
      </trkpt>
      <trkpt lat="30.619434" lon="104.19382">
        <time>2026-05-10T12:30:12Z</time>
      </trkpt>
      <trkpt lat="30.6194" lon="104.1938">
        <time>2026-05-10T12:30:13Z</time>
      </trkpt>
      <trkpt lat="30.619371" lon="104.193794">
        <time>2026-05-10T12:30:14Z</time>
      </trkpt>
      <trkpt lat="30.619347" lon="104.19379">
        <time>2026-05-10T12:30:15Z</time>
      </trkpt>
      <trkpt lat="30.61933" lon="104.19379">
        <time>2026-05-10T12:30:16Z</time>
      </trkpt>
      <trkpt lat="30.619308" lon="104.19378">
        <time>2026-05-10T12:30:17Z</time>
      </trkpt>
      <trkpt lat="30.619286" lon="104.19377">
        <time>2026-05-10T12:30:18Z</time>
      </trkpt>
      <trkpt lat="30.619251" lon="104.19377">
        <time>2026-05-10T12:30:19Z</time>
      </trkpt>
      <trkpt lat="30.619228" lon="104.19376">
        <time>2026-05-10T12:30:20Z</time>
      </trkpt>
      <trkpt lat="30.619205" lon="104.19376">
        <time>2026-05-10T12:30:21Z</time>
      </trkpt>
      <trkpt lat="30.619183" lon="104.19376">
        <time>2026-05-10T12:30:22Z</time>
      </trkpt>
      <trkpt lat="30.619175" lon="104.19376">
        <time>2026-05-10T12:30:23Z</time>
      </trkpt>
      <trkpt lat="30.619175" lon="104.19376">
        <time>2026-05-10T12:30:24Z</time>
      </trkpt>
      <trkpt lat="30.619175" lon="104.19376">
        <time>2026-05-10T12:30:25Z</time>
      </trkpt>
      <trkpt lat="30.619175" lon="104.19376">
        <time>2026-05-10T12:30:26Z</time>
      </trkpt>
      <trkpt lat="30.619175" lon="104.19376">
        <time>2026-05-10T12:30:27Z</time>
      </trkpt>
      <trkpt lat="30.619175" lon="104.19376">
        <time>2026-05-10T12:30:28Z</time>
      </trkpt>
      <trkpt lat="30.619175" lon="104.19376">
        <time>2026-05-10T12:30:29Z</time>
      </trkpt>
      <trkpt lat="30.619175" lon="104.19376">
        <time>2026-05-10T12:30:30Z</time>
      </trkpt>
      <trkpt lat="30.619175" lon="104.19376">
        <time>2026-05-10T12:30:31Z</time>
      </trkpt>
      <trkpt lat="30.619175" lon="104.19376">
        <time>2026-05-10T12:30:32Z</time>
      </trkpt>
      <trkpt lat="30.619175" lon="104.19376">
        <time>2026-05-10T12:30:33Z</time>
      </trkpt>
      <trkpt lat="30.61925" lon="104.19373">
        <time>2026-05-10T12:30:34Z</time>
      </trkpt>
      <trkpt lat="30.619282" lon="104.19374">
        <time>2026-05-10T12:30:35Z</time>
      </trkpt>
      <trkpt lat="30.61931" lon="104.19375">
        <time>2026-05-10T12:30:36Z</time>
      </trkpt>
      <trkpt lat="30.619337" lon="104.19375">
        <time>2026-05-10T12:30:37Z</time>
      </trkpt>
      <trkpt lat="30.619368" lon="104.193756">
        <time>2026-05-10T12:30:38Z</time>
      </trkpt>
      <trkpt lat="30.619402" lon="104.193756">
        <time>2026-05-10T12:30:39Z</time>
      </trkpt>
      <trkpt lat="30.619427" lon="104.19376">
        <time>2026-05-10T12:30:40Z</time>
      </trkpt>
      <trkpt lat="30.619455" lon="104.19376">
        <time>2026-05-10T12:30:41Z</time>
      </trkpt>
      <trkpt lat="30.619484" lon="104.19377">
        <time>2026-05-10T12:30:42Z</time>
      </trkpt>
      <trkpt lat="30.619513" lon="104.19378">
        <time>2026-05-10T12:30:43Z</time>
      </trkpt>
      <trkpt lat="30.61954" lon="104.19379">
        <time>2026-05-10T12:30:44Z</time>
      </trkpt>
      <trkpt lat="30.619566" lon="104.1938">
        <time>2026-05-10T12:30:45Z</time>
      </trkpt>
      <trkpt lat="30.619593" lon="104.19381">
        <time>2026-05-10T12:30:46Z</time>
      </trkpt>
      <trkpt lat="30.619623" lon="104.193825">
        <time>2026-05-10T12:30:47Z</time>
      </trkpt>
      <trkpt lat="30.619652" lon="104.19384">
        <time>2026-05-10T12:30:48Z</time>
      </trkpt>
      <trkpt lat="30.619682" lon="104.193855">
        <time>2026-05-10T12:30:49Z</time>
      </trkpt>
      <trkpt lat="30.61972" lon="104.19387">
        <time>2026-05-10T12:30:50Z</time>
      </trkpt>
      <trkpt lat="30.619751" lon="104.19388">
        <time>2026-05-10T12:30:51Z</time>
      </trkpt>
      <trkpt lat="30.61979" lon="104.1939">
        <time>2026-05-10T12:30:52Z</time>
      </trkpt>
      <trkpt lat="30.619823" lon="104.19391">
        <time>2026-05-10T12:30:53Z</time>
      </trkpt>
      <trkpt lat="30.619856" lon="104.193924">
        <time>2026-05-10T12:30:54Z</time>
      </trkpt>
      <trkpt lat="30.619886" lon="104.19393">
        <time>2026-05-10T12:30:55Z</time>
      </trkpt>
      <trkpt lat="30.61992" lon="104.19395">
        <time>2026-05-10T12:30:56Z</time>
      </trkpt>
      <trkpt lat="30.619957" lon="104.193954">
        <time>2026-05-10T12:30:57Z</time>
      </trkpt>
      <trkpt lat="30.619986" lon="104.19397">
        <time>2026-05-10T12:30:58Z</time>
      </trkpt>
      <trkpt lat="30.62" lon="104.19398">
        <time>2026-05-10T12:30:59Z</time>
      </trkpt>
      <trkpt lat="30.62001" lon="104.193985">
        <time>2026-05-10T12:31:00Z</time>
      </trkpt>
      <trkpt lat="30.620022" lon="104.19399">
        <time>2026-05-10T12:31:01Z</time>
      </trkpt>
      <trkpt lat="30.620037" lon="104.19401">
        <time>2026-05-10T12:31:02Z</time>
      </trkpt>
      <trkpt lat="30.620037" lon="104.19401">
        <time>2026-05-10T12:31:03Z</time>
      </trkpt>
      <trkpt lat="30.620037" lon="104.19401">
        <time>2026-05-10T12:31:04Z</time>
      </trkpt>
      <trkpt lat="30.620037" lon="104.19401">
        <time>2026-05-10T12:31:05Z</time>
      </trkpt>
      <trkpt lat="30.620037" lon="104.19401">
        <time>2026-05-10T12:31:06Z</time>
      </trkpt>
      <trkpt lat="30.620037" lon="104.19401">
        <time>2026-05-10T12:31:07Z</time>
      </trkpt>
      <trkpt lat="30.620037" lon="104.19401">
        <time>2026-05-10T12:31:08Z</time>
      </trkpt>
      <trkpt lat="30.620037" lon="104.19401">
        <time>2026-05-10T12:31:09Z</time>
      </trkpt>
      <trkpt lat="30.620037" lon="104.19401">
        <time>2026-05-10T12:31:10Z</time>
      </trkpt>
      <trkpt lat="30.620037" lon="104.19401">
        <time>2026-05-10T12:31:11Z</time>
      </trkpt>
      <trkpt lat="30.620037" lon="104.19401">
        <time>2026-05-10T12:31:12Z</time>
      </trkpt>
      <trkpt lat="30.62019" lon="104.19408">
        <time>2026-05-10T12:31:13Z</time>
      </trkpt>
      <trkpt lat="30.620237" lon="104.19409">
        <time>2026-05-10T12:31:14Z</time>
      </trkpt>
      <trkpt lat="30.62029" lon="104.194115">
        <time>2026-05-10T12:31:15Z</time>
      </trkpt>
      <trkpt lat="30.620344" lon="104.19413">
        <time>2026-05-10T12:31:16Z</time>
      </trkpt>
      <trkpt lat="30.62041" lon="104.19412">
        <time>2026-05-10T12:31:17Z</time>
      </trkpt>
      <trkpt lat="30.62048" lon="104.194115">
        <time>2026-05-10T12:31:18Z</time>
      </trkpt>
      <trkpt lat="30.620539" lon="104.19411">
        <time>2026-05-10T12:31:19Z</time>
      </trkpt>
      <trkpt lat="30.62059" lon="104.19406">
        <time>2026-05-10T12:31:20Z</time>
      </trkpt>
      <trkpt lat="30.62063" lon="104.194">
        <time>2026-05-10T12:31:21Z</time>
      </trkpt>
      <trkpt lat="30.620657" lon="104.19394">
        <time>2026-05-10T12:31:22Z</time>
      </trkpt>
      <trkpt lat="30.620682" lon="104.19389">
        <time>2026-05-10T12:31:23Z</time>
      </trkpt>
      <trkpt lat="30.620705" lon="104.19385">
        <time>2026-05-10T12:31:24Z</time>
      </trkpt>
      <trkpt lat="30.620703" lon="104.19382">
        <time>2026-05-10T12:31:25Z</time>
      </trkpt>
      <trkpt lat="30.620699" lon="104.1938">
        <time>2026-05-10T12:31:26Z</time>
      </trkpt>
      <trkpt lat="30.620691" lon="104.1938">
        <time>2026-05-10T12:31:27Z</time>
      </trkpt>
      <trkpt lat="30.620686" lon="104.19382">
        <time>2026-05-10T12:31:28Z</time>
      </trkpt>
      <trkpt lat="30.62068" lon="104.19384">
        <time>2026-05-10T12:31:29Z</time>
      </trkpt>
      <trkpt lat="30.620672" lon="104.193886">
        <time>2026-05-10T12:31:30Z</time>
      </trkpt>
      <trkpt lat="30.62066" lon="104.19393">
        <time>2026-05-10T12:31:31Z</time>
      </trkpt>
      <trkpt lat="30.620653" lon="104.19397">
        <time>2026-05-10T12:31:32Z</time>
      </trkpt>
      <trkpt lat="30.620642" lon="104.19402">
        <time>2026-05-10T12:31:33Z</time>
      </trkpt>
      <trkpt lat="30.620628" lon="104.19408">
        <time>2026-05-10T12:31:34Z</time>
      </trkpt>
      <trkpt lat="30.620615" lon="104.19414">
        <time>2026-05-10T12:31:35Z</time>
      </trkpt>
      <trkpt lat="30.6206" lon="104.1942">
        <time>2026-05-10T12:31:36Z</time>
      </trkpt>
      <trkpt lat="30.620579" lon="104.19427">
        <time>2026-05-10T12:31:37Z</time>
      </trkpt>
      <trkpt lat="30.620556" lon="104.19434">
        <time>2026-05-10T12:31:38Z</time>
      </trkpt>
      <trkpt lat="30.620535" lon="104.19442">
        <time>2026-05-10T12:31:39Z</time>
      </trkpt>
      <trkpt lat="30.620516" lon="104.19451">
        <time>2026-05-10T12:31:40Z</time>
      </trkpt>
      <trkpt lat="30.620497" lon="104.194595">
        <time>2026-05-10T12:31:41Z</time>
      </trkpt>
      <trkpt lat="30.620474" lon="104.19466">
        <time>2026-05-10T12:31:42Z</time>
      </trkpt>
      <trkpt lat="30.620445" lon="104.194695">
        <time>2026-05-10T12:31:43Z</time>
      </trkpt>
      <trkpt lat="30.620417" lon="104.1947">
        <time>2026-05-10T12:31:44Z</time>
      </trkpt>
      <trkpt lat="30.620392" lon="104.19469">
        <time>2026-05-10T12:31:45Z</time>
      </trkpt>
      <trkpt lat="30.620382" lon="104.194664">
        <time>2026-05-10T12:31:46Z</time>
      </trkpt>
      <trkpt lat="30.620369" lon="104.19463">
        <time>2026-05-10T12:31:47Z</time>
      </trkpt>
      <trkpt lat="30.620377" lon="104.194595">
        <time>2026-05-10T12:31:48Z</time>
      </trkpt>
      <trkpt lat="30.620392" lon="104.194565">
        <time>2026-05-10T12:31:49Z</time>
      </trkpt>
      <trkpt lat="30.620403" lon="104.19454">
        <time>2026-05-10T12:31:50Z</time>
      </trkpt>
      <trkpt lat="30.620413" lon="104.1945">
        <time>2026-05-10T12:31:51Z</time>
      </trkpt>
      <trkpt lat="30.620426" lon="104.194466">
        <time>2026-05-10T12:31:52Z</time>
      </trkpt>
      <trkpt lat="30.620443" lon="104.19442">
        <time>2026-05-10T12:31:53Z</time>
      </trkpt>
      <trkpt lat="30.620459" lon="104.194374">
        <time>2026-05-10T12:31:54Z</time>
      </trkpt>
      <trkpt lat="30.620466" lon="104.19433">
        <time>2026-05-10T12:31:55Z</time>
      </trkpt>
      <trkpt lat="30.620474" lon="104.19429">
        <time>2026-05-10T12:31:56Z</time>
      </trkpt>
      <trkpt lat="30.620483" lon="104.19425">
        <time>2026-05-10T12:31:57Z</time>
      </trkpt>
      <trkpt lat="30.620491" lon="104.194214">
        <time>2026-05-10T12:31:58Z</time>
      </trkpt>
      <trkpt lat="30.620499" lon="104.19417">
        <time>2026-05-10T12:31:59Z</time>
      </trkpt>
      <trkpt lat="30.620508" lon="104.19413">
        <time>2026-05-10T12:32:00Z</time>
      </trkpt>
      <trkpt lat="30.620522" lon="104.1941">
        <time>2026-05-10T12:32:01Z</time>
      </trkpt>
      <trkpt lat="30.620537" lon="104.194046">
        <time>2026-05-10T12:32:02Z</time>
      </trkpt>
      <trkpt lat="30.620556" lon="104.194">
        <time>2026-05-10T12:32:03Z</time>
      </trkpt>
      <trkpt lat="30.620575" lon="104.193954">
        <time>2026-05-10T12:32:04Z</time>
      </trkpt>
      <trkpt lat="30.620596" lon="104.19391">
        <time>2026-05-10T12:32:05Z</time>
      </trkpt>
      <trkpt lat="30.620617" lon="104.19386">
        <time>2026-05-10T12:32:06Z</time>
      </trkpt>
      <trkpt lat="30.620634" lon="104.193825">
        <time>2026-05-10T12:32:07Z</time>
      </trkpt>
      <trkpt lat="30.62065" lon="104.19378">
        <time>2026-05-10T12:32:08Z</time>
      </trkpt>
      <trkpt lat="30.620663" lon="104.19373">
        <time>2026-05-10T12:32:09Z</time>
      </trkpt>
      <trkpt lat="30.62068" lon="104.193695">
        <time>2026-05-10T12:32:10Z</time>
      </trkpt>
      <trkpt lat="30.620695" lon="104.19365">
        <time>2026-05-10T12:32:11Z</time>
      </trkpt>
      <trkpt lat="30.620712" lon="104.1936">
        <time>2026-05-10T12:32:12Z</time>
      </trkpt>
      <trkpt lat="30.620728" lon="104.19356">
        <time>2026-05-10T12:32:13Z</time>
      </trkpt>
      <trkpt lat="30.620745" lon="104.19351">
        <time>2026-05-10T12:32:14Z</time>
      </trkpt>
      <trkpt lat="30.62076" lon="104.193474">
        <time>2026-05-10T12:32:15Z</time>
      </trkpt>
      <trkpt lat="30.620777" lon="104.19343">
        <time>2026-05-10T12:32:16Z</time>
      </trkpt>
      <trkpt lat="30.62079" lon="104.19339">
        <time>2026-05-10T12:32:17Z</time>
      </trkpt>
      <trkpt lat="30.620806" lon="104.19335">
        <time>2026-05-10T12:32:18Z</time>
      </trkpt>
      <trkpt lat="30.62082" lon="104.193306">
        <time>2026-05-10T12:32:19Z</time>
      </trkpt>
      <trkpt lat="30.620832" lon="104.19326">
        <time>2026-05-10T12:32:20Z</time>
      </trkpt>
      <trkpt lat="30.620846" lon="104.19321">
        <time>2026-05-10T12:32:21Z</time>
      </trkpt>
      <trkpt lat="30.620857" lon="104.19317">
        <time>2026-05-10T12:32:22Z</time>
      </trkpt>
      <trkpt lat="30.62087" lon="104.19312">
        <time>2026-05-10T12:32:23Z</time>
      </trkpt>
      <trkpt lat="30.620884" lon="104.19308">
        <time>2026-05-10T12:32:24Z</time>
      </trkpt>
      <trkpt lat="30.6209" lon="104.19303">
        <time>2026-05-10T12:32:25Z</time>
      </trkpt>
      <trkpt lat="30.620913" lon="104.192986">
        <time>2026-05-10T12:32:26Z</time>
      </trkpt>
      <trkpt lat="30.620928" lon="104.19293">
        <time>2026-05-10T12:32:27Z</time>
      </trkpt>
      <trkpt lat="30.620945" lon="104.19289">
        <time>2026-05-10T12:32:28Z</time>
      </trkpt>
      <trkpt lat="30.620966" lon="104.192825">
        <time>2026-05-10T12:32:29Z</time>
      </trkpt>
      <trkpt lat="30.620981" lon="104.19277">
        <time>2026-05-10T12:32:30Z</time>
      </trkpt>
      <trkpt lat="30.620995" lon="104.19271">
        <time>2026-05-10T12:32:31Z</time>
      </trkpt>
      <trkpt lat="30.621008" lon="104.19266">
        <time>2026-05-10T12:32:32Z</time>
      </trkpt>
      <trkpt lat="30.621023" lon="104.19259">
        <time>2026-05-10T12:32:33Z</time>
      </trkpt>
      <trkpt lat="30.62104" lon="104.19252">
        <time>2026-05-10T12:32:34Z</time>
      </trkpt>
      <trkpt lat="30.62106" lon="104.192444">
        <time>2026-05-10T12:32:35Z</time>
      </trkpt>
      <trkpt lat="30.621077" lon="104.19237">
        <time>2026-05-10T12:32:36Z</time>
      </trkpt>
      <trkpt lat="30.621094" lon="104.19229">
        <time>2026-05-10T12:32:37Z</time>
      </trkpt>
      <trkpt lat="30.621107" lon="104.192215">
        <time>2026-05-10T12:32:38Z</time>
      </trkpt>
      <trkpt lat="30.621122" lon="104.19214">
        <time>2026-05-10T12:32:39Z</time>
      </trkpt>
      <trkpt lat="30.621136" lon="104.19207">
        <time>2026-05-10T12:32:40Z</time>
      </trkpt>
      <trkpt lat="30.621145" lon="104.19199">
        <time>2026-05-10T12:32:41Z</time>
      </trkpt>
      <trkpt lat="30.621155" lon="104.19192">
        <time>2026-05-10T12:32:42Z</time>
      </trkpt>
      <trkpt lat="30.621166" lon="104.19184">
        <time>2026-05-10T12:32:43Z</time>
      </trkpt>
      <trkpt lat="30.621181" lon="104.191765">
        <time>2026-05-10T12:32:44Z</time>
      </trkpt>
      <trkpt lat="30.621197" lon="104.19169">
        <time>2026-05-10T12:32:45Z</time>
      </trkpt>
      <trkpt lat="30.62121" lon="104.19161">
        <time>2026-05-10T12:32:46Z</time>
      </trkpt>
      <trkpt lat="30.621227" lon="104.19153">
        <time>2026-05-10T12:32:47Z</time>
      </trkpt>
      <trkpt lat="30.62124" lon="104.19145">
        <time>2026-05-10T12:32:48Z</time>
      </trkpt>
      <trkpt lat="30.62126" lon="104.19138">
        <time>2026-05-10T12:32:49Z</time>
      </trkpt>
      <trkpt lat="30.621277" lon="104.19131">
        <time>2026-05-10T12:32:50Z</time>
      </trkpt>
      <trkpt lat="30.62129" lon="104.19123">
        <time>2026-05-10T12:32:51Z</time>
      </trkpt>
      <trkpt lat="30.621304" lon="104.191154">
        <time>2026-05-10T12:32:52Z</time>
      </trkpt>
      <trkpt lat="30.62132" lon="104.191086">
        <time>2026-05-10T12:32:53Z</time>
      </trkpt>
      <trkpt lat="30.621334" lon="104.19101">
        <time>2026-05-10T12:32:54Z</time>
      </trkpt>
      <trkpt lat="30.62135" lon="104.19093">
        <time>2026-05-10T12:32:55Z</time>
      </trkpt>
      <trkpt lat="30.621367" lon="104.190865">
        <time>2026-05-10T12:32:56Z</time>
      </trkpt>
      <trkpt lat="30.621382" lon="104.19079">
        <time>2026-05-10T12:32:57Z</time>
      </trkpt>
      <trkpt lat="30.621397" lon="104.19071">
        <time>2026-05-10T12:32:58Z</time>
      </trkpt>
      <trkpt lat="30.62141" lon="104.190636">
        <time>2026-05-10T12:32:59Z</time>
      </trkpt>
      <trkpt lat="30.621422" lon="104.19057">
        <time>2026-05-10T12:33:00Z</time>
      </trkpt>
      <trkpt lat="30.621435" lon="104.19049">
        <time>2026-05-10T12:33:01Z</time>
      </trkpt>
      <trkpt lat="30.621435" lon="104.19049">
        <time>2026-05-10T12:33:02Z</time>
      </trkpt>
      <trkpt lat="30.621477" lon="104.19027">
        <time>2026-05-10T12:33:04Z</time>
      </trkpt>
      <trkpt lat="30.62149" lon="104.19019">
        <time>2026-05-10T12:33:05Z</time>
      </trkpt>
      <trkpt lat="30.621506" lon="104.190125">
        <time>2026-05-10T12:33:06Z</time>
      </trkpt>
      <trkpt lat="30.62152" lon="104.19005">
        <time>2026-05-10T12:33:07Z</time>
      </trkpt>
      <trkpt lat="30.621532" lon="104.18997">
        <time>2026-05-10T12:33:08Z</time>
      </trkpt>
      <trkpt lat="30.621546" lon="104.1899">
        <time>2026-05-10T12:33:09Z</time>
      </trkpt>
      <trkpt lat="30.621563" lon="104.18983">
        <time>2026-05-10T12:33:10Z</time>
      </trkpt>
      <trkpt lat="30.621576" lon="104.18975">
        <time>2026-05-10T12:33:11Z</time>
      </trkpt>
      <trkpt lat="30.62159" lon="104.18968">
        <time>2026-05-10T12:33:12Z</time>
      </trkpt>
      <trkpt lat="30.621607" lon="104.189606">
        <time>2026-05-10T12:33:13Z</time>
      </trkpt>
      <trkpt lat="30.621626" lon="104.18953">
        <time>2026-05-10T12:33:14Z</time>
      </trkpt>
      <trkpt lat="30.62164" lon="104.18945">
        <time>2026-05-10T12:33:15Z</time>
      </trkpt>
      <trkpt lat="30.621655" lon="104.189384">
        <time>2026-05-10T12:33:16Z</time>
      </trkpt>
      <trkpt lat="30.621668" lon="104.18931">
        <time>2026-05-10T12:33:17Z</time>
      </trkpt>
      <trkpt lat="30.62168" lon="104.18923">
        <time>2026-05-10T12:33:18Z</time>
      </trkpt>
      <trkpt lat="30.62169" lon="104.189156">
        <time>2026-05-10T12:33:19Z</time>
      </trkpt>
      <trkpt lat="30.621708" lon="104.18908">
        <time>2026-05-10T12:33:20Z</time>
      </trkpt>
      <trkpt lat="30.621725" lon="104.189">
        <time>2026-05-10T12:33:21Z</time>
      </trkpt>
      <trkpt lat="30.621742" lon="104.18893">
        <time>2026-05-10T12:33:22Z</time>
      </trkpt>
      <trkpt lat="30.621756" lon="104.18886">
        <time>2026-05-10T12:33:23Z</time>
      </trkpt>
      <trkpt lat="30.621769" lon="104.18878">
        <time>2026-05-10T12:33:24Z</time>
      </trkpt>
      <trkpt lat="30.621784" lon="104.188705">
        <time>2026-05-10T12:33:25Z</time>
      </trkpt>
      <trkpt lat="30.6218" lon="104.18863">
        <time>2026-05-10T12:33:26Z</time>
      </trkpt>
      <trkpt lat="30.621817" lon="104.18855">
        <time>2026-05-10T12:33:27Z</time>
      </trkpt>
      <trkpt lat="30.621832" lon="104.188484">
        <time>2026-05-10T12:33:28Z</time>
      </trkpt>
      <trkpt lat="30.621843" lon="104.18841">
        <time>2026-05-10T12:33:29Z</time>
      </trkpt>
      <trkpt lat="30.621857" lon="104.18833">
        <time>2026-05-10T12:33:30Z</time>
      </trkpt>
      <trkpt lat="30.621876" lon="104.188255">
        <time>2026-05-10T12:33:31Z</time>
      </trkpt>
      <trkpt lat="30.621893" lon="104.18819">
        <time>2026-05-10T12:33:32Z</time>
      </trkpt>
      <trkpt lat="30.62191" lon="104.18811">
        <time>2026-05-10T12:33:33Z</time>
      </trkpt>
      <trkpt lat="30.621925" lon="104.188034">
        <time>2026-05-10T12:33:34Z</time>
      </trkpt>
      <trkpt lat="30.62194" lon="104.18796">
        <time>2026-05-10T12:33:35Z</time>
      </trkpt>
      <trkpt lat="30.621956" lon="104.18788">
        <time>2026-05-10T12:33:36Z</time>
      </trkpt>
      <trkpt lat="30.621973" lon="104.187805">
        <time>2026-05-10T12:33:37Z</time>
      </trkpt>
      <trkpt lat="30.621986" lon="104.18773">
        <time>2026-05-10T12:33:38Z</time>
      </trkpt>
      <trkpt lat="30.622" lon="104.18766">
        <time>2026-05-10T12:33:39Z</time>
      </trkpt>
      <trkpt lat="30.622011" lon="104.18759">
        <time>2026-05-10T12:33:40Z</time>
      </trkpt>
      <trkpt lat="30.622023" lon="104.18752">
        <time>2026-05-10T12:33:41Z</time>
      </trkpt>
      <trkpt lat="30.62202" lon="104.18747">
        <time>2026-05-10T12:33:42Z</time>
      </trkpt>
      <trkpt lat="30.622013" lon="104.18742">
        <time>2026-05-10T12:33:43Z</time>
      </trkpt>
      <trkpt lat="30.622005" lon="104.18741">
        <time>2026-05-10T12:33:44Z</time>
      </trkpt>
      <trkpt lat="30.621998" lon="104.18739">
        <time>2026-05-10T12:33:45Z</time>
      </trkpt>
      <trkpt lat="30.621992" lon="104.18737">
        <time>2026-05-10T12:33:46Z</time>
      </trkpt>
      <trkpt lat="30.621986" lon="104.18736">
        <time>2026-05-10T12:33:47Z</time>
      </trkpt>
      <trkpt lat="30.62199" lon="104.18733">
        <time>2026-05-10T12:33:48Z</time>
      </trkpt>
      <trkpt lat="30.621998" lon="104.18731">
        <time>2026-05-10T12:33:49Z</time>
      </trkpt>
      <trkpt lat="30.622007" lon="104.18728">
        <time>2026-05-10T12:33:50Z</time>
      </trkpt>
      <trkpt lat="30.622019" lon="104.18725">
        <time>2026-05-10T12:33:51Z</time>
      </trkpt>
      <trkpt lat="30.622034" lon="104.18721">
        <time>2026-05-10T12:33:52Z</time>
      </trkpt>
      <trkpt lat="30.62205" lon="104.18717">
        <time>2026-05-10T12:33:53Z</time>
      </trkpt>
      <trkpt lat="30.622063" lon="104.187126">
        <time>2026-05-10T12:33:54Z</time>
      </trkpt>
      <trkpt lat="30.62207" lon="104.1871">
        <time>2026-05-10T12:33:55Z</time>
      </trkpt>
      <trkpt lat="30.622084" lon="104.18706">
        <time>2026-05-10T12:33:56Z</time>
      </trkpt>
      <trkpt lat="30.622097" lon="104.187004">
        <time>2026-05-10T12:33:57Z</time>
      </trkpt>
      <trkpt lat="30.62211" lon="104.18696">
        <time>2026-05-10T12:33:58Z</time>
      </trkpt>
      <trkpt lat="30.622122" lon="104.1869">
        <time>2026-05-10T12:33:59Z</time>
      </trkpt>
      <trkpt lat="30.622128" lon="104.186844">
        <time>2026-05-10T12:34:00Z</time>
      </trkpt>
      <trkpt lat="30.622137" lon="104.18678">
        <time>2026-05-10T12:34:01Z</time>
      </trkpt>
      <trkpt lat="30.622152" lon="104.18673">
        <time>2026-05-10T12:34:02Z</time>
      </trkpt>
      <trkpt lat="30.622166" lon="104.18667">
        <time>2026-05-10T12:34:03Z</time>
      </trkpt>
      <trkpt lat="30.62218" lon="104.186615">
        <time>2026-05-10T12:34:04Z</time>
      </trkpt>
      <trkpt lat="30.622198" lon="104.186554">
        <time>2026-05-10T12:34:05Z</time>
      </trkpt>
      <trkpt lat="30.622213" lon="104.18649">
        <time>2026-05-10T12:34:06Z</time>
      </trkpt>
      <trkpt lat="30.622229" lon="104.18644">
        <time>2026-05-10T12:34:07Z</time>
      </trkpt>
      <trkpt lat="30.62224" lon="104.18638">
        <time>2026-05-10T12:34:08Z</time>
      </trkpt>
      <trkpt lat="30.622252" lon="104.18631">
        <time>2026-05-10T12:34:09Z</time>
      </trkpt>
      <trkpt lat="30.622263" lon="104.18625">
        <time>2026-05-10T12:34:10Z</time>
      </trkpt>
      <trkpt lat="30.622274" lon="104.18618">
        <time>2026-05-10T12:34:11Z</time>
      </trkpt>
      <trkpt lat="30.62229" lon="104.18611">
        <time>2026-05-10T12:34:12Z</time>
      </trkpt>
      <trkpt lat="30.622305" lon="104.18604">
        <time>2026-05-10T12:34:13Z</time>
      </trkpt>
      <trkpt lat="30.622322" lon="104.18597">
        <time>2026-05-10T12:34:14Z</time>
      </trkpt>
      <trkpt lat="30.62234" lon="104.18588">
        <time>2026-05-10T12:34:15Z</time>
      </trkpt>
      <trkpt lat="30.622353" lon="104.1858">
        <time>2026-05-10T12:34:16Z</time>
      </trkpt>
      <trkpt lat="30.622368" lon="104.185715">
        <time>2026-05-10T12:34:17Z</time>
      </trkpt>
      <trkpt lat="30.622383" lon="104.18564">
        <time>2026-05-10T12:34:18Z</time>
      </trkpt>
      <trkpt lat="30.622395" lon="104.18557">
        <time>2026-05-10T12:34:19Z</time>
      </trkpt>
      <trkpt lat="30.622404" lon="104.1855">
        <time>2026-05-10T12:34:20Z</time>
      </trkpt>
      <trkpt lat="30.62241" lon="104.18543">
        <time>2026-05-10T12:34:21Z</time>
      </trkpt>
      <trkpt lat="30.622421" lon="104.18536">
        <time>2026-05-10T12:34:22Z</time>
      </trkpt>
      <trkpt lat="30.622433" lon="104.185295">
        <time>2026-05-10T12:34:23Z</time>
      </trkpt>
      <trkpt lat="30.622448" lon="104.185234">
        <time>2026-05-10T12:34:24Z</time>
      </trkpt>
      <trkpt lat="30.62246" lon="104.18517">
        <time>2026-05-10T12:34:25Z</time>
      </trkpt>
      <trkpt lat="30.62247" lon="104.18511">
        <time>2026-05-10T12:34:26Z</time>
      </trkpt>
      <trkpt lat="30.622484" lon="104.18505">
        <time>2026-05-10T12:34:27Z</time>
      </trkpt>
      <trkpt lat="30.622498" lon="104.18499">
        <time>2026-05-10T12:34:28Z</time>
      </trkpt>
      <trkpt lat="30.62251" lon="104.18494">
        <time>2026-05-10T12:34:29Z</time>
      </trkpt>
      <trkpt lat="30.622524" lon="104.184875">
        <time>2026-05-10T12:34:30Z</time>
      </trkpt>
      <trkpt lat="30.622536" lon="104.18482">
        <time>2026-05-10T12:34:31Z</time>
      </trkpt>
      <trkpt lat="30.622547" lon="104.18477">
        <time>2026-05-10T12:34:32Z</time>
      </trkpt>
      <trkpt lat="30.622555" lon="104.184715">
        <time>2026-05-10T12:34:33Z</time>
      </trkpt>
      <trkpt lat="30.622562" lon="104.18466">
        <time>2026-05-10T12:34:34Z</time>
      </trkpt>
      <trkpt lat="30.622574" lon="104.18461">
        <time>2026-05-10T12:34:35Z</time>
      </trkpt>
      <trkpt lat="30.62258" lon="104.18455">
        <time>2026-05-10T12:34:36Z</time>
      </trkpt>
      <trkpt lat="30.62259" lon="104.184494">
        <time>2026-05-10T12:34:37Z</time>
      </trkpt>
      <trkpt lat="30.6226" lon="104.18444">
        <time>2026-05-10T12:34:38Z</time>
      </trkpt>
      <trkpt lat="30.622614" lon="104.18439">
        <time>2026-05-10T12:34:39Z</time>
      </trkpt>
      <trkpt lat="30.622622" lon="104.18433">
        <time>2026-05-10T12:34:40Z</time>
      </trkpt>
      <trkpt lat="30.622622" lon="104.18433">
        <time>2026-05-10T12:34:41Z</time>
      </trkpt>
      <trkpt lat="30.622648" lon="104.184166">
        <time>2026-05-10T12:34:43Z</time>
      </trkpt>
      <trkpt lat="30.62266" lon="104.18411">
        <time>2026-05-10T12:34:44Z</time>
      </trkpt>
      <trkpt lat="30.622671" lon="104.18405">
        <time>2026-05-10T12:34:45Z</time>
      </trkpt>
      <trkpt lat="30.622683" lon="104.184">
        <time>2026-05-10T12:34:46Z</time>
      </trkpt>
      <trkpt lat="30.622696" lon="104.18394">
        <time>2026-05-10T12:34:47Z</time>
      </trkpt>
      <trkpt lat="30.622711" lon="104.18387">
        <time>2026-05-10T12:34:48Z</time>
      </trkpt>
      <trkpt lat="30.62273" lon="104.1838">
        <time>2026-05-10T12:34:49Z</time>
      </trkpt>
      <trkpt lat="30.622747" lon="104.18372">
        <time>2026-05-10T12:34:50Z</time>
      </trkpt>
      <trkpt lat="30.622763" lon="104.18365">
        <time>2026-05-10T12:34:51Z</time>
      </trkpt>
      <trkpt lat="30.6228" lon="104.1835">
        <time>2026-05-10T12:34:53Z</time>
      </trkpt>
      <trkpt lat="30.622822" lon="104.18343">
        <time>2026-05-10T12:34:54Z</time>
      </trkpt>
      <trkpt lat="30.622839" lon="104.18337">
        <time>2026-05-10T12:34:55Z</time>
      </trkpt>
      <trkpt lat="30.622854" lon="104.183304">
        <time>2026-05-10T12:34:56Z</time>
      </trkpt>
      <trkpt lat="30.622871" lon="104.18324">
        <time>2026-05-10T12:34:57Z</time>
      </trkpt>
      <trkpt lat="30.622892" lon="104.18318">
        <time>2026-05-10T12:34:58Z</time>
      </trkpt>
      <trkpt lat="30.62291" lon="104.18312">
        <time>2026-05-10T12:34:59Z</time>
      </trkpt>
      <trkpt lat="30.622923" lon="104.18306">
        <time>2026-05-10T12:35:00Z</time>
      </trkpt>
      <trkpt lat="30.622938" lon="104.18301">
        <time>2026-05-10T12:35:01Z</time>
      </trkpt>
      <trkpt lat="30.622953" lon="104.182945">
        <time>2026-05-10T12:35:02Z</time>
      </trkpt>
      <trkpt lat="30.62297" lon="104.182884">
        <time>2026-05-10T12:35:03Z</time>
      </trkpt>
      <trkpt lat="30.622986" lon="104.18283">
        <time>2026-05-10T12:35:04Z</time>
      </trkpt>
      <trkpt lat="30.623001" lon="104.18277">
        <time>2026-05-10T12:35:05Z</time>
      </trkpt>
      <trkpt lat="30.623016" lon="104.18272">
        <time>2026-05-10T12:35:06Z</time>
      </trkpt>
      <trkpt lat="30.62303" lon="104.182655">
        <time>2026-05-10T12:35:07Z</time>
      </trkpt>
      <trkpt lat="30.623047" lon="104.1826">
        <time>2026-05-10T12:35:08Z</time>
      </trkpt>
      <trkpt lat="30.623064" lon="104.18254">
        <time>2026-05-10T12:35:09Z</time>
      </trkpt>
      <trkpt lat="30.623081" lon="104.18249">
        <time>2026-05-10T12:35:10Z</time>
      </trkpt>
      <trkpt lat="30.623098" lon="104.18243">
        <time>2026-05-10T12:35:11Z</time>
      </trkpt>
      <trkpt lat="30.623116" lon="104.18237">
        <time>2026-05-10T12:35:12Z</time>
      </trkpt>
      <trkpt lat="30.62313" lon="104.18231">
        <time>2026-05-10T12:35:13Z</time>
      </trkpt>
      <trkpt lat="30.623146" lon="104.18226">
        <time>2026-05-10T12:35:14Z</time>
      </trkpt>
      <trkpt lat="30.623163" lon="104.1822">
        <time>2026-05-10T12:35:15Z</time>
      </trkpt>
      <trkpt lat="30.62318" lon="104.18214">
        <time>2026-05-10T12:35:16Z</time>
      </trkpt>
      <trkpt lat="30.623198" lon="104.18208">
        <time>2026-05-10T12:35:17Z</time>
      </trkpt>
      <trkpt lat="30.623217" lon="104.18202">
        <time>2026-05-10T12:35:18Z</time>
      </trkpt>
      <trkpt lat="30.623236" lon="104.18196">
        <time>2026-05-10T12:35:19Z</time>
      </trkpt>
      <trkpt lat="30.623255" lon="104.1819">
        <time>2026-05-10T12:35:20Z</time>
      </trkpt>
      <trkpt lat="30.623276" lon="104.18184">
        <time>2026-05-10T12:35:21Z</time>
      </trkpt>
      <trkpt lat="30.623295" lon="104.18178">
        <time>2026-05-10T12:35:22Z</time>
      </trkpt>
      <trkpt lat="30.623316" lon="104.18172">
        <time>2026-05-10T12:35:23Z</time>
      </trkpt>
      <trkpt lat="30.62334" lon="104.18165">
        <time>2026-05-10T12:35:24Z</time>
      </trkpt>
      <trkpt lat="30.623365" lon="104.18159">
        <time>2026-05-10T12:35:25Z</time>
      </trkpt>
      <trkpt lat="30.623394" lon="104.181526">
        <time>2026-05-10T12:35:26Z</time>
      </trkpt>
      <trkpt lat="30.623423" lon="104.181465">
        <time>2026-05-10T12:35:27Z</time>
      </trkpt>
      <trkpt lat="30.62345" lon="104.1814">
        <time>2026-05-10T12:35:28Z</time>
      </trkpt>
      <trkpt lat="30.623474" lon="104.181335">
        <time>2026-05-10T12:35:29Z</time>
      </trkpt>
      <trkpt lat="30.623495" lon="104.18126">
        <time>2026-05-10T12:35:30Z</time>
      </trkpt>
      <trkpt lat="30.62352" lon="104.18119">
        <time>2026-05-10T12:35:31Z</time>
      </trkpt>
      <trkpt lat="30.62354" lon="104.18112">
        <time>2026-05-10T12:35:32Z</time>
      </trkpt>
      <trkpt lat="30.62356" lon="104.181046">
        <time>2026-05-10T12:35:33Z</time>
      </trkpt>
      <trkpt lat="30.623577" lon="104.18097">
        <time>2026-05-10T12:35:34Z</time>
      </trkpt>
      <trkpt lat="30.623596" lon="104.18089">
        <time>2026-05-10T12:35:35Z</time>
      </trkpt>
      <trkpt lat="30.62362" lon="104.18082">
        <time>2026-05-10T12:35:36Z</time>
      </trkpt>
      <trkpt lat="30.62365" lon="104.18074">
        <time>2026-05-10T12:35:37Z</time>
      </trkpt>
      <trkpt lat="30.62368" lon="104.18066">
        <time>2026-05-10T12:35:38Z</time>
      </trkpt>
      <trkpt lat="30.623713" lon="104.18057">
        <time>2026-05-10T12:35:39Z</time>
      </trkpt>
      <trkpt lat="30.623745" lon="104.1805">
        <time>2026-05-10T12:35:40Z</time>
      </trkpt>
      <trkpt lat="30.623775" lon="104.18041">
        <time>2026-05-10T12:35:41Z</time>
      </trkpt>
      <trkpt lat="30.623804" lon="104.18033">
        <time>2026-05-10T12:35:42Z</time>
      </trkpt>
      <trkpt lat="30.623835" lon="104.18025">
        <time>2026-05-10T12:35:43Z</time>
      </trkpt>
      <trkpt lat="30.623863" lon="104.18016">
        <time>2026-05-10T12:35:44Z</time>
      </trkpt>
      <trkpt lat="30.623892" lon="104.18008">
        <time>2026-05-10T12:35:45Z</time>
      </trkpt>
      <trkpt lat="30.623922" lon="104.17999">
        <time>2026-05-10T12:35:46Z</time>
      </trkpt>
      <trkpt lat="30.623953" lon="104.17991">
        <time>2026-05-10T12:35:47Z</time>
      </trkpt>
      <trkpt lat="30.623983" lon="104.179825">
        <time>2026-05-10T12:35:48Z</time>
      </trkpt>
      <trkpt lat="30.624012" lon="104.17973">
        <time>2026-05-10T12:35:49Z</time>
      </trkpt>
      <trkpt lat="30.624044" lon="104.17965">
        <time>2026-05-10T12:35:50Z</time>
      </trkpt>
      <trkpt lat="30.624079" lon="104.179565">
        <time>2026-05-10T12:35:51Z</time>
      </trkpt>
      <trkpt lat="30.624111" lon="104.179474">
        <time>2026-05-10T12:35:52Z</time>
      </trkpt>
      <trkpt lat="30.624142" lon="104.17939">
        <time>2026-05-10T12:35:53Z</time>
      </trkpt>
      <trkpt lat="30.624174" lon="104.1793">
        <time>2026-05-10T12:35:54Z</time>
      </trkpt>
      <trkpt lat="30.624205" lon="104.17921">
        <time>2026-05-10T12:35:55Z</time>
      </trkpt>
      <trkpt lat="30.62424" lon="104.179115">
        <time>2026-05-10T12:35:56Z</time>
      </trkpt>
      <trkpt lat="30.624275" lon="104.17903">
        <time>2026-05-10T12:35:57Z</time>
      </trkpt>
      <trkpt lat="30.624306" lon="104.17894">
        <time>2026-05-10T12:35:58Z</time>
      </trkpt>
      <trkpt lat="30.624336" lon="104.17885">
        <time>2026-05-10T12:35:59Z</time>
      </trkpt>
      <trkpt lat="30.624369" lon="104.17876">
        <time>2026-05-10T12:36:00Z</time>
      </trkpt>
      <trkpt lat="30.624369" lon="104.17876">
        <time>2026-05-10T12:36:01Z</time>
      </trkpt>
      <trkpt lat="30.624466" lon="104.17848">
        <time>2026-05-10T12:36:03Z</time>
      </trkpt>
      <trkpt lat="30.624498" lon="104.1784">
        <time>2026-05-10T12:36:04Z</time>
      </trkpt>
      <trkpt lat="30.62453" lon="104.17831">
        <time>2026-05-10T12:36:05Z</time>
      </trkpt>
      <trkpt lat="30.624557" lon="104.17822">
        <time>2026-05-10T12:36:06Z</time>
      </trkpt>
      <trkpt lat="30.624588" lon="104.17814">
        <time>2026-05-10T12:36:07Z</time>
      </trkpt>
      <trkpt lat="30.624622" lon="104.178055">
        <time>2026-05-10T12:36:08Z</time>
      </trkpt>
      <trkpt lat="30.624655" lon="104.17798">
        <time>2026-05-10T12:36:09Z</time>
      </trkpt>
      <trkpt lat="30.62469" lon="104.177895">
        <time>2026-05-10T12:36:10Z</time>
      </trkpt>
      <trkpt lat="30.624725" lon="104.177826">
        <time>2026-05-10T12:36:11Z</time>
      </trkpt>
      <trkpt lat="30.624758" lon="104.17775">
        <time>2026-05-10T12:36:12Z</time>
      </trkpt>
      <trkpt lat="30.62479" lon="104.17768">
        <time>2026-05-10T12:36:13Z</time>
      </trkpt>
      <trkpt lat="30.624817" lon="104.177605">
        <time>2026-05-10T12:36:14Z</time>
      </trkpt>
      <trkpt lat="30.624842" lon="104.177536">
        <time>2026-05-10T12:36:15Z</time>
      </trkpt>
      <trkpt lat="30.624872" lon="104.17746">
        <time>2026-05-10T12:36:16Z</time>
      </trkpt>
      <trkpt lat="30.6249" lon="104.17739">
        <time>2026-05-10T12:36:17Z</time>
      </trkpt>
      <trkpt lat="30.624928" lon="104.17733">
        <time>2026-05-10T12:36:18Z</time>
      </trkpt>
      <trkpt lat="30.62495" lon="104.17726">
        <time>2026-05-10T12:36:19Z</time>
      </trkpt>
      <trkpt lat="30.624973" lon="104.17719">
        <time>2026-05-10T12:36:20Z</time>
      </trkpt>
      <trkpt lat="30.624994" lon="104.17712">
        <time>2026-05-10T12:36:21Z</time>
      </trkpt>
      <trkpt lat="30.62502" lon="104.17705">
        <time>2026-05-10T12:36:22Z</time>
      </trkpt>
      <trkpt lat="30.625044" lon="104.17698">
        <time>2026-05-10T12:36:23Z</time>
      </trkpt>
      <trkpt lat="30.62507" lon="104.176895">
        <time>2026-05-10T12:36:24Z</time>
      </trkpt>
      <trkpt lat="30.625093" lon="104.17682">
        <time>2026-05-10T12:36:25Z</time>
      </trkpt>
      <trkpt lat="30.625118" lon="104.17675">
        <time>2026-05-10T12:36:26Z</time>
      </trkpt>
      <trkpt lat="30.625141" lon="104.17668">
        <time>2026-05-10T12:36:27Z</time>
      </trkpt>
      <trkpt lat="30.625166" lon="104.176605">
        <time>2026-05-10T12:36:28Z</time>
      </trkpt>
      <trkpt lat="30.625193" lon="104.17653">
        <time>2026-05-10T12:36:29Z</time>
      </trkpt>
      <trkpt lat="30.625221" lon="104.17646">
        <time>2026-05-10T12:36:30Z</time>
      </trkpt>
      <trkpt lat="30.625248" lon="104.176384">
        <time>2026-05-10T12:36:31Z</time>
      </trkpt>
      <trkpt lat="30.625275" lon="104.17631">
        <time>2026-05-10T12:36:32Z</time>
      </trkpt>
      <trkpt lat="30.6253" lon="104.17624">
        <time>2026-05-10T12:36:33Z</time>
      </trkpt>
      <trkpt lat="30.625324" lon="104.17617">
        <time>2026-05-10T12:36:34Z</time>
      </trkpt>
      <trkpt lat="30.625347" lon="104.176094">
        <time>2026-05-10T12:36:35Z</time>
      </trkpt>
      <trkpt lat="30.62537" lon="104.176025">
        <time>2026-05-10T12:36:36Z</time>
      </trkpt>
      <trkpt lat="30.62539" lon="104.17596">
        <time>2026-05-10T12:36:37Z</time>
      </trkpt>
      <trkpt lat="30.625404" lon="104.175896">
        <time>2026-05-10T12:36:38Z</time>
      </trkpt>
      <trkpt lat="30.625425" lon="104.175835">
        <time>2026-05-10T12:36:39Z</time>
      </trkpt>
      <trkpt lat="30.625443" lon="104.17577">
        <time>2026-05-10T12:36:40Z</time>
      </trkpt>
      <trkpt lat="30.625463" lon="104.175705">
        <time>2026-05-10T12:36:41Z</time>
      </trkpt>
      <trkpt lat="30.625496" lon="104.17564">
        <time>2026-05-10T12:36:42Z</time>
      </trkpt>
      <trkpt lat="30.625526" lon="104.17557">
        <time>2026-05-10T12:36:43Z</time>
      </trkpt>
      <trkpt lat="30.62556" lon="104.17549">
        <time>2026-05-10T12:36:44Z</time>
      </trkpt>
      <trkpt lat="30.625595" lon="104.175415">
        <time>2026-05-10T12:36:45Z</time>
      </trkpt>
      <trkpt lat="30.62562" lon="104.17535">
        <time>2026-05-10T12:36:46Z</time>
      </trkpt>
      <trkpt lat="30.625647" lon="104.17527">
        <time>2026-05-10T12:36:47Z</time>
      </trkpt>
      <trkpt lat="30.625671" lon="104.17519">
        <time>2026-05-10T12:36:48Z</time>
      </trkpt>
      <trkpt lat="30.625696" lon="104.175125">
        <time>2026-05-10T12:36:49Z</time>
      </trkpt>
      <trkpt lat="30.62572" lon="104.17506">
        <time>2026-05-10T12:36:50Z</time>
      </trkpt>
      <trkpt lat="30.625746" lon="104.17499">
        <time>2026-05-10T12:36:51Z</time>
      </trkpt>
      <trkpt lat="30.625769" lon="104.17493">
        <time>2026-05-10T12:36:52Z</time>
      </trkpt>
      <trkpt lat="30.625792" lon="104.17486">
        <time>2026-05-10T12:36:53Z</time>
      </trkpt>
      <trkpt lat="30.625813" lon="104.17479">
        <time>2026-05-10T12:36:54Z</time>
      </trkpt>
      <trkpt lat="30.625837" lon="104.17472">
        <time>2026-05-10T12:36:55Z</time>
      </trkpt>
      <trkpt lat="30.62586" lon="104.17465">
        <time>2026-05-10T12:36:56Z</time>
      </trkpt>
      <trkpt lat="30.625885" lon="104.17458">
        <time>2026-05-10T12:36:57Z</time>
      </trkpt>
      <trkpt lat="30.62591" lon="104.17452">
        <time>2026-05-10T12:36:58Z</time>
      </trkpt>
      <trkpt lat="30.62593" lon="104.17445">
        <time>2026-05-10T12:36:59Z</time>
      </trkpt>
      <trkpt lat="30.625956" lon="104.17439">
        <time>2026-05-10T12:37:00Z</time>
      </trkpt>
      <trkpt lat="30.625978" lon="104.174324">
        <time>2026-05-10T12:37:01Z</time>
      </trkpt>
      <trkpt lat="30.625998" lon="104.17426">
        <time>2026-05-10T12:37:02Z</time>
      </trkpt>
      <trkpt lat="30.626024" lon="104.174194">
        <time>2026-05-10T12:37:03Z</time>
      </trkpt>
      <trkpt lat="30.626049" lon="104.174126">
        <time>2026-05-10T12:37:04Z</time>
      </trkpt>
      <trkpt lat="30.626076" lon="104.17406">
        <time>2026-05-10T12:37:05Z</time>
      </trkpt>
      <trkpt lat="30.626097" lon="104.17398">
        <time>2026-05-10T12:37:06Z</time>
      </trkpt>
      <trkpt lat="30.62612" lon="104.17391">
        <time>2026-05-10T12:37:07Z</time>
      </trkpt>
      <trkpt lat="30.626144" lon="104.17384">
        <time>2026-05-10T12:37:08Z</time>
      </trkpt>
      <trkpt lat="30.626144" lon="104.17384">
        <time>2026-05-10T12:37:09Z</time>
      </trkpt>
      <trkpt lat="30.626217" lon="104.17362">
        <time>2026-05-10T12:37:11Z</time>
      </trkpt>
      <trkpt lat="30.626242" lon="104.17356">
        <time>2026-05-10T12:37:12Z</time>
      </trkpt>
      <trkpt lat="30.626266" lon="104.17349">
        <time>2026-05-10T12:37:13Z</time>
      </trkpt>
      <trkpt lat="30.62629" lon="104.17342">
        <time>2026-05-10T12:37:14Z</time>
      </trkpt>
      <trkpt lat="30.626312" lon="104.17337">
        <time>2026-05-10T12:37:15Z</time>
      </trkpt>
      <trkpt lat="30.626333" lon="104.17331">
        <time>2026-05-10T12:37:16Z</time>
      </trkpt>
      <trkpt lat="30.626354" lon="104.17325">
        <time>2026-05-10T12:37:17Z</time>
      </trkpt>
      <trkpt lat="30.626379" lon="104.17319">
        <time>2026-05-10T12:37:18Z</time>
      </trkpt>
      <trkpt lat="30.626402" lon="104.173134">
        <time>2026-05-10T12:37:19Z</time>
      </trkpt>
      <trkpt lat="30.626425" lon="104.17308">
        <time>2026-05-10T12:37:20Z</time>
      </trkpt>
      <trkpt lat="30.626448" lon="104.17303">
        <time>2026-05-10T12:37:21Z</time>
      </trkpt>
      <trkpt lat="30.62647" lon="104.172966">
        <time>2026-05-10T12:37:22Z</time>
      </trkpt>
      <trkpt lat="30.626495" lon="104.17291">
        <time>2026-05-10T12:37:23Z</time>
      </trkpt>
      <trkpt lat="30.626516" lon="104.17286">
        <time>2026-05-10T12:37:24Z</time>
      </trkpt>
      <trkpt lat="30.626537" lon="104.17281">
        <time>2026-05-10T12:37:25Z</time>
      </trkpt>
      <trkpt lat="30.626558" lon="104.17276">
        <time>2026-05-10T12:37:26Z</time>
      </trkpt>
      <trkpt lat="30.62658" lon="104.1727">
        <time>2026-05-10T12:37:27Z</time>
      </trkpt>
      <trkpt lat="30.626596" lon="104.17264">
        <time>2026-05-10T12:37:28Z</time>
      </trkpt>
      <trkpt lat="30.626614" lon="104.17258">
        <time>2026-05-10T12:37:29Z</time>
      </trkpt>
      <trkpt lat="30.626644" lon="104.17251">
        <time>2026-05-10T12:37:30Z</time>
      </trkpt>
      <trkpt lat="30.62667" lon="104.17244">
        <time>2026-05-10T12:37:31Z</time>
      </trkpt>
      <trkpt lat="30.626696" lon="104.17238">
        <time>2026-05-10T12:37:32Z</time>
      </trkpt>
      <trkpt lat="30.626724" lon="104.17232">
        <time>2026-05-10T12:37:33Z</time>
      </trkpt>
      <trkpt lat="30.626749" lon="104.17224">
        <time>2026-05-10T12:37:34Z</time>
      </trkpt>
      <trkpt lat="30.626774" lon="104.17217">
        <time>2026-05-10T12:37:35Z</time>
      </trkpt>
      <trkpt lat="30.6268" lon="104.172104">
        <time>2026-05-10T12:37:36Z</time>
      </trkpt>
      <trkpt lat="30.62683" lon="104.172035">
        <time>2026-05-10T12:37:37Z</time>
      </trkpt>
      <trkpt lat="30.626856" lon="104.17196">
        <time>2026-05-10T12:37:38Z</time>
      </trkpt>
      <trkpt lat="30.626884" lon="104.17189">
        <time>2026-05-10T12:37:39Z</time>
      </trkpt>
      <trkpt lat="30.626913" lon="104.17182">
        <time>2026-05-10T12:37:40Z</time>
      </trkpt>
      <trkpt lat="30.626944" lon="104.17176">
        <time>2026-05-10T12:37:41Z</time>
      </trkpt>
      <trkpt lat="30.626974" lon="104.17169">
        <time>2026-05-10T12:37:42Z</time>
      </trkpt>
      <trkpt lat="30.627005" lon="104.17162">
        <time>2026-05-10T12:37:43Z</time>
      </trkpt>
      <trkpt lat="30.627035" lon="104.17156">
        <time>2026-05-10T12:37:44Z</time>
      </trkpt>
      <trkpt lat="30.627066" lon="104.17151">
        <time>2026-05-10T12:37:45Z</time>
      </trkpt>
      <trkpt lat="30.627094" lon="104.17145">
        <time>2026-05-10T12:37:46Z</time>
      </trkpt>
      <trkpt lat="30.627121" lon="104.17139">
        <time>2026-05-10T12:37:47Z</time>
      </trkpt>
      <trkpt lat="30.627153" lon="104.171326">
        <time>2026-05-10T12:37:48Z</time>
      </trkpt>
      <trkpt lat="30.62719" lon="104.171265">
        <time>2026-05-10T12:37:49Z</time>
      </trkpt>
      <trkpt lat="30.627216" lon="104.17119">
        <time>2026-05-10T12:37:50Z</time>
      </trkpt>
      <trkpt lat="30.627247" lon="104.17112">
        <time>2026-05-10T12:37:51Z</time>
      </trkpt>
      <trkpt lat="30.62728" lon="104.17106">
        <time>2026-05-10T12:37:52Z</time>
      </trkpt>
      <trkpt lat="30.627308" lon="104.17099">
        <time>2026-05-10T12:37:53Z</time>
      </trkpt>
      <trkpt lat="30.627338" lon="104.17092">
        <time>2026-05-10T12:37:54Z</time>
      </trkpt>
      <trkpt lat="30.627369" lon="104.17086">
        <time>2026-05-10T12:37:55Z</time>
      </trkpt>
      <trkpt lat="30.627396" lon="104.1708">
        <time>2026-05-10T12:37:56Z</time>
      </trkpt>
      <trkpt lat="30.627422" lon="104.17074">
        <time>2026-05-10T12:37:57Z</time>
      </trkpt>
      <trkpt lat="30.627449" lon="104.17067">
        <time>2026-05-10T12:37:58Z</time>
      </trkpt>
      <trkpt lat="30.627478" lon="104.17061">
        <time>2026-05-10T12:37:59Z</time>
      </trkpt>
      <trkpt lat="30.627506" lon="104.17055">
        <time>2026-05-10T12:38:00Z</time>
      </trkpt>
      <trkpt lat="30.62753" lon="104.17049">
        <time>2026-05-10T12:38:01Z</time>
      </trkpt>
      <trkpt lat="30.627552" lon="104.170425">
        <time>2026-05-10T12:38:02Z</time>
      </trkpt>
      <trkpt lat="30.627573" lon="104.17036">
        <time>2026-05-10T12:38:03Z</time>
      </trkpt>
      <trkpt lat="30.627602" lon="104.170296">
        <time>2026-05-10T12:38:04Z</time>
      </trkpt>
      <trkpt lat="30.627634" lon="104.170235">
        <time>2026-05-10T12:38:05Z</time>
      </trkpt>
      <trkpt lat="30.627666" lon="104.17017">
        <time>2026-05-10T12:38:06Z</time>
      </trkpt>
      <trkpt lat="30.627697" lon="104.17011">
        <time>2026-05-10T12:38:07Z</time>
      </trkpt>
      <trkpt lat="30.627728" lon="104.17005">
        <time>2026-05-10T12:38:08Z</time>
      </trkpt>
      <trkpt lat="30.627758" lon="104.16999">
        <time>2026-05-10T12:38:09Z</time>
      </trkpt>
      <trkpt lat="30.627787" lon="104.16992">
        <time>2026-05-10T12:38:10Z</time>
      </trkpt>
      <trkpt lat="30.627813" lon="104.16986">
        <time>2026-05-10T12:38:11Z</time>
      </trkpt>
      <trkpt lat="30.627844" lon="104.1698">
        <time>2026-05-10T12:38:12Z</time>
      </trkpt>
      <trkpt lat="30.627874" lon="104.16973">
        <time>2026-05-10T12:38:13Z</time>
      </trkpt>
      <trkpt lat="30.627909" lon="104.16967">
        <time>2026-05-10T12:38:14Z</time>
      </trkpt>
      <trkpt lat="30.62794" lon="104.16961">
        <time>2026-05-10T12:38:15Z</time>
      </trkpt>
      <trkpt lat="30.627975" lon="104.16955">
        <time>2026-05-10T12:38:16Z</time>
      </trkpt>
      <trkpt lat="30.628006" lon="104.16948">
        <time>2026-05-10T12:38:17Z</time>
      </trkpt>
      <trkpt lat="30.628036" lon="104.16942">
        <time>2026-05-10T12:38:18Z</time>
      </trkpt>
      <trkpt lat="30.628069" lon="104.16935">
        <time>2026-05-10T12:38:19Z</time>
      </trkpt>
      <trkpt lat="30.628098" lon="104.16929">
        <time>2026-05-10T12:38:20Z</time>
      </trkpt>
      <trkpt lat="30.628126" lon="104.16922">
        <time>2026-05-10T12:38:21Z</time>
      </trkpt>
      <trkpt lat="30.628159" lon="104.16915">
        <time>2026-05-10T12:38:22Z</time>
      </trkpt>
      <trkpt lat="30.628193" lon="104.16909">
        <time>2026-05-10T12:38:23Z</time>
      </trkpt>
      <trkpt lat="30.628227" lon="104.16903">
        <time>2026-05-10T12:38:24Z</time>
      </trkpt>
      <trkpt lat="30.62826" lon="104.16896">
        <time>2026-05-10T12:38:25Z</time>
      </trkpt>
      <trkpt lat="30.628296" lon="104.1689">
        <time>2026-05-10T12:38:26Z</time>
      </trkpt>
      <trkpt lat="30.628334" lon="104.16884">
        <time>2026-05-10T12:38:27Z</time>
      </trkpt>
      <trkpt lat="30.62837" lon="104.16878">
        <time>2026-05-10T12:38:28Z</time>
      </trkpt>
      <trkpt lat="30.6284" lon="104.16871">
        <time>2026-05-10T12:38:29Z</time>
      </trkpt>
      <trkpt lat="30.628431" lon="104.16864">
        <time>2026-05-10T12:38:30Z</time>
      </trkpt>
      <trkpt lat="30.628466" lon="104.16858">
        <time>2026-05-10T12:38:31Z</time>
      </trkpt>
      <trkpt lat="30.628494" lon="104.16852">
        <time>2026-05-10T12:38:32Z</time>
      </trkpt>
      <trkpt lat="30.628523" lon="104.16846">
        <time>2026-05-10T12:38:33Z</time>
      </trkpt>
      <trkpt lat="30.628548" lon="104.168396">
        <time>2026-05-10T12:38:34Z</time>
      </trkpt>
      <trkpt lat="30.62858" lon="104.16832">
        <time>2026-05-10T12:38:35Z</time>
      </trkpt>
      <trkpt lat="30.628616" lon="104.16826">
        <time>2026-05-10T12:38:36Z</time>
      </trkpt>
      <trkpt lat="30.628654" lon="104.1682">
        <time>2026-05-10T12:38:37Z</time>
      </trkpt>
      <trkpt lat="30.628695" lon="104.16814">
        <time>2026-05-10T12:38:38Z</time>
      </trkpt>
      <trkpt lat="30.628736" lon="104.168076">
        <time>2026-05-10T12:38:39Z</time>
      </trkpt>
      <trkpt lat="30.628777" lon="104.168015">
        <time>2026-05-10T12:38:40Z</time>
      </trkpt>
      <trkpt lat="30.62882" lon="104.16795">
        <time>2026-05-10T12:38:41Z</time>
      </trkpt>
      <trkpt lat="30.628866" lon="104.1679">
        <time>2026-05-10T12:38:42Z</time>
      </trkpt>
      <trkpt lat="30.628916" lon="104.16783">
        <time>2026-05-10T12:38:43Z</time>
      </trkpt>
      <trkpt lat="30.628963" lon="104.16778">
        <time>2026-05-10T12:38:44Z</time>
      </trkpt>
      <trkpt lat="30.629013" lon="104.16772">
        <time>2026-05-10T12:38:45Z</time>
      </trkpt>
      <trkpt lat="30.629063" lon="104.167656">
        <time>2026-05-10T12:38:46Z</time>
      </trkpt>
      <trkpt lat="30.629112" lon="104.167595">
        <time>2026-05-10T12:38:47Z</time>
      </trkpt>
      <trkpt lat="30.629158" lon="104.16753">
        <time>2026-05-10T12:38:48Z</time>
      </trkpt>
      <trkpt lat="30.629206" lon="104.167465">
        <time>2026-05-10T12:38:49Z</time>
      </trkpt>
      <trkpt lat="30.629251" lon="104.1674">
        <time>2026-05-10T12:38:50Z</time>
      </trkpt>
      <trkpt lat="30.629295" lon="104.16733">
        <time>2026-05-10T12:38:51Z</time>
      </trkpt>
      <trkpt lat="30.629333" lon="104.16725">
        <time>2026-05-10T12:38:52Z</time>
      </trkpt>
      <trkpt lat="30.629333" lon="104.16725">
        <time>2026-05-10T12:38:53Z</time>
      </trkpt>
      <trkpt lat="30.629444" lon="104.16703">
        <time>2026-05-10T12:38:55Z</time>
      </trkpt>
      <trkpt lat="30.629482" lon="104.166954">
        <time>2026-05-10T12:38:56Z</time>
      </trkpt>
      <trkpt lat="30.62952" lon="104.16687">
        <time>2026-05-10T12:38:57Z</time>
      </trkpt>
      <trkpt lat="30.629557" lon="104.166794">
        <time>2026-05-10T12:38:58Z</time>
      </trkpt>
      <trkpt lat="30.62959" lon="104.16672">
        <time>2026-05-10T12:38:59Z</time>
      </trkpt>
      <trkpt lat="30.629616" lon="104.16663">
        <time>2026-05-10T12:39:00Z</time>
      </trkpt>
      <trkpt lat="30.629642" lon="104.16655">
        <time>2026-05-10T12:39:01Z</time>
      </trkpt>
      <trkpt lat="30.629667" lon="104.16646">
        <time>2026-05-10T12:39:02Z</time>
      </trkpt>
      <trkpt lat="30.629692" lon="104.166374">
        <time>2026-05-10T12:39:03Z</time>
      </trkpt>
      <trkpt lat="30.629723" lon="104.16628">
        <time>2026-05-10T12:39:04Z</time>
      </trkpt>
      <trkpt lat="30.629755" lon="104.1662">
        <time>2026-05-10T12:39:05Z</time>
      </trkpt>
      <trkpt lat="30.629786" lon="104.166115">
        <time>2026-05-10T12:39:06Z</time>
      </trkpt>
      <trkpt lat="30.629816" lon="104.16603">
        <time>2026-05-10T12:39:07Z</time>
      </trkpt>
      <trkpt lat="30.629847" lon="104.16595">
        <time>2026-05-10T12:39:08Z</time>
      </trkpt>
      <trkpt lat="30.62988" lon="104.16586">
        <time>2026-05-10T12:39:09Z</time>
      </trkpt>
      <trkpt lat="30.62991" lon="104.16578">
        <time>2026-05-10T12:39:10Z</time>
      </trkpt>
      <trkpt lat="30.629942" lon="104.1657">
        <time>2026-05-10T12:39:11Z</time>
      </trkpt>
      <trkpt lat="30.629976" lon="104.16562">
        <time>2026-05-10T12:39:12Z</time>
      </trkpt>
      <trkpt lat="30.630013" lon="104.165535">
        <time>2026-05-10T12:39:13Z</time>
      </trkpt>
      <trkpt lat="30.63005" lon="104.16546">
        <time>2026-05-10T12:39:14Z</time>
      </trkpt>
      <trkpt lat="30.63009" lon="104.165375">
        <time>2026-05-10T12:39:15Z</time>
      </trkpt>
      <trkpt lat="30.630123" lon="104.1653">
        <time>2026-05-10T12:39:16Z</time>
      </trkpt>
      <trkpt lat="30.630157" lon="104.165215">
        <time>2026-05-10T12:39:17Z</time>
      </trkpt>
      <trkpt lat="30.630194" lon="104.16513">
        <time>2026-05-10T12:39:18Z</time>
      </trkpt>
      <trkpt lat="30.630232" lon="104.16505">
        <time>2026-05-10T12:39:19Z</time>
      </trkpt>
      <trkpt lat="30.630272" lon="104.164955">
        <time>2026-05-10T12:39:20Z</time>
      </trkpt>
      <trkpt lat="30.630312" lon="104.164856">
        <time>2026-05-10T12:39:21Z</time>
      </trkpt>
      <trkpt lat="30.63035" lon="104.164764">
        <time>2026-05-10T12:39:22Z</time>
      </trkpt>
      <trkpt lat="30.63039" lon="104.164665">
        <time>2026-05-10T12:39:23Z</time>
      </trkpt>
      <trkpt lat="30.630434" lon="104.164566">
        <time>2026-05-10T12:39:24Z</time>
      </trkpt>
      <trkpt lat="30.630478" lon="104.164474">
        <time>2026-05-10T12:39:25Z</time>
      </trkpt>
      <trkpt lat="30.630518" lon="104.16438">
        <time>2026-05-10T12:39:26Z</time>
      </trkpt>
      <trkpt lat="30.630558" lon="104.16428">
        <time>2026-05-10T12:39:27Z</time>
      </trkpt>
      <trkpt lat="30.630604" lon="104.164185">
        <time>2026-05-10T12:39:28Z</time>
      </trkpt>
      <trkpt lat="30.630644" lon="104.16409">
        <time>2026-05-10T12:39:29Z</time>
      </trkpt>
      <trkpt lat="30.630682" lon="104.163994">
        <time>2026-05-10T12:39:30Z</time>
      </trkpt>
      <trkpt lat="30.630722" lon="104.163895">
        <time>2026-05-10T12:39:31Z</time>
      </trkpt>
      <trkpt lat="30.63076" lon="104.163795">
        <time>2026-05-10T12:39:32Z</time>
      </trkpt>
      <trkpt lat="30.630804" lon="104.1637">
        <time>2026-05-10T12:39:33Z</time>
      </trkpt>
      <trkpt lat="30.630848" lon="104.1636">
        <time>2026-05-10T12:39:34Z</time>
      </trkpt>
      <trkpt lat="30.630896" lon="104.1635">
        <time>2026-05-10T12:39:35Z</time>
      </trkpt>
      <trkpt lat="30.630941" lon="104.1634">
        <time>2026-05-10T12:39:36Z</time>
      </trkpt>
      <trkpt lat="30.63099" lon="104.16331">
        <time>2026-05-10T12:39:37Z</time>
      </trkpt>
      <trkpt lat="30.631039" lon="104.163216">
        <time>2026-05-10T12:39:38Z</time>
      </trkpt>
      <trkpt lat="30.631084" lon="104.163124">
        <time>2026-05-10T12:39:39Z</time>
      </trkpt>
      <trkpt lat="30.631132" lon="104.16303">
        <time>2026-05-10T12:39:40Z</time>
      </trkpt>
      <trkpt lat="30.631178" lon="104.16293">
        <time>2026-05-10T12:39:41Z</time>
      </trkpt>
      <trkpt lat="30.631226" lon="104.16284">
        <time>2026-05-10T12:39:42Z</time>
      </trkpt>
      <trkpt lat="30.631271" lon="104.16275">
        <time>2026-05-10T12:39:43Z</time>
      </trkpt>
      <trkpt lat="30.631317" lon="104.16266">
        <time>2026-05-10T12:39:44Z</time>
      </trkpt>
      <trkpt lat="30.63136" lon="104.16257">
        <time>2026-05-10T12:39:45Z</time>
      </trkpt>
      <trkpt lat="30.631401" lon="104.162476">
        <time>2026-05-10T12:39:46Z</time>
      </trkpt>
      <trkpt lat="30.631449" lon="104.162384">
        <time>2026-05-10T12:39:47Z</time>
      </trkpt>
      <trkpt lat="30.631493" lon="104.1623">
        <time>2026-05-10T12:39:48Z</time>
      </trkpt>
      <trkpt lat="30.63154" lon="104.1622">
        <time>2026-05-10T12:39:49Z</time>
      </trkpt>
      <trkpt lat="30.631594" lon="104.1621">
        <time>2026-05-10T12:39:50Z</time>
      </trkpt>
      <trkpt lat="30.631641" lon="104.162">
        <time>2026-05-10T12:39:51Z</time>
      </trkpt>
      <trkpt lat="30.63169" lon="104.16191">
        <time>2026-05-10T12:39:52Z</time>
      </trkpt>
      <trkpt lat="30.631744" lon="104.16182">
        <time>2026-05-10T12:39:53Z</time>
      </trkpt>
      <trkpt lat="30.631796" lon="104.16172">
        <time>2026-05-10T12:39:54Z</time>
      </trkpt>
      <trkpt lat="30.631844" lon="104.16162">
        <time>2026-05-10T12:39:55Z</time>
      </trkpt>
      <trkpt lat="30.631895" lon="104.16152">
        <time>2026-05-10T12:39:56Z</time>
      </trkpt>
      <trkpt lat="30.631945" lon="104.16143">
        <time>2026-05-10T12:39:57Z</time>
      </trkpt>
      <trkpt lat="30.631996" lon="104.16132">
        <time>2026-05-10T12:39:58Z</time>
      </trkpt>
      <trkpt lat="30.632053" lon="104.16123">
        <time>2026-05-10T12:39:59Z</time>
      </trkpt>
      <trkpt lat="30.632113" lon="104.16114">
        <time>2026-05-10T12:40:00Z</time>
      </trkpt>
      <trkpt lat="30.63217" lon="104.16105">
        <time>2026-05-10T12:40:01Z</time>
      </trkpt>
      <trkpt lat="30.632223" lon="104.16095">
        <time>2026-05-10T12:40:02Z</time>
      </trkpt>
      <trkpt lat="30.63227" lon="104.16086">
        <time>2026-05-10T12:40:03Z</time>
      </trkpt>
      <trkpt lat="30.632317" lon="104.16076">
        <time>2026-05-10T12:40:04Z</time>
      </trkpt>
      <trkpt lat="30.632359" lon="104.16066">
        <time>2026-05-10T12:40:05Z</time>
      </trkpt>
      <trkpt lat="30.632399" lon="104.16056">
        <time>2026-05-10T12:40:06Z</time>
      </trkpt>
      <trkpt lat="30.63244" lon="104.16046">
        <time>2026-05-10T12:40:07Z</time>
      </trkpt>
      <trkpt lat="30.632486" lon="104.16037">
        <time>2026-05-10T12:40:08Z</time>
      </trkpt>
      <trkpt lat="30.632532" lon="104.16028">
        <time>2026-05-10T12:40:09Z</time>
      </trkpt>
      <trkpt lat="30.632574" lon="104.16019">
        <time>2026-05-10T12:40:10Z</time>
      </trkpt>
      <trkpt lat="30.63262" lon="104.160095">
        <time>2026-05-10T12:40:11Z</time>
      </trkpt>
      <trkpt lat="30.632664" lon="104.16">
        <time>2026-05-10T12:40:12Z</time>
      </trkpt>
      <trkpt lat="30.632708" lon="104.15991">
        <time>2026-05-10T12:40:13Z</time>
      </trkpt>
      <trkpt lat="30.632751" lon="104.15981">
        <time>2026-05-10T12:40:14Z</time>
      </trkpt>
      <trkpt lat="30.632795" lon="104.15972">
        <time>2026-05-10T12:40:15Z</time>
      </trkpt>
      <trkpt lat="30.632837" lon="104.15963">
        <time>2026-05-10T12:40:16Z</time>
      </trkpt>
      <trkpt lat="30.63288" lon="104.15954">
        <time>2026-05-10T12:40:17Z</time>
      </trkpt>
      <trkpt lat="30.632921" lon="104.15945">
        <time>2026-05-10T12:40:18Z</time>
      </trkpt>
      <trkpt lat="30.632963" lon="104.159355">
        <time>2026-05-10T12:40:19Z</time>
      </trkpt>
      <trkpt lat="30.632963" lon="104.159355">
        <time>2026-05-10T12:40:20Z</time>
      </trkpt>
      <trkpt lat="30.63309" lon="104.15907">
        <time>2026-05-10T12:40:22Z</time>
      </trkpt>
      <trkpt lat="30.633133" lon="104.15899">
        <time>2026-05-10T12:40:23Z</time>
      </trkpt>
      <trkpt lat="30.633173" lon="104.1589">
        <time>2026-05-10T12:40:24Z</time>
      </trkpt>
      <trkpt lat="30.633213" lon="104.158806">
        <time>2026-05-10T12:40:25Z</time>
      </trkpt>
      <trkpt lat="30.633255" lon="104.15872">
        <time>2026-05-10T12:40:26Z</time>
      </trkpt>
      <trkpt lat="30.633297" lon="104.15864">
        <time>2026-05-10T12:40:27Z</time>
      </trkpt>
      <trkpt lat="30.633337" lon="104.158554">
        <time>2026-05-10T12:40:28Z</time>
      </trkpt>
      <trkpt lat="30.633373" lon="104.15847">
        <time>2026-05-10T12:40:29Z</time>
      </trkpt>
      <trkpt lat="30.633408" lon="104.15839">
        <time>2026-05-10T12:40:30Z</time>
      </trkpt>
      <trkpt lat="30.633444" lon="104.15831">
        <time>2026-05-10T12:40:31Z</time>
      </trkpt>
      <trkpt lat="30.633478" lon="104.15823">
        <time>2026-05-10T12:40:32Z</time>
      </trkpt>
      <trkpt lat="30.63351" lon="104.15815">
        <time>2026-05-10T12:40:33Z</time>
      </trkpt>
      <trkpt lat="30.633541" lon="104.15808">
        <time>2026-05-10T12:40:34Z</time>
      </trkpt>
      <trkpt lat="30.633572" lon="104.158005">
        <time>2026-05-10T12:40:35Z</time>
      </trkpt>
      <trkpt lat="30.6336" lon="104.157936">
        <time>2026-05-10T12:40:36Z</time>
      </trkpt>
      <trkpt lat="30.63363" lon="104.15786">
        <time>2026-05-10T12:40:37Z</time>
      </trkpt>
      <trkpt lat="30.633663" lon="104.15779">
        <time>2026-05-10T12:40:38Z</time>
      </trkpt>
      <trkpt lat="30.633692" lon="104.15772">
        <time>2026-05-10T12:40:39Z</time>
      </trkpt>
      <trkpt lat="30.633724" lon="104.15765">
        <time>2026-05-10T12:40:40Z</time>
      </trkpt>
      <trkpt lat="30.633753" lon="104.15759">
        <time>2026-05-10T12:40:41Z</time>
      </trkpt>
      <trkpt lat="30.633783" lon="104.15753">
        <time>2026-05-10T12:40:42Z</time>
      </trkpt>
      <trkpt lat="30.633814" lon="104.15746">
        <time>2026-05-10T12:40:43Z</time>
      </trkpt>
      <trkpt lat="30.633842" lon="104.1574">
        <time>2026-05-10T12:40:44Z</time>
      </trkpt>
      <trkpt lat="30.63387" lon="104.15734">
        <time>2026-05-10T12:40:45Z</time>
      </trkpt>
      <trkpt lat="30.633898" lon="104.15728">
        <time>2026-05-10T12:40:46Z</time>
      </trkpt>
      <trkpt lat="30.633926" lon="104.15723">
        <time>2026-05-10T12:40:47Z</time>
      </trkpt>
      <trkpt lat="30.63395" lon="104.15717">
        <time>2026-05-10T12:40:48Z</time>
      </trkpt>
      <trkpt lat="30.63397" lon="104.15712">
        <time>2026-05-10T12:40:49Z</time>
      </trkpt>
      <trkpt lat="30.63399" lon="104.157074">
        <time>2026-05-10T12:40:50Z</time>
      </trkpt>
      <trkpt lat="30.634008" lon="104.15702">
        <time>2026-05-10T12:40:51Z</time>
      </trkpt>
      <trkpt lat="30.634026" lon="104.156975">
        <time>2026-05-10T12:40:52Z</time>
      </trkpt>
      <trkpt lat="30.63404" lon="104.15693">
        <time>2026-05-10T12:40:53Z</time>
      </trkpt>
      <trkpt lat="30.634054" lon="104.15688">
        <time>2026-05-10T12:40:54Z</time>
      </trkpt>
      <trkpt lat="30.634066" lon="104.156845">
        <time>2026-05-10T12:40:55Z</time>
      </trkpt>
      <trkpt lat="30.634079" lon="104.1568">
        <time>2026-05-10T12:40:56Z</time>
      </trkpt>
      <trkpt lat="30.634092" lon="104.15675">
        <time>2026-05-10T12:40:57Z</time>
      </trkpt>
      <trkpt lat="30.634108" lon="104.15671">
        <time>2026-05-10T12:40:58Z</time>
      </trkpt>
      <trkpt lat="30.634123" lon="104.15667">
        <time>2026-05-10T12:40:59Z</time>
      </trkpt>
      <trkpt lat="30.634146" lon="104.15662">
        <time>2026-05-10T12:41:00Z</time>
      </trkpt>
      <trkpt lat="30.634165" lon="104.15657">
        <time>2026-05-10T12:41:01Z</time>
      </trkpt>
      <trkpt lat="30.634188" lon="104.156525">
        <time>2026-05-10T12:41:02Z</time>
      </trkpt>
      <trkpt lat="30.634212" lon="104.15648">
        <time>2026-05-10T12:41:03Z</time>
      </trkpt>
      <trkpt lat="30.634233" lon="104.156425">
        <time>2026-05-10T12:41:04Z</time>
      </trkpt>
      <trkpt lat="30.634254" lon="104.15637">
        <time>2026-05-10T12:41:05Z</time>
      </trkpt>
      <trkpt lat="30.634277" lon="104.15633">
        <time>2026-05-10T12:41:06Z</time>
      </trkpt>
      <trkpt lat="30.634298" lon="104.15627">
        <time>2026-05-10T12:41:07Z</time>
      </trkpt>
      <trkpt lat="30.63432" lon="104.15623">
        <time>2026-05-10T12:41:08Z</time>
      </trkpt>
      <trkpt lat="30.63434" lon="104.15618">
        <time>2026-05-10T12:41:09Z</time>
      </trkpt>
      <trkpt lat="30.634357" lon="104.15614">
        <time>2026-05-10T12:41:10Z</time>
      </trkpt>
      <trkpt lat="30.634377" lon="104.1561">
        <time>2026-05-10T12:41:11Z</time>
      </trkpt>
      <trkpt lat="30.634394" lon="104.15605">
        <time>2026-05-10T12:41:12Z</time>
      </trkpt>
      <trkpt lat="30.63441" lon="104.156006">
        <time>2026-05-10T12:41:13Z</time>
      </trkpt>
      <trkpt lat="30.634428" lon="104.15597">
        <time>2026-05-10T12:41:14Z</time>
      </trkpt>
      <trkpt lat="30.634445" lon="104.15592">
        <time>2026-05-10T12:41:15Z</time>
      </trkpt>
      <trkpt lat="30.634462" lon="104.15587">
        <time>2026-05-10T12:41:16Z</time>
      </trkpt>
      <trkpt lat="30.63448" lon="104.15583">
        <time>2026-05-10T12:41:17Z</time>
      </trkpt>
      <trkpt lat="30.634499" lon="104.155785">
        <time>2026-05-10T12:41:18Z</time>
      </trkpt>
      <trkpt lat="30.634518" lon="104.15573">
        <time>2026-05-10T12:41:19Z</time>
      </trkpt>
      <trkpt lat="30.634537" lon="104.15569">
        <time>2026-05-10T12:41:20Z</time>
      </trkpt>
      <trkpt lat="30.634556" lon="104.155655">
        <time>2026-05-10T12:41:21Z</time>
      </trkpt>
      <trkpt lat="30.63457" lon="104.15561">
        <time>2026-05-10T12:41:22Z</time>
      </trkpt>
      <trkpt lat="30.634583" lon="104.15557">
        <time>2026-05-10T12:41:23Z</time>
      </trkpt>
      <trkpt lat="30.634598" lon="104.15553">
        <time>2026-05-10T12:41:24Z</time>
      </trkpt>
      <trkpt lat="30.634613" lon="104.155495">
        <time>2026-05-10T12:41:25Z</time>
      </trkpt>
      <trkpt lat="30.63463" lon="104.15544">
        <time>2026-05-10T12:41:26Z</time>
      </trkpt>
      <trkpt lat="30.634647" lon="104.155396">
        <time>2026-05-10T12:41:27Z</time>
      </trkpt>
      <trkpt lat="30.634663" lon="104.15536">
        <time>2026-05-10T12:41:28Z</time>
      </trkpt>
      <trkpt lat="30.634676" lon="104.15531">
        <time>2026-05-10T12:41:29Z</time>
      </trkpt>
      <trkpt lat="30.634693" lon="104.15527">
        <time>2026-05-10T12:41:30Z</time>
      </trkpt>
      <trkpt lat="30.63471" lon="104.15523">
        <time>2026-05-10T12:41:31Z</time>
      </trkpt>
      <trkpt lat="30.63473" lon="104.15518">
        <time>2026-05-10T12:41:32Z</time>
      </trkpt>
      <trkpt lat="30.634748" lon="104.15514">
        <time>2026-05-10T12:41:33Z</time>
      </trkpt>
      <trkpt lat="30.634768" lon="104.1551">
        <time>2026-05-10T12:41:34Z</time>
      </trkpt>
      <trkpt lat="30.634787" lon="104.15506">
        <time>2026-05-10T12:41:35Z</time>
      </trkpt>
      <trkpt lat="30.634808" lon="104.15502">
        <time>2026-05-10T12:41:36Z</time>
      </trkpt>
      <trkpt lat="30.634827" lon="104.15498">
        <time>2026-05-10T12:41:37Z</time>
      </trkpt>
      <trkpt lat="30.634846" lon="104.15494">
        <time>2026-05-10T12:41:38Z</time>
      </trkpt>
      <trkpt lat="30.634863" lon="104.1549">
        <time>2026-05-10T12:41:39Z</time>
      </trkpt>
      <trkpt lat="30.634882" lon="104.15486">
        <time>2026-05-10T12:41:40Z</time>
      </trkpt>
      <trkpt lat="30.6349" lon="104.154816">
        <time>2026-05-10T12:41:41Z</time>
      </trkpt>
      <trkpt lat="30.634916" lon="104.15477">
        <time>2026-05-10T12:41:42Z</time>
      </trkpt>
      <trkpt lat="30.63493" lon="104.15473">
        <time>2026-05-10T12:41:43Z</time>
      </trkpt>
      <trkpt lat="30.634943" lon="104.15468">
        <time>2026-05-10T12:41:44Z</time>
      </trkpt>
      <trkpt lat="30.634954" lon="104.15463">
        <time>2026-05-10T12:41:45Z</time>
      </trkpt>
      <trkpt lat="30.634972" lon="104.15459">
        <time>2026-05-10T12:41:46Z</time>
      </trkpt>
      <trkpt lat="30.63499" lon="104.15454">
        <time>2026-05-10T12:41:47Z</time>
      </trkpt>
      <trkpt lat="30.635006" lon="104.1545">
        <time>2026-05-10T12:41:48Z</time>
      </trkpt>
      <trkpt lat="30.635025" lon="104.15446">
        <time>2026-05-10T12:41:49Z</time>
      </trkpt>
      <trkpt lat="30.63504" lon="104.15442">
        <time>2026-05-10T12:41:50Z</time>
      </trkpt>
      <trkpt lat="30.63506" lon="104.15438">
        <time>2026-05-10T12:41:51Z</time>
      </trkpt>
      <trkpt lat="30.63508" lon="104.154335">
        <time>2026-05-10T12:41:52Z</time>
      </trkpt>
      <trkpt lat="30.635098" lon="104.15429">
        <time>2026-05-10T12:41:53Z</time>
      </trkpt>
      <trkpt lat="30.635115" lon="104.15424">
        <time>2026-05-10T12:41:54Z</time>
      </trkpt>
      <trkpt lat="30.635134" lon="104.1542">
        <time>2026-05-10T12:41:55Z</time>
      </trkpt>
      <trkpt lat="30.63515" lon="104.15415">
        <time>2026-05-10T12:41:56Z</time>
      </trkpt>
      <trkpt lat="30.63517" lon="104.15411">
        <time>2026-05-10T12:41:57Z</time>
      </trkpt>
      <trkpt lat="30.635187" lon="104.15407">
        <time>2026-05-10T12:41:58Z</time>
      </trkpt>
      <trkpt lat="30.635204" lon="104.15402">
        <time>2026-05-10T12:41:59Z</time>
      </trkpt>
      <trkpt lat="30.635223" lon="104.15398">
        <time>2026-05-10T12:42:00Z</time>
      </trkpt>
      <trkpt lat="30.635242" lon="104.15393">
        <time>2026-05-10T12:42:01Z</time>
      </trkpt>
      <trkpt lat="30.635258" lon="104.153885">
        <time>2026-05-10T12:42:02Z</time>
      </trkpt>
      <trkpt lat="30.635277" lon="104.15383">
        <time>2026-05-10T12:42:03Z</time>
      </trkpt>
      <trkpt lat="30.635296" lon="104.15378">
        <time>2026-05-10T12:42:04Z</time>
      </trkpt>
      <trkpt lat="30.635315" lon="104.153725">
        <time>2026-05-10T12:42:05Z</time>
      </trkpt>
      <trkpt lat="30.635332" lon="104.15367">
        <time>2026-05-10T12:42:06Z</time>
      </trkpt>
      <trkpt lat="30.63535" lon="104.15362">
        <time>2026-05-10T12:42:07Z</time>
      </trkpt>
      <trkpt lat="30.63537" lon="104.15356">
        <time>2026-05-10T12:42:08Z</time>
      </trkpt>
      <trkpt lat="30.635393" lon="104.1535">
        <time>2026-05-10T12:42:09Z</time>
      </trkpt>
      <trkpt lat="30.635418" lon="104.15345">
        <time>2026-05-10T12:42:10Z</time>
      </trkpt>
      <trkpt lat="30.635439" lon="104.15339">
        <time>2026-05-10T12:42:11Z</time>
      </trkpt>
      <trkpt lat="30.635462" lon="104.15333">
        <time>2026-05-10T12:42:12Z</time>
      </trkpt>
      <trkpt lat="30.635485" lon="104.15327">
        <time>2026-05-10T12:42:13Z</time>
      </trkpt>
      <trkpt lat="30.635511" lon="104.153206">
        <time>2026-05-10T12:42:14Z</time>
      </trkpt>
      <trkpt lat="30.63554" lon="104.153145">
        <time>2026-05-10T12:42:15Z</time>
      </trkpt>
      <trkpt lat="30.635572" lon="104.15308">
        <time>2026-05-10T12:42:16Z</time>
      </trkpt>
      <trkpt lat="30.635603" lon="104.153015">
        <time>2026-05-10T12:42:17Z</time>
      </trkpt>
      <trkpt lat="30.635635" lon="104.15295">
        <time>2026-05-10T12:42:18Z</time>
      </trkpt>
      <trkpt lat="30.635666" lon="104.15288">
        <time>2026-05-10T12:42:19Z</time>
      </trkpt>
      <trkpt lat="30.635696" lon="104.1528">
        <time>2026-05-10T12:42:20Z</time>
      </trkpt>
      <trkpt lat="30.635725" lon="104.152725">
        <time>2026-05-10T12:42:21Z</time>
      </trkpt>
      <trkpt lat="30.635754" lon="104.15264">
        <time>2026-05-10T12:42:22Z</time>
      </trkpt>
      <trkpt lat="30.635782" lon="104.152565">
        <time>2026-05-10T12:42:23Z</time>
      </trkpt>
      <trkpt lat="30.635809" lon="104.15247">
        <time>2026-05-10T12:42:24Z</time>
      </trkpt>
      <trkpt lat="30.635838" lon="104.15239">
        <time>2026-05-10T12:42:25Z</time>
      </trkpt>
      <trkpt lat="30.635874" lon="104.1523">
        <time>2026-05-10T12:42:26Z</time>
      </trkpt>
      <trkpt lat="30.63591" lon="104.152214">
        <time>2026-05-10T12:42:27Z</time>
      </trkpt>
      <trkpt lat="30.635944" lon="104.15212">
        <time>2026-05-10T12:42:28Z</time>
      </trkpt>
      <trkpt lat="30.635983" lon="104.15203">
        <time>2026-05-10T12:42:29Z</time>
      </trkpt>
      <trkpt lat="30.636019" lon="104.15193">
        <time>2026-05-10T12:42:30Z</time>
      </trkpt>
      <trkpt lat="30.636057" lon="104.15184">
        <time>2026-05-10T12:42:31Z</time>
      </trkpt>
      <trkpt lat="30.636103" lon="104.15175">
        <time>2026-05-10T12:42:32Z</time>
      </trkpt>
      <trkpt lat="30.636154" lon="104.15166">
        <time>2026-05-10T12:42:33Z</time>
      </trkpt>
      <trkpt lat="30.636202" lon="104.15156">
        <time>2026-05-10T12:42:34Z</time>
      </trkpt>
      <trkpt lat="30.636253" lon="104.15146">
        <time>2026-05-10T12:42:35Z</time>
      </trkpt>
      <trkpt lat="30.636307" lon="104.15136">
        <time>2026-05-10T12:42:36Z</time>
      </trkpt>
      <trkpt lat="30.63637" lon="104.15126">
        <time>2026-05-10T12:42:37Z</time>
      </trkpt>
      <trkpt lat="30.636429" lon="104.15116">
        <time>2026-05-10T12:42:38Z</time>
      </trkpt>
      <trkpt lat="30.636484" lon="104.151054">
        <time>2026-05-10T12:42:39Z</time>
      </trkpt>
      <trkpt lat="30.636541" lon="104.15095">
        <time>2026-05-10T12:42:40Z</time>
      </trkpt>
      <trkpt lat="30.636595" lon="104.15085">
        <time>2026-05-10T12:42:41Z</time>
      </trkpt>
      <trkpt lat="30.636642" lon="104.15075">
        <time>2026-05-10T12:42:42Z</time>
      </trkpt>
      <trkpt lat="30.636688" lon="104.15065">
        <time>2026-05-10T12:42:43Z</time>
      </trkpt>
      <trkpt lat="30.63673" lon="104.15055">
        <time>2026-05-10T12:42:44Z</time>
      </trkpt>
      <trkpt lat="30.636772" lon="104.15045">
        <time>2026-05-10T12:42:45Z</time>
      </trkpt>
      <trkpt lat="30.6368" lon="104.15035">
        <time>2026-05-10T12:42:46Z</time>
      </trkpt>
      <trkpt lat="30.636837" lon="104.15027">
        <time>2026-05-10T12:42:47Z</time>
      </trkpt>
      <trkpt lat="30.636868" lon="104.15018">
        <time>2026-05-10T12:42:48Z</time>
      </trkpt>
      <trkpt lat="30.636892" lon="104.150085">
        <time>2026-05-10T12:42:49Z</time>
      </trkpt>
      <trkpt lat="30.636913" lon="104.15">
        <time>2026-05-10T12:42:50Z</time>
      </trkpt>
      <trkpt lat="30.636936" lon="104.14991">
        <time>2026-05-10T12:42:51Z</time>
      </trkpt>
      <trkpt lat="30.63696" lon="104.14982">
        <time>2026-05-10T12:42:52Z</time>
      </trkpt>
      <trkpt lat="30.636984" lon="104.14973">
        <time>2026-05-10T12:42:53Z</time>
      </trkpt>
      <trkpt lat="30.637018" lon="104.14963">
        <time>2026-05-10T12:42:54Z</time>
      </trkpt>
      <trkpt lat="30.637056" lon="104.149536">
        <time>2026-05-10T12:42:55Z</time>
      </trkpt>
      <trkpt lat="30.637098" lon="104.14944">
        <time>2026-05-10T12:42:56Z</time>
      </trkpt>
      <trkpt lat="30.63714" lon="104.149345">
        <time>2026-05-10T12:42:57Z</time>
      </trkpt>
      <trkpt lat="30.637178" lon="104.14925">
        <time>2026-05-10T12:42:58Z</time>
      </trkpt>
      <trkpt lat="30.63721" lon="104.14917">
        <time>2026-05-10T12:42:59Z</time>
      </trkpt>
      <trkpt lat="30.637249" lon="104.14911">
        <time>2026-05-10T12:43:00Z</time>
      </trkpt>
      <trkpt lat="30.637295" lon="104.14906">
        <time>2026-05-10T12:43:01Z</time>
      </trkpt>
      <trkpt lat="30.637356" lon="104.149025">
        <time>2026-05-10T12:43:02Z</time>
      </trkpt>
      <trkpt lat="30.637424" lon="104.149">
        <time>2026-05-10T12:43:03Z</time>
      </trkpt>
      <trkpt lat="30.63749" lon="104.14896">
        <time>2026-05-10T12:43:04Z</time>
      </trkpt>
      <trkpt lat="30.637558" lon="104.14892">
        <time>2026-05-10T12:43:05Z</time>
      </trkpt>
      <trkpt lat="30.637623" lon="104.14887">
        <time>2026-05-10T12:43:06Z</time>
      </trkpt>
      <trkpt lat="30.637686" lon="104.14883">
        <time>2026-05-10T12:43:07Z</time>
      </trkpt>
      <trkpt lat="30.637749" lon="104.14878">
        <time>2026-05-10T12:43:08Z</time>
      </trkpt>
      <trkpt lat="30.637812" lon="104.148735">
        <time>2026-05-10T12:43:09Z</time>
      </trkpt>
      <trkpt lat="30.637873" lon="104.14869">
        <time>2026-05-10T12:43:10Z</time>
      </trkpt>
      <trkpt lat="30.637924" lon="104.148636">
        <time>2026-05-10T12:43:11Z</time>
      </trkpt>
      <trkpt lat="30.63797" lon="104.14857">
        <time>2026-05-10T12:43:12Z</time>
      </trkpt>
      <trkpt lat="30.637999" lon="104.148506">
        <time>2026-05-10T12:43:13Z</time>
      </trkpt>
      <trkpt lat="30.638" lon="104.14845">
        <time>2026-05-10T12:43:14Z</time>
      </trkpt>
      <trkpt lat="30.63799" lon="104.148415">
        <time>2026-05-10T12:43:15Z</time>
      </trkpt>
      <trkpt lat="30.637978" lon="104.14838">
        <time>2026-05-10T12:43:16Z</time>
      </trkpt>
      <trkpt lat="30.637964" lon="104.148346">
        <time>2026-05-10T12:43:17Z</time>
      </trkpt>
      <trkpt lat="30.637924" lon="104.14831">
        <time>2026-05-10T12:43:18Z</time>
      </trkpt>
      <trkpt lat="30.637877" lon="104.14825">
        <time>2026-05-10T12:43:19Z</time>
      </trkpt>
      <trkpt lat="30.637823" lon="104.14818">
        <time>2026-05-10T12:43:20Z</time>
      </trkpt>
      <trkpt lat="30.637775" lon="104.14811">
        <time>2026-05-10T12:43:21Z</time>
      </trkpt>
      <trkpt lat="30.637737" lon="104.14804">
        <time>2026-05-10T12:43:22Z</time>
      </trkpt>
      <trkpt lat="30.637712" lon="104.14798">
        <time>2026-05-10T12:43:23Z</time>
      </trkpt>
      <trkpt lat="30.637686" lon="104.14793">
        <time>2026-05-10T12:43:24Z</time>
      </trkpt>
      <trkpt lat="30.637669" lon="104.14789">
        <time>2026-05-10T12:43:25Z</time>
      </trkpt>
      <trkpt lat="30.637651" lon="104.14784">
        <time>2026-05-10T12:43:26Z</time>
      </trkpt>
      <trkpt lat="30.637634" lon="104.1478">
        <time>2026-05-10T12:43:27Z</time>
      </trkpt>
      <trkpt lat="30.637623" lon="104.14775">
        <time>2026-05-10T12:43:28Z</time>
      </trkpt>
      <trkpt lat="30.637613" lon="104.147705">
        <time>2026-05-10T12:43:29Z</time>
      </trkpt>
      <trkpt lat="30.637606" lon="104.14765">
        <time>2026-05-10T12:43:30Z</time>
      </trkpt>
      <trkpt lat="30.6376" lon="104.147606">
        <time>2026-05-10T12:43:31Z</time>
      </trkpt>
      <trkpt lat="30.637598" lon="104.14756">
        <time>2026-05-10T12:43:32Z</time>
      </trkpt>
      <trkpt lat="30.637594" lon="104.14751">
        <time>2026-05-10T12:43:33Z</time>
      </trkpt>
      <trkpt lat="30.637596" lon="104.14747">
        <time>2026-05-10T12:43:34Z</time>
      </trkpt>
      <trkpt lat="30.637596" lon="104.147415">
        <time>2026-05-10T12:43:35Z</time>
      </trkpt>
      <trkpt lat="30.637596" lon="104.14737">
        <time>2026-05-10T12:43:36Z</time>
      </trkpt>
      <trkpt lat="30.637604" lon="104.147316">
        <time>2026-05-10T12:43:37Z</time>
      </trkpt>
      <trkpt lat="30.637608" lon="104.14727">
        <time>2026-05-10T12:43:38Z</time>
      </trkpt>
      <trkpt lat="30.637615" lon="104.147224">
        <time>2026-05-10T12:43:39Z</time>
      </trkpt>
      <trkpt lat="30.63762" lon="104.14718">
        <time>2026-05-10T12:43:40Z</time>
      </trkpt>
      <trkpt lat="30.63763" lon="104.14713">
        <time>2026-05-10T12:43:41Z</time>
      </trkpt>
      <trkpt lat="30.637634" lon="104.14708">
        <time>2026-05-10T12:43:42Z</time>
      </trkpt>
      <trkpt lat="30.63764" lon="104.14703">
        <time>2026-05-10T12:43:43Z</time>
      </trkpt>
      <trkpt lat="30.63765" lon="104.14697">
        <time>2026-05-10T12:43:44Z</time>
      </trkpt>
      <trkpt lat="30.63766" lon="104.14693">
        <time>2026-05-10T12:43:45Z</time>
      </trkpt>
      <trkpt lat="30.637667" lon="104.14687">
        <time>2026-05-10T12:43:46Z</time>
      </trkpt>
      <trkpt lat="30.637676" lon="104.14683">
        <time>2026-05-10T12:43:47Z</time>
      </trkpt>
      <trkpt lat="30.637686" lon="104.14678">
        <time>2026-05-10T12:43:48Z</time>
      </trkpt>
      <trkpt lat="30.637691" lon="104.146736">
        <time>2026-05-10T12:43:49Z</time>
      </trkpt>
      <trkpt lat="30.637703" lon="104.14668">
        <time>2026-05-10T12:43:50Z</time>
      </trkpt>
      <trkpt lat="30.637714" lon="104.14664">
        <time>2026-05-10T12:43:51Z</time>
      </trkpt>
      <trkpt lat="30.637728" lon="104.14658">
        <time>2026-05-10T12:43:52Z</time>
      </trkpt>
      <trkpt lat="30.63774" lon="104.14654">
        <time>2026-05-10T12:43:53Z</time>
      </trkpt>
      <trkpt lat="30.637749" lon="104.146484">
        <time>2026-05-10T12:43:54Z</time>
      </trkpt>
      <trkpt lat="30.637762" lon="104.14644">
        <time>2026-05-10T12:43:55Z</time>
      </trkpt>
      <trkpt lat="30.637775" lon="104.14639">
        <time>2026-05-10T12:43:56Z</time>
      </trkpt>
      <trkpt lat="30.637785" lon="104.14633">
        <time>2026-05-10T12:43:57Z</time>
      </trkpt>
      <trkpt lat="30.637794" lon="104.146286">
        <time>2026-05-10T12:43:58Z</time>
      </trkpt>
      <trkpt lat="30.637808" lon="104.14623">
        <time>2026-05-10T12:43:59Z</time>
      </trkpt>
      <trkpt lat="30.63782" lon="104.14619">
        <time>2026-05-10T12:44:00Z</time>
      </trkpt>
      <trkpt lat="30.63783" lon="104.14614">
        <time>2026-05-10T12:44:01Z</time>
      </trkpt>
      <trkpt lat="30.637844" lon="104.1461">
        <time>2026-05-10T12:44:02Z</time>
      </trkpt>
      <trkpt lat="30.637863" lon="104.14606">
        <time>2026-05-10T12:44:03Z</time>
      </trkpt>
      <trkpt lat="30.637894" lon="104.14602">
        <time>2026-05-10T12:44:04Z</time>
      </trkpt>
      <trkpt lat="30.637922" lon="104.14599">
        <time>2026-05-10T12:44:05Z</time>
      </trkpt>
      <trkpt lat="30.63795" lon="104.14596">
        <time>2026-05-10T12:44:06Z</time>
      </trkpt>
      <trkpt lat="30.63798" lon="104.14593">
        <time>2026-05-10T12:44:07Z</time>
      </trkpt>
      <trkpt lat="30.638016" lon="104.14589">
        <time>2026-05-10T12:44:08Z</time>
      </trkpt>
      <trkpt lat="30.63805" lon="104.14586">
        <time>2026-05-10T12:44:09Z</time>
      </trkpt>
      <trkpt lat="30.638086" lon="104.14582">
        <time>2026-05-10T12:44:10Z</time>
      </trkpt>
      <trkpt lat="30.63812" lon="104.14578">
        <time>2026-05-10T12:44:11Z</time>
      </trkpt>
      <trkpt lat="30.63815" lon="104.14575">
        <time>2026-05-10T12:44:12Z</time>
      </trkpt>
      <trkpt lat="30.63817" lon="104.14571">
        <time>2026-05-10T12:44:13Z</time>
      </trkpt>
      <trkpt lat="30.63818" lon="104.14567">
        <time>2026-05-10T12:44:14Z</time>
      </trkpt>
      <trkpt lat="30.638187" lon="104.14562">
        <time>2026-05-10T12:44:15Z</time>
      </trkpt>
      <trkpt lat="30.638199" lon="104.14557">
        <time>2026-05-10T12:44:16Z</time>
      </trkpt>
      <trkpt lat="30.6382" lon="104.145515">
        <time>2026-05-10T12:44:17Z</time>
      </trkpt>
      <trkpt lat="30.6382" lon="104.14547">
        <time>2026-05-10T12:44:18Z</time>
      </trkpt>
      <trkpt lat="30.6382" lon="104.14541">
        <time>2026-05-10T12:44:19Z</time>
      </trkpt>
      <trkpt lat="30.638203" lon="104.14536">
        <time>2026-05-10T12:44:20Z</time>
      </trkpt>
      <trkpt lat="30.638208" lon="104.14532">
        <time>2026-05-10T12:44:21Z</time>
      </trkpt>
      <trkpt lat="30.638214" lon="104.14526">
        <time>2026-05-10T12:44:22Z</time>
      </trkpt>
      <trkpt lat="30.63822" lon="104.14522">
        <time>2026-05-10T12:44:23Z</time>
      </trkpt>
      <trkpt lat="30.638231" lon="104.14517">
        <time>2026-05-10T12:44:24Z</time>
      </trkpt>
      <trkpt lat="30.638243" lon="104.145134">
        <time>2026-05-10T12:44:25Z</time>
      </trkpt>
      <trkpt lat="30.638256" lon="104.14509">
        <time>2026-05-10T12:44:26Z</time>
      </trkpt>
      <trkpt lat="30.638271" lon="104.14505">
        <time>2026-05-10T12:44:27Z</time>
      </trkpt>
      <trkpt lat="30.638287" lon="104.145004">
        <time>2026-05-10T12:44:28Z</time>
      </trkpt>
      <trkpt lat="30.638304" lon="104.144966">
        <time>2026-05-10T12:44:29Z</time>
      </trkpt>
      <trkpt lat="30.638323" lon="104.14493">
        <time>2026-05-10T12:44:30Z</time>
      </trkpt>
      <trkpt lat="30.63835" lon="104.144875">
        <time>2026-05-10T12:44:31Z</time>
      </trkpt>
      <trkpt lat="30.638369" lon="104.14484">
        <time>2026-05-10T12:44:32Z</time>
      </trkpt>
      <trkpt lat="30.638384" lon="104.1448">
        <time>2026-05-10T12:44:33Z</time>
      </trkpt>
      <trkpt lat="30.63839" lon="104.14477">
        <time>2026-05-10T12:44:34Z</time>
      </trkpt>
      <trkpt lat="30.638395" lon="104.144714">
        <time>2026-05-10T12:44:35Z</time>
      </trkpt>
      <trkpt lat="30.638393" lon="104.14466">
        <time>2026-05-10T12:44:36Z</time>
      </trkpt>
      <trkpt lat="30.638386" lon="104.1446">
        <time>2026-05-10T12:44:37Z</time>
      </trkpt>
      <trkpt lat="30.638369" lon="104.14454">
        <time>2026-05-10T12:44:38Z</time>
      </trkpt>
      <trkpt lat="30.63835" lon="104.14448">
        <time>2026-05-10T12:44:39Z</time>
      </trkpt>
      <trkpt lat="30.63833" lon="104.144424">
        <time>2026-05-10T12:44:40Z</time>
      </trkpt>
      <trkpt lat="30.638315" lon="104.14438">
        <time>2026-05-10T12:44:41Z</time>
      </trkpt>
      <trkpt lat="30.6383" lon="104.144325">
        <time>2026-05-10T12:44:42Z</time>
      </trkpt>
      <trkpt lat="30.638308" lon="104.14429">
        <time>2026-05-10T12:44:43Z</time>
      </trkpt>
      <trkpt lat="30.638323" lon="104.14425">
        <time>2026-05-10T12:44:44Z</time>
      </trkpt>
      <trkpt lat="30.638336" lon="104.1442">
        <time>2026-05-10T12:44:45Z</time>
      </trkpt>
      <trkpt lat="30.638346" lon="104.14416">
        <time>2026-05-10T12:44:46Z</time>
      </trkpt>
      <trkpt lat="30.63836" lon="104.14411">
        <time>2026-05-10T12:44:47Z</time>
      </trkpt>
      <trkpt lat="30.638369" lon="104.14407">
        <time>2026-05-10T12:44:48Z</time>
      </trkpt>
      <trkpt lat="30.638378" lon="104.14404">
        <time>2026-05-10T12:44:49Z</time>
      </trkpt>
      <trkpt lat="30.638386" lon="104.144">
        <time>2026-05-10T12:44:50Z</time>
      </trkpt>
      <trkpt lat="30.638395" lon="104.14396">
        <time>2026-05-10T12:44:51Z</time>
      </trkpt>
      <trkpt lat="30.638405" lon="104.14392">
        <time>2026-05-10T12:44:52Z</time>
      </trkpt>
      <trkpt lat="30.638412" lon="104.143875">
        <time>2026-05-10T12:44:53Z</time>
      </trkpt>
      <trkpt lat="30.638426" lon="104.14384">
        <time>2026-05-10T12:44:54Z</time>
      </trkpt>
      <trkpt lat="30.638435" lon="104.14379">
        <time>2026-05-10T12:44:55Z</time>
      </trkpt>
      <trkpt lat="30.638441" lon="104.14375">
        <time>2026-05-10T12:44:56Z</time>
      </trkpt>
      <trkpt lat="30.638447" lon="104.14371">
        <time>2026-05-10T12:44:57Z</time>
      </trkpt>
      <trkpt lat="30.638453" lon="104.14366">
        <time>2026-05-10T12:44:58Z</time>
      </trkpt>
      <trkpt lat="30.63846" lon="104.143616">
        <time>2026-05-10T12:44:59Z</time>
      </trkpt>
      <trkpt lat="30.638472" lon="104.14357">
        <time>2026-05-10T12:45:00Z</time>
      </trkpt>
      <trkpt lat="30.638483" lon="104.14353">
        <time>2026-05-10T12:45:01Z</time>
      </trkpt>
      <trkpt lat="30.638498" lon="104.143486">
        <time>2026-05-10T12:45:02Z</time>
      </trkpt>
      <trkpt lat="30.638506" lon="104.14343">
        <time>2026-05-10T12:45:03Z</time>
      </trkpt>
      <trkpt lat="30.638517" lon="104.14339">
        <time>2026-05-10T12:45:04Z</time>
      </trkpt>
      <trkpt lat="30.63853" lon="104.14334">
        <time>2026-05-10T12:45:05Z</time>
      </trkpt>
      <trkpt lat="30.63854" lon="104.143295">
        <time>2026-05-10T12:45:06Z</time>
      </trkpt>
      <trkpt lat="30.638552" lon="104.14325">
        <time>2026-05-10T12:45:07Z</time>
      </trkpt>
      <trkpt lat="30.638561" lon="104.1432">
        <time>2026-05-10T12:45:08Z</time>
      </trkpt>
      <trkpt lat="30.63857" lon="104.14316">
        <time>2026-05-10T12:45:09Z</time>
      </trkpt>
      <trkpt lat="30.638584" lon="104.14312">
        <time>2026-05-10T12:45:10Z</time>
      </trkpt>
      <trkpt lat="30.638597" lon="104.14307">
        <time>2026-05-10T12:45:11Z</time>
      </trkpt>
      <trkpt lat="30.63861" lon="104.14302">
        <time>2026-05-10T12:45:12Z</time>
      </trkpt>
      <trkpt lat="30.638624" lon="104.142975">
        <time>2026-05-10T12:45:13Z</time>
      </trkpt>
      <trkpt lat="30.638638" lon="104.14294">
        <time>2026-05-10T12:45:14Z</time>
      </trkpt>
      <trkpt lat="30.638645" lon="104.1429">
        <time>2026-05-10T12:45:15Z</time>
      </trkpt>
      <trkpt lat="30.638659" lon="104.142845">
        <time>2026-05-10T12:45:16Z</time>
      </trkpt>
      <trkpt lat="30.63867" lon="104.14281">
        <time>2026-05-10T12:45:17Z</time>
      </trkpt>
      <trkpt lat="30.638681" lon="104.14276">
        <time>2026-05-10T12:45:18Z</time>
      </trkpt>
      <trkpt lat="30.638693" lon="104.14272">
        <time>2026-05-10T12:45:19Z</time>
      </trkpt>
      <trkpt lat="30.638702" lon="104.14268">
        <time>2026-05-10T12:45:20Z</time>
      </trkpt>
      <trkpt lat="30.638714" lon="104.14264">
        <time>2026-05-10T12:45:21Z</time>
      </trkpt>
      <trkpt lat="30.638727" lon="104.14259">
        <time>2026-05-10T12:45:22Z</time>
      </trkpt>
      <trkpt lat="30.638733" lon="104.14255">
        <time>2026-05-10T12:45:23Z</time>
      </trkpt>
      <trkpt lat="30.638742" lon="104.142494">
        <time>2026-05-10T12:45:24Z</time>
      </trkpt>
      <trkpt lat="30.638752" lon="104.14244">
        <time>2026-05-10T12:45:25Z</time>
      </trkpt>
      <trkpt lat="30.638762" lon="104.14239">
        <time>2026-05-10T12:45:26Z</time>
      </trkpt>
      <trkpt lat="30.638777" lon="104.14234">
        <time>2026-05-10T12:45:27Z</time>
      </trkpt>
      <trkpt lat="30.63879" lon="104.14229">
        <time>2026-05-10T12:45:28Z</time>
      </trkpt>
      <trkpt lat="30.638802" lon="104.14224">
        <time>2026-05-10T12:45:29Z</time>
      </trkpt>
      <trkpt lat="30.638819" lon="104.14219">
        <time>2026-05-10T12:45:30Z</time>
      </trkpt>
      <trkpt lat="30.638826" lon="104.14214">
        <time>2026-05-10T12:45:31Z</time>
      </trkpt>
      <trkpt lat="30.638838" lon="104.1421">
        <time>2026-05-10T12:45:32Z</time>
      </trkpt>
      <trkpt lat="30.638853" lon="104.142044">
        <time>2026-05-10T12:45:33Z</time>
      </trkpt>
      <trkpt lat="30.638865" lon="104.142">
        <time>2026-05-10T12:45:34Z</time>
      </trkpt>
      <trkpt lat="30.638872" lon="104.141945">
        <time>2026-05-10T12:45:35Z</time>
      </trkpt>
      <trkpt lat="30.638884" lon="104.1419">
        <time>2026-05-10T12:45:36Z</time>
      </trkpt>
      <trkpt lat="30.638897" lon="104.14184">
        <time>2026-05-10T12:45:37Z</time>
      </trkpt>
      <trkpt lat="30.638908" lon="104.141785">
        <time>2026-05-10T12:45:38Z</time>
      </trkpt>
      <trkpt lat="30.638924" lon="104.14174">
        <time>2026-05-10T12:45:39Z</time>
      </trkpt>
      <trkpt lat="30.638935" lon="104.14169">
        <time>2026-05-10T12:45:40Z</time>
      </trkpt>
      <trkpt lat="30.638945" lon="104.14165">
        <time>2026-05-10T12:45:41Z</time>
      </trkpt>
      <trkpt lat="30.638954" lon="104.1416">
        <time>2026-05-10T12:45:42Z</time>
      </trkpt>
      <trkpt lat="30.638962" lon="104.14156">
        <time>2026-05-10T12:45:43Z</time>
      </trkpt>
      <trkpt lat="30.638966" lon="104.14152">
        <time>2026-05-10T12:45:44Z</time>
      </trkpt>
      <trkpt lat="30.63897" lon="104.14147">
        <time>2026-05-10T12:45:45Z</time>
      </trkpt>
      <trkpt lat="30.638977" lon="104.141426">
        <time>2026-05-10T12:45:46Z</time>
      </trkpt>
      <trkpt lat="30.638985" lon="104.14139">
        <time>2026-05-10T12:45:47Z</time>
      </trkpt>
      <trkpt lat="30.639002" lon="104.14134">
        <time>2026-05-10T12:45:48Z</time>
      </trkpt>
      <trkpt lat="30.63902" lon="104.1413">
        <time>2026-05-10T12:45:49Z</time>
      </trkpt>
      <trkpt lat="30.639044" lon="104.14124">
        <time>2026-05-10T12:45:50Z</time>
      </trkpt>
      <trkpt lat="30.63906" lon="104.1412">
        <time>2026-05-10T12:45:51Z</time>
      </trkpt>
      <trkpt lat="30.639086" lon="104.14114">
        <time>2026-05-10T12:45:52Z</time>
      </trkpt>
      <trkpt lat="30.639116" lon="104.14109">
        <time>2026-05-10T12:45:53Z</time>
      </trkpt>
      <trkpt lat="30.639145" lon="104.14104">
        <time>2026-05-10T12:45:54Z</time>
      </trkpt>
      <trkpt lat="30.639168" lon="104.140976">
        <time>2026-05-10T12:45:55Z</time>
      </trkpt>
      <trkpt lat="30.639187" lon="104.14091">
        <time>2026-05-10T12:45:56Z</time>
      </trkpt>
      <trkpt lat="30.639208" lon="104.14084">
        <time>2026-05-10T12:45:57Z</time>
      </trkpt>
      <trkpt lat="30.63923" lon="104.14078">
        <time>2026-05-10T12:45:58Z</time>
      </trkpt>
      <trkpt lat="30.63925" lon="104.14071">
        <time>2026-05-10T12:45:59Z</time>
      </trkpt>
      <trkpt lat="30.639267" lon="104.14065">
        <time>2026-05-10T12:46:00Z</time>
      </trkpt>
      <trkpt lat="30.639284" lon="104.14059">
        <time>2026-05-10T12:46:01Z</time>
      </trkpt>
      <trkpt lat="30.639297" lon="104.140526">
        <time>2026-05-10T12:46:02Z</time>
      </trkpt>
      <trkpt lat="30.63931" lon="104.14046">
        <time>2026-05-10T12:46:03Z</time>
      </trkpt>
      <trkpt lat="30.63932" lon="104.14038">
        <time>2026-05-10T12:46:04Z</time>
      </trkpt>
      <trkpt lat="30.639332" lon="104.14029">
        <time>2026-05-10T12:46:05Z</time>
      </trkpt>
      <trkpt lat="30.639347" lon="104.1402">
        <time>2026-05-10T12:46:06Z</time>
      </trkpt>
      <trkpt lat="30.639357" lon="104.140114">
        <time>2026-05-10T12:46:07Z</time>
      </trkpt>
      <trkpt lat="30.639364" lon="104.14003">
        <time>2026-05-10T12:46:08Z</time>
      </trkpt>
      <trkpt lat="30.63935" lon="104.13996">
        <time>2026-05-10T12:46:09Z</time>
      </trkpt>
      <trkpt lat="30.63934" lon="104.13989">
        <time>2026-05-10T12:46:10Z</time>
      </trkpt>
      <trkpt lat="30.639334" lon="104.13983">
        <time>2026-05-10T12:46:11Z</time>
      </trkpt>
      <trkpt lat="30.639332" lon="104.13977">
        <time>2026-05-10T12:46:12Z</time>
      </trkpt>
      <trkpt lat="30.639328" lon="104.1397">
        <time>2026-05-10T12:46:13Z</time>
      </trkpt>
      <trkpt lat="30.63933" lon="104.13965">
        <time>2026-05-10T12:46:14Z</time>
      </trkpt>
      <trkpt lat="30.639336" lon="104.1396">
        <time>2026-05-10T12:46:15Z</time>
      </trkpt>
      <trkpt lat="30.63935" lon="104.139565">
        <time>2026-05-10T12:46:16Z</time>
      </trkpt>
      <trkpt lat="30.639376" lon="104.13952">
        <time>2026-05-10T12:46:17Z</time>
      </trkpt>
      <trkpt lat="30.639406" lon="104.13948">
        <time>2026-05-10T12:46:18Z</time>
      </trkpt>
      <trkpt lat="30.639439" lon="104.13943">
        <time>2026-05-10T12:46:19Z</time>
      </trkpt>
      <trkpt lat="30.639463" lon="104.13937">
        <time>2026-05-10T12:46:20Z</time>
      </trkpt>
      <trkpt lat="30.639496" lon="104.13931">
        <time>2026-05-10T12:46:21Z</time>
      </trkpt>
      <trkpt lat="30.639517" lon="104.13925">
        <time>2026-05-10T12:46:22Z</time>
      </trkpt>
      <trkpt lat="30.639534" lon="104.1392">
        <time>2026-05-10T12:46:23Z</time>
      </trkpt>
      <trkpt lat="30.639538" lon="104.13914">
        <time>2026-05-10T12:46:24Z</time>
      </trkpt>
      <trkpt lat="30.639547" lon="104.139084">
        <time>2026-05-10T12:46:25Z</time>
      </trkpt>
      <trkpt lat="30.639557" lon="104.13903">
        <time>2026-05-10T12:46:26Z</time>
      </trkpt>
      <trkpt lat="30.639557" lon="104.13896">
        <time>2026-05-10T12:46:27Z</time>
      </trkpt>
      <trkpt lat="30.639547" lon="104.1389">
        <time>2026-05-10T12:46:28Z</time>
      </trkpt>
      <trkpt lat="30.639536" lon="104.138855">
        <time>2026-05-10T12:46:29Z</time>
      </trkpt>
      <trkpt lat="30.639528" lon="104.138794">
        <time>2026-05-10T12:46:30Z</time>
      </trkpt>
      <trkpt lat="30.639523" lon="104.13874">
        <time>2026-05-10T12:46:31Z</time>
      </trkpt>
      <trkpt lat="30.639515" lon="104.13868">
        <time>2026-05-10T12:46:32Z</time>
      </trkpt>
      <trkpt lat="30.639507" lon="104.13862">
        <time>2026-05-10T12:46:33Z</time>
      </trkpt>
      <trkpt lat="30.639502" lon="104.13855">
        <time>2026-05-10T12:46:34Z</time>
      </trkpt>
      <trkpt lat="30.639492" lon="104.13849">
        <time>2026-05-10T12:46:35Z</time>
      </trkpt>
      <trkpt lat="30.639486" lon="104.13843">
        <time>2026-05-10T12:46:36Z</time>
      </trkpt>
      <trkpt lat="30.63948" lon="104.13837">
        <time>2026-05-10T12:46:37Z</time>
      </trkpt>
      <trkpt lat="30.639477" lon="104.138306">
        <time>2026-05-10T12:46:38Z</time>
      </trkpt>
      <trkpt lat="30.639479" lon="104.13825">
        <time>2026-05-10T12:46:39Z</time>
      </trkpt>
      <trkpt lat="30.639482" lon="104.1382">
        <time>2026-05-10T12:46:40Z</time>
      </trkpt>
      <trkpt lat="30.639482" lon="104.13814">
        <time>2026-05-10T12:46:41Z</time>
      </trkpt>
      <trkpt lat="30.639482" lon="104.138084">
        <time>2026-05-10T12:46:42Z</time>
      </trkpt>
      <trkpt lat="30.639482" lon="104.13802">
        <time>2026-05-10T12:46:43Z</time>
      </trkpt>
      <trkpt lat="30.639479" lon="104.13797">
        <time>2026-05-10T12:46:44Z</time>
      </trkpt>
      <trkpt lat="30.639479" lon="104.137924">
        <time>2026-05-10T12:46:45Z</time>
      </trkpt>
      <trkpt lat="30.639477" lon="104.13788">
        <time>2026-05-10T12:46:46Z</time>
      </trkpt>
      <trkpt lat="30.639475" lon="104.13783">
        <time>2026-05-10T12:46:47Z</time>
      </trkpt>
      <trkpt lat="30.639473" lon="104.13779">
        <time>2026-05-10T12:46:48Z</time>
      </trkpt>
      <trkpt lat="30.63947" lon="104.13775">
        <time>2026-05-10T12:46:49Z</time>
      </trkpt>
      <trkpt lat="30.63947" lon="104.13771">
        <time>2026-05-10T12:46:50Z</time>
      </trkpt>
      <trkpt lat="30.63947" lon="104.13768">
        <time>2026-05-10T12:46:51Z</time>
      </trkpt>
      <trkpt lat="30.639465" lon="104.13764">
        <time>2026-05-10T12:46:52Z</time>
      </trkpt>
      <trkpt lat="30.639463" lon="104.1376">
        <time>2026-05-10T12:46:53Z</time>
      </trkpt>
      <trkpt lat="30.639463" lon="104.13757">
        <time>2026-05-10T12:46:54Z</time>
      </trkpt>
      <trkpt lat="30.639462" lon="104.13754">
        <time>2026-05-10T12:46:55Z</time>
      </trkpt>
      <trkpt lat="30.63946" lon="104.13751">
        <time>2026-05-10T12:46:56Z</time>
      </trkpt>
      <trkpt lat="30.639458" lon="104.13748">
        <time>2026-05-10T12:46:57Z</time>
      </trkpt>
      <trkpt lat="30.639456" lon="104.13746">
        <time>2026-05-10T12:46:58Z</time>
      </trkpt>
      <trkpt lat="30.639456" lon="104.13743">
        <time>2026-05-10T12:46:59Z</time>
      </trkpt>
      <trkpt lat="30.639456" lon="104.13741">
        <time>2026-05-10T12:47:00Z</time>
      </trkpt>
      <trkpt lat="30.639456" lon="104.1374">
        <time>2026-05-10T12:47:01Z</time>
      </trkpt>
      <trkpt lat="30.639456" lon="104.13739">
        <time>2026-05-10T12:47:02Z</time>
      </trkpt>
      <trkpt lat="30.639456" lon="104.13739">
        <time>2026-05-10T12:47:03Z</time>
      </trkpt>
      <trkpt lat="30.639456" lon="104.13739">
        <time>2026-05-10T12:47:04Z</time>
      </trkpt>
      <trkpt lat="30.639456" lon="104.13739">
        <time>2026-05-10T12:47:05Z</time>
      </trkpt>
      <trkpt lat="30.639456" lon="104.13739">
        <time>2026-05-10T12:47:06Z</time>
      </trkpt>
      <trkpt lat="30.639458" lon="104.13736">
        <time>2026-05-10T12:47:07Z</time>
      </trkpt>
      <trkpt lat="30.63946" lon="104.13733">
        <time>2026-05-10T12:47:08Z</time>
      </trkpt>
      <trkpt lat="30.639458" lon="104.13729">
        <time>2026-05-10T12:47:09Z</time>
      </trkpt>
      <trkpt lat="30.639456" lon="104.13724">
        <time>2026-05-10T12:47:10Z</time>
      </trkpt>
      <trkpt lat="30.639452" lon="104.13719">
        <time>2026-05-10T12:47:11Z</time>
      </trkpt>
      <trkpt lat="30.63945" lon="104.13714">
        <time>2026-05-10T12:47:12Z</time>
      </trkpt>
      <trkpt lat="30.63945" lon="104.137085">
        <time>2026-05-10T12:47:13Z</time>
      </trkpt>
      <trkpt lat="30.63945" lon="104.137024">
        <time>2026-05-10T12:47:14Z</time>
      </trkpt>
      <trkpt lat="30.639448" lon="104.13697">
        <time>2026-05-10T12:47:15Z</time>
      </trkpt>
      <trkpt lat="30.639446" lon="104.13691">
        <time>2026-05-10T12:47:16Z</time>
      </trkpt>
      <trkpt lat="30.639444" lon="104.13685">
        <time>2026-05-10T12:47:17Z</time>
      </trkpt>
      <trkpt lat="30.639444" lon="104.13679">
        <time>2026-05-10T12:47:18Z</time>
      </trkpt>
      <trkpt lat="30.63945" lon="104.13673">
        <time>2026-05-10T12:47:19Z</time>
      </trkpt>
      <trkpt lat="30.63946" lon="104.136665">
        <time>2026-05-10T12:47:20Z</time>
      </trkpt>
      <trkpt lat="30.63947" lon="104.136604">
        <time>2026-05-10T12:47:21Z</time>
      </trkpt>
      <trkpt lat="30.639477" lon="104.136536">
        <time>2026-05-10T12:47:22Z</time>
      </trkpt>
      <trkpt lat="30.63948" lon="104.136475">
        <time>2026-05-10T12:47:23Z</time>
      </trkpt>
      <trkpt lat="30.639486" lon="104.136406">
        <time>2026-05-10T12:47:24Z</time>
      </trkpt>
      <trkpt lat="30.63949" lon="104.136345">
        <time>2026-05-10T12:47:25Z</time>
      </trkpt>
      <trkpt lat="30.639486" lon="104.13628">
        <time>2026-05-10T12:47:26Z</time>
      </trkpt>
      <trkpt lat="30.639484" lon="104.13622">
        <time>2026-05-10T12:47:27Z</time>
      </trkpt>
      <trkpt lat="30.639482" lon="104.13618">
        <time>2026-05-10T12:47:28Z</time>
      </trkpt>
      <trkpt lat="30.639486" lon="104.13612">
        <time>2026-05-10T12:47:29Z</time>
      </trkpt>
      <trkpt lat="30.639486" lon="104.13606">
        <time>2026-05-10T12:47:30Z</time>
      </trkpt>
      <trkpt lat="30.639484" lon="104.135994">
        <time>2026-05-10T12:47:31Z</time>
      </trkpt>
      <trkpt lat="30.639486" lon="104.13592">
        <time>2026-05-10T12:47:32Z</time>
      </trkpt>
      <trkpt lat="30.639486" lon="104.13584">
        <time>2026-05-10T12:47:33Z</time>
      </trkpt>
      <trkpt lat="30.63949" lon="104.13577">
        <time>2026-05-10T12:47:34Z</time>
      </trkpt>
      <trkpt lat="30.639496" lon="104.1357">
        <time>2026-05-10T12:47:35Z</time>
      </trkpt>
      <trkpt lat="30.6395" lon="104.13562">
        <time>2026-05-10T12:47:36Z</time>
      </trkpt>
      <trkpt lat="30.6395" lon="104.13555">
        <time>2026-05-10T12:47:37Z</time>
      </trkpt>
      <trkpt lat="30.639502" lon="104.13547">
        <time>2026-05-10T12:47:38Z</time>
      </trkpt>
      <trkpt lat="30.63951" lon="104.1354">
        <time>2026-05-10T12:47:39Z</time>
      </trkpt>
      <trkpt lat="30.639523" lon="104.13532">
        <time>2026-05-10T12:47:40Z</time>
      </trkpt>
      <trkpt lat="30.639536" lon="104.135254">
        <time>2026-05-10T12:47:41Z</time>
      </trkpt>
      <trkpt lat="30.63954" lon="104.13518">
        <time>2026-05-10T12:47:42Z</time>
      </trkpt>
      <trkpt lat="30.639544" lon="104.13511">
        <time>2026-05-10T12:47:43Z</time>
      </trkpt>
      <trkpt lat="30.63955" lon="104.13504">
        <time>2026-05-10T12:47:44Z</time>
      </trkpt>
      <trkpt lat="30.639551" lon="104.13498">
        <time>2026-05-10T12:47:45Z</time>
      </trkpt>
      <trkpt lat="30.639551" lon="104.1349">
        <time>2026-05-10T12:47:46Z</time>
      </trkpt>
      <trkpt lat="30.63955" lon="104.134834">
        <time>2026-05-10T12:47:47Z</time>
      </trkpt>
      <trkpt lat="30.639547" lon="104.13476">
        <time>2026-05-10T12:47:48Z</time>
      </trkpt>
      <trkpt lat="30.639547" lon="104.13468">
        <time>2026-05-10T12:47:49Z</time>
      </trkpt>
      <trkpt lat="30.639547" lon="104.13461">
        <time>2026-05-10T12:47:50Z</time>
      </trkpt>
      <trkpt lat="30.639547" lon="104.134544">
        <time>2026-05-10T12:47:51Z</time>
      </trkpt>
      <trkpt lat="30.639547" lon="104.134476">
        <time>2026-05-10T12:47:52Z</time>
      </trkpt>
      <trkpt lat="30.639545" lon="104.134415">
        <time>2026-05-10T12:47:53Z</time>
      </trkpt>
      <trkpt lat="30.639542" lon="104.134346">
        <time>2026-05-10T12:47:54Z</time>
      </trkpt>
      <trkpt lat="30.639534" lon="104.13428">
        <time>2026-05-10T12:47:55Z</time>
      </trkpt>
      <trkpt lat="30.639526" lon="104.1342">
        <time>2026-05-10T12:47:56Z</time>
      </trkpt>
      <trkpt lat="30.639523" lon="104.13413">
        <time>2026-05-10T12:47:57Z</time>
      </trkpt>
      <trkpt lat="30.639524" lon="104.13406">
        <time>2026-05-10T12:47:58Z</time>
      </trkpt>
      <trkpt lat="30.63953" lon="104.133995">
        <time>2026-05-10T12:47:59Z</time>
      </trkpt>
      <trkpt lat="30.63953" lon="104.13393">
        <time>2026-05-10T12:48:00Z</time>
      </trkpt>
      <trkpt lat="30.639532" lon="104.13385">
        <time>2026-05-10T12:48:01Z</time>
      </trkpt>
      <trkpt lat="30.639536" lon="104.13378">
        <time>2026-05-10T12:48:02Z</time>
      </trkpt>
      <trkpt lat="30.63954" lon="104.133705">
        <time>2026-05-10T12:48:03Z</time>
      </trkpt>
      <trkpt lat="30.639545" lon="104.13364">
        <time>2026-05-10T12:48:04Z</time>
      </trkpt>
      <trkpt lat="30.639545" lon="104.13357">
        <time>2026-05-10T12:48:05Z</time>
      </trkpt>
      <trkpt lat="30.639542" lon="104.13349">
        <time>2026-05-10T12:48:06Z</time>
      </trkpt>
      <trkpt lat="30.639536" lon="104.133415">
        <time>2026-05-10T12:48:07Z</time>
      </trkpt>
      <trkpt lat="30.639538" lon="104.13334">
        <time>2026-05-10T12:48:08Z</time>
      </trkpt>
      <trkpt lat="30.639538" lon="104.13327">
        <time>2026-05-10T12:48:09Z</time>
      </trkpt>
      <trkpt lat="30.639542" lon="104.1332">
        <time>2026-05-10T12:48:10Z</time>
      </trkpt>
      <trkpt lat="30.639545" lon="104.13313">
        <time>2026-05-10T12:48:11Z</time>
      </trkpt>
      <trkpt lat="30.639544" lon="104.13306">
        <time>2026-05-10T12:48:12Z</time>
      </trkpt>
      <trkpt lat="30.639547" lon="104.13298">
        <time>2026-05-10T12:48:13Z</time>
      </trkpt>
      <trkpt lat="30.63955" lon="104.132904">
        <time>2026-05-10T12:48:14Z</time>
      </trkpt>
      <trkpt lat="30.639553" lon="104.13283">
        <time>2026-05-10T12:48:15Z</time>
      </trkpt>
      <trkpt lat="30.639555" lon="104.132744">
        <time>2026-05-10T12:48:16Z</time>
      </trkpt>
      <trkpt lat="30.639555" lon="104.13267">
        <time>2026-05-10T12:48:17Z</time>
      </trkpt>
      <trkpt lat="30.639553" lon="104.13259">
        <time>2026-05-10T12:48:18Z</time>
      </trkpt>
      <trkpt lat="30.63956" lon="104.13251">
        <time>2026-05-10T12:48:19Z</time>
      </trkpt>
      <trkpt lat="30.639568" lon="104.13243">
        <time>2026-05-10T12:48:20Z</time>
      </trkpt>
      <trkpt lat="30.639574" lon="104.13236">
        <time>2026-05-10T12:48:21Z</time>
      </trkpt>
      <trkpt lat="30.639578" lon="104.13229">
        <time>2026-05-10T12:48:22Z</time>
      </trkpt>
      <trkpt lat="30.639587" lon="104.13222">
        <time>2026-05-10T12:48:23Z</time>
      </trkpt>
      <trkpt lat="30.63959" lon="104.13214">
        <time>2026-05-10T12:48:24Z</time>
      </trkpt>
      <trkpt lat="30.639591" lon="104.13205">
        <time>2026-05-10T12:48:25Z</time>
      </trkpt>
      <trkpt lat="30.639593" lon="104.13196">
        <time>2026-05-10T12:48:26Z</time>
      </trkpt>
      <trkpt lat="30.639595" lon="104.13187">
        <time>2026-05-10T12:48:27Z</time>
      </trkpt>
      <trkpt lat="30.639595" lon="104.131775">
        <time>2026-05-10T12:48:28Z</time>
      </trkpt>
      <trkpt lat="30.639585" lon="104.13168">
        <time>2026-05-10T12:48:29Z</time>
      </trkpt>
      <trkpt lat="30.639576" lon="104.13159">
        <time>2026-05-10T12:48:30Z</time>
      </trkpt>
      <trkpt lat="30.639568" lon="104.131516">
        <time>2026-05-10T12:48:31Z</time>
      </trkpt>
      <trkpt lat="30.639563" lon="104.13145">
        <time>2026-05-10T12:48:32Z</time>
      </trkpt>
      <trkpt lat="30.639555" lon="104.13138">
        <time>2026-05-10T12:48:33Z</time>
      </trkpt>
      <trkpt lat="30.639551" lon="104.1313">
        <time>2026-05-10T12:48:34Z</time>
      </trkpt>
      <trkpt lat="30.63955" lon="104.13122">
        <time>2026-05-10T12:48:35Z</time>
      </trkpt>
      <trkpt lat="30.639551" lon="104.13113">
        <time>2026-05-10T12:48:36Z</time>
      </trkpt>
      <trkpt lat="30.639553" lon="104.13104">
        <time>2026-05-10T12:48:37Z</time>
      </trkpt>
      <trkpt lat="30.63955" lon="104.13096">
        <time>2026-05-10T12:48:38Z</time>
      </trkpt>
      <trkpt lat="30.639544" lon="104.130875">
        <time>2026-05-10T12:48:39Z</time>
      </trkpt>
      <trkpt lat="30.639536" lon="104.13079">
        <time>2026-05-10T12:48:40Z</time>
      </trkpt>
      <trkpt lat="30.639534" lon="104.13069">
        <time>2026-05-10T12:48:41Z</time>
      </trkpt>
      <trkpt lat="30.63953" lon="104.13061">
        <time>2026-05-10T12:48:42Z</time>
      </trkpt>
      <trkpt lat="30.639526" lon="104.13052">
        <time>2026-05-10T12:48:43Z</time>
      </trkpt>
      <trkpt lat="30.639523" lon="104.13043">
        <time>2026-05-10T12:48:44Z</time>
      </trkpt>
      <trkpt lat="30.639515" lon="104.13034">
        <time>2026-05-10T12:48:45Z</time>
      </trkpt>
      <trkpt lat="30.639507" lon="104.13024">
        <time>2026-05-10T12:48:46Z</time>
      </trkpt>
      <trkpt lat="30.639494" lon="104.13015">
        <time>2026-05-10T12:48:47Z</time>
      </trkpt>
      <trkpt lat="30.639482" lon="104.13007">
        <time>2026-05-10T12:48:48Z</time>
      </trkpt>
      <trkpt lat="30.639467" lon="104.12998">
        <time>2026-05-10T12:48:49Z</time>
      </trkpt>
      <trkpt lat="30.639446" lon="104.12989">
        <time>2026-05-10T12:48:50Z</time>
      </trkpt>
      <trkpt lat="30.63943" lon="104.1298">
        <time>2026-05-10T12:48:51Z</time>
      </trkpt>
      <trkpt lat="30.639406" lon="104.129715">
        <time>2026-05-10T12:48:52Z</time>
      </trkpt>
      <trkpt lat="30.63939" lon="104.12962">
        <time>2026-05-10T12:48:53Z</time>
      </trkpt>
      <trkpt lat="30.639381" lon="104.12953">
        <time>2026-05-10T12:48:54Z</time>
      </trkpt>
      <trkpt lat="30.639372" lon="104.12945">
        <time>2026-05-10T12:48:55Z</time>
      </trkpt>
      <trkpt lat="30.639364" lon="104.12936">
        <time>2026-05-10T12:48:56Z</time>
      </trkpt>
      <trkpt lat="30.639353" lon="104.129265">
        <time>2026-05-10T12:48:57Z</time>
      </trkpt>
      <trkpt lat="30.639341" lon="104.12917">
        <time>2026-05-10T12:48:58Z</time>
      </trkpt>
      <trkpt lat="30.63933" lon="104.12908">
        <time>2026-05-10T12:48:59Z</time>
      </trkpt>
      <trkpt lat="30.63932" lon="104.129">
        <time>2026-05-10T12:49:00Z</time>
      </trkpt>
      <trkpt lat="30.639313" lon="104.12893">
        <time>2026-05-10T12:49:01Z</time>
      </trkpt>
      <trkpt lat="30.639307" lon="104.12888">
        <time>2026-05-10T12:49:02Z</time>
      </trkpt>
      <trkpt lat="30.639297" lon="104.12884">
        <time>2026-05-10T12:49:03Z</time>
      </trkpt>
      <trkpt lat="30.639286" lon="104.12879">
        <time>2026-05-10T12:49:04Z</time>
      </trkpt>
      <trkpt lat="30.639277" lon="104.12875">
        <time>2026-05-10T12:49:05Z</time>
      </trkpt>
      <trkpt lat="30.63927" lon="104.1287">
        <time>2026-05-10T12:49:06Z</time>
      </trkpt>
      <trkpt lat="30.639269" lon="104.12865">
        <time>2026-05-10T12:49:07Z</time>
      </trkpt>
      <trkpt lat="30.63927" lon="104.12859">
        <time>2026-05-10T12:49:08Z</time>
      </trkpt>
      <trkpt lat="30.639275" lon="104.12853">
        <time>2026-05-10T12:49:09Z</time>
      </trkpt>
      <trkpt lat="30.63928" lon="104.12847">
        <time>2026-05-10T12:49:10Z</time>
      </trkpt>
      <trkpt lat="30.639284" lon="104.12841">
        <time>2026-05-10T12:49:11Z</time>
      </trkpt>
      <trkpt lat="30.639294" lon="104.128334">
        <time>2026-05-10T12:49:12Z</time>
      </trkpt>
      <trkpt lat="30.639297" lon="104.12826">
        <time>2026-05-10T12:49:13Z</time>
      </trkpt>
      <trkpt lat="30.6393" lon="104.12818">
        <time>2026-05-10T12:49:14Z</time>
      </trkpt>
      <trkpt lat="30.639297" lon="104.1281">
        <time>2026-05-10T12:49:15Z</time>
      </trkpt>
      <trkpt lat="30.639292" lon="104.12801">
        <time>2026-05-10T12:49:16Z</time>
      </trkpt>
      <trkpt lat="30.639284" lon="104.12793">
        <time>2026-05-10T12:49:17Z</time>
      </trkpt>
      <trkpt lat="30.639275" lon="104.12787">
        <time>2026-05-10T12:49:18Z</time>
      </trkpt>
      <trkpt lat="30.639267" lon="104.12779">
        <time>2026-05-10T12:49:19Z</time>
      </trkpt>
      <trkpt lat="30.639261" lon="104.12772">
        <time>2026-05-10T12:49:20Z</time>
      </trkpt>
      <trkpt lat="30.63926" lon="104.12764">
        <time>2026-05-10T12:49:21Z</time>
      </trkpt>
      <trkpt lat="30.639257" lon="104.12756">
        <time>2026-05-10T12:49:22Z</time>
      </trkpt>
      <trkpt lat="30.639257" lon="104.12749">
        <time>2026-05-10T12:49:23Z</time>
      </trkpt>
      <trkpt lat="30.639248" lon="104.12741">
        <time>2026-05-10T12:49:24Z</time>
      </trkpt>
      <trkpt lat="30.63924" lon="104.127335">
        <time>2026-05-10T12:49:25Z</time>
      </trkpt>
      <trkpt lat="30.63923" lon="104.127266">
        <time>2026-05-10T12:49:26Z</time>
      </trkpt>
      <trkpt lat="30.639217" lon="104.12719">
        <time>2026-05-10T12:49:27Z</time>
      </trkpt>
      <trkpt lat="30.639202" lon="104.12714">
        <time>2026-05-10T12:49:28Z</time>
      </trkpt>
      <trkpt lat="30.639193" lon="104.127075">
        <time>2026-05-10T12:49:29Z</time>
      </trkpt>
      <trkpt lat="30.639189" lon="104.12701">
        <time>2026-05-10T12:49:30Z</time>
      </trkpt>
      <trkpt lat="30.639185" lon="104.126945">
        <time>2026-05-10T12:49:31Z</time>
      </trkpt>
      <trkpt lat="30.639187" lon="104.126884">
        <time>2026-05-10T12:49:32Z</time>
      </trkpt>
      <trkpt lat="30.639189" lon="104.12682">
        <time>2026-05-10T12:49:33Z</time>
      </trkpt>
      <trkpt lat="30.639193" lon="104.126755">
        <time>2026-05-10T12:49:34Z</time>
      </trkpt>
      <trkpt lat="30.639193" lon="104.12669">
        <time>2026-05-10T12:49:35Z</time>
      </trkpt>
      <trkpt lat="30.63919" lon="104.12663">
        <time>2026-05-10T12:49:36Z</time>
      </trkpt>
      <trkpt lat="30.63918" lon="104.12656">
        <time>2026-05-10T12:49:37Z</time>
      </trkpt>
      <trkpt lat="30.639177" lon="104.12649">
        <time>2026-05-10T12:49:38Z</time>
      </trkpt>
      <trkpt lat="30.639177" lon="104.12643">
        <time>2026-05-10T12:49:39Z</time>
      </trkpt>
      <trkpt lat="30.639166" lon="104.126366">
        <time>2026-05-10T12:49:40Z</time>
      </trkpt>
      <trkpt lat="30.639153" lon="104.1263">
        <time>2026-05-10T12:49:41Z</time>
      </trkpt>
      <trkpt lat="30.639145" lon="104.12623">
        <time>2026-05-10T12:49:42Z</time>
      </trkpt>
      <trkpt lat="30.639141" lon="104.12615">
        <time>2026-05-10T12:49:43Z</time>
      </trkpt>
      <trkpt lat="30.63914" lon="104.12608">
        <time>2026-05-10T12:49:44Z</time>
      </trkpt>
      <trkpt lat="30.63914" lon="104.12601">
        <time>2026-05-10T12:49:45Z</time>
      </trkpt>
      <trkpt lat="30.63913" lon="104.12594">
        <time>2026-05-10T12:49:46Z</time>
      </trkpt>
      <trkpt lat="30.63912" lon="104.12587">
        <time>2026-05-10T12:49:47Z</time>
      </trkpt>
      <trkpt lat="30.639112" lon="104.1258">
        <time>2026-05-10T12:49:48Z</time>
      </trkpt>
      <trkpt lat="30.639103" lon="104.125725">
        <time>2026-05-10T12:49:49Z</time>
      </trkpt>
      <trkpt lat="30.639093" lon="104.12566">
        <time>2026-05-10T12:49:50Z</time>
      </trkpt>
      <trkpt lat="30.639084" lon="104.125595">
        <time>2026-05-10T12:49:51Z</time>
      </trkpt>
      <trkpt lat="30.639067" lon="104.12553">
        <time>2026-05-10T12:49:52Z</time>
      </trkpt>
      <trkpt lat="30.639046" lon="104.125465">
        <time>2026-05-10T12:49:53Z</time>
      </trkpt>
      <trkpt lat="30.639029" lon="104.1254">
        <time>2026-05-10T12:49:54Z</time>
      </trkpt>
      <trkpt lat="30.639015" lon="104.125336">
        <time>2026-05-10T12:49:55Z</time>
      </trkpt>
      <trkpt lat="30.639006" lon="104.125275">
        <time>2026-05-10T12:49:56Z</time>
      </trkpt>
      <trkpt lat="30.638994" lon="104.12521">
        <time>2026-05-10T12:49:57Z</time>
      </trkpt>
      <trkpt lat="30.638985" lon="104.125145">
        <time>2026-05-10T12:49:58Z</time>
      </trkpt>
      <trkpt lat="30.63897" lon="104.12508">
        <time>2026-05-10T12:49:59Z</time>
      </trkpt>
      <trkpt lat="30.638954" lon="104.125015">
        <time>2026-05-10T12:50:00Z</time>
      </trkpt>
      <trkpt lat="30.63894" lon="104.12495">
        <time>2026-05-10T12:50:01Z</time>
      </trkpt>
      <trkpt lat="30.638937" lon="104.12489">
        <time>2026-05-10T12:50:02Z</time>
      </trkpt>
      <trkpt lat="30.638935" lon="104.12483">
        <time>2026-05-10T12:50:03Z</time>
      </trkpt>
      <trkpt lat="30.638935" lon="104.12477">
        <time>2026-05-10T12:50:04Z</time>
      </trkpt>
      <trkpt lat="30.638933" lon="104.12471">
        <time>2026-05-10T12:50:05Z</time>
      </trkpt>
      <trkpt lat="30.638927" lon="104.12465">
        <time>2026-05-10T12:50:06Z</time>
      </trkpt>
      <trkpt lat="30.638926" lon="104.12459">
        <time>2026-05-10T12:50:07Z</time>
      </trkpt>
      <trkpt lat="30.638922" lon="104.124535">
        <time>2026-05-10T12:50:08Z</time>
      </trkpt>
      <trkpt lat="30.638918" lon="104.12447">
        <time>2026-05-10T12:50:09Z</time>
      </trkpt>
      <trkpt lat="30.638918" lon="104.12442">
        <time>2026-05-10T12:50:10Z</time>
      </trkpt>
      <trkpt lat="30.638916" lon="104.12437">
        <time>2026-05-10T12:50:11Z</time>
      </trkpt>
      <trkpt lat="30.63892" lon="104.1243">
        <time>2026-05-10T12:50:12Z</time>
      </trkpt>
      <trkpt lat="30.638916" lon="104.12423">
        <time>2026-05-10T12:50:13Z</time>
      </trkpt>
      <trkpt lat="30.638914" lon="104.12416">
        <time>2026-05-10T12:50:14Z</time>
      </trkpt>
      <trkpt lat="30.63892" lon="104.1241">
        <time>2026-05-10T12:50:15Z</time>
      </trkpt>
      <trkpt lat="30.638926" lon="104.12404">
        <time>2026-05-10T12:50:16Z</time>
      </trkpt>
      <trkpt lat="30.638927" lon="104.12397">
        <time>2026-05-10T12:50:17Z</time>
      </trkpt>
      <trkpt lat="30.638933" lon="104.1239">
        <time>2026-05-10T12:50:18Z</time>
      </trkpt>
      <trkpt lat="30.63894" lon="104.12383">
        <time>2026-05-10T12:50:19Z</time>
      </trkpt>
      <trkpt lat="30.638948" lon="104.12376">
        <time>2026-05-10T12:50:20Z</time>
      </trkpt>
      <trkpt lat="30.638956" lon="104.123695">
        <time>2026-05-10T12:50:21Z</time>
      </trkpt>
      <trkpt lat="30.638964" lon="104.12363">
        <time>2026-05-10T12:50:22Z</time>
      </trkpt>
      <trkpt lat="30.63897" lon="104.12355">
        <time>2026-05-10T12:50:23Z</time>
      </trkpt>
      <trkpt lat="30.638977" lon="104.12348">
        <time>2026-05-10T12:50:24Z</time>
      </trkpt>
      <trkpt lat="30.638983" lon="104.12341">
        <time>2026-05-10T12:50:25Z</time>
      </trkpt>
      <trkpt lat="30.638994" lon="104.12334">
        <time>2026-05-10T12:50:26Z</time>
      </trkpt>
      <trkpt lat="30.639006" lon="104.12327">
        <time>2026-05-10T12:50:27Z</time>
      </trkpt>
      <trkpt lat="30.639011" lon="104.1232">
        <time>2026-05-10T12:50:28Z</time>
      </trkpt>
      <trkpt lat="30.63902" lon="104.12312">
        <time>2026-05-10T12:50:29Z</time>
      </trkpt>
      <trkpt lat="30.639036" lon="104.12305">
        <time>2026-05-10T12:50:30Z</time>
      </trkpt>
      <trkpt lat="30.63905" lon="104.12297">
        <time>2026-05-10T12:50:31Z</time>
      </trkpt>
      <trkpt lat="30.639063" lon="104.122894">
        <time>2026-05-10T12:50:32Z</time>
      </trkpt>
      <trkpt lat="30.639076" lon="104.12282">
        <time>2026-05-10T12:50:33Z</time>
      </trkpt>
      <trkpt lat="30.63909" lon="104.122734">
        <time>2026-05-10T12:50:34Z</time>
      </trkpt>
      <trkpt lat="30.639109" lon="104.12265">
        <time>2026-05-10T12:50:35Z</time>
      </trkpt>
      <trkpt lat="30.639128" lon="104.122574">
        <time>2026-05-10T12:50:36Z</time>
      </trkpt>
      <trkpt lat="30.639147" lon="104.1225">
        <time>2026-05-10T12:50:37Z</time>
      </trkpt>
      <trkpt lat="30.63917" lon="104.12241">
        <time>2026-05-10T12:50:38Z</time>
      </trkpt>
      <trkpt lat="30.639193" lon="104.12234">
        <time>2026-05-10T12:50:39Z</time>
      </trkpt>
      <trkpt lat="30.639214" lon="104.12226">
        <time>2026-05-10T12:50:40Z</time>
      </trkpt>
      <trkpt lat="30.639238" lon="104.12218">
        <time>2026-05-10T12:50:41Z</time>
      </trkpt>
      <trkpt lat="30.639263" lon="104.12209">
        <time>2026-05-10T12:50:42Z</time>
      </trkpt>
      <trkpt lat="30.63929" lon="104.12202">
        <time>2026-05-10T12:50:43Z</time>
      </trkpt>
      <trkpt lat="30.639313" lon="104.12194">
        <time>2026-05-10T12:50:44Z</time>
      </trkpt>
      <trkpt lat="30.63934" lon="104.121864">
        <time>2026-05-10T12:50:45Z</time>
      </trkpt>
      <trkpt lat="30.639374" lon="104.12178">
        <time>2026-05-10T12:50:46Z</time>
      </trkpt>
      <trkpt lat="30.639404" lon="104.1217">
        <time>2026-05-10T12:50:47Z</time>
      </trkpt>
      <trkpt lat="30.63944" lon="104.12162">
        <time>2026-05-10T12:50:48Z</time>
      </trkpt>
      <trkpt lat="30.639479" lon="104.121544">
        <time>2026-05-10T12:50:49Z</time>
      </trkpt>
      <trkpt lat="30.639519" lon="104.121475">
        <time>2026-05-10T12:50:50Z</time>
      </trkpt>
      <trkpt lat="30.639563" lon="104.12139">
        <time>2026-05-10T12:50:51Z</time>
      </trkpt>
      <trkpt lat="30.6396" lon="104.121315">
        <time>2026-05-10T12:50:52Z</time>
      </trkpt>
      <trkpt lat="30.63964" lon="104.12123">
        <time>2026-05-10T12:50:53Z</time>
      </trkpt>
      <trkpt lat="30.639679" lon="104.12115">
        <time>2026-05-10T12:50:54Z</time>
      </trkpt>
      <trkpt lat="30.639717" lon="104.12106">
        <time>2026-05-10T12:50:55Z</time>
      </trkpt>
      <trkpt lat="30.639744" lon="104.12099">
        <time>2026-05-10T12:50:56Z</time>
      </trkpt>
      <trkpt lat="30.639763" lon="104.120895">
        <time>2026-05-10T12:50:57Z</time>
      </trkpt>
      <trkpt lat="30.639793" lon="104.12081">
        <time>2026-05-10T12:50:58Z</time>
      </trkpt>
      <trkpt lat="30.639822" lon="104.12073">
        <time>2026-05-10T12:50:59Z</time>
      </trkpt>
      <trkpt lat="30.639866" lon="104.12066">
        <time>2026-05-10T12:51:00Z</time>
      </trkpt>
      <trkpt lat="30.639908" lon="104.12058">
        <time>2026-05-10T12:51:01Z</time>
      </trkpt>
      <trkpt lat="30.639946" lon="104.12051">
        <time>2026-05-10T12:51:02Z</time>
      </trkpt>
      <trkpt lat="30.639988" lon="104.12043">
        <time>2026-05-10T12:51:03Z</time>
      </trkpt>
      <trkpt lat="30.64003" lon="104.120346">
        <time>2026-05-10T12:51:04Z</time>
      </trkpt>
      <trkpt lat="30.640068" lon="104.12027">
        <time>2026-05-10T12:51:05Z</time>
      </trkpt>
      <trkpt lat="30.640108" lon="104.120186">
        <time>2026-05-10T12:51:06Z</time>
      </trkpt>
      <trkpt lat="30.640146" lon="104.12011">
        <time>2026-05-10T12:51:07Z</time>
      </trkpt>
      <trkpt lat="30.640182" lon="104.120026">
        <time>2026-05-10T12:51:08Z</time>
      </trkpt>
      <trkpt lat="30.64022" lon="104.11994">
        <time>2026-05-10T12:51:09Z</time>
      </trkpt>
      <trkpt lat="30.640257" lon="104.119865">
        <time>2026-05-10T12:51:10Z</time>
      </trkpt>
      <trkpt lat="30.640278" lon="104.119804">
        <time>2026-05-10T12:51:11Z</time>
      </trkpt>
      <trkpt lat="30.640293" lon="104.11976">
        <time>2026-05-10T12:51:12Z</time>
      </trkpt>
      <trkpt lat="30.640306" lon="104.119705">
        <time>2026-05-10T12:51:13Z</time>
      </trkpt>
      <trkpt lat="30.640324" lon="104.119644">
        <time>2026-05-10T12:51:14Z</time>
      </trkpt>
      <trkpt lat="30.640343" lon="104.119576">
        <time>2026-05-10T12:51:15Z</time>
      </trkpt>
      <trkpt lat="30.640368" lon="104.11951">
        <time>2026-05-10T12:51:16Z</time>
      </trkpt>
      <trkpt lat="30.640404" lon="104.11944">
        <time>2026-05-10T12:51:17Z</time>
      </trkpt>
      <trkpt lat="30.640436" lon="104.11936">
        <time>2026-05-10T12:51:18Z</time>
      </trkpt>
      <trkpt lat="30.640472" lon="104.119286">
        <time>2026-05-10T12:51:19Z</time>
      </trkpt>
      <trkpt lat="30.6405" lon="104.1192">
        <time>2026-05-10T12:51:20Z</time>
      </trkpt>
      <trkpt lat="30.640528" lon="104.11912">
        <time>2026-05-10T12:51:21Z</time>
      </trkpt>
      <trkpt lat="30.64056" lon="104.11903">
        <time>2026-05-10T12:51:22Z</time>
      </trkpt>
      <trkpt lat="30.640598" lon="104.11895">
        <time>2026-05-10T12:51:23Z</time>
      </trkpt>
      <trkpt lat="30.640638" lon="104.11887">
        <time>2026-05-10T12:51:24Z</time>
      </trkpt>
      <trkpt lat="30.64067" lon="104.1188">
        <time>2026-05-10T12:51:25Z</time>
      </trkpt>
      <trkpt lat="30.640707" lon="104.11871">
        <time>2026-05-10T12:51:26Z</time>
      </trkpt>
      <trkpt lat="30.640745" lon="104.118645">
        <time>2026-05-10T12:51:27Z</time>
      </trkpt>
      <trkpt lat="30.640787" lon="104.11857">
        <time>2026-05-10T12:51:28Z</time>
      </trkpt>
      <trkpt lat="30.64083" lon="104.1185">
        <time>2026-05-10T12:51:29Z</time>
      </trkpt>
      <trkpt lat="30.64087" lon="104.11842">
        <time>2026-05-10T12:51:30Z</time>
      </trkpt>
      <trkpt lat="30.640903" lon="104.118355">
        <time>2026-05-10T12:51:31Z</time>
      </trkpt>
      <trkpt lat="30.640928" lon="104.11828">
        <time>2026-05-10T12:51:32Z</time>
      </trkpt>
      <trkpt lat="30.640963" lon="104.118195">
        <time>2026-05-10T12:51:33Z</time>
      </trkpt>
      <trkpt lat="30.640991" lon="104.118126">
        <time>2026-05-10T12:51:34Z</time>
      </trkpt>
      <trkpt lat="30.64102" lon="104.11805">
        <time>2026-05-10T12:51:35Z</time>
      </trkpt>
      <trkpt lat="30.641047" lon="104.11797">
        <time>2026-05-10T12:51:36Z</time>
      </trkpt>
      <trkpt lat="30.641075" lon="104.1179">
        <time>2026-05-10T12:51:37Z</time>
      </trkpt>
      <trkpt lat="30.641108" lon="104.11782">
        <time>2026-05-10T12:51:38Z</time>
      </trkpt>
      <trkpt lat="30.64114" lon="104.11775">
        <time>2026-05-10T12:51:39Z</time>
      </trkpt>
      <trkpt lat="30.641172" lon="104.11768">
        <time>2026-05-10T12:51:40Z</time>
      </trkpt>
      <trkpt lat="30.641205" lon="104.11762">
        <time>2026-05-10T12:51:41Z</time>
      </trkpt>
      <trkpt lat="30.64124" lon="104.11755">
        <time>2026-05-10T12:51:42Z</time>
      </trkpt>
      <trkpt lat="30.64127" lon="104.11749">
        <time>2026-05-10T12:51:43Z</time>
      </trkpt>
      <trkpt lat="30.641304" lon="104.117424">
        <time>2026-05-10T12:51:44Z</time>
      </trkpt>
      <trkpt lat="30.64134" lon="104.117355">
        <time>2026-05-10T12:51:45Z</time>
      </trkpt>
      <trkpt lat="30.64138" lon="104.117294">
        <time>2026-05-10T12:51:46Z</time>
      </trkpt>
      <trkpt lat="30.641422" lon="104.11723">
        <time>2026-05-10T12:51:47Z</time>
      </trkpt>
      <trkpt lat="30.641462" lon="104.11718">
        <time>2026-05-10T12:51:48Z</time>
      </trkpt>
      <trkpt lat="30.6415" lon="104.11713">
        <time>2026-05-10T12:51:49Z</time>
      </trkpt>
      <trkpt lat="30.641531" lon="104.11706">
        <time>2026-05-10T12:51:50Z</time>
      </trkpt>
      <trkpt lat="30.64156" lon="104.11699">
        <time>2026-05-10T12:51:51Z</time>
      </trkpt>
      <trkpt lat="30.641592" lon="104.11691">
        <time>2026-05-10T12:51:52Z</time>
      </trkpt>
      <trkpt lat="30.64162" lon="104.11685">
        <time>2026-05-10T12:51:53Z</time>
      </trkpt>
      <trkpt lat="30.641647" lon="104.11678">
        <time>2026-05-10T12:51:54Z</time>
      </trkpt>
      <trkpt lat="30.641676" lon="104.11672">
        <time>2026-05-10T12:51:55Z</time>
      </trkpt>
      <trkpt lat="30.641703" lon="104.11666">
        <time>2026-05-10T12:51:56Z</time>
      </trkpt>
      <trkpt lat="30.641727" lon="104.1166">
        <time>2026-05-10T12:51:57Z</time>
      </trkpt>
      <trkpt lat="30.641754" lon="104.11654">
        <time>2026-05-10T12:51:58Z</time>
      </trkpt>
      <trkpt lat="30.64178" lon="104.11648">
        <time>2026-05-10T12:51:59Z</time>
      </trkpt>
      <trkpt lat="30.64181" lon="104.11642">
        <time>2026-05-10T12:52:00Z</time>
      </trkpt>
      <trkpt lat="30.641838" lon="104.116356">
        <time>2026-05-10T12:52:01Z</time>
      </trkpt>
      <trkpt lat="30.641863" lon="104.1163">
        <time>2026-05-10T12:52:02Z</time>
      </trkpt>
      <trkpt lat="30.641888" lon="104.11624">
        <time>2026-05-10T12:52:03Z</time>
      </trkpt>
      <trkpt lat="30.641912" lon="104.116196">
        <time>2026-05-10T12:52:04Z</time>
      </trkpt>
      <trkpt lat="30.641937" lon="104.11615">
        <time>2026-05-10T12:52:05Z</time>
      </trkpt>
      <trkpt lat="30.641964" lon="104.1161">
        <time>2026-05-10T12:52:06Z</time>
      </trkpt>
      <trkpt lat="30.641989" lon="104.11605">
        <time>2026-05-10T12:52:07Z</time>
      </trkpt>
      <trkpt lat="30.642014" lon="104.116005">
        <time>2026-05-10T12:52:08Z</time>
      </trkpt>
      <trkpt lat="30.642038" lon="104.11595">
        <time>2026-05-10T12:52:09Z</time>
      </trkpt>
      <trkpt lat="30.642063" lon="104.1159">
        <time>2026-05-10T12:52:10Z</time>
      </trkpt>
      <trkpt lat="30.642092" lon="104.115845">
        <time>2026-05-10T12:52:11Z</time>
      </trkpt>
      <trkpt lat="30.642118" lon="104.11581">
        <time>2026-05-10T12:52:12Z</time>
      </trkpt>
      <trkpt lat="30.642147" lon="104.11576">
        <time>2026-05-10T12:52:13Z</time>
      </trkpt>
      <trkpt lat="30.642178" lon="104.11571">
        <time>2026-05-10T12:52:14Z</time>
      </trkpt>
      <trkpt lat="30.64221" lon="104.11566">
        <time>2026-05-10T12:52:15Z</time>
      </trkpt>
      <trkpt lat="30.642237" lon="104.11561">
        <time>2026-05-10T12:52:16Z</time>
      </trkpt>
      <trkpt lat="30.64225" lon="104.11558">
        <time>2026-05-10T12:52:17Z</time>
      </trkpt>
      <trkpt lat="30.642252" lon="104.11556">
        <time>2026-05-10T12:52:18Z</time>
      </trkpt>
      <trkpt lat="30.642252" lon="104.11556">
        <time>2026-05-10T12:52:19Z</time>
      </trkpt>
      <trkpt lat="30.642252" lon="104.11556">
        <time>2026-05-10T12:52:20Z</time>
      </trkpt>
      <trkpt lat="30.642252" lon="104.11556">
        <time>2026-05-10T12:52:21Z</time>
      </trkpt>
      <trkpt lat="30.642252" lon="104.11556">
        <time>2026-05-10T12:52:22Z</time>
      </trkpt>
      <trkpt lat="30.642252" lon="104.11556">
        <time>2026-05-10T12:52:23Z</time>
      </trkpt>
      <trkpt lat="30.642252" lon="104.11556">
        <time>2026-05-10T12:52:24Z</time>
      </trkpt>
      <trkpt lat="30.642252" lon="104.11556">
        <time>2026-05-10T12:52:25Z</time>
      </trkpt>
      <trkpt lat="30.642252" lon="104.11556">
        <time>2026-05-10T12:52:26Z</time>
      </trkpt>
      <trkpt lat="30.642252" lon="104.11556">
        <time>2026-05-10T12:52:27Z</time>
      </trkpt>
      <trkpt lat="30.642252" lon="104.11556">
        <time>2026-05-10T12:52:28Z</time>
      </trkpt>
      <trkpt lat="30.642252" lon="104.11556">
        <time>2026-05-10T12:52:29Z</time>
      </trkpt>
      <trkpt lat="30.642252" lon="104.11556">
        <time>2026-05-10T12:52:30Z</time>
      </trkpt>
      <trkpt lat="30.642252" lon="104.11556">
        <time>2026-05-10T12:52:31Z</time>
      </trkpt>
      <trkpt lat="30.642252" lon="104.11556">
        <time>2026-05-10T12:52:32Z</time>
      </trkpt>
      <trkpt lat="30.642252" lon="104.11556">
        <time>2026-05-10T12:52:33Z</time>
      </trkpt>
      <trkpt lat="30.642252" lon="104.11556">
        <time>2026-05-10T12:52:34Z</time>
      </trkpt>
      <trkpt lat="30.642252" lon="104.11556">
        <time>2026-05-10T12:52:35Z</time>
      </trkpt>
      <trkpt lat="30.642252" lon="104.11556">
        <time>2026-05-10T12:52:36Z</time>
      </trkpt>
      <trkpt lat="30.642252" lon="104.11556">
        <time>2026-05-10T12:52:37Z</time>
      </trkpt>
      <trkpt lat="30.642252" lon="104.11556">
        <time>2026-05-10T12:52:38Z</time>
      </trkpt>
      <trkpt lat="30.642252" lon="104.11556">
        <time>2026-05-10T12:52:39Z</time>
      </trkpt>
      <trkpt lat="30.642252" lon="104.11556">
        <time>2026-05-10T12:52:40Z</time>
      </trkpt>
      <trkpt lat="30.642252" lon="104.11556">
        <time>2026-05-10T12:52:41Z</time>
      </trkpt>
      <trkpt lat="30.642252" lon="104.11556">
        <time>2026-05-10T12:52:42Z</time>
      </trkpt>
      <trkpt lat="30.642252" lon="104.11556">
        <time>2026-05-10T12:52:43Z</time>
      </trkpt>
      <trkpt lat="30.642252" lon="104.11556">
        <time>2026-05-10T12:52:44Z</time>
      </trkpt>
      <trkpt lat="30.642252" lon="104.11556">
        <time>2026-05-10T12:52:45Z</time>
      </trkpt>
      <trkpt lat="30.642252" lon="104.11556">
        <time>2026-05-10T12:52:46Z</time>
      </trkpt>
      <trkpt lat="30.642252" lon="104.11556">
        <time>2026-05-10T12:52:47Z</time>
      </trkpt>
      <trkpt lat="30.642252" lon="104.11556">
        <time>2026-05-10T12:52:48Z</time>
      </trkpt>
      <trkpt lat="30.642252" lon="104.11556">
        <time>2026-05-10T12:52:49Z</time>
      </trkpt>
      <trkpt lat="30.642252" lon="104.11556">
        <time>2026-05-10T12:52:50Z</time>
      </trkpt>
      <trkpt lat="30.642252" lon="104.11556">
        <time>2026-05-10T12:52:51Z</time>
      </trkpt>
      <trkpt lat="30.642252" lon="104.11556">
        <time>2026-05-10T12:52:52Z</time>
      </trkpt>
      <trkpt lat="30.642252" lon="104.11556">
        <time>2026-05-10T12:52:53Z</time>
      </trkpt>
      <trkpt lat="30.642252" lon="104.11556">
        <time>2026-05-10T12:52:54Z</time>
      </trkpt>
      <trkpt lat="30.642231" lon="104.11554">
        <time>2026-05-10T12:52:55Z</time>
      </trkpt>
      <trkpt lat="30.642242" lon="104.115524">
        <time>2026-05-10T12:52:56Z</time>
      </trkpt>
      <trkpt lat="30.642256" lon="104.11551">
        <time>2026-05-10T12:52:57Z</time>
      </trkpt>
      <trkpt lat="30.642279" lon="104.115486">
        <time>2026-05-10T12:52:58Z</time>
      </trkpt>
      <trkpt lat="30.642307" lon="104.115456">
        <time>2026-05-10T12:52:59Z</time>
      </trkpt>
      <trkpt lat="30.642336" lon="104.11542">
        <time>2026-05-10T12:53:00Z</time>
      </trkpt>
      <trkpt lat="30.642363" lon="104.115364">
        <time>2026-05-10T12:53:01Z</time>
      </trkpt>
      <trkpt lat="30.642387" lon="104.11531">
        <time>2026-05-10T12:53:02Z</time>
      </trkpt>
      <trkpt lat="30.642412" lon="104.11524">
        <time>2026-05-10T12:53:03Z</time>
      </trkpt>
      <trkpt lat="30.642437" lon="104.11518">
        <time>2026-05-10T12:53:04Z</time>
      </trkpt>
      <trkpt lat="30.642464" lon="104.11512">
        <time>2026-05-10T12:53:05Z</time>
      </trkpt>
      <trkpt lat="30.642494" lon="104.11504">
        <time>2026-05-10T12:53:06Z</time>
      </trkpt>
      <trkpt lat="30.642527" lon="104.11498">
        <time>2026-05-10T12:53:07Z</time>
      </trkpt>
      <trkpt lat="30.64256" lon="104.11491">
        <time>2026-05-10T12:53:08Z</time>
      </trkpt>
      <trkpt lat="30.6426" lon="104.11483">
        <time>2026-05-10T12:53:09Z</time>
      </trkpt>
      <trkpt lat="30.64264" lon="104.11475">
        <time>2026-05-10T12:53:10Z</time>
      </trkpt>
      <trkpt lat="30.642672" lon="104.114685">
        <time>2026-05-10T12:53:11Z</time>
      </trkpt>
      <trkpt lat="30.642702" lon="104.1146">
        <time>2026-05-10T12:53:12Z</time>
      </trkpt>
      <trkpt lat="30.642742" lon="104.11452">
        <time>2026-05-10T12:53:13Z</time>
      </trkpt>
      <trkpt lat="30.64278" lon="104.11444">
        <time>2026-05-10T12:53:14Z</time>
      </trkpt>
      <trkpt lat="30.642817" lon="104.11436">
        <time>2026-05-10T12:53:15Z</time>
      </trkpt>
      <trkpt lat="30.642859" lon="104.11428">
        <time>2026-05-10T12:53:16Z</time>
      </trkpt>
      <trkpt lat="30.642895" lon="104.114204">
        <time>2026-05-10T12:53:17Z</time>
      </trkpt>
      <trkpt lat="30.642933" lon="104.114136">
        <time>2026-05-10T12:53:18Z</time>
      </trkpt>
      <trkpt lat="30.642967" lon="104.11407">
        <time>2026-05-10T12:53:19Z</time>
      </trkpt>
      <trkpt lat="30.643003" lon="104.11399">
        <time>2026-05-10T12:53:20Z</time>
      </trkpt>
      <trkpt lat="30.643038" lon="104.113914">
        <time>2026-05-10T12:53:21Z</time>
      </trkpt>
      <trkpt lat="30.643076" lon="104.11384">
        <time>2026-05-10T12:53:22Z</time>
      </trkpt>
      <trkpt lat="30.643106" lon="104.11376">
        <time>2026-05-10T12:53:23Z</time>
      </trkpt>
      <trkpt lat="30.643137" lon="104.113686">
        <time>2026-05-10T12:53:24Z</time>
      </trkpt>
      <trkpt lat="30.643167" lon="104.11361">
        <time>2026-05-10T12:53:25Z</time>
      </trkpt>
      <trkpt lat="30.643198" lon="104.11353">
        <time>2026-05-10T12:53:26Z</time>
      </trkpt>
      <trkpt lat="30.643229" lon="104.113464">
        <time>2026-05-10T12:53:27Z</time>
      </trkpt>
      <trkpt lat="30.643257" lon="104.113396">
        <time>2026-05-10T12:53:28Z</time>
      </trkpt>
      <trkpt lat="30.643286" lon="104.11333">
        <time>2026-05-10T12:53:29Z</time>
      </trkpt>
      <trkpt lat="30.643314" lon="104.11325">
        <time>2026-05-10T12:53:30Z</time>
      </trkpt>
      <trkpt lat="30.64335" lon="104.11318">
        <time>2026-05-10T12:53:31Z</time>
      </trkpt>
      <trkpt lat="30.643383" lon="104.11311">
        <time>2026-05-10T12:53:32Z</time>
      </trkpt>
      <trkpt lat="30.643417" lon="104.113045">
        <time>2026-05-10T12:53:33Z</time>
      </trkpt>
      <trkpt lat="30.643448" lon="104.11298">
        <time>2026-05-10T12:53:34Z</time>
      </trkpt>
      <trkpt lat="30.643486" lon="104.11291">
        <time>2026-05-10T12:53:35Z</time>
      </trkpt>
      <trkpt lat="30.643526" lon="104.11285">
        <time>2026-05-10T12:53:36Z</time>
      </trkpt>
      <trkpt lat="30.64356" lon="104.11278">
        <time>2026-05-10T12:53:37Z</time>
      </trkpt>
      <trkpt lat="30.643595" lon="104.1127">
        <time>2026-05-10T12:53:38Z</time>
      </trkpt>
      <trkpt lat="30.643631" lon="104.112625">
        <time>2026-05-10T12:53:39Z</time>
      </trkpt>
      <trkpt lat="30.643665" lon="104.11256">
        <time>2026-05-10T12:53:40Z</time>
      </trkpt>
      <trkpt lat="30.643698" lon="104.112495">
        <time>2026-05-10T12:53:41Z</time>
      </trkpt>
      <trkpt lat="30.643734" lon="104.11243">
        <time>2026-05-10T12:53:42Z</time>
      </trkpt>
      <trkpt lat="30.64377" lon="104.112366">
        <time>2026-05-10T12:53:43Z</time>
      </trkpt>
      <trkpt lat="30.643803" lon="104.11231">
        <time>2026-05-10T12:53:44Z</time>
      </trkpt>
      <trkpt lat="30.643831" lon="104.11228">
        <time>2026-05-10T12:53:45Z</time>
      </trkpt>
      <trkpt lat="30.643858" lon="104.11226">
        <time>2026-05-10T12:53:46Z</time>
      </trkpt>
      <trkpt lat="30.643873" lon="104.11226">
        <time>2026-05-10T12:53:47Z</time>
      </trkpt>
      <trkpt lat="30.643873" lon="104.11226">
        <time>2026-05-10T12:53:48Z</time>
      </trkpt>
      <trkpt lat="30.643873" lon="104.11226">
        <time>2026-05-10T12:53:49Z</time>
      </trkpt>
      <trkpt lat="30.643873" lon="104.11226">
        <time>2026-05-10T12:53:50Z</time>
      </trkpt>
      <trkpt lat="30.643873" lon="104.11226">
        <time>2026-05-10T12:53:51Z</time>
      </trkpt>
      <trkpt lat="30.643873" lon="104.11226">
        <time>2026-05-10T12:53:52Z</time>
      </trkpt>
      <trkpt lat="30.643873" lon="104.11226">
        <time>2026-05-10T12:53:53Z</time>
      </trkpt>
      <trkpt lat="30.643873" lon="104.11226">
        <time>2026-05-10T12:53:54Z</time>
      </trkpt>
      <trkpt lat="30.643873" lon="104.11226">
        <time>2026-05-10T12:53:55Z</time>
      </trkpt>
      <trkpt lat="30.643873" lon="104.11226">
        <time>2026-05-10T12:53:56Z</time>
      </trkpt>
      <trkpt lat="30.643873" lon="104.11226">
        <time>2026-05-10T12:53:57Z</time>
      </trkpt>
      <trkpt lat="30.643873" lon="104.11226">
        <time>2026-05-10T12:53:58Z</time>
      </trkpt>
      <trkpt lat="30.643873" lon="104.11226">
        <time>2026-05-10T12:53:59Z</time>
      </trkpt>
      <trkpt lat="30.643873" lon="104.11226">
        <time>2026-05-10T12:54:00Z</time>
      </trkpt>
      <trkpt lat="30.643873" lon="104.11226">
        <time>2026-05-10T12:54:01Z</time>
      </trkpt>
      <trkpt lat="30.643873" lon="104.11226">
        <time>2026-05-10T12:54:02Z</time>
      </trkpt>
      <trkpt lat="30.643873" lon="104.11226">
        <time>2026-05-10T12:54:03Z</time>
      </trkpt>
      <trkpt lat="30.643873" lon="104.11226">
        <time>2026-05-10T12:54:04Z</time>
      </trkpt>
      <trkpt lat="30.643873" lon="104.11226">
        <time>2026-05-10T12:54:05Z</time>
      </trkpt>
      <trkpt lat="30.643873" lon="104.11226">
        <time>2026-05-10T12:54:06Z</time>
      </trkpt>
      <trkpt lat="30.643873" lon="104.11226">
        <time>2026-05-10T12:54:07Z</time>
      </trkpt>
      <trkpt lat="30.643873" lon="104.11226">
        <time>2026-05-10T12:54:08Z</time>
      </trkpt>
      <trkpt lat="30.643873" lon="104.11226">
        <time>2026-05-10T12:54:09Z</time>
      </trkpt>
      <trkpt lat="30.643873" lon="104.11226">
        <time>2026-05-10T12:54:10Z</time>
      </trkpt>
      <trkpt lat="30.643873" lon="104.11226">
        <time>2026-05-10T12:54:11Z</time>
      </trkpt>
      <trkpt lat="30.643873" lon="104.11226">
        <time>2026-05-10T12:54:12Z</time>
      </trkpt>
      <trkpt lat="30.643873" lon="104.11226">
        <time>2026-05-10T12:54:13Z</time>
      </trkpt>
      <trkpt lat="30.643873" lon="104.11226">
        <time>2026-05-10T12:54:14Z</time>
      </trkpt>
      <trkpt lat="30.643873" lon="104.11226">
        <time>2026-05-10T12:54:15Z</time>
      </trkpt>
      <trkpt lat="30.643873" lon="104.11226">
        <time>2026-05-10T12:54:16Z</time>
      </trkpt>
      <trkpt lat="30.643873" lon="104.11226">
        <time>2026-05-10T12:54:17Z</time>
      </trkpt>
      <trkpt lat="30.643873" lon="104.11226">
        <time>2026-05-10T12:54:18Z</time>
      </trkpt>
      <trkpt lat="30.643873" lon="104.11226">
        <time>2026-05-10T12:54:19Z</time>
      </trkpt>
      <trkpt lat="30.643873" lon="104.11226">
        <time>2026-05-10T12:54:20Z</time>
      </trkpt>
      <trkpt lat="30.643873" lon="104.11226">
        <time>2026-05-10T12:54:21Z</time>
      </trkpt>
      <trkpt lat="30.643873" lon="104.11226">
        <time>2026-05-10T12:54:22Z</time>
      </trkpt>
      <trkpt lat="30.643873" lon="104.11226">
        <time>2026-05-10T12:54:23Z</time>
      </trkpt>
      <trkpt lat="30.643873" lon="104.11226">
        <time>2026-05-10T12:54:24Z</time>
      </trkpt>
      <trkpt lat="30.643873" lon="104.11226">
        <time>2026-05-10T12:54:25Z</time>
      </trkpt>
      <trkpt lat="30.643873" lon="104.11226">
        <time>2026-05-10T12:54:26Z</time>
      </trkpt>
      <trkpt lat="30.643873" lon="104.11226">
        <time>2026-05-10T12:54:27Z</time>
      </trkpt>
      <trkpt lat="30.643873" lon="104.11226">
        <time>2026-05-10T12:54:28Z</time>
      </trkpt>
      <trkpt lat="30.643873" lon="104.11226">
        <time>2026-05-10T12:54:29Z</time>
      </trkpt>
      <trkpt lat="30.643873" lon="104.11226">
        <time>2026-05-10T12:54:30Z</time>
      </trkpt>
      <trkpt lat="30.643873" lon="104.11226">
        <time>2026-05-10T12:54:31Z</time>
      </trkpt>
      <trkpt lat="30.643873" lon="104.11226">
        <time>2026-05-10T12:54:32Z</time>
      </trkpt>
      <trkpt lat="30.643873" lon="104.11226">
        <time>2026-05-10T12:54:33Z</time>
      </trkpt>
      <trkpt lat="30.643873" lon="104.11226">
        <time>2026-05-10T12:54:34Z</time>
      </trkpt>
      <trkpt lat="30.643873" lon="104.11226">
        <time>2026-05-10T12:54:35Z</time>
      </trkpt>
      <trkpt lat="30.643873" lon="104.11226">
        <time>2026-05-10T12:54:36Z</time>
      </trkpt>
      <trkpt lat="30.643873" lon="104.11226">
        <time>2026-05-10T12:54:37Z</time>
      </trkpt>
      <trkpt lat="30.643873" lon="104.11226">
        <time>2026-05-10T12:54:38Z</time>
      </trkpt>
      <trkpt lat="30.643873" lon="104.11226">
        <time>2026-05-10T12:54:39Z</time>
      </trkpt>
      <trkpt lat="30.643873" lon="104.11226">
        <time>2026-05-10T12:54:40Z</time>
      </trkpt>
      <trkpt lat="30.643873" lon="104.11226">
        <time>2026-05-10T12:54:41Z</time>
      </trkpt>
      <trkpt lat="30.643873" lon="104.11226">
        <time>2026-05-10T12:54:42Z</time>
      </trkpt>
      <trkpt lat="30.643873" lon="104.11226">
        <time>2026-05-10T12:54:43Z</time>
      </trkpt>
      <trkpt lat="30.643873" lon="104.11226">
        <time>2026-05-10T12:54:44Z</time>
      </trkpt>
      <trkpt lat="30.643873" lon="104.11226">
        <time>2026-05-10T12:54:45Z</time>
      </trkpt>
      <trkpt lat="30.643873" lon="104.11226">
        <time>2026-05-10T12:54:46Z</time>
      </trkpt>
      <trkpt lat="30.643873" lon="104.11226">
        <time>2026-05-10T12:54:47Z</time>
      </trkpt>
      <trkpt lat="30.643873" lon="104.11226">
        <time>2026-05-10T12:54:48Z</time>
      </trkpt>
      <trkpt lat="30.643885" lon="104.11224">
        <time>2026-05-10T12:54:49Z</time>
      </trkpt>
      <trkpt lat="30.643894" lon="104.11223">
        <time>2026-05-10T12:54:50Z</time>
      </trkpt>
      <trkpt lat="30.643906" lon="104.11221">
        <time>2026-05-10T12:54:51Z</time>
      </trkpt>
      <trkpt lat="30.64392" lon="104.11219">
        <time>2026-05-10T12:54:52Z</time>
      </trkpt>
      <trkpt lat="30.643946" lon="104.11216">
        <time>2026-05-10T12:54:53Z</time>
      </trkpt>
      <trkpt lat="30.64397" lon="104.11213">
        <time>2026-05-10T12:54:54Z</time>
      </trkpt>
      <trkpt lat="30.643993" lon="104.11209">
        <time>2026-05-10T12:54:55Z</time>
      </trkpt>
      <trkpt lat="30.644005" lon="104.11202">
        <time>2026-05-10T12:54:56Z</time>
      </trkpt>
      <trkpt lat="30.64401" lon="104.11196">
        <time>2026-05-10T12:54:57Z</time>
      </trkpt>
      <trkpt lat="30.644018" lon="104.11189">
        <time>2026-05-10T12:54:58Z</time>
      </trkpt>
      <trkpt lat="30.644026" lon="104.11183">
        <time>2026-05-10T12:54:59Z</time>
      </trkpt>
      <trkpt lat="30.644043" lon="104.11176">
        <time>2026-05-10T12:55:00Z</time>
      </trkpt>
      <trkpt lat="30.644072" lon="104.11169">
        <time>2026-05-10T12:55:01Z</time>
      </trkpt>
      <trkpt lat="30.644104" lon="104.1116">
        <time>2026-05-10T12:55:02Z</time>
      </trkpt>
      <trkpt lat="30.644138" lon="104.11153">
        <time>2026-05-10T12:55:03Z</time>
      </trkpt>
      <trkpt lat="30.644178" lon="104.11145">
        <time>2026-05-10T12:55:04Z</time>
      </trkpt>
      <trkpt lat="30.644222" lon="104.11137">
        <time>2026-05-10T12:55:05Z</time>
      </trkpt>
      <trkpt lat="30.644264" lon="104.11129">
        <time>2026-05-10T12:55:06Z</time>
      </trkpt>
      <trkpt lat="30.644308" lon="104.1112">
        <time>2026-05-10T12:55:07Z</time>
      </trkpt>
      <trkpt lat="30.644352" lon="104.1111">
        <time>2026-05-10T12:55:08Z</time>
      </trkpt>
      <trkpt lat="30.644388" lon="104.111015">
        <time>2026-05-10T12:55:09Z</time>
      </trkpt>
      <trkpt lat="30.644428" lon="104.11092">
        <time>2026-05-10T12:55:10Z</time>
      </trkpt>
      <trkpt lat="30.644466" lon="104.11083">
        <time>2026-05-10T12:55:11Z</time>
      </trkpt>
      <trkpt lat="30.6445" lon="104.11075">
        <time>2026-05-10T12:55:12Z</time>
      </trkpt>
      <trkpt lat="30.644535" lon="104.110664">
        <time>2026-05-10T12:55:13Z</time>
      </trkpt>
      <trkpt lat="30.644571" lon="104.11059">
        <time>2026-05-10T12:55:14Z</time>
      </trkpt>
      <trkpt lat="30.644608" lon="104.11051">
        <time>2026-05-10T12:55:15Z</time>
      </trkpt>
      <trkpt lat="30.644646" lon="104.110435">
        <time>2026-05-10T12:55:16Z</time>
      </trkpt>
      <trkpt lat="30.64468" lon="104.11036">
        <time>2026-05-10T12:55:17Z</time>
      </trkpt>
      <trkpt lat="30.644718" lon="104.11028">
        <time>2026-05-10T12:55:18Z</time>
      </trkpt>
      <trkpt lat="30.644754" lon="104.11021">
        <time>2026-05-10T12:55:19Z</time>
      </trkpt>
      <trkpt lat="30.64479" lon="104.11013">
        <time>2026-05-10T12:55:20Z</time>
      </trkpt>
      <trkpt lat="30.644825" lon="104.110054">
        <time>2026-05-10T12:55:21Z</time>
      </trkpt>
      <trkpt lat="30.64486" lon="104.10998">
        <time>2026-05-10T12:55:22Z</time>
      </trkpt>
      <trkpt lat="30.644897" lon="104.10991">
        <time>2026-05-10T12:55:23Z</time>
      </trkpt>
      <trkpt lat="30.644928" lon="104.10984">
        <time>2026-05-10T12:55:24Z</time>
      </trkpt>
      <trkpt lat="30.644962" lon="104.109764">
        <time>2026-05-10T12:55:25Z</time>
      </trkpt>
      <trkpt lat="30.644997" lon="104.10969">
        <time>2026-05-10T12:55:26Z</time>
      </trkpt>
      <trkpt lat="30.64503" lon="104.10961">
        <time>2026-05-10T12:55:27Z</time>
      </trkpt>
      <trkpt lat="30.64506" lon="104.10954">
        <time>2026-05-10T12:55:28Z</time>
      </trkpt>
      <trkpt lat="30.64509" lon="104.10947">
        <time>2026-05-10T12:55:29Z</time>
      </trkpt>
      <trkpt lat="30.645117" lon="104.1094">
        <time>2026-05-10T12:55:30Z</time>
      </trkpt>
      <trkpt lat="30.645147" lon="104.10933">
        <time>2026-05-10T12:55:31Z</time>
      </trkpt>
      <trkpt lat="30.645178" lon="104.10927">
        <time>2026-05-10T12:55:32Z</time>
      </trkpt>
      <trkpt lat="30.645208" lon="104.10919">
        <time>2026-05-10T12:55:33Z</time>
      </trkpt>
      <trkpt lat="30.64524" lon="104.10912">
        <time>2026-05-10T12:55:34Z</time>
      </trkpt>
      <trkpt lat="30.64527" lon="104.10906">
        <time>2026-05-10T12:55:35Z</time>
      </trkpt>
      <trkpt lat="30.6453" lon="104.10899">
        <time>2026-05-10T12:55:36Z</time>
      </trkpt>
      <trkpt lat="30.645334" lon="104.108925">
        <time>2026-05-10T12:55:37Z</time>
      </trkpt>
      <trkpt lat="30.645382" lon="104.10887">
        <time>2026-05-10T12:55:38Z</time>
      </trkpt>
      <trkpt lat="30.64543" lon="104.108826">
        <time>2026-05-10T12:55:39Z</time>
      </trkpt>
      <trkpt lat="30.645477" lon="104.10878">
        <time>2026-05-10T12:55:40Z</time>
      </trkpt>
      <trkpt lat="30.645529" lon="104.10874">
        <time>2026-05-10T12:55:41Z</time>
      </trkpt>
      <trkpt lat="30.645575" lon="104.108696">
        <time>2026-05-10T12:55:42Z</time>
      </trkpt>
      <trkpt lat="30.64561" lon="104.10865">
        <time>2026-05-10T12:55:43Z</time>
      </trkpt>
      <trkpt lat="30.645643" lon="104.1086">
        <time>2026-05-10T12:55:44Z</time>
      </trkpt>
      <trkpt lat="30.64567" lon="104.10854">
        <time>2026-05-10T12:55:45Z</time>
      </trkpt>
      <trkpt lat="30.645699" lon="104.1085">
        <time>2026-05-10T12:55:46Z</time>
      </trkpt>
      <trkpt lat="30.64572" lon="104.10845">
        <time>2026-05-10T12:55:47Z</time>
      </trkpt>
      <trkpt lat="30.645742" lon="104.108406">
        <time>2026-05-10T12:55:48Z</time>
      </trkpt>
      <trkpt lat="30.645761" lon="104.108345">
        <time>2026-05-10T12:55:49Z</time>
      </trkpt>
      <trkpt lat="30.64577" lon="104.10829">
        <time>2026-05-10T12:55:50Z</time>
      </trkpt>
      <trkpt lat="30.645771" lon="104.10824">
        <time>2026-05-10T12:55:51Z</time>
      </trkpt>
      <trkpt lat="30.645773" lon="104.10819">
        <time>2026-05-10T12:55:52Z</time>
      </trkpt>
      <trkpt lat="30.645775" lon="104.10815">
        <time>2026-05-10T12:55:53Z</time>
      </trkpt>
      <trkpt lat="30.64578" lon="104.10811">
        <time>2026-05-10T12:55:54Z</time>
      </trkpt>
      <trkpt lat="30.645792" lon="104.108055">
        <time>2026-05-10T12:55:55Z</time>
      </trkpt>
      <trkpt lat="30.645807" lon="104.10801">
        <time>2026-05-10T12:55:56Z</time>
      </trkpt>
      <trkpt lat="30.645826" lon="104.107956">
        <time>2026-05-10T12:55:57Z</time>
      </trkpt>
      <trkpt lat="30.645851" lon="104.107895">
        <time>2026-05-10T12:55:58Z</time>
      </trkpt>
      <trkpt lat="30.645882" lon="104.10784">
        <time>2026-05-10T12:55:59Z</time>
      </trkpt>
      <trkpt lat="30.64591" lon="104.10779">
        <time>2026-05-10T12:56:00Z</time>
      </trkpt>
      <trkpt lat="30.64594" lon="104.10773">
        <time>2026-05-10T12:56:01Z</time>
      </trkpt>
      <trkpt lat="30.645971" lon="104.10766">
        <time>2026-05-10T12:56:02Z</time>
      </trkpt>
      <trkpt lat="30.646002" lon="104.10759">
        <time>2026-05-10T12:56:03Z</time>
      </trkpt>
      <trkpt lat="30.646029" lon="104.10753">
        <time>2026-05-10T12:56:04Z</time>
      </trkpt>
      <trkpt lat="30.646057" lon="104.10746">
        <time>2026-05-10T12:56:05Z</time>
      </trkpt>
      <trkpt lat="30.646086" lon="104.1074">
        <time>2026-05-10T12:56:06Z</time>
      </trkpt>
      <trkpt lat="30.64612" lon="104.107346">
        <time>2026-05-10T12:56:07Z</time>
      </trkpt>
      <trkpt lat="30.646162" lon="104.107285">
        <time>2026-05-10T12:56:08Z</time>
      </trkpt>
      <trkpt lat="30.646198" lon="104.107216">
        <time>2026-05-10T12:56:09Z</time>
      </trkpt>
      <trkpt lat="30.646248" lon="104.10713">
        <time>2026-05-10T12:56:10Z</time>
      </trkpt>
      <trkpt lat="30.646297" lon="104.107056">
        <time>2026-05-10T12:56:11Z</time>
      </trkpt>
      <trkpt lat="30.646338" lon="104.10698">
        <time>2026-05-10T12:56:12Z</time>
      </trkpt>
      <trkpt lat="30.646385" lon="104.10689">
        <time>2026-05-10T12:56:13Z</time>
      </trkpt>
      <trkpt lat="30.646421" lon="104.1068">
        <time>2026-05-10T12:56:14Z</time>
      </trkpt>
      <trkpt lat="30.646456" lon="104.106705">
        <time>2026-05-10T12:56:15Z</time>
      </trkpt>
      <trkpt lat="30.646492" lon="104.10663">
        <time>2026-05-10T12:56:16Z</time>
      </trkpt>
      <trkpt lat="30.646523" lon="104.10655">
        <time>2026-05-10T12:56:17Z</time>
      </trkpt>
      <trkpt lat="30.646559" lon="104.106476">
        <time>2026-05-10T12:56:18Z</time>
      </trkpt>
      <trkpt lat="30.646597" lon="104.1064">
        <time>2026-05-10T12:56:19Z</time>
      </trkpt>
      <trkpt lat="30.646633" lon="104.10632">
        <time>2026-05-10T12:56:20Z</time>
      </trkpt>
      <trkpt lat="30.646667" lon="104.10625">
        <time>2026-05-10T12:56:21Z</time>
      </trkpt>
      <trkpt lat="30.6467" lon="104.10616">
        <time>2026-05-10T12:56:22Z</time>
      </trkpt>
      <trkpt lat="30.646729" lon="104.10609">
        <time>2026-05-10T12:56:23Z</time>
      </trkpt>
      <trkpt lat="30.64676" lon="104.10601">
        <time>2026-05-10T12:56:24Z</time>
      </trkpt>
      <trkpt lat="30.646788" lon="104.105934">
        <time>2026-05-10T12:56:25Z</time>
      </trkpt>
      <trkpt lat="30.646816" lon="104.10586">
        <time>2026-05-10T12:56:26Z</time>
      </trkpt>
      <trkpt lat="30.646849" lon="104.10578">
        <time>2026-05-10T12:56:27Z</time>
      </trkpt>
      <trkpt lat="30.64688" lon="104.105705">
        <time>2026-05-10T12:56:28Z</time>
      </trkpt>
      <trkpt lat="30.646912" lon="104.10564">
        <time>2026-05-10T12:56:29Z</time>
      </trkpt>
      <trkpt lat="30.646942" lon="104.10556">
        <time>2026-05-10T12:56:30Z</time>
      </trkpt>
      <trkpt lat="30.646975" lon="104.105484">
        <time>2026-05-10T12:56:31Z</time>
      </trkpt>
      <trkpt lat="30.647003" lon="104.10541">
        <time>2026-05-10T12:56:32Z</time>
      </trkpt>
      <trkpt lat="30.647032" lon="104.10533">
        <time>2026-05-10T12:56:33Z</time>
      </trkpt>
      <trkpt lat="30.647062" lon="104.10526">
        <time>2026-05-10T12:56:34Z</time>
      </trkpt>
      <trkpt lat="30.64709" lon="104.10519">
        <time>2026-05-10T12:56:35Z</time>
      </trkpt>
      <trkpt lat="30.647118" lon="104.10512">
        <time>2026-05-10T12:56:36Z</time>
      </trkpt>
      <trkpt lat="30.647146" lon="104.10504">
        <time>2026-05-10T12:56:37Z</time>
      </trkpt>
      <trkpt lat="30.647177" lon="104.10498">
        <time>2026-05-10T12:56:38Z</time>
      </trkpt>
      <trkpt lat="30.647205" lon="104.10491">
        <time>2026-05-10T12:56:39Z</time>
      </trkpt>
      <trkpt lat="30.647234" lon="104.10484">
        <time>2026-05-10T12:56:40Z</time>
      </trkpt>
      <trkpt lat="30.647264" lon="104.104774">
        <time>2026-05-10T12:56:41Z</time>
      </trkpt>
      <trkpt lat="30.647293" lon="104.104706">
        <time>2026-05-10T12:56:42Z</time>
      </trkpt>
      <trkpt lat="30.647318" lon="104.10463">
        <time>2026-05-10T12:56:43Z</time>
      </trkpt>
      <trkpt lat="30.64734" lon="104.10456">
        <time>2026-05-10T12:56:44Z</time>
      </trkpt>
      <trkpt lat="30.647367" lon="104.104485">
        <time>2026-05-10T12:56:45Z</time>
      </trkpt>
      <trkpt lat="30.647394" lon="104.10442">
        <time>2026-05-10T12:56:46Z</time>
      </trkpt>
      <trkpt lat="30.647427" lon="104.104355">
        <time>2026-05-10T12:56:47Z</time>
      </trkpt>
      <trkpt lat="30.647459" lon="104.104294">
        <time>2026-05-10T12:56:48Z</time>
      </trkpt>
      <trkpt lat="30.64749" lon="104.104225">
        <time>2026-05-10T12:56:49Z</time>
      </trkpt>
      <trkpt lat="30.64752" lon="104.10416">
        <time>2026-05-10T12:56:50Z</time>
      </trkpt>
      <trkpt lat="30.64755" lon="104.10409">
        <time>2026-05-10T12:56:51Z</time>
      </trkpt>
      <trkpt lat="30.64758" lon="104.10402">
        <time>2026-05-10T12:56:52Z</time>
      </trkpt>
      <trkpt lat="30.64761" lon="104.10395">
        <time>2026-05-10T12:56:53Z</time>
      </trkpt>
      <trkpt lat="30.647642" lon="104.10388">
        <time>2026-05-10T12:56:54Z</time>
      </trkpt>
      <trkpt lat="30.647675" lon="104.10382">
        <time>2026-05-10T12:56:55Z</time>
      </trkpt>
      <trkpt lat="30.647707" lon="104.10375">
        <time>2026-05-10T12:56:56Z</time>
      </trkpt>
      <trkpt lat="30.64774" lon="104.10368">
        <time>2026-05-10T12:56:57Z</time>
      </trkpt>
      <trkpt lat="30.647768" lon="104.103615">
        <time>2026-05-10T12:56:58Z</time>
      </trkpt>
      <trkpt lat="30.647799" lon="104.10355">
        <time>2026-05-10T12:56:59Z</time>
      </trkpt>
      <trkpt lat="30.64783" lon="104.10348">
        <time>2026-05-10T12:57:00Z</time>
      </trkpt>
      <trkpt lat="30.647863" lon="104.10341">
        <time>2026-05-10T12:57:01Z</time>
      </trkpt>
      <trkpt lat="30.647896" lon="104.10334">
        <time>2026-05-10T12:57:02Z</time>
      </trkpt>
      <trkpt lat="30.647928" lon="104.10327">
        <time>2026-05-10T12:57:03Z</time>
      </trkpt>
      <trkpt lat="30.64796" lon="104.1032">
        <time>2026-05-10T12:57:04Z</time>
      </trkpt>
      <trkpt lat="30.64799" lon="104.10314">
        <time>2026-05-10T12:57:05Z</time>
      </trkpt>
      <trkpt lat="30.64802" lon="104.10308">
        <time>2026-05-10T12:57:06Z</time>
      </trkpt>
      <trkpt lat="30.64805" lon="104.10302">
        <time>2026-05-10T12:57:07Z</time>
      </trkpt>
      <trkpt lat="30.648075" lon="104.10296">
        <time>2026-05-10T12:57:08Z</time>
      </trkpt>
      <trkpt lat="30.648106" lon="104.10288">
        <time>2026-05-10T12:57:09Z</time>
      </trkpt>
      <trkpt lat="30.648136" lon="104.10281">
        <time>2026-05-10T12:57:10Z</time>
      </trkpt>
      <trkpt lat="30.648163" lon="104.102745">
        <time>2026-05-10T12:57:11Z</time>
      </trkpt>
      <trkpt lat="30.648195" lon="104.10268">
        <time>2026-05-10T12:57:12Z</time>
      </trkpt>
      <trkpt lat="30.648235" lon="104.102615">
        <time>2026-05-10T12:57:13Z</time>
      </trkpt>
      <trkpt lat="30.648272" lon="104.102554">
        <time>2026-05-10T12:57:14Z</time>
      </trkpt>
      <trkpt lat="30.648296" lon="104.10249">
        <time>2026-05-10T12:57:15Z</time>
      </trkpt>
      <trkpt lat="30.648321" lon="104.102425">
        <time>2026-05-10T12:57:16Z</time>
      </trkpt>
      <trkpt lat="30.648348" lon="104.102356">
        <time>2026-05-10T12:57:17Z</time>
      </trkpt>
      <trkpt lat="30.64837" lon="104.10229">
        <time>2026-05-10T12:57:18Z</time>
      </trkpt>
      <trkpt lat="30.6484" lon="104.10223">
        <time>2026-05-10T12:57:19Z</time>
      </trkpt>
      <trkpt lat="30.648432" lon="104.102165">
        <time>2026-05-10T12:57:20Z</time>
      </trkpt>
      <trkpt lat="30.648468" lon="104.1021">
        <time>2026-05-10T12:57:21Z</time>
      </trkpt>
      <trkpt lat="30.648508" lon="104.10204">
        <time>2026-05-10T12:57:22Z</time>
      </trkpt>
      <trkpt lat="30.64855" lon="104.10198">
        <time>2026-05-10T12:57:23Z</time>
      </trkpt>
      <trkpt lat="30.648582" lon="104.10192">
        <time>2026-05-10T12:57:24Z</time>
      </trkpt>
      <trkpt lat="30.648615" lon="104.10187">
        <time>2026-05-10T12:57:25Z</time>
      </trkpt>
      <trkpt lat="30.64865" lon="104.101814">
        <time>2026-05-10T12:57:26Z</time>
      </trkpt>
      <trkpt lat="30.64868" lon="104.10175">
        <time>2026-05-10T12:57:27Z</time>
      </trkpt>
      <trkpt lat="30.648712" lon="104.10169">
        <time>2026-05-10T12:57:28Z</time>
      </trkpt>
      <trkpt lat="30.648737" lon="104.10163">
        <time>2026-05-10T12:57:29Z</time>
      </trkpt>
      <trkpt lat="30.64876" lon="104.10157">
        <time>2026-05-10T12:57:30Z</time>
      </trkpt>
      <trkpt lat="30.648783" lon="104.1015">
        <time>2026-05-10T12:57:31Z</time>
      </trkpt>
      <trkpt lat="30.64881" lon="104.10143">
        <time>2026-05-10T12:57:32Z</time>
      </trkpt>
      <trkpt lat="30.648838" lon="104.10137">
        <time>2026-05-10T12:57:33Z</time>
      </trkpt>
      <trkpt lat="30.648869" lon="104.10131">
        <time>2026-05-10T12:57:34Z</time>
      </trkpt>
      <trkpt lat="30.6489" lon="104.10125">
        <time>2026-05-10T12:57:35Z</time>
      </trkpt>
      <trkpt lat="30.648928" lon="104.10119">
        <time>2026-05-10T12:57:36Z</time>
      </trkpt>
      <trkpt lat="30.648954" lon="104.101135">
        <time>2026-05-10T12:57:37Z</time>
      </trkpt>
      <trkpt lat="30.64898" lon="104.10108">
        <time>2026-05-10T12:57:38Z</time>
      </trkpt>
      <trkpt lat="30.649006" lon="104.10102">
        <time>2026-05-10T12:57:39Z</time>
      </trkpt>
      <trkpt lat="30.649035" lon="104.10096">
        <time>2026-05-10T12:57:40Z</time>
      </trkpt>
      <trkpt lat="30.649069" lon="104.10091">
        <time>2026-05-10T12:57:41Z</time>
      </trkpt>
      <trkpt lat="30.649101" lon="104.100845">
        <time>2026-05-10T12:57:42Z</time>
      </trkpt>
      <trkpt lat="30.649128" lon="104.100784">
        <time>2026-05-10T12:57:43Z</time>
      </trkpt>
      <trkpt lat="30.649157" lon="104.10073">
        <time>2026-05-10T12:57:44Z</time>
      </trkpt>
      <trkpt lat="30.649183" lon="104.10067">
        <time>2026-05-10T12:57:45Z</time>
      </trkpt>
      <trkpt lat="30.649204" lon="104.1006">
        <time>2026-05-10T12:57:46Z</time>
      </trkpt>
      <trkpt lat="30.64923" lon="104.10054">
        <time>2026-05-10T12:57:47Z</time>
      </trkpt>
      <trkpt lat="30.649254" lon="104.10047">
        <time>2026-05-10T12:57:48Z</time>
      </trkpt>
      <trkpt lat="30.649282" lon="104.10041">
        <time>2026-05-10T12:57:49Z</time>
      </trkpt>
      <trkpt lat="30.649323" lon="104.10035">
        <time>2026-05-10T12:57:50Z</time>
      </trkpt>
      <trkpt lat="30.64935" lon="104.10029">
        <time>2026-05-10T12:57:51Z</time>
      </trkpt>
      <trkpt lat="30.649376" lon="104.10023">
        <time>2026-05-10T12:57:52Z</time>
      </trkpt>
      <trkpt lat="30.649406" lon="104.10017">
        <time>2026-05-10T12:57:53Z</time>
      </trkpt>
      <trkpt lat="30.649435" lon="104.100105">
        <time>2026-05-10T12:57:54Z</time>
      </trkpt>
      <trkpt lat="30.649466" lon="104.10005">
        <time>2026-05-10T12:57:55Z</time>
      </trkpt>
      <trkpt lat="30.649494" lon="104.09999">
        <time>2026-05-10T12:57:56Z</time>
      </trkpt>
      <trkpt lat="30.64952" lon="104.09994">
        <time>2026-05-10T12:57:57Z</time>
      </trkpt>
      <trkpt lat="30.649546" lon="104.099884">
        <time>2026-05-10T12:57:58Z</time>
      </trkpt>
      <trkpt lat="30.649572" lon="104.09984">
        <time>2026-05-10T12:57:59Z</time>
      </trkpt>
      <trkpt lat="30.649603" lon="104.09978">
        <time>2026-05-10T12:58:00Z</time>
      </trkpt>
      <trkpt lat="30.64964" lon="104.09971">
        <time>2026-05-10T12:58:01Z</time>
      </trkpt>
      <trkpt lat="30.64968" lon="104.099655">
        <time>2026-05-10T12:58:02Z</time>
      </trkpt>
      <trkpt lat="30.649712" lon="104.09961">
        <time>2026-05-10T12:58:03Z</time>
      </trkpt>
      <trkpt lat="30.649746" lon="104.099556">
        <time>2026-05-10T12:58:04Z</time>
      </trkpt>
      <trkpt lat="30.649773" lon="104.099495">
        <time>2026-05-10T12:58:05Z</time>
      </trkpt>
      <trkpt lat="30.649801" lon="104.099434">
        <time>2026-05-10T12:58:06Z</time>
      </trkpt>
      <trkpt lat="30.649832" lon="104.099365">
        <time>2026-05-10T12:58:07Z</time>
      </trkpt>
      <trkpt lat="30.64985" lon="104.099304">
        <time>2026-05-10T12:58:08Z</time>
      </trkpt>
      <trkpt lat="30.649881" lon="104.09924">
        <time>2026-05-10T12:58:09Z</time>
      </trkpt>
      <trkpt lat="30.649912" lon="104.09917">
        <time>2026-05-10T12:58:10Z</time>
      </trkpt>
      <trkpt lat="30.649944" lon="104.0991">
        <time>2026-05-10T12:58:11Z</time>
      </trkpt>
      <trkpt lat="30.649982" lon="104.09904">
        <time>2026-05-10T12:58:12Z</time>
      </trkpt>
      <trkpt lat="30.65001" lon="104.09897">
        <time>2026-05-10T12:58:13Z</time>
      </trkpt>
      <trkpt lat="30.650043" lon="104.09891">
        <time>2026-05-10T12:58:14Z</time>
      </trkpt>
      <trkpt lat="30.650078" lon="104.098854">
        <time>2026-05-10T12:58:15Z</time>
      </trkpt>
      <trkpt lat="30.650108" lon="104.09879">
        <time>2026-05-10T12:58:16Z</time>
      </trkpt>
      <trkpt lat="30.65014" lon="104.09874">
        <time>2026-05-10T12:58:17Z</time>
      </trkpt>
      <trkpt lat="30.650177" lon="104.09869">
        <time>2026-05-10T12:58:18Z</time>
      </trkpt>
      <trkpt lat="30.650211" lon="104.09863">
        <time>2026-05-10T12:58:19Z</time>
      </trkpt>
      <trkpt lat="30.650248" lon="104.09857">
        <time>2026-05-10T12:58:20Z</time>
      </trkpt>
      <trkpt lat="30.650276" lon="104.0985">
        <time>2026-05-10T12:58:21Z</time>
      </trkpt>
      <trkpt lat="30.6503" lon="104.09844">
        <time>2026-05-10T12:58:22Z</time>
      </trkpt>
      <trkpt lat="30.65031" lon="104.09838">
        <time>2026-05-10T12:58:23Z</time>
      </trkpt>
      <trkpt lat="30.650322" lon="104.098335">
        <time>2026-05-10T12:58:24Z</time>
      </trkpt>
      <trkpt lat="30.650331" lon="104.098305">
        <time>2026-05-10T12:58:25Z</time>
      </trkpt>
      <trkpt lat="30.650337" lon="104.098274">
        <time>2026-05-10T12:58:26Z</time>
      </trkpt>
      <trkpt lat="30.650347" lon="104.09824">
        <time>2026-05-10T12:58:27Z</time>
      </trkpt>
      <trkpt lat="30.650354" lon="104.09822">
        <time>2026-05-10T12:58:28Z</time>
      </trkpt>
      <trkpt lat="30.650366" lon="104.09821">
        <time>2026-05-10T12:58:29Z</time>
      </trkpt>
      <trkpt lat="30.650383" lon="104.09821">
        <time>2026-05-10T12:58:30Z</time>
      </trkpt>
      <trkpt lat="30.650412" lon="104.098206">
        <time>2026-05-10T12:58:31Z</time>
      </trkpt>
      <trkpt lat="30.65044" lon="104.0982">
        <time>2026-05-10T12:58:32Z</time>
      </trkpt>
      <trkpt lat="30.650473" lon="104.0982">
        <time>2026-05-10T12:58:33Z</time>
      </trkpt>
      <trkpt lat="30.65051" lon="104.098206">
        <time>2026-05-10T12:58:34Z</time>
      </trkpt>
      <trkpt lat="30.650541" lon="104.09822">
        <time>2026-05-10T12:58:35Z</time>
      </trkpt>
      <trkpt lat="30.650572" lon="104.098236">
        <time>2026-05-10T12:58:36Z</time>
      </trkpt>
      <trkpt lat="30.650604" lon="104.09825">
        <time>2026-05-10T12:58:37Z</time>
      </trkpt>
      <trkpt lat="30.650635" lon="104.098274">
        <time>2026-05-10T12:58:38Z</time>
      </trkpt>
      <trkpt lat="30.650663" lon="104.0983">
        <time>2026-05-10T12:58:39Z</time>
      </trkpt>
      <trkpt lat="30.650696" lon="104.09832">
        <time>2026-05-10T12:58:40Z</time>
      </trkpt>
      <trkpt lat="30.650728" lon="104.09834">
        <time>2026-05-10T12:58:41Z</time>
      </trkpt>
      <trkpt lat="30.650763" lon="104.09836">
        <time>2026-05-10T12:58:42Z</time>
      </trkpt>
      <trkpt lat="30.650795" lon="104.09838">
        <time>2026-05-10T12:58:43Z</time>
      </trkpt>
      <trkpt lat="30.650827" lon="104.0984">
        <time>2026-05-10T12:58:44Z</time>
      </trkpt>
      <trkpt lat="30.650864" lon="104.09841">
        <time>2026-05-10T12:58:45Z</time>
      </trkpt>
      <trkpt lat="30.650894" lon="104.09843">
        <time>2026-05-10T12:58:46Z</time>
      </trkpt>
      <trkpt lat="30.65092" lon="104.098434">
        <time>2026-05-10T12:58:47Z</time>
      </trkpt>
      <trkpt lat="30.650953" lon="104.09844">
        <time>2026-05-10T12:58:48Z</time>
      </trkpt>
      <trkpt lat="30.650984" lon="104.09845">
        <time>2026-05-10T12:58:49Z</time>
      </trkpt>
      <trkpt lat="30.651018" lon="104.09846">
        <time>2026-05-10T12:58:50Z</time>
      </trkpt>
      <trkpt lat="30.651054" lon="104.098465">
        <time>2026-05-10T12:58:51Z</time>
      </trkpt>
      <trkpt lat="30.651096" lon="104.09848">
        <time>2026-05-10T12:58:52Z</time>
      </trkpt>
      <trkpt lat="30.651144" lon="104.098495">
        <time>2026-05-10T12:58:53Z</time>
      </trkpt>
      <trkpt lat="30.651188" lon="104.09852">
        <time>2026-05-10T12:58:54Z</time>
      </trkpt>
      <trkpt lat="30.651237" lon="104.09854">
        <time>2026-05-10T12:58:55Z</time>
      </trkpt>
      <trkpt lat="30.651281" lon="104.098564">
        <time>2026-05-10T12:58:56Z</time>
      </trkpt>
      <trkpt lat="30.651327" lon="104.09859">
        <time>2026-05-10T12:58:57Z</time>
      </trkpt>
      <trkpt lat="30.651375" lon="104.0986">
        <time>2026-05-10T12:58:58Z</time>
      </trkpt>
      <trkpt lat="30.651424" lon="104.09863">
        <time>2026-05-10T12:58:59Z</time>
      </trkpt>
      <trkpt lat="30.651476" lon="104.09867">
        <time>2026-05-10T12:59:00Z</time>
      </trkpt>
      <trkpt lat="30.651525" lon="104.098694">
        <time>2026-05-10T12:59:01Z</time>
      </trkpt>
      <trkpt lat="30.651575" lon="104.098724">
        <time>2026-05-10T12:59:02Z</time>
      </trkpt>
      <trkpt lat="30.651628" lon="104.09876">
        <time>2026-05-10T12:59:03Z</time>
      </trkpt>
      <trkpt lat="30.651678" lon="104.09879">
        <time>2026-05-10T12:59:04Z</time>
      </trkpt>
      <trkpt lat="30.651735" lon="104.09882">
        <time>2026-05-10T12:59:05Z</time>
      </trkpt>
      <trkpt lat="30.651787" lon="104.098854">
        <time>2026-05-10T12:59:06Z</time>
      </trkpt>
      <trkpt lat="30.651833" lon="104.09888">
        <time>2026-05-10T12:59:07Z</time>
      </trkpt>
      <trkpt lat="30.651876" lon="104.0989">
        <time>2026-05-10T12:59:08Z</time>
      </trkpt>
      <trkpt lat="30.651926" lon="104.09893">
        <time>2026-05-10T12:59:09Z</time>
      </trkpt>
      <trkpt lat="30.651974" lon="104.09895">
        <time>2026-05-10T12:59:10Z</time>
      </trkpt>
      <trkpt lat="30.652012" lon="104.09897">
        <time>2026-05-10T12:59:11Z</time>
      </trkpt>
      <trkpt lat="30.652048" lon="104.09898">
        <time>2026-05-10T12:59:12Z</time>
      </trkpt>
      <trkpt lat="30.652092" lon="104.09901">
        <time>2026-05-10T12:59:13Z</time>
      </trkpt>
      <trkpt lat="30.652136" lon="104.09902">
        <time>2026-05-10T12:59:14Z</time>
      </trkpt>
      <trkpt lat="30.652176" lon="104.09905">
        <time>2026-05-10T12:59:15Z</time>
      </trkpt>
      <trkpt lat="30.652216" lon="104.099075">
        <time>2026-05-10T12:59:16Z</time>
      </trkpt>
      <trkpt lat="30.652258" lon="104.099106">
        <time>2026-05-10T12:59:17Z</time>
      </trkpt>
      <trkpt lat="30.652296" lon="104.09914">
        <time>2026-05-10T12:59:18Z</time>
      </trkpt>
      <trkpt lat="30.652336" lon="104.09917">
        <time>2026-05-10T12:59:19Z</time>
      </trkpt>
      <trkpt lat="30.652372" lon="104.0992">
        <time>2026-05-10T12:59:20Z</time>
      </trkpt>
      <trkpt lat="30.652403" lon="104.09922">
        <time>2026-05-10T12:59:21Z</time>
      </trkpt>
      <trkpt lat="30.652445" lon="104.09925">
        <time>2026-05-10T12:59:22Z</time>
      </trkpt>
      <trkpt lat="30.652483" lon="104.09927">
        <time>2026-05-10T12:59:23Z</time>
      </trkpt>
      <trkpt lat="30.65252" lon="104.099304">
        <time>2026-05-10T12:59:24Z</time>
      </trkpt>
      <trkpt lat="30.652557" lon="104.09933">
        <time>2026-05-10T12:59:25Z</time>
      </trkpt>
      <trkpt lat="30.652594" lon="104.099365">
        <time>2026-05-10T12:59:26Z</time>
      </trkpt>
      <trkpt lat="30.652632" lon="104.099396">
        <time>2026-05-10T12:59:27Z</time>
      </trkpt>
      <trkpt lat="30.652666" lon="104.09943">
        <time>2026-05-10T12:59:28Z</time>
      </trkpt>
      <trkpt lat="30.652704" lon="104.09946">
        <time>2026-05-10T12:59:29Z</time>
      </trkpt>
      <trkpt lat="30.652739" lon="104.099495">
        <time>2026-05-10T12:59:30Z</time>
      </trkpt>
      <trkpt lat="30.652773" lon="104.099525">
        <time>2026-05-10T12:59:31Z</time>
      </trkpt>
      <trkpt lat="30.65281" lon="104.099556">
        <time>2026-05-10T12:59:32Z</time>
      </trkpt>
      <trkpt lat="30.652847" lon="104.09958">
        <time>2026-05-10T12:59:33Z</time>
      </trkpt>
      <trkpt lat="30.652884" lon="104.0996">
        <time>2026-05-10T12:59:34Z</time>
      </trkpt>
      <trkpt lat="30.652916" lon="104.09963">
        <time>2026-05-10T12:59:35Z</time>
      </trkpt>
      <trkpt lat="30.652954" lon="104.099655">
        <time>2026-05-10T12:59:36Z</time>
      </trkpt>
      <trkpt lat="30.652994" lon="104.099686">
        <time>2026-05-10T12:59:37Z</time>
      </trkpt>
      <trkpt lat="30.653027" lon="104.09971">
        <time>2026-05-10T12:59:38Z</time>
      </trkpt>
      <trkpt lat="30.65306" lon="104.09973">
        <time>2026-05-10T12:59:39Z</time>
      </trkpt>
      <trkpt lat="30.6531" lon="104.099754">
        <time>2026-05-10T12:59:40Z</time>
      </trkpt>
      <trkpt lat="30.65314" lon="104.09978">
        <time>2026-05-10T12:59:41Z</time>
      </trkpt>
      <trkpt lat="30.653181" lon="104.0998">
        <time>2026-05-10T12:59:42Z</time>
      </trkpt>
      <trkpt lat="30.653221" lon="104.09984">
        <time>2026-05-10T12:59:43Z</time>
      </trkpt>
      <trkpt lat="30.65326" lon="104.09985">
        <time>2026-05-10T12:59:44Z</time>
      </trkpt>
      <trkpt lat="30.6533" lon="104.099884">
        <time>2026-05-10T12:59:45Z</time>
      </trkpt>
      <trkpt lat="30.65334" lon="104.099915">
        <time>2026-05-10T12:59:46Z</time>
      </trkpt>
      <trkpt lat="30.653385" lon="104.099945">
        <time>2026-05-10T12:59:47Z</time>
      </trkpt>
      <trkpt lat="30.653427" lon="104.099976">
        <time>2026-05-10T12:59:48Z</time>
      </trkpt>
      <trkpt lat="30.653475" lon="104.1">
        <time>2026-05-10T12:59:49Z</time>
      </trkpt>
      <trkpt lat="30.653513" lon="104.10002">
        <time>2026-05-10T12:59:50Z</time>
      </trkpt>
      <trkpt lat="30.653555" lon="104.10005">
        <time>2026-05-10T12:59:51Z</time>
      </trkpt>
      <trkpt lat="30.653599" lon="104.100075">
        <time>2026-05-10T12:59:52Z</time>
      </trkpt>
      <trkpt lat="30.65364" lon="104.1001">
        <time>2026-05-10T12:59:53Z</time>
      </trkpt>
      <trkpt lat="30.653685" lon="104.10013">
        <time>2026-05-10T12:59:54Z</time>
      </trkpt>
      <trkpt lat="30.653728" lon="104.10015">
        <time>2026-05-10T12:59:55Z</time>
      </trkpt>
      <trkpt lat="30.653774" lon="104.10018">
        <time>2026-05-10T12:59:56Z</time>
      </trkpt>
      <trkpt lat="30.653824" lon="104.10021">
        <time>2026-05-10T12:59:57Z</time>
      </trkpt>
      <trkpt lat="30.653875" lon="104.10024">
        <time>2026-05-10T12:59:58Z</time>
      </trkpt>
      <trkpt lat="30.653933" lon="104.10028">
        <time>2026-05-10T12:59:59Z</time>
      </trkpt>
      <trkpt lat="30.65399" lon="104.10032">
        <time>2026-05-10T13:00:00Z</time>
      </trkpt>
      <trkpt lat="30.654047" lon="104.10036">
        <time>2026-05-10T13:00:01Z</time>
      </trkpt>
      <trkpt lat="30.654104" lon="104.100395">
        <time>2026-05-10T13:00:02Z</time>
      </trkpt>
      <trkpt lat="30.65416" lon="104.100426">
        <time>2026-05-10T13:00:03Z</time>
      </trkpt>
      <trkpt lat="30.654213" lon="104.10046">
        <time>2026-05-10T13:00:04Z</time>
      </trkpt>
      <trkpt lat="30.654263" lon="104.10048">
        <time>2026-05-10T13:00:05Z</time>
      </trkpt>
      <trkpt lat="30.654306" lon="104.10051">
        <time>2026-05-10T13:00:06Z</time>
      </trkpt>
      <trkpt lat="30.65435" lon="104.10054">
        <time>2026-05-10T13:00:07Z</time>
      </trkpt>
      <trkpt lat="30.654394" lon="104.10057">
        <time>2026-05-10T13:00:08Z</time>
      </trkpt>
      <trkpt lat="30.654438" lon="104.1006">
        <time>2026-05-10T13:00:09Z</time>
      </trkpt>
      <trkpt lat="30.654478" lon="104.10063">
        <time>2026-05-10T13:00:10Z</time>
      </trkpt>
      <trkpt lat="30.654522" lon="104.10066">
        <time>2026-05-10T13:00:11Z</time>
      </trkpt>
      <trkpt lat="30.654562" lon="104.10069">
        <time>2026-05-10T13:00:12Z</time>
      </trkpt>
      <trkpt lat="30.654598" lon="104.100716">
        <time>2026-05-10T13:00:13Z</time>
      </trkpt>
      <trkpt lat="30.65463" lon="104.10074">
        <time>2026-05-10T13:00:14Z</time>
      </trkpt>
      <trkpt lat="30.654663" lon="104.10075">
        <time>2026-05-10T13:00:15Z</time>
      </trkpt>
      <trkpt lat="30.654696" lon="104.10078">
        <time>2026-05-10T13:00:16Z</time>
      </trkpt>
      <trkpt lat="30.654737" lon="104.1008">
        <time>2026-05-10T13:00:17Z</time>
      </trkpt>
      <trkpt lat="30.654776" lon="104.100815">
        <time>2026-05-10T13:00:18Z</time>
      </trkpt>
      <trkpt lat="30.654814" lon="104.10083">
        <time>2026-05-10T13:00:19Z</time>
      </trkpt>
      <trkpt lat="30.654856" lon="104.10085">
        <time>2026-05-10T13:00:20Z</time>
      </trkpt>
      <trkpt lat="30.654896" lon="104.100876">
        <time>2026-05-10T13:00:21Z</time>
      </trkpt>
      <trkpt lat="30.654934" lon="104.1009">
        <time>2026-05-10T13:00:22Z</time>
      </trkpt>
      <trkpt lat="30.654972" lon="104.10092">
        <time>2026-05-10T13:00:23Z</time>
      </trkpt>
      <trkpt lat="30.655005" lon="104.100945">
        <time>2026-05-10T13:00:24Z</time>
      </trkpt>
      <trkpt lat="30.655048" lon="104.10097">
        <time>2026-05-10T13:00:25Z</time>
      </trkpt>
      <trkpt lat="30.655088" lon="104.101">
        <time>2026-05-10T13:00:26Z</time>
      </trkpt>
      <trkpt lat="30.655127" lon="104.10102">
        <time>2026-05-10T13:00:27Z</time>
      </trkpt>
      <trkpt lat="30.655167" lon="104.101036">
        <time>2026-05-10T13:00:28Z</time>
      </trkpt>
      <trkpt lat="30.655205" lon="104.10104">
        <time>2026-05-10T13:00:29Z</time>
      </trkpt>
      <trkpt lat="30.655245" lon="104.10103">
        <time>2026-05-10T13:00:30Z</time>
      </trkpt>
      <trkpt lat="30.65528" lon="104.101006">
        <time>2026-05-10T13:00:31Z</time>
      </trkpt>
      <trkpt lat="30.655306" lon="104.10097">
        <time>2026-05-10T13:00:32Z</time>
      </trkpt>
      <trkpt lat="30.655342" lon="104.100945">
        <time>2026-05-10T13:00:33Z</time>
      </trkpt>
      <trkpt lat="30.655367" lon="104.100914">
        <time>2026-05-10T13:00:34Z</time>
      </trkpt>
      <trkpt lat="30.655388" lon="104.10088">
        <time>2026-05-10T13:00:35Z</time>
      </trkpt>
      <trkpt lat="30.655401" lon="104.10084">
        <time>2026-05-10T13:00:36Z</time>
      </trkpt>
      <trkpt lat="30.65541" lon="104.10079">
        <time>2026-05-10T13:00:37Z</time>
      </trkpt>
      <trkpt lat="30.655424" lon="104.100746">
        <time>2026-05-10T13:00:38Z</time>
      </trkpt>
      <trkpt lat="30.65544" lon="104.10071">
        <time>2026-05-10T13:00:39Z</time>
      </trkpt>
      <trkpt lat="30.655455" lon="104.10067">
        <time>2026-05-10T13:00:40Z</time>
      </trkpt>
      <trkpt lat="30.655472" lon="104.10063">
        <time>2026-05-10T13:00:41Z</time>
      </trkpt>
      <trkpt lat="30.655489" lon="104.10059">
        <time>2026-05-10T13:00:42Z</time>
      </trkpt>
      <trkpt lat="30.655506" lon="104.10056">
        <time>2026-05-10T13:00:43Z</time>
      </trkpt>
      <trkpt lat="30.655533" lon="104.10054">
        <time>2026-05-10T13:00:44Z</time>
      </trkpt>
      <trkpt lat="30.655556" lon="104.10052">
        <time>2026-05-10T13:00:45Z</time>
      </trkpt>
      <trkpt lat="30.655573" lon="104.10052">
        <time>2026-05-10T13:00:46Z</time>
      </trkpt>
      <trkpt lat="30.65559" lon="104.10053">
        <time>2026-05-10T13:00:47Z</time>
      </trkpt>
      <trkpt lat="30.655611" lon="104.100555">
        <time>2026-05-10T13:00:48Z</time>
      </trkpt>
      <trkpt lat="30.655632" lon="104.10056">
        <time>2026-05-10T13:00:49Z</time>
      </trkpt>
      <trkpt lat="30.655653" lon="104.10058">
        <time>2026-05-10T13:00:50Z</time>
      </trkpt>
      <trkpt lat="30.655674" lon="104.100586">
        <time>2026-05-10T13:00:51Z</time>
      </trkpt>
      <trkpt lat="30.655693" lon="104.1006">
        <time>2026-05-10T13:00:52Z</time>
      </trkpt>
      <trkpt lat="30.65572" lon="104.100624">
        <time>2026-05-10T13:00:53Z</time>
      </trkpt>
      <trkpt lat="30.655754" lon="104.10065">
        <time>2026-05-10T13:00:54Z</time>
      </trkpt>
      <trkpt lat="30.655785" lon="104.10066">
        <time>2026-05-10T13:00:55Z</time>
      </trkpt>
      <trkpt lat="30.655807" lon="104.100685">
        <time>2026-05-10T13:00:56Z</time>
      </trkpt>
      <trkpt lat="30.655832" lon="104.1007">
        <time>2026-05-10T13:00:57Z</time>
      </trkpt>
      <trkpt lat="30.655855" lon="104.10072">
        <time>2026-05-10T13:00:58Z</time>
      </trkpt>
      <trkpt lat="30.655878" lon="104.100746">
        <time>2026-05-10T13:00:59Z</time>
      </trkpt>
      <trkpt lat="30.655905" lon="104.10077">
        <time>2026-05-10T13:01:00Z</time>
      </trkpt>
      <trkpt lat="30.655931" lon="104.10079">
        <time>2026-05-10T13:01:01Z</time>
      </trkpt>
      <trkpt lat="30.655958" lon="104.100815">
        <time>2026-05-10T13:01:02Z</time>
      </trkpt>
      <trkpt lat="30.655975" lon="104.10083">
        <time>2026-05-10T13:01:03Z</time>
      </trkpt>
      <trkpt lat="30.655998" lon="104.100845">
        <time>2026-05-10T13:01:04Z</time>
      </trkpt>
      <trkpt lat="30.656029" lon="104.10087">
        <time>2026-05-10T13:01:05Z</time>
      </trkpt>
      <trkpt lat="30.656054" lon="104.10089">
        <time>2026-05-10T13:01:06Z</time>
      </trkpt>
      <trkpt lat="30.656075" lon="104.10091">
        <time>2026-05-10T13:01:07Z</time>
      </trkpt>
      <trkpt lat="30.656101" lon="104.10092">
        <time>2026-05-10T13:01:08Z</time>
      </trkpt>
      <trkpt lat="30.656132" lon="104.10094">
        <time>2026-05-10T13:01:09Z</time>
      </trkpt>
      <trkpt lat="30.656162" lon="104.10095">
        <time>2026-05-10T13:01:10Z</time>
      </trkpt>
      <trkpt lat="30.65619" lon="104.10097">
        <time>2026-05-10T13:01:11Z</time>
      </trkpt>
      <trkpt lat="30.656218" lon="104.10098">
        <time>2026-05-10T13:01:12Z</time>
      </trkpt>
      <trkpt lat="30.656239" lon="104.101">
        <time>2026-05-10T13:01:13Z</time>
      </trkpt>
      <trkpt lat="30.656256" lon="104.101006">
        <time>2026-05-10T13:01:14Z</time>
      </trkpt>
      <trkpt lat="30.656279" lon="104.10102">
        <time>2026-05-10T13:01:15Z</time>
      </trkpt>
      <trkpt lat="30.656301" lon="104.101036">
        <time>2026-05-10T13:01:16Z</time>
      </trkpt>
      <trkpt lat="30.656326" lon="104.10105">
        <time>2026-05-10T13:01:17Z</time>
      </trkpt>
      <trkpt lat="30.656359" lon="104.10107">
        <time>2026-05-10T13:01:18Z</time>
      </trkpt>
      <trkpt lat="30.656382" lon="104.101074">
        <time>2026-05-10T13:01:19Z</time>
      </trkpt>
      <trkpt lat="30.656403" lon="104.10108">
        <time>2026-05-10T13:01:20Z</time>
      </trkpt>
      <trkpt lat="30.656425" lon="104.10109">
        <time>2026-05-10T13:01:21Z</time>
      </trkpt>
      <trkpt lat="30.65645" lon="104.101105">
        <time>2026-05-10T13:01:22Z</time>
      </trkpt>
      <trkpt lat="30.656483" lon="104.10112">
        <time>2026-05-10T13:01:23Z</time>
      </trkpt>
      <trkpt lat="30.656513" lon="104.10113">
        <time>2026-05-10T13:01:24Z</time>
      </trkpt>
      <trkpt lat="30.656542" lon="104.101135">
        <time>2026-05-10T13:01:25Z</time>
      </trkpt>
      <trkpt lat="30.65657" lon="104.10115">
        <time>2026-05-10T13:01:26Z</time>
      </trkpt>
      <trkpt lat="30.656588" lon="104.10116">
        <time>2026-05-10T13:01:27Z</time>
      </trkpt>
      <trkpt lat="30.656607" lon="104.10117">
        <time>2026-05-10T13:01:28Z</time>
      </trkpt>
      <trkpt lat="30.656628" lon="104.10118">
        <time>2026-05-10T13:01:29Z</time>
      </trkpt>
      <trkpt lat="30.656645" lon="104.1012">
        <time>2026-05-10T13:01:30Z</time>
      </trkpt>
      <trkpt lat="30.656672" lon="104.10121">
        <time>2026-05-10T13:01:31Z</time>
      </trkpt>
      <trkpt lat="30.656698" lon="104.10123">
        <time>2026-05-10T13:01:32Z</time>
      </trkpt>
      <trkpt lat="30.656721" lon="104.10124">
        <time>2026-05-10T13:01:33Z</time>
      </trkpt>
      <trkpt lat="30.65675" lon="104.10127">
        <time>2026-05-10T13:01:34Z</time>
      </trkpt>
      <trkpt lat="30.656776" lon="104.10129">
        <time>2026-05-10T13:01:35Z</time>
      </trkpt>
      <trkpt lat="30.656803" lon="104.101295">
        <time>2026-05-10T13:01:36Z</time>
      </trkpt>
      <trkpt lat="30.65683" lon="104.10131">
        <time>2026-05-10T13:01:37Z</time>
      </trkpt>
      <trkpt lat="30.656849" lon="104.101326">
        <time>2026-05-10T13:01:38Z</time>
      </trkpt>
      <trkpt lat="30.656864" lon="104.10135">
        <time>2026-05-10T13:01:39Z</time>
      </trkpt>
      <trkpt lat="30.65688" lon="104.10138">
        <time>2026-05-10T13:01:40Z</time>
      </trkpt>
      <trkpt lat="30.656881" lon="104.10137">
        <time>2026-05-10T13:01:41Z</time>
      </trkpt>
      <trkpt lat="30.656885" lon="104.10138">
        <time>2026-05-10T13:01:42Z</time>
      </trkpt>
      <trkpt lat="30.656885" lon="104.10138">
        <time>2026-05-10T13:01:43Z</time>
      </trkpt>
      <trkpt lat="30.656885" lon="104.10138">
        <time>2026-05-10T13:01:44Z</time>
      </trkpt>
      <trkpt lat="30.65687" lon="104.10137">
        <time>2026-05-10T13:01:45Z</time>
      </trkpt>
      <trkpt lat="30.65687" lon="104.10137">
        <time>2026-05-10T13:01:46Z</time>
      </trkpt>
      <trkpt lat="30.65687" lon="104.10137">
        <time>2026-05-10T13:01:47Z</time>
      </trkpt>
      <trkpt lat="30.65687" lon="104.10137">
        <time>2026-05-10T13:01:48Z</time>
      </trkpt>
      <trkpt lat="30.65687" lon="104.10137">
        <time>2026-05-10T13:01:49Z</time>
      </trkpt>
      <trkpt lat="30.65687" lon="104.10137">
        <time>2026-05-10T13:01:50Z</time>
      </trkpt>
      <trkpt lat="30.65687" lon="104.10137">
        <time>2026-05-10T13:01:51Z</time>
      </trkpt>
      <trkpt lat="30.65687" lon="104.10137">
        <time>2026-05-10T13:01:52Z</time>
      </trkpt>
      <trkpt lat="30.65687" lon="104.10137">
        <time>2026-05-10T13:01:53Z</time>
      </trkpt>
      <trkpt lat="30.65687" lon="104.10137">
        <time>2026-05-10T13:01:54Z</time>
      </trkpt>
    </trkseg>
  </trk>
</gpx>