<?xml version="1.0" encoding="UTF-8"?>
<gpx version="1.1" creator="Go GPS Converter">
  <trk>
    <name>GPS Track</name>
    <trkseg>
      <trkpt lat="30.655968" lon="104.10099">
        <time>2026-05-12T10:28:25Z</time>
      </trkpt>
      <trkpt lat="30.655964" lon="104.10094">
        <time>2026-05-12T10:28:26Z</time>
      </trkpt>
      <trkpt lat="30.655935" lon="104.10088">
        <time>2026-05-12T10:28:27Z</time>
      </trkpt>
      <trkpt lat="30.655935" lon="104.1009">
        <time>2026-05-12T10:28:28Z</time>
      </trkpt>
      <trkpt lat="30.65591" lon="104.100876">
        <time>2026-05-12T10:28:29Z</time>
      </trkpt>
      <trkpt lat="30.655882" lon="104.100876">
        <time>2026-05-12T10:28:30Z</time>
      </trkpt>
      <trkpt lat="30.655851" lon="104.10087">
        <time>2026-05-12T10:28:31Z</time>
      </trkpt>
      <trkpt lat="30.655813" lon="104.10086">
        <time>2026-05-12T10:28:32Z</time>
      </trkpt>
      <trkpt lat="30.65578" lon="104.100845">
        <time>2026-05-12T10:28:33Z</time>
      </trkpt>
      <trkpt lat="30.655752" lon="104.10082">
        <time>2026-05-12T10:28:34Z</time>
      </trkpt>
      <trkpt lat="30.655725" lon="104.10079">
        <time>2026-05-12T10:28:35Z</time>
      </trkpt>
      <trkpt lat="30.655697" lon="104.10077">
        <time>2026-05-12T10:28:36Z</time>
      </trkpt>
      <trkpt lat="30.655668" lon="104.10074">
        <time>2026-05-12T10:28:37Z</time>
      </trkpt>
      <trkpt lat="30.655638" lon="104.10071">
        <time>2026-05-12T10:28:38Z</time>
      </trkpt>
      <trkpt lat="30.655611" lon="104.10067">
        <time>2026-05-12T10:28:39Z</time>
      </trkpt>
      <trkpt lat="30.655582" lon="104.10064">
        <time>2026-05-12T10:28:40Z</time>
      </trkpt>
      <trkpt lat="30.65555" lon="104.10062">
        <time>2026-05-12T10:28:41Z</time>
      </trkpt>
      <trkpt lat="30.655516" lon="104.1006">
        <time>2026-05-12T10:28:42Z</time>
      </trkpt>
      <trkpt lat="30.655483" lon="104.1006">
        <time>2026-05-12T10:28:43Z</time>
      </trkpt>
      <trkpt lat="30.655457" lon="104.1006">
        <time>2026-05-12T10:28:44Z</time>
      </trkpt>
      <trkpt lat="30.655434" lon="104.10061">
        <time>2026-05-12T10:28:45Z</time>
      </trkpt>
      <trkpt lat="30.65541" lon="104.10063">
        <time>2026-05-12T10:28:46Z</time>
      </trkpt>
      <trkpt lat="30.655386" lon="104.10066">
        <time>2026-05-12T10:28:47Z</time>
      </trkpt>
      <trkpt lat="30.655365" lon="104.1007">
        <time>2026-05-12T10:28:48Z</time>
      </trkpt>
      <trkpt lat="30.655348" lon="104.100746">
        <time>2026-05-12T10:28:49Z</time>
      </trkpt>
      <trkpt lat="30.655336" lon="104.10079">
        <time>2026-05-12T10:28:50Z</time>
      </trkpt>
      <trkpt lat="30.655327" lon="104.10084">
        <time>2026-05-12T10:28:51Z</time>
      </trkpt>
      <trkpt lat="30.65532" lon="104.100876">
        <time>2026-05-12T10:28:52Z</time>
      </trkpt>
      <trkpt lat="30.655312" lon="104.10091">
        <time>2026-05-12T10:28:53Z</time>
      </trkpt>
      <trkpt lat="30.6553" lon="104.10093">
        <time>2026-05-12T10:28:54Z</time>
      </trkpt>
      <trkpt lat="30.655285" lon="104.10095">
        <time>2026-05-12T10:28:55Z</time>
      </trkpt>
      <trkpt lat="30.655262" lon="104.10097">
        <time>2026-05-12T10:28:56Z</time>
      </trkpt>
      <trkpt lat="30.655231" lon="104.10097">
        <time>2026-05-12T10:28:57Z</time>
      </trkpt>
      <trkpt lat="30.6552" lon="104.10096">
        <time>2026-05-12T10:28:58Z</time>
      </trkpt>
      <trkpt lat="30.655165" lon="104.100945">
        <time>2026-05-12T10:28:59Z</time>
      </trkpt>
      <trkpt lat="30.655134" lon="104.10093">
        <time>2026-05-12T10:29:00Z</time>
      </trkpt>
      <trkpt lat="30.6551" lon="104.100914">
        <time>2026-05-12T10:29:01Z</time>
      </trkpt>
      <trkpt lat="30.655067" lon="104.1009">
        <time>2026-05-12T10:29:02Z</time>
      </trkpt>
      <trkpt lat="30.655037" lon="104.10088">
        <time>2026-05-12T10:29:03Z</time>
      </trkpt>
      <trkpt lat="30.655003" lon="104.10086">
        <time>2026-05-12T10:29:04Z</time>
      </trkpt>
      <trkpt lat="30.65497" lon="104.100845">
        <time>2026-05-12T10:29:05Z</time>
      </trkpt>
      <trkpt lat="30.654936" lon="104.10083">
        <time>2026-05-12T10:29:06Z</time>
      </trkpt>
      <trkpt lat="30.654905" lon="104.10081">
        <time>2026-05-12T10:29:07Z</time>
      </trkpt>
      <trkpt lat="30.654871" lon="104.100784">
        <time>2026-05-12T10:29:08Z</time>
      </trkpt>
      <trkpt lat="30.65484" lon="104.10076">
        <time>2026-05-12T10:29:09Z</time>
      </trkpt>
      <trkpt lat="30.654806" lon="104.100746">
        <time>2026-05-12T10:29:10Z</time>
      </trkpt>
      <trkpt lat="30.654772" lon="104.10072">
        <time>2026-05-12T10:29:11Z</time>
      </trkpt>
      <trkpt lat="30.654736" lon="104.10071">
        <time>2026-05-12T10:29:12Z</time>
      </trkpt>
      <trkpt lat="30.6547" lon="104.10069">
        <time>2026-05-12T10:29:13Z</time>
      </trkpt>
      <trkpt lat="30.654665" lon="104.10067">
        <time>2026-05-12T10:29:14Z</time>
      </trkpt>
      <trkpt lat="30.654633" lon="104.100655">
        <time>2026-05-12T10:29:15Z</time>
      </trkpt>
      <trkpt lat="30.6546" lon="104.10063">
        <time>2026-05-12T10:29:16Z</time>
      </trkpt>
      <trkpt lat="30.654572" lon="104.10062">
        <time>2026-05-12T10:29:17Z</time>
      </trkpt>
      <trkpt lat="30.654545" lon="104.10059">
        <time>2026-05-12T10:29:18Z</time>
      </trkpt>
      <trkpt lat="30.654522" lon="104.10058">
        <time>2026-05-12T10:29:19Z</time>
      </trkpt>
      <trkpt lat="30.6545" lon="104.10056">
        <time>2026-05-12T10:29:20Z</time>
      </trkpt>
      <trkpt lat="30.65448" lon="104.10055">
        <time>2026-05-12T10:29:21Z</time>
      </trkpt>
      <trkpt lat="30.654459" lon="104.10053">
        <time>2026-05-12T10:29:22Z</time>
      </trkpt>
      <trkpt lat="30.654438" lon="104.100525">
        <time>2026-05-12T10:29:23Z</time>
      </trkpt>
      <trkpt lat="30.654417" lon="104.10051">
        <time>2026-05-12T10:29:24Z</time>
      </trkpt>
      <trkpt lat="30.654396" lon="104.100494">
        <time>2026-05-12T10:29:25Z</time>
      </trkpt>
      <trkpt lat="30.65438" lon="104.10049">
        <time>2026-05-12T10:29:26Z</time>
      </trkpt>
      <trkpt lat="30.654367" lon="104.10047">
        <time>2026-05-12T10:29:27Z</time>
      </trkpt>
      <trkpt lat="30.654356" lon="104.10046">
        <time>2026-05-12T10:29:28Z</time>
      </trkpt>
      <trkpt lat="30.654348" lon="104.10045">
        <time>2026-05-12T10:29:29Z</time>
      </trkpt>
      <trkpt lat="30.654343" lon="104.10043">
        <time>2026-05-12T10:29:30Z</time>
      </trkpt>
      <trkpt lat="30.65434" lon="104.10043">
        <time>2026-05-12T10:29:31Z</time>
      </trkpt>
      <trkpt lat="30.65434" lon="104.100426">
        <time>2026-05-12T10:29:32Z</time>
      </trkpt>
      <trkpt lat="30.65434" lon="104.100426">
        <time>2026-05-12T10:29:33Z</time>
      </trkpt>
      <trkpt lat="30.65434" lon="104.100426">
        <time>2026-05-12T10:29:34Z</time>
      </trkpt>
      <trkpt lat="30.65434" lon="104.100426">
        <time>2026-05-12T10:29:35Z</time>
      </trkpt>
      <trkpt lat="30.65434" lon="104.100426">
        <time>2026-05-12T10:29:36Z</time>
      </trkpt>
      <trkpt lat="30.65434" lon="104.100426">
        <time>2026-05-12T10:29:37Z</time>
      </trkpt>
      <trkpt lat="30.65434" lon="104.100426">
        <time>2026-05-12T10:29:38Z</time>
      </trkpt>
      <trkpt lat="30.65434" lon="104.100426">
        <time>2026-05-12T10:29:39Z</time>
      </trkpt>
      <trkpt lat="30.65434" lon="104.100426">
        <time>2026-05-12T10:29:40Z</time>
      </trkpt>
      <trkpt lat="30.65434" lon="104.100426">
        <time>2026-05-12T10:29:41Z</time>
      </trkpt>
      <trkpt lat="30.65434" lon="104.100426">
        <time>2026-05-12T10:29:42Z</time>
      </trkpt>
      <trkpt lat="30.65434" lon="104.100426">
        <time>2026-05-12T10:29:43Z</time>
      </trkpt>
      <trkpt lat="30.65434" lon="104.100426">
        <time>2026-05-12T10:29:44Z</time>
      </trkpt>
      <trkpt lat="30.65434" lon="104.100426">
        <time>2026-05-12T10:29:45Z</time>
      </trkpt>
      <trkpt lat="30.65434" lon="104.100426">
        <time>2026-05-12T10:29:46Z</time>
      </trkpt>
      <trkpt lat="30.65434" lon="104.100426">
        <time>2026-05-12T10:29:47Z</time>
      </trkpt>
      <trkpt lat="30.65434" lon="104.100426">
        <time>2026-05-12T10:29:48Z</time>
      </trkpt>
      <trkpt lat="30.65434" lon="104.100426">
        <time>2026-05-12T10:29:49Z</time>
      </trkpt>
      <trkpt lat="30.65434" lon="104.100426">
        <time>2026-05-12T10:29:50Z</time>
      </trkpt>
      <trkpt lat="30.65434" lon="104.100426">
        <time>2026-05-12T10:29:51Z</time>
      </trkpt>
      <trkpt lat="30.65434" lon="104.100426">
        <time>2026-05-12T10:29:52Z</time>
      </trkpt>
      <trkpt lat="30.65434" lon="104.100426">
        <time>2026-05-12T10:29:53Z</time>
      </trkpt>
      <trkpt lat="30.65434" lon="104.100426">
        <time>2026-05-12T10:29:54Z</time>
      </trkpt>
      <trkpt lat="30.65434" lon="104.100426">
        <time>2026-05-12T10:29:55Z</time>
      </trkpt>
      <trkpt lat="30.65434" lon="104.100426">
        <time>2026-05-12T10:29:56Z</time>
      </trkpt>
      <trkpt lat="30.65434" lon="104.100426">
        <time>2026-05-12T10:29:57Z</time>
      </trkpt>
      <trkpt lat="30.65434" lon="104.100426">
        <time>2026-05-12T10:29:58Z</time>
      </trkpt>
      <trkpt lat="30.65434" lon="104.100426">
        <time>2026-05-12T10:29:59Z</time>
      </trkpt>
      <trkpt lat="30.65434" lon="104.100426">
        <time>2026-05-12T10:30:00Z</time>
      </trkpt>
      <trkpt lat="30.65434" lon="104.100426">
        <time>2026-05-12T10:30:01Z</time>
      </trkpt>
      <trkpt lat="30.65434" lon="104.100426">
        <time>2026-05-12T10:30:02Z</time>
      </trkpt>
      <trkpt lat="30.65434" lon="104.100426">
        <time>2026-05-12T10:30:03Z</time>
      </trkpt>
      <trkpt lat="30.65434" lon="104.100426">
        <time>2026-05-12T10:30:04Z</time>
      </trkpt>
      <trkpt lat="30.65434" lon="104.100426">
        <time>2026-05-12T10:30:05Z</time>
      </trkpt>
      <trkpt lat="30.65434" lon="104.100426">
        <time>2026-05-12T10:30:06Z</time>
      </trkpt>
      <trkpt lat="30.65434" lon="104.100426">
        <time>2026-05-12T10:30:07Z</time>
      </trkpt>
      <trkpt lat="30.65434" lon="104.100426">
        <time>2026-05-12T10:30:08Z</time>
      </trkpt>
      <trkpt lat="30.65434" lon="104.100426">
        <time>2026-05-12T10:30:09Z</time>
      </trkpt>
      <trkpt lat="30.65434" lon="104.100426">
        <time>2026-05-12T10:30:10Z</time>
      </trkpt>
      <trkpt lat="30.65434" lon="104.100426">
        <time>2026-05-12T10:30:11Z</time>
      </trkpt>
      <trkpt lat="30.65434" lon="104.100426">
        <time>2026-05-12T10:30:12Z</time>
      </trkpt>
      <trkpt lat="30.65434" lon="104.100426">
        <time>2026-05-12T10:30:13Z</time>
      </trkpt>
      <trkpt lat="30.65434" lon="104.100426">
        <time>2026-05-12T10:30:14Z</time>
      </trkpt>
      <trkpt lat="30.65434" lon="104.100426">
        <time>2026-05-12T10:30:15Z</time>
      </trkpt>
      <trkpt lat="30.65434" lon="104.100426">
        <time>2026-05-12T10:30:16Z</time>
      </trkpt>
      <trkpt lat="30.65434" lon="104.100426">
        <time>2026-05-12T10:30:17Z</time>
      </trkpt>
      <trkpt lat="30.65434" lon="104.100426">
        <time>2026-05-12T10:30:18Z</time>
      </trkpt>
      <trkpt lat="30.654325" lon="104.10041">
        <time>2026-05-12T10:30:19Z</time>
      </trkpt>
      <trkpt lat="30.654297" lon="104.100395">
        <time>2026-05-12T10:30:20Z</time>
      </trkpt>
      <trkpt lat="30.654257" lon="104.10038">
        <time>2026-05-12T10:30:21Z</time>
      </trkpt>
      <trkpt lat="30.654222" lon="104.100365">
        <time>2026-05-12T10:30:22Z</time>
      </trkpt>
      <trkpt lat="30.654196" lon="104.10036">
        <time>2026-05-12T10:30:23Z</time>
      </trkpt>
      <trkpt lat="30.654173" lon="104.10034">
        <time>2026-05-12T10:30:24Z</time>
      </trkpt>
      <trkpt lat="30.65415" lon="104.10033">
        <time>2026-05-12T10:30:25Z</time>
      </trkpt>
      <trkpt lat="30.654125" lon="104.10031">
        <time>2026-05-12T10:30:26Z</time>
      </trkpt>
      <trkpt lat="30.654097" lon="104.100296">
        <time>2026-05-12T10:30:27Z</time>
      </trkpt>
      <trkpt lat="30.654066" lon="104.10028">
        <time>2026-05-12T10:30:28Z</time>
      </trkpt>
      <trkpt lat="30.654036" lon="104.10026">
        <time>2026-05-12T10:30:29Z</time>
      </trkpt>
      <trkpt lat="30.654001" lon="104.10024">
        <time>2026-05-12T10:30:30Z</time>
      </trkpt>
      <trkpt lat="30.653967" lon="104.10023">
        <time>2026-05-12T10:30:31Z</time>
      </trkpt>
      <trkpt lat="30.65393" lon="104.1002">
        <time>2026-05-12T10:30:32Z</time>
      </trkpt>
      <trkpt lat="30.65389" lon="104.100174">
        <time>2026-05-12T10:30:33Z</time>
      </trkpt>
      <trkpt lat="30.65385" lon="104.10015">
        <time>2026-05-12T10:30:34Z</time>
      </trkpt>
      <trkpt lat="30.653807" lon="104.10012">
        <time>2026-05-12T10:30:35Z</time>
      </trkpt>
      <trkpt lat="30.65376" lon="104.1001">
        <time>2026-05-12T10:30:36Z</time>
      </trkpt>
      <trkpt lat="30.653717" lon="104.100075">
        <time>2026-05-12T10:30:37Z</time>
      </trkpt>
      <trkpt lat="30.653671" lon="104.100044">
        <time>2026-05-12T10:30:38Z</time>
      </trkpt>
      <trkpt lat="30.653627" lon="104.10001">
        <time>2026-05-12T10:30:39Z</time>
      </trkpt>
      <trkpt lat="30.653536" lon="104.09996">
        <time>2026-05-12T10:30:40Z</time>
      </trkpt>
      <trkpt lat="30.65349" lon="104.09993">
        <time>2026-05-12T10:30:41Z</time>
      </trkpt>
      <trkpt lat="30.65344" lon="104.0999">
        <time>2026-05-12T10:30:42Z</time>
      </trkpt>
      <trkpt lat="30.653389" lon="104.09988">
        <time>2026-05-12T10:30:43Z</time>
      </trkpt>
      <trkpt lat="30.65334" lon="104.099846">
        <time>2026-05-12T10:30:44Z</time>
      </trkpt>
      <trkpt lat="30.653292" lon="104.099815">
        <time>2026-05-12T10:30:45Z</time>
      </trkpt>
      <trkpt lat="30.653246" lon="104.09978">
        <time>2026-05-12T10:30:46Z</time>
      </trkpt>
      <trkpt lat="30.653198" lon="104.09975">
        <time>2026-05-12T10:30:47Z</time>
      </trkpt>
      <trkpt lat="30.653152" lon="104.09972">
        <time>2026-05-12T10:30:48Z</time>
      </trkpt>
      <trkpt lat="30.653105" lon="104.099686">
        <time>2026-05-12T10:30:49Z</time>
      </trkpt>
      <trkpt lat="30.65306" lon="104.099655">
        <time>2026-05-12T10:30:50Z</time>
      </trkpt>
      <trkpt lat="30.653008" lon="104.099625">
        <time>2026-05-12T10:30:51Z</time>
      </trkpt>
      <trkpt lat="30.652958" lon="104.099594">
        <time>2026-05-12T10:30:52Z</time>
      </trkpt>
      <trkpt lat="30.652906" lon="104.09956">
        <time>2026-05-12T10:30:53Z</time>
      </trkpt>
      <trkpt lat="30.652855" lon="104.09953">
        <time>2026-05-12T10:30:54Z</time>
      </trkpt>
      <trkpt lat="30.65281" lon="104.099495">
        <time>2026-05-12T10:30:55Z</time>
      </trkpt>
      <trkpt lat="30.652756" lon="104.099464">
        <time>2026-05-12T10:30:56Z</time>
      </trkpt>
      <trkpt lat="30.652706" lon="104.099434">
        <time>2026-05-12T10:30:57Z</time>
      </trkpt>
      <trkpt lat="30.652657" lon="104.0994">
        <time>2026-05-12T10:30:58Z</time>
      </trkpt>
      <trkpt lat="30.652605" lon="104.09937">
        <time>2026-05-12T10:30:59Z</time>
      </trkpt>
      <trkpt lat="30.652555" lon="104.09934">
        <time>2026-05-12T10:31:00Z</time>
      </trkpt>
      <trkpt lat="30.652506" lon="104.099304">
        <time>2026-05-12T10:31:01Z</time>
      </trkpt>
      <trkpt lat="30.652452" lon="104.09927">
        <time>2026-05-12T10:31:02Z</time>
      </trkpt>
      <trkpt lat="30.652401" lon="104.09924">
        <time>2026-05-12T10:31:03Z</time>
      </trkpt>
      <trkpt lat="30.65235" lon="104.099205">
        <time>2026-05-12T10:31:04Z</time>
      </trkpt>
      <trkpt lat="30.652298" lon="104.099174">
        <time>2026-05-12T10:31:05Z</time>
      </trkpt>
      <trkpt lat="30.652245" lon="104.099144">
        <time>2026-05-12T10:31:06Z</time>
      </trkpt>
      <trkpt lat="30.652193" lon="104.09911">
        <time>2026-05-12T10:31:07Z</time>
      </trkpt>
      <trkpt lat="30.65214" lon="104.09908">
        <time>2026-05-12T10:31:08Z</time>
      </trkpt>
      <trkpt lat="30.652086" lon="104.099045">
        <time>2026-05-12T10:31:09Z</time>
      </trkpt>
      <trkpt lat="30.652035" lon="104.09902">
        <time>2026-05-12T10:31:10Z</time>
      </trkpt>
      <trkpt lat="30.651983" lon="104.09898">
        <time>2026-05-12T10:31:11Z</time>
      </trkpt>
      <trkpt lat="30.65193" lon="104.09895">
        <time>2026-05-12T10:31:12Z</time>
      </trkpt>
      <trkpt lat="30.65188" lon="104.09892">
        <time>2026-05-12T10:31:13Z</time>
      </trkpt>
      <trkpt lat="30.651827" lon="104.09889">
        <time>2026-05-12T10:31:14Z</time>
      </trkpt>
      <trkpt lat="30.651773" lon="104.09886">
        <time>2026-05-12T10:31:15Z</time>
      </trkpt>
      <trkpt lat="30.651722" lon="104.09883">
        <time>2026-05-12T10:31:16Z</time>
      </trkpt>
      <trkpt lat="30.651669" lon="104.0988">
        <time>2026-05-12T10:31:17Z</time>
      </trkpt>
      <trkpt lat="30.651617" lon="104.09876">
        <time>2026-05-12T10:31:18Z</time>
      </trkpt>
      <trkpt lat="30.651564" lon="104.09873">
        <time>2026-05-12T10:31:19Z</time>
      </trkpt>
      <trkpt lat="30.65151" lon="104.098694">
        <time>2026-05-12T10:31:20Z</time>
      </trkpt>
      <trkpt lat="30.651457" lon="104.09866">
        <time>2026-05-12T10:31:21Z</time>
      </trkpt>
      <trkpt lat="30.651402" lon="104.09863">
        <time>2026-05-12T10:31:22Z</time>
      </trkpt>
      <trkpt lat="30.651346" lon="104.0986">
        <time>2026-05-12T10:31:23Z</time>
      </trkpt>
      <trkpt lat="30.651295" lon="104.09857">
        <time>2026-05-12T10:31:24Z</time>
      </trkpt>
      <trkpt lat="30.651243" lon="104.09853">
        <time>2026-05-12T10:31:25Z</time>
      </trkpt>
      <trkpt lat="30.651188" lon="104.0985">
        <time>2026-05-12T10:31:26Z</time>
      </trkpt>
      <trkpt lat="30.651136" lon="104.098465">
        <time>2026-05-12T10:31:27Z</time>
      </trkpt>
      <trkpt lat="30.651083" lon="104.098434">
        <time>2026-05-12T10:31:28Z</time>
      </trkpt>
      <trkpt lat="30.65103" lon="104.0984">
        <time>2026-05-12T10:31:29Z</time>
      </trkpt>
      <trkpt lat="30.650982" lon="104.098366">
        <time>2026-05-12T10:31:30Z</time>
      </trkpt>
      <trkpt lat="30.650934" lon="104.098335">
        <time>2026-05-12T10:31:31Z</time>
      </trkpt>
      <trkpt lat="30.650883" lon="104.098305">
        <time>2026-05-12T10:31:32Z</time>
      </trkpt>
      <trkpt lat="30.650835" lon="104.098274">
        <time>2026-05-12T10:31:33Z</time>
      </trkpt>
      <trkpt lat="30.650787" lon="104.09824">
        <time>2026-05-12T10:31:34Z</time>
      </trkpt>
      <trkpt lat="30.65074" lon="104.09821">
        <time>2026-05-12T10:31:35Z</time>
      </trkpt>
      <trkpt lat="30.650696" lon="104.09819">
        <time>2026-05-12T10:31:36Z</time>
      </trkpt>
      <trkpt lat="30.650654" lon="104.09817">
        <time>2026-05-12T10:31:37Z</time>
      </trkpt>
      <trkpt lat="30.650616" lon="104.098145">
        <time>2026-05-12T10:31:38Z</time>
      </trkpt>
      <trkpt lat="30.650578" lon="104.09812">
        <time>2026-05-12T10:31:39Z</time>
      </trkpt>
      <trkpt lat="30.65055" lon="104.09811">
        <time>2026-05-12T10:31:40Z</time>
      </trkpt>
      <trkpt lat="30.650522" lon="104.0981">
        <time>2026-05-12T10:31:41Z</time>
      </trkpt>
      <trkpt lat="30.650494" lon="104.098114">
        <time>2026-05-12T10:31:42Z</time>
      </trkpt>
      <trkpt lat="30.650478" lon="104.098145">
        <time>2026-05-12T10:31:43Z</time>
      </trkpt>
      <trkpt lat="30.650461" lon="104.098175">
        <time>2026-05-12T10:31:44Z</time>
      </trkpt>
      <trkpt lat="30.650444" lon="104.09821">
        <time>2026-05-12T10:31:45Z</time>
      </trkpt>
      <trkpt lat="30.65042" lon="104.098236">
        <time>2026-05-12T10:31:46Z</time>
      </trkpt>
      <trkpt lat="30.650398" lon="104.09825">
        <time>2026-05-12T10:31:47Z</time>
      </trkpt>
      <trkpt lat="30.650377" lon="104.09827">
        <time>2026-05-12T10:31:48Z</time>
      </trkpt>
      <trkpt lat="30.65036" lon="104.09827">
        <time>2026-05-12T10:31:49Z</time>
      </trkpt>
      <trkpt lat="30.650352" lon="104.098274">
        <time>2026-05-12T10:31:50Z</time>
      </trkpt>
      <trkpt lat="30.650352" lon="104.098274">
        <time>2026-05-12T10:31:51Z</time>
      </trkpt>
      <trkpt lat="30.650352" lon="104.098274">
        <time>2026-05-12T10:31:52Z</time>
      </trkpt>
      <trkpt lat="30.650352" lon="104.098274">
        <time>2026-05-12T10:31:53Z</time>
      </trkpt>
      <trkpt lat="30.650352" lon="104.098274">
        <time>2026-05-12T10:31:54Z</time>
      </trkpt>
      <trkpt lat="30.650352" lon="104.098274">
        <time>2026-05-12T10:31:55Z</time>
      </trkpt>
      <trkpt lat="30.650352" lon="104.098274">
        <time>2026-05-12T10:31:56Z</time>
      </trkpt>
      <trkpt lat="30.650352" lon="104.098274">
        <time>2026-05-12T10:31:57Z</time>
      </trkpt>
      <trkpt lat="30.650352" lon="104.098274">
        <time>2026-05-12T10:31:58Z</time>
      </trkpt>
      <trkpt lat="30.650352" lon="104.098274">
        <time>2026-05-12T10:31:59Z</time>
      </trkpt>
      <trkpt lat="30.650352" lon="104.098274">
        <time>2026-05-12T10:32:00Z</time>
      </trkpt>
      <trkpt lat="30.650352" lon="104.098274">
        <time>2026-05-12T10:32:01Z</time>
      </trkpt>
      <trkpt lat="30.650352" lon="104.098274">
        <time>2026-05-12T10:32:02Z</time>
      </trkpt>
      <trkpt lat="30.650352" lon="104.098274">
        <time>2026-05-12T10:32:03Z</time>
      </trkpt>
      <trkpt lat="30.650352" lon="104.098274">
        <time>2026-05-12T10:32:04Z</time>
      </trkpt>
      <trkpt lat="30.650352" lon="104.098274">
        <time>2026-05-12T10:32:05Z</time>
      </trkpt>
      <trkpt lat="30.650352" lon="104.098274">
        <time>2026-05-12T10:32:06Z</time>
      </trkpt>
      <trkpt lat="30.650352" lon="104.098274">
        <time>2026-05-12T10:32:07Z</time>
      </trkpt>
      <trkpt lat="30.650352" lon="104.098274">
        <time>2026-05-12T10:32:08Z</time>
      </trkpt>
      <trkpt lat="30.650352" lon="104.098274">
        <time>2026-05-12T10:32:09Z</time>
      </trkpt>
      <trkpt lat="30.650352" lon="104.098274">
        <time>2026-05-12T10:32:10Z</time>
      </trkpt>
      <trkpt lat="30.650352" lon="104.098274">
        <time>2026-05-12T10:32:11Z</time>
      </trkpt>
      <trkpt lat="30.650352" lon="104.098274">
        <time>2026-05-12T10:32:12Z</time>
      </trkpt>
      <trkpt lat="30.650352" lon="104.098274">
        <time>2026-05-12T10:32:13Z</time>
      </trkpt>
      <trkpt lat="30.650352" lon="104.098274">
        <time>2026-05-12T10:32:14Z</time>
      </trkpt>
      <trkpt lat="30.650352" lon="104.098274">
        <time>2026-05-12T10:32:15Z</time>
      </trkpt>
      <trkpt lat="30.650352" lon="104.098274">
        <time>2026-05-12T10:32:16Z</time>
      </trkpt>
      <trkpt lat="30.650352" lon="104.098274">
        <time>2026-05-12T10:32:17Z</time>
      </trkpt>
      <trkpt lat="30.650352" lon="104.098274">
        <time>2026-05-12T10:32:18Z</time>
      </trkpt>
      <trkpt lat="30.650352" lon="104.098274">
        <time>2026-05-12T10:32:19Z</time>
      </trkpt>
      <trkpt lat="30.650352" lon="104.098274">
        <time>2026-05-12T10:32:20Z</time>
      </trkpt>
      <trkpt lat="30.650352" lon="104.098274">
        <time>2026-05-12T10:32:21Z</time>
      </trkpt>
      <trkpt lat="30.650352" lon="104.098274">
        <time>2026-05-12T10:32:22Z</time>
      </trkpt>
      <trkpt lat="30.650352" lon="104.098274">
        <time>2026-05-12T10:32:23Z</time>
      </trkpt>
      <trkpt lat="30.650352" lon="104.098274">
        <time>2026-05-12T10:32:24Z</time>
      </trkpt>
      <trkpt lat="30.650352" lon="104.098274">
        <time>2026-05-12T10:32:25Z</time>
      </trkpt>
      <trkpt lat="30.650352" lon="104.098274">
        <time>2026-05-12T10:32:26Z</time>
      </trkpt>
      <trkpt lat="30.650352" lon="104.098274">
        <time>2026-05-12T10:32:27Z</time>
      </trkpt>
      <trkpt lat="30.650352" lon="104.098274">
        <time>2026-05-12T10:32:28Z</time>
      </trkpt>
      <trkpt lat="30.650352" lon="104.098274">
        <time>2026-05-12T10:32:29Z</time>
      </trkpt>
      <trkpt lat="30.650352" lon="104.098274">
        <time>2026-05-12T10:32:30Z</time>
      </trkpt>
      <trkpt lat="30.650352" lon="104.098274">
        <time>2026-05-12T10:32:31Z</time>
      </trkpt>
      <trkpt lat="30.650352" lon="104.098274">
        <time>2026-05-12T10:32:32Z</time>
      </trkpt>
      <trkpt lat="30.650352" lon="104.098274">
        <time>2026-05-12T10:32:33Z</time>
      </trkpt>
      <trkpt lat="30.650352" lon="104.098274">
        <time>2026-05-12T10:32:34Z</time>
      </trkpt>
      <trkpt lat="30.650352" lon="104.098274">
        <time>2026-05-12T10:32:35Z</time>
      </trkpt>
      <trkpt lat="30.650352" lon="104.098274">
        <time>2026-05-12T10:32:36Z</time>
      </trkpt>
      <trkpt lat="30.650352" lon="104.098274">
        <time>2026-05-12T10:32:37Z</time>
      </trkpt>
      <trkpt lat="30.650352" lon="104.098274">
        <time>2026-05-12T10:32:38Z</time>
      </trkpt>
      <trkpt lat="30.650352" lon="104.098274">
        <time>2026-05-12T10:32:39Z</time>
      </trkpt>
      <trkpt lat="30.650352" lon="104.098274">
        <time>2026-05-12T10:32:40Z</time>
      </trkpt>
      <trkpt lat="30.650352" lon="104.098274">
        <time>2026-05-12T10:32:41Z</time>
      </trkpt>
      <trkpt lat="30.650352" lon="104.098274">
        <time>2026-05-12T10:32:42Z</time>
      </trkpt>
      <trkpt lat="30.650352" lon="104.098274">
        <time>2026-05-12T10:32:43Z</time>
      </trkpt>
      <trkpt lat="30.650352" lon="104.098274">
        <time>2026-05-12T10:32:44Z</time>
      </trkpt>
      <trkpt lat="30.650352" lon="104.098274">
        <time>2026-05-12T10:32:45Z</time>
      </trkpt>
      <trkpt lat="30.650352" lon="104.098274">
        <time>2026-05-12T10:32:46Z</time>
      </trkpt>
      <trkpt lat="30.650352" lon="104.098274">
        <time>2026-05-12T10:32:47Z</time>
      </trkpt>
      <trkpt lat="30.650352" lon="104.098274">
        <time>2026-05-12T10:32:48Z</time>
      </trkpt>
      <trkpt lat="30.650352" lon="104.098274">
        <time>2026-05-12T10:32:49Z</time>
      </trkpt>
      <trkpt lat="30.650352" lon="104.098274">
        <time>2026-05-12T10:32:50Z</time>
      </trkpt>
      <trkpt lat="30.650352" lon="104.098274">
        <time>2026-05-12T10:32:51Z</time>
      </trkpt>
      <trkpt lat="30.650352" lon="104.098274">
        <time>2026-05-12T10:32:52Z</time>
      </trkpt>
      <trkpt lat="30.650352" lon="104.098274">
        <time>2026-05-12T10:32:53Z</time>
      </trkpt>
      <trkpt lat="30.650352" lon="104.098274">
        <time>2026-05-12T10:32:54Z</time>
      </trkpt>
      <trkpt lat="30.650352" lon="104.098274">
        <time>2026-05-12T10:32:55Z</time>
      </trkpt>
      <trkpt lat="30.650352" lon="104.098274">
        <time>2026-05-12T10:32:56Z</time>
      </trkpt>
      <trkpt lat="30.650352" lon="104.098274">
        <time>2026-05-12T10:32:57Z</time>
      </trkpt>
      <trkpt lat="30.650352" lon="104.098274">
        <time>2026-05-12T10:32:58Z</time>
      </trkpt>
      <trkpt lat="30.650352" lon="104.098274">
        <time>2026-05-12T10:32:59Z</time>
      </trkpt>
      <trkpt lat="30.650352" lon="104.098274">
        <time>2026-05-12T10:33:00Z</time>
      </trkpt>
      <trkpt lat="30.650352" lon="104.098274">
        <time>2026-05-12T10:33:01Z</time>
      </trkpt>
      <trkpt lat="30.650352" lon="104.098274">
        <time>2026-05-12T10:33:02Z</time>
      </trkpt>
      <trkpt lat="30.650352" lon="104.098274">
        <time>2026-05-12T10:33:03Z</time>
      </trkpt>
      <trkpt lat="30.650352" lon="104.098274">
        <time>2026-05-12T10:33:04Z</time>
      </trkpt>
      <trkpt lat="30.650352" lon="104.098274">
        <time>2026-05-12T10:33:05Z</time>
      </trkpt>
      <trkpt lat="30.650352" lon="104.098274">
        <time>2026-05-12T10:33:06Z</time>
      </trkpt>
      <trkpt lat="30.650352" lon="104.098274">
        <time>2026-05-12T10:33:07Z</time>
      </trkpt>
      <trkpt lat="30.650352" lon="104.098274">
        <time>2026-05-12T10:33:08Z</time>
      </trkpt>
      <trkpt lat="30.650352" lon="104.098274">
        <time>2026-05-12T10:33:09Z</time>
      </trkpt>
      <trkpt lat="30.650352" lon="104.098274">
        <time>2026-05-12T10:33:10Z</time>
      </trkpt>
      <trkpt lat="30.650352" lon="104.098274">
        <time>2026-05-12T10:33:11Z</time>
      </trkpt>
      <trkpt lat="30.650352" lon="104.098274">
        <time>2026-05-12T10:33:12Z</time>
      </trkpt>
      <trkpt lat="30.650352" lon="104.098274">
        <time>2026-05-12T10:33:13Z</time>
      </trkpt>
      <trkpt lat="30.650352" lon="104.098274">
        <time>2026-05-12T10:33:14Z</time>
      </trkpt>
      <trkpt lat="30.650352" lon="104.098274">
        <time>2026-05-12T10:33:15Z</time>
      </trkpt>
      <trkpt lat="30.650352" lon="104.098274">
        <time>2026-05-12T10:33:16Z</time>
      </trkpt>
      <trkpt lat="30.650352" lon="104.098274">
        <time>2026-05-12T10:33:17Z</time>
      </trkpt>
      <trkpt lat="30.650352" lon="104.098274">
        <time>2026-05-12T10:33:18Z</time>
      </trkpt>
      <trkpt lat="30.650352" lon="104.098274">
        <time>2026-05-12T10:33:19Z</time>
      </trkpt>
      <trkpt lat="30.650352" lon="104.098274">
        <time>2026-05-12T10:33:20Z</time>
      </trkpt>
      <trkpt lat="30.650352" lon="104.098274">
        <time>2026-05-12T10:33:21Z</time>
      </trkpt>
      <trkpt lat="30.650352" lon="104.098274">
        <time>2026-05-12T10:33:22Z</time>
      </trkpt>
      <trkpt lat="30.650352" lon="104.098274">
        <time>2026-05-12T10:33:23Z</time>
      </trkpt>
      <trkpt lat="30.650352" lon="104.098274">
        <time>2026-05-12T10:33:24Z</time>
      </trkpt>
      <trkpt lat="30.650352" lon="104.098274">
        <time>2026-05-12T10:33:25Z</time>
      </trkpt>
      <trkpt lat="30.650352" lon="104.098274">
        <time>2026-05-12T10:33:26Z</time>
      </trkpt>
      <trkpt lat="30.650352" lon="104.098274">
        <time>2026-05-12T10:33:27Z</time>
      </trkpt>
      <trkpt lat="30.650352" lon="104.098274">
        <time>2026-05-12T10:33:28Z</time>
      </trkpt>
      <trkpt lat="30.650352" lon="104.098274">
        <time>2026-05-12T10:33:29Z</time>
      </trkpt>
      <trkpt lat="30.650352" lon="104.098274">
        <time>2026-05-12T10:33:30Z</time>
      </trkpt>
      <trkpt lat="30.650352" lon="104.098274">
        <time>2026-05-12T10:33:31Z</time>
      </trkpt>
      <trkpt lat="30.650352" lon="104.098274">
        <time>2026-05-12T10:33:32Z</time>
      </trkpt>
      <trkpt lat="30.650352" lon="104.098274">
        <time>2026-05-12T10:33:33Z</time>
      </trkpt>
      <trkpt lat="30.650352" lon="104.098274">
        <time>2026-05-12T10:33:34Z</time>
      </trkpt>
      <trkpt lat="30.650352" lon="104.098274">
        <time>2026-05-12T10:33:35Z</time>
      </trkpt>
      <trkpt lat="30.650352" lon="104.098274">
        <time>2026-05-12T10:33:36Z</time>
      </trkpt>
      <trkpt lat="30.650316" lon="104.09824">
        <time>2026-05-12T10:33:37Z</time>
      </trkpt>
      <trkpt lat="30.650301" lon="104.098236">
        <time>2026-05-12T10:33:38Z</time>
      </trkpt>
      <trkpt lat="30.650286" lon="104.09823">
        <time>2026-05-12T10:33:39Z</time>
      </trkpt>
      <trkpt lat="30.650263" lon="104.09822">
        <time>2026-05-12T10:33:40Z</time>
      </trkpt>
      <trkpt lat="30.650234" lon="104.09822">
        <time>2026-05-12T10:33:41Z</time>
      </trkpt>
      <trkpt lat="30.6502" lon="104.09822">
        <time>2026-05-12T10:33:42Z</time>
      </trkpt>
      <trkpt lat="30.650167" lon="104.09822">
        <time>2026-05-12T10:33:43Z</time>
      </trkpt>
      <trkpt lat="30.650135" lon="104.09821">
        <time>2026-05-12T10:33:44Z</time>
      </trkpt>
      <trkpt lat="30.6501" lon="104.09821">
        <time>2026-05-12T10:33:45Z</time>
      </trkpt>
      <trkpt lat="30.650064" lon="104.09823">
        <time>2026-05-12T10:33:46Z</time>
      </trkpt>
      <trkpt lat="30.650032" lon="104.09826">
        <time>2026-05-12T10:33:47Z</time>
      </trkpt>
      <trkpt lat="30.65" lon="104.098305">
        <time>2026-05-12T10:33:48Z</time>
      </trkpt>
      <trkpt lat="30.649971" lon="104.098366">
        <time>2026-05-12T10:33:49Z</time>
      </trkpt>
      <trkpt lat="30.649944" lon="104.09842">
        <time>2026-05-12T10:33:50Z</time>
      </trkpt>
      <trkpt lat="30.649918" lon="104.09848">
        <time>2026-05-12T10:33:51Z</time>
      </trkpt>
      <trkpt lat="30.649889" lon="104.09853">
        <time>2026-05-12T10:33:52Z</time>
      </trkpt>
      <trkpt lat="30.649857" lon="104.09858">
        <time>2026-05-12T10:33:53Z</time>
      </trkpt>
      <trkpt lat="30.649828" lon="104.09863">
        <time>2026-05-12T10:33:54Z</time>
      </trkpt>
      <trkpt lat="30.6498" lon="104.098694">
        <time>2026-05-12T10:33:55Z</time>
      </trkpt>
      <trkpt lat="30.649773" lon="104.09874">
        <time>2026-05-12T10:33:56Z</time>
      </trkpt>
      <trkpt lat="30.64974" lon="104.09879">
        <time>2026-05-12T10:33:57Z</time>
      </trkpt>
      <trkpt lat="30.64971" lon="104.098854">
        <time>2026-05-12T10:33:58Z</time>
      </trkpt>
      <trkpt lat="30.649677" lon="104.09892">
        <time>2026-05-12T10:33:59Z</time>
      </trkpt>
      <trkpt lat="30.649641" lon="104.09898">
        <time>2026-05-12T10:34:00Z</time>
      </trkpt>
      <trkpt lat="30.649612" lon="104.09905">
        <time>2026-05-12T10:34:01Z</time>
      </trkpt>
      <trkpt lat="30.649582" lon="104.09911">
        <time>2026-05-12T10:34:02Z</time>
      </trkpt>
      <trkpt lat="30.649557" lon="104.099174">
        <time>2026-05-12T10:34:03Z</time>
      </trkpt>
      <trkpt lat="30.649527" lon="104.09924">
        <time>2026-05-12T10:34:04Z</time>
      </trkpt>
      <trkpt lat="30.649508" lon="104.09931">
        <time>2026-05-12T10:34:05Z</time>
      </trkpt>
      <trkpt lat="30.64948" lon="104.099365">
        <time>2026-05-12T10:34:06Z</time>
      </trkpt>
      <trkpt lat="30.649454" lon="104.09943">
        <time>2026-05-12T10:34:07Z</time>
      </trkpt>
      <trkpt lat="30.649427" lon="104.09949">
        <time>2026-05-12T10:34:08Z</time>
      </trkpt>
      <trkpt lat="30.649399" lon="104.09955">
        <time>2026-05-12T10:34:09Z</time>
      </trkpt>
      <trkpt lat="30.649366" lon="104.09961">
        <time>2026-05-12T10:34:10Z</time>
      </trkpt>
      <trkpt lat="30.649338" lon="104.09967">
        <time>2026-05-12T10:34:11Z</time>
      </trkpt>
      <trkpt lat="30.649311" lon="104.09973">
        <time>2026-05-12T10:34:12Z</time>
      </trkpt>
      <trkpt lat="30.649288" lon="104.09979">
        <time>2026-05-12T10:34:13Z</time>
      </trkpt>
      <trkpt lat="30.649265" lon="104.099846">
        <time>2026-05-12T10:34:14Z</time>
      </trkpt>
      <trkpt lat="30.64924" lon="104.0999">
        <time>2026-05-12T10:34:15Z</time>
      </trkpt>
      <trkpt lat="30.649216" lon="104.099945">
        <time>2026-05-12T10:34:16Z</time>
      </trkpt>
      <trkpt lat="30.64919" lon="104.1">
        <time>2026-05-12T10:34:17Z</time>
      </trkpt>
      <trkpt lat="30.64917" lon="104.10006">
        <time>2026-05-12T10:34:18Z</time>
      </trkpt>
      <trkpt lat="30.649149" lon="104.10011">
        <time>2026-05-12T10:34:19Z</time>
      </trkpt>
      <trkpt lat="30.649124" lon="104.10017">
        <time>2026-05-12T10:34:20Z</time>
      </trkpt>
      <trkpt lat="30.649101" lon="104.10023">
        <time>2026-05-12T10:34:21Z</time>
      </trkpt>
      <trkpt lat="30.649075" lon="104.10029">
        <time>2026-05-12T10:34:22Z</time>
      </trkpt>
      <trkpt lat="30.64905" lon="104.100334">
        <time>2026-05-12T10:34:23Z</time>
      </trkpt>
      <trkpt lat="30.649027" lon="104.10038">
        <time>2026-05-12T10:34:24Z</time>
      </trkpt>
      <trkpt lat="30.649006" lon="104.10043">
        <time>2026-05-12T10:34:25Z</time>
      </trkpt>
      <trkpt lat="30.64898" lon="104.100494">
        <time>2026-05-12T10:34:26Z</time>
      </trkpt>
      <trkpt lat="30.648954" lon="104.100555">
        <time>2026-05-12T10:34:27Z</time>
      </trkpt>
      <trkpt lat="30.648932" lon="104.10062">
        <time>2026-05-12T10:34:28Z</time>
      </trkpt>
      <trkpt lat="30.648909" lon="104.10068">
        <time>2026-05-12T10:34:29Z</time>
      </trkpt>
      <trkpt lat="30.648882" lon="104.10074">
        <time>2026-05-12T10:34:30Z</time>
      </trkpt>
      <trkpt lat="30.648857" lon="104.1008">
        <time>2026-05-12T10:34:31Z</time>
      </trkpt>
      <trkpt lat="30.648829" lon="104.10085">
        <time>2026-05-12T10:34:32Z</time>
      </trkpt>
      <trkpt lat="30.648796" lon="104.10091">
        <time>2026-05-12T10:34:33Z</time>
      </trkpt>
      <trkpt lat="30.648767" lon="104.10097">
        <time>2026-05-12T10:34:34Z</time>
      </trkpt>
      <trkpt lat="30.64874" lon="104.10103">
        <time>2026-05-12T10:34:35Z</time>
      </trkpt>
      <trkpt lat="30.648714" lon="104.101074">
        <time>2026-05-12T10:34:36Z</time>
      </trkpt>
      <trkpt lat="30.64869" lon="104.10113">
        <time>2026-05-12T10:34:37Z</time>
      </trkpt>
      <trkpt lat="30.64866" lon="104.10119">
        <time>2026-05-12T10:34:38Z</time>
      </trkpt>
      <trkpt lat="30.64863" lon="104.10124">
        <time>2026-05-12T10:34:39Z</time>
      </trkpt>
      <trkpt lat="30.648603" lon="104.10131">
        <time>2026-05-12T10:34:40Z</time>
      </trkpt>
      <trkpt lat="30.648577" lon="104.10137">
        <time>2026-05-12T10:34:41Z</time>
      </trkpt>
      <trkpt lat="30.64855" lon="104.10143">
        <time>2026-05-12T10:34:42Z</time>
      </trkpt>
      <trkpt lat="30.648521" lon="104.101494">
        <time>2026-05-12T10:34:43Z</time>
      </trkpt>
      <trkpt lat="30.64849" lon="104.10155">
        <time>2026-05-12T10:34:44Z</time>
      </trkpt>
      <trkpt lat="30.648464" lon="104.1016">
        <time>2026-05-12T10:34:45Z</time>
      </trkpt>
      <trkpt lat="30.648436" lon="104.101654">
        <time>2026-05-12T10:34:46Z</time>
      </trkpt>
      <trkpt lat="30.648405" lon="104.101715">
        <time>2026-05-12T10:34:47Z</time>
      </trkpt>
      <trkpt lat="30.648376" lon="104.10177">
        <time>2026-05-12T10:34:48Z</time>
      </trkpt>
      <trkpt lat="30.64835" lon="104.10182">
        <time>2026-05-12T10:34:49Z</time>
      </trkpt>
      <trkpt lat="30.648321" lon="104.101875">
        <time>2026-05-12T10:34:50Z</time>
      </trkpt>
      <trkpt lat="30.648296" lon="104.10193">
        <time>2026-05-12T10:34:51Z</time>
      </trkpt>
      <trkpt lat="30.648275" lon="104.10198">
        <time>2026-05-12T10:34:52Z</time>
      </trkpt>
      <trkpt lat="30.648252" lon="104.102036">
        <time>2026-05-12T10:34:53Z</time>
      </trkpt>
      <trkpt lat="30.64823" lon="104.1021">
        <time>2026-05-12T10:34:54Z</time>
      </trkpt>
      <trkpt lat="30.648203" lon="104.10215">
        <time>2026-05-12T10:34:55Z</time>
      </trkpt>
      <trkpt lat="30.648174" lon="104.1022">
        <time>2026-05-12T10:34:56Z</time>
      </trkpt>
      <trkpt lat="30.64815" lon="104.10226">
        <time>2026-05-12T10:34:57Z</time>
      </trkpt>
      <trkpt lat="30.648127" lon="104.10231">
        <time>2026-05-12T10:34:58Z</time>
      </trkpt>
      <trkpt lat="30.648098" lon="104.10236">
        <time>2026-05-12T10:34:59Z</time>
      </trkpt>
      <trkpt lat="30.64807" lon="104.10242">
        <time>2026-05-12T10:35:00Z</time>
      </trkpt>
      <trkpt lat="30.648043" lon="104.10247">
        <time>2026-05-12T10:35:01Z</time>
      </trkpt>
      <trkpt lat="30.648014" lon="104.10252">
        <time>2026-05-12T10:35:02Z</time>
      </trkpt>
      <trkpt lat="30.647985" lon="104.10257">
        <time>2026-05-12T10:35:03Z</time>
      </trkpt>
      <trkpt lat="30.647957" lon="104.10262">
        <time>2026-05-12T10:35:04Z</time>
      </trkpt>
      <trkpt lat="30.647928" lon="104.10267">
        <time>2026-05-12T10:35:05Z</time>
      </trkpt>
      <trkpt lat="30.6479" lon="104.10272">
        <time>2026-05-12T10:35:06Z</time>
      </trkpt>
      <trkpt lat="30.647873" lon="104.102776">
        <time>2026-05-12T10:35:07Z</time>
      </trkpt>
      <trkpt lat="30.64785" lon="104.10283">
        <time>2026-05-12T10:35:08Z</time>
      </trkpt>
      <trkpt lat="30.647823" lon="104.10289">
        <time>2026-05-12T10:35:09Z</time>
      </trkpt>
      <trkpt lat="30.647797" lon="104.10294">
        <time>2026-05-12T10:35:10Z</time>
      </trkpt>
      <trkpt lat="30.647768" lon="104.103004">
        <time>2026-05-12T10:35:11Z</time>
      </trkpt>
      <trkpt lat="30.647741" lon="104.10306">
        <time>2026-05-12T10:35:12Z</time>
      </trkpt>
      <trkpt lat="30.647713" lon="104.10312">
        <time>2026-05-12T10:35:13Z</time>
      </trkpt>
      <trkpt lat="30.647684" lon="104.10317">
        <time>2026-05-12T10:35:14Z</time>
      </trkpt>
      <trkpt lat="30.647665" lon="104.10321">
        <time>2026-05-12T10:35:15Z</time>
      </trkpt>
      <trkpt lat="30.647654" lon="104.10324">
        <time>2026-05-12T10:35:16Z</time>
      </trkpt>
      <trkpt lat="30.647646" lon="104.103264">
        <time>2026-05-12T10:35:17Z</time>
      </trkpt>
      <trkpt lat="30.647638" lon="104.10329">
        <time>2026-05-12T10:35:18Z</time>
      </trkpt>
      <trkpt lat="30.64763" lon="104.1033">
        <time>2026-05-12T10:35:19Z</time>
      </trkpt>
      <trkpt lat="30.647621" lon="104.103325">
        <time>2026-05-12T10:35:20Z</time>
      </trkpt>
      <trkpt lat="30.647612" lon="104.10334">
        <time>2026-05-12T10:35:21Z</time>
      </trkpt>
      <trkpt lat="30.647604" lon="104.10336">
        <time>2026-05-12T10:35:22Z</time>
      </trkpt>
      <trkpt lat="30.64759" lon="104.103386">
        <time>2026-05-12T10:35:23Z</time>
      </trkpt>
      <trkpt lat="30.647573" lon="104.10343">
        <time>2026-05-12T10:35:24Z</time>
      </trkpt>
      <trkpt lat="30.647552" lon="104.10347">
        <time>2026-05-12T10:35:25Z</time>
      </trkpt>
      <trkpt lat="30.647535" lon="104.103516">
        <time>2026-05-12T10:35:26Z</time>
      </trkpt>
      <trkpt lat="30.647516" lon="104.10356">
        <time>2026-05-12T10:35:27Z</time>
      </trkpt>
      <trkpt lat="30.647495" lon="104.103615">
        <time>2026-05-12T10:35:28Z</time>
      </trkpt>
      <trkpt lat="30.647472" lon="104.10366">
        <time>2026-05-12T10:35:29Z</time>
      </trkpt>
      <trkpt lat="30.647448" lon="104.10371">
        <time>2026-05-12T10:35:30Z</time>
      </trkpt>
      <trkpt lat="30.64742" lon="104.10377">
        <time>2026-05-12T10:35:31Z</time>
      </trkpt>
      <trkpt lat="30.647396" lon="104.10382">
        <time>2026-05-12T10:35:32Z</time>
      </trkpt>
      <trkpt lat="30.64737" lon="104.103874">
        <time>2026-05-12T10:35:33Z</time>
      </trkpt>
      <trkpt lat="30.64734" lon="104.103935">
        <time>2026-05-12T10:35:34Z</time>
      </trkpt>
      <trkpt lat="30.647316" lon="104.104">
        <time>2026-05-12T10:35:35Z</time>
      </trkpt>
      <trkpt lat="30.647287" lon="104.104065">
        <time>2026-05-12T10:35:36Z</time>
      </trkpt>
      <trkpt lat="30.647257" lon="104.10413">
        <time>2026-05-12T10:35:37Z</time>
      </trkpt>
      <trkpt lat="30.647226" lon="104.1042">
        <time>2026-05-12T10:35:38Z</time>
      </trkpt>
      <trkpt lat="30.647196" lon="104.10426">
        <time>2026-05-12T10:35:39Z</time>
      </trkpt>
      <trkpt lat="30.647165" lon="104.10432">
        <time>2026-05-12T10:35:40Z</time>
      </trkpt>
      <trkpt lat="30.647137" lon="104.104385">
        <time>2026-05-12T10:35:41Z</time>
      </trkpt>
      <trkpt lat="30.647104" lon="104.10445">
        <time>2026-05-12T10:35:42Z</time>
      </trkpt>
      <trkpt lat="30.647072" lon="104.1045">
        <time>2026-05-12T10:35:43Z</time>
      </trkpt>
      <trkpt lat="30.647043" lon="104.10456">
        <time>2026-05-12T10:35:44Z</time>
      </trkpt>
      <trkpt lat="30.647015" lon="104.10462">
        <time>2026-05-12T10:35:45Z</time>
      </trkpt>
      <trkpt lat="30.646984" lon="104.10468">
        <time>2026-05-12T10:35:46Z</time>
      </trkpt>
      <trkpt lat="30.646955" lon="104.10474">
        <time>2026-05-12T10:35:47Z</time>
      </trkpt>
      <trkpt lat="30.646925" lon="104.1048">
        <time>2026-05-12T10:35:48Z</time>
      </trkpt>
      <trkpt lat="30.646898" lon="104.10486">
        <time>2026-05-12T10:35:49Z</time>
      </trkpt>
      <trkpt lat="30.646868" lon="104.10493">
        <time>2026-05-12T10:35:50Z</time>
      </trkpt>
      <trkpt lat="30.646837" lon="104.10498">
        <time>2026-05-12T10:35:51Z</time>
      </trkpt>
      <trkpt lat="30.646807" lon="104.10504">
        <time>2026-05-12T10:35:52Z</time>
      </trkpt>
      <trkpt lat="30.646772" lon="104.1051">
        <time>2026-05-12T10:35:53Z</time>
      </trkpt>
      <trkpt lat="30.646736" lon="104.10515">
        <time>2026-05-12T10:35:54Z</time>
      </trkpt>
      <trkpt lat="30.646704" lon="104.1052">
        <time>2026-05-12T10:35:55Z</time>
      </trkpt>
      <trkpt lat="30.646675" lon="104.10525">
        <time>2026-05-12T10:35:56Z</time>
      </trkpt>
      <trkpt lat="30.646648" lon="104.1053">
        <time>2026-05-12T10:35:57Z</time>
      </trkpt>
      <trkpt lat="30.646624" lon="104.10535">
        <time>2026-05-12T10:35:58Z</time>
      </trkpt>
      <trkpt lat="30.646599" lon="104.1054">
        <time>2026-05-12T10:35:59Z</time>
      </trkpt>
      <trkpt lat="30.646574" lon="104.10545">
        <time>2026-05-12T10:36:00Z</time>
      </trkpt>
      <trkpt lat="30.646547" lon="104.1055">
        <time>2026-05-12T10:36:01Z</time>
      </trkpt>
      <trkpt lat="30.646523" lon="104.10555">
        <time>2026-05-12T10:36:02Z</time>
      </trkpt>
      <trkpt lat="30.6465" lon="104.105606">
        <time>2026-05-12T10:36:03Z</time>
      </trkpt>
      <trkpt lat="30.646479" lon="104.10566">
        <time>2026-05-12T10:36:04Z</time>
      </trkpt>
      <trkpt lat="30.646454" lon="104.10571">
        <time>2026-05-12T10:36:05Z</time>
      </trkpt>
      <trkpt lat="30.646427" lon="104.10576">
        <time>2026-05-12T10:36:06Z</time>
      </trkpt>
      <trkpt lat="30.6464" lon="104.10581">
        <time>2026-05-12T10:36:07Z</time>
      </trkpt>
      <trkpt lat="30.646374" lon="104.10586">
        <time>2026-05-12T10:36:08Z</time>
      </trkpt>
      <trkpt lat="30.646343" lon="104.10591">
        <time>2026-05-12T10:36:09Z</time>
      </trkpt>
      <trkpt lat="30.64631" lon="104.10597">
        <time>2026-05-12T10:36:10Z</time>
      </trkpt>
      <trkpt lat="30.646278" lon="104.10603">
        <time>2026-05-12T10:36:11Z</time>
      </trkpt>
      <trkpt lat="30.64625" lon="104.10609">
        <time>2026-05-12T10:36:12Z</time>
      </trkpt>
      <trkpt lat="30.646221" lon="104.10614">
        <time>2026-05-12T10:36:13Z</time>
      </trkpt>
      <trkpt lat="30.646193" lon="104.10619">
        <time>2026-05-12T10:36:14Z</time>
      </trkpt>
      <trkpt lat="30.646158" lon="104.106255">
        <time>2026-05-12T10:36:15Z</time>
      </trkpt>
      <trkpt lat="30.646128" lon="104.106316">
        <time>2026-05-12T10:36:16Z</time>
      </trkpt>
      <trkpt lat="30.646101" lon="104.10637">
        <time>2026-05-12T10:36:17Z</time>
      </trkpt>
      <trkpt lat="30.64608" lon="104.10643">
        <time>2026-05-12T10:36:18Z</time>
      </trkpt>
      <trkpt lat="30.646055" lon="104.10648">
        <time>2026-05-12T10:36:19Z</time>
      </trkpt>
      <trkpt lat="30.646032" lon="104.106544">
        <time>2026-05-12T10:36:20Z</time>
      </trkpt>
      <trkpt lat="30.646015" lon="104.106606">
        <time>2026-05-12T10:36:21Z</time>
      </trkpt>
      <trkpt lat="30.645994" lon="104.106674">
        <time>2026-05-12T10:36:22Z</time>
      </trkpt>
      <trkpt lat="30.645977" lon="104.106735">
        <time>2026-05-12T10:36:23Z</time>
      </trkpt>
      <trkpt lat="30.645952" lon="104.1068">
        <time>2026-05-12T10:36:24Z</time>
      </trkpt>
      <trkpt lat="30.645933" lon="104.10686">
        <time>2026-05-12T10:36:25Z</time>
      </trkpt>
      <trkpt lat="30.645914" lon="104.10692">
        <time>2026-05-12T10:36:26Z</time>
      </trkpt>
      <trkpt lat="30.645891" lon="104.10699">
        <time>2026-05-12T10:36:27Z</time>
      </trkpt>
      <trkpt lat="30.645866" lon="104.10705">
        <time>2026-05-12T10:36:28Z</time>
      </trkpt>
      <trkpt lat="30.645836" lon="104.10712">
        <time>2026-05-12T10:36:29Z</time>
      </trkpt>
      <trkpt lat="30.645813" lon="104.10718">
        <time>2026-05-12T10:36:30Z</time>
      </trkpt>
      <trkpt lat="30.645777" lon="104.10722">
        <time>2026-05-12T10:36:31Z</time>
      </trkpt>
      <trkpt lat="30.645737" lon="104.10728">
        <time>2026-05-12T10:36:32Z</time>
      </trkpt>
      <trkpt lat="30.645697" lon="104.10733">
        <time>2026-05-12T10:36:33Z</time>
      </trkpt>
      <trkpt lat="30.64566" lon="104.10738">
        <time>2026-05-12T10:36:34Z</time>
      </trkpt>
      <trkpt lat="30.645624" lon="104.10744">
        <time>2026-05-12T10:36:35Z</time>
      </trkpt>
      <trkpt lat="30.64559" lon="104.10748">
        <time>2026-05-12T10:36:36Z</time>
      </trkpt>
      <trkpt lat="30.645554" lon="104.10754">
        <time>2026-05-12T10:36:37Z</time>
      </trkpt>
      <trkpt lat="30.645521" lon="104.10759">
        <time>2026-05-12T10:36:38Z</time>
      </trkpt>
      <trkpt lat="30.645489" lon="104.10764">
        <time>2026-05-12T10:36:39Z</time>
      </trkpt>
      <trkpt lat="30.645456" lon="104.10769">
        <time>2026-05-12T10:36:40Z</time>
      </trkpt>
      <trkpt lat="30.645426" lon="104.10775">
        <time>2026-05-12T10:36:41Z</time>
      </trkpt>
      <trkpt lat="30.6454" lon="104.107796">
        <time>2026-05-12T10:36:42Z</time>
      </trkpt>
      <trkpt lat="30.645372" lon="104.10785">
        <time>2026-05-12T10:36:43Z</time>
      </trkpt>
      <trkpt lat="30.645344" lon="104.107895">
        <time>2026-05-12T10:36:44Z</time>
      </trkpt>
      <trkpt lat="30.645308" lon="104.10795">
        <time>2026-05-12T10:36:45Z</time>
      </trkpt>
      <trkpt lat="30.645273" lon="104.108">
        <time>2026-05-12T10:36:46Z</time>
      </trkpt>
      <trkpt lat="30.645239" lon="104.10806">
        <time>2026-05-12T10:36:47Z</time>
      </trkpt>
      <trkpt lat="30.6452" lon="104.10812">
        <time>2026-05-12T10:36:48Z</time>
      </trkpt>
      <trkpt lat="30.645168" lon="104.10818">
        <time>2026-05-12T10:36:49Z</time>
      </trkpt>
      <trkpt lat="30.645142" lon="104.10825">
        <time>2026-05-12T10:36:50Z</time>
      </trkpt>
      <trkpt lat="30.64512" lon="104.108315">
        <time>2026-05-12T10:36:51Z</time>
      </trkpt>
      <trkpt lat="30.645098" lon="104.10837">
        <time>2026-05-12T10:36:52Z</time>
      </trkpt>
      <trkpt lat="30.645077" lon="104.10842">
        <time>2026-05-12T10:36:53Z</time>
      </trkpt>
      <trkpt lat="30.645052" lon="104.10848">
        <time>2026-05-12T10:36:54Z</time>
      </trkpt>
      <trkpt lat="30.645025" lon="104.10854">
        <time>2026-05-12T10:36:55Z</time>
      </trkpt>
      <trkpt lat="30.644993" lon="104.1086">
        <time>2026-05-12T10:36:56Z</time>
      </trkpt>
      <trkpt lat="30.644968" lon="104.10866">
        <time>2026-05-12T10:36:57Z</time>
      </trkpt>
      <trkpt lat="30.644945" lon="104.10873">
        <time>2026-05-12T10:36:58Z</time>
      </trkpt>
      <trkpt lat="30.644922" lon="104.10881">
        <time>2026-05-12T10:36:59Z</time>
      </trkpt>
      <trkpt lat="30.644897" lon="104.10889">
        <time>2026-05-12T10:37:00Z</time>
      </trkpt>
      <trkpt lat="30.64487" lon="104.108955">
        <time>2026-05-12T10:37:01Z</time>
      </trkpt>
      <trkpt lat="30.644846" lon="104.10902">
        <time>2026-05-12T10:37:02Z</time>
      </trkpt>
      <trkpt lat="30.64482" lon="104.109085">
        <time>2026-05-12T10:37:03Z</time>
      </trkpt>
      <trkpt lat="30.644787" lon="104.10915">
        <time>2026-05-12T10:37:04Z</time>
      </trkpt>
      <trkpt lat="30.644753" lon="104.109215">
        <time>2026-05-12T10:37:05Z</time>
      </trkpt>
      <trkpt lat="30.644724" lon="104.10928">
        <time>2026-05-12T10:37:06Z</time>
      </trkpt>
      <trkpt lat="30.644695" lon="104.10935">
        <time>2026-05-12T10:37:07Z</time>
      </trkpt>
      <trkpt lat="30.644665" lon="104.10942">
        <time>2026-05-12T10:37:08Z</time>
      </trkpt>
      <trkpt lat="30.644634" lon="104.1095">
        <time>2026-05-12T10:37:09Z</time>
      </trkpt>
      <trkpt lat="30.644608" lon="104.109566">
        <time>2026-05-12T10:37:10Z</time>
      </trkpt>
      <trkpt lat="30.644575" lon="104.10964">
        <time>2026-05-12T10:37:11Z</time>
      </trkpt>
      <trkpt lat="30.644543" lon="104.10972">
        <time>2026-05-12T10:37:12Z</time>
      </trkpt>
      <trkpt lat="30.644514" lon="104.109795">
        <time>2026-05-12T10:37:13Z</time>
      </trkpt>
      <trkpt lat="30.644472" lon="104.10986">
        <time>2026-05-12T10:37:14Z</time>
      </trkpt>
      <trkpt lat="30.644436" lon="104.10994">
        <time>2026-05-12T10:37:15Z</time>
      </trkpt>
      <trkpt lat="30.644396" lon="104.110016">
        <time>2026-05-12T10:37:16Z</time>
      </trkpt>
      <trkpt lat="30.644358" lon="104.110085">
        <time>2026-05-12T10:37:17Z</time>
      </trkpt>
      <trkpt lat="30.644321" lon="104.11016">
        <time>2026-05-12T10:37:18Z</time>
      </trkpt>
      <trkpt lat="30.644287" lon="104.11023">
        <time>2026-05-12T10:37:19Z</time>
      </trkpt>
      <trkpt lat="30.644257" lon="104.11029">
        <time>2026-05-12T10:37:20Z</time>
      </trkpt>
      <trkpt lat="30.644226" lon="104.11036">
        <time>2026-05-12T10:37:21Z</time>
      </trkpt>
      <trkpt lat="30.644197" lon="104.11043">
        <time>2026-05-12T10:37:22Z</time>
      </trkpt>
      <trkpt lat="30.644157" lon="104.11048">
        <time>2026-05-12T10:37:23Z</time>
      </trkpt>
      <trkpt lat="30.644127" lon="104.11054">
        <time>2026-05-12T10:37:24Z</time>
      </trkpt>
      <trkpt lat="30.644098" lon="104.1106">
        <time>2026-05-12T10:37:25Z</time>
      </trkpt>
      <trkpt lat="30.64407" lon="104.110664">
        <time>2026-05-12T10:37:26Z</time>
      </trkpt>
      <trkpt lat="30.644041" lon="104.110725">
        <time>2026-05-12T10:37:27Z</time>
      </trkpt>
      <trkpt lat="30.644014" lon="104.11079">
        <time>2026-05-12T10:37:28Z</time>
      </trkpt>
      <trkpt lat="30.643991" lon="104.11085">
        <time>2026-05-12T10:37:29Z</time>
      </trkpt>
      <trkpt lat="30.643963" lon="104.11091">
        <time>2026-05-12T10:37:30Z</time>
      </trkpt>
      <trkpt lat="30.643934" lon="104.11096">
        <time>2026-05-12T10:37:31Z</time>
      </trkpt>
      <trkpt lat="30.643908" lon="104.11102">
        <time>2026-05-12T10:37:32Z</time>
      </trkpt>
      <trkpt lat="30.64388" lon="104.11108">
        <time>2026-05-12T10:37:33Z</time>
      </trkpt>
      <trkpt lat="30.643856" lon="104.11114">
        <time>2026-05-12T10:37:34Z</time>
      </trkpt>
      <trkpt lat="30.643831" lon="104.11118">
        <time>2026-05-12T10:37:35Z</time>
      </trkpt>
      <trkpt lat="30.643806" lon="104.111244">
        <time>2026-05-12T10:37:36Z</time>
      </trkpt>
      <trkpt lat="30.643785" lon="104.1113">
        <time>2026-05-12T10:37:37Z</time>
      </trkpt>
      <trkpt lat="30.643766" lon="104.11135">
        <time>2026-05-12T10:37:38Z</time>
      </trkpt>
      <trkpt lat="30.643747" lon="104.11141">
        <time>2026-05-12T10:37:39Z</time>
      </trkpt>
      <trkpt lat="30.643728" lon="104.11146">
        <time>2026-05-12T10:37:40Z</time>
      </trkpt>
      <trkpt lat="30.64371" lon="104.1115">
        <time>2026-05-12T10:37:41Z</time>
      </trkpt>
      <trkpt lat="30.643696" lon="104.11154">
        <time>2026-05-12T10:37:42Z</time>
      </trkpt>
      <trkpt lat="30.643684" lon="104.11157">
        <time>2026-05-12T10:37:43Z</time>
      </trkpt>
      <trkpt lat="30.643675" lon="104.1116">
        <time>2026-05-12T10:37:44Z</time>
      </trkpt>
      <trkpt lat="30.643665" lon="104.111626">
        <time>2026-05-12T10:37:45Z</time>
      </trkpt>
      <trkpt lat="30.643654" lon="104.11164">
        <time>2026-05-12T10:37:46Z</time>
      </trkpt>
      <trkpt lat="30.64364" lon="104.11166">
        <time>2026-05-12T10:37:47Z</time>
      </trkpt>
      <trkpt lat="30.64362" lon="104.11167">
        <time>2026-05-12T10:37:48Z</time>
      </trkpt>
      <trkpt lat="30.643599" lon="104.111694">
        <time>2026-05-12T10:37:49Z</time>
      </trkpt>
      <trkpt lat="30.64358" lon="104.111725">
        <time>2026-05-12T10:37:50Z</time>
      </trkpt>
      <trkpt lat="30.643559" lon="104.11177">
        <time>2026-05-12T10:37:51Z</time>
      </trkpt>
      <trkpt lat="30.643528" lon="104.111824">
        <time>2026-05-12T10:37:52Z</time>
      </trkpt>
      <trkpt lat="30.643497" lon="104.11188">
        <time>2026-05-12T10:37:53Z</time>
      </trkpt>
      <trkpt lat="30.643463" lon="104.11194">
        <time>2026-05-12T10:37:54Z</time>
      </trkpt>
      <trkpt lat="30.643423" lon="104.11199">
        <time>2026-05-12T10:37:55Z</time>
      </trkpt>
      <trkpt lat="30.643387" lon="104.11204">
        <time>2026-05-12T10:37:56Z</time>
      </trkpt>
      <trkpt lat="30.643353" lon="104.1121">
        <time>2026-05-12T10:37:57Z</time>
      </trkpt>
      <trkpt lat="30.643314" lon="104.11217">
        <time>2026-05-12T10:37:58Z</time>
      </trkpt>
      <trkpt lat="30.643284" lon="104.11224">
        <time>2026-05-12T10:37:59Z</time>
      </trkpt>
      <trkpt lat="30.643257" lon="104.11232">
        <time>2026-05-12T10:38:00Z</time>
      </trkpt>
      <trkpt lat="30.64323" lon="104.11239">
        <time>2026-05-12T10:38:01Z</time>
      </trkpt>
      <trkpt lat="30.643202" lon="104.11247">
        <time>2026-05-12T10:38:02Z</time>
      </trkpt>
      <trkpt lat="30.643167" lon="104.11255">
        <time>2026-05-12T10:38:03Z</time>
      </trkpt>
      <trkpt lat="30.643127" lon="104.112625">
        <time>2026-05-12T10:38:04Z</time>
      </trkpt>
      <trkpt lat="30.643087" lon="104.1127">
        <time>2026-05-12T10:38:05Z</time>
      </trkpt>
      <trkpt lat="30.64305" lon="104.11278">
        <time>2026-05-12T10:38:06Z</time>
      </trkpt>
      <trkpt lat="30.643017" lon="104.112854">
        <time>2026-05-12T10:38:07Z</time>
      </trkpt>
      <trkpt lat="30.642982" lon="104.11293">
        <time>2026-05-12T10:38:08Z</time>
      </trkpt>
      <trkpt lat="30.642948" lon="104.11301">
        <time>2026-05-12T10:38:09Z</time>
      </trkpt>
      <trkpt lat="30.64291" lon="104.11308">
        <time>2026-05-12T10:38:10Z</time>
      </trkpt>
      <trkpt lat="30.642876" lon="104.11315">
        <time>2026-05-12T10:38:11Z</time>
      </trkpt>
      <trkpt lat="30.642838" lon="104.11323">
        <time>2026-05-12T10:38:12Z</time>
      </trkpt>
      <trkpt lat="30.6428" lon="104.113304">
        <time>2026-05-12T10:38:13Z</time>
      </trkpt>
      <trkpt lat="30.642763" lon="104.11337">
        <time>2026-05-12T10:38:14Z</time>
      </trkpt>
      <trkpt lat="30.642725" lon="104.11344">
        <time>2026-05-12T10:38:15Z</time>
      </trkpt>
      <trkpt lat="30.642693" lon="104.11352">
        <time>2026-05-12T10:38:16Z</time>
      </trkpt>
      <trkpt lat="30.64266" lon="104.11359">
        <time>2026-05-12T10:38:17Z</time>
      </trkpt>
      <trkpt lat="30.642628" lon="104.113655">
        <time>2026-05-12T10:38:18Z</time>
      </trkpt>
      <trkpt lat="30.642597" lon="104.11373">
        <time>2026-05-12T10:38:19Z</time>
      </trkpt>
      <trkpt lat="30.642565" lon="104.1138">
        <time>2026-05-12T10:38:20Z</time>
      </trkpt>
      <trkpt lat="30.642532" lon="104.11388">
        <time>2026-05-12T10:38:21Z</time>
      </trkpt>
      <trkpt lat="30.642496" lon="104.11394">
        <time>2026-05-12T10:38:22Z</time>
      </trkpt>
      <trkpt lat="30.642462" lon="104.114006">
        <time>2026-05-12T10:38:23Z</time>
      </trkpt>
      <trkpt lat="30.64243" lon="104.114075">
        <time>2026-05-12T10:38:24Z</time>
      </trkpt>
      <trkpt lat="30.642397" lon="104.11414">
        <time>2026-05-12T10:38:25Z</time>
      </trkpt>
      <trkpt lat="30.642363" lon="104.114204">
        <time>2026-05-12T10:38:26Z</time>
      </trkpt>
      <trkpt lat="30.64233" lon="104.11427">
        <time>2026-05-12T10:38:27Z</time>
      </trkpt>
      <trkpt lat="30.642298" lon="104.114334">
        <time>2026-05-12T10:38:28Z</time>
      </trkpt>
      <trkpt lat="30.64227" lon="104.114395">
        <time>2026-05-12T10:38:29Z</time>
      </trkpt>
      <trkpt lat="30.64224" lon="104.11446">
        <time>2026-05-12T10:38:30Z</time>
      </trkpt>
      <trkpt lat="30.642212" lon="104.114525">
        <time>2026-05-12T10:38:31Z</time>
      </trkpt>
      <trkpt lat="30.642183" lon="104.11459">
        <time>2026-05-12T10:38:32Z</time>
      </trkpt>
      <trkpt lat="30.642155" lon="104.11465">
        <time>2026-05-12T10:38:33Z</time>
      </trkpt>
      <trkpt lat="30.642126" lon="104.11471">
        <time>2026-05-12T10:38:34Z</time>
      </trkpt>
      <trkpt lat="30.642097" lon="104.11477">
        <time>2026-05-12T10:38:35Z</time>
      </trkpt>
      <trkpt lat="30.642075" lon="104.11482">
        <time>2026-05-12T10:38:36Z</time>
      </trkpt>
      <trkpt lat="30.642057" lon="104.114876">
        <time>2026-05-12T10:38:37Z</time>
      </trkpt>
      <trkpt lat="30.642056" lon="104.11494">
        <time>2026-05-12T10:38:38Z</time>
      </trkpt>
      <trkpt lat="30.642044" lon="104.11499">
        <time>2026-05-12T10:38:39Z</time>
      </trkpt>
      <trkpt lat="30.642027" lon="104.11505">
        <time>2026-05-12T10:38:40Z</time>
      </trkpt>
      <trkpt lat="30.642004" lon="104.11513">
        <time>2026-05-12T10:38:41Z</time>
      </trkpt>
      <trkpt lat="30.64198" lon="104.1152">
        <time>2026-05-12T10:38:42Z</time>
      </trkpt>
      <trkpt lat="30.641956" lon="104.11528">
        <time>2026-05-12T10:38:43Z</time>
      </trkpt>
      <trkpt lat="30.641928" lon="104.11536">
        <time>2026-05-12T10:38:44Z</time>
      </trkpt>
      <trkpt lat="30.641903" lon="104.115425">
        <time>2026-05-12T10:38:45Z</time>
      </trkpt>
      <trkpt lat="30.641869" lon="104.1155">
        <time>2026-05-12T10:38:46Z</time>
      </trkpt>
      <trkpt lat="30.64184" lon="104.11557">
        <time>2026-05-12T10:38:47Z</time>
      </trkpt>
      <trkpt lat="30.64181" lon="104.11564">
        <time>2026-05-12T10:38:48Z</time>
      </trkpt>
      <trkpt lat="30.64178" lon="104.1157">
        <time>2026-05-12T10:38:49Z</time>
      </trkpt>
      <trkpt lat="30.641752" lon="104.11576">
        <time>2026-05-12T10:38:50Z</time>
      </trkpt>
      <trkpt lat="30.641722" lon="104.11582">
        <time>2026-05-12T10:38:51Z</time>
      </trkpt>
      <trkpt lat="30.641693" lon="104.115875">
        <time>2026-05-12T10:38:52Z</time>
      </trkpt>
      <trkpt lat="30.641666" lon="104.11593">
        <time>2026-05-12T10:38:53Z</time>
      </trkpt>
      <trkpt lat="30.64164" lon="104.11599">
        <time>2026-05-12T10:38:54Z</time>
      </trkpt>
      <trkpt lat="30.641615" lon="104.116035">
        <time>2026-05-12T10:38:55Z</time>
      </trkpt>
      <trkpt lat="30.641586" lon="104.1161">
        <time>2026-05-12T10:38:56Z</time>
      </trkpt>
      <trkpt lat="30.641556" lon="104.11615">
        <time>2026-05-12T10:38:57Z</time>
      </trkpt>
      <trkpt lat="30.641527" lon="104.1162">
        <time>2026-05-12T10:38:58Z</time>
      </trkpt>
      <trkpt lat="30.641493" lon="104.11626">
        <time>2026-05-12T10:38:59Z</time>
      </trkpt>
      <trkpt lat="30.641464" lon="104.1163">
        <time>2026-05-12T10:39:00Z</time>
      </trkpt>
      <trkpt lat="30.641434" lon="104.11636">
        <time>2026-05-12T10:39:01Z</time>
      </trkpt>
      <trkpt lat="30.6414" lon="104.116425">
        <time>2026-05-12T10:39:02Z</time>
      </trkpt>
      <trkpt lat="30.641367" lon="104.116486">
        <time>2026-05-12T10:39:03Z</time>
      </trkpt>
      <trkpt lat="30.64134" lon="104.116554">
        <time>2026-05-12T10:39:04Z</time>
      </trkpt>
      <trkpt lat="30.641315" lon="104.116615">
        <time>2026-05-12T10:39:05Z</time>
      </trkpt>
      <trkpt lat="30.641296" lon="104.11667">
        <time>2026-05-12T10:39:06Z</time>
      </trkpt>
      <trkpt lat="30.64128" lon="104.116714">
        <time>2026-05-12T10:39:07Z</time>
      </trkpt>
      <trkpt lat="30.641264" lon="104.11676">
        <time>2026-05-12T10:39:08Z</time>
      </trkpt>
      <trkpt lat="30.641247" lon="104.1168">
        <time>2026-05-12T10:39:09Z</time>
      </trkpt>
      <trkpt lat="30.641228" lon="104.11684">
        <time>2026-05-12T10:39:10Z</time>
      </trkpt>
      <trkpt lat="30.641212" lon="104.11688">
        <time>2026-05-12T10:39:11Z</time>
      </trkpt>
      <trkpt lat="30.641188" lon="104.116936">
        <time>2026-05-12T10:39:12Z</time>
      </trkpt>
      <trkpt lat="30.641163" lon="104.11698">
        <time>2026-05-12T10:39:13Z</time>
      </trkpt>
      <trkpt lat="30.641136" lon="104.117035">
        <time>2026-05-12T10:39:14Z</time>
      </trkpt>
      <trkpt lat="30.641108" lon="104.11709">
        <time>2026-05-12T10:39:15Z</time>
      </trkpt>
      <trkpt lat="30.641077" lon="104.11716">
        <time>2026-05-12T10:39:16Z</time>
      </trkpt>
      <trkpt lat="30.641045" lon="104.11721">
        <time>2026-05-12T10:39:17Z</time>
      </trkpt>
      <trkpt lat="30.641014" lon="104.11727">
        <time>2026-05-12T10:39:18Z</time>
      </trkpt>
      <trkpt lat="30.640984" lon="104.11733">
        <time>2026-05-12T10:39:19Z</time>
      </trkpt>
      <trkpt lat="30.64095" lon="104.11739">
        <time>2026-05-12T10:39:20Z</time>
      </trkpt>
      <trkpt lat="30.64092" lon="104.11745">
        <time>2026-05-12T10:39:21Z</time>
      </trkpt>
      <trkpt lat="30.640882" lon="104.1175">
        <time>2026-05-12T10:39:22Z</time>
      </trkpt>
      <trkpt lat="30.640856" lon="104.117546">
        <time>2026-05-12T10:39:23Z</time>
      </trkpt>
      <trkpt lat="30.640837" lon="104.117584">
        <time>2026-05-12T10:39:24Z</time>
      </trkpt>
      <trkpt lat="30.64082" lon="104.11762">
        <time>2026-05-12T10:39:25Z</time>
      </trkpt>
      <trkpt lat="30.640802" lon="104.11766">
        <time>2026-05-12T10:39:26Z</time>
      </trkpt>
      <trkpt lat="30.640781" lon="104.11771">
        <time>2026-05-12T10:39:27Z</time>
      </trkpt>
      <trkpt lat="30.640764" lon="104.11775">
        <time>2026-05-12T10:39:28Z</time>
      </trkpt>
      <trkpt lat="30.640745" lon="104.117805">
        <time>2026-05-12T10:39:29Z</time>
      </trkpt>
      <trkpt lat="30.640726" lon="104.11786">
        <time>2026-05-12T10:39:30Z</time>
      </trkpt>
      <trkpt lat="30.640707" lon="104.11791">
        <time>2026-05-12T10:39:31Z</time>
      </trkpt>
      <trkpt lat="30.640684" lon="104.117966">
        <time>2026-05-12T10:39:32Z</time>
      </trkpt>
      <trkpt lat="30.640661" lon="104.11803">
        <time>2026-05-12T10:39:33Z</time>
      </trkpt>
      <trkpt lat="30.640633" lon="104.11808">
        <time>2026-05-12T10:39:34Z</time>
      </trkpt>
      <trkpt lat="30.6406" lon="104.11813">
        <time>2026-05-12T10:39:35Z</time>
      </trkpt>
      <trkpt lat="30.640568" lon="104.11819">
        <time>2026-05-12T10:39:36Z</time>
      </trkpt>
      <trkpt lat="30.640541" lon="104.11823">
        <time>2026-05-12T10:39:37Z</time>
      </trkpt>
      <trkpt lat="30.64052" lon="104.11827">
        <time>2026-05-12T10:39:38Z</time>
      </trkpt>
      <trkpt lat="30.640503" lon="104.1183">
        <time>2026-05-12T10:39:39Z</time>
      </trkpt>
      <trkpt lat="30.640488" lon="104.11833">
        <time>2026-05-12T10:39:40Z</time>
      </trkpt>
      <trkpt lat="30.640474" lon="104.11837">
        <time>2026-05-12T10:39:41Z</time>
      </trkpt>
      <trkpt lat="30.64046" lon="104.11841">
        <time>2026-05-12T10:39:42Z</time>
      </trkpt>
      <trkpt lat="30.640446" lon="104.11845">
        <time>2026-05-12T10:39:43Z</time>
      </trkpt>
      <trkpt lat="30.64042" lon="104.1185">
        <time>2026-05-12T10:39:44Z</time>
      </trkpt>
      <trkpt lat="30.640394" lon="104.118546">
        <time>2026-05-12T10:39:45Z</time>
      </trkpt>
      <trkpt lat="30.640371" lon="104.1186">
        <time>2026-05-12T10:39:46Z</time>
      </trkpt>
      <trkpt lat="30.640347" lon="104.11865">
        <time>2026-05-12T10:39:47Z</time>
      </trkpt>
      <trkpt lat="30.64032" lon="104.118706">
        <time>2026-05-12T10:39:48Z</time>
      </trkpt>
      <trkpt lat="30.640293" lon="104.11876">
        <time>2026-05-12T10:39:49Z</time>
      </trkpt>
      <trkpt lat="30.640257" lon="104.11882">
        <time>2026-05-12T10:39:50Z</time>
      </trkpt>
      <trkpt lat="30.640224" lon="104.11889">
        <time>2026-05-12T10:39:51Z</time>
      </trkpt>
      <trkpt lat="30.640192" lon="104.11895">
        <time>2026-05-12T10:39:52Z</time>
      </trkpt>
      <trkpt lat="30.640158" lon="104.11901">
        <time>2026-05-12T10:39:53Z</time>
      </trkpt>
      <trkpt lat="30.640127" lon="104.11907">
        <time>2026-05-12T10:39:54Z</time>
      </trkpt>
      <trkpt lat="30.6401" lon="104.11913">
        <time>2026-05-12T10:39:55Z</time>
      </trkpt>
      <trkpt lat="30.640072" lon="104.119194">
        <time>2026-05-12T10:39:56Z</time>
      </trkpt>
      <trkpt lat="30.64004" lon="104.119255">
        <time>2026-05-12T10:39:57Z</time>
      </trkpt>
      <trkpt lat="30.64001" lon="104.11932">
        <time>2026-05-12T10:39:58Z</time>
      </trkpt>
      <trkpt lat="30.639978" lon="104.119385">
        <time>2026-05-12T10:39:59Z</time>
      </trkpt>
      <trkpt lat="30.63995" lon="104.11945">
        <time>2026-05-12T10:40:00Z</time>
      </trkpt>
      <trkpt lat="30.63993" lon="104.119514">
        <time>2026-05-12T10:40:01Z</time>
      </trkpt>
      <trkpt lat="30.639914" lon="104.11958">
        <time>2026-05-12T10:40:02Z</time>
      </trkpt>
      <trkpt lat="30.639898" lon="104.11965">
        <time>2026-05-12T10:40:03Z</time>
      </trkpt>
      <trkpt lat="30.63988" lon="104.11973">
        <time>2026-05-12T10:40:04Z</time>
      </trkpt>
      <trkpt lat="30.639853" lon="104.119804">
        <time>2026-05-12T10:40:05Z</time>
      </trkpt>
      <trkpt lat="30.639818" lon="104.11987">
        <time>2026-05-12T10:40:06Z</time>
      </trkpt>
      <trkpt lat="30.639786" lon="104.11995">
        <time>2026-05-12T10:40:07Z</time>
      </trkpt>
      <trkpt lat="30.639751" lon="104.12001">
        <time>2026-05-12T10:40:08Z</time>
      </trkpt>
      <trkpt lat="30.639715" lon="104.12007">
        <time>2026-05-12T10:40:09Z</time>
      </trkpt>
      <trkpt lat="30.63968" lon="104.12013">
        <time>2026-05-12T10:40:10Z</time>
      </trkpt>
      <trkpt lat="30.63965" lon="104.12019">
        <time>2026-05-12T10:40:11Z</time>
      </trkpt>
      <trkpt lat="30.639618" lon="104.12025">
        <time>2026-05-12T10:40:12Z</time>
      </trkpt>
      <trkpt lat="30.63958" lon="104.1203">
        <time>2026-05-12T10:40:13Z</time>
      </trkpt>
      <trkpt lat="30.639542" lon="104.12035">
        <time>2026-05-12T10:40:14Z</time>
      </trkpt>
      <trkpt lat="30.639511" lon="104.120415">
        <time>2026-05-12T10:40:15Z</time>
      </trkpt>
      <trkpt lat="30.639482" lon="104.12047">
        <time>2026-05-12T10:40:16Z</time>
      </trkpt>
      <trkpt lat="30.639456" lon="104.12053">
        <time>2026-05-12T10:40:17Z</time>
      </trkpt>
      <trkpt lat="30.639427" lon="104.12059">
        <time>2026-05-12T10:40:18Z</time>
      </trkpt>
      <trkpt lat="30.639402" lon="104.120636">
        <time>2026-05-12T10:40:19Z</time>
      </trkpt>
      <trkpt lat="30.63938" lon="104.12068">
        <time>2026-05-12T10:40:20Z</time>
      </trkpt>
      <trkpt lat="30.639357" lon="104.12073">
        <time>2026-05-12T10:40:21Z</time>
      </trkpt>
      <trkpt lat="30.639332" lon="104.12077">
        <time>2026-05-12T10:40:22Z</time>
      </trkpt>
      <trkpt lat="30.639303" lon="104.12083">
        <time>2026-05-12T10:40:23Z</time>
      </trkpt>
      <trkpt lat="30.639275" lon="104.12087">
        <time>2026-05-12T10:40:24Z</time>
      </trkpt>
      <trkpt lat="30.639252" lon="104.120926">
        <time>2026-05-12T10:40:25Z</time>
      </trkpt>
      <trkpt lat="30.63923" lon="104.12099">
        <time>2026-05-12T10:40:26Z</time>
      </trkpt>
      <trkpt lat="30.63921" lon="104.12104">
        <time>2026-05-12T10:40:27Z</time>
      </trkpt>
      <trkpt lat="30.639189" lon="104.121086">
        <time>2026-05-12T10:40:28Z</time>
      </trkpt>
      <trkpt lat="30.639168" lon="104.12114">
        <time>2026-05-12T10:40:29Z</time>
      </trkpt>
      <trkpt lat="30.639149" lon="104.121185">
        <time>2026-05-12T10:40:30Z</time>
      </trkpt>
      <trkpt lat="30.639128" lon="104.12124">
        <time>2026-05-12T10:40:31Z</time>
      </trkpt>
      <trkpt lat="30.639107" lon="104.121284">
        <time>2026-05-12T10:40:32Z</time>
      </trkpt>
      <trkpt lat="30.639086" lon="104.12133">
        <time>2026-05-12T10:40:33Z</time>
      </trkpt>
      <trkpt lat="30.639061" lon="104.121376">
        <time>2026-05-12T10:40:34Z</time>
      </trkpt>
      <trkpt lat="30.63904" lon="104.12142">
        <time>2026-05-12T10:40:35Z</time>
      </trkpt>
      <trkpt lat="30.63902" lon="104.12147">
        <time>2026-05-12T10:40:36Z</time>
      </trkpt>
      <trkpt lat="30.638996" lon="104.121506">
        <time>2026-05-12T10:40:37Z</time>
      </trkpt>
      <trkpt lat="30.63897" lon="104.121544">
        <time>2026-05-12T10:40:38Z</time>
      </trkpt>
      <trkpt lat="30.63894" lon="104.12158">
        <time>2026-05-12T10:40:39Z</time>
      </trkpt>
      <trkpt lat="30.638914" lon="104.12162">
        <time>2026-05-12T10:40:40Z</time>
      </trkpt>
      <trkpt lat="30.638895" lon="104.12165">
        <time>2026-05-12T10:40:41Z</time>
      </trkpt>
      <trkpt lat="30.638885" lon="104.12169">
        <time>2026-05-12T10:40:42Z</time>
      </trkpt>
      <trkpt lat="30.63888" lon="104.12173">
        <time>2026-05-12T10:40:43Z</time>
      </trkpt>
      <trkpt lat="30.638882" lon="104.12176">
        <time>2026-05-12T10:40:44Z</time>
      </trkpt>
      <trkpt lat="30.638884" lon="104.1218">
        <time>2026-05-12T10:40:45Z</time>
      </trkpt>
      <trkpt lat="30.638882" lon="104.12186">
        <time>2026-05-12T10:40:46Z</time>
      </trkpt>
      <trkpt lat="30.638874" lon="104.1219">
        <time>2026-05-12T10:40:47Z</time>
      </trkpt>
      <trkpt lat="30.638859" lon="104.12194">
        <time>2026-05-12T10:40:48Z</time>
      </trkpt>
      <trkpt lat="30.63884" lon="104.12199">
        <time>2026-05-12T10:40:49Z</time>
      </trkpt>
      <trkpt lat="30.638826" lon="104.122025">
        <time>2026-05-12T10:40:50Z</time>
      </trkpt>
      <trkpt lat="30.638813" lon="104.12206">
        <time>2026-05-12T10:40:51Z</time>
      </trkpt>
      <trkpt lat="30.638796" lon="104.12211">
        <time>2026-05-12T10:40:52Z</time>
      </trkpt>
      <trkpt lat="30.638775" lon="104.12216">
        <time>2026-05-12T10:40:53Z</time>
      </trkpt>
      <trkpt lat="30.63875" lon="104.12221">
        <time>2026-05-12T10:40:54Z</time>
      </trkpt>
      <trkpt lat="30.638725" lon="104.12225">
        <time>2026-05-12T10:40:55Z</time>
      </trkpt>
      <trkpt lat="30.6387" lon="104.12229">
        <time>2026-05-12T10:40:56Z</time>
      </trkpt>
      <trkpt lat="30.638678" lon="104.12234">
        <time>2026-05-12T10:40:57Z</time>
      </trkpt>
      <trkpt lat="30.63866" lon="104.12239">
        <time>2026-05-12T10:40:58Z</time>
      </trkpt>
      <trkpt lat="30.638649" lon="104.12244">
        <time>2026-05-12T10:40:59Z</time>
      </trkpt>
      <trkpt lat="30.638668" lon="104.12249">
        <time>2026-05-12T10:41:00Z</time>
      </trkpt>
      <trkpt lat="30.638687" lon="104.12254">
        <time>2026-05-12T10:41:01Z</time>
      </trkpt>
      <trkpt lat="30.63869" lon="104.1226">
        <time>2026-05-12T10:41:02Z</time>
      </trkpt>
      <trkpt lat="30.638681" lon="104.12265">
        <time>2026-05-12T10:41:03Z</time>
      </trkpt>
      <trkpt lat="30.638674" lon="104.12272">
        <time>2026-05-12T10:41:04Z</time>
      </trkpt>
      <trkpt lat="30.638666" lon="104.12279">
        <time>2026-05-12T10:41:05Z</time>
      </trkpt>
      <trkpt lat="30.638659" lon="104.122856">
        <time>2026-05-12T10:41:06Z</time>
      </trkpt>
      <trkpt lat="30.63865" lon="104.122925">
        <time>2026-05-12T10:41:07Z</time>
      </trkpt>
      <trkpt lat="30.638638" lon="104.123">
        <time>2026-05-12T10:41:08Z</time>
      </trkpt>
      <trkpt lat="30.638624" lon="104.123085">
        <time>2026-05-12T10:41:09Z</time>
      </trkpt>
      <trkpt lat="30.638615" lon="104.12316">
        <time>2026-05-12T10:41:10Z</time>
      </trkpt>
      <trkpt lat="30.638592" lon="104.12324">
        <time>2026-05-12T10:41:11Z</time>
      </trkpt>
      <trkpt lat="30.638575" lon="104.12331">
        <time>2026-05-12T10:41:12Z</time>
      </trkpt>
      <trkpt lat="30.638565" lon="104.12338">
        <time>2026-05-12T10:41:13Z</time>
      </trkpt>
      <trkpt lat="30.638557" lon="104.12345">
        <time>2026-05-12T10:41:14Z</time>
      </trkpt>
      <trkpt lat="30.638544" lon="104.12351">
        <time>2026-05-12T10:41:15Z</time>
      </trkpt>
      <trkpt lat="30.638535" lon="104.12358">
        <time>2026-05-12T10:41:16Z</time>
      </trkpt>
      <trkpt lat="30.638529" lon="104.12364">
        <time>2026-05-12T10:41:17Z</time>
      </trkpt>
      <trkpt lat="30.638517" lon="104.1237">
        <time>2026-05-12T10:41:18Z</time>
      </trkpt>
      <trkpt lat="30.638504" lon="104.123764">
        <time>2026-05-12T10:41:19Z</time>
      </trkpt>
      <trkpt lat="30.638493" lon="104.123825">
        <time>2026-05-12T10:41:20Z</time>
      </trkpt>
      <trkpt lat="30.638487" lon="104.123886">
        <time>2026-05-12T10:41:21Z</time>
      </trkpt>
      <trkpt lat="30.638485" lon="104.123955">
        <time>2026-05-12T10:41:22Z</time>
      </trkpt>
      <trkpt lat="30.638481" lon="104.12401">
        <time>2026-05-12T10:41:23Z</time>
      </trkpt>
      <trkpt lat="30.63848" lon="104.12407">
        <time>2026-05-12T10:41:24Z</time>
      </trkpt>
      <trkpt lat="30.63848" lon="104.12413">
        <time>2026-05-12T10:41:25Z</time>
      </trkpt>
      <trkpt lat="30.63848" lon="104.12418">
        <time>2026-05-12T10:41:26Z</time>
      </trkpt>
      <trkpt lat="30.638477" lon="104.124245">
        <time>2026-05-12T10:41:27Z</time>
      </trkpt>
      <trkpt lat="30.63848" lon="104.124306">
        <time>2026-05-12T10:41:28Z</time>
      </trkpt>
      <trkpt lat="30.638477" lon="104.12436">
        <time>2026-05-12T10:41:29Z</time>
      </trkpt>
      <trkpt lat="30.63848" lon="104.12442">
        <time>2026-05-12T10:41:30Z</time>
      </trkpt>
      <trkpt lat="30.63848" lon="104.12448">
        <time>2026-05-12T10:41:31Z</time>
      </trkpt>
      <trkpt lat="30.638489" lon="104.12454">
        <time>2026-05-12T10:41:32Z</time>
      </trkpt>
      <trkpt lat="30.638493" lon="104.12461">
        <time>2026-05-12T10:41:33Z</time>
      </trkpt>
      <trkpt lat="30.638493" lon="104.12469">
        <time>2026-05-12T10:41:34Z</time>
      </trkpt>
      <trkpt lat="30.638494" lon="104.12475">
        <time>2026-05-12T10:41:35Z</time>
      </trkpt>
      <trkpt lat="30.638504" lon="104.12482">
        <time>2026-05-12T10:41:36Z</time>
      </trkpt>
      <trkpt lat="30.638512" lon="104.12488">
        <time>2026-05-12T10:41:37Z</time>
      </trkpt>
      <trkpt lat="30.63852" lon="104.12494">
        <time>2026-05-12T10:41:38Z</time>
      </trkpt>
      <trkpt lat="30.638529" lon="104.12499">
        <time>2026-05-12T10:41:39Z</time>
      </trkpt>
      <trkpt lat="30.63853" lon="104.12505">
        <time>2026-05-12T10:41:40Z</time>
      </trkpt>
      <trkpt lat="30.638536" lon="104.125114">
        <time>2026-05-12T10:41:41Z</time>
      </trkpt>
      <trkpt lat="30.638544" lon="104.12518">
        <time>2026-05-12T10:41:42Z</time>
      </trkpt>
      <trkpt lat="30.638548" lon="104.12524">
        <time>2026-05-12T10:41:43Z</time>
      </trkpt>
      <trkpt lat="30.638554" lon="104.125305">
        <time>2026-05-12T10:41:44Z</time>
      </trkpt>
      <trkpt lat="30.638557" lon="104.12537">
        <time>2026-05-12T10:41:45Z</time>
      </trkpt>
      <trkpt lat="30.63856" lon="104.12543">
        <time>2026-05-12T10:41:46Z</time>
      </trkpt>
      <trkpt lat="30.638565" lon="104.12549">
        <time>2026-05-12T10:41:47Z</time>
      </trkpt>
      <trkpt lat="30.63857" lon="104.12555">
        <time>2026-05-12T10:41:48Z</time>
      </trkpt>
      <trkpt lat="30.63857" lon="104.12561">
        <time>2026-05-12T10:41:49Z</time>
      </trkpt>
      <trkpt lat="30.638577" lon="104.12568">
        <time>2026-05-12T10:41:50Z</time>
      </trkpt>
      <trkpt lat="30.638577" lon="104.12575">
        <time>2026-05-12T10:41:51Z</time>
      </trkpt>
      <trkpt lat="30.638578" lon="104.12581">
        <time>2026-05-12T10:41:52Z</time>
      </trkpt>
      <trkpt lat="30.638578" lon="104.12588">
        <time>2026-05-12T10:41:53Z</time>
      </trkpt>
      <trkpt lat="30.638582" lon="104.125946">
        <time>2026-05-12T10:41:54Z</time>
      </trkpt>
      <trkpt lat="30.638588" lon="104.126015">
        <time>2026-05-12T10:41:55Z</time>
      </trkpt>
      <trkpt lat="30.638594" lon="104.12608">
        <time>2026-05-12T10:41:56Z</time>
      </trkpt>
      <trkpt lat="30.6386" lon="104.12616">
        <time>2026-05-12T10:41:57Z</time>
      </trkpt>
      <trkpt lat="30.638601" lon="104.12623">
        <time>2026-05-12T10:41:58Z</time>
      </trkpt>
      <trkpt lat="30.638607" lon="104.1263">
        <time>2026-05-12T10:41:59Z</time>
      </trkpt>
      <trkpt lat="30.638609" lon="104.12636">
        <time>2026-05-12T10:42:00Z</time>
      </trkpt>
      <trkpt lat="30.638609" lon="104.12643">
        <time>2026-05-12T10:42:01Z</time>
      </trkpt>
      <trkpt lat="30.63861" lon="104.12648">
        <time>2026-05-12T10:42:02Z</time>
      </trkpt>
      <trkpt lat="30.638613" lon="104.12655">
        <time>2026-05-12T10:42:03Z</time>
      </trkpt>
      <trkpt lat="30.638624" lon="104.12662">
        <time>2026-05-12T10:42:04Z</time>
      </trkpt>
      <trkpt lat="30.63863" lon="104.12668">
        <time>2026-05-12T10:42:05Z</time>
      </trkpt>
      <trkpt lat="30.638641" lon="104.12675">
        <time>2026-05-12T10:42:06Z</time>
      </trkpt>
      <trkpt lat="30.63865" lon="104.126816">
        <time>2026-05-12T10:42:07Z</time>
      </trkpt>
      <trkpt lat="30.638664" lon="104.12688">
        <time>2026-05-12T10:42:08Z</time>
      </trkpt>
      <trkpt lat="30.638674" lon="104.126945">
        <time>2026-05-12T10:42:09Z</time>
      </trkpt>
      <trkpt lat="30.638678" lon="104.127014">
        <time>2026-05-12T10:42:10Z</time>
      </trkpt>
      <trkpt lat="30.638683" lon="104.12709">
        <time>2026-05-12T10:42:11Z</time>
      </trkpt>
      <trkpt lat="30.638693" lon="104.12715">
        <time>2026-05-12T10:42:12Z</time>
      </trkpt>
      <trkpt lat="30.638704" lon="104.12722">
        <time>2026-05-12T10:42:13Z</time>
      </trkpt>
      <trkpt lat="30.638718" lon="104.12729">
        <time>2026-05-12T10:42:14Z</time>
      </trkpt>
      <trkpt lat="30.638731" lon="104.127365">
        <time>2026-05-12T10:42:15Z</time>
      </trkpt>
      <trkpt lat="30.638742" lon="104.12743">
        <time>2026-05-12T10:42:16Z</time>
      </trkpt>
      <trkpt lat="30.638756" lon="104.1275">
        <time>2026-05-12T10:42:17Z</time>
      </trkpt>
      <trkpt lat="30.638765" lon="104.12756">
        <time>2026-05-12T10:42:18Z</time>
      </trkpt>
      <trkpt lat="30.638777" lon="104.12763">
        <time>2026-05-12T10:42:19Z</time>
      </trkpt>
      <trkpt lat="30.638786" lon="104.12771">
        <time>2026-05-12T10:42:20Z</time>
      </trkpt>
      <trkpt lat="30.638796" lon="104.127785">
        <time>2026-05-12T10:42:21Z</time>
      </trkpt>
      <trkpt lat="30.638805" lon="104.12786">
        <time>2026-05-12T10:42:22Z</time>
      </trkpt>
      <trkpt lat="30.638813" lon="104.12794">
        <time>2026-05-12T10:42:23Z</time>
      </trkpt>
      <trkpt lat="30.638826" lon="104.128006">
        <time>2026-05-12T10:42:24Z</time>
      </trkpt>
      <trkpt lat="30.638836" lon="104.12808">
        <time>2026-05-12T10:42:25Z</time>
      </trkpt>
      <trkpt lat="30.638844" lon="104.12815">
        <time>2026-05-12T10:42:26Z</time>
      </trkpt>
      <trkpt lat="30.638853" lon="104.12821">
        <time>2026-05-12T10:42:27Z</time>
      </trkpt>
      <trkpt lat="30.63886" lon="104.12829">
        <time>2026-05-12T10:42:28Z</time>
      </trkpt>
      <trkpt lat="30.638868" lon="104.128365">
        <time>2026-05-12T10:42:29Z</time>
      </trkpt>
      <trkpt lat="30.638876" lon="104.128426">
        <time>2026-05-12T10:42:30Z</time>
      </trkpt>
      <trkpt lat="30.638885" lon="104.12849">
        <time>2026-05-12T10:42:31Z</time>
      </trkpt>
      <trkpt lat="30.638893" lon="104.128555">
        <time>2026-05-12T10:42:32Z</time>
      </trkpt>
      <trkpt lat="30.638895" lon="104.12863">
        <time>2026-05-12T10:42:33Z</time>
      </trkpt>
      <trkpt lat="30.6389" lon="104.12869">
        <time>2026-05-12T10:42:34Z</time>
      </trkpt>
      <trkpt lat="30.6389" lon="104.12877">
        <time>2026-05-12T10:42:35Z</time>
      </trkpt>
      <trkpt lat="30.638906" lon="104.12884">
        <time>2026-05-12T10:42:36Z</time>
      </trkpt>
      <trkpt lat="30.63891" lon="104.12891">
        <time>2026-05-12T10:42:37Z</time>
      </trkpt>
      <trkpt lat="30.638914" lon="104.12898">
        <time>2026-05-12T10:42:38Z</time>
      </trkpt>
      <trkpt lat="30.63892" lon="104.12906">
        <time>2026-05-12T10:42:39Z</time>
      </trkpt>
      <trkpt lat="30.63893" lon="104.12911">
        <time>2026-05-12T10:42:40Z</time>
      </trkpt>
      <trkpt lat="30.638945" lon="104.12916">
        <time>2026-05-12T10:42:41Z</time>
      </trkpt>
      <trkpt lat="30.638954" lon="104.12923">
        <time>2026-05-12T10:42:42Z</time>
      </trkpt>
      <trkpt lat="30.638956" lon="104.12928">
        <time>2026-05-12T10:42:43Z</time>
      </trkpt>
      <trkpt lat="30.638962" lon="104.12934">
        <time>2026-05-12T10:42:44Z</time>
      </trkpt>
      <trkpt lat="30.638968" lon="104.12939">
        <time>2026-05-12T10:42:45Z</time>
      </trkpt>
      <trkpt lat="30.638973" lon="104.12944">
        <time>2026-05-12T10:42:46Z</time>
      </trkpt>
      <trkpt lat="30.638975" lon="104.12949">
        <time>2026-05-12T10:42:47Z</time>
      </trkpt>
      <trkpt lat="30.638977" lon="104.12955">
        <time>2026-05-12T10:42:48Z</time>
      </trkpt>
      <trkpt lat="30.638975" lon="104.12959">
        <time>2026-05-12T10:42:49Z</time>
      </trkpt>
      <trkpt lat="30.638977" lon="104.12965">
        <time>2026-05-12T10:42:50Z</time>
      </trkpt>
      <trkpt lat="30.63898" lon="104.1297">
        <time>2026-05-12T10:42:51Z</time>
      </trkpt>
      <trkpt lat="30.638985" lon="104.12976">
        <time>2026-05-12T10:42:52Z</time>
      </trkpt>
      <trkpt lat="30.638985" lon="104.12982">
        <time>2026-05-12T10:42:53Z</time>
      </trkpt>
      <trkpt lat="30.638987" lon="104.129875">
        <time>2026-05-12T10:42:54Z</time>
      </trkpt>
      <trkpt lat="30.638992" lon="104.12992">
        <time>2026-05-12T10:42:55Z</time>
      </trkpt>
      <trkpt lat="30.639002" lon="104.129974">
        <time>2026-05-12T10:42:56Z</time>
      </trkpt>
      <trkpt lat="30.63901" lon="104.13002">
        <time>2026-05-12T10:42:57Z</time>
      </trkpt>
      <trkpt lat="30.63902" lon="104.130066">
        <time>2026-05-12T10:42:58Z</time>
      </trkpt>
      <trkpt lat="30.639029" lon="104.130104">
        <time>2026-05-12T10:42:59Z</time>
      </trkpt>
      <trkpt lat="30.639034" lon="104.13015">
        <time>2026-05-12T10:43:00Z</time>
      </trkpt>
      <trkpt lat="30.639038" lon="104.13021">
        <time>2026-05-12T10:43:01Z</time>
      </trkpt>
      <trkpt lat="30.639038" lon="104.13026">
        <time>2026-05-12T10:43:02Z</time>
      </trkpt>
      <trkpt lat="30.63904" lon="104.13031">
        <time>2026-05-12T10:43:03Z</time>
      </trkpt>
      <trkpt lat="30.639046" lon="104.130356">
        <time>2026-05-12T10:43:04Z</time>
      </trkpt>
      <trkpt lat="30.63905" lon="104.13041">
        <time>2026-05-12T10:43:05Z</time>
      </trkpt>
      <trkpt lat="30.639057" lon="104.130455">
        <time>2026-05-12T10:43:06Z</time>
      </trkpt>
      <trkpt lat="30.63906" lon="104.13051">
        <time>2026-05-12T10:43:07Z</time>
      </trkpt>
      <trkpt lat="30.639067" lon="104.13056">
        <time>2026-05-12T10:43:08Z</time>
      </trkpt>
      <trkpt lat="30.639072" lon="104.13061">
        <time>2026-05-12T10:43:09Z</time>
      </trkpt>
      <trkpt lat="30.639078" lon="104.13065">
        <time>2026-05-12T10:43:10Z</time>
      </trkpt>
      <trkpt lat="30.639082" lon="104.13071">
        <time>2026-05-12T10:43:11Z</time>
      </trkpt>
      <trkpt lat="30.639086" lon="104.13075">
        <time>2026-05-12T10:43:12Z</time>
      </trkpt>
      <trkpt lat="30.639093" lon="104.130806">
        <time>2026-05-12T10:43:13Z</time>
      </trkpt>
      <trkpt lat="30.6391" lon="104.13085">
        <time>2026-05-12T10:43:14Z</time>
      </trkpt>
      <trkpt lat="30.639105" lon="104.1309">
        <time>2026-05-12T10:43:15Z</time>
      </trkpt>
      <trkpt lat="30.639112" lon="104.13096">
        <time>2026-05-12T10:43:16Z</time>
      </trkpt>
      <trkpt lat="30.639118" lon="104.13101">
        <time>2026-05-12T10:43:17Z</time>
      </trkpt>
      <trkpt lat="30.639118" lon="104.13106">
        <time>2026-05-12T10:43:18Z</time>
      </trkpt>
      <trkpt lat="30.63912" lon="104.1311">
        <time>2026-05-12T10:43:19Z</time>
      </trkpt>
      <trkpt lat="30.63912" lon="104.13115">
        <time>2026-05-12T10:43:20Z</time>
      </trkpt>
      <trkpt lat="30.639118" lon="104.131195">
        <time>2026-05-12T10:43:21Z</time>
      </trkpt>
      <trkpt lat="30.639116" lon="104.13124">
        <time>2026-05-12T10:43:22Z</time>
      </trkpt>
      <trkpt lat="30.63912" lon="104.13128">
        <time>2026-05-12T10:43:23Z</time>
      </trkpt>
      <trkpt lat="30.639122" lon="104.131325">
        <time>2026-05-12T10:43:24Z</time>
      </trkpt>
      <trkpt lat="30.639116" lon="104.13137">
        <time>2026-05-12T10:43:25Z</time>
      </trkpt>
      <trkpt lat="30.639114" lon="104.13142">
        <time>2026-05-12T10:43:26Z</time>
      </trkpt>
      <trkpt lat="30.639112" lon="104.131454">
        <time>2026-05-12T10:43:27Z</time>
      </trkpt>
      <trkpt lat="30.639107" lon="104.13149">
        <time>2026-05-12T10:43:28Z</time>
      </trkpt>
      <trkpt lat="30.639101" lon="104.13154">
        <time>2026-05-12T10:43:29Z</time>
      </trkpt>
      <trkpt lat="30.6391" lon="104.13158">
        <time>2026-05-12T10:43:30Z</time>
      </trkpt>
      <trkpt lat="30.639101" lon="104.131615">
        <time>2026-05-12T10:43:31Z</time>
      </trkpt>
      <trkpt lat="30.639101" lon="104.131645">
        <time>2026-05-12T10:43:32Z</time>
      </trkpt>
      <trkpt lat="30.639103" lon="104.131676">
        <time>2026-05-12T10:43:33Z</time>
      </trkpt>
      <trkpt lat="30.639109" lon="104.13171">
        <time>2026-05-12T10:43:34Z</time>
      </trkpt>
      <trkpt lat="30.639109" lon="104.13174">
        <time>2026-05-12T10:43:35Z</time>
      </trkpt>
      <trkpt lat="30.639109" lon="104.13176">
        <time>2026-05-12T10:43:36Z</time>
      </trkpt>
      <trkpt lat="30.63911" lon="104.13178">
        <time>2026-05-12T10:43:37Z</time>
      </trkpt>
      <trkpt lat="30.63911" lon="104.1318">
        <time>2026-05-12T10:43:38Z</time>
      </trkpt>
      <trkpt lat="30.63911" lon="104.13183">
        <time>2026-05-12T10:43:39Z</time>
      </trkpt>
      <trkpt lat="30.639107" lon="104.13186">
        <time>2026-05-12T10:43:40Z</time>
      </trkpt>
      <trkpt lat="30.639103" lon="104.1319">
        <time>2026-05-12T10:43:41Z</time>
      </trkpt>
      <trkpt lat="30.639101" lon="104.13193">
        <time>2026-05-12T10:43:42Z</time>
      </trkpt>
      <trkpt lat="30.639101" lon="104.131966">
        <time>2026-05-12T10:43:43Z</time>
      </trkpt>
      <trkpt lat="30.639103" lon="104.13201">
        <time>2026-05-12T10:43:44Z</time>
      </trkpt>
      <trkpt lat="30.6391" lon="104.13204">
        <time>2026-05-12T10:43:45Z</time>
      </trkpt>
      <trkpt lat="30.639093" lon="104.13209">
        <time>2026-05-12T10:43:46Z</time>
      </trkpt>
      <trkpt lat="30.63909" lon="104.132126">
        <time>2026-05-12T10:43:47Z</time>
      </trkpt>
      <trkpt lat="30.639088" lon="104.13217">
        <time>2026-05-12T10:43:48Z</time>
      </trkpt>
      <trkpt lat="30.639086" lon="104.13222">
        <time>2026-05-12T10:43:49Z</time>
      </trkpt>
      <trkpt lat="30.639082" lon="104.132256">
        <time>2026-05-12T10:43:50Z</time>
      </trkpt>
      <trkpt lat="30.639078" lon="104.1323">
        <time>2026-05-12T10:43:51Z</time>
      </trkpt>
      <trkpt lat="30.639072" lon="104.13235">
        <time>2026-05-12T10:43:52Z</time>
      </trkpt>
      <trkpt lat="30.639072" lon="104.132385">
        <time>2026-05-12T10:43:53Z</time>
      </trkpt>
      <trkpt lat="30.639069" lon="104.13243">
        <time>2026-05-12T10:43:54Z</time>
      </trkpt>
      <trkpt lat="30.639072" lon="104.13247">
        <time>2026-05-12T10:43:55Z</time>
      </trkpt>
      <trkpt lat="30.639069" lon="104.1325">
        <time>2026-05-12T10:43:56Z</time>
      </trkpt>
      <trkpt lat="30.639067" lon="104.13254">
        <time>2026-05-12T10:43:57Z</time>
      </trkpt>
      <trkpt lat="30.639069" lon="104.13258">
        <time>2026-05-12T10:43:58Z</time>
      </trkpt>
      <trkpt lat="30.63907" lon="104.13263">
        <time>2026-05-12T10:43:59Z</time>
      </trkpt>
      <trkpt lat="30.639069" lon="104.132675">
        <time>2026-05-12T10:44:00Z</time>
      </trkpt>
      <trkpt lat="30.639067" lon="104.13273">
        <time>2026-05-12T10:44:01Z</time>
      </trkpt>
      <trkpt lat="30.639067" lon="104.13278">
        <time>2026-05-12T10:44:02Z</time>
      </trkpt>
      <trkpt lat="30.639065" lon="104.13284">
        <time>2026-05-12T10:44:03Z</time>
      </trkpt>
      <trkpt lat="30.639063" lon="104.132904">
        <time>2026-05-12T10:44:04Z</time>
      </trkpt>
      <trkpt lat="30.639063" lon="104.13295">
        <time>2026-05-12T10:44:05Z</time>
      </trkpt>
      <trkpt lat="30.639065" lon="104.133">
        <time>2026-05-12T10:44:06Z</time>
      </trkpt>
      <trkpt lat="30.639065" lon="104.13304">
        <time>2026-05-12T10:44:07Z</time>
      </trkpt>
      <trkpt lat="30.639063" lon="104.13308">
        <time>2026-05-12T10:44:08Z</time>
      </trkpt>
      <trkpt lat="30.639063" lon="104.133125">
        <time>2026-05-12T10:44:09Z</time>
      </trkpt>
      <trkpt lat="30.63906" lon="104.13318">
        <time>2026-05-12T10:44:10Z</time>
      </trkpt>
      <trkpt lat="30.639057" lon="104.13322">
        <time>2026-05-12T10:44:11Z</time>
      </trkpt>
      <trkpt lat="30.639051" lon="104.133255">
        <time>2026-05-12T10:44:12Z</time>
      </trkpt>
      <trkpt lat="30.639053" lon="104.13331">
        <time>2026-05-12T10:44:13Z</time>
      </trkpt>
      <trkpt lat="30.63905" lon="104.13336">
        <time>2026-05-12T10:44:14Z</time>
      </trkpt>
      <trkpt lat="30.639044" lon="104.13342">
        <time>2026-05-12T10:44:15Z</time>
      </trkpt>
      <trkpt lat="30.639042" lon="104.13348">
        <time>2026-05-12T10:44:16Z</time>
      </trkpt>
      <trkpt lat="30.639042" lon="104.13354">
        <time>2026-05-12T10:44:17Z</time>
      </trkpt>
      <trkpt lat="30.639038" lon="104.1336">
        <time>2026-05-12T10:44:18Z</time>
      </trkpt>
      <trkpt lat="30.639034" lon="104.13366">
        <time>2026-05-12T10:44:19Z</time>
      </trkpt>
      <trkpt lat="30.639029" lon="104.13371">
        <time>2026-05-12T10:44:20Z</time>
      </trkpt>
      <trkpt lat="30.639027" lon="104.13377">
        <time>2026-05-12T10:44:21Z</time>
      </trkpt>
      <trkpt lat="30.63902" lon="104.133835">
        <time>2026-05-12T10:44:22Z</time>
      </trkpt>
      <trkpt lat="30.639015" lon="104.13389">
        <time>2026-05-12T10:44:23Z</time>
      </trkpt>
      <trkpt lat="30.639011" lon="104.13395">
        <time>2026-05-12T10:44:24Z</time>
      </trkpt>
      <trkpt lat="30.639011" lon="104.134">
        <time>2026-05-12T10:44:25Z</time>
      </trkpt>
      <trkpt lat="30.63901" lon="104.134056">
        <time>2026-05-12T10:44:26Z</time>
      </trkpt>
      <trkpt lat="30.639008" lon="104.13411">
        <time>2026-05-12T10:44:27Z</time>
      </trkpt>
      <trkpt lat="30.639008" lon="104.13416">
        <time>2026-05-12T10:44:28Z</time>
      </trkpt>
      <trkpt lat="30.639008" lon="104.134224">
        <time>2026-05-12T10:44:29Z</time>
      </trkpt>
      <trkpt lat="30.639006" lon="104.13428">
        <time>2026-05-12T10:44:30Z</time>
      </trkpt>
      <trkpt lat="30.639008" lon="104.13434">
        <time>2026-05-12T10:44:31Z</time>
      </trkpt>
      <trkpt lat="30.639006" lon="104.13439">
        <time>2026-05-12T10:44:32Z</time>
      </trkpt>
      <trkpt lat="30.639006" lon="104.13445">
        <time>2026-05-12T10:44:33Z</time>
      </trkpt>
      <trkpt lat="30.639008" lon="104.13451">
        <time>2026-05-12T10:44:34Z</time>
      </trkpt>
      <trkpt lat="30.639006" lon="104.13457">
        <time>2026-05-12T10:44:35Z</time>
      </trkpt>
      <trkpt lat="30.639002" lon="104.13463">
        <time>2026-05-12T10:44:36Z</time>
      </trkpt>
      <trkpt lat="30.639" lon="104.13469">
        <time>2026-05-12T10:44:37Z</time>
      </trkpt>
      <trkpt lat="30.638998" lon="104.13475">
        <time>2026-05-12T10:44:38Z</time>
      </trkpt>
      <trkpt lat="30.638998" lon="104.13481">
        <time>2026-05-12T10:44:39Z</time>
      </trkpt>
      <trkpt lat="30.639" lon="104.13488">
        <time>2026-05-12T10:44:40Z</time>
      </trkpt>
      <trkpt lat="30.639002" lon="104.13493">
        <time>2026-05-12T10:44:41Z</time>
      </trkpt>
      <trkpt lat="30.639004" lon="104.134995">
        <time>2026-05-12T10:44:42Z</time>
      </trkpt>
      <trkpt lat="30.639008" lon="104.135056">
        <time>2026-05-12T10:44:43Z</time>
      </trkpt>
      <trkpt lat="30.63901" lon="104.135124">
        <time>2026-05-12T10:44:44Z</time>
      </trkpt>
      <trkpt lat="30.639008" lon="104.135185">
        <time>2026-05-12T10:44:45Z</time>
      </trkpt>
      <trkpt lat="30.639008" lon="104.135254">
        <time>2026-05-12T10:44:46Z</time>
      </trkpt>
      <trkpt lat="30.639006" lon="104.13533">
        <time>2026-05-12T10:44:47Z</time>
      </trkpt>
      <trkpt lat="30.639006" lon="104.1354">
        <time>2026-05-12T10:44:48Z</time>
      </trkpt>
      <trkpt lat="30.639008" lon="104.135475">
        <time>2026-05-12T10:44:49Z</time>
      </trkpt>
      <trkpt lat="30.639008" lon="104.13555">
        <time>2026-05-12T10:44:50Z</time>
      </trkpt>
      <trkpt lat="30.639008" lon="104.13563">
        <time>2026-05-12T10:44:51Z</time>
      </trkpt>
      <trkpt lat="30.639004" lon="104.135704">
        <time>2026-05-12T10:44:52Z</time>
      </trkpt>
      <trkpt lat="30.639004" lon="104.13578">
        <time>2026-05-12T10:44:53Z</time>
      </trkpt>
      <trkpt lat="30.639006" lon="104.13586">
        <time>2026-05-12T10:44:54Z</time>
      </trkpt>
      <trkpt lat="30.639006" lon="104.13593">
        <time>2026-05-12T10:44:55Z</time>
      </trkpt>
      <trkpt lat="30.639006" lon="104.13601">
        <time>2026-05-12T10:44:56Z</time>
      </trkpt>
      <trkpt lat="30.639004" lon="104.13609">
        <time>2026-05-12T10:44:57Z</time>
      </trkpt>
      <trkpt lat="30.638998" lon="104.13617">
        <time>2026-05-12T10:44:58Z</time>
      </trkpt>
      <trkpt lat="30.638994" lon="104.13625">
        <time>2026-05-12T10:44:59Z</time>
      </trkpt>
      <trkpt lat="30.638973" lon="104.13634">
        <time>2026-05-12T10:45:00Z</time>
      </trkpt>
      <trkpt lat="30.638952" lon="104.13642">
        <time>2026-05-12T10:45:01Z</time>
      </trkpt>
      <trkpt lat="30.638937" lon="104.136505">
        <time>2026-05-12T10:45:02Z</time>
      </trkpt>
      <trkpt lat="30.638939" lon="104.13659">
        <time>2026-05-12T10:45:03Z</time>
      </trkpt>
      <trkpt lat="30.63894" lon="104.136665">
        <time>2026-05-12T10:45:04Z</time>
      </trkpt>
      <trkpt lat="30.638945" lon="104.13674">
        <time>2026-05-12T10:45:05Z</time>
      </trkpt>
      <trkpt lat="30.638945" lon="104.136826">
        <time>2026-05-12T10:45:06Z</time>
      </trkpt>
      <trkpt lat="30.638943" lon="104.13691">
        <time>2026-05-12T10:45:07Z</time>
      </trkpt>
      <trkpt lat="30.63894" lon="104.136986">
        <time>2026-05-12T10:45:08Z</time>
      </trkpt>
      <trkpt lat="30.638937" lon="104.13707">
        <time>2026-05-12T10:45:09Z</time>
      </trkpt>
      <trkpt lat="30.638937" lon="104.137146">
        <time>2026-05-12T10:45:10Z</time>
      </trkpt>
      <trkpt lat="30.638935" lon="104.13722">
        <time>2026-05-12T10:45:11Z</time>
      </trkpt>
      <trkpt lat="30.638927" lon="104.13729">
        <time>2026-05-12T10:45:12Z</time>
      </trkpt>
      <trkpt lat="30.638918" lon="104.137344">
        <time>2026-05-12T10:45:13Z</time>
      </trkpt>
      <trkpt lat="30.63891" lon="104.1374">
        <time>2026-05-12T10:45:14Z</time>
      </trkpt>
      <trkpt lat="30.638908" lon="104.13745">
        <time>2026-05-12T10:45:15Z</time>
      </trkpt>
      <trkpt lat="30.638914" lon="104.137505">
        <time>2026-05-12T10:45:16Z</time>
      </trkpt>
      <trkpt lat="30.638926" lon="104.13756">
        <time>2026-05-12T10:45:17Z</time>
      </trkpt>
      <trkpt lat="30.63894" lon="104.1376">
        <time>2026-05-12T10:45:18Z</time>
      </trkpt>
      <trkpt lat="30.638956" lon="104.13766">
        <time>2026-05-12T10:45:19Z</time>
      </trkpt>
      <trkpt lat="30.638968" lon="104.13771">
        <time>2026-05-12T10:45:20Z</time>
      </trkpt>
      <trkpt lat="30.638968" lon="104.137764">
        <time>2026-05-12T10:45:21Z</time>
      </trkpt>
      <trkpt lat="30.638962" lon="104.13782">
        <time>2026-05-12T10:45:22Z</time>
      </trkpt>
      <trkpt lat="30.638958" lon="104.13787">
        <time>2026-05-12T10:45:23Z</time>
      </trkpt>
      <trkpt lat="30.638956" lon="104.13793">
        <time>2026-05-12T10:45:24Z</time>
      </trkpt>
      <trkpt lat="30.638954" lon="104.137985">
        <time>2026-05-12T10:45:25Z</time>
      </trkpt>
      <trkpt lat="30.638945" lon="104.13804">
        <time>2026-05-12T10:45:26Z</time>
      </trkpt>
      <trkpt lat="30.638939" lon="104.138084">
        <time>2026-05-12T10:45:27Z</time>
      </trkpt>
      <trkpt lat="30.638931" lon="104.13814">
        <time>2026-05-12T10:45:28Z</time>
      </trkpt>
      <trkpt lat="30.638927" lon="104.13818">
        <time>2026-05-12T10:45:29Z</time>
      </trkpt>
      <trkpt lat="30.638926" lon="104.13824">
        <time>2026-05-12T10:45:30Z</time>
      </trkpt>
      <trkpt lat="30.638924" lon="104.13828">
        <time>2026-05-12T10:45:31Z</time>
      </trkpt>
      <trkpt lat="30.638924" lon="104.138336">
        <time>2026-05-12T10:45:32Z</time>
      </trkpt>
      <trkpt lat="30.638924" lon="104.13839">
        <time>2026-05-12T10:45:33Z</time>
      </trkpt>
      <trkpt lat="30.638922" lon="104.13844">
        <time>2026-05-12T10:45:34Z</time>
      </trkpt>
      <trkpt lat="30.638918" lon="104.1385">
        <time>2026-05-12T10:45:35Z</time>
      </trkpt>
      <trkpt lat="30.638916" lon="104.13855">
        <time>2026-05-12T10:45:36Z</time>
      </trkpt>
      <trkpt lat="30.638914" lon="104.13861">
        <time>2026-05-12T10:45:37Z</time>
      </trkpt>
      <trkpt lat="30.638914" lon="104.13867">
        <time>2026-05-12T10:45:38Z</time>
      </trkpt>
      <trkpt lat="30.638914" lon="104.138725">
        <time>2026-05-12T10:45:39Z</time>
      </trkpt>
      <trkpt lat="30.638912" lon="104.13879">
        <time>2026-05-12T10:45:40Z</time>
      </trkpt>
      <trkpt lat="30.638914" lon="104.13884">
        <time>2026-05-12T10:45:41Z</time>
      </trkpt>
      <trkpt lat="30.63891" lon="104.1389">
        <time>2026-05-12T10:45:42Z</time>
      </trkpt>
      <trkpt lat="30.63891" lon="104.138954">
        <time>2026-05-12T10:45:43Z</time>
      </trkpt>
      <trkpt lat="30.638908" lon="104.139015">
        <time>2026-05-12T10:45:44Z</time>
      </trkpt>
      <trkpt lat="30.638905" lon="104.13908">
        <time>2026-05-12T10:45:45Z</time>
      </trkpt>
      <trkpt lat="30.638906" lon="104.13913">
        <time>2026-05-12T10:45:46Z</time>
      </trkpt>
      <trkpt lat="30.63891" lon="104.13919">
        <time>2026-05-12T10:45:47Z</time>
      </trkpt>
      <trkpt lat="30.638914" lon="104.13925">
        <time>2026-05-12T10:45:48Z</time>
      </trkpt>
      <trkpt lat="30.638914" lon="104.139305">
        <time>2026-05-12T10:45:49Z</time>
      </trkpt>
      <trkpt lat="30.638918" lon="104.13936">
        <time>2026-05-12T10:45:50Z</time>
      </trkpt>
      <trkpt lat="30.63892" lon="104.13942">
        <time>2026-05-12T10:45:51Z</time>
      </trkpt>
      <trkpt lat="30.638922" lon="104.13947">
        <time>2026-05-12T10:45:52Z</time>
      </trkpt>
      <trkpt lat="30.63892" lon="104.13952">
        <time>2026-05-12T10:45:53Z</time>
      </trkpt>
      <trkpt lat="30.638914" lon="104.13957">
        <time>2026-05-12T10:45:54Z</time>
      </trkpt>
      <trkpt lat="30.638906" lon="104.13962">
        <time>2026-05-12T10:45:55Z</time>
      </trkpt>
      <trkpt lat="30.6389" lon="104.13966">
        <time>2026-05-12T10:45:56Z</time>
      </trkpt>
      <trkpt lat="30.63889" lon="104.13972">
        <time>2026-05-12T10:45:57Z</time>
      </trkpt>
      <trkpt lat="30.63888" lon="104.13977">
        <time>2026-05-12T10:45:58Z</time>
      </trkpt>
      <trkpt lat="30.638874" lon="104.13982">
        <time>2026-05-12T10:45:59Z</time>
      </trkpt>
      <trkpt lat="30.638865" lon="104.13987">
        <time>2026-05-12T10:46:00Z</time>
      </trkpt>
      <trkpt lat="30.638855" lon="104.13992">
        <time>2026-05-12T10:46:01Z</time>
      </trkpt>
      <trkpt lat="30.638845" lon="104.139984">
        <time>2026-05-12T10:46:02Z</time>
      </trkpt>
      <trkpt lat="30.638834" lon="104.14004">
        <time>2026-05-12T10:46:03Z</time>
      </trkpt>
      <trkpt lat="30.638823" lon="104.1401">
        <time>2026-05-12T10:46:04Z</time>
      </trkpt>
      <trkpt lat="30.63881" lon="104.14015">
        <time>2026-05-12T10:46:05Z</time>
      </trkpt>
      <trkpt lat="30.6388" lon="104.140205">
        <time>2026-05-12T10:46:06Z</time>
      </trkpt>
      <trkpt lat="30.63879" lon="104.14024">
        <time>2026-05-12T10:46:07Z</time>
      </trkpt>
      <trkpt lat="30.638783" lon="104.1403">
        <time>2026-05-12T10:46:08Z</time>
      </trkpt>
      <trkpt lat="30.63877" lon="104.14034">
        <time>2026-05-12T10:46:09Z</time>
      </trkpt>
      <trkpt lat="30.63876" lon="104.140396">
        <time>2026-05-12T10:46:10Z</time>
      </trkpt>
      <trkpt lat="30.638748" lon="104.14044">
        <time>2026-05-12T10:46:11Z</time>
      </trkpt>
      <trkpt lat="30.638739" lon="104.14049">
        <time>2026-05-12T10:46:12Z</time>
      </trkpt>
      <trkpt lat="30.63873" lon="104.14053">
        <time>2026-05-12T10:46:13Z</time>
      </trkpt>
      <trkpt lat="30.638718" lon="104.14058">
        <time>2026-05-12T10:46:14Z</time>
      </trkpt>
      <trkpt lat="30.638706" lon="104.14062">
        <time>2026-05-12T10:46:15Z</time>
      </trkpt>
      <trkpt lat="30.638693" lon="104.14066">
        <time>2026-05-12T10:46:16Z</time>
      </trkpt>
      <trkpt lat="30.638681" lon="104.14071">
        <time>2026-05-12T10:46:17Z</time>
      </trkpt>
      <trkpt lat="30.638672" lon="104.140755">
        <time>2026-05-12T10:46:18Z</time>
      </trkpt>
      <trkpt lat="30.638659" lon="104.14081">
        <time>2026-05-12T10:46:19Z</time>
      </trkpt>
      <trkpt lat="30.638645" lon="104.140854">
        <time>2026-05-12T10:46:20Z</time>
      </trkpt>
      <trkpt lat="30.638645" lon="104.140854">
        <time>2026-05-12T10:46:21Z</time>
      </trkpt>
      <trkpt lat="30.638607" lon="104.141">
        <time>2026-05-12T10:46:23Z</time>
      </trkpt>
      <trkpt lat="30.638592" lon="104.14104">
        <time>2026-05-12T10:46:24Z</time>
      </trkpt>
      <trkpt lat="30.63858" lon="104.14108">
        <time>2026-05-12T10:46:25Z</time>
      </trkpt>
      <trkpt lat="30.638567" lon="104.141136">
        <time>2026-05-12T10:46:26Z</time>
      </trkpt>
      <trkpt lat="30.638557" lon="104.14118">
        <time>2026-05-12T10:46:27Z</time>
      </trkpt>
      <trkpt lat="30.638544" lon="104.14123">
        <time>2026-05-12T10:46:28Z</time>
      </trkpt>
      <trkpt lat="30.638529" lon="104.14128">
        <time>2026-05-12T10:46:29Z</time>
      </trkpt>
      <trkpt lat="30.638515" lon="104.14133">
        <time>2026-05-12T10:46:30Z</time>
      </trkpt>
      <trkpt lat="30.6385" lon="104.14137">
        <time>2026-05-12T10:46:31Z</time>
      </trkpt>
      <trkpt lat="30.638489" lon="104.14142">
        <time>2026-05-12T10:46:32Z</time>
      </trkpt>
      <trkpt lat="30.638474" lon="104.141464">
        <time>2026-05-12T10:46:33Z</time>
      </trkpt>
      <trkpt lat="30.63846" lon="104.14151">
        <time>2026-05-12T10:46:34Z</time>
      </trkpt>
      <trkpt lat="30.638445" lon="104.141556">
        <time>2026-05-12T10:46:35Z</time>
      </trkpt>
      <trkpt lat="30.638433" lon="104.1416">
        <time>2026-05-12T10:46:36Z</time>
      </trkpt>
      <trkpt lat="30.638422" lon="104.14165">
        <time>2026-05-12T10:46:37Z</time>
      </trkpt>
      <trkpt lat="30.638409" lon="104.1417">
        <time>2026-05-12T10:46:38Z</time>
      </trkpt>
      <trkpt lat="30.638395" lon="104.14175">
        <time>2026-05-12T10:46:39Z</time>
      </trkpt>
      <trkpt lat="30.638384" lon="104.14179">
        <time>2026-05-12T10:46:40Z</time>
      </trkpt>
      <trkpt lat="30.63837" lon="104.14184">
        <time>2026-05-12T10:46:41Z</time>
      </trkpt>
      <trkpt lat="30.63836" lon="104.141884">
        <time>2026-05-12T10:46:42Z</time>
      </trkpt>
      <trkpt lat="30.63835" lon="104.14194">
        <time>2026-05-12T10:46:43Z</time>
      </trkpt>
      <trkpt lat="30.638336" lon="104.14199">
        <time>2026-05-12T10:46:44Z</time>
      </trkpt>
      <trkpt lat="30.638323" lon="104.14204">
        <time>2026-05-12T10:46:45Z</time>
      </trkpt>
      <trkpt lat="30.638311" lon="104.14209">
        <time>2026-05-12T10:46:46Z</time>
      </trkpt>
      <trkpt lat="30.638298" lon="104.14214">
        <time>2026-05-12T10:46:47Z</time>
      </trkpt>
      <trkpt lat="30.638287" lon="104.1422">
        <time>2026-05-12T10:46:48Z</time>
      </trkpt>
      <trkpt lat="30.638273" lon="104.14225">
        <time>2026-05-12T10:46:49Z</time>
      </trkpt>
      <trkpt lat="30.63826" lon="104.1423">
        <time>2026-05-12T10:46:50Z</time>
      </trkpt>
      <trkpt lat="30.638248" lon="104.14236">
        <time>2026-05-12T10:46:51Z</time>
      </trkpt>
      <trkpt lat="30.638237" lon="104.14241">
        <time>2026-05-12T10:46:52Z</time>
      </trkpt>
      <trkpt lat="30.638222" lon="104.14247">
        <time>2026-05-12T10:46:53Z</time>
      </trkpt>
      <trkpt lat="30.638206" lon="104.142525">
        <time>2026-05-12T10:46:54Z</time>
      </trkpt>
      <trkpt lat="30.638191" lon="104.142586">
        <time>2026-05-12T10:46:55Z</time>
      </trkpt>
      <trkpt lat="30.638176" lon="104.14265">
        <time>2026-05-12T10:46:56Z</time>
      </trkpt>
      <trkpt lat="30.638163" lon="104.14271">
        <time>2026-05-12T10:46:57Z</time>
      </trkpt>
      <trkpt lat="30.638147" lon="104.14277">
        <time>2026-05-12T10:46:58Z</time>
      </trkpt>
      <trkpt lat="30.638134" lon="104.14283">
        <time>2026-05-12T10:46:59Z</time>
      </trkpt>
      <trkpt lat="30.63812" lon="104.14289">
        <time>2026-05-12T10:47:00Z</time>
      </trkpt>
      <trkpt lat="30.638107" lon="104.14295">
        <time>2026-05-12T10:47:01Z</time>
      </trkpt>
      <trkpt lat="30.638092" lon="104.14301">
        <time>2026-05-12T10:47:02Z</time>
      </trkpt>
      <trkpt lat="30.638079" lon="104.14308">
        <time>2026-05-12T10:47:03Z</time>
      </trkpt>
      <trkpt lat="30.638063" lon="104.14315">
        <time>2026-05-12T10:47:04Z</time>
      </trkpt>
      <trkpt lat="30.638046" lon="104.14322">
        <time>2026-05-12T10:47:05Z</time>
      </trkpt>
      <trkpt lat="30.63803" lon="104.143295">
        <time>2026-05-12T10:47:06Z</time>
      </trkpt>
      <trkpt lat="30.638012" lon="104.143364">
        <time>2026-05-12T10:47:07Z</time>
      </trkpt>
      <trkpt lat="30.63799" lon="104.14344">
        <time>2026-05-12T10:47:08Z</time>
      </trkpt>
      <trkpt lat="30.637974" lon="104.14351">
        <time>2026-05-12T10:47:09Z</time>
      </trkpt>
      <trkpt lat="30.637959" lon="104.143585">
        <time>2026-05-12T10:47:10Z</time>
      </trkpt>
      <trkpt lat="30.637941" lon="104.143654">
        <time>2026-05-12T10:47:11Z</time>
      </trkpt>
      <trkpt lat="30.637918" lon="104.14373">
        <time>2026-05-12T10:47:12Z</time>
      </trkpt>
      <trkpt lat="30.6379" lon="104.1438">
        <time>2026-05-12T10:47:13Z</time>
      </trkpt>
      <trkpt lat="30.63788" lon="104.14387">
        <time>2026-05-12T10:47:14Z</time>
      </trkpt>
      <trkpt lat="30.637861" lon="104.143936">
        <time>2026-05-12T10:47:15Z</time>
      </trkpt>
      <trkpt lat="30.637842" lon="104.144005">
        <time>2026-05-12T10:47:16Z</time>
      </trkpt>
      <trkpt lat="30.63782" lon="104.14407">
        <time>2026-05-12T10:47:17Z</time>
      </trkpt>
      <trkpt lat="30.6378" lon="104.14414">
        <time>2026-05-12T10:47:18Z</time>
      </trkpt>
      <trkpt lat="30.637777" lon="104.14421">
        <time>2026-05-12T10:47:19Z</time>
      </trkpt>
      <trkpt lat="30.637753" lon="104.14428">
        <time>2026-05-12T10:47:20Z</time>
      </trkpt>
      <trkpt lat="30.63773" lon="104.14435">
        <time>2026-05-12T10:47:21Z</time>
      </trkpt>
      <trkpt lat="30.63771" lon="104.14442">
        <time>2026-05-12T10:47:22Z</time>
      </trkpt>
      <trkpt lat="30.637688" lon="104.144485">
        <time>2026-05-12T10:47:23Z</time>
      </trkpt>
      <trkpt lat="30.637667" lon="104.14456">
        <time>2026-05-12T10:47:24Z</time>
      </trkpt>
      <trkpt lat="30.637644" lon="104.14463">
        <time>2026-05-12T10:47:25Z</time>
      </trkpt>
      <trkpt lat="30.637623" lon="104.14471">
        <time>2026-05-12T10:47:26Z</time>
      </trkpt>
      <trkpt lat="30.637608" lon="104.144775">
        <time>2026-05-12T10:47:27Z</time>
      </trkpt>
      <trkpt lat="30.637594" lon="104.14485">
        <time>2026-05-12T10:47:28Z</time>
      </trkpt>
      <trkpt lat="30.637579" lon="104.144936">
        <time>2026-05-12T10:47:29Z</time>
      </trkpt>
      <trkpt lat="30.637568" lon="104.14502">
        <time>2026-05-12T10:47:30Z</time>
      </trkpt>
      <trkpt lat="30.63755" lon="104.14509">
        <time>2026-05-12T10:47:31Z</time>
      </trkpt>
      <trkpt lat="30.637537" lon="104.145164">
        <time>2026-05-12T10:47:32Z</time>
      </trkpt>
      <trkpt lat="30.637522" lon="104.14523">
        <time>2026-05-12T10:47:33Z</time>
      </trkpt>
      <trkpt lat="30.637506" lon="104.14531">
        <time>2026-05-12T10:47:34Z</time>
      </trkpt>
      <trkpt lat="30.637495" lon="104.145386">
        <time>2026-05-12T10:47:35Z</time>
      </trkpt>
      <trkpt lat="30.637478" lon="104.14546">
        <time>2026-05-12T10:47:36Z</time>
      </trkpt>
      <trkpt lat="30.637463" lon="104.14552">
        <time>2026-05-12T10:47:37Z</time>
      </trkpt>
      <trkpt lat="30.637447" lon="104.14559">
        <time>2026-05-12T10:47:38Z</time>
      </trkpt>
      <trkpt lat="30.637428" lon="104.14567">
        <time>2026-05-12T10:47:39Z</time>
      </trkpt>
      <trkpt lat="30.637411" lon="104.145744">
        <time>2026-05-12T10:47:40Z</time>
      </trkpt>
      <trkpt lat="30.63739" lon="104.14581">
        <time>2026-05-12T10:47:41Z</time>
      </trkpt>
      <trkpt lat="30.637373" lon="104.14589">
        <time>2026-05-12T10:47:42Z</time>
      </trkpt>
      <trkpt lat="30.637358" lon="104.145966">
        <time>2026-05-12T10:47:43Z</time>
      </trkpt>
      <trkpt lat="30.637339" lon="104.14604">
        <time>2026-05-12T10:47:44Z</time>
      </trkpt>
      <trkpt lat="30.637316" lon="104.14611">
        <time>2026-05-12T10:47:45Z</time>
      </trkpt>
      <trkpt lat="30.637299" lon="104.14619">
        <time>2026-05-12T10:47:46Z</time>
      </trkpt>
      <trkpt lat="30.63728" lon="104.146255">
        <time>2026-05-12T10:47:47Z</time>
      </trkpt>
      <trkpt lat="30.637264" lon="104.146324">
        <time>2026-05-12T10:47:48Z</time>
      </trkpt>
      <trkpt lat="30.63725" lon="104.14639">
        <time>2026-05-12T10:47:49Z</time>
      </trkpt>
      <trkpt lat="30.637238" lon="104.146454">
        <time>2026-05-12T10:47:50Z</time>
      </trkpt>
      <trkpt lat="30.63722" lon="104.14652">
        <time>2026-05-12T10:47:51Z</time>
      </trkpt>
      <trkpt lat="30.637201" lon="104.14659">
        <time>2026-05-12T10:47:52Z</time>
      </trkpt>
      <trkpt lat="30.637184" lon="104.14666">
        <time>2026-05-12T10:47:53Z</time>
      </trkpt>
      <trkpt lat="30.637169" lon="104.14672">
        <time>2026-05-12T10:47:54Z</time>
      </trkpt>
      <trkpt lat="30.637148" lon="104.14679">
        <time>2026-05-12T10:47:55Z</time>
      </trkpt>
      <trkpt lat="30.63713" lon="104.14686">
        <time>2026-05-12T10:47:56Z</time>
      </trkpt>
      <trkpt lat="30.637108" lon="104.14694">
        <time>2026-05-12T10:47:57Z</time>
      </trkpt>
      <trkpt lat="30.637093" lon="104.147">
        <time>2026-05-12T10:47:58Z</time>
      </trkpt>
      <trkpt lat="30.637075" lon="104.14707">
        <time>2026-05-12T10:47:59Z</time>
      </trkpt>
      <trkpt lat="30.63706" lon="104.14715">
        <time>2026-05-12T10:48:00Z</time>
      </trkpt>
      <trkpt lat="30.637053" lon="104.147224">
        <time>2026-05-12T10:48:01Z</time>
      </trkpt>
      <trkpt lat="30.637053" lon="104.14731">
        <time>2026-05-12T10:48:02Z</time>
      </trkpt>
      <trkpt lat="30.637047" lon="104.14739">
        <time>2026-05-12T10:48:03Z</time>
      </trkpt>
      <trkpt lat="30.637041" lon="104.14747">
        <time>2026-05-12T10:48:04Z</time>
      </trkpt>
      <trkpt lat="30.637032" lon="104.14754">
        <time>2026-05-12T10:48:05Z</time>
      </trkpt>
      <trkpt lat="30.637022" lon="104.14761">
        <time>2026-05-12T10:48:06Z</time>
      </trkpt>
      <trkpt lat="30.63701" lon="104.14769">
        <time>2026-05-12T10:48:07Z</time>
      </trkpt>
      <trkpt lat="30.636993" lon="104.147766">
        <time>2026-05-12T10:48:08Z</time>
      </trkpt>
      <trkpt lat="30.636972" lon="104.147835">
        <time>2026-05-12T10:48:09Z</time>
      </trkpt>
      <trkpt lat="30.63695" lon="104.1479">
        <time>2026-05-12T10:48:10Z</time>
      </trkpt>
      <trkpt lat="30.63692" lon="104.14798">
        <time>2026-05-12T10:48:11Z</time>
      </trkpt>
      <trkpt lat="30.63688" lon="104.14805">
        <time>2026-05-12T10:48:12Z</time>
      </trkpt>
      <trkpt lat="30.63684" lon="104.14812">
        <time>2026-05-12T10:48:13Z</time>
      </trkpt>
      <trkpt lat="30.6368" lon="104.148186">
        <time>2026-05-12T10:48:14Z</time>
      </trkpt>
      <trkpt lat="30.636765" lon="104.148254">
        <time>2026-05-12T10:48:15Z</time>
      </trkpt>
      <trkpt lat="30.636736" lon="104.14832">
        <time>2026-05-12T10:48:16Z</time>
      </trkpt>
      <trkpt lat="30.636702" lon="104.14839">
        <time>2026-05-12T10:48:17Z</time>
      </trkpt>
      <trkpt lat="30.636667" lon="104.14845">
        <time>2026-05-12T10:48:18Z</time>
      </trkpt>
      <trkpt lat="30.636637" lon="104.148506">
        <time>2026-05-12T10:48:19Z</time>
      </trkpt>
      <trkpt lat="30.63661" lon="104.14856">
        <time>2026-05-12T10:48:20Z</time>
      </trkpt>
      <trkpt lat="30.636587" lon="104.14859">
        <time>2026-05-12T10:48:21Z</time>
      </trkpt>
      <trkpt lat="30.63656" lon="104.14863">
        <time>2026-05-12T10:48:22Z</time>
      </trkpt>
      <trkpt lat="30.63653" lon="104.14865">
        <time>2026-05-12T10:48:23Z</time>
      </trkpt>
      <trkpt lat="30.636497" lon="104.14867">
        <time>2026-05-12T10:48:24Z</time>
      </trkpt>
      <trkpt lat="30.63646" lon="104.1487">
        <time>2026-05-12T10:48:25Z</time>
      </trkpt>
      <trkpt lat="30.636415" lon="104.1487">
        <time>2026-05-12T10:48:26Z</time>
      </trkpt>
      <trkpt lat="30.636372" lon="104.1487">
        <time>2026-05-12T10:48:27Z</time>
      </trkpt>
      <trkpt lat="30.636332" lon="104.14871">
        <time>2026-05-12T10:48:28Z</time>
      </trkpt>
      <trkpt lat="30.636286" lon="104.148705">
        <time>2026-05-12T10:48:29Z</time>
      </trkpt>
      <trkpt lat="30.63623" lon="104.14868">
        <time>2026-05-12T10:48:30Z</time>
      </trkpt>
      <trkpt lat="30.636177" lon="104.14865">
        <time>2026-05-12T10:48:31Z</time>
      </trkpt>
      <trkpt lat="30.636118" lon="104.14861">
        <time>2026-05-12T10:48:32Z</time>
      </trkpt>
      <trkpt lat="30.636059" lon="104.14858">
        <time>2026-05-12T10:48:33Z</time>
      </trkpt>
      <trkpt lat="30.63599" lon="104.14855">
        <time>2026-05-12T10:48:34Z</time>
      </trkpt>
      <trkpt lat="30.635925" lon="104.14851">
        <time>2026-05-12T10:48:35Z</time>
      </trkpt>
      <trkpt lat="30.635859" lon="104.14848">
        <time>2026-05-12T10:48:36Z</time>
      </trkpt>
      <trkpt lat="30.635796" lon="104.14845">
        <time>2026-05-12T10:48:37Z</time>
      </trkpt>
      <trkpt lat="30.635742" lon="104.14842">
        <time>2026-05-12T10:48:38Z</time>
      </trkpt>
      <trkpt lat="30.635695" lon="104.1484">
        <time>2026-05-12T10:48:39Z</time>
      </trkpt>
      <trkpt lat="30.635666" lon="104.148384">
        <time>2026-05-12T10:48:40Z</time>
      </trkpt>
      <trkpt lat="30.635643" lon="104.14837">
        <time>2026-05-12T10:48:41Z</time>
      </trkpt>
      <trkpt lat="30.635622" lon="104.14835">
        <time>2026-05-12T10:48:42Z</time>
      </trkpt>
      <trkpt lat="30.6356" lon="104.14834">
        <time>2026-05-12T10:48:43Z</time>
      </trkpt>
      <trkpt lat="30.635576" lon="104.14834">
        <time>2026-05-12T10:48:44Z</time>
      </trkpt>
      <trkpt lat="30.635569" lon="104.148346">
        <time>2026-05-12T10:48:45Z</time>
      </trkpt>
      <trkpt lat="30.635569" lon="104.148346">
        <time>2026-05-12T10:48:46Z</time>
      </trkpt>
      <trkpt lat="30.635569" lon="104.148346">
        <time>2026-05-12T10:48:47Z</time>
      </trkpt>
      <trkpt lat="30.635569" lon="104.148346">
        <time>2026-05-12T10:48:48Z</time>
      </trkpt>
      <trkpt lat="30.635569" lon="104.148346">
        <time>2026-05-12T10:48:49Z</time>
      </trkpt>
      <trkpt lat="30.635569" lon="104.148346">
        <time>2026-05-12T10:48:50Z</time>
      </trkpt>
      <trkpt lat="30.635569" lon="104.148346">
        <time>2026-05-12T10:48:51Z</time>
      </trkpt>
      <trkpt lat="30.635569" lon="104.148346">
        <time>2026-05-12T10:48:52Z</time>
      </trkpt>
      <trkpt lat="30.635569" lon="104.148346">
        <time>2026-05-12T10:48:53Z</time>
      </trkpt>
      <trkpt lat="30.635569" lon="104.148346">
        <time>2026-05-12T10:48:54Z</time>
      </trkpt>
      <trkpt lat="30.635569" lon="104.148346">
        <time>2026-05-12T10:48:55Z</time>
      </trkpt>
      <trkpt lat="30.635569" lon="104.148346">
        <time>2026-05-12T10:48:56Z</time>
      </trkpt>
      <trkpt lat="30.635569" lon="104.148346">
        <time>2026-05-12T10:48:57Z</time>
      </trkpt>
      <trkpt lat="30.635569" lon="104.148346">
        <time>2026-05-12T10:48:58Z</time>
      </trkpt>
      <trkpt lat="30.635569" lon="104.148346">
        <time>2026-05-12T10:48:59Z</time>
      </trkpt>
      <trkpt lat="30.635569" lon="104.148346">
        <time>2026-05-12T10:49:00Z</time>
      </trkpt>
      <trkpt lat="30.635569" lon="104.148346">
        <time>2026-05-12T10:49:01Z</time>
      </trkpt>
      <trkpt lat="30.635569" lon="104.148346">
        <time>2026-05-12T10:49:02Z</time>
      </trkpt>
      <trkpt lat="30.635569" lon="104.148346">
        <time>2026-05-12T10:49:03Z</time>
      </trkpt>
      <trkpt lat="30.635569" lon="104.148346">
        <time>2026-05-12T10:49:04Z</time>
      </trkpt>
      <trkpt lat="30.635569" lon="104.148346">
        <time>2026-05-12T10:49:05Z</time>
      </trkpt>
      <trkpt lat="30.635569" lon="104.148346">
        <time>2026-05-12T10:49:06Z</time>
      </trkpt>
      <trkpt lat="30.635569" lon="104.148346">
        <time>2026-05-12T10:49:07Z</time>
      </trkpt>
      <trkpt lat="30.635569" lon="104.148346">
        <time>2026-05-12T10:49:08Z</time>
      </trkpt>
      <trkpt lat="30.635569" lon="104.148346">
        <time>2026-05-12T10:49:09Z</time>
      </trkpt>
      <trkpt lat="30.635569" lon="104.148346">
        <time>2026-05-12T10:49:10Z</time>
      </trkpt>
      <trkpt lat="30.635569" lon="104.148346">
        <time>2026-05-12T10:49:11Z</time>
      </trkpt>
      <trkpt lat="30.635569" lon="104.148346">
        <time>2026-05-12T10:49:12Z</time>
      </trkpt>
      <trkpt lat="30.635569" lon="104.148346">
        <time>2026-05-12T10:49:13Z</time>
      </trkpt>
      <trkpt lat="30.635569" lon="104.148346">
        <time>2026-05-12T10:49:14Z</time>
      </trkpt>
      <trkpt lat="30.635569" lon="104.148346">
        <time>2026-05-12T10:49:15Z</time>
      </trkpt>
      <trkpt lat="30.635569" lon="104.148346">
        <time>2026-05-12T10:49:16Z</time>
      </trkpt>
      <trkpt lat="30.635569" lon="104.148346">
        <time>2026-05-12T10:49:17Z</time>
      </trkpt>
      <trkpt lat="30.635569" lon="104.148346">
        <time>2026-05-12T10:49:18Z</time>
      </trkpt>
      <trkpt lat="30.635569" lon="104.148346">
        <time>2026-05-12T10:49:19Z</time>
      </trkpt>
      <trkpt lat="30.635569" lon="104.148346">
        <time>2026-05-12T10:49:20Z</time>
      </trkpt>
      <trkpt lat="30.635569" lon="104.148346">
        <time>2026-05-12T10:49:21Z</time>
      </trkpt>
      <trkpt lat="30.635569" lon="104.148346">
        <time>2026-05-12T10:49:22Z</time>
      </trkpt>
      <trkpt lat="30.635569" lon="104.148346">
        <time>2026-05-12T10:49:23Z</time>
      </trkpt>
      <trkpt lat="30.635569" lon="104.148346">
        <time>2026-05-12T10:49:24Z</time>
      </trkpt>
      <trkpt lat="30.635569" lon="104.148346">
        <time>2026-05-12T10:49:25Z</time>
      </trkpt>
      <trkpt lat="30.635569" lon="104.148346">
        <time>2026-05-12T10:49:26Z</time>
      </trkpt>
      <trkpt lat="30.635569" lon="104.148346">
        <time>2026-05-12T10:49:27Z</time>
      </trkpt>
      <trkpt lat="30.635569" lon="104.148346">
        <time>2026-05-12T10:49:28Z</time>
      </trkpt>
      <trkpt lat="30.635569" lon="104.148346">
        <time>2026-05-12T10:49:29Z</time>
      </trkpt>
      <trkpt lat="30.635569" lon="104.148346">
        <time>2026-05-12T10:49:30Z</time>
      </trkpt>
      <trkpt lat="30.635569" lon="104.148346">
        <time>2026-05-12T10:49:31Z</time>
      </trkpt>
      <trkpt lat="30.635569" lon="104.148346">
        <time>2026-05-12T10:49:32Z</time>
      </trkpt>
      <trkpt lat="30.635569" lon="104.148346">
        <time>2026-05-12T10:49:33Z</time>
      </trkpt>
      <trkpt lat="30.635569" lon="104.148346">
        <time>2026-05-12T10:49:34Z</time>
      </trkpt>
      <trkpt lat="30.635569" lon="104.148346">
        <time>2026-05-12T10:49:35Z</time>
      </trkpt>
      <trkpt lat="30.635569" lon="104.148346">
        <time>2026-05-12T10:49:36Z</time>
      </trkpt>
      <trkpt lat="30.635569" lon="104.148346">
        <time>2026-05-12T10:49:37Z</time>
      </trkpt>
      <trkpt lat="30.635569" lon="104.148346">
        <time>2026-05-12T10:49:38Z</time>
      </trkpt>
      <trkpt lat="30.635569" lon="104.148346">
        <time>2026-05-12T10:49:39Z</time>
      </trkpt>
      <trkpt lat="30.635569" lon="104.148346">
        <time>2026-05-12T10:49:40Z</time>
      </trkpt>
      <trkpt lat="30.635569" lon="104.148346">
        <time>2026-05-12T10:49:41Z</time>
      </trkpt>
      <trkpt lat="30.635569" lon="104.148346">
        <time>2026-05-12T10:49:42Z</time>
      </trkpt>
      <trkpt lat="30.635569" lon="104.148346">
        <time>2026-05-12T10:49:43Z</time>
      </trkpt>
      <trkpt lat="30.635569" lon="104.148346">
        <time>2026-05-12T10:49:44Z</time>
      </trkpt>
      <trkpt lat="30.635569" lon="104.148346">
        <time>2026-05-12T10:49:45Z</time>
      </trkpt>
      <trkpt lat="30.635569" lon="104.148346">
        <time>2026-05-12T10:49:46Z</time>
      </trkpt>
      <trkpt lat="30.635569" lon="104.148346">
        <time>2026-05-12T10:49:47Z</time>
      </trkpt>
      <trkpt lat="30.635569" lon="104.148346">
        <time>2026-05-12T10:49:48Z</time>
      </trkpt>
      <trkpt lat="30.635569" lon="104.148346">
        <time>2026-05-12T10:49:49Z</time>
      </trkpt>
      <trkpt lat="30.635569" lon="104.148346">
        <time>2026-05-12T10:49:50Z</time>
      </trkpt>
      <trkpt lat="30.635569" lon="104.148346">
        <time>2026-05-12T10:49:51Z</time>
      </trkpt>
      <trkpt lat="30.635569" lon="104.148346">
        <time>2026-05-12T10:49:52Z</time>
      </trkpt>
      <trkpt lat="30.635569" lon="104.148346">
        <time>2026-05-12T10:49:53Z</time>
      </trkpt>
      <trkpt lat="30.635569" lon="104.148346">
        <time>2026-05-12T10:49:54Z</time>
      </trkpt>
      <trkpt lat="30.635569" lon="104.148346">
        <time>2026-05-12T10:49:55Z</time>
      </trkpt>
      <trkpt lat="30.635569" lon="104.148346">
        <time>2026-05-12T10:49:56Z</time>
      </trkpt>
      <trkpt lat="30.635569" lon="104.148346">
        <time>2026-05-12T10:49:57Z</time>
      </trkpt>
      <trkpt lat="30.635569" lon="104.148346">
        <time>2026-05-12T10:49:58Z</time>
      </trkpt>
      <trkpt lat="30.635569" lon="104.148346">
        <time>2026-05-12T10:49:59Z</time>
      </trkpt>
      <trkpt lat="30.635569" lon="104.148346">
        <time>2026-05-12T10:50:00Z</time>
      </trkpt>
      <trkpt lat="30.635569" lon="104.148346">
        <time>2026-05-12T10:50:01Z</time>
      </trkpt>
      <trkpt lat="30.635569" lon="104.148346">
        <time>2026-05-12T10:50:02Z</time>
      </trkpt>
      <trkpt lat="30.635569" lon="104.148346">
        <time>2026-05-12T10:50:03Z</time>
      </trkpt>
      <trkpt lat="30.635569" lon="104.148346">
        <time>2026-05-12T10:50:04Z</time>
      </trkpt>
      <trkpt lat="30.635569" lon="104.148346">
        <time>2026-05-12T10:50:05Z</time>
      </trkpt>
      <trkpt lat="30.635569" lon="104.148346">
        <time>2026-05-12T10:50:06Z</time>
      </trkpt>
      <trkpt lat="30.635569" lon="104.148346">
        <time>2026-05-12T10:50:07Z</time>
      </trkpt>
      <trkpt lat="30.635569" lon="104.148346">
        <time>2026-05-12T10:50:08Z</time>
      </trkpt>
      <trkpt lat="30.635569" lon="104.148346">
        <time>2026-05-12T10:50:09Z</time>
      </trkpt>
      <trkpt lat="30.635569" lon="104.148346">
        <time>2026-05-12T10:50:10Z</time>
      </trkpt>
      <trkpt lat="30.635569" lon="104.148346">
        <time>2026-05-12T10:50:11Z</time>
      </trkpt>
      <trkpt lat="30.635569" lon="104.148346">
        <time>2026-05-12T10:50:12Z</time>
      </trkpt>
      <trkpt lat="30.635569" lon="104.148346">
        <time>2026-05-12T10:50:13Z</time>
      </trkpt>
      <trkpt lat="30.635569" lon="104.148346">
        <time>2026-05-12T10:50:14Z</time>
      </trkpt>
      <trkpt lat="30.635569" lon="104.148346">
        <time>2026-05-12T10:50:15Z</time>
      </trkpt>
      <trkpt lat="30.635569" lon="104.148346">
        <time>2026-05-12T10:50:16Z</time>
      </trkpt>
      <trkpt lat="30.635569" lon="104.148346">
        <time>2026-05-12T10:50:17Z</time>
      </trkpt>
      <trkpt lat="30.635569" lon="104.148346">
        <time>2026-05-12T10:50:18Z</time>
      </trkpt>
      <trkpt lat="30.635569" lon="104.148346">
        <time>2026-05-12T10:50:19Z</time>
      </trkpt>
      <trkpt lat="30.635569" lon="104.148346">
        <time>2026-05-12T10:50:20Z</time>
      </trkpt>
      <trkpt lat="30.635569" lon="104.148346">
        <time>2026-05-12T10:50:21Z</time>
      </trkpt>
      <trkpt lat="30.635569" lon="104.148346">
        <time>2026-05-12T10:50:22Z</time>
      </trkpt>
      <trkpt lat="30.635569" lon="104.148346">
        <time>2026-05-12T10:50:23Z</time>
      </trkpt>
      <trkpt lat="30.635569" lon="104.148346">
        <time>2026-05-12T10:50:24Z</time>
      </trkpt>
      <trkpt lat="30.635569" lon="104.148346">
        <time>2026-05-12T10:50:25Z</time>
      </trkpt>
      <trkpt lat="30.635569" lon="104.148346">
        <time>2026-05-12T10:50:26Z</time>
      </trkpt>
      <trkpt lat="30.635569" lon="104.148346">
        <time>2026-05-12T10:50:27Z</time>
      </trkpt>
      <trkpt lat="30.635569" lon="104.148346">
        <time>2026-05-12T10:50:28Z</time>
      </trkpt>
      <trkpt lat="30.635569" lon="104.148346">
        <time>2026-05-12T10:50:29Z</time>
      </trkpt>
      <trkpt lat="30.635569" lon="104.148346">
        <time>2026-05-12T10:50:30Z</time>
      </trkpt>
      <trkpt lat="30.635569" lon="104.148346">
        <time>2026-05-12T10:50:31Z</time>
      </trkpt>
      <trkpt lat="30.635569" lon="104.148346">
        <time>2026-05-12T10:50:32Z</time>
      </trkpt>
      <trkpt lat="30.635569" lon="104.148346">
        <time>2026-05-12T10:50:33Z</time>
      </trkpt>
      <trkpt lat="30.635569" lon="104.148346">
        <time>2026-05-12T10:50:34Z</time>
      </trkpt>
      <trkpt lat="30.635569" lon="104.148346">
        <time>2026-05-12T10:50:35Z</time>
      </trkpt>
      <trkpt lat="30.635569" lon="104.148346">
        <time>2026-05-12T10:50:36Z</time>
      </trkpt>
      <trkpt lat="30.635569" lon="104.148346">
        <time>2026-05-12T10:50:37Z</time>
      </trkpt>
      <trkpt lat="30.635569" lon="104.148346">
        <time>2026-05-12T10:50:38Z</time>
      </trkpt>
      <trkpt lat="30.635569" lon="104.148346">
        <time>2026-05-12T10:50:39Z</time>
      </trkpt>
      <trkpt lat="30.635569" lon="104.148346">
        <time>2026-05-12T10:50:40Z</time>
      </trkpt>
      <trkpt lat="30.63556" lon="104.14838">
        <time>2026-05-12T10:50:41Z</time>
      </trkpt>
      <trkpt lat="30.635551" lon="104.14839">
        <time>2026-05-12T10:50:42Z</time>
      </trkpt>
      <trkpt lat="30.635542" lon="104.14841">
        <time>2026-05-12T10:50:43Z</time>
      </trkpt>
      <trkpt lat="30.635532" lon="104.14842">
        <time>2026-05-12T10:50:44Z</time>
      </trkpt>
      <trkpt lat="30.63552" lon="104.148445">
        <time>2026-05-12T10:50:45Z</time>
      </trkpt>
      <trkpt lat="30.63551" lon="104.148476">
        <time>2026-05-12T10:50:46Z</time>
      </trkpt>
      <trkpt lat="30.635494" lon="104.14851">
        <time>2026-05-12T10:50:47Z</time>
      </trkpt>
      <trkpt lat="30.635475" lon="104.148544">
        <time>2026-05-12T10:50:48Z</time>
      </trkpt>
      <trkpt lat="30.635431" lon="104.14863">
        <time>2026-05-12T10:50:49Z</time>
      </trkpt>
      <trkpt lat="30.635408" lon="104.148674">
        <time>2026-05-12T10:50:50Z</time>
      </trkpt>
      <trkpt lat="30.635384" lon="104.14873">
        <time>2026-05-12T10:50:52Z</time>
      </trkpt>
      <trkpt lat="30.635359" lon="104.14878">
        <time>2026-05-12T10:50:53Z</time>
      </trkpt>
      <trkpt lat="30.635338" lon="104.14883">
        <time>2026-05-12T10:50:54Z</time>
      </trkpt>
      <trkpt lat="30.635323" lon="104.14887">
        <time>2026-05-12T10:50:55Z</time>
      </trkpt>
      <trkpt lat="30.63531" lon="104.14892">
        <time>2026-05-12T10:50:56Z</time>
      </trkpt>
      <trkpt lat="30.635294" lon="104.14897">
        <time>2026-05-12T10:50:57Z</time>
      </trkpt>
      <trkpt lat="30.635283" lon="104.14902">
        <time>2026-05-12T10:50:58Z</time>
      </trkpt>
      <trkpt lat="30.635275" lon="104.14907">
        <time>2026-05-12T10:50:59Z</time>
      </trkpt>
      <trkpt lat="30.63527" lon="104.14911">
        <time>2026-05-12T10:51:00Z</time>
      </trkpt>
      <trkpt lat="30.63527" lon="104.14913">
        <time>2026-05-12T10:51:01Z</time>
      </trkpt>
      <trkpt lat="30.635267" lon="104.149155">
        <time>2026-05-12T10:51:02Z</time>
      </trkpt>
      <trkpt lat="30.635267" lon="104.14917">
        <time>2026-05-12T10:51:03Z</time>
      </trkpt>
      <trkpt lat="30.63527" lon="104.14919">
        <time>2026-05-12T10:51:04Z</time>
      </trkpt>
      <trkpt lat="30.635271" lon="104.149216">
        <time>2026-05-12T10:51:05Z</time>
      </trkpt>
      <trkpt lat="30.635273" lon="104.14924">
        <time>2026-05-12T10:51:06Z</time>
      </trkpt>
      <trkpt lat="30.635286" lon="104.14926">
        <time>2026-05-12T10:51:07Z</time>
      </trkpt>
      <trkpt lat="30.635305" lon="104.149284">
        <time>2026-05-12T10:51:08Z</time>
      </trkpt>
      <trkpt lat="30.63533" lon="104.1493">
        <time>2026-05-12T10:51:09Z</time>
      </trkpt>
      <trkpt lat="30.635366" lon="104.14933">
        <time>2026-05-12T10:51:10Z</time>
      </trkpt>
      <trkpt lat="30.635408" lon="104.14936">
        <time>2026-05-12T10:51:11Z</time>
      </trkpt>
      <trkpt lat="30.635454" lon="104.149376">
        <time>2026-05-12T10:51:12Z</time>
      </trkpt>
      <trkpt lat="30.635494" lon="104.14938">
        <time>2026-05-12T10:51:13Z</time>
      </trkpt>
      <trkpt lat="30.635538" lon="104.1494">
        <time>2026-05-12T10:51:14Z</time>
      </trkpt>
      <trkpt lat="30.635582" lon="104.14942">
        <time>2026-05-12T10:51:15Z</time>
      </trkpt>
      <trkpt lat="30.635624" lon="104.149445">
        <time>2026-05-12T10:51:16Z</time>
      </trkpt>
      <trkpt lat="30.635658" lon="104.14947">
        <time>2026-05-12T10:51:17Z</time>
      </trkpt>
      <trkpt lat="30.6357" lon="104.14948">
        <time>2026-05-12T10:51:18Z</time>
      </trkpt>
      <trkpt lat="30.635736" lon="104.149506">
        <time>2026-05-12T10:51:19Z</time>
      </trkpt>
      <trkpt lat="30.635778" lon="104.14952">
        <time>2026-05-12T10:51:20Z</time>
      </trkpt>
      <trkpt lat="30.635818" lon="104.149536">
        <time>2026-05-12T10:51:21Z</time>
      </trkpt>
      <trkpt lat="30.635855" lon="104.14956">
        <time>2026-05-12T10:51:22Z</time>
      </trkpt>
      <trkpt lat="30.635891" lon="104.14959">
        <time>2026-05-12T10:51:23Z</time>
      </trkpt>
      <trkpt lat="30.635918" lon="104.149635">
        <time>2026-05-12T10:51:24Z</time>
      </trkpt>
      <trkpt lat="30.63595" lon="104.14967">
        <time>2026-05-12T10:51:25Z</time>
      </trkpt>
      <trkpt lat="30.635956" lon="104.14973">
        <time>2026-05-12T10:51:26Z</time>
      </trkpt>
      <trkpt lat="30.635942" lon="104.149796">
        <time>2026-05-12T10:51:27Z</time>
      </trkpt>
      <trkpt lat="30.635916" lon="104.149864">
        <time>2026-05-12T10:51:28Z</time>
      </trkpt>
      <trkpt lat="30.635885" lon="104.14994">
        <time>2026-05-12T10:51:29Z</time>
      </trkpt>
      <trkpt lat="30.635859" lon="104.150024">
        <time>2026-05-12T10:51:30Z</time>
      </trkpt>
      <trkpt lat="30.63583" lon="104.1501">
        <time>2026-05-12T10:51:31Z</time>
      </trkpt>
      <trkpt lat="30.635807" lon="104.15018">
        <time>2026-05-12T10:51:32Z</time>
      </trkpt>
      <trkpt lat="30.635786" lon="104.15025">
        <time>2026-05-12T10:51:33Z</time>
      </trkpt>
      <trkpt lat="30.635763" lon="104.15032">
        <time>2026-05-12T10:51:34Z</time>
      </trkpt>
      <trkpt lat="30.635742" lon="104.15038">
        <time>2026-05-12T10:51:35Z</time>
      </trkpt>
      <trkpt lat="30.635725" lon="104.15045">
        <time>2026-05-12T10:51:36Z</time>
      </trkpt>
      <trkpt lat="30.635706" lon="104.150505">
        <time>2026-05-12T10:51:37Z</time>
      </trkpt>
      <trkpt lat="30.635683" lon="104.15056">
        <time>2026-05-12T10:51:38Z</time>
      </trkpt>
      <trkpt lat="30.635666" lon="104.15061">
        <time>2026-05-12T10:51:39Z</time>
      </trkpt>
      <trkpt lat="30.635643" lon="104.15067">
        <time>2026-05-12T10:51:40Z</time>
      </trkpt>
      <trkpt lat="30.635626" lon="104.150734">
        <time>2026-05-12T10:51:41Z</time>
      </trkpt>
      <trkpt lat="30.635607" lon="104.15079">
        <time>2026-05-12T10:51:42Z</time>
      </trkpt>
      <trkpt lat="30.635588" lon="104.15085">
        <time>2026-05-12T10:51:43Z</time>
      </trkpt>
      <trkpt lat="30.635576" lon="104.1509">
        <time>2026-05-12T10:51:44Z</time>
      </trkpt>
      <trkpt lat="30.635563" lon="104.150955">
        <time>2026-05-12T10:51:45Z</time>
      </trkpt>
      <trkpt lat="30.635546" lon="104.15101">
        <time>2026-05-12T10:51:46Z</time>
      </trkpt>
      <trkpt lat="30.635525" lon="104.15107">
        <time>2026-05-12T10:51:47Z</time>
      </trkpt>
      <trkpt lat="30.635504" lon="104.15112">
        <time>2026-05-12T10:51:48Z</time>
      </trkpt>
      <trkpt lat="30.635479" lon="104.15118">
        <time>2026-05-12T10:51:49Z</time>
      </trkpt>
      <trkpt lat="30.635456" lon="104.151215">
        <time>2026-05-12T10:51:50Z</time>
      </trkpt>
      <trkpt lat="30.635439" lon="104.15125">
        <time>2026-05-12T10:51:51Z</time>
      </trkpt>
      <trkpt lat="30.635422" lon="104.1513">
        <time>2026-05-12T10:51:52Z</time>
      </trkpt>
      <trkpt lat="30.635406" lon="104.15134">
        <time>2026-05-12T10:51:53Z</time>
      </trkpt>
      <trkpt lat="30.635391" lon="104.151375">
        <time>2026-05-12T10:51:54Z</time>
      </trkpt>
      <trkpt lat="30.635376" lon="104.15141">
        <time>2026-05-12T10:51:55Z</time>
      </trkpt>
      <trkpt lat="30.63536" lon="104.15145">
        <time>2026-05-12T10:51:56Z</time>
      </trkpt>
      <trkpt lat="30.635347" lon="104.15149">
        <time>2026-05-12T10:51:57Z</time>
      </trkpt>
      <trkpt lat="30.635332" lon="104.151535">
        <time>2026-05-12T10:51:58Z</time>
      </trkpt>
      <trkpt lat="30.635315" lon="104.15158">
        <time>2026-05-12T10:51:59Z</time>
      </trkpt>
      <trkpt lat="30.635296" lon="104.15163">
        <time>2026-05-12T10:52:00Z</time>
      </trkpt>
      <trkpt lat="30.635277" lon="104.151665">
        <time>2026-05-12T10:52:01Z</time>
      </trkpt>
      <trkpt lat="30.63526" lon="104.151695">
        <time>2026-05-12T10:52:02Z</time>
      </trkpt>
      <trkpt lat="30.63524" lon="104.151726">
        <time>2026-05-12T10:52:03Z</time>
      </trkpt>
      <trkpt lat="30.63523" lon="104.15175">
        <time>2026-05-12T10:52:04Z</time>
      </trkpt>
      <trkpt lat="30.635216" lon="104.15177">
        <time>2026-05-12T10:52:05Z</time>
      </trkpt>
      <trkpt lat="30.635204" lon="104.15179">
        <time>2026-05-12T10:52:06Z</time>
      </trkpt>
      <trkpt lat="30.635199" lon="104.15181">
        <time>2026-05-12T10:52:07Z</time>
      </trkpt>
      <trkpt lat="30.635181" lon="104.15183">
        <time>2026-05-12T10:52:08Z</time>
      </trkpt>
      <trkpt lat="30.635166" lon="104.15186">
        <time>2026-05-12T10:52:09Z</time>
      </trkpt>
      <trkpt lat="30.63515" lon="104.151886">
        <time>2026-05-12T10:52:10Z</time>
      </trkpt>
      <trkpt lat="30.63514" lon="104.15191">
        <time>2026-05-12T10:52:11Z</time>
      </trkpt>
      <trkpt lat="30.635132" lon="104.15193">
        <time>2026-05-12T10:52:12Z</time>
      </trkpt>
      <trkpt lat="30.635124" lon="104.15195">
        <time>2026-05-12T10:52:13Z</time>
      </trkpt>
      <trkpt lat="30.635115" lon="104.15196">
        <time>2026-05-12T10:52:14Z</time>
      </trkpt>
      <trkpt lat="30.635107" lon="104.151985">
        <time>2026-05-12T10:52:15Z</time>
      </trkpt>
      <trkpt lat="30.635098" lon="104.15202">
        <time>2026-05-12T10:52:16Z</time>
      </trkpt>
      <trkpt lat="30.635086" lon="104.152054">
        <time>2026-05-12T10:52:17Z</time>
      </trkpt>
      <trkpt lat="30.63507" lon="104.152084">
        <time>2026-05-12T10:52:18Z</time>
      </trkpt>
      <trkpt lat="30.635057" lon="104.152115">
        <time>2026-05-12T10:52:19Z</time>
      </trkpt>
      <trkpt lat="30.635048" lon="104.152145">
        <time>2026-05-12T10:52:20Z</time>
      </trkpt>
      <trkpt lat="30.635036" lon="104.15217">
        <time>2026-05-12T10:52:21Z</time>
      </trkpt>
      <trkpt lat="30.635023" lon="104.1522">
        <time>2026-05-12T10:52:22Z</time>
      </trkpt>
      <trkpt lat="30.63501" lon="104.15222">
        <time>2026-05-12T10:52:23Z</time>
      </trkpt>
      <trkpt lat="30.634998" lon="104.15226">
        <time>2026-05-12T10:52:24Z</time>
      </trkpt>
      <trkpt lat="30.63498" lon="104.1523">
        <time>2026-05-12T10:52:25Z</time>
      </trkpt>
      <trkpt lat="30.634966" lon="104.15233">
        <time>2026-05-12T10:52:26Z</time>
      </trkpt>
      <trkpt lat="30.634945" lon="104.15238">
        <time>2026-05-12T10:52:27Z</time>
      </trkpt>
      <trkpt lat="30.634926" lon="104.15243">
        <time>2026-05-12T10:52:28Z</time>
      </trkpt>
      <trkpt lat="30.634905" lon="104.15247">
        <time>2026-05-12T10:52:29Z</time>
      </trkpt>
      <trkpt lat="30.63488" lon="104.15253">
        <time>2026-05-12T10:52:30Z</time>
      </trkpt>
      <trkpt lat="30.63486" lon="104.152565">
        <time>2026-05-12T10:52:31Z</time>
      </trkpt>
      <trkpt lat="30.634846" lon="104.15261">
        <time>2026-05-12T10:52:32Z</time>
      </trkpt>
      <trkpt lat="30.63483" lon="104.152664">
        <time>2026-05-12T10:52:33Z</time>
      </trkpt>
      <trkpt lat="30.634813" lon="104.15272">
        <time>2026-05-12T10:52:34Z</time>
      </trkpt>
      <trkpt lat="30.634798" lon="104.152756">
        <time>2026-05-12T10:52:35Z</time>
      </trkpt>
      <trkpt lat="30.634783" lon="104.1528">
        <time>2026-05-12T10:52:36Z</time>
      </trkpt>
      <trkpt lat="30.634762" lon="104.15285">
        <time>2026-05-12T10:52:37Z</time>
      </trkpt>
      <trkpt lat="30.63474" lon="104.152885">
        <time>2026-05-12T10:52:38Z</time>
      </trkpt>
      <trkpt lat="30.634712" lon="104.15293">
        <time>2026-05-12T10:52:39Z</time>
      </trkpt>
      <trkpt lat="30.63469" lon="104.152985">
        <time>2026-05-12T10:52:40Z</time>
      </trkpt>
      <trkpt lat="30.63467" lon="104.15303">
        <time>2026-05-12T10:52:41Z</time>
      </trkpt>
      <trkpt lat="30.634651" lon="104.15308">
        <time>2026-05-12T10:52:42Z</time>
      </trkpt>
      <trkpt lat="30.634628" lon="104.15313">
        <time>2026-05-12T10:52:43Z</time>
      </trkpt>
      <trkpt lat="30.634607" lon="104.153175">
        <time>2026-05-12T10:52:44Z</time>
      </trkpt>
      <trkpt lat="30.634588" lon="104.15322">
        <time>2026-05-12T10:52:45Z</time>
      </trkpt>
      <trkpt lat="30.634567" lon="104.15327">
        <time>2026-05-12T10:52:46Z</time>
      </trkpt>
      <trkpt lat="30.634554" lon="104.15331">
        <time>2026-05-12T10:52:47Z</time>
      </trkpt>
      <trkpt lat="30.634539" lon="104.153366">
        <time>2026-05-12T10:52:48Z</time>
      </trkpt>
      <trkpt lat="30.63452" lon="104.15342">
        <time>2026-05-12T10:52:49Z</time>
      </trkpt>
      <trkpt lat="30.6345" lon="104.15347">
        <time>2026-05-12T10:52:50Z</time>
      </trkpt>
      <trkpt lat="30.634476" lon="104.15352">
        <time>2026-05-12T10:52:51Z</time>
      </trkpt>
      <trkpt lat="30.634453" lon="104.15357">
        <time>2026-05-12T10:52:52Z</time>
      </trkpt>
      <trkpt lat="30.634438" lon="104.153625">
        <time>2026-05-12T10:52:53Z</time>
      </trkpt>
      <trkpt lat="30.634424" lon="104.15368">
        <time>2026-05-12T10:52:54Z</time>
      </trkpt>
      <trkpt lat="30.63441" lon="104.15373">
        <time>2026-05-12T10:52:55Z</time>
      </trkpt>
      <trkpt lat="30.63439" lon="104.153786">
        <time>2026-05-12T10:52:56Z</time>
      </trkpt>
      <trkpt lat="30.634365" lon="104.15384">
        <time>2026-05-12T10:52:57Z</time>
      </trkpt>
      <trkpt lat="30.634344" lon="104.153885">
        <time>2026-05-12T10:52:58Z</time>
      </trkpt>
      <trkpt lat="30.634325" lon="104.153946">
        <time>2026-05-12T10:52:59Z</time>
      </trkpt>
      <trkpt lat="30.634304" lon="104.154">
        <time>2026-05-12T10:53:00Z</time>
      </trkpt>
      <trkpt lat="30.634285" lon="104.15405">
        <time>2026-05-12T10:53:01Z</time>
      </trkpt>
      <trkpt lat="30.634272" lon="104.154106">
        <time>2026-05-12T10:53:02Z</time>
      </trkpt>
      <trkpt lat="30.634253" lon="104.15415">
        <time>2026-05-12T10:53:03Z</time>
      </trkpt>
      <trkpt lat="30.634233" lon="104.154205">
        <time>2026-05-12T10:53:04Z</time>
      </trkpt>
      <trkpt lat="30.634212" lon="104.15427">
        <time>2026-05-12T10:53:05Z</time>
      </trkpt>
      <trkpt lat="30.63419" lon="104.15432">
        <time>2026-05-12T10:53:06Z</time>
      </trkpt>
      <trkpt lat="30.634172" lon="104.15437">
        <time>2026-05-12T10:53:07Z</time>
      </trkpt>
      <trkpt lat="30.634155" lon="104.15443">
        <time>2026-05-12T10:53:08Z</time>
      </trkpt>
      <trkpt lat="30.634136" lon="104.15449">
        <time>2026-05-12T10:53:09Z</time>
      </trkpt>
      <trkpt lat="30.63412" lon="104.15455">
        <time>2026-05-12T10:53:10Z</time>
      </trkpt>
      <trkpt lat="30.634104" lon="104.1546">
        <time>2026-05-12T10:53:11Z</time>
      </trkpt>
      <trkpt lat="30.634085" lon="104.15466">
        <time>2026-05-12T10:53:12Z</time>
      </trkpt>
      <trkpt lat="30.634064" lon="104.15473">
        <time>2026-05-12T10:53:13Z</time>
      </trkpt>
      <trkpt lat="30.63404" lon="104.1548">
        <time>2026-05-12T10:53:14Z</time>
      </trkpt>
      <trkpt lat="30.634016" lon="104.15486">
        <time>2026-05-12T10:53:15Z</time>
      </trkpt>
      <trkpt lat="30.633991" lon="104.15494">
        <time>2026-05-12T10:53:16Z</time>
      </trkpt>
      <trkpt lat="30.63396" lon="104.155014">
        <time>2026-05-12T10:53:17Z</time>
      </trkpt>
      <trkpt lat="30.633936" lon="104.15509">
        <time>2026-05-12T10:53:18Z</time>
      </trkpt>
      <trkpt lat="30.633911" lon="104.15517">
        <time>2026-05-12T10:53:19Z</time>
      </trkpt>
      <trkpt lat="30.633883" lon="104.15524">
        <time>2026-05-12T10:53:20Z</time>
      </trkpt>
      <trkpt lat="30.63385" lon="104.15533">
        <time>2026-05-12T10:53:21Z</time>
      </trkpt>
      <trkpt lat="30.633818" lon="104.15541">
        <time>2026-05-12T10:53:22Z</time>
      </trkpt>
      <trkpt lat="30.63379" lon="104.155495">
        <time>2026-05-12T10:53:23Z</time>
      </trkpt>
      <trkpt lat="30.633755" lon="104.15559">
        <time>2026-05-12T10:53:24Z</time>
      </trkpt>
      <trkpt lat="30.633724" lon="104.15567">
        <time>2026-05-12T10:53:25Z</time>
      </trkpt>
      <trkpt lat="30.63369" lon="104.15576">
        <time>2026-05-12T10:53:26Z</time>
      </trkpt>
      <trkpt lat="30.633657" lon="104.155846">
        <time>2026-05-12T10:53:27Z</time>
      </trkpt>
      <trkpt lat="30.633621" lon="104.15594">
        <time>2026-05-12T10:53:28Z</time>
      </trkpt>
      <trkpt lat="30.633581" lon="104.15603">
        <time>2026-05-12T10:53:29Z</time>
      </trkpt>
      <trkpt lat="30.633547" lon="104.15612">
        <time>2026-05-12T10:53:30Z</time>
      </trkpt>
      <trkpt lat="30.633509" lon="104.15622">
        <time>2026-05-12T10:53:31Z</time>
      </trkpt>
      <trkpt lat="30.633474" lon="104.15632">
        <time>2026-05-12T10:53:32Z</time>
      </trkpt>
      <trkpt lat="30.633436" lon="104.15642">
        <time>2026-05-12T10:53:33Z</time>
      </trkpt>
      <trkpt lat="30.633398" lon="104.15652">
        <time>2026-05-12T10:53:34Z</time>
      </trkpt>
      <trkpt lat="30.633362" lon="104.15661">
        <time>2026-05-12T10:53:35Z</time>
      </trkpt>
      <trkpt lat="30.633326" lon="104.1567">
        <time>2026-05-12T10:53:36Z</time>
      </trkpt>
      <trkpt lat="30.633287" lon="104.15679">
        <time>2026-05-12T10:53:37Z</time>
      </trkpt>
      <trkpt lat="30.633247" lon="104.156876">
        <time>2026-05-12T10:53:38Z</time>
      </trkpt>
      <trkpt lat="30.6332" lon="104.15696">
        <time>2026-05-12T10:53:39Z</time>
      </trkpt>
      <trkpt lat="30.633156" lon="104.15704">
        <time>2026-05-12T10:53:40Z</time>
      </trkpt>
      <trkpt lat="30.633114" lon="104.157135">
        <time>2026-05-12T10:53:41Z</time>
      </trkpt>
      <trkpt lat="30.633068" lon="104.15722">
        <time>2026-05-12T10:53:42Z</time>
      </trkpt>
      <trkpt lat="30.633022" lon="104.15731">
        <time>2026-05-12T10:53:43Z</time>
      </trkpt>
      <trkpt lat="30.63298" lon="104.1574">
        <time>2026-05-12T10:53:44Z</time>
      </trkpt>
      <trkpt lat="30.632944" lon="104.157486">
        <time>2026-05-12T10:53:45Z</time>
      </trkpt>
      <trkpt lat="30.632908" lon="104.15756">
        <time>2026-05-12T10:53:46Z</time>
      </trkpt>
      <trkpt lat="30.632875" lon="104.15764">
        <time>2026-05-12T10:53:47Z</time>
      </trkpt>
      <trkpt lat="30.632847" lon="104.1577">
        <time>2026-05-12T10:53:48Z</time>
      </trkpt>
      <trkpt lat="30.632826" lon="104.15775">
        <time>2026-05-12T10:53:49Z</time>
      </trkpt>
      <trkpt lat="30.632805" lon="104.1578">
        <time>2026-05-12T10:53:50Z</time>
      </trkpt>
      <trkpt lat="30.632792" lon="104.15784">
        <time>2026-05-12T10:53:51Z</time>
      </trkpt>
      <trkpt lat="30.632772" lon="104.157875">
        <time>2026-05-12T10:53:52Z</time>
      </trkpt>
      <trkpt lat="30.632746" lon="104.15791">
        <time>2026-05-12T10:53:53Z</time>
      </trkpt>
      <trkpt lat="30.632715" lon="104.15794">
        <time>2026-05-12T10:53:54Z</time>
      </trkpt>
      <trkpt lat="30.63268" lon="104.15798">
        <time>2026-05-12T10:53:55Z</time>
      </trkpt>
      <trkpt lat="30.632648" lon="104.15802">
        <time>2026-05-12T10:53:56Z</time>
      </trkpt>
      <trkpt lat="30.632624" lon="104.158066">
        <time>2026-05-12T10:53:57Z</time>
      </trkpt>
      <trkpt lat="30.632603" lon="104.15812">
        <time>2026-05-12T10:53:58Z</time>
      </trkpt>
      <trkpt lat="30.632586" lon="104.15817">
        <time>2026-05-12T10:53:59Z</time>
      </trkpt>
      <trkpt lat="30.632568" lon="104.158226">
        <time>2026-05-12T10:54:00Z</time>
      </trkpt>
      <trkpt lat="30.632555" lon="104.15828">
        <time>2026-05-12T10:54:01Z</time>
      </trkpt>
      <trkpt lat="30.63255" lon="104.15834">
        <time>2026-05-12T10:54:02Z</time>
      </trkpt>
      <trkpt lat="30.632532" lon="104.1584">
        <time>2026-05-12T10:54:03Z</time>
      </trkpt>
      <trkpt lat="30.632513" lon="104.15846">
        <time>2026-05-12T10:54:04Z</time>
      </trkpt>
      <trkpt lat="30.632486" lon="104.15851">
        <time>2026-05-12T10:54:05Z</time>
      </trkpt>
      <trkpt lat="30.632458" lon="104.158554">
        <time>2026-05-12T10:54:06Z</time>
      </trkpt>
      <trkpt lat="30.63243" lon="104.158615">
        <time>2026-05-12T10:54:07Z</time>
      </trkpt>
      <trkpt lat="30.632395" lon="104.15867">
        <time>2026-05-12T10:54:08Z</time>
      </trkpt>
      <trkpt lat="30.632364" lon="104.15872">
        <time>2026-05-12T10:54:09Z</time>
      </trkpt>
      <trkpt lat="30.632326" lon="104.15877">
        <time>2026-05-12T10:54:10Z</time>
      </trkpt>
      <trkpt lat="30.632296" lon="104.15881">
        <time>2026-05-12T10:54:11Z</time>
      </trkpt>
      <trkpt lat="30.632265" lon="104.15887">
        <time>2026-05-12T10:54:12Z</time>
      </trkpt>
      <trkpt lat="30.632235" lon="104.15892">
        <time>2026-05-12T10:54:13Z</time>
      </trkpt>
      <trkpt lat="30.632208" lon="104.15897">
        <time>2026-05-12T10:54:14Z</time>
      </trkpt>
      <trkpt lat="30.63218" lon="104.159035">
        <time>2026-05-12T10:54:15Z</time>
      </trkpt>
      <trkpt lat="30.632153" lon="104.15909">
        <time>2026-05-12T10:54:16Z</time>
      </trkpt>
      <trkpt lat="30.632122" lon="104.15915">
        <time>2026-05-12T10:54:17Z</time>
      </trkpt>
      <trkpt lat="30.632093" lon="104.1592">
        <time>2026-05-12T10:54:18Z</time>
      </trkpt>
      <trkpt lat="30.632067" lon="104.159256">
        <time>2026-05-12T10:54:19Z</time>
      </trkpt>
      <trkpt lat="30.632046" lon="104.15931">
        <time>2026-05-12T10:54:20Z</time>
      </trkpt>
      <trkpt lat="30.63202" lon="104.15937">
        <time>2026-05-12T10:54:21Z</time>
      </trkpt>
      <trkpt lat="30.631994" lon="104.15943">
        <time>2026-05-12T10:54:22Z</time>
      </trkpt>
      <trkpt lat="30.63197" lon="104.159485">
        <time>2026-05-12T10:54:23Z</time>
      </trkpt>
      <trkpt lat="30.631943" lon="104.15955">
        <time>2026-05-12T10:54:24Z</time>
      </trkpt>
      <trkpt lat="30.631916" lon="104.159615">
        <time>2026-05-12T10:54:25Z</time>
      </trkpt>
      <trkpt lat="30.631886" lon="104.15967">
        <time>2026-05-12T10:54:26Z</time>
      </trkpt>
      <trkpt lat="30.631855" lon="104.15972">
        <time>2026-05-12T10:54:27Z</time>
      </trkpt>
      <trkpt lat="30.631824" lon="104.15978">
        <time>2026-05-12T10:54:28Z</time>
      </trkpt>
      <trkpt lat="30.631798" lon="104.15984">
        <time>2026-05-12T10:54:29Z</time>
      </trkpt>
      <trkpt lat="30.63177" lon="104.159904">
        <time>2026-05-12T10:54:30Z</time>
      </trkpt>
      <trkpt lat="30.63174" lon="104.159966">
        <time>2026-05-12T10:54:31Z</time>
      </trkpt>
      <trkpt lat="30.63171" lon="104.16002">
        <time>2026-05-12T10:54:32Z</time>
      </trkpt>
      <trkpt lat="30.63168" lon="104.16008">
        <time>2026-05-12T10:54:33Z</time>
      </trkpt>
      <trkpt lat="30.63165" lon="104.16014">
        <time>2026-05-12T10:54:34Z</time>
      </trkpt>
      <trkpt lat="30.631622" lon="104.1602">
        <time>2026-05-12T10:54:35Z</time>
      </trkpt>
      <trkpt lat="30.63159" lon="104.16026">
        <time>2026-05-12T10:54:36Z</time>
      </trkpt>
      <trkpt lat="30.631561" lon="104.16033">
        <time>2026-05-12T10:54:37Z</time>
      </trkpt>
      <trkpt lat="30.63153" lon="104.160385">
        <time>2026-05-12T10:54:38Z</time>
      </trkpt>
      <trkpt lat="30.6315" lon="104.160446">
        <time>2026-05-12T10:54:39Z</time>
      </trkpt>
      <trkpt lat="30.63147" lon="104.16051">
        <time>2026-05-12T10:54:40Z</time>
      </trkpt>
      <trkpt lat="30.631441" lon="104.16056">
        <time>2026-05-12T10:54:41Z</time>
      </trkpt>
      <trkpt lat="30.631413" lon="104.16062">
        <time>2026-05-12T10:54:42Z</time>
      </trkpt>
      <trkpt lat="30.631388" lon="104.160675">
        <time>2026-05-12T10:54:43Z</time>
      </trkpt>
      <trkpt lat="30.631363" lon="104.160736">
        <time>2026-05-12T10:54:44Z</time>
      </trkpt>
      <trkpt lat="30.631332" lon="104.16079">
        <time>2026-05-12T10:54:45Z</time>
      </trkpt>
      <trkpt lat="30.631304" lon="104.160835">
        <time>2026-05-12T10:54:46Z</time>
      </trkpt>
      <trkpt lat="30.631275" lon="104.16089">
        <time>2026-05-12T10:54:47Z</time>
      </trkpt>
      <trkpt lat="30.631252" lon="104.16095">
        <time>2026-05-12T10:54:48Z</time>
      </trkpt>
      <trkpt lat="30.631227" lon="104.161">
        <time>2026-05-12T10:54:49Z</time>
      </trkpt>
      <trkpt lat="30.6312" lon="104.16106">
        <time>2026-05-12T10:54:50Z</time>
      </trkpt>
      <trkpt lat="30.631174" lon="104.16111">
        <time>2026-05-12T10:54:51Z</time>
      </trkpt>
      <trkpt lat="30.631147" lon="104.16116">
        <time>2026-05-12T10:54:52Z</time>
      </trkpt>
      <trkpt lat="30.631123" lon="104.16122">
        <time>2026-05-12T10:54:53Z</time>
      </trkpt>
      <trkpt lat="30.631096" lon="104.16127">
        <time>2026-05-12T10:54:54Z</time>
      </trkpt>
      <trkpt lat="30.63107" lon="104.16132">
        <time>2026-05-12T10:54:55Z</time>
      </trkpt>
      <trkpt lat="30.63104" lon="104.16138">
        <time>2026-05-12T10:54:56Z</time>
      </trkpt>
      <trkpt lat="30.631014" lon="104.16143">
        <time>2026-05-12T10:54:57Z</time>
      </trkpt>
      <trkpt lat="30.630985" lon="104.161476">
        <time>2026-05-12T10:54:58Z</time>
      </trkpt>
      <trkpt lat="30.630959" lon="104.16153">
        <time>2026-05-12T10:54:59Z</time>
      </trkpt>
      <trkpt lat="30.630932" lon="104.161575">
        <time>2026-05-12T10:55:00Z</time>
      </trkpt>
      <trkpt lat="30.630909" lon="104.16163">
        <time>2026-05-12T10:55:01Z</time>
      </trkpt>
      <trkpt lat="30.630884" lon="104.16168">
        <time>2026-05-12T10:55:02Z</time>
      </trkpt>
      <trkpt lat="30.630857" lon="104.16173">
        <time>2026-05-12T10:55:03Z</time>
      </trkpt>
      <trkpt lat="30.630836" lon="104.16178">
        <time>2026-05-12T10:55:04Z</time>
      </trkpt>
      <trkpt lat="30.630817" lon="104.161835">
        <time>2026-05-12T10:55:05Z</time>
      </trkpt>
      <trkpt lat="30.630793" lon="104.16189">
        <time>2026-05-12T10:55:06Z</time>
      </trkpt>
      <trkpt lat="30.630768" lon="104.16194">
        <time>2026-05-12T10:55:07Z</time>
      </trkpt>
      <trkpt lat="30.630743" lon="104.161995">
        <time>2026-05-12T10:55:08Z</time>
      </trkpt>
      <trkpt lat="30.630718" lon="104.162056">
        <time>2026-05-12T10:55:09Z</time>
      </trkpt>
      <trkpt lat="30.630686" lon="104.16211">
        <time>2026-05-12T10:55:10Z</time>
      </trkpt>
      <trkpt lat="30.63066" lon="104.16216">
        <time>2026-05-12T10:55:11Z</time>
      </trkpt>
      <trkpt lat="30.630636" lon="104.162224">
        <time>2026-05-12T10:55:12Z</time>
      </trkpt>
      <trkpt lat="30.630611" lon="104.16228">
        <time>2026-05-12T10:55:13Z</time>
      </trkpt>
      <trkpt lat="30.630583" lon="104.16234">
        <time>2026-05-12T10:55:14Z</time>
      </trkpt>
      <trkpt lat="30.630554" lon="104.16239">
        <time>2026-05-12T10:55:15Z</time>
      </trkpt>
      <trkpt lat="30.630518" lon="104.162445">
        <time>2026-05-12T10:55:16Z</time>
      </trkpt>
      <trkpt lat="30.630484" lon="104.16249">
        <time>2026-05-12T10:55:17Z</time>
      </trkpt>
      <trkpt lat="30.63045" lon="104.162544">
        <time>2026-05-12T10:55:18Z</time>
      </trkpt>
      <trkpt lat="30.630419" lon="104.16259">
        <time>2026-05-12T10:55:19Z</time>
      </trkpt>
      <trkpt lat="30.630386" lon="104.16264">
        <time>2026-05-12T10:55:20Z</time>
      </trkpt>
      <trkpt lat="30.630354" lon="104.16268">
        <time>2026-05-12T10:55:21Z</time>
      </trkpt>
      <trkpt lat="30.630322" lon="104.162735">
        <time>2026-05-12T10:55:22Z</time>
      </trkpt>
      <trkpt lat="30.630293" lon="104.16278">
        <time>2026-05-12T10:55:23Z</time>
      </trkpt>
      <trkpt lat="30.630264" lon="104.16283">
        <time>2026-05-12T10:55:24Z</time>
      </trkpt>
      <trkpt lat="30.630236" lon="104.16287">
        <time>2026-05-12T10:55:25Z</time>
      </trkpt>
      <trkpt lat="30.63021" lon="104.16292">
        <time>2026-05-12T10:55:26Z</time>
      </trkpt>
      <trkpt lat="30.630186" lon="104.162964">
        <time>2026-05-12T10:55:27Z</time>
      </trkpt>
      <trkpt lat="30.630161" lon="104.16302">
        <time>2026-05-12T10:55:28Z</time>
      </trkpt>
      <trkpt lat="30.630138" lon="104.16306">
        <time>2026-05-12T10:55:29Z</time>
      </trkpt>
      <trkpt lat="30.630117" lon="104.16312">
        <time>2026-05-12T10:55:30Z</time>
      </trkpt>
      <trkpt lat="30.6301" lon="104.16317">
        <time>2026-05-12T10:55:31Z</time>
      </trkpt>
      <trkpt lat="30.63008" lon="104.163216">
        <time>2026-05-12T10:55:32Z</time>
      </trkpt>
      <trkpt lat="30.630058" lon="104.16327">
        <time>2026-05-12T10:55:33Z</time>
      </trkpt>
      <trkpt lat="30.630033" lon="104.163315">
        <time>2026-05-12T10:55:34Z</time>
      </trkpt>
      <trkpt lat="30.630009" lon="104.16337">
        <time>2026-05-12T10:55:35Z</time>
      </trkpt>
      <trkpt lat="30.629984" lon="104.163414">
        <time>2026-05-12T10:55:36Z</time>
      </trkpt>
      <trkpt lat="30.62996" lon="104.16347">
        <time>2026-05-12T10:55:37Z</time>
      </trkpt>
      <trkpt lat="30.629934" lon="104.16351">
        <time>2026-05-12T10:55:38Z</time>
      </trkpt>
      <trkpt lat="30.629908" lon="104.16357">
        <time>2026-05-12T10:55:39Z</time>
      </trkpt>
      <trkpt lat="30.629883" lon="104.16361">
        <time>2026-05-12T10:55:40Z</time>
      </trkpt>
      <trkpt lat="30.629862" lon="104.16366">
        <time>2026-05-12T10:55:41Z</time>
      </trkpt>
      <trkpt lat="30.62984" lon="104.163704">
        <time>2026-05-12T10:55:42Z</time>
      </trkpt>
      <trkpt lat="30.629818" lon="104.16375">
        <time>2026-05-12T10:55:43Z</time>
      </trkpt>
      <trkpt lat="30.629793" lon="104.163795">
        <time>2026-05-12T10:55:44Z</time>
      </trkpt>
      <trkpt lat="30.629772" lon="104.16384">
        <time>2026-05-12T10:55:45Z</time>
      </trkpt>
      <trkpt lat="30.629747" lon="104.16389">
        <time>2026-05-12T10:55:46Z</time>
      </trkpt>
      <trkpt lat="30.629726" lon="104.16393">
        <time>2026-05-12T10:55:47Z</time>
      </trkpt>
      <trkpt lat="30.629702" lon="104.16398">
        <time>2026-05-12T10:55:48Z</time>
      </trkpt>
      <trkpt lat="30.629679" lon="104.164024">
        <time>2026-05-12T10:55:49Z</time>
      </trkpt>
      <trkpt lat="30.629654" lon="104.16407">
        <time>2026-05-12T10:55:50Z</time>
      </trkpt>
      <trkpt lat="30.629631" lon="104.16412">
        <time>2026-05-12T10:55:51Z</time>
      </trkpt>
      <trkpt lat="30.62961" lon="104.16417">
        <time>2026-05-12T10:55:52Z</time>
      </trkpt>
      <trkpt lat="30.62959" lon="104.164215">
        <time>2026-05-12T10:55:53Z</time>
      </trkpt>
      <trkpt lat="30.62957" lon="104.16426">
        <time>2026-05-12T10:55:54Z</time>
      </trkpt>
      <trkpt lat="30.62955" lon="104.16431">
        <time>2026-05-12T10:55:55Z</time>
      </trkpt>
      <trkpt lat="30.629534" lon="104.16436">
        <time>2026-05-12T10:55:56Z</time>
      </trkpt>
      <trkpt lat="30.629515" lon="104.164406">
        <time>2026-05-12T10:55:57Z</time>
      </trkpt>
      <trkpt lat="30.629498" lon="104.16445">
        <time>2026-05-12T10:55:58Z</time>
      </trkpt>
      <trkpt lat="30.629482" lon="104.1645">
        <time>2026-05-12T10:55:59Z</time>
      </trkpt>
      <trkpt lat="30.629463" lon="104.16454">
        <time>2026-05-12T10:56:00Z</time>
      </trkpt>
      <trkpt lat="30.629444" lon="104.16459">
        <time>2026-05-12T10:56:01Z</time>
      </trkpt>
      <trkpt lat="30.629421" lon="104.164635">
        <time>2026-05-12T10:56:02Z</time>
      </trkpt>
      <trkpt lat="30.6294" lon="104.16469">
        <time>2026-05-12T10:56:03Z</time>
      </trkpt>
      <trkpt lat="30.629377" lon="104.164734">
        <time>2026-05-12T10:56:04Z</time>
      </trkpt>
      <trkpt lat="30.629353" lon="104.16478">
        <time>2026-05-12T10:56:05Z</time>
      </trkpt>
      <trkpt lat="30.629332" lon="104.164825">
        <time>2026-05-12T10:56:06Z</time>
      </trkpt>
      <trkpt lat="30.62931" lon="104.16487">
        <time>2026-05-12T10:56:07Z</time>
      </trkpt>
      <trkpt lat="30.629288" lon="104.16492">
        <time>2026-05-12T10:56:08Z</time>
      </trkpt>
      <trkpt lat="30.629267" lon="104.16496">
        <time>2026-05-12T10:56:09Z</time>
      </trkpt>
      <trkpt lat="30.629242" lon="104.16501">
        <time>2026-05-12T10:56:10Z</time>
      </trkpt>
      <trkpt lat="30.62922" lon="104.165054">
        <time>2026-05-12T10:56:11Z</time>
      </trkpt>
      <trkpt lat="30.629198" lon="104.1651">
        <time>2026-05-12T10:56:12Z</time>
      </trkpt>
      <trkpt lat="30.629175" lon="104.165146">
        <time>2026-05-12T10:56:13Z</time>
      </trkpt>
      <trkpt lat="30.629152" lon="104.16519">
        <time>2026-05-12T10:56:14Z</time>
      </trkpt>
      <trkpt lat="30.629131" lon="104.16524">
        <time>2026-05-12T10:56:15Z</time>
      </trkpt>
      <trkpt lat="30.62911" lon="104.165276">
        <time>2026-05-12T10:56:16Z</time>
      </trkpt>
      <trkpt lat="30.62909" lon="104.16532">
        <time>2026-05-12T10:56:17Z</time>
      </trkpt>
      <trkpt lat="30.629072" lon="104.16537">
        <time>2026-05-12T10:56:18Z</time>
      </trkpt>
      <trkpt lat="30.62905" lon="104.165405">
        <time>2026-05-12T10:56:19Z</time>
      </trkpt>
      <trkpt lat="30.629032" lon="104.16544">
        <time>2026-05-12T10:56:20Z</time>
      </trkpt>
      <trkpt lat="30.629013" lon="104.16548">
        <time>2026-05-12T10:56:21Z</time>
      </trkpt>
      <trkpt lat="30.628988" lon="104.16552">
        <time>2026-05-12T10:56:22Z</time>
      </trkpt>
      <trkpt lat="30.628962" lon="104.16556">
        <time>2026-05-12T10:56:23Z</time>
      </trkpt>
      <trkpt lat="30.628939" lon="104.165596">
        <time>2026-05-12T10:56:24Z</time>
      </trkpt>
      <trkpt lat="30.628916" lon="104.16563">
        <time>2026-05-12T10:56:25Z</time>
      </trkpt>
      <trkpt lat="30.628893" lon="104.165665">
        <time>2026-05-12T10:56:26Z</time>
      </trkpt>
      <trkpt lat="30.628872" lon="104.16571">
        <time>2026-05-12T10:56:27Z</time>
      </trkpt>
      <trkpt lat="30.628847" lon="104.16575">
        <time>2026-05-12T10:56:28Z</time>
      </trkpt>
      <trkpt lat="30.628822" lon="104.16579">
        <time>2026-05-12T10:56:29Z</time>
      </trkpt>
      <trkpt lat="30.628792" lon="104.16585">
        <time>2026-05-12T10:56:30Z</time>
      </trkpt>
      <trkpt lat="30.628763" lon="104.1659">
        <time>2026-05-12T10:56:31Z</time>
      </trkpt>
      <trkpt lat="30.628729" lon="104.16597">
        <time>2026-05-12T10:56:32Z</time>
      </trkpt>
      <trkpt lat="30.62869" lon="104.16604">
        <time>2026-05-12T10:56:33Z</time>
      </trkpt>
      <trkpt lat="30.628654" lon="104.16611">
        <time>2026-05-12T10:56:34Z</time>
      </trkpt>
      <trkpt lat="30.628616" lon="104.16615">
        <time>2026-05-12T10:56:35Z</time>
      </trkpt>
      <trkpt lat="30.62858" lon="104.166214">
        <time>2026-05-12T10:56:36Z</time>
      </trkpt>
      <trkpt lat="30.628544" lon="104.166275">
        <time>2026-05-12T10:56:37Z</time>
      </trkpt>
      <trkpt lat="30.628508" lon="104.16633">
        <time>2026-05-12T10:56:38Z</time>
      </trkpt>
      <trkpt lat="30.628473" lon="104.16638">
        <time>2026-05-12T10:56:39Z</time>
      </trkpt>
      <trkpt lat="30.62844" lon="104.16644">
        <time>2026-05-12T10:56:40Z</time>
      </trkpt>
      <trkpt lat="30.62841" lon="104.166504">
        <time>2026-05-12T10:56:41Z</time>
      </trkpt>
      <trkpt lat="30.628384" lon="104.16656">
        <time>2026-05-12T10:56:42Z</time>
      </trkpt>
      <trkpt lat="30.628365" lon="104.166595">
        <time>2026-05-12T10:56:43Z</time>
      </trkpt>
      <trkpt lat="30.628344" lon="104.16664">
        <time>2026-05-12T10:56:44Z</time>
      </trkpt>
      <trkpt lat="30.628315" lon="104.1667">
        <time>2026-05-12T10:56:45Z</time>
      </trkpt>
      <trkpt lat="30.628286" lon="104.166756">
        <time>2026-05-12T10:56:46Z</time>
      </trkpt>
      <trkpt lat="30.628254" lon="104.166824">
        <time>2026-05-12T10:56:47Z</time>
      </trkpt>
      <trkpt lat="30.62823" lon="104.16689">
        <time>2026-05-12T10:56:48Z</time>
      </trkpt>
      <trkpt lat="30.628206" lon="104.166954">
        <time>2026-05-12T10:56:49Z</time>
      </trkpt>
      <trkpt lat="30.628183" lon="104.167015">
        <time>2026-05-12T10:56:50Z</time>
      </trkpt>
      <trkpt lat="30.628162" lon="104.16708">
        <time>2026-05-12T10:56:51Z</time>
      </trkpt>
      <trkpt lat="30.628138" lon="104.167145">
        <time>2026-05-12T10:56:52Z</time>
      </trkpt>
      <trkpt lat="30.628113" lon="104.16721">
        <time>2026-05-12T10:56:53Z</time>
      </trkpt>
      <trkpt lat="30.628096" lon="104.16728">
        <time>2026-05-12T10:56:54Z</time>
      </trkpt>
      <trkpt lat="30.62807" lon="104.16735">
        <time>2026-05-12T10:56:55Z</time>
      </trkpt>
      <trkpt lat="30.628044" lon="104.16741">
        <time>2026-05-12T10:56:56Z</time>
      </trkpt>
      <trkpt lat="30.628008" lon="104.16747">
        <time>2026-05-12T10:56:57Z</time>
      </trkpt>
      <trkpt lat="30.62797" lon="104.16753">
        <time>2026-05-12T10:56:58Z</time>
      </trkpt>
      <trkpt lat="30.627937" lon="104.16758">
        <time>2026-05-12T10:56:59Z</time>
      </trkpt>
      <trkpt lat="30.627901" lon="104.16763">
        <time>2026-05-12T10:57:00Z</time>
      </trkpt>
      <trkpt lat="30.62788" lon="104.16769">
        <time>2026-05-12T10:57:01Z</time>
      </trkpt>
      <trkpt lat="30.62786" lon="104.16774">
        <time>2026-05-12T10:57:02Z</time>
      </trkpt>
      <trkpt lat="30.627846" lon="104.167786">
        <time>2026-05-12T10:57:03Z</time>
      </trkpt>
      <trkpt lat="30.627827" lon="104.16783">
        <time>2026-05-12T10:57:04Z</time>
      </trkpt>
      <trkpt lat="30.62781" lon="104.16788">
        <time>2026-05-12T10:57:05Z</time>
      </trkpt>
      <trkpt lat="30.627792" lon="104.167915">
        <time>2026-05-12T10:57:06Z</time>
      </trkpt>
      <trkpt lat="30.627768" lon="104.16796">
        <time>2026-05-12T10:57:07Z</time>
      </trkpt>
      <trkpt lat="30.627745" lon="104.16801">
        <time>2026-05-12T10:57:08Z</time>
      </trkpt>
      <trkpt lat="30.627724" lon="104.168045">
        <time>2026-05-12T10:57:09Z</time>
      </trkpt>
      <trkpt lat="30.627703" lon="104.16808">
        <time>2026-05-12T10:57:10Z</time>
      </trkpt>
      <trkpt lat="30.627686" lon="104.16812">
        <time>2026-05-12T10:57:11Z</time>
      </trkpt>
      <trkpt lat="30.62767" lon="104.16815">
        <time>2026-05-12T10:57:12Z</time>
      </trkpt>
      <trkpt lat="30.627651" lon="104.16819">
        <time>2026-05-12T10:57:13Z</time>
      </trkpt>
      <trkpt lat="30.62763" lon="104.168236">
        <time>2026-05-12T10:57:14Z</time>
      </trkpt>
      <trkpt lat="30.627602" lon="104.16828">
        <time>2026-05-12T10:57:15Z</time>
      </trkpt>
      <trkpt lat="30.62757" lon="104.16831">
        <time>2026-05-12T10:57:16Z</time>
      </trkpt>
      <trkpt lat="30.627542" lon="104.16834">
        <time>2026-05-12T10:57:17Z</time>
      </trkpt>
      <trkpt lat="30.627512" lon="104.16837">
        <time>2026-05-12T10:57:18Z</time>
      </trkpt>
      <trkpt lat="30.62749" lon="104.16842">
        <time>2026-05-12T10:57:19Z</time>
      </trkpt>
      <trkpt lat="30.62747" lon="104.16846">
        <time>2026-05-12T10:57:20Z</time>
      </trkpt>
      <trkpt lat="30.627457" lon="104.168495">
        <time>2026-05-12T10:57:21Z</time>
      </trkpt>
      <trkpt lat="30.627443" lon="104.16854">
        <time>2026-05-12T10:57:22Z</time>
      </trkpt>
      <trkpt lat="30.627424" lon="104.16859">
        <time>2026-05-12T10:57:23Z</time>
      </trkpt>
      <trkpt lat="30.627407" lon="104.168625">
        <time>2026-05-12T10:57:24Z</time>
      </trkpt>
      <trkpt lat="30.627388" lon="104.16867">
        <time>2026-05-12T10:57:25Z</time>
      </trkpt>
      <trkpt lat="30.627367" lon="104.16871">
        <time>2026-05-12T10:57:26Z</time>
      </trkpt>
      <trkpt lat="30.627342" lon="104.168755">
        <time>2026-05-12T10:57:27Z</time>
      </trkpt>
      <trkpt lat="30.627317" lon="104.16879">
        <time>2026-05-12T10:57:28Z</time>
      </trkpt>
      <trkpt lat="30.627293" lon="104.16884">
        <time>2026-05-12T10:57:29Z</time>
      </trkpt>
      <trkpt lat="30.627268" lon="104.168884">
        <time>2026-05-12T10:57:30Z</time>
      </trkpt>
      <trkpt lat="30.627241" lon="104.16893">
        <time>2026-05-12T10:57:31Z</time>
      </trkpt>
      <trkpt lat="30.627214" lon="104.16897">
        <time>2026-05-12T10:57:32Z</time>
      </trkpt>
      <trkpt lat="30.627192" lon="104.169014">
        <time>2026-05-12T10:57:33Z</time>
      </trkpt>
      <trkpt lat="30.627165" lon="104.16905">
        <time>2026-05-12T10:57:34Z</time>
      </trkpt>
      <trkpt lat="30.627142" lon="104.169106">
        <time>2026-05-12T10:57:35Z</time>
      </trkpt>
      <trkpt lat="30.62712" lon="104.16915">
        <time>2026-05-12T10:57:36Z</time>
      </trkpt>
      <trkpt lat="30.627094" lon="104.1692">
        <time>2026-05-12T10:57:37Z</time>
      </trkpt>
      <trkpt lat="30.627068" lon="104.16924">
        <time>2026-05-12T10:57:38Z</time>
      </trkpt>
      <trkpt lat="30.62704" lon="104.16929">
        <time>2026-05-12T10:57:39Z</time>
      </trkpt>
      <trkpt lat="30.627014" lon="104.169334">
        <time>2026-05-12T10:57:40Z</time>
      </trkpt>
      <trkpt lat="30.626986" lon="104.16938">
        <time>2026-05-12T10:57:41Z</time>
      </trkpt>
      <trkpt lat="30.626955" lon="104.169426">
        <time>2026-05-12T10:57:42Z</time>
      </trkpt>
      <trkpt lat="30.626932" lon="104.16947">
        <time>2026-05-12T10:57:43Z</time>
      </trkpt>
      <trkpt lat="30.62691" lon="104.169525">
        <time>2026-05-12T10:57:44Z</time>
      </trkpt>
      <trkpt lat="30.626886" lon="104.16958">
        <time>2026-05-12T10:57:45Z</time>
      </trkpt>
      <trkpt lat="30.626862" lon="104.169624">
        <time>2026-05-12T10:57:46Z</time>
      </trkpt>
      <trkpt lat="30.626839" lon="104.16967">
        <time>2026-05-12T10:57:47Z</time>
      </trkpt>
      <trkpt lat="30.626816" lon="104.16972">
        <time>2026-05-12T10:57:48Z</time>
      </trkpt>
      <trkpt lat="30.626797" lon="104.16977">
        <time>2026-05-12T10:57:49Z</time>
      </trkpt>
      <trkpt lat="30.626774" lon="104.16982">
        <time>2026-05-12T10:57:50Z</time>
      </trkpt>
      <trkpt lat="30.62675" lon="104.16987">
        <time>2026-05-12T10:57:51Z</time>
      </trkpt>
      <trkpt lat="30.626724" lon="104.169914">
        <time>2026-05-12T10:57:52Z</time>
      </trkpt>
      <trkpt lat="30.626698" lon="104.16996">
        <time>2026-05-12T10:57:53Z</time>
      </trkpt>
      <trkpt lat="30.62667" lon="104.17">
        <time>2026-05-12T10:57:54Z</time>
      </trkpt>
      <trkpt lat="30.626642" lon="104.170044">
        <time>2026-05-12T10:57:55Z</time>
      </trkpt>
      <trkpt lat="30.62661" lon="104.17009">
        <time>2026-05-12T10:57:56Z</time>
      </trkpt>
      <trkpt lat="30.62658" lon="104.170135">
        <time>2026-05-12T10:57:57Z</time>
      </trkpt>
      <trkpt lat="30.626556" lon="104.17019">
        <time>2026-05-12T10:57:58Z</time>
      </trkpt>
      <trkpt lat="30.626535" lon="104.17024">
        <time>2026-05-12T10:57:59Z</time>
      </trkpt>
      <trkpt lat="30.626513" lon="104.170296">
        <time>2026-05-12T10:58:00Z</time>
      </trkpt>
      <trkpt lat="30.626486" lon="104.17034">
        <time>2026-05-12T10:58:01Z</time>
      </trkpt>
      <trkpt lat="30.62646" lon="104.170395">
        <time>2026-05-12T10:58:02Z</time>
      </trkpt>
      <trkpt lat="30.626436" lon="104.17045">
        <time>2026-05-12T10:58:03Z</time>
      </trkpt>
      <trkpt lat="30.62642" lon="104.1705">
        <time>2026-05-12T10:58:04Z</time>
      </trkpt>
      <trkpt lat="30.626406" lon="104.170555">
        <time>2026-05-12T10:58:05Z</time>
      </trkpt>
      <trkpt lat="30.626385" lon="104.170616">
        <time>2026-05-12T10:58:06Z</time>
      </trkpt>
      <trkpt lat="30.626366" lon="104.17067">
        <time>2026-05-12T10:58:07Z</time>
      </trkpt>
      <trkpt lat="30.62634" lon="104.17072">
        <time>2026-05-12T10:58:08Z</time>
      </trkpt>
      <trkpt lat="30.626318" lon="104.17078">
        <time>2026-05-12T10:58:09Z</time>
      </trkpt>
      <trkpt lat="30.626299" lon="104.17084">
        <time>2026-05-12T10:58:10Z</time>
      </trkpt>
      <trkpt lat="30.626276" lon="104.1709">
        <time>2026-05-12T10:58:11Z</time>
      </trkpt>
      <trkpt lat="30.626255" lon="104.17095">
        <time>2026-05-12T10:58:12Z</time>
      </trkpt>
      <trkpt lat="30.626234" lon="104.17101">
        <time>2026-05-12T10:58:13Z</time>
      </trkpt>
      <trkpt lat="30.62621" lon="104.17108">
        <time>2026-05-12T10:58:14Z</time>
      </trkpt>
      <trkpt lat="30.626183" lon="104.17114">
        <time>2026-05-12T10:58:15Z</time>
      </trkpt>
      <trkpt lat="30.62616" lon="104.17121">
        <time>2026-05-12T10:58:16Z</time>
      </trkpt>
      <trkpt lat="30.62614" lon="104.17127">
        <time>2026-05-12T10:58:17Z</time>
      </trkpt>
      <trkpt lat="30.626118" lon="104.17135">
        <time>2026-05-12T10:58:18Z</time>
      </trkpt>
      <trkpt lat="30.626095" lon="104.17142">
        <time>2026-05-12T10:58:19Z</time>
      </trkpt>
      <trkpt lat="30.626072" lon="104.17149">
        <time>2026-05-12T10:58:20Z</time>
      </trkpt>
      <trkpt lat="30.62605" lon="104.17157">
        <time>2026-05-12T10:58:21Z</time>
      </trkpt>
      <trkpt lat="30.626034" lon="104.171646">
        <time>2026-05-12T10:58:22Z</time>
      </trkpt>
      <trkpt lat="30.626013" lon="104.17172">
        <time>2026-05-12T10:58:23Z</time>
      </trkpt>
      <trkpt lat="30.625992" lon="104.1718">
        <time>2026-05-12T10:58:24Z</time>
      </trkpt>
      <trkpt lat="30.625967" lon="104.17187">
        <time>2026-05-12T10:58:25Z</time>
      </trkpt>
      <trkpt lat="30.625942" lon="104.17194">
        <time>2026-05-12T10:58:26Z</time>
      </trkpt>
      <trkpt lat="30.625914" lon="104.17202">
        <time>2026-05-12T10:58:27Z</time>
      </trkpt>
      <trkpt lat="30.625889" lon="104.17209">
        <time>2026-05-12T10:58:28Z</time>
      </trkpt>
      <trkpt lat="30.625866" lon="104.172165">
        <time>2026-05-12T10:58:29Z</time>
      </trkpt>
      <trkpt lat="30.62584" lon="104.17224">
        <time>2026-05-12T10:58:30Z</time>
      </trkpt>
      <trkpt lat="30.625813" lon="104.17231">
        <time>2026-05-12T10:58:31Z</time>
      </trkpt>
      <trkpt lat="30.62579" lon="104.172386">
        <time>2026-05-12T10:58:32Z</time>
      </trkpt>
      <trkpt lat="30.625765" lon="104.172455">
        <time>2026-05-12T10:58:33Z</time>
      </trkpt>
      <trkpt lat="30.625738" lon="104.17253">
        <time>2026-05-12T10:58:34Z</time>
      </trkpt>
      <trkpt lat="30.62571" lon="104.1726">
        <time>2026-05-12T10:58:35Z</time>
      </trkpt>
      <trkpt lat="30.625685" lon="104.172676">
        <time>2026-05-12T10:58:36Z</time>
      </trkpt>
      <trkpt lat="30.625658" lon="104.172745">
        <time>2026-05-12T10:58:37Z</time>
      </trkpt>
      <trkpt lat="30.625635" lon="104.17282">
        <time>2026-05-12T10:58:38Z</time>
      </trkpt>
      <trkpt lat="30.625608" lon="104.17289">
        <time>2026-05-12T10:58:39Z</time>
      </trkpt>
      <trkpt lat="30.625584" lon="104.172966">
        <time>2026-05-12T10:58:40Z</time>
      </trkpt>
      <trkpt lat="30.625555" lon="104.173035">
        <time>2026-05-12T10:58:41Z</time>
      </trkpt>
      <trkpt lat="30.625526" lon="104.1731">
        <time>2026-05-12T10:58:42Z</time>
      </trkpt>
      <trkpt lat="30.625502" lon="104.17317">
        <time>2026-05-12T10:58:43Z</time>
      </trkpt>
      <trkpt lat="30.62548" lon="104.17324">
        <time>2026-05-12T10:58:44Z</time>
      </trkpt>
      <trkpt lat="30.625458" lon="104.17332">
        <time>2026-05-12T10:58:45Z</time>
      </trkpt>
      <trkpt lat="30.625439" lon="104.173386">
        <time>2026-05-12T10:58:46Z</time>
      </trkpt>
      <trkpt lat="30.625414" lon="104.17346">
        <time>2026-05-12T10:58:47Z</time>
      </trkpt>
      <trkpt lat="30.62539" lon="104.17353">
        <time>2026-05-12T10:58:48Z</time>
      </trkpt>
      <trkpt lat="30.625364" lon="104.1736">
        <time>2026-05-12T10:58:49Z</time>
      </trkpt>
      <trkpt lat="30.62534" lon="104.17367">
        <time>2026-05-12T10:58:50Z</time>
      </trkpt>
      <trkpt lat="30.625313" lon="104.173744">
        <time>2026-05-12T10:58:51Z</time>
      </trkpt>
      <trkpt lat="30.625286" lon="104.17381">
        <time>2026-05-12T10:58:52Z</time>
      </trkpt>
      <trkpt lat="30.625257" lon="104.17388">
        <time>2026-05-12T10:58:53Z</time>
      </trkpt>
      <trkpt lat="30.62523" lon="104.17395">
        <time>2026-05-12T10:58:54Z</time>
      </trkpt>
      <trkpt lat="30.625204" lon="104.17403">
        <time>2026-05-12T10:58:55Z</time>
      </trkpt>
      <trkpt lat="30.625177" lon="104.174095">
        <time>2026-05-12T10:58:56Z</time>
      </trkpt>
      <trkpt lat="30.625153" lon="104.17417">
        <time>2026-05-12T10:58:57Z</time>
      </trkpt>
      <trkpt lat="30.625126" lon="104.17424">
        <time>2026-05-12T10:58:58Z</time>
      </trkpt>
      <trkpt lat="30.625097" lon="104.17432">
        <time>2026-05-12T10:58:59Z</time>
      </trkpt>
      <trkpt lat="30.62507" lon="104.174385">
        <time>2026-05-12T10:59:00Z</time>
      </trkpt>
      <trkpt lat="30.625042" lon="104.17446">
        <time>2026-05-12T10:59:01Z</time>
      </trkpt>
      <trkpt lat="30.625015" lon="104.17453">
        <time>2026-05-12T10:59:02Z</time>
      </trkpt>
      <trkpt lat="30.624985" lon="104.1746">
        <time>2026-05-12T10:59:03Z</time>
      </trkpt>
      <trkpt lat="30.624958" lon="104.174675">
        <time>2026-05-12T10:59:04Z</time>
      </trkpt>
      <trkpt lat="30.624935" lon="104.17474">
        <time>2026-05-12T10:59:05Z</time>
      </trkpt>
      <trkpt lat="30.624912" lon="104.17482">
        <time>2026-05-12T10:59:06Z</time>
      </trkpt>
      <trkpt lat="30.624884" lon="104.17489">
        <time>2026-05-12T10:59:07Z</time>
      </trkpt>
      <trkpt lat="30.624859" lon="104.174965">
        <time>2026-05-12T10:59:08Z</time>
      </trkpt>
      <trkpt lat="30.624836" lon="104.17503">
        <time>2026-05-12T10:59:09Z</time>
      </trkpt>
      <trkpt lat="30.624815" lon="104.17511">
        <time>2026-05-12T10:59:10Z</time>
      </trkpt>
      <trkpt lat="30.624796" lon="104.17518">
        <time>2026-05-12T10:59:11Z</time>
      </trkpt>
      <trkpt lat="30.624775" lon="104.175255">
        <time>2026-05-12T10:59:12Z</time>
      </trkpt>
      <trkpt lat="30.624756" lon="104.17533">
        <time>2026-05-12T10:59:13Z</time>
      </trkpt>
      <trkpt lat="30.62473" lon="104.1754">
        <time>2026-05-12T10:59:14Z</time>
      </trkpt>
      <trkpt lat="30.624702" lon="104.175476">
        <time>2026-05-12T10:59:15Z</time>
      </trkpt>
      <trkpt lat="30.624672" lon="104.175545">
        <time>2026-05-12T10:59:16Z</time>
      </trkpt>
      <trkpt lat="30.624643" lon="104.17562">
        <time>2026-05-12T10:59:17Z</time>
      </trkpt>
      <trkpt lat="30.624615" lon="104.1757">
        <time>2026-05-12T10:59:18Z</time>
      </trkpt>
      <trkpt lat="30.624586" lon="104.17577">
        <time>2026-05-12T10:59:19Z</time>
      </trkpt>
      <trkpt lat="30.624557" lon="104.17586">
        <time>2026-05-12T10:59:20Z</time>
      </trkpt>
      <trkpt lat="30.624529" lon="104.175934">
        <time>2026-05-12T10:59:21Z</time>
      </trkpt>
      <trkpt lat="30.6245" lon="104.17601">
        <time>2026-05-12T10:59:22Z</time>
      </trkpt>
      <trkpt lat="30.624474" lon="104.176094">
        <time>2026-05-12T10:59:23Z</time>
      </trkpt>
      <trkpt lat="30.624447" lon="104.17618">
        <time>2026-05-12T10:59:24Z</time>
      </trkpt>
      <trkpt lat="30.624422" lon="104.176254">
        <time>2026-05-12T10:59:25Z</time>
      </trkpt>
      <trkpt lat="30.624393" lon="104.17634">
        <time>2026-05-12T10:59:26Z</time>
      </trkpt>
      <trkpt lat="30.624363" lon="104.17642">
        <time>2026-05-12T10:59:27Z</time>
      </trkpt>
      <trkpt lat="30.624332" lon="104.1765">
        <time>2026-05-12T10:59:28Z</time>
      </trkpt>
      <trkpt lat="30.6243" lon="104.17658">
        <time>2026-05-12T10:59:29Z</time>
      </trkpt>
      <trkpt lat="30.624268" lon="104.17666">
        <time>2026-05-12T10:59:30Z</time>
      </trkpt>
      <trkpt lat="30.624239" lon="104.17674">
        <time>2026-05-12T10:59:31Z</time>
      </trkpt>
      <trkpt lat="30.624208" lon="104.17683">
        <time>2026-05-12T10:59:32Z</time>
      </trkpt>
      <trkpt lat="30.62418" lon="104.17691">
        <time>2026-05-12T10:59:33Z</time>
      </trkpt>
      <trkpt lat="30.62415" lon="104.176994">
        <time>2026-05-12T10:59:34Z</time>
      </trkpt>
      <trkpt lat="30.62412" lon="104.17708">
        <time>2026-05-12T10:59:35Z</time>
      </trkpt>
      <trkpt lat="30.624092" lon="104.17716">
        <time>2026-05-12T10:59:36Z</time>
      </trkpt>
      <trkpt lat="30.624062" lon="104.177246">
        <time>2026-05-12T10:59:37Z</time>
      </trkpt>
      <trkpt lat="30.624031" lon="104.17733">
        <time>2026-05-12T10:59:38Z</time>
      </trkpt>
      <trkpt lat="30.624002" lon="104.177414">
        <time>2026-05-12T10:59:39Z</time>
      </trkpt>
      <trkpt lat="30.623972" lon="104.1775">
        <time>2026-05-12T10:59:40Z</time>
      </trkpt>
      <trkpt lat="30.623943" lon="104.17758">
        <time>2026-05-12T10:59:41Z</time>
      </trkpt>
      <trkpt lat="30.62391" lon="104.177666">
        <time>2026-05-12T10:59:42Z</time>
      </trkpt>
      <trkpt lat="30.623884" lon="104.17775">
        <time>2026-05-12T10:59:43Z</time>
      </trkpt>
      <trkpt lat="30.623856" lon="104.17783">
        <time>2026-05-12T10:59:44Z</time>
      </trkpt>
      <trkpt lat="30.623827" lon="104.17791">
        <time>2026-05-12T10:59:45Z</time>
      </trkpt>
      <trkpt lat="30.623796" lon="104.177986">
        <time>2026-05-12T10:59:46Z</time>
      </trkpt>
      <trkpt lat="30.623768" lon="104.17806">
        <time>2026-05-12T10:59:47Z</time>
      </trkpt>
      <trkpt lat="30.623741" lon="104.17814">
        <time>2026-05-12T10:59:48Z</time>
      </trkpt>
      <trkpt lat="30.623713" lon="104.178215">
        <time>2026-05-12T10:59:49Z</time>
      </trkpt>
      <trkpt lat="30.623684" lon="104.17828">
        <time>2026-05-12T10:59:50Z</time>
      </trkpt>
      <trkpt lat="30.623655" lon="104.17835">
        <time>2026-05-12T10:59:51Z</time>
      </trkpt>
      <trkpt lat="30.623629" lon="104.17842">
        <time>2026-05-12T10:59:52Z</time>
      </trkpt>
      <trkpt lat="30.623604" lon="104.17848">
        <time>2026-05-12T10:59:53Z</time>
      </trkpt>
      <trkpt lat="30.62358" lon="104.17855">
        <time>2026-05-12T10:59:54Z</time>
      </trkpt>
      <trkpt lat="30.623562" lon="104.17861">
        <time>2026-05-12T10:59:55Z</time>
      </trkpt>
      <trkpt lat="30.62354" lon="104.17867">
        <time>2026-05-12T10:59:56Z</time>
      </trkpt>
      <trkpt lat="30.623518" lon="104.178734">
        <time>2026-05-12T10:59:57Z</time>
      </trkpt>
      <trkpt lat="30.623495" lon="104.178795">
        <time>2026-05-12T10:59:58Z</time>
      </trkpt>
      <trkpt lat="30.623474" lon="104.17885">
        <time>2026-05-12T10:59:59Z</time>
      </trkpt>
      <trkpt lat="30.623453" lon="104.17891">
        <time>2026-05-12T11:00:00Z</time>
      </trkpt>
      <trkpt lat="30.623432" lon="104.17897">
        <time>2026-05-12T11:00:01Z</time>
      </trkpt>
      <trkpt lat="30.62341" lon="104.17902">
        <time>2026-05-12T11:00:02Z</time>
      </trkpt>
      <trkpt lat="30.62339" lon="104.179085">
        <time>2026-05-12T11:00:03Z</time>
      </trkpt>
      <trkpt lat="30.62337" lon="104.17914">
        <time>2026-05-12T11:00:04Z</time>
      </trkpt>
      <trkpt lat="30.62335" lon="104.17919">
        <time>2026-05-12T11:00:05Z</time>
      </trkpt>
      <trkpt lat="30.62333" lon="104.17925">
        <time>2026-05-12T11:00:06Z</time>
      </trkpt>
      <trkpt lat="30.62331" lon="104.179306">
        <time>2026-05-12T11:00:07Z</time>
      </trkpt>
      <trkpt lat="30.623291" lon="104.17936">
        <time>2026-05-12T11:00:08Z</time>
      </trkpt>
      <trkpt lat="30.623274" lon="104.17941">
        <time>2026-05-12T11:00:09Z</time>
      </trkpt>
      <trkpt lat="30.623255" lon="104.179474">
        <time>2026-05-12T11:00:10Z</time>
      </trkpt>
      <trkpt lat="30.623234" lon="104.17953">
        <time>2026-05-12T11:00:11Z</time>
      </trkpt>
      <trkpt lat="30.623215" lon="104.17958">
        <time>2026-05-12T11:00:12Z</time>
      </trkpt>
      <trkpt lat="30.623196" lon="104.17964">
        <time>2026-05-12T11:00:13Z</time>
      </trkpt>
      <trkpt lat="30.623177" lon="104.1797">
        <time>2026-05-12T11:00:14Z</time>
      </trkpt>
      <trkpt lat="30.623158" lon="104.179756">
        <time>2026-05-12T11:00:15Z</time>
      </trkpt>
      <trkpt lat="30.623138" lon="104.17982">
        <time>2026-05-12T11:00:16Z</time>
      </trkpt>
      <trkpt lat="30.623117" lon="104.17987">
        <time>2026-05-12T11:00:17Z</time>
      </trkpt>
      <trkpt lat="30.623095" lon="104.17993">
        <time>2026-05-12T11:00:18Z</time>
      </trkpt>
      <trkpt lat="30.623074" lon="104.179985">
        <time>2026-05-12T11:00:19Z</time>
      </trkpt>
      <trkpt lat="30.623047" lon="104.18004">
        <time>2026-05-12T11:00:20Z</time>
      </trkpt>
      <trkpt lat="30.62302" lon="104.18009">
        <time>2026-05-12T11:00:21Z</time>
      </trkpt>
      <trkpt lat="30.622995" lon="104.180145">
        <time>2026-05-12T11:00:22Z</time>
      </trkpt>
      <trkpt lat="30.622972" lon="104.18021">
        <time>2026-05-12T11:00:23Z</time>
      </trkpt>
      <trkpt lat="30.622946" lon="104.18026">
        <time>2026-05-12T11:00:24Z</time>
      </trkpt>
      <trkpt lat="30.622923" lon="104.18031">
        <time>2026-05-12T11:00:25Z</time>
      </trkpt>
      <trkpt lat="30.622902" lon="104.180374">
        <time>2026-05-12T11:00:26Z</time>
      </trkpt>
      <trkpt lat="30.62288" lon="104.180435">
        <time>2026-05-12T11:00:27Z</time>
      </trkpt>
      <trkpt lat="30.62286" lon="104.18049">
        <time>2026-05-12T11:00:28Z</time>
      </trkpt>
      <trkpt lat="30.622845" lon="104.18055">
        <time>2026-05-12T11:00:29Z</time>
      </trkpt>
      <trkpt lat="30.622833" lon="104.1806">
        <time>2026-05-12T11:00:30Z</time>
      </trkpt>
      <trkpt lat="30.62282" lon="104.18066">
        <time>2026-05-12T11:00:31Z</time>
      </trkpt>
      <trkpt lat="30.622807" lon="104.18072">
        <time>2026-05-12T11:00:32Z</time>
      </trkpt>
      <trkpt lat="30.62279" lon="104.18077">
        <time>2026-05-12T11:00:33Z</time>
      </trkpt>
      <trkpt lat="30.622774" lon="104.180824">
        <time>2026-05-12T11:00:34Z</time>
      </trkpt>
      <trkpt lat="30.622757" lon="104.18088">
        <time>2026-05-12T11:00:35Z</time>
      </trkpt>
      <trkpt lat="30.62274" lon="104.18092">
        <time>2026-05-12T11:00:36Z</time>
      </trkpt>
      <trkpt lat="30.622723" lon="104.18098">
        <time>2026-05-12T11:00:37Z</time>
      </trkpt>
      <trkpt lat="30.622707" lon="104.18102">
        <time>2026-05-12T11:00:38Z</time>
      </trkpt>
      <trkpt lat="30.622688" lon="104.18107">
        <time>2026-05-12T11:00:39Z</time>
      </trkpt>
      <trkpt lat="30.62267" lon="104.181114">
        <time>2026-05-12T11:00:40Z</time>
      </trkpt>
      <trkpt lat="30.622652" lon="104.18117">
        <time>2026-05-12T11:00:41Z</time>
      </trkpt>
      <trkpt lat="30.622633" lon="104.18121">
        <time>2026-05-12T11:00:42Z</time>
      </trkpt>
      <trkpt lat="30.622616" lon="104.18127">
        <time>2026-05-12T11:00:43Z</time>
      </trkpt>
      <trkpt lat="30.622597" lon="104.18131">
        <time>2026-05-12T11:00:44Z</time>
      </trkpt>
      <trkpt lat="30.622576" lon="104.18136">
        <time>2026-05-12T11:00:45Z</time>
      </trkpt>
      <trkpt lat="30.622557" lon="104.18141">
        <time>2026-05-12T11:00:46Z</time>
      </trkpt>
      <trkpt lat="30.622538" lon="104.181465">
        <time>2026-05-12T11:00:47Z</time>
      </trkpt>
      <trkpt lat="30.622519" lon="104.18152">
        <time>2026-05-12T11:00:48Z</time>
      </trkpt>
      <trkpt lat="30.6225" lon="104.18157">
        <time>2026-05-12T11:00:49Z</time>
      </trkpt>
      <trkpt lat="30.622482" lon="104.181625">
        <time>2026-05-12T11:00:50Z</time>
      </trkpt>
      <trkpt lat="30.62246" lon="104.18168">
        <time>2026-05-12T11:00:51Z</time>
      </trkpt>
      <trkpt lat="30.622442" lon="104.18173">
        <time>2026-05-12T11:00:52Z</time>
      </trkpt>
      <trkpt lat="30.622421" lon="104.181786">
        <time>2026-05-12T11:00:53Z</time>
      </trkpt>
      <trkpt lat="30.622406" lon="104.18185">
        <time>2026-05-12T11:00:54Z</time>
      </trkpt>
      <trkpt lat="30.62239" lon="104.1819">
        <time>2026-05-12T11:00:55Z</time>
      </trkpt>
      <trkpt lat="30.622375" lon="104.18196">
        <time>2026-05-12T11:00:56Z</time>
      </trkpt>
      <trkpt lat="30.622356" lon="104.18202">
        <time>2026-05-12T11:00:57Z</time>
      </trkpt>
      <trkpt lat="30.622337" lon="104.18208">
        <time>2026-05-12T11:00:58Z</time>
      </trkpt>
      <trkpt lat="30.622316" lon="104.182144">
        <time>2026-05-12T11:00:59Z</time>
      </trkpt>
      <trkpt lat="30.622297" lon="104.182205">
        <time>2026-05-12T11:01:00Z</time>
      </trkpt>
      <trkpt lat="30.622276" lon="104.18227">
        <time>2026-05-12T11:01:01Z</time>
      </trkpt>
      <trkpt lat="30.622257" lon="104.182335">
        <time>2026-05-12T11:01:02Z</time>
      </trkpt>
      <trkpt lat="30.62224" lon="104.1824">
        <time>2026-05-12T11:01:03Z</time>
      </trkpt>
      <trkpt lat="30.622225" lon="104.182465">
        <time>2026-05-12T11:01:04Z</time>
      </trkpt>
      <trkpt lat="30.622208" lon="104.18253">
        <time>2026-05-12T11:01:05Z</time>
      </trkpt>
      <trkpt lat="30.622189" lon="104.182594">
        <time>2026-05-12T11:01:06Z</time>
      </trkpt>
      <trkpt lat="30.622171" lon="104.182655">
        <time>2026-05-12T11:01:07Z</time>
      </trkpt>
      <trkpt lat="30.622154" lon="104.182724">
        <time>2026-05-12T11:01:08Z</time>
      </trkpt>
      <trkpt lat="30.622137" lon="104.1828">
        <time>2026-05-12T11:01:09Z</time>
      </trkpt>
      <trkpt lat="30.62212" lon="104.18287">
        <time>2026-05-12T11:01:10Z</time>
      </trkpt>
      <trkpt lat="30.622103" lon="104.182945">
        <time>2026-05-12T11:01:11Z</time>
      </trkpt>
      <trkpt lat="30.622087" lon="104.183014">
        <time>2026-05-12T11:01:12Z</time>
      </trkpt>
      <trkpt lat="30.622068" lon="104.18309">
        <time>2026-05-12T11:01:13Z</time>
      </trkpt>
      <trkpt lat="30.62205" lon="104.18317">
        <time>2026-05-12T11:01:14Z</time>
      </trkpt>
      <trkpt lat="30.622032" lon="104.18324">
        <time>2026-05-12T11:01:15Z</time>
      </trkpt>
      <trkpt lat="30.622011" lon="104.18331">
        <time>2026-05-12T11:01:16Z</time>
      </trkpt>
      <trkpt lat="30.62199" lon="104.18339">
        <time>2026-05-12T11:01:17Z</time>
      </trkpt>
      <trkpt lat="30.62197" lon="104.183464">
        <time>2026-05-12T11:01:18Z</time>
      </trkpt>
      <trkpt lat="30.621952" lon="104.18354">
        <time>2026-05-12T11:01:19Z</time>
      </trkpt>
      <trkpt lat="30.621935" lon="104.183624">
        <time>2026-05-12T11:01:20Z</time>
      </trkpt>
      <trkpt lat="30.621916" lon="104.1837">
        <time>2026-05-12T11:01:21Z</time>
      </trkpt>
      <trkpt lat="30.6219" lon="104.18378">
        <time>2026-05-12T11:01:22Z</time>
      </trkpt>
      <trkpt lat="30.621883" lon="104.18385">
        <time>2026-05-12T11:01:23Z</time>
      </trkpt>
      <trkpt lat="30.62186" lon="104.18394">
        <time>2026-05-12T11:01:24Z</time>
      </trkpt>
      <trkpt lat="30.621838" lon="104.18401">
        <time>2026-05-12T11:01:25Z</time>
      </trkpt>
      <trkpt lat="30.621815" lon="104.18409">
        <time>2026-05-12T11:01:26Z</time>
      </trkpt>
      <trkpt lat="30.621796" lon="104.184166">
        <time>2026-05-12T11:01:27Z</time>
      </trkpt>
      <trkpt lat="30.621777" lon="104.18425">
        <time>2026-05-12T11:01:28Z</time>
      </trkpt>
      <trkpt lat="30.621758" lon="104.184326">
        <time>2026-05-12T11:01:29Z</time>
      </trkpt>
      <trkpt lat="30.62174" lon="104.1844">
        <time>2026-05-12T11:01:30Z</time>
      </trkpt>
      <trkpt lat="30.621723" lon="104.18448">
        <time>2026-05-12T11:01:31Z</time>
      </trkpt>
      <trkpt lat="30.621704" lon="104.18456">
        <time>2026-05-12T11:01:32Z</time>
      </trkpt>
      <trkpt lat="30.621685" lon="104.18464">
        <time>2026-05-12T11:01:33Z</time>
      </trkpt>
      <trkpt lat="30.621666" lon="104.18472">
        <time>2026-05-12T11:01:34Z</time>
      </trkpt>
      <trkpt lat="30.621647" lon="104.18479">
        <time>2026-05-12T11:01:35Z</time>
      </trkpt>
      <trkpt lat="30.621626" lon="104.184875">
        <time>2026-05-12T11:01:36Z</time>
      </trkpt>
      <trkpt lat="30.621607" lon="104.18495">
        <time>2026-05-12T11:01:37Z</time>
      </trkpt>
      <trkpt lat="30.621586" lon="104.18502">
        <time>2026-05-12T11:01:38Z</time>
      </trkpt>
      <trkpt lat="30.621565" lon="104.1851">
        <time>2026-05-12T11:01:39Z</time>
      </trkpt>
      <trkpt lat="30.621546" lon="104.18518">
        <time>2026-05-12T11:01:40Z</time>
      </trkpt>
      <trkpt lat="30.621532" lon="104.18526">
        <time>2026-05-12T11:01:41Z</time>
      </trkpt>
      <trkpt lat="30.62152" lon="104.18534">
        <time>2026-05-12T11:01:42Z</time>
      </trkpt>
      <trkpt lat="30.621508" lon="104.18542">
        <time>2026-05-12T11:01:43Z</time>
      </trkpt>
      <trkpt lat="30.621492" lon="104.18549">
        <time>2026-05-12T11:01:44Z</time>
      </trkpt>
      <trkpt lat="30.621479" lon="104.18558">
        <time>2026-05-12T11:01:45Z</time>
      </trkpt>
      <trkpt lat="30.621458" lon="104.18565">
        <time>2026-05-12T11:01:46Z</time>
      </trkpt>
      <trkpt lat="30.62144" lon="104.18573">
        <time>2026-05-12T11:01:47Z</time>
      </trkpt>
      <trkpt lat="30.621426" lon="104.185814">
        <time>2026-05-12T11:01:48Z</time>
      </trkpt>
      <trkpt lat="30.621405" lon="104.1859">
        <time>2026-05-12T11:01:49Z</time>
      </trkpt>
      <trkpt lat="30.621387" lon="104.185974">
        <time>2026-05-12T11:01:50Z</time>
      </trkpt>
      <trkpt lat="30.621374" lon="104.18606">
        <time>2026-05-12T11:01:51Z</time>
      </trkpt>
      <trkpt lat="30.621374" lon="104.18614">
        <time>2026-05-12T11:01:52Z</time>
      </trkpt>
      <trkpt lat="30.621365" lon="104.18622">
        <time>2026-05-12T11:01:53Z</time>
      </trkpt>
      <trkpt lat="30.621351" lon="104.1863">
        <time>2026-05-12T11:01:54Z</time>
      </trkpt>
      <trkpt lat="30.621334" lon="104.186386">
        <time>2026-05-12T11:01:55Z</time>
      </trkpt>
      <trkpt lat="30.62132" lon="104.18647">
        <time>2026-05-12T11:01:56Z</time>
      </trkpt>
      <trkpt lat="30.621304" lon="104.18656">
        <time>2026-05-12T11:01:57Z</time>
      </trkpt>
      <trkpt lat="30.621288" lon="104.186646">
        <time>2026-05-12T11:01:58Z</time>
      </trkpt>
      <trkpt lat="30.621271" lon="104.18674">
        <time>2026-05-12T11:01:59Z</time>
      </trkpt>
      <trkpt lat="30.621256" lon="104.18683">
        <time>2026-05-12T11:02:00Z</time>
      </trkpt>
      <trkpt lat="30.621239" lon="104.18692">
        <time>2026-05-12T11:02:01Z</time>
      </trkpt>
      <trkpt lat="30.621222" lon="104.18701">
        <time>2026-05-12T11:02:02Z</time>
      </trkpt>
      <trkpt lat="30.621202" lon="104.1871">
        <time>2026-05-12T11:02:03Z</time>
      </trkpt>
      <trkpt lat="30.621185" lon="104.187195">
        <time>2026-05-12T11:02:04Z</time>
      </trkpt>
      <trkpt lat="30.621168" lon="104.187294">
        <time>2026-05-12T11:02:05Z</time>
      </trkpt>
      <trkpt lat="30.621151" lon="104.187386">
        <time>2026-05-12T11:02:06Z</time>
      </trkpt>
      <trkpt lat="30.621134" lon="104.18748">
        <time>2026-05-12T11:02:07Z</time>
      </trkpt>
      <trkpt lat="30.621117" lon="104.18757">
        <time>2026-05-12T11:02:08Z</time>
      </trkpt>
      <trkpt lat="30.6211" lon="104.18766">
        <time>2026-05-12T11:02:09Z</time>
      </trkpt>
      <trkpt lat="30.621084" lon="104.18775">
        <time>2026-05-12T11:02:10Z</time>
      </trkpt>
      <trkpt lat="30.621065" lon="104.18784">
        <time>2026-05-12T11:02:11Z</time>
      </trkpt>
      <trkpt lat="30.621048" lon="104.187935">
        <time>2026-05-12T11:02:12Z</time>
      </trkpt>
      <trkpt lat="30.62103" lon="104.18803">
        <time>2026-05-12T11:02:13Z</time>
      </trkpt>
      <trkpt lat="30.621016" lon="104.18811">
        <time>2026-05-12T11:02:14Z</time>
      </trkpt>
      <trkpt lat="30.621002" lon="104.1882">
        <time>2026-05-12T11:02:15Z</time>
      </trkpt>
      <trkpt lat="30.620985" lon="104.18829">
        <time>2026-05-12T11:02:16Z</time>
      </trkpt>
      <trkpt lat="30.620968" lon="104.18838">
        <time>2026-05-12T11:02:17Z</time>
      </trkpt>
      <trkpt lat="30.620955" lon="104.18846">
        <time>2026-05-12T11:02:18Z</time>
      </trkpt>
      <trkpt lat="30.62094" lon="104.18855">
        <time>2026-05-12T11:02:19Z</time>
      </trkpt>
      <trkpt lat="30.620924" lon="104.18864">
        <time>2026-05-12T11:02:20Z</time>
      </trkpt>
      <trkpt lat="30.620909" lon="104.18872">
        <time>2026-05-12T11:02:21Z</time>
      </trkpt>
      <trkpt lat="30.620893" lon="104.188805">
        <time>2026-05-12T11:02:22Z</time>
      </trkpt>
      <trkpt lat="30.62088" lon="104.18889">
        <time>2026-05-12T11:02:23Z</time>
      </trkpt>
      <trkpt lat="30.620865" lon="104.188965">
        <time>2026-05-12T11:02:24Z</time>
      </trkpt>
      <trkpt lat="30.62085" lon="104.18905">
        <time>2026-05-12T11:02:25Z</time>
      </trkpt>
      <trkpt lat="30.620834" lon="104.189125">
        <time>2026-05-12T11:02:26Z</time>
      </trkpt>
      <trkpt lat="30.620821" lon="104.18919">
        <time>2026-05-12T11:02:27Z</time>
      </trkpt>
      <trkpt lat="30.620806" lon="104.18927">
        <time>2026-05-12T11:02:28Z</time>
      </trkpt>
      <trkpt lat="30.620792" lon="104.18935">
        <time>2026-05-12T11:02:29Z</time>
      </trkpt>
      <trkpt lat="30.620779" lon="104.189415">
        <time>2026-05-12T11:02:30Z</time>
      </trkpt>
      <trkpt lat="30.620766" lon="104.18948">
        <time>2026-05-12T11:02:31Z</time>
      </trkpt>
      <trkpt lat="30.62075" lon="104.18956">
        <time>2026-05-12T11:02:32Z</time>
      </trkpt>
      <trkpt lat="30.620735" lon="104.18963">
        <time>2026-05-12T11:02:33Z</time>
      </trkpt>
      <trkpt lat="30.620722" lon="104.1897">
        <time>2026-05-12T11:02:34Z</time>
      </trkpt>
      <trkpt lat="30.62071" lon="104.189766">
        <time>2026-05-12T11:02:35Z</time>
      </trkpt>
      <trkpt lat="30.620697" lon="104.189835">
        <time>2026-05-12T11:02:36Z</time>
      </trkpt>
      <trkpt lat="30.620686" lon="104.1899">
        <time>2026-05-12T11:02:37Z</time>
      </trkpt>
      <trkpt lat="30.620674" lon="104.18997">
        <time>2026-05-12T11:02:38Z</time>
      </trkpt>
      <trkpt lat="30.62066" lon="104.19004">
        <time>2026-05-12T11:02:39Z</time>
      </trkpt>
      <trkpt lat="30.620642" lon="104.19011">
        <time>2026-05-12T11:02:40Z</time>
      </trkpt>
      <trkpt lat="30.620626" lon="104.19017">
        <time>2026-05-12T11:02:41Z</time>
      </trkpt>
      <trkpt lat="30.620613" lon="104.19024">
        <time>2026-05-12T11:02:42Z</time>
      </trkpt>
      <trkpt lat="30.6206" lon="104.19031">
        <time>2026-05-12T11:02:43Z</time>
      </trkpt>
      <trkpt lat="30.620586" lon="104.19038">
        <time>2026-05-12T11:02:44Z</time>
      </trkpt>
      <trkpt lat="30.620573" lon="104.190445">
        <time>2026-05-12T11:02:45Z</time>
      </trkpt>
      <trkpt lat="30.620558" lon="104.19051">
        <time>2026-05-12T11:02:46Z</time>
      </trkpt>
      <trkpt lat="30.620544" lon="104.19058">
        <time>2026-05-12T11:02:47Z</time>
      </trkpt>
      <trkpt lat="30.620531" lon="104.19064">
        <time>2026-05-12T11:02:48Z</time>
      </trkpt>
      <trkpt lat="30.620518" lon="104.19071">
        <time>2026-05-12T11:02:49Z</time>
      </trkpt>
      <trkpt lat="30.620504" lon="104.19078">
        <time>2026-05-12T11:02:50Z</time>
      </trkpt>
      <trkpt lat="30.620493" lon="104.19085">
        <time>2026-05-12T11:02:51Z</time>
      </trkpt>
      <trkpt lat="30.62048" lon="104.19092">
        <time>2026-05-12T11:02:52Z</time>
      </trkpt>
      <trkpt lat="30.620466" lon="104.19098">
        <time>2026-05-12T11:02:53Z</time>
      </trkpt>
      <trkpt lat="30.620451" lon="104.19105">
        <time>2026-05-12T11:02:54Z</time>
      </trkpt>
      <trkpt lat="30.620438" lon="104.19112">
        <time>2026-05-12T11:02:55Z</time>
      </trkpt>
      <trkpt lat="30.620424" lon="104.191185">
        <time>2026-05-12T11:02:56Z</time>
      </trkpt>
      <trkpt lat="30.620413" lon="104.19125">
        <time>2026-05-12T11:02:57Z</time>
      </trkpt>
      <trkpt lat="30.6204" lon="104.19132">
        <time>2026-05-12T11:02:58Z</time>
      </trkpt>
      <trkpt lat="30.620384" lon="104.19139">
        <time>2026-05-12T11:02:59Z</time>
      </trkpt>
      <trkpt lat="30.62037" lon="104.19146">
        <time>2026-05-12T11:03:00Z</time>
      </trkpt>
      <trkpt lat="30.620358" lon="104.19153">
        <time>2026-05-12T11:03:01Z</time>
      </trkpt>
      <trkpt lat="30.620344" lon="104.1916">
        <time>2026-05-12T11:03:02Z</time>
      </trkpt>
      <trkpt lat="30.62033" lon="104.191666">
        <time>2026-05-12T11:03:03Z</time>
      </trkpt>
      <trkpt lat="30.620317" lon="104.191734">
        <time>2026-05-12T11:03:04Z</time>
      </trkpt>
      <trkpt lat="30.620304" lon="104.1918">
        <time>2026-05-12T11:03:05Z</time>
      </trkpt>
      <trkpt lat="30.620289" lon="104.191864">
        <time>2026-05-12T11:03:06Z</time>
      </trkpt>
      <trkpt lat="30.620275" lon="104.19193">
        <time>2026-05-12T11:03:07Z</time>
      </trkpt>
      <trkpt lat="30.62026" lon="104.192">
        <time>2026-05-12T11:03:08Z</time>
      </trkpt>
      <trkpt lat="30.620247" lon="104.19206">
        <time>2026-05-12T11:03:09Z</time>
      </trkpt>
      <trkpt lat="30.620232" lon="104.19213">
        <time>2026-05-12T11:03:10Z</time>
      </trkpt>
      <trkpt lat="30.620214" lon="104.19219">
        <time>2026-05-12T11:03:11Z</time>
      </trkpt>
      <trkpt lat="30.6202" lon="104.19225">
        <time>2026-05-12T11:03:12Z</time>
      </trkpt>
      <trkpt lat="30.620186" lon="104.19232">
        <time>2026-05-12T11:03:13Z</time>
      </trkpt>
      <trkpt lat="30.620173" lon="104.19238">
        <time>2026-05-12T11:03:14Z</time>
      </trkpt>
      <trkpt lat="30.620157" lon="104.19245">
        <time>2026-05-12T11:03:15Z</time>
      </trkpt>
      <trkpt lat="30.620144" lon="104.19251">
        <time>2026-05-12T11:03:16Z</time>
      </trkpt>
      <trkpt lat="30.620129" lon="104.19257">
        <time>2026-05-12T11:03:17Z</time>
      </trkpt>
      <trkpt lat="30.620111" lon="104.19264">
        <time>2026-05-12T11:03:18Z</time>
      </trkpt>
      <trkpt lat="30.620094" lon="104.19272">
        <time>2026-05-12T11:03:19Z</time>
      </trkpt>
      <trkpt lat="30.620075" lon="104.192795">
        <time>2026-05-12T11:03:20Z</time>
      </trkpt>
      <trkpt lat="30.62006" lon="104.19286">
        <time>2026-05-12T11:03:21Z</time>
      </trkpt>
      <trkpt lat="30.620043" lon="104.19293">
        <time>2026-05-12T11:03:22Z</time>
      </trkpt>
      <trkpt lat="30.620028" lon="104.193">
        <time>2026-05-12T11:03:23Z</time>
      </trkpt>
      <trkpt lat="30.62001" lon="104.19308">
        <time>2026-05-12T11:03:24Z</time>
      </trkpt>
      <trkpt lat="30.619993" lon="104.193146">
        <time>2026-05-12T11:03:25Z</time>
      </trkpt>
      <trkpt lat="30.619974" lon="104.19322">
        <time>2026-05-12T11:03:26Z</time>
      </trkpt>
      <trkpt lat="30.619959" lon="104.19329">
        <time>2026-05-12T11:03:27Z</time>
      </trkpt>
      <trkpt lat="30.619934" lon="104.19337">
        <time>2026-05-12T11:03:28Z</time>
      </trkpt>
      <trkpt lat="30.619905" lon="104.193436">
        <time>2026-05-12T11:03:29Z</time>
      </trkpt>
      <trkpt lat="30.619879" lon="104.193504">
        <time>2026-05-12T11:03:30Z</time>
      </trkpt>
      <trkpt lat="30.619854" lon="104.19357">
        <time>2026-05-12T11:03:31Z</time>
      </trkpt>
      <trkpt lat="30.61983" lon="104.19365">
        <time>2026-05-12T11:03:32Z</time>
      </trkpt>
      <trkpt lat="30.619806" lon="104.19372">
        <time>2026-05-12T11:03:33Z</time>
      </trkpt>
      <trkpt lat="30.619787" lon="104.193794">
        <time>2026-05-12T11:03:34Z</time>
      </trkpt>
      <trkpt lat="30.61977" lon="104.19386">
        <time>2026-05-12T11:03:35Z</time>
      </trkpt>
      <trkpt lat="30.619753" lon="104.19394">
        <time>2026-05-12T11:03:36Z</time>
      </trkpt>
      <trkpt lat="30.619736" lon="104.194">
        <time>2026-05-12T11:03:37Z</time>
      </trkpt>
      <trkpt lat="30.619707" lon="104.19407">
        <time>2026-05-12T11:03:38Z</time>
      </trkpt>
      <trkpt lat="30.61968" lon="104.19414">
        <time>2026-05-12T11:03:39Z</time>
      </trkpt>
      <trkpt lat="30.619656" lon="104.19421">
        <time>2026-05-12T11:03:40Z</time>
      </trkpt>
      <trkpt lat="30.619635" lon="104.194275">
        <time>2026-05-12T11:03:41Z</time>
      </trkpt>
      <trkpt lat="30.619617" lon="104.19435">
        <time>2026-05-12T11:03:42Z</time>
      </trkpt>
      <trkpt lat="30.619595" lon="104.19442">
        <time>2026-05-12T11:03:43Z</time>
      </trkpt>
      <trkpt lat="30.619576" lon="104.194496">
        <time>2026-05-12T11:03:44Z</time>
      </trkpt>
      <trkpt lat="30.61955" lon="104.194565">
        <time>2026-05-12T11:03:45Z</time>
      </trkpt>
      <trkpt lat="30.619526" lon="104.19463">
        <time>2026-05-12T11:03:46Z</time>
      </trkpt>
      <trkpt lat="30.619503" lon="104.1947">
        <time>2026-05-12T11:03:47Z</time>
      </trkpt>
      <trkpt lat="30.619486" lon="104.19477">
        <time>2026-05-12T11:03:48Z</time>
      </trkpt>
      <trkpt lat="30.619467" lon="104.19485">
        <time>2026-05-12T11:03:49Z</time>
      </trkpt>
      <trkpt lat="30.619452" lon="104.194916">
        <time>2026-05-12T11:03:50Z</time>
      </trkpt>
      <trkpt lat="30.619434" lon="104.19499">
        <time>2026-05-12T11:03:51Z</time>
      </trkpt>
      <trkpt lat="30.619421" lon="104.19506">
        <time>2026-05-12T11:03:52Z</time>
      </trkpt>
      <trkpt lat="30.619406" lon="104.19514">
        <time>2026-05-12T11:03:53Z</time>
      </trkpt>
      <trkpt lat="30.619392" lon="104.195206">
        <time>2026-05-12T11:03:54Z</time>
      </trkpt>
      <trkpt lat="30.619379" lon="104.19528">
        <time>2026-05-12T11:03:55Z</time>
      </trkpt>
      <trkpt lat="30.619366" lon="104.19535">
        <time>2026-05-12T11:03:56Z</time>
      </trkpt>
      <trkpt lat="30.619352" lon="104.19543">
        <time>2026-05-12T11:03:57Z</time>
      </trkpt>
      <trkpt lat="30.619339" lon="104.195496">
        <time>2026-05-12T11:03:58Z</time>
      </trkpt>
      <trkpt lat="30.619322" lon="104.19557">
        <time>2026-05-12T11:03:59Z</time>
      </trkpt>
      <trkpt lat="30.619307" lon="104.19564">
        <time>2026-05-12T11:04:00Z</time>
      </trkpt>
      <trkpt lat="30.619291" lon="104.19572">
        <time>2026-05-12T11:04:01Z</time>
      </trkpt>
      <trkpt lat="30.619274" lon="104.195786">
        <time>2026-05-12T11:04:02Z</time>
      </trkpt>
      <trkpt lat="30.619257" lon="104.19586">
        <time>2026-05-12T11:04:03Z</time>
      </trkpt>
      <trkpt lat="30.619236" lon="104.19593">
        <time>2026-05-12T11:04:04Z</time>
      </trkpt>
      <trkpt lat="30.619217" lon="104.19601">
        <time>2026-05-12T11:04:05Z</time>
      </trkpt>
      <trkpt lat="30.619196" lon="104.196075">
        <time>2026-05-12T11:04:06Z</time>
      </trkpt>
      <trkpt lat="30.61917" lon="104.196144">
        <time>2026-05-12T11:04:07Z</time>
      </trkpt>
      <trkpt lat="30.619146" lon="104.19622">
        <time>2026-05-12T11:04:08Z</time>
      </trkpt>
      <trkpt lat="30.619123" lon="104.19629">
        <time>2026-05-12T11:04:09Z</time>
      </trkpt>
      <trkpt lat="30.6191" lon="104.196365">
        <time>2026-05-12T11:04:10Z</time>
      </trkpt>
      <trkpt lat="30.619076" lon="104.196434">
        <time>2026-05-12T11:04:11Z</time>
      </trkpt>
      <trkpt lat="30.61905" lon="104.1965">
        <time>2026-05-12T11:04:12Z</time>
      </trkpt>
      <trkpt lat="30.619026" lon="104.19658">
        <time>2026-05-12T11:04:13Z</time>
      </trkpt>
      <trkpt lat="30.619005" lon="104.19665">
        <time>2026-05-12T11:04:14Z</time>
      </trkpt>
      <trkpt lat="30.618984" lon="104.19672">
        <time>2026-05-12T11:04:15Z</time>
      </trkpt>
      <trkpt lat="30.618961" lon="104.19679">
        <time>2026-05-12T11:04:16Z</time>
      </trkpt>
      <trkpt lat="30.618942" lon="104.19686">
        <time>2026-05-12T11:04:17Z</time>
      </trkpt>
      <trkpt lat="30.618921" lon="104.19691">
        <time>2026-05-12T11:04:18Z</time>
      </trkpt>
      <trkpt lat="30.61891" lon="104.19695">
        <time>2026-05-12T11:04:19Z</time>
      </trkpt>
      <trkpt lat="30.6189" lon="104.197">
        <time>2026-05-12T11:04:20Z</time>
      </trkpt>
      <trkpt lat="30.618883" lon="104.19703">
        <time>2026-05-12T11:04:21Z</time>
      </trkpt>
      <trkpt lat="30.61888" lon="104.19705">
        <time>2026-05-12T11:04:22Z</time>
      </trkpt>
      <trkpt lat="30.618893" lon="104.19706">
        <time>2026-05-12T11:04:23Z</time>
      </trkpt>
      <trkpt lat="30.618904" lon="104.19707">
        <time>2026-05-12T11:04:24Z</time>
      </trkpt>
      <trkpt lat="30.618929" lon="104.19706">
        <time>2026-05-12T11:04:25Z</time>
      </trkpt>
      <trkpt lat="30.618944" lon="104.19703">
        <time>2026-05-12T11:04:26Z</time>
      </trkpt>
      <trkpt lat="30.618948" lon="104.197">
        <time>2026-05-12T11:04:27Z</time>
      </trkpt>
      <trkpt lat="30.618956" lon="104.19697">
        <time>2026-05-12T11:04:28Z</time>
      </trkpt>
      <trkpt lat="30.618958" lon="104.19692">
        <time>2026-05-12T11:04:29Z</time>
      </trkpt>
      <trkpt lat="30.618965" lon="104.19688">
        <time>2026-05-12T11:04:30Z</time>
      </trkpt>
      <trkpt lat="30.618975" lon="104.19682">
        <time>2026-05-12T11:04:31Z</time>
      </trkpt>
      <trkpt lat="30.618988" lon="104.19678">
        <time>2026-05-12T11:04:32Z</time>
      </trkpt>
      <trkpt lat="30.61901" lon="104.19673">
        <time>2026-05-12T11:04:33Z</time>
      </trkpt>
      <trkpt lat="30.619032" lon="104.19669">
        <time>2026-05-12T11:04:34Z</time>
      </trkpt>
      <trkpt lat="30.61905" lon="104.196655">
        <time>2026-05-12T11:04:35Z</time>
      </trkpt>
      <trkpt lat="30.619062" lon="104.19662">
        <time>2026-05-12T11:04:36Z</time>
      </trkpt>
      <trkpt lat="30.619074" lon="104.19657">
        <time>2026-05-12T11:04:37Z</time>
      </trkpt>
      <trkpt lat="30.619087" lon="104.19653">
        <time>2026-05-12T11:04:38Z</time>
      </trkpt>
      <trkpt lat="30.619102" lon="104.19649">
        <time>2026-05-12T11:04:39Z</time>
      </trkpt>
      <trkpt lat="30.619118" lon="104.19644">
        <time>2026-05-12T11:04:40Z</time>
      </trkpt>
      <trkpt lat="30.619137" lon="104.1964">
        <time>2026-05-12T11:04:41Z</time>
      </trkpt>
      <trkpt lat="30.619154" lon="104.19636">
        <time>2026-05-12T11:04:42Z</time>
      </trkpt>
      <trkpt lat="30.619171" lon="104.19631">
        <time>2026-05-12T11:04:43Z</time>
      </trkpt>
      <trkpt lat="30.619192" lon="104.196266">
        <time>2026-05-12T11:04:44Z</time>
      </trkpt>
      <trkpt lat="30.619205" lon="104.19622">
        <time>2026-05-12T11:04:45Z</time>
      </trkpt>
      <trkpt lat="30.619215" lon="104.19617">
        <time>2026-05-12T11:04:46Z</time>
      </trkpt>
      <trkpt lat="30.619223" lon="104.19612">
        <time>2026-05-12T11:04:47Z</time>
      </trkpt>
      <trkpt lat="30.619232" lon="104.19607">
        <time>2026-05-12T11:04:48Z</time>
      </trkpt>
      <trkpt lat="30.619244" lon="104.196014">
        <time>2026-05-12T11:04:49Z</time>
      </trkpt>
      <trkpt lat="30.619253" lon="104.19597">
        <time>2026-05-12T11:04:50Z</time>
      </trkpt>
      <trkpt lat="30.619272" lon="104.19592">
        <time>2026-05-12T11:04:51Z</time>
      </trkpt>
      <trkpt lat="30.619291" lon="104.19588">
        <time>2026-05-12T11:04:52Z</time>
      </trkpt>
      <trkpt lat="30.619308" lon="104.19584">
        <time>2026-05-12T11:04:53Z</time>
      </trkpt>
      <trkpt lat="30.619322" lon="104.19579">
        <time>2026-05-12T11:04:54Z</time>
      </trkpt>
      <trkpt lat="30.61933" lon="104.19574">
        <time>2026-05-12T11:04:55Z</time>
      </trkpt>
      <trkpt lat="30.619345" lon="104.1957">
        <time>2026-05-12T11:04:56Z</time>
      </trkpt>
      <trkpt lat="30.619354" lon="104.19565">
        <time>2026-05-12T11:04:57Z</time>
      </trkpt>
      <trkpt lat="30.619362" lon="104.195595">
        <time>2026-05-12T11:04:58Z</time>
      </trkpt>
      <trkpt lat="30.619371" lon="104.19554">
        <time>2026-05-12T11:04:59Z</time>
      </trkpt>
      <trkpt lat="30.61938" lon="104.19549">
        <time>2026-05-12T11:05:00Z</time>
      </trkpt>
      <trkpt lat="30.619389" lon="104.195435">
        <time>2026-05-12T11:05:01Z</time>
      </trkpt>
      <trkpt lat="30.619398" lon="104.19539">
        <time>2026-05-12T11:05:02Z</time>
      </trkpt>
      <trkpt lat="30.619406" lon="104.195335">
        <time>2026-05-12T11:05:03Z</time>
      </trkpt>
      <trkpt lat="30.619406" lon="104.19528">
        <time>2026-05-12T11:05:04Z</time>
      </trkpt>
      <trkpt lat="30.61941" lon="104.19523">
        <time>2026-05-12T11:05:05Z</time>
      </trkpt>
      <trkpt lat="30.619417" lon="104.195175">
        <time>2026-05-12T11:05:06Z</time>
      </trkpt>
      <trkpt lat="30.61943" lon="104.19513">
        <time>2026-05-12T11:05:07Z</time>
      </trkpt>
      <trkpt lat="30.619448" lon="104.19508">
        <time>2026-05-12T11:05:08Z</time>
      </trkpt>
      <trkpt lat="30.619465" lon="104.19504">
        <time>2026-05-12T11:05:09Z</time>
      </trkpt>
      <trkpt lat="30.619476" lon="104.19499">
        <time>2026-05-12T11:05:10Z</time>
      </trkpt>
      <trkpt lat="30.619486" lon="104.19494">
        <time>2026-05-12T11:05:11Z</time>
      </trkpt>
      <trkpt lat="30.619495" lon="104.19489">
        <time>2026-05-12T11:05:12Z</time>
      </trkpt>
      <trkpt lat="30.619505" lon="104.19484">
        <time>2026-05-12T11:05:13Z</time>
      </trkpt>
      <trkpt lat="30.61952" lon="104.19479">
        <time>2026-05-12T11:05:14Z</time>
      </trkpt>
      <trkpt lat="30.619535" lon="104.19475">
        <time>2026-05-12T11:05:15Z</time>
      </trkpt>
      <trkpt lat="30.619549" lon="104.1947">
        <time>2026-05-12T11:05:16Z</time>
      </trkpt>
      <trkpt lat="30.619556" lon="104.19465">
        <time>2026-05-12T11:05:17Z</time>
      </trkpt>
      <trkpt lat="30.619562" lon="104.1946">
        <time>2026-05-12T11:05:18Z</time>
      </trkpt>
      <trkpt lat="30.61957" lon="104.19455">
        <time>2026-05-12T11:05:19Z</time>
      </trkpt>
      <trkpt lat="30.619581" lon="104.1945">
        <time>2026-05-12T11:05:20Z</time>
      </trkpt>
      <trkpt lat="30.619595" lon="104.19445">
        <time>2026-05-12T11:05:21Z</time>
      </trkpt>
      <trkpt lat="30.61961" lon="104.194405">
        <time>2026-05-12T11:05:22Z</time>
      </trkpt>
      <trkpt lat="30.619627" lon="104.19436">
        <time>2026-05-12T11:05:23Z</time>
      </trkpt>
      <trkpt lat="30.619656" lon="104.19432">
        <time>2026-05-12T11:05:24Z</time>
      </trkpt>
      <trkpt lat="30.619686" lon="104.194305">
        <time>2026-05-12T11:05:25Z</time>
      </trkpt>
      <trkpt lat="30.619719" lon="104.19431">
        <time>2026-05-12T11:05:26Z</time>
      </trkpt>
      <trkpt lat="30.61975" lon="104.19432">
        <time>2026-05-12T11:05:27Z</time>
      </trkpt>
      <trkpt lat="30.619778" lon="104.19433">
        <time>2026-05-12T11:05:28Z</time>
      </trkpt>
      <trkpt lat="30.619797" lon="104.19434">
        <time>2026-05-12T11:05:29Z</time>
      </trkpt>
      <trkpt lat="30.619812" lon="104.19437">
        <time>2026-05-12T11:05:30Z</time>
      </trkpt>
      <trkpt lat="30.619823" lon="104.19443">
        <time>2026-05-12T11:05:31Z</time>
      </trkpt>
      <trkpt lat="30.619806" lon="104.19449">
        <time>2026-05-12T11:05:32Z</time>
      </trkpt>
      <trkpt lat="30.619791" lon="104.19454">
        <time>2026-05-12T11:05:33Z</time>
      </trkpt>
      <trkpt lat="30.619776" lon="104.19461">
        <time>2026-05-12T11:05:34Z</time>
      </trkpt>
      <trkpt lat="30.619755" lon="104.19468">
        <time>2026-05-12T11:05:35Z</time>
      </trkpt>
      <trkpt lat="30.619736" lon="104.194756">
        <time>2026-05-12T11:05:36Z</time>
      </trkpt>
      <trkpt lat="30.619715" lon="104.19484">
        <time>2026-05-12T11:05:37Z</time>
      </trkpt>
      <trkpt lat="30.61969" lon="104.19492">
        <time>2026-05-12T11:05:38Z</time>
      </trkpt>
      <trkpt lat="30.619669" lon="104.195">
        <time>2026-05-12T11:05:39Z</time>
      </trkpt>
      <trkpt lat="30.61965" lon="104.19507">
        <time>2026-05-12T11:05:40Z</time>
      </trkpt>
      <trkpt lat="30.619635" lon="104.19514">
        <time>2026-05-12T11:05:41Z</time>
      </trkpt>
      <trkpt lat="30.619625" lon="104.19521">
        <time>2026-05-12T11:05:42Z</time>
      </trkpt>
      <trkpt lat="30.619614" lon="104.19528">
        <time>2026-05-12T11:05:43Z</time>
      </trkpt>
      <trkpt lat="30.6196" lon="104.19535">
        <time>2026-05-12T11:05:44Z</time>
      </trkpt>
      <trkpt lat="30.619581" lon="104.19543">
        <time>2026-05-12T11:05:45Z</time>
      </trkpt>
      <trkpt lat="30.619564" lon="104.195496">
        <time>2026-05-12T11:05:46Z</time>
      </trkpt>
      <trkpt lat="30.61955" lon="104.19557">
        <time>2026-05-12T11:05:47Z</time>
      </trkpt>
      <trkpt lat="30.61954" lon="104.19564">
        <time>2026-05-12T11:05:48Z</time>
      </trkpt>
      <trkpt lat="30.619537" lon="104.19571">
        <time>2026-05-12T11:05:49Z</time>
      </trkpt>
      <trkpt lat="30.619528" lon="104.19578">
        <time>2026-05-12T11:05:50Z</time>
      </trkpt>
      <trkpt lat="30.61952" lon="104.195854">
        <time>2026-05-12T11:05:51Z</time>
      </trkpt>
      <trkpt lat="30.619513" lon="104.19593">
        <time>2026-05-12T11:05:52Z</time>
      </trkpt>
      <trkpt lat="30.619513" lon="104.19599">
        <time>2026-05-12T11:05:53Z</time>
      </trkpt>
      <trkpt lat="30.619514" lon="104.19606">
        <time>2026-05-12T11:05:54Z</time>
      </trkpt>
      <trkpt lat="30.619514" lon="104.19613">
        <time>2026-05-12T11:05:55Z</time>
      </trkpt>
      <trkpt lat="30.619518" lon="104.196205">
        <time>2026-05-12T11:05:56Z</time>
      </trkpt>
      <trkpt lat="30.619516" lon="104.19627">
        <time>2026-05-12T11:05:57Z</time>
      </trkpt>
      <trkpt lat="30.619516" lon="104.19634">
        <time>2026-05-12T11:05:58Z</time>
      </trkpt>
      <trkpt lat="30.619513" lon="104.19641">
        <time>2026-05-12T11:05:59Z</time>
      </trkpt>
      <trkpt lat="30.619513" lon="104.19647">
        <time>2026-05-12T11:06:00Z</time>
      </trkpt>
      <trkpt lat="30.619507" lon="104.19654">
        <time>2026-05-12T11:06:01Z</time>
      </trkpt>
      <trkpt lat="30.619503" lon="104.19661">
        <time>2026-05-12T11:06:02Z</time>
      </trkpt>
      <trkpt lat="30.619495" lon="104.19666">
        <time>2026-05-12T11:06:03Z</time>
      </trkpt>
      <trkpt lat="30.619486" lon="104.1967">
        <time>2026-05-12T11:06:04Z</time>
      </trkpt>
      <trkpt lat="30.619482" lon="104.19676">
        <time>2026-05-12T11:06:05Z</time>
      </trkpt>
      <trkpt lat="30.619467" lon="104.19682">
        <time>2026-05-12T11:06:06Z</time>
      </trkpt>
      <trkpt lat="30.619453" lon="104.19689">
        <time>2026-05-12T11:06:07Z</time>
      </trkpt>
      <trkpt lat="30.619432" lon="104.196976">
        <time>2026-05-12T11:06:08Z</time>
      </trkpt>
      <trkpt lat="30.619417" lon="104.19706">
        <time>2026-05-12T11:06:09Z</time>
      </trkpt>
      <trkpt lat="30.619398" lon="104.19713">
        <time>2026-05-12T11:06:10Z</time>
      </trkpt>
      <trkpt lat="30.619383" lon="104.1972">
        <time>2026-05-12T11:06:11Z</time>
      </trkpt>
      <trkpt lat="30.619284" lon="104.1978">
        <time>2026-05-12T11:06:18Z</time>
      </trkpt>
      <trkpt lat="30.619226" lon="104.19807">
        <time>2026-05-12T11:06:20Z</time>
      </trkpt>
      <trkpt lat="30.619211" lon="104.19813">
        <time>2026-05-12T11:06:21Z</time>
      </trkpt>
      <trkpt lat="30.619116" lon="104.19841">
        <time>2026-05-12T11:06:24Z</time>
      </trkpt>
      <trkpt lat="30.619076" lon="104.198494">
        <time>2026-05-12T11:06:25Z</time>
      </trkpt>
      <trkpt lat="30.61901" lon="104.198586">
        <time>2026-05-12T11:06:27Z</time>
      </trkpt>
      <trkpt lat="30.61899" lon="104.19866">
        <time>2026-05-12T11:06:28Z</time>
      </trkpt>
      <trkpt lat="30.618967" lon="104.19875">
        <time>2026-05-12T11:06:29Z</time>
      </trkpt>
      <trkpt lat="30.618946" lon="104.19884">
        <time>2026-05-12T11:06:30Z</time>
      </trkpt>
      <trkpt lat="30.618929" lon="104.19891">
        <time>2026-05-12T11:06:31Z</time>
      </trkpt>
      <trkpt lat="30.618902" lon="104.199">
        <time>2026-05-12T11:06:32Z</time>
      </trkpt>
      <trkpt lat="30.618872" lon="104.19909">
        <time>2026-05-12T11:06:34Z</time>
      </trkpt>
      <trkpt lat="30.618849" lon="104.19919">
        <time>2026-05-12T11:06:35Z</time>
      </trkpt>
      <trkpt lat="30.618835" lon="104.19927">
        <time>2026-05-12T11:06:36Z</time>
      </trkpt>
      <trkpt lat="30.618824" lon="104.19934">
        <time>2026-05-12T11:06:37Z</time>
      </trkpt>
      <trkpt lat="30.618803" lon="104.19943">
        <time>2026-05-12T11:06:38Z</time>
      </trkpt>
      <trkpt lat="30.61878" lon="104.19951">
        <time>2026-05-12T11:06:39Z</time>
      </trkpt>
      <trkpt lat="30.618757" lon="104.199585">
        <time>2026-05-12T11:06:40Z</time>
      </trkpt>
      <trkpt lat="30.618734" lon="104.19968">
        <time>2026-05-12T11:06:41Z</time>
      </trkpt>
      <trkpt lat="30.618706" lon="104.19975">
        <time>2026-05-12T11:06:42Z</time>
      </trkpt>
      <trkpt lat="30.618692" lon="104.19984">
        <time>2026-05-12T11:06:43Z</time>
      </trkpt>
      <trkpt lat="30.61868" lon="104.19992">
        <time>2026-05-12T11:06:44Z</time>
      </trkpt>
      <trkpt lat="30.618668" lon="104.20002">
        <time>2026-05-12T11:06:45Z</time>
      </trkpt>
      <trkpt lat="30.61865" lon="104.2001">
        <time>2026-05-12T11:06:46Z</time>
      </trkpt>
      <trkpt lat="30.618631" lon="104.20019">
        <time>2026-05-12T11:06:47Z</time>
      </trkpt>
      <trkpt lat="30.618605" lon="104.20027">
        <time>2026-05-12T11:06:48Z</time>
      </trkpt>
      <trkpt lat="30.61858" lon="104.200356">
        <time>2026-05-12T11:06:49Z</time>
      </trkpt>
      <trkpt lat="30.618563" lon="104.20044">
        <time>2026-05-12T11:06:50Z</time>
      </trkpt>
      <trkpt lat="30.618547" lon="104.20052">
        <time>2026-05-12T11:06:51Z</time>
      </trkpt>
      <trkpt lat="30.618534" lon="104.2006">
        <time>2026-05-12T11:06:52Z</time>
      </trkpt>
      <trkpt lat="30.61852" lon="104.200676">
        <time>2026-05-12T11:06:53Z</time>
      </trkpt>
      <trkpt lat="30.618505" lon="104.20075">
        <time>2026-05-12T11:06:54Z</time>
      </trkpt>
      <trkpt lat="30.618496" lon="104.20083">
        <time>2026-05-12T11:06:55Z</time>
      </trkpt>
      <trkpt lat="30.618483" lon="104.2009">
        <time>2026-05-12T11:06:56Z</time>
      </trkpt>
      <trkpt lat="30.618467" lon="104.20098">
        <time>2026-05-12T11:06:57Z</time>
      </trkpt>
      <trkpt lat="30.618452" lon="104.201065">
        <time>2026-05-12T11:06:58Z</time>
      </trkpt>
      <trkpt lat="30.61844" lon="104.20115">
        <time>2026-05-12T11:06:59Z</time>
      </trkpt>
      <trkpt lat="30.61843" lon="104.20124">
        <time>2026-05-12T11:07:00Z</time>
      </trkpt>
      <trkpt lat="30.618418" lon="104.20132">
        <time>2026-05-12T11:07:01Z</time>
      </trkpt>
      <trkpt lat="30.618402" lon="104.2014">
        <time>2026-05-12T11:07:02Z</time>
      </trkpt>
      <trkpt lat="30.618391" lon="104.201485">
        <time>2026-05-12T11:07:03Z</time>
      </trkpt>
      <trkpt lat="30.618376" lon="104.20157">
        <time>2026-05-12T11:07:04Z</time>
      </trkpt>
      <trkpt lat="30.618355" lon="104.20166">
        <time>2026-05-12T11:07:05Z</time>
      </trkpt>
      <trkpt lat="30.618336" lon="104.20175">
        <time>2026-05-12T11:07:06Z</time>
      </trkpt>
      <trkpt lat="30.618315" lon="104.20184">
        <time>2026-05-12T11:07:07Z</time>
      </trkpt>
      <trkpt lat="30.618301" lon="104.20193">
        <time>2026-05-12T11:07:08Z</time>
      </trkpt>
      <trkpt lat="30.618296" lon="104.202034">
        <time>2026-05-12T11:07:09Z</time>
      </trkpt>
      <trkpt lat="30.618288" lon="104.20213">
        <time>2026-05-12T11:07:10Z</time>
      </trkpt>
      <trkpt lat="30.61828" lon="104.202225">
        <time>2026-05-12T11:07:11Z</time>
      </trkpt>
      <trkpt lat="30.618267" lon="104.202324">
        <time>2026-05-12T11:07:12Z</time>
      </trkpt>
      <trkpt lat="30.618248" lon="104.20243">
        <time>2026-05-12T11:07:13Z</time>
      </trkpt>
      <trkpt lat="30.618233" lon="104.20253">
        <time>2026-05-12T11:07:14Z</time>
      </trkpt>
      <trkpt lat="30.618214" lon="104.20264">
        <time>2026-05-12T11:07:15Z</time>
      </trkpt>
      <trkpt lat="30.618198" lon="104.202736">
        <time>2026-05-12T11:07:16Z</time>
      </trkpt>
      <trkpt lat="30.618185" lon="104.20283">
        <time>2026-05-12T11:07:17Z</time>
      </trkpt>
      <trkpt lat="30.61817" lon="104.20292">
        <time>2026-05-12T11:07:18Z</time>
      </trkpt>
      <trkpt lat="30.61816" lon="104.20302">
        <time>2026-05-12T11:07:19Z</time>
      </trkpt>
      <trkpt lat="30.618149" lon="104.20312">
        <time>2026-05-12T11:07:20Z</time>
      </trkpt>
      <trkpt lat="30.61814" lon="104.20322">
        <time>2026-05-12T11:07:21Z</time>
      </trkpt>
      <trkpt lat="30.618128" lon="104.203316">
        <time>2026-05-12T11:07:22Z</time>
      </trkpt>
      <trkpt lat="30.618114" lon="104.203415">
        <time>2026-05-12T11:07:23Z</time>
      </trkpt>
      <trkpt lat="30.6181" lon="104.20352">
        <time>2026-05-12T11:07:24Z</time>
      </trkpt>
      <trkpt lat="30.618086" lon="104.20361">
        <time>2026-05-12T11:07:25Z</time>
      </trkpt>
      <trkpt lat="30.618074" lon="104.20371">
        <time>2026-05-12T11:07:26Z</time>
      </trkpt>
      <trkpt lat="30.618065" lon="104.20381">
        <time>2026-05-12T11:07:27Z</time>
      </trkpt>
      <trkpt lat="30.618053" lon="104.2039">
        <time>2026-05-12T11:07:28Z</time>
      </trkpt>
      <trkpt lat="30.618042" lon="104.20401">
        <time>2026-05-12T11:07:29Z</time>
      </trkpt>
      <trkpt lat="30.618029" lon="104.2041">
        <time>2026-05-12T11:07:30Z</time>
      </trkpt>
      <trkpt lat="30.618021" lon="104.20419">
        <time>2026-05-12T11:07:31Z</time>
      </trkpt>
      <trkpt lat="30.618015" lon="104.20428">
        <time>2026-05-12T11:07:32Z</time>
      </trkpt>
      <trkpt lat="30.618006" lon="104.20437">
        <time>2026-05-12T11:07:33Z</time>
      </trkpt>
      <trkpt lat="30.618002" lon="104.20446">
        <time>2026-05-12T11:07:34Z</time>
      </trkpt>
      <trkpt lat="30.617998" lon="104.20455">
        <time>2026-05-12T11:07:35Z</time>
      </trkpt>
      <trkpt lat="30.617992" lon="104.20466">
        <time>2026-05-12T11:07:36Z</time>
      </trkpt>
      <trkpt lat="30.617985" lon="104.204735">
        <time>2026-05-12T11:07:37Z</time>
      </trkpt>
      <trkpt lat="30.617975" lon="104.2048">
        <time>2026-05-12T11:07:38Z</time>
      </trkpt>
      <trkpt lat="30.617962" lon="104.20488">
        <time>2026-05-12T11:07:39Z</time>
      </trkpt>
      <trkpt lat="30.617949" lon="104.20496">
        <time>2026-05-12T11:07:40Z</time>
      </trkpt>
      <trkpt lat="30.617937" lon="104.20504">
        <time>2026-05-12T11:07:41Z</time>
      </trkpt>
      <trkpt lat="30.617928" lon="104.20512">
        <time>2026-05-12T11:07:42Z</time>
      </trkpt>
      <trkpt lat="30.61792" lon="104.2052">
        <time>2026-05-12T11:07:43Z</time>
      </trkpt>
      <trkpt lat="30.61791" lon="104.20526">
        <time>2026-05-12T11:07:44Z</time>
      </trkpt>
      <trkpt lat="30.6179" lon="104.20533">
        <time>2026-05-12T11:07:45Z</time>
      </trkpt>
      <trkpt lat="30.61789" lon="104.2054">
        <time>2026-05-12T11:07:46Z</time>
      </trkpt>
      <trkpt lat="30.617882" lon="104.205475">
        <time>2026-05-12T11:07:47Z</time>
      </trkpt>
      <trkpt lat="30.61787" lon="104.20556">
        <time>2026-05-12T11:07:48Z</time>
      </trkpt>
      <trkpt lat="30.617867" lon="104.20563">
        <time>2026-05-12T11:07:49Z</time>
      </trkpt>
      <trkpt lat="30.61786" lon="104.20568">
        <time>2026-05-12T11:07:50Z</time>
      </trkpt>
      <trkpt lat="30.617853" lon="104.20575">
        <time>2026-05-12T11:07:51Z</time>
      </trkpt>
      <trkpt lat="30.617844" lon="104.205826">
        <time>2026-05-12T11:07:52Z</time>
      </trkpt>
      <trkpt lat="30.617834" lon="104.205894">
        <time>2026-05-12T11:07:53Z</time>
      </trkpt>
      <trkpt lat="30.617826" lon="104.20597">
        <time>2026-05-12T11:07:54Z</time>
      </trkpt>
      <trkpt lat="30.617819" lon="104.20603">
        <time>2026-05-12T11:07:55Z</time>
      </trkpt>
      <trkpt lat="30.617807" lon="104.20609">
        <time>2026-05-12T11:07:56Z</time>
      </trkpt>
      <trkpt lat="30.6178" lon="104.206154">
        <time>2026-05-12T11:07:57Z</time>
      </trkpt>
      <trkpt lat="30.61779" lon="104.206215">
        <time>2026-05-12T11:07:58Z</time>
      </trkpt>
      <trkpt lat="30.617773" lon="104.206276">
        <time>2026-05-12T11:07:59Z</time>
      </trkpt>
      <trkpt lat="30.617762" lon="104.206345">
        <time>2026-05-12T11:08:00Z</time>
      </trkpt>
      <trkpt lat="30.61775" lon="104.20641">
        <time>2026-05-12T11:08:01Z</time>
      </trkpt>
      <trkpt lat="30.617743" lon="104.20648">
        <time>2026-05-12T11:08:02Z</time>
      </trkpt>
      <trkpt lat="30.617737" lon="104.20655">
        <time>2026-05-12T11:08:03Z</time>
      </trkpt>
      <trkpt lat="30.617731" lon="104.20662">
        <time>2026-05-12T11:08:04Z</time>
      </trkpt>
      <trkpt lat="30.617723" lon="104.20669">
        <time>2026-05-12T11:08:05Z</time>
      </trkpt>
      <trkpt lat="30.617716" lon="104.20676">
        <time>2026-05-12T11:08:06Z</time>
      </trkpt>
      <trkpt lat="30.617706" lon="104.20683">
        <time>2026-05-12T11:08:07Z</time>
      </trkpt>
      <trkpt lat="30.617699" lon="104.2069">
        <time>2026-05-12T11:08:08Z</time>
      </trkpt>
      <trkpt lat="30.61769" lon="104.20697">
        <time>2026-05-12T11:08:09Z</time>
      </trkpt>
      <trkpt lat="30.617676" lon="104.20704">
        <time>2026-05-12T11:08:10Z</time>
      </trkpt>
      <trkpt lat="30.617662" lon="104.2071">
        <time>2026-05-12T11:08:11Z</time>
      </trkpt>
      <trkpt lat="30.617653" lon="104.20716">
        <time>2026-05-12T11:08:12Z</time>
      </trkpt>
      <trkpt lat="30.617651" lon="104.207214">
        <time>2026-05-12T11:08:13Z</time>
      </trkpt>
      <trkpt lat="30.617647" lon="104.207275">
        <time>2026-05-12T11:08:14Z</time>
      </trkpt>
      <trkpt lat="30.617643" lon="104.20734">
        <time>2026-05-12T11:08:15Z</time>
      </trkpt>
      <trkpt lat="30.617641" lon="104.2074">
        <time>2026-05-12T11:08:16Z</time>
      </trkpt>
      <trkpt lat="30.617634" lon="104.207466">
        <time>2026-05-12T11:08:17Z</time>
      </trkpt>
      <trkpt lat="30.61762" lon="104.20753">
        <time>2026-05-12T11:08:18Z</time>
      </trkpt>
      <trkpt lat="30.617613" lon="104.20759">
        <time>2026-05-12T11:08:19Z</time>
      </trkpt>
      <trkpt lat="30.617605" lon="104.20765">
        <time>2026-05-12T11:08:20Z</time>
      </trkpt>
      <trkpt lat="30.617596" lon="104.20771">
        <time>2026-05-12T11:08:21Z</time>
      </trkpt>
      <trkpt lat="30.617588" lon="104.20778">
        <time>2026-05-12T11:08:22Z</time>
      </trkpt>
      <trkpt lat="30.617582" lon="104.20784">
        <time>2026-05-12T11:08:23Z</time>
      </trkpt>
      <trkpt lat="30.617584" lon="104.20789">
        <time>2026-05-12T11:08:24Z</time>
      </trkpt>
      <trkpt lat="30.617577" lon="104.20795">
        <time>2026-05-12T11:08:25Z</time>
      </trkpt>
      <trkpt lat="30.617565" lon="104.20801">
        <time>2026-05-12T11:08:26Z</time>
      </trkpt>
      <trkpt lat="30.617554" lon="104.20807">
        <time>2026-05-12T11:08:27Z</time>
      </trkpt>
      <trkpt lat="30.61754" lon="104.20812">
        <time>2026-05-12T11:08:28Z</time>
      </trkpt>
      <trkpt lat="30.617527" lon="104.208176">
        <time>2026-05-12T11:08:29Z</time>
      </trkpt>
      <trkpt lat="30.617514" lon="104.20824">
        <time>2026-05-12T11:08:30Z</time>
      </trkpt>
      <trkpt lat="30.6175" lon="104.20829">
        <time>2026-05-12T11:08:31Z</time>
      </trkpt>
      <trkpt lat="30.617483" lon="104.20834">
        <time>2026-05-12T11:08:32Z</time>
      </trkpt>
      <trkpt lat="30.617466" lon="104.2084">
        <time>2026-05-12T11:08:33Z</time>
      </trkpt>
      <trkpt lat="30.617456" lon="104.20845">
        <time>2026-05-12T11:08:34Z</time>
      </trkpt>
      <trkpt lat="30.61744" lon="104.2085">
        <time>2026-05-12T11:08:35Z</time>
      </trkpt>
      <trkpt lat="30.617426" lon="104.20856">
        <time>2026-05-12T11:08:36Z</time>
      </trkpt>
      <trkpt lat="30.617413" lon="104.2086">
        <time>2026-05-12T11:08:37Z</time>
      </trkpt>
      <trkpt lat="30.6174" lon="104.20866">
        <time>2026-05-12T11:08:38Z</time>
      </trkpt>
      <trkpt lat="30.617392" lon="104.208694">
        <time>2026-05-12T11:08:39Z</time>
      </trkpt>
      <trkpt lat="30.617386" lon="104.20874">
        <time>2026-05-12T11:08:40Z</time>
      </trkpt>
      <trkpt lat="30.617386" lon="104.20878">
        <time>2026-05-12T11:08:41Z</time>
      </trkpt>
      <trkpt lat="30.617395" lon="104.208824">
        <time>2026-05-12T11:08:42Z</time>
      </trkpt>
      <trkpt lat="30.61741" lon="104.208855">
        <time>2026-05-12T11:08:43Z</time>
      </trkpt>
      <trkpt lat="30.617428" lon="104.20887">
        <time>2026-05-12T11:08:44Z</time>
      </trkpt>
      <trkpt lat="30.617435" lon="104.20889">
        <time>2026-05-12T11:08:45Z</time>
      </trkpt>
      <trkpt lat="30.617455" lon="104.2089">
        <time>2026-05-12T11:08:46Z</time>
      </trkpt>
      <trkpt lat="30.61749" lon="104.20889">
        <time>2026-05-12T11:08:47Z</time>
      </trkpt>
      <trkpt lat="30.617538" lon="104.20888">
        <time>2026-05-12T11:08:48Z</time>
      </trkpt>
      <trkpt lat="30.617577" lon="104.208855">
        <time>2026-05-12T11:08:49Z</time>
      </trkpt>
      <trkpt lat="30.617607" lon="104.208824">
        <time>2026-05-12T11:08:50Z</time>
      </trkpt>
      <trkpt lat="30.617624" lon="104.20878">
        <time>2026-05-12T11:08:51Z</time>
      </trkpt>
      <trkpt lat="30.61764" lon="104.208725">
        <time>2026-05-12T11:08:52Z</time>
      </trkpt>
      <trkpt lat="30.617647" lon="104.20867">
        <time>2026-05-12T11:08:53Z</time>
      </trkpt>
      <trkpt lat="30.617662" lon="104.20861">
        <time>2026-05-12T11:08:54Z</time>
      </trkpt>
      <trkpt lat="30.617685" lon="104.20854">
        <time>2026-05-12T11:08:55Z</time>
      </trkpt>
      <trkpt lat="30.617699" lon="104.20849">
        <time>2026-05-12T11:08:56Z</time>
      </trkpt>
      <trkpt lat="30.617708" lon="104.208435">
        <time>2026-05-12T11:08:57Z</time>
      </trkpt>
      <trkpt lat="30.617723" lon="104.208374">
        <time>2026-05-12T11:08:58Z</time>
      </trkpt>
      <trkpt lat="30.617733" lon="104.20832">
        <time>2026-05-12T11:08:59Z</time>
      </trkpt>
      <trkpt lat="30.617739" lon="104.20827">
        <time>2026-05-12T11:09:00Z</time>
      </trkpt>
      <trkpt lat="30.617748" lon="104.2082">
        <time>2026-05-12T11:09:01Z</time>
      </trkpt>
      <trkpt lat="30.617752" lon="104.20813">
        <time>2026-05-12T11:09:02Z</time>
      </trkpt>
      <trkpt lat="30.617758" lon="104.20805">
        <time>2026-05-12T11:09:03Z</time>
      </trkpt>
      <trkpt lat="30.61777" lon="104.207985">
        <time>2026-05-12T11:09:04Z</time>
      </trkpt>
      <trkpt lat="30.61778" lon="104.207924">
        <time>2026-05-12T11:09:05Z</time>
      </trkpt>
      <trkpt lat="30.617792" lon="104.20785">
        <time>2026-05-12T11:09:06Z</time>
      </trkpt>
      <trkpt lat="30.617804" lon="104.20778">
        <time>2026-05-12T11:09:07Z</time>
      </trkpt>
      <trkpt lat="30.617807" lon="104.2077">
        <time>2026-05-12T11:09:08Z</time>
      </trkpt>
      <trkpt lat="30.617817" lon="104.20763">
        <time>2026-05-12T11:09:09Z</time>
      </trkpt>
      <trkpt lat="30.617828" lon="104.207535">
        <time>2026-05-12T11:09:10Z</time>
      </trkpt>
      <trkpt lat="30.617832" lon="104.20746">
        <time>2026-05-12T11:09:11Z</time>
      </trkpt>
      <trkpt lat="30.617832" lon="104.20738">
        <time>2026-05-12T11:09:12Z</time>
      </trkpt>
      <trkpt lat="30.617834" lon="104.207306">
        <time>2026-05-12T11:09:13Z</time>
      </trkpt>
      <trkpt lat="30.617844" lon="104.20722">
        <time>2026-05-12T11:09:14Z</time>
      </trkpt>
      <trkpt lat="30.617847" lon="104.207146">
        <time>2026-05-12T11:09:15Z</time>
      </trkpt>
      <trkpt lat="30.617859" lon="104.20708">
        <time>2026-05-12T11:09:16Z</time>
      </trkpt>
      <trkpt lat="30.617868" lon="104.207">
        <time>2026-05-12T11:09:17Z</time>
      </trkpt>
      <trkpt lat="30.61788" lon="104.20692">
        <time>2026-05-12T11:09:18Z</time>
      </trkpt>
      <trkpt lat="30.617891" lon="104.20683">
        <time>2026-05-12T11:09:19Z</time>
      </trkpt>
      <trkpt lat="30.617903" lon="104.20675">
        <time>2026-05-12T11:09:20Z</time>
      </trkpt>
      <trkpt lat="30.61791" lon="104.20667">
        <time>2026-05-12T11:09:21Z</time>
      </trkpt>
      <trkpt lat="30.61792" lon="104.20659">
        <time>2026-05-12T11:09:22Z</time>
      </trkpt>
      <trkpt lat="30.61793" lon="104.20651">
        <time>2026-05-12T11:09:23Z</time>
      </trkpt>
      <trkpt lat="30.617943" lon="104.206436">
        <time>2026-05-12T11:09:24Z</time>
      </trkpt>
      <trkpt lat="30.617954" lon="104.20637">
        <time>2026-05-12T11:09:25Z</time>
      </trkpt>
      <trkpt lat="30.617968" lon="104.20631">
        <time>2026-05-12T11:09:26Z</time>
      </trkpt>
      <trkpt lat="30.617975" lon="104.20624">
        <time>2026-05-12T11:09:27Z</time>
      </trkpt>
      <trkpt lat="30.617985" lon="104.20617">
        <time>2026-05-12T11:09:28Z</time>
      </trkpt>
      <trkpt lat="30.617996" lon="104.2061">
        <time>2026-05-12T11:09:29Z</time>
      </trkpt>
      <trkpt lat="30.618008" lon="104.20603">
        <time>2026-05-12T11:09:30Z</time>
      </trkpt>
      <trkpt lat="30.618021" lon="104.205956">
        <time>2026-05-12T11:09:31Z</time>
      </trkpt>
      <trkpt lat="30.618032" lon="104.20589">
        <time>2026-05-12T11:09:32Z</time>
      </trkpt>
      <trkpt lat="30.618046" lon="104.20582">
        <time>2026-05-12T11:09:33Z</time>
      </trkpt>
      <trkpt lat="30.618055" lon="104.205734">
        <time>2026-05-12T11:09:34Z</time>
      </trkpt>
      <trkpt lat="30.618067" lon="104.20566">
        <time>2026-05-12T11:09:35Z</time>
      </trkpt>
      <trkpt lat="30.618074" lon="104.20558">
        <time>2026-05-12T11:09:36Z</time>
      </trkpt>
      <trkpt lat="30.618082" lon="104.205505">
        <time>2026-05-12T11:09:37Z</time>
      </trkpt>
      <trkpt lat="30.61809" lon="104.20543">
        <time>2026-05-12T11:09:38Z</time>
      </trkpt>
      <trkpt lat="30.618097" lon="104.20536">
        <time>2026-05-12T11:09:39Z</time>
      </trkpt>
      <trkpt lat="30.618101" lon="104.205284">
        <time>2026-05-12T11:09:40Z</time>
      </trkpt>
      <trkpt lat="30.618113" lon="104.205215">
        <time>2026-05-12T11:09:41Z</time>
      </trkpt>
      <trkpt lat="30.618124" lon="104.20514">
        <time>2026-05-12T11:09:42Z</time>
      </trkpt>
      <trkpt lat="30.618135" lon="104.20506">
        <time>2026-05-12T11:09:43Z</time>
      </trkpt>
      <trkpt lat="30.618149" lon="104.20499">
        <time>2026-05-12T11:09:44Z</time>
      </trkpt>
      <trkpt lat="30.61816" lon="104.20492">
        <time>2026-05-12T11:09:45Z</time>
      </trkpt>
      <trkpt lat="30.618177" lon="104.204834">
        <time>2026-05-12T11:09:46Z</time>
      </trkpt>
      <trkpt lat="30.618187" lon="104.20475">
        <time>2026-05-12T11:09:47Z</time>
      </trkpt>
      <trkpt lat="30.618202" lon="104.204666">
        <time>2026-05-12T11:09:48Z</time>
      </trkpt>
      <trkpt lat="30.618216" lon="104.20459">
        <time>2026-05-12T11:09:49Z</time>
      </trkpt>
      <trkpt lat="30.618227" lon="104.204506">
        <time>2026-05-12T11:09:50Z</time>
      </trkpt>
      <trkpt lat="30.618238" lon="104.20443">
        <time>2026-05-12T11:09:51Z</time>
      </trkpt>
      <trkpt lat="30.61825" lon="104.20435">
        <time>2026-05-12T11:09:52Z</time>
      </trkpt>
      <trkpt lat="30.618258" lon="104.204285">
        <time>2026-05-12T11:09:53Z</time>
      </trkpt>
      <trkpt lat="30.618269" lon="104.20421">
        <time>2026-05-12T11:09:54Z</time>
      </trkpt>
      <trkpt lat="30.618279" lon="104.20413">
        <time>2026-05-12T11:09:55Z</time>
      </trkpt>
      <trkpt lat="30.61829" lon="104.20406">
        <time>2026-05-12T11:09:56Z</time>
      </trkpt>
      <trkpt lat="30.6183" lon="104.203995">
        <time>2026-05-12T11:09:57Z</time>
      </trkpt>
      <trkpt lat="30.61831" lon="104.20393">
        <time>2026-05-12T11:09:58Z</time>
      </trkpt>
      <trkpt lat="30.618319" lon="104.203865">
        <time>2026-05-12T11:09:59Z</time>
      </trkpt>
      <trkpt lat="30.618324" lon="104.203804">
        <time>2026-05-12T11:10:00Z</time>
      </trkpt>
      <trkpt lat="30.618336" lon="104.203735">
        <time>2026-05-12T11:10:01Z</time>
      </trkpt>
      <trkpt lat="30.618345" lon="104.20367">
        <time>2026-05-12T11:10:02Z</time>
      </trkpt>
      <trkpt lat="30.618382" lon="104.203415">
        <time>2026-05-12T11:10:06Z</time>
      </trkpt>
      <trkpt lat="30.618399" lon="104.20335">
        <time>2026-05-12T11:10:07Z</time>
      </trkpt>
      <trkpt lat="30.618412" lon="104.2033">
        <time>2026-05-12T11:10:08Z</time>
      </trkpt>
      <trkpt lat="30.618422" lon="104.203255">
        <time>2026-05-12T11:10:09Z</time>
      </trkpt>
      <trkpt lat="30.618416" lon="104.20321">
        <time>2026-05-12T11:10:10Z</time>
      </trkpt>
      <trkpt lat="30.618412" lon="104.203156">
        <time>2026-05-12T11:10:11Z</time>
      </trkpt>
      <trkpt lat="30.618412" lon="104.20311">
        <time>2026-05-12T11:10:12Z</time>
      </trkpt>
      <trkpt lat="30.618408" lon="104.20306">
        <time>2026-05-12T11:10:13Z</time>
      </trkpt>
      <trkpt lat="30.618402" lon="104.203">
        <time>2026-05-12T11:10:14Z</time>
      </trkpt>
      <trkpt lat="30.618399" lon="104.20294">
        <time>2026-05-12T11:10:15Z</time>
      </trkpt>
      <trkpt lat="30.618397" lon="104.202896">
        <time>2026-05-12T11:10:16Z</time>
      </trkpt>
      <trkpt lat="30.618399" lon="104.20286">
        <time>2026-05-12T11:10:17Z</time>
      </trkpt>
      <trkpt lat="30.618402" lon="104.20282">
        <time>2026-05-12T11:10:18Z</time>
      </trkpt>
      <trkpt lat="30.61841" lon="104.20277">
        <time>2026-05-12T11:10:19Z</time>
      </trkpt>
      <trkpt lat="30.618416" lon="104.20271">
        <time>2026-05-12T11:10:20Z</time>
      </trkpt>
      <trkpt lat="30.618422" lon="104.20267">
        <time>2026-05-12T11:10:21Z</time>
      </trkpt>
      <trkpt lat="30.61843" lon="104.20263">
        <time>2026-05-12T11:10:22Z</time>
      </trkpt>
      <trkpt lat="30.618435" lon="104.2026">
        <time>2026-05-12T11:10:23Z</time>
      </trkpt>
      <trkpt lat="30.618444" lon="104.20257">
        <time>2026-05-12T11:10:24Z</time>
      </trkpt>
      <trkpt lat="30.618456" lon="104.20252">
        <time>2026-05-12T11:10:25Z</time>
      </trkpt>
      <trkpt lat="30.61847" lon="104.202484">
        <time>2026-05-12T11:10:26Z</time>
      </trkpt>
      <trkpt lat="30.618477" lon="104.20245">
        <time>2026-05-12T11:10:27Z</time>
      </trkpt>
      <trkpt lat="30.618486" lon="104.20241">
        <time>2026-05-12T11:10:28Z</time>
      </trkpt>
      <trkpt lat="30.618496" lon="104.202354">
        <time>2026-05-12T11:10:29Z</time>
      </trkpt>
      <trkpt lat="30.618504" lon="104.20232">
        <time>2026-05-12T11:10:30Z</time>
      </trkpt>
      <trkpt lat="30.61851" lon="104.20228">
        <time>2026-05-12T11:10:31Z</time>
      </trkpt>
      <trkpt lat="30.618519" lon="104.20223">
        <time>2026-05-12T11:10:32Z</time>
      </trkpt>
      <trkpt lat="30.618528" lon="104.20219">
        <time>2026-05-12T11:10:33Z</time>
      </trkpt>
      <trkpt lat="30.618536" lon="104.20215">
        <time>2026-05-12T11:10:34Z</time>
      </trkpt>
      <trkpt lat="30.618546" lon="104.20211">
        <time>2026-05-12T11:10:35Z</time>
      </trkpt>
      <trkpt lat="30.618553" lon="104.20206">
        <time>2026-05-12T11:10:36Z</time>
      </trkpt>
      <trkpt lat="30.61856" lon="104.20202">
        <time>2026-05-12T11:10:37Z</time>
      </trkpt>
      <trkpt lat="30.618572" lon="104.201965">
        <time>2026-05-12T11:10:38Z</time>
      </trkpt>
      <trkpt lat="30.618587" lon="104.2019">
        <time>2026-05-12T11:10:39Z</time>
      </trkpt>
      <trkpt lat="30.618603" lon="104.201836">
        <time>2026-05-12T11:10:40Z</time>
      </trkpt>
      <trkpt lat="30.618614" lon="104.20179">
        <time>2026-05-12T11:10:41Z</time>
      </trkpt>
      <trkpt lat="30.618618" lon="104.20173">
        <time>2026-05-12T11:10:42Z</time>
      </trkpt>
      <trkpt lat="30.618628" lon="104.20168">
        <time>2026-05-12T11:10:43Z</time>
      </trkpt>
      <trkpt lat="30.618635" lon="104.20163">
        <time>2026-05-12T11:10:44Z</time>
      </trkpt>
      <trkpt lat="30.618643" lon="104.201584">
        <time>2026-05-12T11:10:45Z</time>
      </trkpt>
      <trkpt lat="30.618654" lon="104.20154">
        <time>2026-05-12T11:10:46Z</time>
      </trkpt>
      <trkpt lat="30.618656" lon="104.20151">
        <time>2026-05-12T11:10:47Z</time>
      </trkpt>
      <trkpt lat="30.618658" lon="104.20147">
        <time>2026-05-12T11:10:48Z</time>
      </trkpt>
      <trkpt lat="30.618668" lon="104.20143">
        <time>2026-05-12T11:10:49Z</time>
      </trkpt>
      <trkpt lat="30.61867" lon="104.20139">
        <time>2026-05-12T11:10:50Z</time>
      </trkpt>
      <trkpt lat="30.618675" lon="104.20134">
        <time>2026-05-12T11:10:51Z</time>
      </trkpt>
      <trkpt lat="30.61868" lon="104.201294">
        <time>2026-05-12T11:10:52Z</time>
      </trkpt>
      <trkpt lat="30.61869" lon="104.20127">
        <time>2026-05-12T11:10:53Z</time>
      </trkpt>
      <trkpt lat="30.6187" lon="104.20123">
        <time>2026-05-12T11:10:54Z</time>
      </trkpt>
      <trkpt lat="30.618711" lon="104.201195">
        <time>2026-05-12T11:10:55Z</time>
      </trkpt>
      <trkpt lat="30.618721" lon="104.20116">
        <time>2026-05-12T11:10:56Z</time>
      </trkpt>
      <trkpt lat="30.618738" lon="104.2011">
        <time>2026-05-12T11:10:57Z</time>
      </trkpt>
      <trkpt lat="30.61875" lon="104.20107">
        <time>2026-05-12T11:10:58Z</time>
      </trkpt>
      <trkpt lat="30.618767" lon="104.20104">
        <time>2026-05-12T11:10:59Z</time>
      </trkpt>
      <trkpt lat="30.618784" lon="104.201">
        <time>2026-05-12T11:11:00Z</time>
      </trkpt>
      <trkpt lat="30.618801" lon="104.20095">
        <time>2026-05-12T11:11:01Z</time>
      </trkpt>
      <trkpt lat="30.618814" lon="104.20092">
        <time>2026-05-12T11:11:02Z</time>
      </trkpt>
      <trkpt lat="30.618822" lon="104.20089">
        <time>2026-05-12T11:11:03Z</time>
      </trkpt>
      <trkpt lat="30.61883" lon="104.20086">
        <time>2026-05-12T11:11:04Z</time>
      </trkpt>
      <trkpt lat="30.618841" lon="104.200836">
        <time>2026-05-12T11:11:05Z</time>
      </trkpt>
      <trkpt lat="30.61886" lon="104.200806">
        <time>2026-05-12T11:11:06Z</time>
      </trkpt>
      <trkpt lat="30.61887" lon="104.20078">
        <time>2026-05-12T11:11:07Z</time>
      </trkpt>
      <trkpt lat="30.618877" lon="104.20075">
        <time>2026-05-12T11:11:08Z</time>
      </trkpt>
      <trkpt lat="30.618874" lon="104.200714">
        <time>2026-05-12T11:11:09Z</time>
      </trkpt>
      <trkpt lat="30.61887" lon="104.20067">
        <time>2026-05-12T11:11:10Z</time>
      </trkpt>
      <trkpt lat="30.618872" lon="104.200615">
        <time>2026-05-12T11:11:11Z</time>
      </trkpt>
      <trkpt lat="30.618877" lon="104.20058">
        <time>2026-05-12T11:11:12Z</time>
      </trkpt>
      <trkpt lat="30.618887" lon="104.20053">
        <time>2026-05-12T11:11:13Z</time>
      </trkpt>
      <trkpt lat="30.618895" lon="104.200485">
        <time>2026-05-12T11:11:14Z</time>
      </trkpt>
      <trkpt lat="30.618902" lon="104.20043">
        <time>2026-05-12T11:11:15Z</time>
      </trkpt>
      <trkpt lat="30.618908" lon="104.20038">
        <time>2026-05-12T11:11:16Z</time>
      </trkpt>
      <trkpt lat="30.618916" lon="104.20033">
        <time>2026-05-12T11:11:17Z</time>
      </trkpt>
      <trkpt lat="30.618921" lon="104.20027">
        <time>2026-05-12T11:11:18Z</time>
      </trkpt>
      <trkpt lat="30.618935" lon="104.20021">
        <time>2026-05-12T11:11:19Z</time>
      </trkpt>
      <trkpt lat="30.618946" lon="104.20016">
        <time>2026-05-12T11:11:20Z</time>
      </trkpt>
      <trkpt lat="30.618961" lon="104.2001">
        <time>2026-05-12T11:11:21Z</time>
      </trkpt>
      <trkpt lat="30.61897" lon="104.20004">
        <time>2026-05-12T11:11:22Z</time>
      </trkpt>
      <trkpt lat="30.618979" lon="104.19999">
        <time>2026-05-12T11:11:23Z</time>
      </trkpt>
      <trkpt lat="30.618988" lon="104.199936">
        <time>2026-05-12T11:11:24Z</time>
      </trkpt>
      <trkpt lat="30.618998" lon="104.199875">
        <time>2026-05-12T11:11:25Z</time>
      </trkpt>
      <trkpt lat="30.619007" lon="104.199814">
        <time>2026-05-12T11:11:26Z</time>
      </trkpt>
      <trkpt lat="30.619007" lon="104.199745">
        <time>2026-05-12T11:11:27Z</time>
      </trkpt>
      <trkpt lat="30.619013" lon="104.199684">
        <time>2026-05-12T11:11:28Z</time>
      </trkpt>
      <trkpt lat="30.619024" lon="104.19962">
        <time>2026-05-12T11:11:29Z</time>
      </trkpt>
      <trkpt lat="30.61903" lon="104.19957">
        <time>2026-05-12T11:11:30Z</time>
      </trkpt>
      <trkpt lat="30.619032" lon="104.19952">
        <time>2026-05-12T11:11:31Z</time>
      </trkpt>
      <trkpt lat="30.619038" lon="104.199455">
        <time>2026-05-12T11:11:32Z</time>
      </trkpt>
      <trkpt lat="30.619047" lon="104.1994">
        <time>2026-05-12T11:11:33Z</time>
      </trkpt>
      <trkpt lat="30.619057" lon="104.19934">
        <time>2026-05-12T11:11:34Z</time>
      </trkpt>
      <trkpt lat="30.619068" lon="104.19929">
        <time>2026-05-12T11:11:35Z</time>
      </trkpt>
      <trkpt lat="30.61908" lon="104.19923">
        <time>2026-05-12T11:11:36Z</time>
      </trkpt>
      <trkpt lat="30.61909" lon="104.19918">
        <time>2026-05-12T11:11:37Z</time>
      </trkpt>
      <trkpt lat="30.619102" lon="104.199135">
        <time>2026-05-12T11:11:38Z</time>
      </trkpt>
      <trkpt lat="30.619108" lon="104.19908">
        <time>2026-05-12T11:11:39Z</time>
      </trkpt>
      <trkpt lat="30.619116" lon="104.19904">
        <time>2026-05-12T11:11:40Z</time>
      </trkpt>
      <trkpt lat="30.619123" lon="104.199">
        <time>2026-05-12T11:11:41Z</time>
      </trkpt>
      <trkpt lat="30.619135" lon="104.19895">
        <time>2026-05-12T11:11:42Z</time>
      </trkpt>
      <trkpt lat="30.619148" lon="104.1989">
        <time>2026-05-12T11:11:43Z</time>
      </trkpt>
      <trkpt lat="30.619165" lon="104.198845">
        <time>2026-05-12T11:11:44Z</time>
      </trkpt>
      <trkpt lat="30.619183" lon="104.1988">
        <time>2026-05-12T11:11:45Z</time>
      </trkpt>
      <trkpt lat="30.619198" lon="104.198746">
        <time>2026-05-12T11:11:46Z</time>
      </trkpt>
      <trkpt lat="30.619215" lon="104.19869">
        <time>2026-05-12T11:11:47Z</time>
      </trkpt>
      <trkpt lat="30.619232" lon="104.19864">
        <time>2026-05-12T11:11:48Z</time>
      </trkpt>
      <trkpt lat="30.619246" lon="104.19859">
        <time>2026-05-12T11:11:49Z</time>
      </trkpt>
      <trkpt lat="30.619265" lon="104.19855">
        <time>2026-05-12T11:11:50Z</time>
      </trkpt>
      <trkpt lat="30.619278" lon="104.1985">
        <time>2026-05-12T11:11:51Z</time>
      </trkpt>
      <trkpt lat="30.619303" lon="104.19843">
        <time>2026-05-12T11:11:52Z</time>
      </trkpt>
      <trkpt lat="30.619324" lon="104.19838">
        <time>2026-05-12T11:11:53Z</time>
      </trkpt>
      <trkpt lat="30.619337" lon="104.19834">
        <time>2026-05-12T11:11:54Z</time>
      </trkpt>
      <trkpt lat="30.619349" lon="104.19829">
        <time>2026-05-12T11:11:55Z</time>
      </trkpt>
      <trkpt lat="30.619358" lon="104.19823">
        <time>2026-05-12T11:11:56Z</time>
      </trkpt>
      <trkpt lat="30.619368" lon="104.19817">
        <time>2026-05-12T11:11:57Z</time>
      </trkpt>
      <trkpt lat="30.619383" lon="104.19812">
        <time>2026-05-12T11:11:58Z</time>
      </trkpt>
      <trkpt lat="30.619396" lon="104.198074">
        <time>2026-05-12T11:11:59Z</time>
      </trkpt>
      <trkpt lat="30.619413" lon="104.19802">
        <time>2026-05-12T11:12:00Z</time>
      </trkpt>
      <trkpt lat="30.619429" lon="104.19797">
        <time>2026-05-12T11:12:01Z</time>
      </trkpt>
      <trkpt lat="30.619446" lon="104.197914">
        <time>2026-05-12T11:12:02Z</time>
      </trkpt>
      <trkpt lat="30.619455" lon="104.19787">
        <time>2026-05-12T11:12:03Z</time>
      </trkpt>
      <trkpt lat="30.619463" lon="104.197815">
        <time>2026-05-12T11:12:04Z</time>
      </trkpt>
      <trkpt lat="30.619473" lon="104.19777">
        <time>2026-05-12T11:12:05Z</time>
      </trkpt>
      <trkpt lat="30.619482" lon="104.19772">
        <time>2026-05-12T11:12:06Z</time>
      </trkpt>
      <trkpt lat="30.619495" lon="104.197655">
        <time>2026-05-12T11:12:07Z</time>
      </trkpt>
      <trkpt lat="30.619505" lon="104.1976">
        <time>2026-05-12T11:12:08Z</time>
      </trkpt>
      <trkpt lat="30.61952" lon="104.19755">
        <time>2026-05-12T11:12:09Z</time>
      </trkpt>
      <trkpt lat="30.619535" lon="104.19749">
        <time>2026-05-12T11:12:10Z</time>
      </trkpt>
      <trkpt lat="30.619549" lon="104.19744">
        <time>2026-05-12T11:12:11Z</time>
      </trkpt>
      <trkpt lat="30.619562" lon="104.19738">
        <time>2026-05-12T11:12:12Z</time>
      </trkpt>
      <trkpt lat="30.619574" lon="104.19733">
        <time>2026-05-12T11:12:13Z</time>
      </trkpt>
      <trkpt lat="30.619583" lon="104.19727">
        <time>2026-05-12T11:12:14Z</time>
      </trkpt>
      <trkpt lat="30.619593" lon="104.197235">
        <time>2026-05-12T11:12:15Z</time>
      </trkpt>
      <trkpt lat="30.619604" lon="104.19719">
        <time>2026-05-12T11:12:16Z</time>
      </trkpt>
      <trkpt lat="30.619616" lon="104.19715">
        <time>2026-05-12T11:12:17Z</time>
      </trkpt>
      <trkpt lat="30.619625" lon="104.197105">
        <time>2026-05-12T11:12:18Z</time>
      </trkpt>
      <trkpt lat="30.619638" lon="104.19705">
        <time>2026-05-12T11:12:19Z</time>
      </trkpt>
      <trkpt lat="30.61965" lon="104.19701">
        <time>2026-05-12T11:12:20Z</time>
      </trkpt>
      <trkpt lat="30.619658" lon="104.19696">
        <time>2026-05-12T11:12:21Z</time>
      </trkpt>
      <trkpt lat="30.61967" lon="104.19692">
        <time>2026-05-12T11:12:22Z</time>
      </trkpt>
      <trkpt lat="30.619684" lon="104.19687">
        <time>2026-05-12T11:12:23Z</time>
      </trkpt>
      <trkpt lat="30.619696" lon="104.196815">
        <time>2026-05-12T11:12:24Z</time>
      </trkpt>
      <trkpt lat="30.619709" lon="104.196754">
        <time>2026-05-12T11:12:25Z</time>
      </trkpt>
      <trkpt lat="30.619719" lon="104.19669">
        <time>2026-05-12T11:12:26Z</time>
      </trkpt>
      <trkpt lat="30.619732" lon="104.19664">
        <time>2026-05-12T11:12:27Z</time>
      </trkpt>
      <trkpt lat="30.619745" lon="104.196594">
        <time>2026-05-12T11:12:28Z</time>
      </trkpt>
      <trkpt lat="30.619751" lon="104.19654">
        <time>2026-05-12T11:12:29Z</time>
      </trkpt>
      <trkpt lat="30.619762" lon="104.19649">
        <time>2026-05-12T11:12:30Z</time>
      </trkpt>
      <trkpt lat="30.61977" lon="104.196434">
        <time>2026-05-12T11:12:31Z</time>
      </trkpt>
      <trkpt lat="30.619778" lon="104.19638">
        <time>2026-05-12T11:12:32Z</time>
      </trkpt>
      <trkpt lat="30.619778" lon="104.19632">
        <time>2026-05-12T11:12:33Z</time>
      </trkpt>
      <trkpt lat="30.619778" lon="104.19626">
        <time>2026-05-12T11:12:34Z</time>
      </trkpt>
      <trkpt lat="30.61978" lon="104.19619">
        <time>2026-05-12T11:12:35Z</time>
      </trkpt>
      <trkpt lat="30.619785" lon="104.19612">
        <time>2026-05-12T11:12:36Z</time>
      </trkpt>
      <trkpt lat="30.619795" lon="104.19607">
        <time>2026-05-12T11:12:37Z</time>
      </trkpt>
      <trkpt lat="30.619797" lon="104.19601">
        <time>2026-05-12T11:12:38Z</time>
      </trkpt>
      <trkpt lat="30.619799" lon="104.19594">
        <time>2026-05-12T11:12:39Z</time>
      </trkpt>
      <trkpt lat="30.6198" lon="104.19587">
        <time>2026-05-12T11:12:40Z</time>
      </trkpt>
      <trkpt lat="30.619806" lon="104.19579">
        <time>2026-05-12T11:12:41Z</time>
      </trkpt>
      <trkpt lat="30.619808" lon="104.195724">
        <time>2026-05-12T11:12:42Z</time>
      </trkpt>
      <trkpt lat="30.619812" lon="104.195656">
        <time>2026-05-12T11:12:43Z</time>
      </trkpt>
      <trkpt lat="30.619814" lon="104.195595">
        <time>2026-05-12T11:12:44Z</time>
      </trkpt>
      <trkpt lat="30.619816" lon="104.19555">
        <time>2026-05-12T11:12:45Z</time>
      </trkpt>
      <trkpt lat="30.619816" lon="104.195496">
        <time>2026-05-12T11:12:46Z</time>
      </trkpt>
      <trkpt lat="30.61982" lon="104.19546">
        <time>2026-05-12T11:12:47Z</time>
      </trkpt>
      <trkpt lat="30.619825" lon="104.19541">
        <time>2026-05-12T11:12:48Z</time>
      </trkpt>
      <trkpt lat="30.619843" lon="104.195366">
        <time>2026-05-12T11:12:49Z</time>
      </trkpt>
      <trkpt lat="30.619858" lon="104.19532">
        <time>2026-05-12T11:12:50Z</time>
      </trkpt>
      <trkpt lat="30.619875" lon="104.19524">
        <time>2026-05-12T11:12:51Z</time>
      </trkpt>
      <trkpt lat="30.61989" lon="104.19517">
        <time>2026-05-12T11:12:52Z</time>
      </trkpt>
      <trkpt lat="30.619902" lon="104.19511">
        <time>2026-05-12T11:12:53Z</time>
      </trkpt>
      <trkpt lat="30.619919" lon="104.19504">
        <time>2026-05-12T11:12:54Z</time>
      </trkpt>
      <trkpt lat="30.61993" lon="104.19498">
        <time>2026-05-12T11:12:55Z</time>
      </trkpt>
      <trkpt lat="30.619947" lon="104.194916">
        <time>2026-05-12T11:12:56Z</time>
      </trkpt>
      <trkpt lat="30.619965" lon="104.19486">
        <time>2026-05-12T11:12:57Z</time>
      </trkpt>
      <trkpt lat="30.619982" lon="104.19481">
        <time>2026-05-12T11:12:58Z</time>
      </trkpt>
      <trkpt lat="30.619995" lon="104.19476">
        <time>2026-05-12T11:12:59Z</time>
      </trkpt>
      <trkpt lat="30.620007" lon="104.19472">
        <time>2026-05-12T11:13:00Z</time>
      </trkpt>
      <trkpt lat="30.62002" lon="104.19467">
        <time>2026-05-12T11:13:01Z</time>
      </trkpt>
      <trkpt lat="30.620033" lon="104.19463">
        <time>2026-05-12T11:13:02Z</time>
      </trkpt>
      <trkpt lat="30.620047" lon="104.19459">
        <time>2026-05-12T11:13:03Z</time>
      </trkpt>
      <trkpt lat="30.620058" lon="104.19454">
        <time>2026-05-12T11:13:04Z</time>
      </trkpt>
      <trkpt lat="30.620071" lon="104.1945">
        <time>2026-05-12T11:13:05Z</time>
      </trkpt>
      <trkpt lat="30.62009" lon="104.19446">
        <time>2026-05-12T11:13:06Z</time>
      </trkpt>
      <trkpt lat="30.620106" lon="104.19441">
        <time>2026-05-12T11:13:07Z</time>
      </trkpt>
      <trkpt lat="30.620121" lon="104.19437">
        <time>2026-05-12T11:13:08Z</time>
      </trkpt>
      <trkpt lat="30.620138" lon="104.19433">
        <time>2026-05-12T11:13:09Z</time>
      </trkpt>
      <trkpt lat="30.620155" lon="104.1943">
        <time>2026-05-12T11:13:10Z</time>
      </trkpt>
      <trkpt lat="30.620174" lon="104.194275">
        <time>2026-05-12T11:13:11Z</time>
      </trkpt>
      <trkpt lat="30.620201" lon="104.194244">
        <time>2026-05-12T11:13:12Z</time>
      </trkpt>
      <trkpt lat="30.620228" lon="104.194214">
        <time>2026-05-12T11:13:13Z</time>
      </trkpt>
      <trkpt lat="30.620253" lon="104.194176">
        <time>2026-05-12T11:13:14Z</time>
      </trkpt>
      <trkpt lat="30.62028" lon="104.19413">
        <time>2026-05-12T11:13:15Z</time>
      </trkpt>
      <trkpt lat="30.62031" lon="104.194084">
        <time>2026-05-12T11:13:16Z</time>
      </trkpt>
      <trkpt lat="30.620338" lon="104.19404">
        <time>2026-05-12T11:13:17Z</time>
      </trkpt>
      <trkpt lat="30.620365" lon="104.194">
        <time>2026-05-12T11:13:18Z</time>
      </trkpt>
      <trkpt lat="30.62039" lon="104.19396">
        <time>2026-05-12T11:13:19Z</time>
      </trkpt>
      <trkpt lat="30.620417" lon="104.19392">
        <time>2026-05-12T11:13:20Z</time>
      </trkpt>
      <trkpt lat="30.620684" lon="104.193054">
        <time>2026-05-12T11:13:34Z</time>
      </trkpt>
      <trkpt lat="30.620726" lon="104.193016">
        <time>2026-05-12T11:13:36Z</time>
      </trkpt>
      <trkpt lat="30.620756" lon="104.19297">
        <time>2026-05-12T11:13:37Z</time>
      </trkpt>
      <trkpt lat="30.620771" lon="104.19292">
        <time>2026-05-12T11:13:38Z</time>
      </trkpt>
      <trkpt lat="30.620794" lon="104.19285">
        <time>2026-05-12T11:13:39Z</time>
      </trkpt>
      <trkpt lat="30.62082" lon="104.192795">
        <time>2026-05-12T11:13:40Z</time>
      </trkpt>
      <trkpt lat="30.620846" lon="104.19273">
        <time>2026-05-12T11:13:41Z</time>
      </trkpt>
      <trkpt lat="30.620867" lon="104.19267">
        <time>2026-05-12T11:13:42Z</time>
      </trkpt>
      <trkpt lat="30.620893" lon="104.19262">
        <time>2026-05-12T11:13:43Z</time>
      </trkpt>
      <trkpt lat="30.620913" lon="104.19256">
        <time>2026-05-12T11:13:44Z</time>
      </trkpt>
      <trkpt lat="30.620932" lon="104.1925">
        <time>2026-05-12T11:13:45Z</time>
      </trkpt>
      <trkpt lat="30.62095" lon="104.19244">
        <time>2026-05-12T11:13:46Z</time>
      </trkpt>
      <trkpt lat="30.620968" lon="104.19237">
        <time>2026-05-12T11:13:47Z</time>
      </trkpt>
      <trkpt lat="30.620987" lon="104.1923">
        <time>2026-05-12T11:13:48Z</time>
      </trkpt>
      <trkpt lat="30.621004" lon="104.19222">
        <time>2026-05-12T11:13:49Z</time>
      </trkpt>
      <trkpt lat="30.62102" lon="104.192154">
        <time>2026-05-12T11:13:50Z</time>
      </trkpt>
      <trkpt lat="30.621033" lon="104.192085">
        <time>2026-05-12T11:13:51Z</time>
      </trkpt>
      <trkpt lat="30.621048" lon="104.19201">
        <time>2026-05-12T11:13:52Z</time>
      </trkpt>
      <trkpt lat="30.621063" lon="104.19194">
        <time>2026-05-12T11:13:53Z</time>
      </trkpt>
      <trkpt lat="30.621077" lon="104.191864">
        <time>2026-05-12T11:13:54Z</time>
      </trkpt>
      <trkpt lat="30.621092" lon="104.19179">
        <time>2026-05-12T11:13:55Z</time>
      </trkpt>
      <trkpt lat="30.621103" lon="104.19172">
        <time>2026-05-12T11:13:56Z</time>
      </trkpt>
      <trkpt lat="30.621117" lon="104.19164">
        <time>2026-05-12T11:13:57Z</time>
      </trkpt>
      <trkpt lat="30.621134" lon="104.19157">
        <time>2026-05-12T11:13:58Z</time>
      </trkpt>
      <trkpt lat="30.62115" lon="104.19149">
        <time>2026-05-12T11:13:59Z</time>
      </trkpt>
      <trkpt lat="30.621162" lon="104.19142">
        <time>2026-05-12T11:14:00Z</time>
      </trkpt>
      <trkpt lat="30.62118" lon="104.191345">
        <time>2026-05-12T11:14:01Z</time>
      </trkpt>
      <trkpt lat="30.621195" lon="104.19127">
        <time>2026-05-12T11:14:02Z</time>
      </trkpt>
      <trkpt lat="30.62121" lon="104.19119">
        <time>2026-05-12T11:14:03Z</time>
      </trkpt>
      <trkpt lat="30.621223" lon="104.19112">
        <time>2026-05-12T11:14:04Z</time>
      </trkpt>
      <trkpt lat="30.621235" lon="104.19104">
        <time>2026-05-12T11:14:05Z</time>
      </trkpt>
      <trkpt lat="30.621248" lon="104.19096">
        <time>2026-05-12T11:14:06Z</time>
      </trkpt>
      <trkpt lat="30.621262" lon="104.19089">
        <time>2026-05-12T11:14:07Z</time>
      </trkpt>
      <trkpt lat="30.621275" lon="104.19081">
        <time>2026-05-12T11:14:08Z</time>
      </trkpt>
      <trkpt lat="30.62129" lon="104.19074">
        <time>2026-05-12T11:14:09Z</time>
      </trkpt>
      <trkpt lat="30.621305" lon="104.19067">
        <time>2026-05-12T11:14:10Z</time>
      </trkpt>
      <trkpt lat="30.62132" lon="104.1906">
        <time>2026-05-12T11:14:11Z</time>
      </trkpt>
      <trkpt lat="30.621336" lon="104.19052">
        <time>2026-05-12T11:14:12Z</time>
      </trkpt>
      <trkpt lat="30.621351" lon="104.19045">
        <time>2026-05-12T11:14:13Z</time>
      </trkpt>
      <trkpt lat="30.62137" lon="104.19038">
        <time>2026-05-12T11:14:14Z</time>
      </trkpt>
      <trkpt lat="30.621387" lon="104.1903">
        <time>2026-05-12T11:14:15Z</time>
      </trkpt>
      <trkpt lat="30.6214" lon="104.19022">
        <time>2026-05-12T11:14:16Z</time>
      </trkpt>
      <trkpt lat="30.621418" lon="104.190155">
        <time>2026-05-12T11:14:17Z</time>
      </trkpt>
      <trkpt lat="30.621437" lon="104.19008">
        <time>2026-05-12T11:14:18Z</time>
      </trkpt>
      <trkpt lat="30.621454" lon="104.189995">
        <time>2026-05-12T11:14:19Z</time>
      </trkpt>
      <trkpt lat="30.621475" lon="104.18991">
        <time>2026-05-12T11:14:20Z</time>
      </trkpt>
      <trkpt lat="30.621492" lon="104.18983">
        <time>2026-05-12T11:14:21Z</time>
      </trkpt>
      <trkpt lat="30.621511" lon="104.18975">
        <time>2026-05-12T11:14:22Z</time>
      </trkpt>
      <trkpt lat="30.621532" lon="104.18967">
        <time>2026-05-12T11:14:23Z</time>
      </trkpt>
      <trkpt lat="30.621548" lon="104.18958">
        <time>2026-05-12T11:14:24Z</time>
      </trkpt>
      <trkpt lat="30.621567" lon="104.1895">
        <time>2026-05-12T11:14:25Z</time>
      </trkpt>
      <trkpt lat="30.621586" lon="104.189415">
        <time>2026-05-12T11:14:26Z</time>
      </trkpt>
      <trkpt lat="30.621603" lon="104.18933">
        <time>2026-05-12T11:14:27Z</time>
      </trkpt>
      <trkpt lat="30.621622" lon="104.18925">
        <time>2026-05-12T11:14:28Z</time>
      </trkpt>
      <trkpt lat="30.62164" lon="104.189156">
        <time>2026-05-12T11:14:29Z</time>
      </trkpt>
      <trkpt lat="30.621653" lon="104.18907">
        <time>2026-05-12T11:14:30Z</time>
      </trkpt>
      <trkpt lat="30.621668" lon="104.18899">
        <time>2026-05-12T11:14:31Z</time>
      </trkpt>
      <trkpt lat="30.621685" lon="104.1889">
        <time>2026-05-12T11:14:32Z</time>
      </trkpt>
      <trkpt lat="30.621704" lon="104.18883">
        <time>2026-05-12T11:14:33Z</time>
      </trkpt>
      <trkpt lat="30.621717" lon="104.18874">
        <time>2026-05-12T11:14:34Z</time>
      </trkpt>
      <trkpt lat="30.621735" lon="104.18867">
        <time>2026-05-12T11:14:35Z</time>
      </trkpt>
      <trkpt lat="30.621752" lon="104.18858">
        <time>2026-05-12T11:14:36Z</time>
      </trkpt>
      <trkpt lat="30.621769" lon="104.18851">
        <time>2026-05-12T11:14:37Z</time>
      </trkpt>
      <trkpt lat="30.621784" lon="104.18842">
        <time>2026-05-12T11:14:38Z</time>
      </trkpt>
      <trkpt lat="30.621801" lon="104.18835">
        <time>2026-05-12T11:14:39Z</time>
      </trkpt>
      <trkpt lat="30.621819" lon="104.18827">
        <time>2026-05-12T11:14:40Z</time>
      </trkpt>
      <trkpt lat="30.621834" lon="104.188194">
        <time>2026-05-12T11:14:41Z</time>
      </trkpt>
      <trkpt lat="30.62185" lon="104.18812">
        <time>2026-05-12T11:14:42Z</time>
      </trkpt>
      <trkpt lat="30.621862" lon="104.18804">
        <time>2026-05-12T11:14:43Z</time>
      </trkpt>
      <trkpt lat="30.621876" lon="104.187965">
        <time>2026-05-12T11:14:44Z</time>
      </trkpt>
      <trkpt lat="30.62189" lon="104.18789">
        <time>2026-05-12T11:14:45Z</time>
      </trkpt>
      <trkpt lat="30.621904" lon="104.18782">
        <time>2026-05-12T11:14:46Z</time>
      </trkpt>
      <trkpt lat="30.621918" lon="104.187744">
        <time>2026-05-12T11:14:47Z</time>
      </trkpt>
      <trkpt lat="30.62193" lon="104.187675">
        <time>2026-05-12T11:14:48Z</time>
      </trkpt>
      <trkpt lat="30.621944" lon="104.1876">
        <time>2026-05-12T11:14:49Z</time>
      </trkpt>
      <trkpt lat="30.621964" lon="104.18753">
        <time>2026-05-12T11:14:50Z</time>
      </trkpt>
      <trkpt lat="30.621979" lon="104.18746">
        <time>2026-05-12T11:14:51Z</time>
      </trkpt>
      <trkpt lat="30.621994" lon="104.18739">
        <time>2026-05-12T11:14:52Z</time>
      </trkpt>
      <trkpt lat="30.62201" lon="104.187325">
        <time>2026-05-12T11:14:53Z</time>
      </trkpt>
      <trkpt lat="30.622026" lon="104.187256">
        <time>2026-05-12T11:14:54Z</time>
      </trkpt>
      <trkpt lat="30.622044" lon="104.18719">
        <time>2026-05-12T11:14:55Z</time>
      </trkpt>
      <trkpt lat="30.622057" lon="104.18712">
        <time>2026-05-12T11:14:56Z</time>
      </trkpt>
      <trkpt lat="30.622068" lon="104.18705">
        <time>2026-05-12T11:14:57Z</time>
      </trkpt>
      <trkpt lat="30.622084" lon="104.18698">
        <time>2026-05-12T11:14:58Z</time>
      </trkpt>
      <trkpt lat="30.622097" lon="104.18692">
        <time>2026-05-12T11:14:59Z</time>
      </trkpt>
      <trkpt lat="30.622108" lon="104.18686">
        <time>2026-05-12T11:15:00Z</time>
      </trkpt>
      <trkpt lat="30.62212" lon="104.1868">
        <time>2026-05-12T11:15:01Z</time>
      </trkpt>
      <trkpt lat="30.622133" lon="104.18674">
        <time>2026-05-12T11:15:02Z</time>
      </trkpt>
      <trkpt lat="30.622147" lon="104.186676">
        <time>2026-05-12T11:15:03Z</time>
      </trkpt>
      <trkpt lat="30.62216" lon="104.186615">
        <time>2026-05-12T11:15:04Z</time>
      </trkpt>
      <trkpt lat="30.622173" lon="104.186554">
        <time>2026-05-12T11:15:05Z</time>
      </trkpt>
      <trkpt lat="30.62218" lon="104.186485">
        <time>2026-05-12T11:15:06Z</time>
      </trkpt>
      <trkpt lat="30.622192" lon="104.186424">
        <time>2026-05-12T11:15:07Z</time>
      </trkpt>
      <trkpt lat="30.622202" lon="104.18636">
        <time>2026-05-12T11:15:08Z</time>
      </trkpt>
      <trkpt lat="30.622211" lon="104.1863">
        <time>2026-05-12T11:15:09Z</time>
      </trkpt>
      <trkpt lat="30.622221" lon="104.18624">
        <time>2026-05-12T11:15:10Z</time>
      </trkpt>
      <trkpt lat="30.622232" lon="104.18618">
        <time>2026-05-12T11:15:11Z</time>
      </trkpt>
      <trkpt lat="30.622246" lon="104.18612">
        <time>2026-05-12T11:15:12Z</time>
      </trkpt>
      <trkpt lat="30.62226" lon="104.18606">
        <time>2026-05-12T11:15:13Z</time>
      </trkpt>
      <trkpt lat="30.62227" lon="104.186005">
        <time>2026-05-12T11:15:14Z</time>
      </trkpt>
      <trkpt lat="30.62228" lon="104.18594">
        <time>2026-05-12T11:15:15Z</time>
      </trkpt>
      <trkpt lat="30.622292" lon="104.18589">
        <time>2026-05-12T11:15:16Z</time>
      </trkpt>
      <trkpt lat="30.622305" lon="104.18583">
        <time>2026-05-12T11:15:17Z</time>
      </trkpt>
      <trkpt lat="30.62232" lon="104.185776">
        <time>2026-05-12T11:15:18Z</time>
      </trkpt>
      <trkpt lat="30.622332" lon="104.18571">
        <time>2026-05-12T11:15:19Z</time>
      </trkpt>
      <trkpt lat="30.622347" lon="104.18565">
        <time>2026-05-12T11:15:20Z</time>
      </trkpt>
      <trkpt lat="30.622362" lon="104.18559">
        <time>2026-05-12T11:15:21Z</time>
      </trkpt>
      <trkpt lat="30.622374" lon="104.18554">
        <time>2026-05-12T11:15:22Z</time>
      </trkpt>
      <trkpt lat="30.622385" lon="104.18548">
        <time>2026-05-12T11:15:23Z</time>
      </trkpt>
      <trkpt lat="30.622396" lon="104.185425">
        <time>2026-05-12T11:15:24Z</time>
      </trkpt>
      <trkpt lat="30.622406" lon="104.18537">
        <time>2026-05-12T11:15:25Z</time>
      </trkpt>
      <trkpt lat="30.62242" lon="104.1853">
        <time>2026-05-12T11:15:26Z</time>
      </trkpt>
      <trkpt lat="30.62243" lon="104.185234">
        <time>2026-05-12T11:15:27Z</time>
      </trkpt>
      <trkpt lat="30.622446" lon="104.18516">
        <time>2026-05-12T11:15:28Z</time>
      </trkpt>
      <trkpt lat="30.622461" lon="104.18508">
        <time>2026-05-12T11:15:29Z</time>
      </trkpt>
      <trkpt lat="30.622475" lon="104.18501">
        <time>2026-05-12T11:15:30Z</time>
      </trkpt>
      <trkpt lat="30.622488" lon="104.18495">
        <time>2026-05-12T11:15:31Z</time>
      </trkpt>
      <trkpt lat="30.622501" lon="104.18488">
        <time>2026-05-12T11:15:32Z</time>
      </trkpt>
      <trkpt lat="30.622513" lon="104.18482">
        <time>2026-05-12T11:15:33Z</time>
      </trkpt>
      <trkpt lat="30.622524" lon="104.18476">
        <time>2026-05-12T11:15:34Z</time>
      </trkpt>
      <trkpt lat="30.622536" lon="104.1847">
        <time>2026-05-12T11:15:35Z</time>
      </trkpt>
      <trkpt lat="30.622547" lon="104.18463">
        <time>2026-05-12T11:15:36Z</time>
      </trkpt>
      <trkpt lat="30.62256" lon="104.18457">
        <time>2026-05-12T11:15:37Z</time>
      </trkpt>
      <trkpt lat="30.62257" lon="104.1845">
        <time>2026-05-12T11:15:38Z</time>
      </trkpt>
      <trkpt lat="30.622581" lon="104.18444">
        <time>2026-05-12T11:15:39Z</time>
      </trkpt>
      <trkpt lat="30.622593" lon="104.18438">
        <time>2026-05-12T11:15:40Z</time>
      </trkpt>
      <trkpt lat="30.622602" lon="104.184326">
        <time>2026-05-12T11:15:41Z</time>
      </trkpt>
      <trkpt lat="30.622616" lon="104.184265">
        <time>2026-05-12T11:15:42Z</time>
      </trkpt>
      <trkpt lat="30.62263" lon="104.18421">
        <time>2026-05-12T11:15:43Z</time>
      </trkpt>
      <trkpt lat="30.62264" lon="104.18415">
        <time>2026-05-12T11:15:44Z</time>
      </trkpt>
      <trkpt lat="30.622652" lon="104.18409">
        <time>2026-05-12T11:15:45Z</time>
      </trkpt>
      <trkpt lat="30.622663" lon="104.18404">
        <time>2026-05-12T11:15:46Z</time>
      </trkpt>
      <trkpt lat="30.622677" lon="104.183975">
        <time>2026-05-12T11:15:47Z</time>
      </trkpt>
      <trkpt lat="30.62269" lon="104.18392">
        <time>2026-05-12T11:15:48Z</time>
      </trkpt>
      <trkpt lat="30.622702" lon="104.18386">
        <time>2026-05-12T11:15:49Z</time>
      </trkpt>
      <trkpt lat="30.622713" lon="104.18381">
        <time>2026-05-12T11:15:50Z</time>
      </trkpt>
      <trkpt lat="30.622725" lon="104.18375">
        <time>2026-05-12T11:15:51Z</time>
      </trkpt>
      <trkpt lat="30.622742" lon="104.18369">
        <time>2026-05-12T11:15:52Z</time>
      </trkpt>
      <trkpt lat="30.622755" lon="104.18364">
        <time>2026-05-12T11:15:53Z</time>
      </trkpt>
      <trkpt lat="30.622766" lon="104.18358">
        <time>2026-05-12T11:15:54Z</time>
      </trkpt>
      <trkpt lat="30.622778" lon="104.183525">
        <time>2026-05-12T11:15:55Z</time>
      </trkpt>
      <trkpt lat="30.62279" lon="104.183464">
        <time>2026-05-12T11:15:56Z</time>
      </trkpt>
      <trkpt lat="30.622805" lon="104.18341">
        <time>2026-05-12T11:15:57Z</time>
      </trkpt>
      <trkpt lat="30.622818" lon="104.18336">
        <time>2026-05-12T11:15:58Z</time>
      </trkpt>
      <trkpt lat="30.622833" lon="104.1833">
        <time>2026-05-12T11:15:59Z</time>
      </trkpt>
      <trkpt lat="30.622847" lon="104.18324">
        <time>2026-05-12T11:16:00Z</time>
      </trkpt>
      <trkpt lat="30.622858" lon="104.18318">
        <time>2026-05-12T11:16:01Z</time>
      </trkpt>
      <trkpt lat="30.622871" lon="104.18312">
        <time>2026-05-12T11:16:02Z</time>
      </trkpt>
      <trkpt lat="30.62289" lon="104.18306">
        <time>2026-05-12T11:16:03Z</time>
      </trkpt>
      <trkpt lat="30.62291" lon="104.183">
        <time>2026-05-12T11:16:04Z</time>
      </trkpt>
      <trkpt lat="30.622927" lon="104.18294">
        <time>2026-05-12T11:16:05Z</time>
      </trkpt>
      <trkpt lat="30.622946" lon="104.182884">
        <time>2026-05-12T11:16:06Z</time>
      </trkpt>
      <trkpt lat="30.622961" lon="104.18282">
        <time>2026-05-12T11:16:07Z</time>
      </trkpt>
      <trkpt lat="30.622982" lon="104.18276">
        <time>2026-05-12T11:16:08Z</time>
      </trkpt>
      <trkpt lat="30.623" lon="104.18271">
        <time>2026-05-12T11:16:09Z</time>
      </trkpt>
      <trkpt lat="30.623016" lon="104.18265">
        <time>2026-05-12T11:16:10Z</time>
      </trkpt>
      <trkpt lat="30.623035" lon="104.182594">
        <time>2026-05-12T11:16:11Z</time>
      </trkpt>
      <trkpt lat="30.623053" lon="104.18253">
        <time>2026-05-12T11:16:12Z</time>
      </trkpt>
      <trkpt lat="30.623072" lon="104.182465">
        <time>2026-05-12T11:16:13Z</time>
      </trkpt>
      <trkpt lat="30.62309" lon="104.1824">
        <time>2026-05-12T11:16:14Z</time>
      </trkpt>
      <trkpt lat="30.623104" lon="104.18234">
        <time>2026-05-12T11:16:15Z</time>
      </trkpt>
      <trkpt lat="30.62312" lon="104.182274">
        <time>2026-05-12T11:16:16Z</time>
      </trkpt>
      <trkpt lat="30.62314" lon="104.18221">
        <time>2026-05-12T11:16:17Z</time>
      </trkpt>
      <trkpt lat="30.623161" lon="104.18215">
        <time>2026-05-12T11:16:18Z</time>
      </trkpt>
      <trkpt lat="30.623182" lon="104.18208">
        <time>2026-05-12T11:16:19Z</time>
      </trkpt>
      <trkpt lat="30.6232" lon="104.18202">
        <time>2026-05-12T11:16:20Z</time>
      </trkpt>
      <trkpt lat="30.62322" lon="104.18195">
        <time>2026-05-12T11:16:21Z</time>
      </trkpt>
      <trkpt lat="30.62324" lon="104.18189">
        <time>2026-05-12T11:16:22Z</time>
      </trkpt>
      <trkpt lat="30.62326" lon="104.18182">
        <time>2026-05-12T11:16:23Z</time>
      </trkpt>
      <trkpt lat="30.623281" lon="104.18176">
        <time>2026-05-12T11:16:24Z</time>
      </trkpt>
      <trkpt lat="30.623304" lon="104.181694">
        <time>2026-05-12T11:16:25Z</time>
      </trkpt>
      <trkpt lat="30.62333" lon="104.181625">
        <time>2026-05-12T11:16:26Z</time>
      </trkpt>
      <trkpt lat="30.623358" lon="104.181564">
        <time>2026-05-12T11:16:27Z</time>
      </trkpt>
      <trkpt lat="30.623386" lon="104.181496">
        <time>2026-05-12T11:16:28Z</time>
      </trkpt>
      <trkpt lat="30.623415" lon="104.181435">
        <time>2026-05-12T11:16:29Z</time>
      </trkpt>
      <trkpt lat="30.62344" lon="104.181366">
        <time>2026-05-12T11:16:30Z</time>
      </trkpt>
      <trkpt lat="30.623463" lon="104.1813">
        <time>2026-05-12T11:16:31Z</time>
      </trkpt>
      <trkpt lat="30.623486" lon="104.18123">
        <time>2026-05-12T11:16:32Z</time>
      </trkpt>
      <trkpt lat="30.62351" lon="104.18116">
        <time>2026-05-12T11:16:33Z</time>
      </trkpt>
      <trkpt lat="30.623531" lon="104.18108">
        <time>2026-05-12T11:16:34Z</time>
      </trkpt>
      <trkpt lat="30.623549" lon="104.181015">
        <time>2026-05-12T11:16:35Z</time>
      </trkpt>
      <trkpt lat="30.623566" lon="104.18094">
        <time>2026-05-12T11:16:36Z</time>
      </trkpt>
      <trkpt lat="30.623587" lon="104.18086">
        <time>2026-05-12T11:16:37Z</time>
      </trkpt>
      <trkpt lat="30.623611" lon="104.180786">
        <time>2026-05-12T11:16:38Z</time>
      </trkpt>
      <trkpt lat="30.623638" lon="104.18071">
        <time>2026-05-12T11:16:39Z</time>
      </trkpt>
      <trkpt lat="30.623663" lon="104.18064">
        <time>2026-05-12T11:16:40Z</time>
      </trkpt>
      <trkpt lat="30.623692" lon="104.180565">
        <time>2026-05-12T11:16:41Z</time>
      </trkpt>
      <trkpt lat="30.623716" lon="104.18049">
        <time>2026-05-12T11:16:42Z</time>
      </trkpt>
      <trkpt lat="30.623747" lon="104.18041">
        <time>2026-05-12T11:16:43Z</time>
      </trkpt>
      <trkpt lat="30.623775" lon="104.180336">
        <time>2026-05-12T11:16:44Z</time>
      </trkpt>
      <trkpt lat="30.623804" lon="104.18026">
        <time>2026-05-12T11:16:45Z</time>
      </trkpt>
      <trkpt lat="30.62383" lon="104.18018">
        <time>2026-05-12T11:16:46Z</time>
      </trkpt>
      <trkpt lat="30.623857" lon="104.1801">
        <time>2026-05-12T11:16:47Z</time>
      </trkpt>
      <trkpt lat="30.623886" lon="104.18002">
        <time>2026-05-12T11:16:48Z</time>
      </trkpt>
      <trkpt lat="30.623917" lon="104.17994">
        <time>2026-05-12T11:16:49Z</time>
      </trkpt>
      <trkpt lat="30.623945" lon="104.17986">
        <time>2026-05-12T11:16:50Z</time>
      </trkpt>
      <trkpt lat="30.623976" lon="104.17978">
        <time>2026-05-12T11:16:51Z</time>
      </trkpt>
      <trkpt lat="30.624006" lon="104.179695">
        <time>2026-05-12T11:16:52Z</time>
      </trkpt>
      <trkpt lat="30.624037" lon="104.17962">
        <time>2026-05-12T11:16:53Z</time>
      </trkpt>
      <trkpt lat="30.624067" lon="104.179535">
        <time>2026-05-12T11:16:54Z</time>
      </trkpt>
      <trkpt lat="30.624098" lon="104.17945">
        <time>2026-05-12T11:16:55Z</time>
      </trkpt>
      <trkpt lat="30.624126" lon="104.17937">
        <time>2026-05-12T11:16:56Z</time>
      </trkpt>
      <trkpt lat="30.624157" lon="104.17928">
        <time>2026-05-12T11:16:57Z</time>
      </trkpt>
      <trkpt lat="30.624187" lon="104.1792">
        <time>2026-05-12T11:16:58Z</time>
      </trkpt>
      <trkpt lat="30.624218" lon="104.179115">
        <time>2026-05-12T11:16:59Z</time>
      </trkpt>
      <trkpt lat="30.624249" lon="104.17903">
        <time>2026-05-12T11:17:00Z</time>
      </trkpt>
      <trkpt lat="30.624275" lon="104.17894">
        <time>2026-05-12T11:17:01Z</time>
      </trkpt>
      <trkpt lat="30.624306" lon="104.178856">
        <time>2026-05-12T11:17:02Z</time>
      </trkpt>
      <trkpt lat="30.624338" lon="104.17877">
        <time>2026-05-12T11:17:03Z</time>
      </trkpt>
      <trkpt lat="30.624369" lon="104.17869">
        <time>2026-05-12T11:17:04Z</time>
      </trkpt>
      <trkpt lat="30.624395" lon="104.178604">
        <time>2026-05-12T11:17:05Z</time>
      </trkpt>
      <trkpt lat="30.624426" lon="104.17852">
        <time>2026-05-12T11:17:06Z</time>
      </trkpt>
      <trkpt lat="30.624454" lon="104.178444">
        <time>2026-05-12T11:17:07Z</time>
      </trkpt>
      <trkpt lat="30.624483" lon="104.17836">
        <time>2026-05-12T11:17:08Z</time>
      </trkpt>
      <trkpt lat="30.624516" lon="104.17828">
        <time>2026-05-12T11:17:09Z</time>
      </trkpt>
      <trkpt lat="30.624544" lon="104.178215">
        <time>2026-05-12T11:17:10Z</time>
      </trkpt>
      <trkpt lat="30.624569" lon="104.17814">
        <time>2026-05-12T11:17:11Z</time>
      </trkpt>
      <trkpt lat="30.624598" lon="104.17807">
        <time>2026-05-12T11:17:12Z</time>
      </trkpt>
      <trkpt lat="30.624624" lon="104.17799">
        <time>2026-05-12T11:17:13Z</time>
      </trkpt>
      <trkpt lat="30.624651" lon="104.17793">
        <time>2026-05-12T11:17:14Z</time>
      </trkpt>
      <trkpt lat="30.62468" lon="104.177864">
        <time>2026-05-12T11:17:15Z</time>
      </trkpt>
      <trkpt lat="30.624712" lon="104.1778">
        <time>2026-05-12T11:17:16Z</time>
      </trkpt>
      <trkpt lat="30.624743" lon="104.17774">
        <time>2026-05-12T11:17:17Z</time>
      </trkpt>
      <trkpt lat="30.62477" lon="104.17769">
        <time>2026-05-12T11:17:18Z</time>
      </trkpt>
      <trkpt lat="30.624796" lon="104.17763">
        <time>2026-05-12T11:17:19Z</time>
      </trkpt>
      <trkpt lat="30.624817" lon="104.17757">
        <time>2026-05-12T11:17:20Z</time>
      </trkpt>
      <trkpt lat="30.624838" lon="104.177505">
        <time>2026-05-12T11:17:21Z</time>
      </trkpt>
      <trkpt lat="30.624859" lon="104.17745">
        <time>2026-05-12T11:17:22Z</time>
      </trkpt>
      <trkpt lat="30.624876" lon="104.1774">
        <time>2026-05-12T11:17:23Z</time>
      </trkpt>
      <trkpt lat="30.62489" lon="104.177345">
        <time>2026-05-12T11:17:24Z</time>
      </trkpt>
      <trkpt lat="30.624903" lon="104.177284">
        <time>2026-05-12T11:17:25Z</time>
      </trkpt>
      <trkpt lat="30.624914" lon="104.17723">
        <time>2026-05-12T11:17:26Z</time>
      </trkpt>
      <trkpt lat="30.624926" lon="104.17718">
        <time>2026-05-12T11:17:27Z</time>
      </trkpt>
      <trkpt lat="30.62494" lon="104.177124">
        <time>2026-05-12T11:17:28Z</time>
      </trkpt>
      <trkpt lat="30.62496" lon="104.17707">
        <time>2026-05-12T11:17:29Z</time>
      </trkpt>
      <trkpt lat="30.624977" lon="104.17702">
        <time>2026-05-12T11:17:30Z</time>
      </trkpt>
      <trkpt lat="30.624992" lon="104.17696">
        <time>2026-05-12T11:17:31Z</time>
      </trkpt>
      <trkpt lat="30.62501" lon="104.17692">
        <time>2026-05-12T11:17:32Z</time>
      </trkpt>
      <trkpt lat="30.62503" lon="104.176865">
        <time>2026-05-12T11:17:33Z</time>
      </trkpt>
      <trkpt lat="30.625048" lon="104.17681">
        <time>2026-05-12T11:17:34Z</time>
      </trkpt>
      <trkpt lat="30.625069" lon="104.176765">
        <time>2026-05-12T11:17:35Z</time>
      </trkpt>
      <trkpt lat="30.62509" lon="104.17672">
        <time>2026-05-12T11:17:36Z</time>
      </trkpt>
      <trkpt lat="30.62511" lon="104.17667">
        <time>2026-05-12T11:17:37Z</time>
      </trkpt>
      <trkpt lat="30.625128" lon="104.17662">
        <time>2026-05-12T11:17:38Z</time>
      </trkpt>
      <trkpt lat="30.625147" lon="104.17657">
        <time>2026-05-12T11:17:39Z</time>
      </trkpt>
      <trkpt lat="30.625164" lon="104.17652">
        <time>2026-05-12T11:17:40Z</time>
      </trkpt>
      <trkpt lat="30.625181" lon="104.17647">
        <time>2026-05-12T11:17:41Z</time>
      </trkpt>
      <trkpt lat="30.6252" lon="104.17642">
        <time>2026-05-12T11:17:42Z</time>
      </trkpt>
      <trkpt lat="30.625217" lon="104.17637">
        <time>2026-05-12T11:17:43Z</time>
      </trkpt>
      <trkpt lat="30.625238" lon="104.176315">
        <time>2026-05-12T11:17:44Z</time>
      </trkpt>
      <trkpt lat="30.625257" lon="104.17626">
        <time>2026-05-12T11:17:45Z</time>
      </trkpt>
      <trkpt lat="30.625277" lon="104.176216">
        <time>2026-05-12T11:17:46Z</time>
      </trkpt>
      <trkpt lat="30.6253" lon="104.17617">
        <time>2026-05-12T11:17:47Z</time>
      </trkpt>
      <trkpt lat="30.625324" lon="104.176125">
        <time>2026-05-12T11:17:48Z</time>
      </trkpt>
      <trkpt lat="30.62535" lon="104.17608">
        <time>2026-05-12T11:17:49Z</time>
      </trkpt>
      <trkpt lat="30.625372" lon="104.17603">
        <time>2026-05-12T11:17:50Z</time>
      </trkpt>
      <trkpt lat="30.625393" lon="104.175995">
        <time>2026-05-12T11:17:51Z</time>
      </trkpt>
      <trkpt lat="30.625412" lon="104.17595">
        <time>2026-05-12T11:17:52Z</time>
      </trkpt>
      <trkpt lat="30.625422" lon="104.175896">
        <time>2026-05-12T11:17:53Z</time>
      </trkpt>
      <trkpt lat="30.62543" lon="104.17584">
        <time>2026-05-12T11:17:54Z</time>
      </trkpt>
      <trkpt lat="30.62544" lon="104.1758">
        <time>2026-05-12T11:17:55Z</time>
      </trkpt>
      <trkpt lat="30.625456" lon="104.17574">
        <time>2026-05-12T11:17:56Z</time>
      </trkpt>
      <trkpt lat="30.62547" lon="104.17569">
        <time>2026-05-12T11:17:57Z</time>
      </trkpt>
      <trkpt lat="30.625488" lon="104.17564">
        <time>2026-05-12T11:17:58Z</time>
      </trkpt>
      <trkpt lat="30.625507" lon="104.17559">
        <time>2026-05-12T11:17:59Z</time>
      </trkpt>
      <trkpt lat="30.625525" lon="104.17554">
        <time>2026-05-12T11:18:00Z</time>
      </trkpt>
      <trkpt lat="30.625544" lon="104.17549">
        <time>2026-05-12T11:18:01Z</time>
      </trkpt>
      <trkpt lat="30.62556" lon="104.17544">
        <time>2026-05-12T11:18:02Z</time>
      </trkpt>
      <trkpt lat="30.62558" lon="104.175385">
        <time>2026-05-12T11:18:03Z</time>
      </trkpt>
      <trkpt lat="30.625599" lon="104.17533">
        <time>2026-05-12T11:18:04Z</time>
      </trkpt>
      <trkpt lat="30.625616" lon="104.17528">
        <time>2026-05-12T11:18:05Z</time>
      </trkpt>
      <trkpt lat="30.625633" lon="104.175224">
        <time>2026-05-12T11:18:06Z</time>
      </trkpt>
      <trkpt lat="30.625654" lon="104.17517">
        <time>2026-05-12T11:18:07Z</time>
      </trkpt>
      <trkpt lat="30.62567" lon="104.175125">
        <time>2026-05-12T11:18:08Z</time>
      </trkpt>
      <trkpt lat="30.62569" lon="104.17507">
        <time>2026-05-12T11:18:09Z</time>
      </trkpt>
      <trkpt lat="30.62571" lon="104.17502">
        <time>2026-05-12T11:18:10Z</time>
      </trkpt>
      <trkpt lat="30.625727" lon="104.174965">
        <time>2026-05-12T11:18:11Z</time>
      </trkpt>
      <trkpt lat="30.625746" lon="104.17491">
        <time>2026-05-12T11:18:12Z</time>
      </trkpt>
      <trkpt lat="30.625765" lon="104.17486">
        <time>2026-05-12T11:18:13Z</time>
      </trkpt>
      <trkpt lat="30.625784" lon="104.174805">
        <time>2026-05-12T11:18:14Z</time>
      </trkpt>
      <trkpt lat="30.6258" lon="104.17475">
        <time>2026-05-12T11:18:15Z</time>
      </trkpt>
      <trkpt lat="30.625822" lon="104.1747">
        <time>2026-05-12T11:18:16Z</time>
      </trkpt>
      <trkpt lat="30.625841" lon="104.174644">
        <time>2026-05-12T11:18:17Z</time>
      </trkpt>
      <trkpt lat="30.625862" lon="104.17459">
        <time>2026-05-12T11:18:18Z</time>
      </trkpt>
      <trkpt lat="30.625881" lon="104.17454">
        <time>2026-05-12T11:18:19Z</time>
      </trkpt>
      <trkpt lat="30.6259" lon="104.174484">
        <time>2026-05-12T11:18:20Z</time>
      </trkpt>
      <trkpt lat="30.625917" lon="104.17443">
        <time>2026-05-12T11:18:21Z</time>
      </trkpt>
      <trkpt lat="30.625935" lon="104.17437">
        <time>2026-05-12T11:18:22Z</time>
      </trkpt>
      <trkpt lat="30.625954" lon="104.174324">
        <time>2026-05-12T11:18:23Z</time>
      </trkpt>
      <trkpt lat="30.62597" lon="104.17427">
        <time>2026-05-12T11:18:24Z</time>
      </trkpt>
      <trkpt lat="30.625992" lon="104.174225">
        <time>2026-05-12T11:18:25Z</time>
      </trkpt>
      <trkpt lat="30.62601" lon="104.17417">
        <time>2026-05-12T11:18:26Z</time>
      </trkpt>
      <trkpt lat="30.62603" lon="104.17412">
        <time>2026-05-12T11:18:27Z</time>
      </trkpt>
      <trkpt lat="30.62605" lon="104.174065">
        <time>2026-05-12T11:18:28Z</time>
      </trkpt>
      <trkpt lat="30.626072" lon="104.17401">
        <time>2026-05-12T11:18:29Z</time>
      </trkpt>
      <trkpt lat="30.626091" lon="104.17395">
        <time>2026-05-12T11:18:30Z</time>
      </trkpt>
      <trkpt lat="30.62611" lon="104.1739">
        <time>2026-05-12T11:18:31Z</time>
      </trkpt>
      <trkpt lat="30.626131" lon="104.17385">
        <time>2026-05-12T11:18:32Z</time>
      </trkpt>
      <trkpt lat="30.626154" lon="104.17379">
        <time>2026-05-12T11:18:33Z</time>
      </trkpt>
      <trkpt lat="30.626173" lon="104.17374">
        <time>2026-05-12T11:18:34Z</time>
      </trkpt>
      <trkpt lat="30.626194" lon="104.17368">
        <time>2026-05-12T11:18:35Z</time>
      </trkpt>
      <trkpt lat="30.626213" lon="104.17363">
        <time>2026-05-12T11:18:36Z</time>
      </trkpt>
      <trkpt lat="30.62623" lon="104.17357">
        <time>2026-05-12T11:18:37Z</time>
      </trkpt>
      <trkpt lat="30.626253" lon="104.17351">
        <time>2026-05-12T11:18:38Z</time>
      </trkpt>
      <trkpt lat="30.626274" lon="104.17345">
        <time>2026-05-12T11:18:39Z</time>
      </trkpt>
      <trkpt lat="30.626293" lon="104.17339">
        <time>2026-05-12T11:18:40Z</time>
      </trkpt>
      <trkpt lat="30.626318" lon="104.17334">
        <time>2026-05-12T11:18:41Z</time>
      </trkpt>
      <trkpt lat="30.626339" lon="104.17328">
        <time>2026-05-12T11:18:42Z</time>
      </trkpt>
      <trkpt lat="30.626354" lon="104.17322">
        <time>2026-05-12T11:18:43Z</time>
      </trkpt>
      <trkpt lat="30.626377" lon="104.17316">
        <time>2026-05-12T11:18:44Z</time>
      </trkpt>
      <trkpt lat="30.626396" lon="104.173096">
        <time>2026-05-12T11:18:45Z</time>
      </trkpt>
      <trkpt lat="30.626421" lon="104.173035">
        <time>2026-05-12T11:18:46Z</time>
      </trkpt>
      <trkpt lat="30.626446" lon="104.17297">
        <time>2026-05-12T11:18:47Z</time>
      </trkpt>
      <trkpt lat="30.626472" lon="104.17292">
        <time>2026-05-12T11:18:48Z</time>
      </trkpt>
      <trkpt lat="30.626497" lon="104.17286">
        <time>2026-05-12T11:18:49Z</time>
      </trkpt>
      <trkpt lat="30.626518" lon="104.1728">
        <time>2026-05-12T11:18:50Z</time>
      </trkpt>
      <trkpt lat="30.62654" lon="104.17274">
        <time>2026-05-12T11:18:51Z</time>
      </trkpt>
      <trkpt lat="30.626562" lon="104.17268">
        <time>2026-05-12T11:18:52Z</time>
      </trkpt>
      <trkpt lat="30.626587" lon="104.172615">
        <time>2026-05-12T11:18:53Z</time>
      </trkpt>
      <trkpt lat="30.62661" lon="104.17255">
        <time>2026-05-12T11:18:54Z</time>
      </trkpt>
      <trkpt lat="30.62663" lon="104.172485">
        <time>2026-05-12T11:18:55Z</time>
      </trkpt>
      <trkpt lat="30.626657" lon="104.172424">
        <time>2026-05-12T11:18:56Z</time>
      </trkpt>
      <trkpt lat="30.626682" lon="104.17236">
        <time>2026-05-12T11:18:57Z</time>
      </trkpt>
      <trkpt lat="30.626705" lon="104.1723">
        <time>2026-05-12T11:18:58Z</time>
      </trkpt>
      <trkpt lat="30.62673" lon="104.17224">
        <time>2026-05-12T11:18:59Z</time>
      </trkpt>
      <trkpt lat="30.62675" lon="104.17218">
        <time>2026-05-12T11:19:00Z</time>
      </trkpt>
      <trkpt lat="30.626776" lon="104.17211">
        <time>2026-05-12T11:19:01Z</time>
      </trkpt>
      <trkpt lat="30.626802" lon="104.17205">
        <time>2026-05-12T11:19:02Z</time>
      </trkpt>
      <trkpt lat="30.62683" lon="104.17199">
        <time>2026-05-12T11:19:03Z</time>
      </trkpt>
      <trkpt lat="30.626856" lon="104.17193">
        <time>2026-05-12T11:19:04Z</time>
      </trkpt>
      <trkpt lat="30.626883" lon="104.17187">
        <time>2026-05-12T11:19:05Z</time>
      </trkpt>
      <trkpt lat="30.62691" lon="104.1718">
        <time>2026-05-12T11:19:06Z</time>
      </trkpt>
      <trkpt lat="30.626938" lon="104.171745">
        <time>2026-05-12T11:19:07Z</time>
      </trkpt>
      <trkpt lat="30.626966" lon="104.171684">
        <time>2026-05-12T11:19:08Z</time>
      </trkpt>
      <trkpt lat="30.626997" lon="104.17162">
        <time>2026-05-12T11:19:09Z</time>
      </trkpt>
      <trkpt lat="30.627026" lon="104.17156">
        <time>2026-05-12T11:19:10Z</time>
      </trkpt>
      <trkpt lat="30.627054" lon="104.17151">
        <time>2026-05-12T11:19:11Z</time>
      </trkpt>
      <trkpt lat="30.627079" lon="104.17145">
        <time>2026-05-12T11:19:12Z</time>
      </trkpt>
      <trkpt lat="30.627108" lon="104.171394">
        <time>2026-05-12T11:19:13Z</time>
      </trkpt>
      <trkpt lat="30.627132" lon="104.17133">
        <time>2026-05-12T11:19:14Z</time>
      </trkpt>
      <trkpt lat="30.627163" lon="104.17127">
        <time>2026-05-12T11:19:15Z</time>
      </trkpt>
      <trkpt lat="30.627193" lon="104.1712">
        <time>2026-05-12T11:19:16Z</time>
      </trkpt>
      <trkpt lat="30.627216" lon="104.171135">
        <time>2026-05-12T11:19:17Z</time>
      </trkpt>
      <trkpt lat="30.627243" lon="104.171074">
        <time>2026-05-12T11:19:18Z</time>
      </trkpt>
      <trkpt lat="30.62727" lon="104.17101">
        <time>2026-05-12T11:19:19Z</time>
      </trkpt>
      <trkpt lat="30.627298" lon="104.17096">
        <time>2026-05-12T11:19:20Z</time>
      </trkpt>
      <trkpt lat="30.627329" lon="104.1709">
        <time>2026-05-12T11:19:21Z</time>
      </trkpt>
      <trkpt lat="30.62736" lon="104.170845">
        <time>2026-05-12T11:19:22Z</time>
      </trkpt>
      <trkpt lat="30.627392" lon="104.17078">
        <time>2026-05-12T11:19:23Z</time>
      </trkpt>
      <trkpt lat="30.627419" lon="104.17072">
        <time>2026-05-12T11:19:24Z</time>
      </trkpt>
      <trkpt lat="30.627443" lon="104.17066">
        <time>2026-05-12T11:19:25Z</time>
      </trkpt>
      <trkpt lat="30.627468" lon="104.1706">
        <time>2026-05-12T11:19:26Z</time>
      </trkpt>
      <trkpt lat="30.627493" lon="104.17055">
        <time>2026-05-12T11:19:27Z</time>
      </trkpt>
      <trkpt lat="30.627514" lon="104.17049">
        <time>2026-05-12T11:19:28Z</time>
      </trkpt>
      <trkpt lat="30.62753" lon="104.170425">
        <time>2026-05-12T11:19:29Z</time>
      </trkpt>
      <trkpt lat="30.62755" lon="104.170364">
        <time>2026-05-12T11:19:30Z</time>
      </trkpt>
      <trkpt lat="30.627575" lon="104.1703">
        <time>2026-05-12T11:19:31Z</time>
      </trkpt>
      <trkpt lat="30.627602" lon="104.17025">
        <time>2026-05-12T11:19:32Z</time>
      </trkpt>
      <trkpt lat="30.627636" lon="104.1702">
        <time>2026-05-12T11:19:33Z</time>
      </trkpt>
      <trkpt lat="30.627672" lon="104.17014">
        <time>2026-05-12T11:19:34Z</time>
      </trkpt>
      <trkpt lat="30.627703" lon="104.17008">
        <time>2026-05-12T11:19:35Z</time>
      </trkpt>
      <trkpt lat="30.627731" lon="104.17003">
        <time>2026-05-12T11:19:36Z</time>
      </trkpt>
      <trkpt lat="30.627758" lon="104.16997">
        <time>2026-05-12T11:19:37Z</time>
      </trkpt>
      <trkpt lat="30.627783" lon="104.16991">
        <time>2026-05-12T11:19:38Z</time>
      </trkpt>
      <trkpt lat="30.62781" lon="104.16985">
        <time>2026-05-12T11:19:39Z</time>
      </trkpt>
      <trkpt lat="30.627832" lon="104.16979">
        <time>2026-05-12T11:19:40Z</time>
      </trkpt>
      <trkpt lat="30.62786" lon="104.16973">
        <time>2026-05-12T11:19:41Z</time>
      </trkpt>
      <trkpt lat="30.627888" lon="104.16967">
        <time>2026-05-12T11:19:42Z</time>
      </trkpt>
      <trkpt lat="30.62792" lon="104.16962">
        <time>2026-05-12T11:19:43Z</time>
      </trkpt>
      <trkpt lat="30.627953" lon="104.16956">
        <time>2026-05-12T11:19:44Z</time>
      </trkpt>
      <trkpt lat="30.627983" lon="104.1695">
        <time>2026-05-12T11:19:45Z</time>
      </trkpt>
      <trkpt lat="30.628012" lon="104.16944">
        <time>2026-05-12T11:19:46Z</time>
      </trkpt>
      <trkpt lat="30.628038" lon="104.16938">
        <time>2026-05-12T11:19:47Z</time>
      </trkpt>
      <trkpt lat="30.628067" lon="104.16932">
        <time>2026-05-12T11:19:48Z</time>
      </trkpt>
      <trkpt lat="30.628094" lon="104.16926">
        <time>2026-05-12T11:19:49Z</time>
      </trkpt>
      <trkpt lat="30.62812" lon="104.1692">
        <time>2026-05-12T11:19:50Z</time>
      </trkpt>
      <trkpt lat="30.628145" lon="104.169136">
        <time>2026-05-12T11:19:51Z</time>
      </trkpt>
      <trkpt lat="30.628172" lon="104.169075">
        <time>2026-05-12T11:19:52Z</time>
      </trkpt>
      <trkpt lat="30.628202" lon="104.16902">
        <time>2026-05-12T11:19:53Z</time>
      </trkpt>
      <trkpt lat="30.628237" lon="104.16896">
        <time>2026-05-12T11:19:54Z</time>
      </trkpt>
      <trkpt lat="30.62827" lon="104.16891">
        <time>2026-05-12T11:19:55Z</time>
      </trkpt>
      <trkpt lat="30.628298" lon="104.168846">
        <time>2026-05-12T11:19:56Z</time>
      </trkpt>
      <trkpt lat="30.628334" lon="104.16879">
        <time>2026-05-12T11:19:57Z</time>
      </trkpt>
      <trkpt lat="30.62837" lon="104.16874">
        <time>2026-05-12T11:19:58Z</time>
      </trkpt>
      <trkpt lat="30.628405" lon="104.168686">
        <time>2026-05-12T11:19:59Z</time>
      </trkpt>
      <trkpt lat="30.628439" lon="104.168625">
        <time>2026-05-12T11:20:00Z</time>
      </trkpt>
      <trkpt lat="30.62847" lon="104.168564">
        <time>2026-05-12T11:20:01Z</time>
      </trkpt>
      <trkpt lat="30.628506" lon="104.16851">
        <time>2026-05-12T11:20:02Z</time>
      </trkpt>
      <trkpt lat="30.628538" lon="104.16845">
        <time>2026-05-12T11:20:03Z</time>
      </trkpt>
      <trkpt lat="30.628574" lon="104.168396">
        <time>2026-05-12T11:20:04Z</time>
      </trkpt>
      <trkpt lat="30.628609" lon="104.168335">
        <time>2026-05-12T11:20:05Z</time>
      </trkpt>
      <trkpt lat="30.628635" lon="104.168274">
        <time>2026-05-12T11:20:06Z</time>
      </trkpt>
      <trkpt lat="30.628662" lon="104.168205">
        <time>2026-05-12T11:20:07Z</time>
      </trkpt>
      <trkpt lat="30.628696" lon="104.16815">
        <time>2026-05-12T11:20:08Z</time>
      </trkpt>
      <trkpt lat="30.628729" lon="104.16809">
        <time>2026-05-12T11:20:09Z</time>
      </trkpt>
      <trkpt lat="30.628765" lon="104.16804">
        <time>2026-05-12T11:20:10Z</time>
      </trkpt>
      <trkpt lat="30.628798" lon="104.167984">
        <time>2026-05-12T11:20:11Z</time>
      </trkpt>
      <trkpt lat="30.628834" lon="104.16793">
        <time>2026-05-12T11:20:12Z</time>
      </trkpt>
      <trkpt lat="30.628868" lon="104.16788">
        <time>2026-05-12T11:20:13Z</time>
      </trkpt>
      <trkpt lat="30.628902" lon="104.16783">
        <time>2026-05-12T11:20:14Z</time>
      </trkpt>
      <trkpt lat="30.62894" lon="104.16777">
        <time>2026-05-12T11:20:15Z</time>
      </trkpt>
      <trkpt lat="30.628986" lon="104.16773">
        <time>2026-05-12T11:20:16Z</time>
      </trkpt>
      <trkpt lat="30.629036" lon="104.1677">
        <time>2026-05-12T11:20:17Z</time>
      </trkpt>
      <trkpt lat="30.629087" lon="104.16768">
        <time>2026-05-12T11:20:18Z</time>
      </trkpt>
      <trkpt lat="30.629139" lon="104.16766">
        <time>2026-05-12T11:20:19Z</time>
      </trkpt>
      <trkpt lat="30.629187" lon="104.16764">
        <time>2026-05-12T11:20:20Z</time>
      </trkpt>
      <trkpt lat="30.62923" lon="104.167625">
        <time>2026-05-12T11:20:21Z</time>
      </trkpt>
      <trkpt lat="30.629261" lon="104.16761">
        <time>2026-05-12T11:20:22Z</time>
      </trkpt>
      <trkpt lat="30.629284" lon="104.167595">
        <time>2026-05-12T11:20:23Z</time>
      </trkpt>
      <trkpt lat="30.629292" lon="104.16756">
        <time>2026-05-12T11:20:24Z</time>
      </trkpt>
      <trkpt lat="30.629295" lon="104.16753">
        <time>2026-05-12T11:20:25Z</time>
      </trkpt>
      <trkpt lat="30.629301" lon="104.167496">
        <time>2026-05-12T11:20:26Z</time>
      </trkpt>
      <trkpt lat="30.629309" lon="104.167465">
        <time>2026-05-12T11:20:27Z</time>
      </trkpt>
      <trkpt lat="30.629313" lon="104.16746">
        <time>2026-05-12T11:20:28Z</time>
      </trkpt>
      <trkpt lat="30.629314" lon="104.16745">
        <time>2026-05-12T11:20:29Z</time>
      </trkpt>
      <trkpt lat="30.629314" lon="104.16745">
        <time>2026-05-12T11:20:30Z</time>
      </trkpt>
      <trkpt lat="30.629314" lon="104.16745">
        <time>2026-05-12T11:20:31Z</time>
      </trkpt>
      <trkpt lat="30.629314" lon="104.16745">
        <time>2026-05-12T11:20:32Z</time>
      </trkpt>
      <trkpt lat="30.629314" lon="104.16745">
        <time>2026-05-12T11:20:33Z</time>
      </trkpt>
      <trkpt lat="30.629314" lon="104.16745">
        <time>2026-05-12T11:20:34Z</time>
      </trkpt>
      <trkpt lat="30.629314" lon="104.16745">
        <time>2026-05-12T11:20:35Z</time>
      </trkpt>
      <trkpt lat="30.629314" lon="104.16745">
        <time>2026-05-12T11:20:36Z</time>
      </trkpt>
      <trkpt lat="30.629314" lon="104.16745">
        <time>2026-05-12T11:20:37Z</time>
      </trkpt>
      <trkpt lat="30.629314" lon="104.16745">
        <time>2026-05-12T11:20:38Z</time>
      </trkpt>
      <trkpt lat="30.629314" lon="104.16745">
        <time>2026-05-12T11:20:39Z</time>
      </trkpt>
      <trkpt lat="30.629314" lon="104.16745">
        <time>2026-05-12T11:20:40Z</time>
      </trkpt>
      <trkpt lat="30.629314" lon="104.16745">
        <time>2026-05-12T11:20:41Z</time>
      </trkpt>
      <trkpt lat="30.629314" lon="104.16745">
        <time>2026-05-12T11:20:42Z</time>
      </trkpt>
      <trkpt lat="30.629314" lon="104.16745">
        <time>2026-05-12T11:20:43Z</time>
      </trkpt>
      <trkpt lat="30.629314" lon="104.16745">
        <time>2026-05-12T11:20:44Z</time>
      </trkpt>
      <trkpt lat="30.629314" lon="104.16745">
        <time>2026-05-12T11:20:45Z</time>
      </trkpt>
      <trkpt lat="30.629314" lon="104.16745">
        <time>2026-05-12T11:20:46Z</time>
      </trkpt>
      <trkpt lat="30.629314" lon="104.16745">
        <time>2026-05-12T11:20:47Z</time>
      </trkpt>
      <trkpt lat="30.629314" lon="104.16745">
        <time>2026-05-12T11:20:48Z</time>
      </trkpt>
      <trkpt lat="30.629314" lon="104.16745">
        <time>2026-05-12T11:20:49Z</time>
      </trkpt>
      <trkpt lat="30.629314" lon="104.16745">
        <time>2026-05-12T11:20:50Z</time>
      </trkpt>
      <trkpt lat="30.629314" lon="104.16745">
        <time>2026-05-12T11:20:51Z</time>
      </trkpt>
      <trkpt lat="30.629314" lon="104.16745">
        <time>2026-05-12T11:20:52Z</time>
      </trkpt>
      <trkpt lat="30.629314" lon="104.16745">
        <time>2026-05-12T11:20:53Z</time>
      </trkpt>
      <trkpt lat="30.629332" lon="104.16743">
        <time>2026-05-12T11:20:54Z</time>
      </trkpt>
      <trkpt lat="30.629343" lon="104.16741">
        <time>2026-05-12T11:20:55Z</time>
      </trkpt>
      <trkpt lat="30.629349" lon="104.16737">
        <time>2026-05-12T11:20:56Z</time>
      </trkpt>
      <trkpt lat="30.62935" lon="104.16734">
        <time>2026-05-12T11:20:57Z</time>
      </trkpt>
      <trkpt lat="30.629353" lon="104.167305">
        <time>2026-05-12T11:20:58Z</time>
      </trkpt>
      <trkpt lat="30.62936" lon="104.16727">
        <time>2026-05-12T11:20:59Z</time>
      </trkpt>
      <trkpt lat="30.62938" lon="104.16721">
        <time>2026-05-12T11:21:00Z</time>
      </trkpt>
      <trkpt lat="30.629395" lon="104.16717">
        <time>2026-05-12T11:21:01Z</time>
      </trkpt>
      <trkpt lat="30.629417" lon="104.16713">
        <time>2026-05-12T11:21:02Z</time>
      </trkpt>
      <trkpt lat="30.629442" lon="104.16708">
        <time>2026-05-12T11:21:03Z</time>
      </trkpt>
      <trkpt lat="30.629463" lon="104.16703">
        <time>2026-05-12T11:21:04Z</time>
      </trkpt>
      <trkpt lat="30.62949" lon="104.16698">
        <time>2026-05-12T11:21:05Z</time>
      </trkpt>
      <trkpt lat="30.629519" lon="104.16692">
        <time>2026-05-12T11:21:06Z</time>
      </trkpt>
      <trkpt lat="30.629549" lon="104.16686">
        <time>2026-05-12T11:21:07Z</time>
      </trkpt>
      <trkpt lat="30.629568" lon="104.1668">
        <time>2026-05-12T11:21:08Z</time>
      </trkpt>
      <trkpt lat="30.62958" lon="104.16675">
        <time>2026-05-12T11:21:09Z</time>
      </trkpt>
      <trkpt lat="30.629595" lon="104.16669">
        <time>2026-05-12T11:21:10Z</time>
      </trkpt>
      <trkpt lat="30.629606" lon="104.16661">
        <time>2026-05-12T11:21:11Z</time>
      </trkpt>
      <trkpt lat="30.62963" lon="104.16656">
        <time>2026-05-12T11:21:12Z</time>
      </trkpt>
      <trkpt lat="30.629652" lon="104.166504">
        <time>2026-05-12T11:21:13Z</time>
      </trkpt>
      <trkpt lat="30.629673" lon="104.166435">
        <time>2026-05-12T11:21:14Z</time>
      </trkpt>
      <trkpt lat="30.629696" lon="104.16638">
        <time>2026-05-12T11:21:15Z</time>
      </trkpt>
      <trkpt lat="30.629713" lon="104.16632">
        <time>2026-05-12T11:21:16Z</time>
      </trkpt>
      <trkpt lat="30.629736" lon="104.16625">
        <time>2026-05-12T11:21:17Z</time>
      </trkpt>
      <trkpt lat="30.629759" lon="104.16618">
        <time>2026-05-12T11:21:18Z</time>
      </trkpt>
      <trkpt lat="30.629784" lon="104.16612">
        <time>2026-05-12T11:21:19Z</time>
      </trkpt>
      <trkpt lat="30.629803" lon="104.16605">
        <time>2026-05-12T11:21:20Z</time>
      </trkpt>
      <trkpt lat="30.62982" lon="104.16599">
        <time>2026-05-12T11:21:21Z</time>
      </trkpt>
      <trkpt lat="30.62984" lon="104.16593">
        <time>2026-05-12T11:21:22Z</time>
      </trkpt>
      <trkpt lat="30.629858" lon="104.16587">
        <time>2026-05-12T11:21:23Z</time>
      </trkpt>
      <trkpt lat="30.629877" lon="104.1658">
        <time>2026-05-12T11:21:24Z</time>
      </trkpt>
      <trkpt lat="30.629896" lon="104.16574">
        <time>2026-05-12T11:21:25Z</time>
      </trkpt>
      <trkpt lat="30.62992" lon="104.16568">
        <time>2026-05-12T11:21:26Z</time>
      </trkpt>
      <trkpt lat="30.629942" lon="104.16562">
        <time>2026-05-12T11:21:27Z</time>
      </trkpt>
      <trkpt lat="30.62997" lon="104.16556">
        <time>2026-05-12T11:21:28Z</time>
      </trkpt>
      <trkpt lat="30.63" lon="104.165504">
        <time>2026-05-12T11:21:29Z</time>
      </trkpt>
      <trkpt lat="30.630035" lon="104.16544">
        <time>2026-05-12T11:21:30Z</time>
      </trkpt>
      <trkpt lat="30.630068" lon="104.16538">
        <time>2026-05-12T11:21:31Z</time>
      </trkpt>
      <trkpt lat="30.630098" lon="104.16532">
        <time>2026-05-12T11:21:32Z</time>
      </trkpt>
      <trkpt lat="30.63013" lon="104.16526">
        <time>2026-05-12T11:21:33Z</time>
      </trkpt>
      <trkpt lat="30.630156" lon="104.1652">
        <time>2026-05-12T11:21:34Z</time>
      </trkpt>
      <trkpt lat="30.630178" lon="104.16514">
        <time>2026-05-12T11:21:35Z</time>
      </trkpt>
      <trkpt lat="30.630207" lon="104.16507">
        <time>2026-05-12T11:21:36Z</time>
      </trkpt>
      <trkpt lat="30.630238" lon="104.16501">
        <time>2026-05-12T11:21:37Z</time>
      </trkpt>
      <trkpt lat="30.63027" lon="104.16495">
        <time>2026-05-12T11:21:38Z</time>
      </trkpt>
      <trkpt lat="30.6303" lon="104.16488">
        <time>2026-05-12T11:21:39Z</time>
      </trkpt>
      <trkpt lat="30.63033" lon="104.164825">
        <time>2026-05-12T11:21:40Z</time>
      </trkpt>
      <trkpt lat="30.63036" lon="104.164764">
        <time>2026-05-12T11:21:41Z</time>
      </trkpt>
      <trkpt lat="30.63039" lon="104.1647">
        <time>2026-05-12T11:21:42Z</time>
      </trkpt>
      <trkpt lat="30.63042" lon="104.16464">
        <time>2026-05-12T11:21:43Z</time>
      </trkpt>
      <trkpt lat="30.63045" lon="104.16458">
        <time>2026-05-12T11:21:44Z</time>
      </trkpt>
      <trkpt lat="30.63048" lon="104.16452">
        <time>2026-05-12T11:21:45Z</time>
      </trkpt>
      <trkpt lat="30.630512" lon="104.16445">
        <time>2026-05-12T11:21:46Z</time>
      </trkpt>
      <trkpt lat="30.63054" lon="104.16438">
        <time>2026-05-12T11:21:47Z</time>
      </trkpt>
      <trkpt lat="30.630571" lon="104.16432">
        <time>2026-05-12T11:21:48Z</time>
      </trkpt>
      <trkpt lat="30.6306" lon="104.16425">
        <time>2026-05-12T11:21:49Z</time>
      </trkpt>
      <trkpt lat="30.63063" lon="104.164185">
        <time>2026-05-12T11:21:50Z</time>
      </trkpt>
      <trkpt lat="30.63066" lon="104.16412">
        <time>2026-05-12T11:21:51Z</time>
      </trkpt>
      <trkpt lat="30.630688" lon="104.164055">
        <time>2026-05-12T11:21:52Z</time>
      </trkpt>
      <trkpt lat="30.630714" lon="104.16399">
        <time>2026-05-12T11:21:53Z</time>
      </trkpt>
      <trkpt lat="30.63074" lon="104.163925">
        <time>2026-05-12T11:21:54Z</time>
      </trkpt>
      <trkpt lat="30.630766" lon="104.16386">
        <time>2026-05-12T11:21:55Z</time>
      </trkpt>
      <trkpt lat="30.630793" lon="104.163795">
        <time>2026-05-12T11:21:56Z</time>
      </trkpt>
      <trkpt lat="30.630821" lon="104.16373">
        <time>2026-05-12T11:21:57Z</time>
      </trkpt>
      <trkpt lat="30.63085" lon="104.16366">
        <time>2026-05-12T11:21:58Z</time>
      </trkpt>
      <trkpt lat="30.63088" lon="104.1636">
        <time>2026-05-12T11:21:59Z</time>
      </trkpt>
      <trkpt lat="30.63091" lon="104.16353">
        <time>2026-05-12T11:22:00Z</time>
      </trkpt>
      <trkpt lat="30.630941" lon="104.16347">
        <time>2026-05-12T11:22:01Z</time>
      </trkpt>
      <trkpt lat="30.63097" lon="104.16341">
        <time>2026-05-12T11:22:02Z</time>
      </trkpt>
      <trkpt lat="30.630999" lon="104.163345">
        <time>2026-05-12T11:22:03Z</time>
      </trkpt>
      <trkpt lat="30.63103" lon="104.163284">
        <time>2026-05-12T11:22:04Z</time>
      </trkpt>
      <trkpt lat="30.63106" lon="104.16322">
        <time>2026-05-12T11:22:05Z</time>
      </trkpt>
      <trkpt lat="30.63109" lon="104.16316">
        <time>2026-05-12T11:22:06Z</time>
      </trkpt>
      <trkpt lat="30.63112" lon="104.1631">
        <time>2026-05-12T11:22:07Z</time>
      </trkpt>
      <trkpt lat="30.631151" lon="104.16304">
        <time>2026-05-12T11:22:08Z</time>
      </trkpt>
      <trkpt lat="30.63118" lon="104.16298">
        <time>2026-05-12T11:22:09Z</time>
      </trkpt>
      <trkpt lat="30.631208" lon="104.16291">
        <time>2026-05-12T11:22:10Z</time>
      </trkpt>
      <trkpt lat="30.631237" lon="104.16285">
        <time>2026-05-12T11:22:11Z</time>
      </trkpt>
      <trkpt lat="30.631266" lon="104.16278">
        <time>2026-05-12T11:22:12Z</time>
      </trkpt>
      <trkpt lat="30.631292" lon="104.16272">
        <time>2026-05-12T11:22:13Z</time>
      </trkpt>
      <trkpt lat="30.631317" lon="104.16265">
        <time>2026-05-12T11:22:14Z</time>
      </trkpt>
      <trkpt lat="30.631346" lon="104.16259">
        <time>2026-05-12T11:22:15Z</time>
      </trkpt>
      <trkpt lat="30.631378" lon="104.16253">
        <time>2026-05-12T11:22:16Z</time>
      </trkpt>
      <trkpt lat="30.631407" lon="104.16247">
        <time>2026-05-12T11:22:17Z</time>
      </trkpt>
      <trkpt lat="30.631437" lon="104.1624">
        <time>2026-05-12T11:22:18Z</time>
      </trkpt>
      <trkpt lat="30.631466" lon="104.16234">
        <time>2026-05-12T11:22:19Z</time>
      </trkpt>
      <trkpt lat="30.631493" lon="104.16227">
        <time>2026-05-12T11:22:20Z</time>
      </trkpt>
      <trkpt lat="30.631521" lon="104.16221">
        <time>2026-05-12T11:22:21Z</time>
      </trkpt>
      <trkpt lat="30.631556" lon="104.16214">
        <time>2026-05-12T11:22:22Z</time>
      </trkpt>
      <trkpt lat="30.63159" lon="104.16208">
        <time>2026-05-12T11:22:23Z</time>
      </trkpt>
      <trkpt lat="30.631624" lon="104.16201">
        <time>2026-05-12T11:22:24Z</time>
      </trkpt>
      <trkpt lat="30.631659" lon="104.16195">
        <time>2026-05-12T11:22:25Z</time>
      </trkpt>
      <trkpt lat="30.631693" lon="104.16189">
        <time>2026-05-12T11:22:26Z</time>
      </trkpt>
      <trkpt lat="30.63173" lon="104.16182">
        <time>2026-05-12T11:22:27Z</time>
      </trkpt>
      <trkpt lat="30.631762" lon="104.16175">
        <time>2026-05-12T11:22:28Z</time>
      </trkpt>
      <trkpt lat="30.631796" lon="104.16168">
        <time>2026-05-12T11:22:29Z</time>
      </trkpt>
      <trkpt lat="30.631826" lon="104.16162">
        <time>2026-05-12T11:22:30Z</time>
      </trkpt>
      <trkpt lat="30.63186" lon="104.16155">
        <time>2026-05-12T11:22:31Z</time>
      </trkpt>
      <trkpt lat="30.631897" lon="104.16149">
        <time>2026-05-12T11:22:32Z</time>
      </trkpt>
      <trkpt lat="30.63193" lon="104.16142">
        <time>2026-05-12T11:22:33Z</time>
      </trkpt>
      <trkpt lat="30.631962" lon="104.16136">
        <time>2026-05-12T11:22:34Z</time>
      </trkpt>
      <trkpt lat="30.631998" lon="104.16129">
        <time>2026-05-12T11:22:35Z</time>
      </trkpt>
      <trkpt lat="30.632032" lon="104.16123">
        <time>2026-05-12T11:22:36Z</time>
      </trkpt>
      <trkpt lat="30.63207" lon="104.16116">
        <time>2026-05-12T11:22:37Z</time>
      </trkpt>
      <trkpt lat="30.63211" lon="104.1611">
        <time>2026-05-12T11:22:38Z</time>
      </trkpt>
      <trkpt lat="30.632147" lon="104.16104">
        <time>2026-05-12T11:22:39Z</time>
      </trkpt>
      <trkpt lat="30.632183" lon="104.16097">
        <time>2026-05-12T11:22:40Z</time>
      </trkpt>
      <trkpt lat="30.632217" lon="104.1609">
        <time>2026-05-12T11:22:41Z</time>
      </trkpt>
      <trkpt lat="30.63225" lon="104.160835">
        <time>2026-05-12T11:22:42Z</time>
      </trkpt>
      <trkpt lat="30.632284" lon="104.16077">
        <time>2026-05-12T11:22:43Z</time>
      </trkpt>
      <trkpt lat="30.632322" lon="104.1607">
        <time>2026-05-12T11:22:44Z</time>
      </trkpt>
      <trkpt lat="30.632362" lon="104.16062">
        <time>2026-05-12T11:22:45Z</time>
      </trkpt>
      <trkpt lat="30.632393" lon="104.16054">
        <time>2026-05-12T11:22:46Z</time>
      </trkpt>
      <trkpt lat="30.63243" lon="104.16046">
        <time>2026-05-12T11:22:47Z</time>
      </trkpt>
      <trkpt lat="30.632463" lon="104.16038">
        <time>2026-05-12T11:22:48Z</time>
      </trkpt>
      <trkpt lat="30.632498" lon="104.1603">
        <time>2026-05-12T11:22:49Z</time>
      </trkpt>
      <trkpt lat="30.632534" lon="104.160225">
        <time>2026-05-12T11:22:50Z</time>
      </trkpt>
      <trkpt lat="30.632566" lon="104.16015">
        <time>2026-05-12T11:22:51Z</time>
      </trkpt>
      <trkpt lat="30.632599" lon="104.16008">
        <time>2026-05-12T11:22:52Z</time>
      </trkpt>
      <trkpt lat="30.632627" lon="104.16">
        <time>2026-05-12T11:22:53Z</time>
      </trkpt>
      <trkpt lat="30.632664" lon="104.15993">
        <time>2026-05-12T11:22:54Z</time>
      </trkpt>
      <trkpt lat="30.632696" lon="104.15985">
        <time>2026-05-12T11:22:55Z</time>
      </trkpt>
      <trkpt lat="30.63273" lon="104.15978">
        <time>2026-05-12T11:22:56Z</time>
      </trkpt>
      <trkpt lat="30.632763" lon="104.159706">
        <time>2026-05-12T11:22:57Z</time>
      </trkpt>
      <trkpt lat="30.6328" lon="104.15963">
        <time>2026-05-12T11:22:58Z</time>
      </trkpt>
      <trkpt lat="30.632835" lon="104.15955">
        <time>2026-05-12T11:22:59Z</time>
      </trkpt>
      <trkpt lat="30.632872" lon="104.15948">
        <time>2026-05-12T11:23:00Z</time>
      </trkpt>
      <trkpt lat="30.632908" lon="104.1594">
        <time>2026-05-12T11:23:01Z</time>
      </trkpt>
      <trkpt lat="30.632944" lon="104.159325">
        <time>2026-05-12T11:23:02Z</time>
      </trkpt>
      <trkpt lat="30.63298" lon="104.159256">
        <time>2026-05-12T11:23:03Z</time>
      </trkpt>
      <trkpt lat="30.633015" lon="104.15919">
        <time>2026-05-12T11:23:04Z</time>
      </trkpt>
      <trkpt lat="30.633053" lon="104.15912">
        <time>2026-05-12T11:23:05Z</time>
      </trkpt>
      <trkpt lat="30.633091" lon="104.15905">
        <time>2026-05-12T11:23:06Z</time>
      </trkpt>
      <trkpt lat="30.63313" lon="104.15898">
        <time>2026-05-12T11:23:07Z</time>
      </trkpt>
      <trkpt lat="30.633162" lon="104.15891">
        <time>2026-05-12T11:23:08Z</time>
      </trkpt>
      <trkpt lat="30.633194" lon="104.158844">
        <time>2026-05-12T11:23:09Z</time>
      </trkpt>
      <trkpt lat="30.633224" lon="104.15878">
        <time>2026-05-12T11:23:10Z</time>
      </trkpt>
      <trkpt lat="30.633255" lon="104.15872">
        <time>2026-05-12T11:23:11Z</time>
      </trkpt>
      <trkpt lat="30.633286" lon="104.15865">
        <time>2026-05-12T11:23:12Z</time>
      </trkpt>
      <trkpt lat="30.633314" lon="104.15859">
        <time>2026-05-12T11:23:13Z</time>
      </trkpt>
      <trkpt lat="30.633343" lon="104.15853">
        <time>2026-05-12T11:23:14Z</time>
      </trkpt>
      <trkpt lat="30.633368" lon="104.15847">
        <time>2026-05-12T11:23:15Z</time>
      </trkpt>
      <trkpt lat="30.633394" lon="104.15841">
        <time>2026-05-12T11:23:16Z</time>
      </trkpt>
      <trkpt lat="30.633417" lon="104.15835">
        <time>2026-05-12T11:23:17Z</time>
      </trkpt>
      <trkpt lat="30.633444" lon="104.15829">
        <time>2026-05-12T11:23:18Z</time>
      </trkpt>
      <trkpt lat="30.633469" lon="104.15823">
        <time>2026-05-12T11:23:19Z</time>
      </trkpt>
      <trkpt lat="30.633492" lon="104.15818">
        <time>2026-05-12T11:23:20Z</time>
      </trkpt>
      <trkpt lat="30.633512" lon="104.15812">
        <time>2026-05-12T11:23:21Z</time>
      </trkpt>
      <trkpt lat="30.63354" lon="104.15807">
        <time>2026-05-12T11:23:22Z</time>
      </trkpt>
      <trkpt lat="30.63356" lon="104.15802">
        <time>2026-05-12T11:23:23Z</time>
      </trkpt>
      <trkpt lat="30.633581" lon="104.15797">
        <time>2026-05-12T11:23:24Z</time>
      </trkpt>
      <trkpt lat="30.633602" lon="104.15793">
        <time>2026-05-12T11:23:25Z</time>
      </trkpt>
      <trkpt lat="30.633621" lon="104.157875">
        <time>2026-05-12T11:23:26Z</time>
      </trkpt>
      <trkpt lat="30.633644" lon="104.15782">
        <time>2026-05-12T11:23:27Z</time>
      </trkpt>
      <trkpt lat="30.633669" lon="104.15778">
        <time>2026-05-12T11:23:28Z</time>
      </trkpt>
      <trkpt lat="30.633694" lon="104.157745">
        <time>2026-05-12T11:23:29Z</time>
      </trkpt>
      <trkpt lat="30.633715" lon="104.1577">
        <time>2026-05-12T11:23:30Z</time>
      </trkpt>
      <trkpt lat="30.633738" lon="104.15765">
        <time>2026-05-12T11:23:31Z</time>
      </trkpt>
      <trkpt lat="30.633755" lon="104.15761">
        <time>2026-05-12T11:23:32Z</time>
      </trkpt>
      <trkpt lat="30.63377" lon="104.15756">
        <time>2026-05-12T11:23:33Z</time>
      </trkpt>
      <trkpt lat="30.63379" lon="104.157524">
        <time>2026-05-12T11:23:34Z</time>
      </trkpt>
      <trkpt lat="30.633808" lon="104.15748">
        <time>2026-05-12T11:23:35Z</time>
      </trkpt>
      <trkpt lat="30.63383" lon="104.15743">
        <time>2026-05-12T11:23:36Z</time>
      </trkpt>
      <trkpt lat="30.633848" lon="104.157394">
        <time>2026-05-12T11:23:37Z</time>
      </trkpt>
      <trkpt lat="30.63387" lon="104.15735">
        <time>2026-05-12T11:23:38Z</time>
      </trkpt>
      <trkpt lat="30.633894" lon="104.15731">
        <time>2026-05-12T11:23:39Z</time>
      </trkpt>
      <trkpt lat="30.633915" lon="104.15727">
        <time>2026-05-12T11:23:40Z</time>
      </trkpt>
      <trkpt lat="30.633934" lon="104.15723">
        <time>2026-05-12T11:23:41Z</time>
      </trkpt>
      <trkpt lat="30.633951" lon="104.15718">
        <time>2026-05-12T11:23:42Z</time>
      </trkpt>
      <trkpt lat="30.633968" lon="104.157135">
        <time>2026-05-12T11:23:43Z</time>
      </trkpt>
      <trkpt lat="30.633984" lon="104.1571">
        <time>2026-05-12T11:23:44Z</time>
      </trkpt>
      <trkpt lat="30.634" lon="104.15705">
        <time>2026-05-12T11:23:45Z</time>
      </trkpt>
      <trkpt lat="30.634016" lon="104.157005">
        <time>2026-05-12T11:23:46Z</time>
      </trkpt>
      <trkpt lat="30.634035" lon="104.15697">
        <time>2026-05-12T11:23:47Z</time>
      </trkpt>
      <trkpt lat="30.63405" lon="104.15692">
        <time>2026-05-12T11:23:48Z</time>
      </trkpt>
      <trkpt lat="30.634068" lon="104.15688">
        <time>2026-05-12T11:23:49Z</time>
      </trkpt>
      <trkpt lat="30.634077" lon="104.156845">
        <time>2026-05-12T11:23:50Z</time>
      </trkpt>
      <trkpt lat="30.634087" lon="104.1568">
        <time>2026-05-12T11:23:51Z</time>
      </trkpt>
      <trkpt lat="30.634096" lon="104.15675">
        <time>2026-05-12T11:23:52Z</time>
      </trkpt>
      <trkpt lat="30.634111" lon="104.15671">
        <time>2026-05-12T11:23:53Z</time>
      </trkpt>
      <trkpt lat="30.63413" lon="104.15666">
        <time>2026-05-12T11:23:54Z</time>
      </trkpt>
      <trkpt lat="30.634148" lon="104.15662">
        <time>2026-05-12T11:23:55Z</time>
      </trkpt>
      <trkpt lat="30.634167" lon="104.15658">
        <time>2026-05-12T11:23:56Z</time>
      </trkpt>
      <trkpt lat="30.634186" lon="104.15654">
        <time>2026-05-12T11:23:57Z</time>
      </trkpt>
      <trkpt lat="30.634203" lon="104.1565">
        <time>2026-05-12T11:23:58Z</time>
      </trkpt>
      <trkpt lat="30.63422" lon="104.15646">
        <time>2026-05-12T11:23:59Z</time>
      </trkpt>
      <trkpt lat="30.634232" lon="104.15643">
        <time>2026-05-12T11:24:00Z</time>
      </trkpt>
      <trkpt lat="30.634245" lon="104.156395">
        <time>2026-05-12T11:24:01Z</time>
      </trkpt>
      <trkpt lat="30.634258" lon="104.156364">
        <time>2026-05-12T11:24:02Z</time>
      </trkpt>
      <trkpt lat="30.634275" lon="104.15633">
        <time>2026-05-12T11:24:03Z</time>
      </trkpt>
      <trkpt lat="30.63429" lon="104.156296">
        <time>2026-05-12T11:24:04Z</time>
      </trkpt>
      <trkpt lat="30.634304" lon="104.156265">
        <time>2026-05-12T11:24:05Z</time>
      </trkpt>
      <trkpt lat="30.634325" lon="104.15623">
        <time>2026-05-12T11:24:06Z</time>
      </trkpt>
      <trkpt lat="30.634348" lon="104.15618">
        <time>2026-05-12T11:24:07Z</time>
      </trkpt>
      <trkpt lat="30.63437" lon="104.15614">
        <time>2026-05-12T11:24:08Z</time>
      </trkpt>
      <trkpt lat="30.634392" lon="104.156105">
        <time>2026-05-12T11:24:09Z</time>
      </trkpt>
      <trkpt lat="30.634413" lon="104.15605">
        <time>2026-05-12T11:24:10Z</time>
      </trkpt>
      <trkpt lat="30.634426" lon="104.156006">
        <time>2026-05-12T11:24:11Z</time>
      </trkpt>
      <trkpt lat="30.634438" lon="104.15596">
        <time>2026-05-12T11:24:12Z</time>
      </trkpt>
      <trkpt lat="30.63445" lon="104.155914">
        <time>2026-05-12T11:24:13Z</time>
      </trkpt>
      <trkpt lat="30.634464" lon="104.15587">
        <time>2026-05-12T11:24:14Z</time>
      </trkpt>
      <trkpt lat="30.634478" lon="104.15582">
        <time>2026-05-12T11:24:15Z</time>
      </trkpt>
      <trkpt lat="30.634493" lon="104.155785">
        <time>2026-05-12T11:24:16Z</time>
      </trkpt>
      <trkpt lat="30.634508" lon="104.15575">
        <time>2026-05-12T11:24:17Z</time>
      </trkpt>
      <trkpt lat="30.634523" lon="104.1557">
        <time>2026-05-12T11:24:18Z</time>
      </trkpt>
      <trkpt lat="30.634539" lon="104.15566">
        <time>2026-05-12T11:24:19Z</time>
      </trkpt>
      <trkpt lat="30.634556" lon="104.155624">
        <time>2026-05-12T11:24:20Z</time>
      </trkpt>
      <trkpt lat="30.634573" lon="104.15559">
        <time>2026-05-12T11:24:21Z</time>
      </trkpt>
      <trkpt lat="30.63459" lon="104.15554">
        <time>2026-05-12T11:24:22Z</time>
      </trkpt>
      <trkpt lat="30.634604" lon="104.1555">
        <time>2026-05-12T11:24:23Z</time>
      </trkpt>
      <trkpt lat="30.634617" lon="104.15546">
        <time>2026-05-12T11:24:24Z</time>
      </trkpt>
      <trkpt lat="30.63463" lon="104.15541">
        <time>2026-05-12T11:24:25Z</time>
      </trkpt>
      <trkpt lat="30.634647" lon="104.155365">
        <time>2026-05-12T11:24:26Z</time>
      </trkpt>
      <trkpt lat="30.634665" lon="104.15533">
        <time>2026-05-12T11:24:27Z</time>
      </trkpt>
      <trkpt lat="30.634686" lon="104.15528">
        <time>2026-05-12T11:24:28Z</time>
      </trkpt>
      <trkpt lat="30.634703" lon="104.15524">
        <time>2026-05-12T11:24:29Z</time>
      </trkpt>
      <trkpt lat="30.634724" lon="104.155205">
        <time>2026-05-12T11:24:30Z</time>
      </trkpt>
      <trkpt lat="30.634737" lon="104.15517">
        <time>2026-05-12T11:24:31Z</time>
      </trkpt>
      <trkpt lat="30.63475" lon="104.15513">
        <time>2026-05-12T11:24:32Z</time>
      </trkpt>
      <trkpt lat="30.634766" lon="104.15509">
        <time>2026-05-12T11:24:33Z</time>
      </trkpt>
      <trkpt lat="30.63478" lon="104.155045">
        <time>2026-05-12T11:24:34Z</time>
      </trkpt>
      <trkpt lat="30.634802" lon="104.15501">
        <time>2026-05-12T11:24:35Z</time>
      </trkpt>
      <trkpt lat="30.63482" lon="104.15497">
        <time>2026-05-12T11:24:36Z</time>
      </trkpt>
      <trkpt lat="30.634842" lon="104.15493">
        <time>2026-05-12T11:24:37Z</time>
      </trkpt>
      <trkpt lat="30.634869" lon="104.154884">
        <time>2026-05-12T11:24:38Z</time>
      </trkpt>
      <trkpt lat="30.634892" lon="104.15484">
        <time>2026-05-12T11:24:39Z</time>
      </trkpt>
      <trkpt lat="30.63491" lon="104.15481">
        <time>2026-05-12T11:24:40Z</time>
      </trkpt>
      <trkpt lat="30.634933" lon="104.15477">
        <time>2026-05-12T11:24:41Z</time>
      </trkpt>
      <trkpt lat="30.634954" lon="104.154724">
        <time>2026-05-12T11:24:42Z</time>
      </trkpt>
      <trkpt lat="30.634972" lon="104.154686">
        <time>2026-05-12T11:24:43Z</time>
      </trkpt>
      <trkpt lat="30.634983" lon="104.15465">
        <time>2026-05-12T11:24:44Z</time>
      </trkpt>
      <trkpt lat="30.634998" lon="104.15461">
        <time>2026-05-12T11:24:45Z</time>
      </trkpt>
      <trkpt lat="30.635015" lon="104.154564">
        <time>2026-05-12T11:24:46Z</time>
      </trkpt>
      <trkpt lat="30.63503" lon="104.15452">
        <time>2026-05-12T11:24:47Z</time>
      </trkpt>
      <trkpt lat="30.63505" lon="104.154465">
        <time>2026-05-12T11:24:48Z</time>
      </trkpt>
      <trkpt lat="30.635067" lon="104.15442">
        <time>2026-05-12T11:24:49Z</time>
      </trkpt>
      <trkpt lat="30.635084" lon="104.15437">
        <time>2026-05-12T11:24:50Z</time>
      </trkpt>
      <trkpt lat="30.635103" lon="104.15433">
        <time>2026-05-12T11:24:51Z</time>
      </trkpt>
      <trkpt lat="30.635122" lon="104.15428">
        <time>2026-05-12T11:24:52Z</time>
      </trkpt>
      <trkpt lat="30.635138" lon="104.154236">
        <time>2026-05-12T11:24:53Z</time>
      </trkpt>
      <trkpt lat="30.63515" lon="104.15418">
        <time>2026-05-12T11:24:54Z</time>
      </trkpt>
      <trkpt lat="30.635164" lon="104.15414">
        <time>2026-05-12T11:24:55Z</time>
      </trkpt>
      <trkpt lat="30.635181" lon="104.15408">
        <time>2026-05-12T11:24:56Z</time>
      </trkpt>
      <trkpt lat="30.635202" lon="104.15404">
        <time>2026-05-12T11:24:57Z</time>
      </trkpt>
      <trkpt lat="30.635218" lon="104.15399">
        <time>2026-05-12T11:24:58Z</time>
      </trkpt>
      <trkpt lat="30.635235" lon="104.15394">
        <time>2026-05-12T11:24:59Z</time>
      </trkpt>
      <trkpt lat="30.635254" lon="104.153885">
        <time>2026-05-12T11:25:00Z</time>
      </trkpt>
      <trkpt lat="30.63527" lon="104.15383">
        <time>2026-05-12T11:25:01Z</time>
      </trkpt>
      <trkpt lat="30.635292" lon="104.15378">
        <time>2026-05-12T11:25:02Z</time>
      </trkpt>
      <trkpt lat="30.635315" lon="104.153725">
        <time>2026-05-12T11:25:03Z</time>
      </trkpt>
      <trkpt lat="30.635336" lon="104.15367">
        <time>2026-05-12T11:25:04Z</time>
      </trkpt>
      <trkpt lat="30.63536" lon="104.15362">
        <time>2026-05-12T11:25:05Z</time>
      </trkpt>
      <trkpt lat="30.635386" lon="104.15356">
        <time>2026-05-12T11:25:06Z</time>
      </trkpt>
      <trkpt lat="30.635408" lon="104.1535">
        <time>2026-05-12T11:25:07Z</time>
      </trkpt>
      <trkpt lat="30.63543" lon="104.153435">
        <time>2026-05-12T11:25:08Z</time>
      </trkpt>
      <trkpt lat="30.635452" lon="104.15337">
        <time>2026-05-12T11:25:09Z</time>
      </trkpt>
      <trkpt lat="30.635475" lon="104.15331">
        <time>2026-05-12T11:25:10Z</time>
      </trkpt>
      <trkpt lat="30.6355" lon="104.15325">
        <time>2026-05-12T11:25:11Z</time>
      </trkpt>
      <trkpt lat="30.635527" lon="104.15318">
        <time>2026-05-12T11:25:12Z</time>
      </trkpt>
      <trkpt lat="30.635555" lon="104.153114">
        <time>2026-05-12T11:25:13Z</time>
      </trkpt>
      <trkpt lat="30.63559" lon="104.15305">
        <time>2026-05-12T11:25:14Z</time>
      </trkpt>
      <trkpt lat="30.635626" lon="104.152985">
        <time>2026-05-12T11:25:15Z</time>
      </trkpt>
      <trkpt lat="30.635654" lon="104.152916">
        <time>2026-05-12T11:25:16Z</time>
      </trkpt>
      <trkpt lat="30.635685" lon="104.15284">
        <time>2026-05-12T11:25:17Z</time>
      </trkpt>
      <trkpt lat="30.635715" lon="104.15276">
        <time>2026-05-12T11:25:18Z</time>
      </trkpt>
      <trkpt lat="30.635744" lon="104.15269">
        <time>2026-05-12T11:25:19Z</time>
      </trkpt>
      <trkpt lat="30.635778" lon="104.15261">
        <time>2026-05-12T11:25:20Z</time>
      </trkpt>
      <trkpt lat="30.6358" lon="104.15253">
        <time>2026-05-12T11:25:21Z</time>
      </trkpt>
      <trkpt lat="30.635817" lon="104.152435">
        <time>2026-05-12T11:25:22Z</time>
      </trkpt>
      <trkpt lat="30.635845" lon="104.152336">
        <time>2026-05-12T11:25:23Z</time>
      </trkpt>
      <trkpt lat="30.635874" lon="104.152245">
        <time>2026-05-12T11:25:24Z</time>
      </trkpt>
      <trkpt lat="30.635912" lon="104.15215">
        <time>2026-05-12T11:25:25Z</time>
      </trkpt>
      <trkpt lat="30.63595" lon="104.15206">
        <time>2026-05-12T11:25:26Z</time>
      </trkpt>
      <trkpt lat="30.635992" lon="104.15196">
        <time>2026-05-12T11:25:27Z</time>
      </trkpt>
      <trkpt lat="30.636036" lon="104.15187">
        <time>2026-05-12T11:25:28Z</time>
      </trkpt>
      <trkpt lat="30.636084" lon="104.15177">
        <time>2026-05-12T11:25:29Z</time>
      </trkpt>
      <trkpt lat="30.636133" lon="104.15167">
        <time>2026-05-12T11:25:30Z</time>
      </trkpt>
      <trkpt lat="30.636183" lon="104.15158">
        <time>2026-05-12T11:25:31Z</time>
      </trkpt>
      <trkpt lat="30.636234" lon="104.15148">
        <time>2026-05-12T11:25:32Z</time>
      </trkpt>
      <trkpt lat="30.636286" lon="104.15139">
        <time>2026-05-12T11:25:33Z</time>
      </trkpt>
      <trkpt lat="30.636341" lon="104.1513">
        <time>2026-05-12T11:25:34Z</time>
      </trkpt>
      <trkpt lat="30.636396" lon="104.15121">
        <time>2026-05-12T11:25:35Z</time>
      </trkpt>
      <trkpt lat="30.636446" lon="104.15111">
        <time>2026-05-12T11:25:36Z</time>
      </trkpt>
      <trkpt lat="30.636497" lon="104.15102">
        <time>2026-05-12T11:25:37Z</time>
      </trkpt>
      <trkpt lat="30.636549" lon="104.15092">
        <time>2026-05-12T11:25:38Z</time>
      </trkpt>
      <trkpt lat="30.636599" lon="104.15083">
        <time>2026-05-12T11:25:39Z</time>
      </trkpt>
      <trkpt lat="30.636642" lon="104.15074">
        <time>2026-05-12T11:25:40Z</time>
      </trkpt>
      <trkpt lat="30.636677" lon="104.15064">
        <time>2026-05-12T11:25:41Z</time>
      </trkpt>
      <trkpt lat="30.63671" lon="104.15056">
        <time>2026-05-12T11:25:42Z</time>
      </trkpt>
      <trkpt lat="30.636742" lon="104.15046">
        <time>2026-05-12T11:25:43Z</time>
      </trkpt>
      <trkpt lat="30.636772" lon="104.150375">
        <time>2026-05-12T11:25:44Z</time>
      </trkpt>
      <trkpt lat="30.636799" lon="104.15031">
        <time>2026-05-12T11:25:45Z</time>
      </trkpt>
      <trkpt lat="30.636816" lon="104.150246">
        <time>2026-05-12T11:25:46Z</time>
      </trkpt>
      <trkpt lat="30.636831" lon="104.1502">
        <time>2026-05-12T11:25:47Z</time>
      </trkpt>
      <trkpt lat="30.63684" lon="104.15018">
        <time>2026-05-12T11:25:48Z</time>
      </trkpt>
      <trkpt lat="30.63684" lon="104.15018">
        <time>2026-05-12T11:25:49Z</time>
      </trkpt>
      <trkpt lat="30.63684" lon="104.15018">
        <time>2026-05-12T11:25:50Z</time>
      </trkpt>
      <trkpt lat="30.63684" lon="104.15018">
        <time>2026-05-12T11:25:51Z</time>
      </trkpt>
      <trkpt lat="30.63684" lon="104.15018">
        <time>2026-05-12T11:25:52Z</time>
      </trkpt>
      <trkpt lat="30.63684" lon="104.15018">
        <time>2026-05-12T11:25:53Z</time>
      </trkpt>
      <trkpt lat="30.63684" lon="104.15018">
        <time>2026-05-12T11:25:54Z</time>
      </trkpt>
      <trkpt lat="30.63684" lon="104.15018">
        <time>2026-05-12T11:25:55Z</time>
      </trkpt>
      <trkpt lat="30.63684" lon="104.15018">
        <time>2026-05-12T11:25:56Z</time>
      </trkpt>
      <trkpt lat="30.63684" lon="104.15018">
        <time>2026-05-12T11:25:57Z</time>
      </trkpt>
      <trkpt lat="30.63684" lon="104.15018">
        <time>2026-05-12T11:25:58Z</time>
      </trkpt>
      <trkpt lat="30.63684" lon="104.15018">
        <time>2026-05-12T11:25:59Z</time>
      </trkpt>
      <trkpt lat="30.63684" lon="104.15018">
        <time>2026-05-12T11:26:00Z</time>
      </trkpt>
      <trkpt lat="30.63684" lon="104.15018">
        <time>2026-05-12T11:26:01Z</time>
      </trkpt>
      <trkpt lat="30.63684" lon="104.15018">
        <time>2026-05-12T11:26:02Z</time>
      </trkpt>
      <trkpt lat="30.63684" lon="104.15018">
        <time>2026-05-12T11:26:03Z</time>
      </trkpt>
      <trkpt lat="30.63684" lon="104.15018">
        <time>2026-05-12T11:26:04Z</time>
      </trkpt>
      <trkpt lat="30.63684" lon="104.15018">
        <time>2026-05-12T11:26:05Z</time>
      </trkpt>
      <trkpt lat="30.63684" lon="104.15018">
        <time>2026-05-12T11:26:06Z</time>
      </trkpt>
      <trkpt lat="30.63684" lon="104.15018">
        <time>2026-05-12T11:26:07Z</time>
      </trkpt>
      <trkpt lat="30.63684" lon="104.15018">
        <time>2026-05-12T11:26:08Z</time>
      </trkpt>
      <trkpt lat="30.636848" lon="104.15016">
        <time>2026-05-12T11:26:09Z</time>
      </trkpt>
      <trkpt lat="30.636854" lon="104.15015">
        <time>2026-05-12T11:26:10Z</time>
      </trkpt>
      <trkpt lat="30.636856" lon="104.15013">
        <time>2026-05-12T11:26:11Z</time>
      </trkpt>
      <trkpt lat="30.636864" lon="104.150116">
        <time>2026-05-12T11:26:12Z</time>
      </trkpt>
      <trkpt lat="30.636871" lon="104.15009">
        <time>2026-05-12T11:26:13Z</time>
      </trkpt>
      <trkpt lat="30.636879" lon="104.15008">
        <time>2026-05-12T11:26:14Z</time>
      </trkpt>
      <trkpt lat="30.636883" lon="104.15006">
        <time>2026-05-12T11:26:15Z</time>
      </trkpt>
      <trkpt lat="30.636887" lon="104.15004">
        <time>2026-05-12T11:26:16Z</time>
      </trkpt>
      <trkpt lat="30.636889" lon="104.15004">
        <time>2026-05-12T11:26:17Z</time>
      </trkpt>
      <trkpt lat="30.636889" lon="104.15004">
        <time>2026-05-12T11:26:18Z</time>
      </trkpt>
      <trkpt lat="30.636889" lon="104.15004">
        <time>2026-05-12T11:26:19Z</time>
      </trkpt>
      <trkpt lat="30.636889" lon="104.15004">
        <time>2026-05-12T11:26:20Z</time>
      </trkpt>
      <trkpt lat="30.636889" lon="104.15004">
        <time>2026-05-12T11:26:21Z</time>
      </trkpt>
      <trkpt lat="30.636889" lon="104.15004">
        <time>2026-05-12T11:26:22Z</time>
      </trkpt>
      <trkpt lat="30.636889" lon="104.15004">
        <time>2026-05-12T11:26:23Z</time>
      </trkpt>
      <trkpt lat="30.636889" lon="104.15004">
        <time>2026-05-12T11:26:24Z</time>
      </trkpt>
      <trkpt lat="30.636898" lon="104.15001">
        <time>2026-05-12T11:26:25Z</time>
      </trkpt>
      <trkpt lat="30.636908" lon="104.14999">
        <time>2026-05-12T11:26:26Z</time>
      </trkpt>
      <trkpt lat="30.636913" lon="104.14997">
        <time>2026-05-12T11:26:27Z</time>
      </trkpt>
      <trkpt lat="30.63692" lon="104.14994">
        <time>2026-05-12T11:26:28Z</time>
      </trkpt>
      <trkpt lat="30.636932" lon="104.14991">
        <time>2026-05-12T11:26:29Z</time>
      </trkpt>
      <trkpt lat="30.636944" lon="104.14987">
        <time>2026-05-12T11:26:30Z</time>
      </trkpt>
      <trkpt lat="30.63696" lon="104.149826">
        <time>2026-05-12T11:26:31Z</time>
      </trkpt>
      <trkpt lat="30.636972" lon="104.14977">
        <time>2026-05-12T11:26:32Z</time>
      </trkpt>
      <trkpt lat="30.637003" lon="104.14968">
        <time>2026-05-12T11:26:33Z</time>
      </trkpt>
      <trkpt lat="30.637016" lon="104.14964">
        <time>2026-05-12T11:26:34Z</time>
      </trkpt>
      <trkpt lat="30.637028" lon="104.149605">
        <time>2026-05-12T11:26:36Z</time>
      </trkpt>
      <trkpt lat="30.63704" lon="104.14956">
        <time>2026-05-12T11:26:37Z</time>
      </trkpt>
      <trkpt lat="30.637053" lon="104.14952">
        <time>2026-05-12T11:26:38Z</time>
      </trkpt>
      <trkpt lat="30.637068" lon="104.149475">
        <time>2026-05-12T11:26:39Z</time>
      </trkpt>
      <trkpt lat="30.637087" lon="104.14944">
        <time>2026-05-12T11:26:40Z</time>
      </trkpt>
      <trkpt lat="30.637104" lon="104.1494">
        <time>2026-05-12T11:26:41Z</time>
      </trkpt>
      <trkpt lat="30.637127" lon="104.14936">
        <time>2026-05-12T11:26:42Z</time>
      </trkpt>
      <trkpt lat="30.637144" lon="104.14933">
        <time>2026-05-12T11:26:43Z</time>
      </trkpt>
      <trkpt lat="30.637173" lon="104.1493">
        <time>2026-05-12T11:26:44Z</time>
      </trkpt>
      <trkpt lat="30.6372" lon="104.14926">
        <time>2026-05-12T11:26:45Z</time>
      </trkpt>
      <trkpt lat="30.63724" lon="104.149216">
        <time>2026-05-12T11:26:46Z</time>
      </trkpt>
      <trkpt lat="30.637283" lon="104.14917">
        <time>2026-05-12T11:26:47Z</time>
      </trkpt>
      <trkpt lat="30.637327" lon="104.149124">
        <time>2026-05-12T11:26:48Z</time>
      </trkpt>
      <trkpt lat="30.637365" lon="104.149086">
        <time>2026-05-12T11:26:49Z</time>
      </trkpt>
      <trkpt lat="30.637407" lon="104.14904">
        <time>2026-05-12T11:26:50Z</time>
      </trkpt>
      <trkpt lat="30.63745" lon="104.14901">
        <time>2026-05-12T11:26:51Z</time>
      </trkpt>
      <trkpt lat="30.637487" lon="104.14897">
        <time>2026-05-12T11:26:52Z</time>
      </trkpt>
      <trkpt lat="30.637527" lon="104.14894">
        <time>2026-05-12T11:26:53Z</time>
      </trkpt>
      <trkpt lat="30.637571" lon="104.1489">
        <time>2026-05-12T11:26:54Z</time>
      </trkpt>
      <trkpt lat="30.637613" lon="104.14887">
        <time>2026-05-12T11:26:55Z</time>
      </trkpt>
      <trkpt lat="30.637653" lon="104.14884">
        <time>2026-05-12T11:26:56Z</time>
      </trkpt>
      <trkpt lat="30.637691" lon="104.14881">
        <time>2026-05-12T11:26:57Z</time>
      </trkpt>
      <trkpt lat="30.637726" lon="104.14878">
        <time>2026-05-12T11:26:58Z</time>
      </trkpt>
      <trkpt lat="30.637764" lon="104.14874">
        <time>2026-05-12T11:26:59Z</time>
      </trkpt>
      <trkpt lat="30.637796" lon="104.14871">
        <time>2026-05-12T11:27:00Z</time>
      </trkpt>
      <trkpt lat="30.637835" lon="104.148674">
        <time>2026-05-12T11:27:01Z</time>
      </trkpt>
      <trkpt lat="30.637873" lon="104.14864">
        <time>2026-05-12T11:27:02Z</time>
      </trkpt>
      <trkpt lat="30.637913" lon="104.148605">
        <time>2026-05-12T11:27:03Z</time>
      </trkpt>
      <trkpt lat="30.63795" lon="104.14857">
        <time>2026-05-12T11:27:04Z</time>
      </trkpt>
      <trkpt lat="30.637976" lon="104.148506">
        <time>2026-05-12T11:27:05Z</time>
      </trkpt>
      <trkpt lat="30.637959" lon="104.148445">
        <time>2026-05-12T11:27:06Z</time>
      </trkpt>
      <trkpt lat="30.637918" lon="104.148384">
        <time>2026-05-12T11:27:07Z</time>
      </trkpt>
      <trkpt lat="30.637873" lon="104.14832">
        <time>2026-05-12T11:27:08Z</time>
      </trkpt>
      <trkpt lat="30.637827" lon="104.14826">
        <time>2026-05-12T11:27:09Z</time>
      </trkpt>
      <trkpt lat="30.63778" lon="104.14821">
        <time>2026-05-12T11:27:10Z</time>
      </trkpt>
      <trkpt lat="30.637741" lon="104.14816">
        <time>2026-05-12T11:27:11Z</time>
      </trkpt>
      <trkpt lat="30.637712" lon="104.14812">
        <time>2026-05-12T11:27:12Z</time>
      </trkpt>
      <trkpt lat="30.637686" lon="104.14807">
        <time>2026-05-12T11:27:13Z</time>
      </trkpt>
      <trkpt lat="30.637661" lon="104.14803">
        <time>2026-05-12T11:27:14Z</time>
      </trkpt>
      <trkpt lat="30.637634" lon="104.14799">
        <time>2026-05-12T11:27:15Z</time>
      </trkpt>
      <trkpt lat="30.637617" lon="104.14794">
        <time>2026-05-12T11:27:16Z</time>
      </trkpt>
      <trkpt lat="30.637598" lon="104.1479">
        <time>2026-05-12T11:27:17Z</time>
      </trkpt>
      <trkpt lat="30.637587" lon="104.14786">
        <time>2026-05-12T11:27:18Z</time>
      </trkpt>
      <trkpt lat="30.637571" lon="104.14782">
        <time>2026-05-12T11:27:19Z</time>
      </trkpt>
      <trkpt lat="30.637566" lon="104.14777">
        <time>2026-05-12T11:27:20Z</time>
      </trkpt>
      <trkpt lat="30.63756" lon="104.14773">
        <time>2026-05-12T11:27:21Z</time>
      </trkpt>
      <trkpt lat="30.637554" lon="104.14769">
        <time>2026-05-12T11:27:22Z</time>
      </trkpt>
      <trkpt lat="30.637552" lon="104.147644">
        <time>2026-05-12T11:27:23Z</time>
      </trkpt>
      <trkpt lat="30.637552" lon="104.147606">
        <time>2026-05-12T11:27:24Z</time>
      </trkpt>
      <trkpt lat="30.637554" lon="104.14757">
        <time>2026-05-12T11:27:25Z</time>
      </trkpt>
      <trkpt lat="30.637556" lon="104.14753">
        <time>2026-05-12T11:27:26Z</time>
      </trkpt>
      <trkpt lat="30.637558" lon="104.14749">
        <time>2026-05-12T11:27:27Z</time>
      </trkpt>
      <trkpt lat="30.63756" lon="104.14746">
        <time>2026-05-12T11:27:28Z</time>
      </trkpt>
      <trkpt lat="30.637562" lon="104.14742">
        <time>2026-05-12T11:27:29Z</time>
      </trkpt>
      <trkpt lat="30.637568" lon="104.147385">
        <time>2026-05-12T11:27:30Z</time>
      </trkpt>
      <trkpt lat="30.637568" lon="104.14735">
        <time>2026-05-12T11:27:31Z</time>
      </trkpt>
      <trkpt lat="30.637577" lon="104.14731">
        <time>2026-05-12T11:27:32Z</time>
      </trkpt>
      <trkpt lat="30.637589" lon="104.147255">
        <time>2026-05-12T11:27:33Z</time>
      </trkpt>
      <trkpt lat="30.637596" lon="104.14721">
        <time>2026-05-12T11:27:34Z</time>
      </trkpt>
      <trkpt lat="30.637608" lon="104.14715">
        <time>2026-05-12T11:27:35Z</time>
      </trkpt>
      <trkpt lat="30.637617" lon="104.14709">
        <time>2026-05-12T11:27:36Z</time>
      </trkpt>
      <trkpt lat="30.637627" lon="104.147026">
        <time>2026-05-12T11:27:37Z</time>
      </trkpt>
      <trkpt lat="30.637638" lon="104.146965">
        <time>2026-05-12T11:27:38Z</time>
      </trkpt>
      <trkpt lat="30.637648" lon="104.14691">
        <time>2026-05-12T11:27:39Z</time>
      </trkpt>
      <trkpt lat="30.637661" lon="104.14686">
        <time>2026-05-12T11:27:40Z</time>
      </trkpt>
      <trkpt lat="30.637672" lon="104.146805">
        <time>2026-05-12T11:27:41Z</time>
      </trkpt>
      <trkpt lat="30.637686" lon="104.14675">
        <time>2026-05-12T11:27:42Z</time>
      </trkpt>
      <trkpt lat="30.6377" lon="104.1467">
        <time>2026-05-12T11:27:43Z</time>
      </trkpt>
      <trkpt lat="30.63771" lon="104.146645">
        <time>2026-05-12T11:27:44Z</time>
      </trkpt>
      <trkpt lat="30.637722" lon="104.1466">
        <time>2026-05-12T11:27:45Z</time>
      </trkpt>
      <trkpt lat="30.63773" lon="104.146545">
        <time>2026-05-12T11:27:46Z</time>
      </trkpt>
      <trkpt lat="30.637741" lon="104.1465">
        <time>2026-05-12T11:27:47Z</time>
      </trkpt>
      <trkpt lat="30.637753" lon="104.14645">
        <time>2026-05-12T11:27:48Z</time>
      </trkpt>
      <trkpt lat="30.637764" lon="104.1464">
        <time>2026-05-12T11:27:49Z</time>
      </trkpt>
      <trkpt lat="30.637775" lon="104.146355">
        <time>2026-05-12T11:27:50Z</time>
      </trkpt>
      <trkpt lat="30.637785" lon="104.14631">
        <time>2026-05-12T11:27:51Z</time>
      </trkpt>
      <trkpt lat="30.637793" lon="104.14626">
        <time>2026-05-12T11:27:52Z</time>
      </trkpt>
      <trkpt lat="30.637796" lon="104.146225">
        <time>2026-05-12T11:27:53Z</time>
      </trkpt>
      <trkpt lat="30.637802" lon="104.14618">
        <time>2026-05-12T11:27:54Z</time>
      </trkpt>
      <trkpt lat="30.637806" lon="104.14613">
        <time>2026-05-12T11:27:55Z</time>
      </trkpt>
      <trkpt lat="30.637812" lon="104.14608">
        <time>2026-05-12T11:27:56Z</time>
      </trkpt>
      <trkpt lat="30.63782" lon="104.14603">
        <time>2026-05-12T11:27:57Z</time>
      </trkpt>
      <trkpt lat="30.637827" lon="104.145966">
        <time>2026-05-12T11:27:58Z</time>
      </trkpt>
      <trkpt lat="30.637833" lon="104.145905">
        <time>2026-05-12T11:27:59Z</time>
      </trkpt>
      <trkpt lat="30.637846" lon="104.145836">
        <time>2026-05-12T11:28:00Z</time>
      </trkpt>
      <trkpt lat="30.63787" lon="104.145775">
        <time>2026-05-12T11:28:01Z</time>
      </trkpt>
      <trkpt lat="30.637892" lon="104.1457">
        <time>2026-05-12T11:28:02Z</time>
      </trkpt>
      <trkpt lat="30.637917" lon="104.14563">
        <time>2026-05-12T11:28:03Z</time>
      </trkpt>
      <trkpt lat="30.637936" lon="104.14556">
        <time>2026-05-12T11:28:04Z</time>
      </trkpt>
      <trkpt lat="30.637955" lon="104.14549">
        <time>2026-05-12T11:28:05Z</time>
      </trkpt>
      <trkpt lat="30.637976" lon="104.145424">
        <time>2026-05-12T11:28:06Z</time>
      </trkpt>
      <trkpt lat="30.63799" lon="104.14536">
        <time>2026-05-12T11:28:07Z</time>
      </trkpt>
      <trkpt lat="30.638006" lon="104.1453">
        <time>2026-05-12T11:28:08Z</time>
      </trkpt>
      <trkpt lat="30.638021" lon="104.14524">
        <time>2026-05-12T11:28:09Z</time>
      </trkpt>
      <trkpt lat="30.638039" lon="104.14518">
        <time>2026-05-12T11:28:10Z</time>
      </trkpt>
      <trkpt lat="30.638054" lon="104.14512">
        <time>2026-05-12T11:28:11Z</time>
      </trkpt>
      <trkpt lat="30.638067" lon="104.14506">
        <time>2026-05-12T11:28:12Z</time>
      </trkpt>
      <trkpt lat="30.638079" lon="104.145">
        <time>2026-05-12T11:28:13Z</time>
      </trkpt>
      <trkpt lat="30.63809" lon="104.14494">
        <time>2026-05-12T11:28:14Z</time>
      </trkpt>
      <trkpt lat="30.638102" lon="104.14489">
        <time>2026-05-12T11:28:15Z</time>
      </trkpt>
      <trkpt lat="30.638113" lon="104.14483">
        <time>2026-05-12T11:28:16Z</time>
      </trkpt>
      <trkpt lat="30.638138" lon="104.14471">
        <time>2026-05-12T11:28:17Z</time>
      </trkpt>
      <trkpt lat="30.63815" lon="104.144646">
        <time>2026-05-12T11:28:19Z</time>
      </trkpt>
      <trkpt lat="30.638159" lon="104.14459">
        <time>2026-05-12T11:28:20Z</time>
      </trkpt>
      <trkpt lat="30.63817" lon="104.14453">
        <time>2026-05-12T11:28:21Z</time>
      </trkpt>
      <trkpt lat="30.63818" lon="104.144485">
        <time>2026-05-12T11:28:22Z</time>
      </trkpt>
      <trkpt lat="30.638187" lon="104.14444">
        <time>2026-05-12T11:28:23Z</time>
      </trkpt>
      <trkpt lat="30.638197" lon="104.14439">
        <time>2026-05-12T11:28:24Z</time>
      </trkpt>
      <trkpt lat="30.638205" lon="104.14433">
        <time>2026-05-12T11:28:25Z</time>
      </trkpt>
      <trkpt lat="30.638212" lon="104.14427">
        <time>2026-05-12T11:28:26Z</time>
      </trkpt>
      <trkpt lat="30.638231" lon="104.14421">
        <time>2026-05-12T11:28:27Z</time>
      </trkpt>
      <trkpt lat="30.63825" lon="104.14416">
        <time>2026-05-12T11:28:28Z</time>
      </trkpt>
      <trkpt lat="30.638264" lon="104.144104">
        <time>2026-05-12T11:28:29Z</time>
      </trkpt>
      <trkpt lat="30.638277" lon="104.144066">
        <time>2026-05-12T11:28:30Z</time>
      </trkpt>
      <trkpt lat="30.63829" lon="104.14401">
        <time>2026-05-12T11:28:31Z</time>
      </trkpt>
      <trkpt lat="30.638304" lon="104.143974">
        <time>2026-05-12T11:28:32Z</time>
      </trkpt>
      <trkpt lat="30.638315" lon="104.14393">
        <time>2026-05-12T11:28:33Z</time>
      </trkpt>
      <trkpt lat="30.638327" lon="104.14388">
        <time>2026-05-12T11:28:34Z</time>
      </trkpt>
      <trkpt lat="30.638338" lon="104.14383">
        <time>2026-05-12T11:28:35Z</time>
      </trkpt>
      <trkpt lat="30.638346" lon="104.14378">
        <time>2026-05-12T11:28:36Z</time>
      </trkpt>
      <trkpt lat="30.63836" lon="104.14374">
        <time>2026-05-12T11:28:37Z</time>
      </trkpt>
      <trkpt lat="30.638369" lon="104.14369">
        <time>2026-05-12T11:28:38Z</time>
      </trkpt>
      <trkpt lat="30.638378" lon="104.14365">
        <time>2026-05-12T11:28:39Z</time>
      </trkpt>
      <trkpt lat="30.63839" lon="104.1436">
        <time>2026-05-12T11:28:40Z</time>
      </trkpt>
      <trkpt lat="30.6384" lon="104.143555">
        <time>2026-05-12T11:28:41Z</time>
      </trkpt>
      <trkpt lat="30.63841" lon="104.14351">
        <time>2026-05-12T11:28:42Z</time>
      </trkpt>
      <trkpt lat="30.638422" lon="104.14346">
        <time>2026-05-12T11:28:43Z</time>
      </trkpt>
      <trkpt lat="30.638433" lon="104.14342">
        <time>2026-05-12T11:28:44Z</time>
      </trkpt>
      <trkpt lat="30.638445" lon="104.14337">
        <time>2026-05-12T11:28:45Z</time>
      </trkpt>
      <trkpt lat="30.638458" lon="104.14333">
        <time>2026-05-12T11:28:46Z</time>
      </trkpt>
      <trkpt lat="30.63847" lon="104.14328">
        <time>2026-05-12T11:28:47Z</time>
      </trkpt>
      <trkpt lat="30.63848" lon="104.143234">
        <time>2026-05-12T11:28:48Z</time>
      </trkpt>
      <trkpt lat="30.638493" lon="104.14319">
        <time>2026-05-12T11:28:49Z</time>
      </trkpt>
      <trkpt lat="30.638504" lon="104.143135">
        <time>2026-05-12T11:28:50Z</time>
      </trkpt>
      <trkpt lat="30.638517" lon="104.14309">
        <time>2026-05-12T11:28:51Z</time>
      </trkpt>
      <trkpt lat="30.63853" lon="104.14304">
        <time>2026-05-12T11:28:52Z</time>
      </trkpt>
      <trkpt lat="30.638542" lon="104.14299">
        <time>2026-05-12T11:28:53Z</time>
      </trkpt>
      <trkpt lat="30.638556" lon="104.14294">
        <time>2026-05-12T11:28:54Z</time>
      </trkpt>
      <trkpt lat="30.638567" lon="104.142876">
        <time>2026-05-12T11:28:55Z</time>
      </trkpt>
      <trkpt lat="30.63858" lon="104.14282">
        <time>2026-05-12T11:28:56Z</time>
      </trkpt>
      <trkpt lat="30.638594" lon="104.14277">
        <time>2026-05-12T11:28:57Z</time>
      </trkpt>
      <trkpt lat="30.638607" lon="104.142715">
        <time>2026-05-12T11:28:58Z</time>
      </trkpt>
      <trkpt lat="30.63862" lon="104.14266">
        <time>2026-05-12T11:28:59Z</time>
      </trkpt>
      <trkpt lat="30.638634" lon="104.1426">
        <time>2026-05-12T11:29:00Z</time>
      </trkpt>
      <trkpt lat="30.638647" lon="104.14255">
        <time>2026-05-12T11:29:01Z</time>
      </trkpt>
      <trkpt lat="30.638662" lon="104.142494">
        <time>2026-05-12T11:29:02Z</time>
      </trkpt>
      <trkpt lat="30.638678" lon="104.14243">
        <time>2026-05-12T11:29:03Z</time>
      </trkpt>
      <trkpt lat="30.638693" lon="104.14238">
        <time>2026-05-12T11:29:04Z</time>
      </trkpt>
      <trkpt lat="30.638708" lon="104.14232">
        <time>2026-05-12T11:29:05Z</time>
      </trkpt>
      <trkpt lat="30.638723" lon="104.142265">
        <time>2026-05-12T11:29:06Z</time>
      </trkpt>
      <trkpt lat="30.638739" lon="104.1422">
        <time>2026-05-12T11:29:07Z</time>
      </trkpt>
      <trkpt lat="30.638754" lon="104.14214">
        <time>2026-05-12T11:29:08Z</time>
      </trkpt>
      <trkpt lat="30.638767" lon="104.14208">
        <time>2026-05-12T11:29:09Z</time>
      </trkpt>
      <trkpt lat="30.638783" lon="104.14202">
        <time>2026-05-12T11:29:10Z</time>
      </trkpt>
      <trkpt lat="30.638796" lon="104.14196">
        <time>2026-05-12T11:29:11Z</time>
      </trkpt>
      <trkpt lat="30.638811" lon="104.1419">
        <time>2026-05-12T11:29:12Z</time>
      </trkpt>
      <trkpt lat="30.638828" lon="104.14183">
        <time>2026-05-12T11:29:13Z</time>
      </trkpt>
      <trkpt lat="30.638844" lon="104.14177">
        <time>2026-05-12T11:29:14Z</time>
      </trkpt>
      <trkpt lat="30.63886" lon="104.1417">
        <time>2026-05-12T11:29:15Z</time>
      </trkpt>
      <trkpt lat="30.638874" lon="104.14163">
        <time>2026-05-12T11:29:16Z</time>
      </trkpt>
      <trkpt lat="30.63889" lon="104.14156">
        <time>2026-05-12T11:29:17Z</time>
      </trkpt>
      <trkpt lat="30.638906" lon="104.14149">
        <time>2026-05-12T11:29:18Z</time>
      </trkpt>
      <trkpt lat="30.638922" lon="104.14142">
        <time>2026-05-12T11:29:19Z</time>
      </trkpt>
      <trkpt lat="30.638937" lon="104.141335">
        <time>2026-05-12T11:29:20Z</time>
      </trkpt>
      <trkpt lat="30.63895" lon="104.14126">
        <time>2026-05-12T11:29:21Z</time>
      </trkpt>
      <trkpt lat="30.638966" lon="104.14118">
        <time>2026-05-12T11:29:22Z</time>
      </trkpt>
      <trkpt lat="30.63898" lon="104.141106">
        <time>2026-05-12T11:29:23Z</time>
      </trkpt>
      <trkpt lat="30.638998" lon="104.14102">
        <time>2026-05-12T11:29:24Z</time>
      </trkpt>
      <trkpt lat="30.639015" lon="104.14094">
        <time>2026-05-12T11:29:25Z</time>
      </trkpt>
      <trkpt lat="30.639036" lon="104.14086">
        <time>2026-05-12T11:29:26Z</time>
      </trkpt>
      <trkpt lat="30.639057" lon="104.14078">
        <time>2026-05-12T11:29:27Z</time>
      </trkpt>
      <trkpt lat="30.639072" lon="104.14069">
        <time>2026-05-12T11:29:28Z</time>
      </trkpt>
      <trkpt lat="30.63909" lon="104.14061">
        <time>2026-05-12T11:29:29Z</time>
      </trkpt>
      <trkpt lat="30.639109" lon="104.140526">
        <time>2026-05-12T11:29:30Z</time>
      </trkpt>
      <trkpt lat="30.639126" lon="104.14044">
        <time>2026-05-12T11:29:31Z</time>
      </trkpt>
      <trkpt lat="30.639145" lon="104.14036">
        <time>2026-05-12T11:29:32Z</time>
      </trkpt>
      <trkpt lat="30.639162" lon="104.14027">
        <time>2026-05-12T11:29:33Z</time>
      </trkpt>
      <trkpt lat="30.639177" lon="104.14018">
        <time>2026-05-12T11:29:34Z</time>
      </trkpt>
      <trkpt lat="30.639189" lon="104.1401">
        <time>2026-05-12T11:29:35Z</time>
      </trkpt>
      <trkpt lat="30.639202" lon="104.140015">
        <time>2026-05-12T11:29:36Z</time>
      </trkpt>
      <trkpt lat="30.639217" lon="104.13992">
        <time>2026-05-12T11:29:37Z</time>
      </trkpt>
      <trkpt lat="30.63923" lon="104.13984">
        <time>2026-05-12T11:29:38Z</time>
      </trkpt>
      <trkpt lat="30.639244" lon="104.13975">
        <time>2026-05-12T11:29:39Z</time>
      </trkpt>
      <trkpt lat="30.639257" lon="104.13966">
        <time>2026-05-12T11:29:40Z</time>
      </trkpt>
      <trkpt lat="30.639269" lon="104.13958">
        <time>2026-05-12T11:29:41Z</time>
      </trkpt>
      <trkpt lat="30.639278" lon="104.1395">
        <time>2026-05-12T11:29:42Z</time>
      </trkpt>
      <trkpt lat="30.63929" lon="104.13943">
        <time>2026-05-12T11:29:43Z</time>
      </trkpt>
      <trkpt lat="30.639305" lon="104.13934">
        <time>2026-05-12T11:29:44Z</time>
      </trkpt>
      <trkpt lat="30.63931" lon="104.13926">
        <time>2026-05-12T11:29:45Z</time>
      </trkpt>
      <trkpt lat="30.639318" lon="104.13917">
        <time>2026-05-12T11:29:46Z</time>
      </trkpt>
      <trkpt lat="30.639326" lon="104.139084">
        <time>2026-05-12T11:29:47Z</time>
      </trkpt>
      <trkpt lat="30.639334" lon="104.13899">
        <time>2026-05-12T11:29:48Z</time>
      </trkpt>
      <trkpt lat="30.63934" lon="104.13891">
        <time>2026-05-12T11:29:49Z</time>
      </trkpt>
      <trkpt lat="30.639341" lon="104.138824">
        <time>2026-05-12T11:29:50Z</time>
      </trkpt>
      <trkpt lat="30.639345" lon="104.13873">
        <time>2026-05-12T11:29:51Z</time>
      </trkpt>
      <trkpt lat="30.63935" lon="104.13864">
        <time>2026-05-12T11:29:52Z</time>
      </trkpt>
      <trkpt lat="30.639353" lon="104.13856">
        <time>2026-05-12T11:29:53Z</time>
      </trkpt>
      <trkpt lat="30.639357" lon="104.13847">
        <time>2026-05-12T11:29:54Z</time>
      </trkpt>
      <trkpt lat="30.63936" lon="104.13839">
        <time>2026-05-12T11:29:55Z</time>
      </trkpt>
      <trkpt lat="30.639362" lon="104.1383">
        <time>2026-05-12T11:29:56Z</time>
      </trkpt>
      <trkpt lat="30.639368" lon="104.138214">
        <time>2026-05-12T11:29:57Z</time>
      </trkpt>
      <trkpt lat="30.639376" lon="104.138115">
        <time>2026-05-12T11:29:58Z</time>
      </trkpt>
      <trkpt lat="30.639381" lon="104.13802">
        <time>2026-05-12T11:29:59Z</time>
      </trkpt>
      <trkpt lat="30.63939" lon="104.13793">
        <time>2026-05-12T11:30:00Z</time>
      </trkpt>
      <trkpt lat="30.6394" lon="104.13784">
        <time>2026-05-12T11:30:01Z</time>
      </trkpt>
      <trkpt lat="30.639402" lon="104.13775">
        <time>2026-05-12T11:30:02Z</time>
      </trkpt>
      <trkpt lat="30.639402" lon="104.13766">
        <time>2026-05-12T11:30:03Z</time>
      </trkpt>
      <trkpt lat="30.639402" lon="104.137566">
        <time>2026-05-12T11:30:04Z</time>
      </trkpt>
      <trkpt lat="30.639404" lon="104.137474">
        <time>2026-05-12T11:30:05Z</time>
      </trkpt>
      <trkpt lat="30.639404" lon="104.13739">
        <time>2026-05-12T11:30:06Z</time>
      </trkpt>
      <trkpt lat="30.639408" lon="104.1373">
        <time>2026-05-12T11:30:07Z</time>
      </trkpt>
      <trkpt lat="30.639414" lon="104.137215">
        <time>2026-05-12T11:30:08Z</time>
      </trkpt>
      <trkpt lat="30.639416" lon="104.13712">
        <time>2026-05-12T11:30:09Z</time>
      </trkpt>
      <trkpt lat="30.639418" lon="104.13705">
        <time>2026-05-12T11:30:10Z</time>
      </trkpt>
      <trkpt lat="30.639418" lon="104.13696">
        <time>2026-05-12T11:30:11Z</time>
      </trkpt>
      <trkpt lat="30.639418" lon="104.13689">
        <time>2026-05-12T11:30:12Z</time>
      </trkpt>
      <trkpt lat="30.639416" lon="104.1368">
        <time>2026-05-12T11:30:13Z</time>
      </trkpt>
      <trkpt lat="30.639418" lon="104.13673">
        <time>2026-05-12T11:30:14Z</time>
      </trkpt>
      <trkpt lat="30.639423" lon="104.13665">
        <time>2026-05-12T11:30:15Z</time>
      </trkpt>
      <trkpt lat="30.639435" lon="104.13657">
        <time>2026-05-12T11:30:16Z</time>
      </trkpt>
      <trkpt lat="30.639444" lon="104.136505">
        <time>2026-05-12T11:30:17Z</time>
      </trkpt>
      <trkpt lat="30.63946" lon="104.13644">
        <time>2026-05-12T11:30:18Z</time>
      </trkpt>
      <trkpt lat="30.63947" lon="104.13637">
        <time>2026-05-12T11:30:19Z</time>
      </trkpt>
      <trkpt lat="30.63947" lon="104.1363">
        <time>2026-05-12T11:30:20Z</time>
      </trkpt>
      <trkpt lat="30.639465" lon="104.13623">
        <time>2026-05-12T11:30:21Z</time>
      </trkpt>
      <trkpt lat="30.639462" lon="104.13618">
        <time>2026-05-12T11:30:22Z</time>
      </trkpt>
      <trkpt lat="30.63946" lon="104.13613">
        <time>2026-05-12T11:30:23Z</time>
      </trkpt>
      <trkpt lat="30.63946" lon="104.136086">
        <time>2026-05-12T11:30:24Z</time>
      </trkpt>
      <trkpt lat="30.63946" lon="104.13605">
        <time>2026-05-12T11:30:25Z</time>
      </trkpt>
      <trkpt lat="30.639463" lon="104.13601">
        <time>2026-05-12T11:30:26Z</time>
      </trkpt>
      <trkpt lat="30.63947" lon="104.13596">
        <time>2026-05-12T11:30:27Z</time>
      </trkpt>
      <trkpt lat="30.63947" lon="104.13592">
        <time>2026-05-12T11:30:28Z</time>
      </trkpt>
      <trkpt lat="30.63947" lon="104.135864">
        <time>2026-05-12T11:30:29Z</time>
      </trkpt>
      <trkpt lat="30.639473" lon="104.13581">
        <time>2026-05-12T11:30:30Z</time>
      </trkpt>
      <trkpt lat="30.639477" lon="104.13574">
        <time>2026-05-12T11:30:31Z</time>
      </trkpt>
      <trkpt lat="30.639482" lon="104.13569">
        <time>2026-05-12T11:30:32Z</time>
      </trkpt>
      <trkpt lat="30.639486" lon="104.13562">
        <time>2026-05-12T11:30:33Z</time>
      </trkpt>
      <trkpt lat="30.63949" lon="104.135544">
        <time>2026-05-12T11:30:34Z</time>
      </trkpt>
      <trkpt lat="30.639498" lon="104.13546">
        <time>2026-05-12T11:30:35Z</time>
      </trkpt>
      <trkpt lat="30.63951" lon="104.13538">
        <time>2026-05-12T11:30:36Z</time>
      </trkpt>
      <trkpt lat="30.63952" lon="104.135315">
        <time>2026-05-12T11:30:37Z</time>
      </trkpt>
      <trkpt lat="30.639534" lon="104.13525">
        <time>2026-05-12T11:30:38Z</time>
      </trkpt>
      <trkpt lat="30.639545" lon="104.13517">
        <time>2026-05-12T11:30:39Z</time>
      </trkpt>
      <trkpt lat="30.639551" lon="104.13509">
        <time>2026-05-12T11:30:40Z</time>
      </trkpt>
      <trkpt lat="30.639559" lon="104.13502">
        <time>2026-05-12T11:30:41Z</time>
      </trkpt>
      <trkpt lat="30.639557" lon="104.13495">
        <time>2026-05-12T11:30:42Z</time>
      </trkpt>
      <trkpt lat="30.639557" lon="104.13487">
        <time>2026-05-12T11:30:43Z</time>
      </trkpt>
      <trkpt lat="30.639551" lon="104.134796">
        <time>2026-05-12T11:30:44Z</time>
      </trkpt>
      <trkpt lat="30.639545" lon="104.13471">
        <time>2026-05-12T11:30:45Z</time>
      </trkpt>
      <trkpt lat="30.639544" lon="104.134636">
        <time>2026-05-12T11:30:46Z</time>
      </trkpt>
      <trkpt lat="30.63954" lon="104.13456">
        <time>2026-05-12T11:30:47Z</time>
      </trkpt>
      <trkpt lat="30.639536" lon="104.13448">
        <time>2026-05-12T11:30:48Z</time>
      </trkpt>
      <trkpt lat="30.639536" lon="104.13441">
        <time>2026-05-12T11:30:49Z</time>
      </trkpt>
      <trkpt lat="30.639536" lon="104.13433">
        <time>2026-05-12T11:30:50Z</time>
      </trkpt>
      <trkpt lat="30.639534" lon="104.13426">
        <time>2026-05-12T11:30:51Z</time>
      </trkpt>
      <trkpt lat="30.639528" lon="104.134186">
        <time>2026-05-12T11:30:52Z</time>
      </trkpt>
      <trkpt lat="30.639528" lon="104.13412">
        <time>2026-05-12T11:30:53Z</time>
      </trkpt>
      <trkpt lat="30.639528" lon="104.13405">
        <time>2026-05-12T11:30:54Z</time>
      </trkpt>
      <trkpt lat="30.639528" lon="104.13397">
        <time>2026-05-12T11:30:55Z</time>
      </trkpt>
      <trkpt lat="30.639532" lon="104.1339">
        <time>2026-05-12T11:30:56Z</time>
      </trkpt>
      <trkpt lat="30.639534" lon="104.133835">
        <time>2026-05-12T11:30:57Z</time>
      </trkpt>
      <trkpt lat="30.639536" lon="104.133766">
        <time>2026-05-12T11:30:58Z</time>
      </trkpt>
      <trkpt lat="30.639538" lon="104.13369">
        <time>2026-05-12T11:30:59Z</time>
      </trkpt>
      <trkpt lat="30.63954" lon="104.13362">
        <time>2026-05-12T11:31:00Z</time>
      </trkpt>
      <trkpt lat="30.63954" lon="104.133545">
        <time>2026-05-12T11:31:01Z</time>
      </trkpt>
      <trkpt lat="30.639542" lon="104.13348">
        <time>2026-05-12T11:31:02Z</time>
      </trkpt>
      <trkpt lat="30.639544" lon="104.13341">
        <time>2026-05-12T11:31:03Z</time>
      </trkpt>
      <trkpt lat="30.639545" lon="104.13333">
        <time>2026-05-12T11:31:04Z</time>
      </trkpt>
      <trkpt lat="30.639547" lon="104.13326">
        <time>2026-05-12T11:31:05Z</time>
      </trkpt>
      <trkpt lat="30.63955" lon="104.133194">
        <time>2026-05-12T11:31:06Z</time>
      </trkpt>
      <trkpt lat="30.63955" lon="104.133125">
        <time>2026-05-12T11:31:07Z</time>
      </trkpt>
      <trkpt lat="30.639553" lon="104.13306">
        <time>2026-05-12T11:31:08Z</time>
      </trkpt>
      <trkpt lat="30.639555" lon="104.13298">
        <time>2026-05-12T11:31:09Z</time>
      </trkpt>
      <trkpt lat="30.639559" lon="104.13291">
        <time>2026-05-12T11:31:10Z</time>
      </trkpt>
      <trkpt lat="30.639563" lon="104.13284">
        <time>2026-05-12T11:31:11Z</time>
      </trkpt>
      <trkpt lat="30.639565" lon="104.13277">
        <time>2026-05-12T11:31:12Z</time>
      </trkpt>
      <trkpt lat="30.639566" lon="104.1327">
        <time>2026-05-12T11:31:13Z</time>
      </trkpt>
      <trkpt lat="30.639572" lon="104.13262">
        <time>2026-05-12T11:31:14Z</time>
      </trkpt>
      <trkpt lat="30.639576" lon="104.13255">
        <time>2026-05-12T11:31:15Z</time>
      </trkpt>
      <trkpt lat="30.63958" lon="104.132484">
        <time>2026-05-12T11:31:16Z</time>
      </trkpt>
      <trkpt lat="30.639584" lon="104.13241">
        <time>2026-05-12T11:31:17Z</time>
      </trkpt>
      <trkpt lat="30.639587" lon="104.13234">
        <time>2026-05-12T11:31:18Z</time>
      </trkpt>
      <trkpt lat="30.63959" lon="104.13227">
        <time>2026-05-12T11:31:19Z</time>
      </trkpt>
      <trkpt lat="30.639591" lon="104.13221">
        <time>2026-05-12T11:31:20Z</time>
      </trkpt>
      <trkpt lat="30.639591" lon="104.13213">
        <time>2026-05-12T11:31:21Z</time>
      </trkpt>
      <trkpt lat="30.63959" lon="104.132065">
        <time>2026-05-12T11:31:22Z</time>
      </trkpt>
      <trkpt lat="30.639587" lon="104.13198">
        <time>2026-05-12T11:31:23Z</time>
      </trkpt>
      <trkpt lat="30.639587" lon="104.1319">
        <time>2026-05-12T11:31:24Z</time>
      </trkpt>
      <trkpt lat="30.639587" lon="104.13181">
        <time>2026-05-12T11:31:25Z</time>
      </trkpt>
      <trkpt lat="30.639584" lon="104.13173">
        <time>2026-05-12T11:31:26Z</time>
      </trkpt>
      <trkpt lat="30.639576" lon="104.13165">
        <time>2026-05-12T11:31:27Z</time>
      </trkpt>
      <trkpt lat="30.63957" lon="104.13156">
        <time>2026-05-12T11:31:28Z</time>
      </trkpt>
      <trkpt lat="30.639565" lon="104.131485">
        <time>2026-05-12T11:31:29Z</time>
      </trkpt>
      <trkpt lat="30.639563" lon="104.1314">
        <time>2026-05-12T11:31:30Z</time>
      </trkpt>
      <trkpt lat="30.639559" lon="104.13132">
        <time>2026-05-12T11:31:31Z</time>
      </trkpt>
      <trkpt lat="30.639553" lon="104.131226">
        <time>2026-05-12T11:31:32Z</time>
      </trkpt>
      <trkpt lat="30.63955" lon="104.13114">
        <time>2026-05-12T11:31:33Z</time>
      </trkpt>
      <trkpt lat="30.639547" lon="104.13106">
        <time>2026-05-12T11:31:34Z</time>
      </trkpt>
      <trkpt lat="30.639542" lon="104.130974">
        <time>2026-05-12T11:31:35Z</time>
      </trkpt>
      <trkpt lat="30.639538" lon="104.13089">
        <time>2026-05-12T11:31:36Z</time>
      </trkpt>
      <trkpt lat="30.639536" lon="104.1308">
        <time>2026-05-12T11:31:37Z</time>
      </trkpt>
      <trkpt lat="30.639532" lon="104.130714">
        <time>2026-05-12T11:31:38Z</time>
      </trkpt>
      <trkpt lat="30.639524" lon="104.13062">
        <time>2026-05-12T11:31:39Z</time>
      </trkpt>
      <trkpt lat="30.63952" lon="104.13054">
        <time>2026-05-12T11:31:40Z</time>
      </trkpt>
      <trkpt lat="30.639513" lon="104.130455">
        <time>2026-05-12T11:31:41Z</time>
      </trkpt>
      <trkpt lat="30.639505" lon="104.13037">
        <time>2026-05-12T11:31:42Z</time>
      </trkpt>
      <trkpt lat="30.639496" lon="104.13029">
        <time>2026-05-12T11:31:43Z</time>
      </trkpt>
      <trkpt lat="30.639488" lon="104.13021">
        <time>2026-05-12T11:31:44Z</time>
      </trkpt>
      <trkpt lat="30.639477" lon="104.13014">
        <time>2026-05-12T11:31:45Z</time>
      </trkpt>
      <trkpt lat="30.63947" lon="104.13007">
        <time>2026-05-12T11:31:46Z</time>
      </trkpt>
      <trkpt lat="30.639462" lon="104.130005">
        <time>2026-05-12T11:31:47Z</time>
      </trkpt>
      <trkpt lat="30.639452" lon="104.12993">
        <time>2026-05-12T11:31:48Z</time>
      </trkpt>
      <trkpt lat="30.639442" lon="104.12986">
        <time>2026-05-12T11:31:49Z</time>
      </trkpt>
      <trkpt lat="30.63943" lon="104.12979">
        <time>2026-05-12T11:31:50Z</time>
      </trkpt>
      <trkpt lat="30.639418" lon="104.12974">
        <time>2026-05-12T11:31:51Z</time>
      </trkpt>
      <trkpt lat="30.639406" lon="104.12969">
        <time>2026-05-12T11:31:52Z</time>
      </trkpt>
      <trkpt lat="30.639399" lon="104.129654">
        <time>2026-05-12T11:31:53Z</time>
      </trkpt>
      <trkpt lat="30.63939" lon="104.12963">
        <time>2026-05-12T11:31:54Z</time>
      </trkpt>
      <trkpt lat="30.639387" lon="104.1296">
        <time>2026-05-12T11:31:55Z</time>
      </trkpt>
      <trkpt lat="30.639385" lon="104.12956">
        <time>2026-05-12T11:31:56Z</time>
      </trkpt>
      <trkpt lat="30.63938" lon="104.12953">
        <time>2026-05-12T11:31:57Z</time>
      </trkpt>
      <trkpt lat="30.639378" lon="104.12949">
        <time>2026-05-12T11:31:58Z</time>
      </trkpt>
      <trkpt lat="30.639374" lon="104.129456">
        <time>2026-05-12T11:31:59Z</time>
      </trkpt>
      <trkpt lat="30.639368" lon="104.12941">
        <time>2026-05-12T11:32:00Z</time>
      </trkpt>
      <trkpt lat="30.639364" lon="104.129364">
        <time>2026-05-12T11:32:01Z</time>
      </trkpt>
      <trkpt lat="30.639359" lon="104.12931">
        <time>2026-05-12T11:32:02Z</time>
      </trkpt>
      <trkpt lat="30.639355" lon="104.129265">
        <time>2026-05-12T11:32:03Z</time>
      </trkpt>
      <trkpt lat="30.639349" lon="104.12922">
        <time>2026-05-12T11:32:04Z</time>
      </trkpt>
      <trkpt lat="30.639343" lon="104.12916">
        <time>2026-05-12T11:32:05Z</time>
      </trkpt>
      <trkpt lat="30.639334" lon="104.12909">
        <time>2026-05-12T11:32:06Z</time>
      </trkpt>
      <trkpt lat="30.639324" lon="104.12901">
        <time>2026-05-12T11:32:07Z</time>
      </trkpt>
      <trkpt lat="30.639313" lon="104.128944">
        <time>2026-05-12T11:32:08Z</time>
      </trkpt>
      <trkpt lat="30.639305" lon="104.12887">
        <time>2026-05-12T11:32:09Z</time>
      </trkpt>
      <trkpt lat="30.639297" lon="104.12879">
        <time>2026-05-12T11:32:10Z</time>
      </trkpt>
      <trkpt lat="30.639286" lon="104.128716">
        <time>2026-05-12T11:32:11Z</time>
      </trkpt>
      <trkpt lat="30.639277" lon="104.12864">
        <time>2026-05-12T11:32:12Z</time>
      </trkpt>
      <trkpt lat="30.639267" lon="104.12856">
        <time>2026-05-12T11:32:13Z</time>
      </trkpt>
      <trkpt lat="30.639257" lon="104.12849">
        <time>2026-05-12T11:32:14Z</time>
      </trkpt>
      <trkpt lat="30.63925" lon="104.12841">
        <time>2026-05-12T11:32:15Z</time>
      </trkpt>
      <trkpt lat="30.639242" lon="104.12833">
        <time>2026-05-12T11:32:16Z</time>
      </trkpt>
      <trkpt lat="30.639236" lon="104.12824">
        <time>2026-05-12T11:32:17Z</time>
      </trkpt>
      <trkpt lat="30.63923" lon="104.12815">
        <time>2026-05-12T11:32:18Z</time>
      </trkpt>
      <trkpt lat="30.639225" lon="104.12807">
        <time>2026-05-12T11:32:19Z</time>
      </trkpt>
      <trkpt lat="30.63922" lon="104.12798">
        <time>2026-05-12T11:32:20Z</time>
      </trkpt>
      <trkpt lat="30.63921" lon="104.12791">
        <time>2026-05-12T11:32:21Z</time>
      </trkpt>
      <trkpt lat="30.639202" lon="104.12783">
        <time>2026-05-12T11:32:22Z</time>
      </trkpt>
      <trkpt lat="30.639198" lon="104.12775">
        <time>2026-05-12T11:32:23Z</time>
      </trkpt>
      <trkpt lat="30.639187" lon="104.12767">
        <time>2026-05-12T11:32:24Z</time>
      </trkpt>
      <trkpt lat="30.63918" lon="104.12759">
        <time>2026-05-12T11:32:25Z</time>
      </trkpt>
      <trkpt lat="30.639166" lon="104.12751">
        <time>2026-05-12T11:32:26Z</time>
      </trkpt>
      <trkpt lat="30.639164" lon="104.12744">
        <time>2026-05-12T11:32:27Z</time>
      </trkpt>
      <trkpt lat="30.639156" lon="104.127365">
        <time>2026-05-12T11:32:28Z</time>
      </trkpt>
      <trkpt lat="30.639153" lon="104.12729">
        <time>2026-05-12T11:32:29Z</time>
      </trkpt>
      <trkpt lat="30.639143" lon="104.12722">
        <time>2026-05-12T11:32:30Z</time>
      </trkpt>
      <trkpt lat="30.639132" lon="104.12715">
        <time>2026-05-12T11:32:31Z</time>
      </trkpt>
      <trkpt lat="30.63912" lon="104.12708">
        <time>2026-05-12T11:32:32Z</time>
      </trkpt>
      <trkpt lat="30.639112" lon="104.127014">
        <time>2026-05-12T11:32:33Z</time>
      </trkpt>
      <trkpt lat="30.639109" lon="104.12694">
        <time>2026-05-12T11:32:34Z</time>
      </trkpt>
      <trkpt lat="30.639103" lon="104.12687">
        <time>2026-05-12T11:32:35Z</time>
      </trkpt>
      <trkpt lat="30.6391" lon="104.12679">
        <time>2026-05-12T11:32:36Z</time>
      </trkpt>
      <trkpt lat="30.639095" lon="104.12672">
        <time>2026-05-12T11:32:37Z</time>
      </trkpt>
      <trkpt lat="30.639091" lon="104.12665">
        <time>2026-05-12T11:32:38Z</time>
      </trkpt>
      <trkpt lat="30.639088" lon="104.12659">
        <time>2026-05-12T11:32:39Z</time>
      </trkpt>
      <trkpt lat="30.639086" lon="104.12652">
        <time>2026-05-12T11:32:40Z</time>
      </trkpt>
      <trkpt lat="30.63908" lon="104.12645">
        <time>2026-05-12T11:32:41Z</time>
      </trkpt>
      <trkpt lat="30.639076" lon="104.12638">
        <time>2026-05-12T11:32:42Z</time>
      </trkpt>
      <trkpt lat="30.639072" lon="104.12632">
        <time>2026-05-12T11:32:43Z</time>
      </trkpt>
      <trkpt lat="30.639069" lon="104.12625">
        <time>2026-05-12T11:32:44Z</time>
      </trkpt>
      <trkpt lat="30.639069" lon="104.12618">
        <time>2026-05-12T11:32:45Z</time>
      </trkpt>
      <trkpt lat="30.639074" lon="104.126114">
        <time>2026-05-12T11:32:46Z</time>
      </trkpt>
      <trkpt lat="30.63908" lon="104.12605">
        <time>2026-05-12T11:32:47Z</time>
      </trkpt>
      <trkpt lat="30.63908" lon="104.125984">
        <time>2026-05-12T11:32:48Z</time>
      </trkpt>
      <trkpt lat="30.639076" lon="104.12592">
        <time>2026-05-12T11:32:49Z</time>
      </trkpt>
      <trkpt lat="30.63907" lon="104.12586">
        <time>2026-05-12T11:32:50Z</time>
      </trkpt>
      <trkpt lat="30.639065" lon="104.1258">
        <time>2026-05-12T11:32:51Z</time>
      </trkpt>
      <trkpt lat="30.63906" lon="104.12574">
        <time>2026-05-12T11:32:52Z</time>
      </trkpt>
      <trkpt lat="30.639051" lon="104.12567">
        <time>2026-05-12T11:32:53Z</time>
      </trkpt>
      <trkpt lat="30.639042" lon="104.12561">
        <time>2026-05-12T11:32:54Z</time>
      </trkpt>
      <trkpt lat="30.639029" lon="104.12555">
        <time>2026-05-12T11:32:55Z</time>
      </trkpt>
      <trkpt lat="30.63901" lon="104.12548">
        <time>2026-05-12T11:32:56Z</time>
      </trkpt>
      <trkpt lat="30.638992" lon="104.12542">
        <time>2026-05-12T11:32:57Z</time>
      </trkpt>
      <trkpt lat="30.63898" lon="104.12537">
        <time>2026-05-12T11:32:58Z</time>
      </trkpt>
      <trkpt lat="30.638966" lon="104.125305">
        <time>2026-05-12T11:32:59Z</time>
      </trkpt>
      <trkpt lat="30.63896" lon="104.12525">
        <time>2026-05-12T11:33:00Z</time>
      </trkpt>
      <trkpt lat="30.638952" lon="104.1252">
        <time>2026-05-12T11:33:01Z</time>
      </trkpt>
      <trkpt lat="30.638948" lon="104.125145">
        <time>2026-05-12T11:33:02Z</time>
      </trkpt>
      <trkpt lat="30.638947" lon="104.125084">
        <time>2026-05-12T11:33:03Z</time>
      </trkpt>
      <trkpt lat="30.63894" lon="104.12503">
        <time>2026-05-12T11:33:04Z</time>
      </trkpt>
      <trkpt lat="30.638939" lon="104.12498">
        <time>2026-05-12T11:33:05Z</time>
      </trkpt>
      <trkpt lat="30.638933" lon="104.12492">
        <time>2026-05-12T11:33:06Z</time>
      </trkpt>
      <trkpt lat="30.638927" lon="104.12488">
        <time>2026-05-12T11:33:07Z</time>
      </trkpt>
      <trkpt lat="30.638922" lon="104.12482">
        <time>2026-05-12T11:33:08Z</time>
      </trkpt>
      <trkpt lat="30.638914" lon="104.12476">
        <time>2026-05-12T11:33:09Z</time>
      </trkpt>
      <trkpt lat="30.63891" lon="104.1247">
        <time>2026-05-12T11:33:10Z</time>
      </trkpt>
      <trkpt lat="30.638906" lon="104.12465">
        <time>2026-05-12T11:33:11Z</time>
      </trkpt>
      <trkpt lat="30.638905" lon="104.12459">
        <time>2026-05-12T11:33:12Z</time>
      </trkpt>
      <trkpt lat="30.638899" lon="104.12453">
        <time>2026-05-12T11:33:13Z</time>
      </trkpt>
      <trkpt lat="30.638895" lon="104.12447">
        <time>2026-05-12T11:33:14Z</time>
      </trkpt>
      <trkpt lat="30.638897" lon="104.12441">
        <time>2026-05-12T11:33:15Z</time>
      </trkpt>
      <trkpt lat="30.638899" lon="104.12435">
        <time>2026-05-12T11:33:16Z</time>
      </trkpt>
      <trkpt lat="30.638899" lon="104.12429">
        <time>2026-05-12T11:33:17Z</time>
      </trkpt>
      <trkpt lat="30.638899" lon="104.12423">
        <time>2026-05-12T11:33:18Z</time>
      </trkpt>
      <trkpt lat="30.638899" lon="104.12417">
        <time>2026-05-12T11:33:19Z</time>
      </trkpt>
      <trkpt lat="30.638899" lon="104.124115">
        <time>2026-05-12T11:33:20Z</time>
      </trkpt>
      <trkpt lat="30.6389" lon="104.12405">
        <time>2026-05-12T11:33:21Z</time>
      </trkpt>
      <trkpt lat="30.638905" lon="104.123985">
        <time>2026-05-12T11:33:22Z</time>
      </trkpt>
      <trkpt lat="30.638908" lon="104.123924">
        <time>2026-05-12T11:33:23Z</time>
      </trkpt>
      <trkpt lat="30.638912" lon="104.12386">
        <time>2026-05-12T11:33:24Z</time>
      </trkpt>
      <trkpt lat="30.638914" lon="104.1238">
        <time>2026-05-12T11:33:25Z</time>
      </trkpt>
      <trkpt lat="30.638918" lon="104.12373">
        <time>2026-05-12T11:33:26Z</time>
      </trkpt>
      <trkpt lat="30.638924" lon="104.12367">
        <time>2026-05-12T11:33:27Z</time>
      </trkpt>
      <trkpt lat="30.638927" lon="104.123604">
        <time>2026-05-12T11:33:28Z</time>
      </trkpt>
      <trkpt lat="30.638935" lon="104.12354">
        <time>2026-05-12T11:33:29Z</time>
      </trkpt>
      <trkpt lat="30.63894" lon="104.123474">
        <time>2026-05-12T11:33:30Z</time>
      </trkpt>
      <trkpt lat="30.638945" lon="104.123405">
        <time>2026-05-12T11:33:31Z</time>
      </trkpt>
      <trkpt lat="30.638954" lon="104.12334">
        <time>2026-05-12T11:33:32Z</time>
      </trkpt>
      <trkpt lat="30.638968" lon="104.12327">
        <time>2026-05-12T11:33:33Z</time>
      </trkpt>
      <trkpt lat="30.63898" lon="104.12321">
        <time>2026-05-12T11:33:34Z</time>
      </trkpt>
      <trkpt lat="30.638994" lon="104.12314">
        <time>2026-05-12T11:33:35Z</time>
      </trkpt>
      <trkpt lat="30.639004" lon="104.12307">
        <time>2026-05-12T11:33:36Z</time>
      </trkpt>
      <trkpt lat="30.639015" lon="104.12299">
        <time>2026-05-12T11:33:37Z</time>
      </trkpt>
      <trkpt lat="30.639027" lon="104.122925">
        <time>2026-05-12T11:33:38Z</time>
      </trkpt>
      <trkpt lat="30.63904" lon="104.122856">
        <time>2026-05-12T11:33:39Z</time>
      </trkpt>
      <trkpt lat="30.63905" lon="104.12279">
        <time>2026-05-12T11:33:40Z</time>
      </trkpt>
      <trkpt lat="30.639063" lon="104.12271">
        <time>2026-05-12T11:33:41Z</time>
      </trkpt>
      <trkpt lat="30.63908" lon="104.12264">
        <time>2026-05-12T11:33:42Z</time>
      </trkpt>
      <trkpt lat="30.6391" lon="104.12257">
        <time>2026-05-12T11:33:43Z</time>
      </trkpt>
      <trkpt lat="30.639118" lon="104.12249">
        <time>2026-05-12T11:33:44Z</time>
      </trkpt>
      <trkpt lat="30.63914" lon="104.12242">
        <time>2026-05-12T11:33:45Z</time>
      </trkpt>
      <trkpt lat="30.639158" lon="104.12234">
        <time>2026-05-12T11:33:46Z</time>
      </trkpt>
      <trkpt lat="30.63918" lon="104.12226">
        <time>2026-05-12T11:33:47Z</time>
      </trkpt>
      <trkpt lat="30.6392" lon="104.122185">
        <time>2026-05-12T11:33:48Z</time>
      </trkpt>
      <trkpt lat="30.639225" lon="104.1221">
        <time>2026-05-12T11:33:49Z</time>
      </trkpt>
      <trkpt lat="30.639254" lon="104.122025">
        <time>2026-05-12T11:33:50Z</time>
      </trkpt>
      <trkpt lat="30.639284" lon="104.12194">
        <time>2026-05-12T11:33:51Z</time>
      </trkpt>
      <trkpt lat="30.639313" lon="104.121864">
        <time>2026-05-12T11:33:52Z</time>
      </trkpt>
      <trkpt lat="30.639345" lon="104.12178">
        <time>2026-05-12T11:33:53Z</time>
      </trkpt>
      <trkpt lat="30.639378" lon="104.1217">
        <time>2026-05-12T11:33:54Z</time>
      </trkpt>
      <trkpt lat="30.639406" lon="104.12162">
        <time>2026-05-12T11:33:55Z</time>
      </trkpt>
      <trkpt lat="30.639439" lon="104.12154">
        <time>2026-05-12T11:33:56Z</time>
      </trkpt>
      <trkpt lat="30.639471" lon="104.12145">
        <time>2026-05-12T11:33:57Z</time>
      </trkpt>
      <trkpt lat="30.639515" lon="104.121376">
        <time>2026-05-12T11:33:58Z</time>
      </trkpt>
      <trkpt lat="30.639563" lon="104.1213">
        <time>2026-05-12T11:33:59Z</time>
      </trkpt>
      <trkpt lat="30.639603" lon="104.12123">
        <time>2026-05-12T11:34:00Z</time>
      </trkpt>
      <trkpt lat="30.63964" lon="104.12116">
        <time>2026-05-12T11:34:01Z</time>
      </trkpt>
      <trkpt lat="30.639677" lon="104.121086">
        <time>2026-05-12T11:34:02Z</time>
      </trkpt>
      <trkpt lat="30.639711" lon="104.12101">
        <time>2026-05-12T11:34:03Z</time>
      </trkpt>
      <trkpt lat="30.639744" lon="104.12093">
        <time>2026-05-12T11:34:04Z</time>
      </trkpt>
      <trkpt lat="30.639772" lon="104.12085">
        <time>2026-05-12T11:34:05Z</time>
      </trkpt>
      <trkpt lat="30.639803" lon="104.120766">
        <time>2026-05-12T11:34:06Z</time>
      </trkpt>
      <trkpt lat="30.639837" lon="104.1207">
        <time>2026-05-12T11:34:07Z</time>
      </trkpt>
      <trkpt lat="30.639874" lon="104.12062">
        <time>2026-05-12T11:34:08Z</time>
      </trkpt>
      <trkpt lat="30.639914" lon="104.12055">
        <time>2026-05-12T11:34:09Z</time>
      </trkpt>
      <trkpt lat="30.639954" lon="104.12048">
        <time>2026-05-12T11:34:10Z</time>
      </trkpt>
      <trkpt lat="30.639994" lon="104.12041">
        <time>2026-05-12T11:34:11Z</time>
      </trkpt>
      <trkpt lat="30.64003" lon="104.12034">
        <time>2026-05-12T11:34:12Z</time>
      </trkpt>
      <trkpt lat="30.640064" lon="104.12026">
        <time>2026-05-12T11:34:13Z</time>
      </trkpt>
      <trkpt lat="30.640099" lon="104.120186">
        <time>2026-05-12T11:34:14Z</time>
      </trkpt>
      <trkpt lat="30.640133" lon="104.12011">
        <time>2026-05-12T11:34:15Z</time>
      </trkpt>
      <trkpt lat="30.640167" lon="104.12003">
        <time>2026-05-12T11:34:16Z</time>
      </trkpt>
      <trkpt lat="30.6402" lon="104.119965">
        <time>2026-05-12T11:34:17Z</time>
      </trkpt>
      <trkpt lat="30.64023" lon="104.11989">
        <time>2026-05-12T11:34:18Z</time>
      </trkpt>
      <trkpt lat="30.640251" lon="104.11981">
        <time>2026-05-12T11:34:19Z</time>
      </trkpt>
      <trkpt lat="30.640272" lon="104.11973">
        <time>2026-05-12T11:34:20Z</time>
      </trkpt>
      <trkpt lat="30.640293" lon="104.11966">
        <time>2026-05-12T11:34:21Z</time>
      </trkpt>
      <trkpt lat="30.640324" lon="104.11958">
        <time>2026-05-12T11:34:22Z</time>
      </trkpt>
      <trkpt lat="30.640354" lon="104.11951">
        <time>2026-05-12T11:34:23Z</time>
      </trkpt>
      <trkpt lat="30.640385" lon="104.119446">
        <time>2026-05-12T11:34:24Z</time>
      </trkpt>
      <trkpt lat="30.64042" lon="104.119385">
        <time>2026-05-12T11:34:25Z</time>
      </trkpt>
      <trkpt lat="30.640451" lon="104.119316">
        <time>2026-05-12T11:34:26Z</time>
      </trkpt>
      <trkpt lat="30.640486" lon="104.119255">
        <time>2026-05-12T11:34:27Z</time>
      </trkpt>
      <trkpt lat="30.640516" lon="104.11919">
        <time>2026-05-12T11:34:28Z</time>
      </trkpt>
      <trkpt lat="30.640545" lon="104.119125">
        <time>2026-05-12T11:34:29Z</time>
      </trkpt>
      <trkpt lat="30.640577" lon="104.11906">
        <time>2026-05-12T11:34:30Z</time>
      </trkpt>
      <trkpt lat="30.640606" lon="104.118996">
        <time>2026-05-12T11:34:31Z</time>
      </trkpt>
      <trkpt lat="30.640635" lon="104.118935">
        <time>2026-05-12T11:34:32Z</time>
      </trkpt>
      <trkpt lat="30.640663" lon="104.11887">
        <time>2026-05-12T11:34:33Z</time>
      </trkpt>
      <trkpt lat="30.640686" lon="104.11882">
        <time>2026-05-12T11:34:34Z</time>
      </trkpt>
      <trkpt lat="30.640703" lon="104.11878">
        <time>2026-05-12T11:34:35Z</time>
      </trkpt>
      <trkpt lat="30.64071" lon="104.11875">
        <time>2026-05-12T11:34:36Z</time>
      </trkpt>
      <trkpt lat="30.640713" lon="104.11872">
        <time>2026-05-12T11:34:37Z</time>
      </trkpt>
      <trkpt lat="30.640724" lon="104.1187">
        <time>2026-05-12T11:34:38Z</time>
      </trkpt>
      <trkpt lat="30.640736" lon="104.11867">
        <time>2026-05-12T11:34:39Z</time>
      </trkpt>
      <trkpt lat="30.640753" lon="104.118645">
        <time>2026-05-12T11:34:40Z</time>
      </trkpt>
      <trkpt lat="30.640776" lon="104.11862">
        <time>2026-05-12T11:34:41Z</time>
      </trkpt>
      <trkpt lat="30.640799" lon="104.11859">
        <time>2026-05-12T11:34:42Z</time>
      </trkpt>
      <trkpt lat="30.640821" lon="104.11855">
        <time>2026-05-12T11:34:43Z</time>
      </trkpt>
      <trkpt lat="30.64085" lon="104.11851">
        <time>2026-05-12T11:34:44Z</time>
      </trkpt>
      <trkpt lat="30.640877" lon="104.11846">
        <time>2026-05-12T11:34:45Z</time>
      </trkpt>
      <trkpt lat="30.640905" lon="104.118416">
        <time>2026-05-12T11:34:46Z</time>
      </trkpt>
      <trkpt lat="30.640928" lon="104.11837">
        <time>2026-05-12T11:34:47Z</time>
      </trkpt>
      <trkpt lat="30.64095" lon="104.11832">
        <time>2026-05-12T11:34:48Z</time>
      </trkpt>
      <trkpt lat="30.640974" lon="104.11827">
        <time>2026-05-12T11:34:49Z</time>
      </trkpt>
      <trkpt lat="30.640991" lon="104.11821">
        <time>2026-05-12T11:34:50Z</time>
      </trkpt>
      <trkpt lat="30.641008" lon="104.11815">
        <time>2026-05-12T11:34:51Z</time>
      </trkpt>
      <trkpt lat="30.641031" lon="104.1181">
        <time>2026-05-12T11:34:52Z</time>
      </trkpt>
      <trkpt lat="30.641054" lon="104.11805">
        <time>2026-05-12T11:34:53Z</time>
      </trkpt>
      <trkpt lat="30.641075" lon="104.118">
        <time>2026-05-12T11:34:54Z</time>
      </trkpt>
      <trkpt lat="30.641096" lon="104.11795">
        <time>2026-05-12T11:34:55Z</time>
      </trkpt>
      <trkpt lat="30.64112" lon="104.117905">
        <time>2026-05-12T11:34:56Z</time>
      </trkpt>
      <trkpt lat="30.64114" lon="104.11785">
        <time>2026-05-12T11:34:57Z</time>
      </trkpt>
      <trkpt lat="30.641157" lon="104.11781">
        <time>2026-05-12T11:34:58Z</time>
      </trkpt>
      <trkpt lat="30.641176" lon="104.11776">
        <time>2026-05-12T11:34:59Z</time>
      </trkpt>
      <trkpt lat="30.641201" lon="104.117714">
        <time>2026-05-12T11:35:00Z</time>
      </trkpt>
      <trkpt lat="30.641222" lon="104.11767">
        <time>2026-05-12T11:35:01Z</time>
      </trkpt>
      <trkpt lat="30.641237" lon="104.11763">
        <time>2026-05-12T11:35:02Z</time>
      </trkpt>
      <trkpt lat="30.641247" lon="104.1176">
        <time>2026-05-12T11:35:03Z</time>
      </trkpt>
      <trkpt lat="30.641253" lon="104.11759">
        <time>2026-05-12T11:35:04Z</time>
      </trkpt>
      <trkpt lat="30.641253" lon="104.11759">
        <time>2026-05-12T11:35:05Z</time>
      </trkpt>
      <trkpt lat="30.641253" lon="104.11759">
        <time>2026-05-12T11:35:06Z</time>
      </trkpt>
      <trkpt lat="30.641253" lon="104.11759">
        <time>2026-05-12T11:35:07Z</time>
      </trkpt>
      <trkpt lat="30.641253" lon="104.11759">
        <time>2026-05-12T11:35:08Z</time>
      </trkpt>
      <trkpt lat="30.641253" lon="104.11759">
        <time>2026-05-12T11:35:09Z</time>
      </trkpt>
      <trkpt lat="30.641258" lon="104.11756">
        <time>2026-05-12T11:35:10Z</time>
      </trkpt>
      <trkpt lat="30.641264" lon="104.117546">
        <time>2026-05-12T11:35:11Z</time>
      </trkpt>
      <trkpt lat="30.641268" lon="104.11754">
        <time>2026-05-12T11:35:12Z</time>
      </trkpt>
      <trkpt lat="30.64128" lon="104.11751">
        <time>2026-05-12T11:35:13Z</time>
      </trkpt>
      <trkpt lat="30.641296" lon="104.117485">
        <time>2026-05-12T11:35:14Z</time>
      </trkpt>
      <trkpt lat="30.641314" lon="104.117455">
        <time>2026-05-12T11:35:15Z</time>
      </trkpt>
      <trkpt lat="30.641329" lon="104.11741">
        <time>2026-05-12T11:35:16Z</time>
      </trkpt>
      <trkpt lat="30.641344" lon="104.11737">
        <time>2026-05-12T11:35:17Z</time>
      </trkpt>
      <trkpt lat="30.641357" lon="104.11733">
        <time>2026-05-12T11:35:18Z</time>
      </trkpt>
      <trkpt lat="30.641382" lon="104.117294">
        <time>2026-05-12T11:35:19Z</time>
      </trkpt>
      <trkpt lat="30.641409" lon="104.11726">
        <time>2026-05-12T11:35:20Z</time>
      </trkpt>
      <trkpt lat="30.64143" lon="104.11723">
        <time>2026-05-12T11:35:21Z</time>
      </trkpt>
      <trkpt lat="30.641453" lon="104.117195">
        <time>2026-05-12T11:35:22Z</time>
      </trkpt>
      <trkpt lat="30.64148" lon="104.11716">
        <time>2026-05-12T11:35:23Z</time>
      </trkpt>
      <trkpt lat="30.641502" lon="104.11712">
        <time>2026-05-12T11:35:24Z</time>
      </trkpt>
      <trkpt lat="30.64153" lon="104.11707">
        <time>2026-05-12T11:35:25Z</time>
      </trkpt>
      <trkpt lat="30.64155" lon="104.117035">
        <time>2026-05-12T11:35:26Z</time>
      </trkpt>
      <trkpt lat="30.641571" lon="104.11699">
        <time>2026-05-12T11:35:27Z</time>
      </trkpt>
      <trkpt lat="30.641592" lon="104.11694">
        <time>2026-05-12T11:35:28Z</time>
      </trkpt>
      <trkpt lat="30.64161" lon="104.11689">
        <time>2026-05-12T11:35:29Z</time>
      </trkpt>
      <trkpt lat="30.64163" lon="104.11685">
        <time>2026-05-12T11:35:30Z</time>
      </trkpt>
      <trkpt lat="30.641653" lon="104.1168">
        <time>2026-05-12T11:35:31Z</time>
      </trkpt>
      <trkpt lat="30.641676" lon="104.11675">
        <time>2026-05-12T11:35:32Z</time>
      </trkpt>
      <trkpt lat="30.641697" lon="104.11671">
        <time>2026-05-12T11:35:33Z</time>
      </trkpt>
      <trkpt lat="30.641716" lon="104.11665">
        <time>2026-05-12T11:35:34Z</time>
      </trkpt>
      <trkpt lat="30.641739" lon="104.1166">
        <time>2026-05-12T11:35:35Z</time>
      </trkpt>
      <trkpt lat="30.641756" lon="104.11656">
        <time>2026-05-12T11:35:36Z</time>
      </trkpt>
      <trkpt lat="30.641779" lon="104.11651">
        <time>2026-05-12T11:35:37Z</time>
      </trkpt>
      <trkpt lat="30.641798" lon="104.11646">
        <time>2026-05-12T11:35:38Z</time>
      </trkpt>
      <trkpt lat="30.64182" lon="104.11642">
        <time>2026-05-12T11:35:39Z</time>
      </trkpt>
      <trkpt lat="30.64184" lon="104.11637">
        <time>2026-05-12T11:35:40Z</time>
      </trkpt>
      <trkpt lat="30.641865" lon="104.116325">
        <time>2026-05-12T11:35:41Z</time>
      </trkpt>
      <trkpt lat="30.641888" lon="104.11628">
        <time>2026-05-12T11:35:42Z</time>
      </trkpt>
      <trkpt lat="30.64191" lon="104.11623">
        <time>2026-05-12T11:35:43Z</time>
      </trkpt>
      <trkpt lat="30.641935" lon="104.11618">
        <time>2026-05-12T11:35:44Z</time>
      </trkpt>
      <trkpt lat="30.641958" lon="104.116135">
        <time>2026-05-12T11:35:45Z</time>
      </trkpt>
      <trkpt lat="30.641981" lon="104.11608">
        <time>2026-05-12T11:35:46Z</time>
      </trkpt>
      <trkpt lat="30.642004" lon="104.116035">
        <time>2026-05-12T11:35:47Z</time>
      </trkpt>
      <trkpt lat="30.642027" lon="104.11599">
        <time>2026-05-12T11:35:48Z</time>
      </trkpt>
      <trkpt lat="30.642052" lon="104.115944">
        <time>2026-05-12T11:35:49Z</time>
      </trkpt>
      <trkpt lat="30.64207" lon="104.11589">
        <time>2026-05-12T11:35:50Z</time>
      </trkpt>
      <trkpt lat="30.642094" lon="104.115845">
        <time>2026-05-12T11:35:51Z</time>
      </trkpt>
      <trkpt lat="30.642113" lon="104.11581">
        <time>2026-05-12T11:35:52Z</time>
      </trkpt>
      <trkpt lat="30.642132" lon="104.11576">
        <time>2026-05-12T11:35:53Z</time>
      </trkpt>
      <trkpt lat="30.642147" lon="104.11572">
        <time>2026-05-12T11:35:54Z</time>
      </trkpt>
      <trkpt lat="30.642164" lon="104.115685">
        <time>2026-05-12T11:35:55Z</time>
      </trkpt>
      <trkpt lat="30.642183" lon="104.115654">
        <time>2026-05-12T11:35:56Z</time>
      </trkpt>
      <trkpt lat="30.642204" lon="104.11562">
        <time>2026-05-12T11:35:57Z</time>
      </trkpt>
      <trkpt lat="30.642225" lon="104.11559">
        <time>2026-05-12T11:35:58Z</time>
      </trkpt>
      <trkpt lat="30.642244" lon="104.11557">
        <time>2026-05-12T11:35:59Z</time>
      </trkpt>
      <trkpt lat="30.642252" lon="104.115555">
        <time>2026-05-12T11:36:00Z</time>
      </trkpt>
      <trkpt lat="30.642254" lon="104.115555">
        <time>2026-05-12T11:36:01Z</time>
      </trkpt>
      <trkpt lat="30.642254" lon="104.115555">
        <time>2026-05-12T11:36:02Z</time>
      </trkpt>
      <trkpt lat="30.642254" lon="104.115555">
        <time>2026-05-12T11:36:03Z</time>
      </trkpt>
      <trkpt lat="30.642254" lon="104.115555">
        <time>2026-05-12T11:36:04Z</time>
      </trkpt>
      <trkpt lat="30.642254" lon="104.115555">
        <time>2026-05-12T11:36:05Z</time>
      </trkpt>
      <trkpt lat="30.642254" lon="104.115555">
        <time>2026-05-12T11:36:06Z</time>
      </trkpt>
      <trkpt lat="30.642254" lon="104.115555">
        <time>2026-05-12T11:36:07Z</time>
      </trkpt>
      <trkpt lat="30.642254" lon="104.115555">
        <time>2026-05-12T11:36:08Z</time>
      </trkpt>
      <trkpt lat="30.642254" lon="104.115555">
        <time>2026-05-12T11:36:09Z</time>
      </trkpt>
      <trkpt lat="30.642254" lon="104.115555">
        <time>2026-05-12T11:36:10Z</time>
      </trkpt>
      <trkpt lat="30.642254" lon="104.115555">
        <time>2026-05-12T11:36:11Z</time>
      </trkpt>
      <trkpt lat="30.642254" lon="104.115555">
        <time>2026-05-12T11:36:12Z</time>
      </trkpt>
      <trkpt lat="30.642254" lon="104.115555">
        <time>2026-05-12T11:36:13Z</time>
      </trkpt>
      <trkpt lat="30.642254" lon="104.115555">
        <time>2026-05-12T11:36:14Z</time>
      </trkpt>
      <trkpt lat="30.642254" lon="104.115555">
        <time>2026-05-12T11:36:15Z</time>
      </trkpt>
      <trkpt lat="30.642254" lon="104.115555">
        <time>2026-05-12T11:36:16Z</time>
      </trkpt>
      <trkpt lat="30.642254" lon="104.115555">
        <time>2026-05-12T11:36:17Z</time>
      </trkpt>
      <trkpt lat="30.642254" lon="104.115555">
        <time>2026-05-12T11:36:18Z</time>
      </trkpt>
      <trkpt lat="30.642254" lon="104.115555">
        <time>2026-05-12T11:36:19Z</time>
      </trkpt>
      <trkpt lat="30.642254" lon="104.115555">
        <time>2026-05-12T11:36:20Z</time>
      </trkpt>
      <trkpt lat="30.642254" lon="104.115555">
        <time>2026-05-12T11:36:21Z</time>
      </trkpt>
      <trkpt lat="30.642254" lon="104.115555">
        <time>2026-05-12T11:36:22Z</time>
      </trkpt>
      <trkpt lat="30.642254" lon="104.115555">
        <time>2026-05-12T11:36:23Z</time>
      </trkpt>
      <trkpt lat="30.642254" lon="104.115555">
        <time>2026-05-12T11:36:24Z</time>
      </trkpt>
      <trkpt lat="30.642254" lon="104.115555">
        <time>2026-05-12T11:36:25Z</time>
      </trkpt>
      <trkpt lat="30.642254" lon="104.115555">
        <time>2026-05-12T11:36:26Z</time>
      </trkpt>
      <trkpt lat="30.642254" lon="104.115555">
        <time>2026-05-12T11:36:27Z</time>
      </trkpt>
      <trkpt lat="30.642254" lon="104.115555">
        <time>2026-05-12T11:36:28Z</time>
      </trkpt>
      <trkpt lat="30.642254" lon="104.115555">
        <time>2026-05-12T11:36:29Z</time>
      </trkpt>
      <trkpt lat="30.642254" lon="104.115555">
        <time>2026-05-12T11:36:30Z</time>
      </trkpt>
      <trkpt lat="30.642254" lon="104.115555">
        <time>2026-05-12T11:36:31Z</time>
      </trkpt>
      <trkpt lat="30.642254" lon="104.115555">
        <time>2026-05-12T11:36:32Z</time>
      </trkpt>
      <trkpt lat="30.642254" lon="104.115555">
        <time>2026-05-12T11:36:33Z</time>
      </trkpt>
      <trkpt lat="30.642254" lon="104.115555">
        <time>2026-05-12T11:36:34Z</time>
      </trkpt>
      <trkpt lat="30.642254" lon="104.115555">
        <time>2026-05-12T11:36:35Z</time>
      </trkpt>
      <trkpt lat="30.642254" lon="104.115555">
        <time>2026-05-12T11:36:36Z</time>
      </trkpt>
      <trkpt lat="30.642254" lon="104.115555">
        <time>2026-05-12T11:36:37Z</time>
      </trkpt>
      <trkpt lat="30.642254" lon="104.115555">
        <time>2026-05-12T11:36:38Z</time>
      </trkpt>
      <trkpt lat="30.642254" lon="104.115555">
        <time>2026-05-12T11:36:39Z</time>
      </trkpt>
      <trkpt lat="30.642254" lon="104.115555">
        <time>2026-05-12T11:36:40Z</time>
      </trkpt>
      <trkpt lat="30.642254" lon="104.115555">
        <time>2026-05-12T11:36:41Z</time>
      </trkpt>
      <trkpt lat="30.642254" lon="104.115555">
        <time>2026-05-12T11:36:42Z</time>
      </trkpt>
      <trkpt lat="30.642254" lon="104.115555">
        <time>2026-05-12T11:36:43Z</time>
      </trkpt>
      <trkpt lat="30.642254" lon="104.115555">
        <time>2026-05-12T11:36:44Z</time>
      </trkpt>
      <trkpt lat="30.642254" lon="104.115555">
        <time>2026-05-12T11:36:45Z</time>
      </trkpt>
      <trkpt lat="30.642254" lon="104.115555">
        <time>2026-05-12T11:36:46Z</time>
      </trkpt>
      <trkpt lat="30.642254" lon="104.115555">
        <time>2026-05-12T11:36:47Z</time>
      </trkpt>
      <trkpt lat="30.642254" lon="104.115555">
        <time>2026-05-12T11:36:48Z</time>
      </trkpt>
      <trkpt lat="30.642254" lon="104.115555">
        <time>2026-05-12T11:36:49Z</time>
      </trkpt>
      <trkpt lat="30.642254" lon="104.115555">
        <time>2026-05-12T11:36:50Z</time>
      </trkpt>
      <trkpt lat="30.642254" lon="104.115555">
        <time>2026-05-12T11:36:51Z</time>
      </trkpt>
      <trkpt lat="30.642254" lon="104.115555">
        <time>2026-05-12T11:36:52Z</time>
      </trkpt>
      <trkpt lat="30.642254" lon="104.115555">
        <time>2026-05-12T11:36:53Z</time>
      </trkpt>
      <trkpt lat="30.642254" lon="104.115555">
        <time>2026-05-12T11:36:54Z</time>
      </trkpt>
      <trkpt lat="30.642254" lon="104.115555">
        <time>2026-05-12T11:36:55Z</time>
      </trkpt>
      <trkpt lat="30.642254" lon="104.115555">
        <time>2026-05-12T11:36:56Z</time>
      </trkpt>
      <trkpt lat="30.642254" lon="104.115555">
        <time>2026-05-12T11:36:57Z</time>
      </trkpt>
      <trkpt lat="30.642254" lon="104.115555">
        <time>2026-05-12T11:36:58Z</time>
      </trkpt>
      <trkpt lat="30.642254" lon="104.115555">
        <time>2026-05-12T11:36:59Z</time>
      </trkpt>
      <trkpt lat="30.642254" lon="104.115555">
        <time>2026-05-12T11:37:00Z</time>
      </trkpt>
      <trkpt lat="30.642254" lon="104.115555">
        <time>2026-05-12T11:37:01Z</time>
      </trkpt>
      <trkpt lat="30.642254" lon="104.115555">
        <time>2026-05-12T11:37:02Z</time>
      </trkpt>
      <trkpt lat="30.642254" lon="104.115555">
        <time>2026-05-12T11:37:03Z</time>
      </trkpt>
      <trkpt lat="30.642254" lon="104.115555">
        <time>2026-05-12T11:37:04Z</time>
      </trkpt>
      <trkpt lat="30.642254" lon="104.115555">
        <time>2026-05-12T11:37:05Z</time>
      </trkpt>
      <trkpt lat="30.642254" lon="104.115555">
        <time>2026-05-12T11:37:06Z</time>
      </trkpt>
      <trkpt lat="30.642254" lon="104.115555">
        <time>2026-05-12T11:37:07Z</time>
      </trkpt>
      <trkpt lat="30.642254" lon="104.115555">
        <time>2026-05-12T11:37:08Z</time>
      </trkpt>
      <trkpt lat="30.642254" lon="104.115555">
        <time>2026-05-12T11:37:09Z</time>
      </trkpt>
      <trkpt lat="30.642254" lon="104.115555">
        <time>2026-05-12T11:37:10Z</time>
      </trkpt>
      <trkpt lat="30.64227" lon="104.11554">
        <time>2026-05-12T11:37:11Z</time>
      </trkpt>
      <trkpt lat="30.64228" lon="104.11553">
        <time>2026-05-12T11:37:12Z</time>
      </trkpt>
      <trkpt lat="30.642298" lon="104.1155">
        <time>2026-05-12T11:37:13Z</time>
      </trkpt>
      <trkpt lat="30.64232" lon="104.11547">
        <time>2026-05-12T11:37:14Z</time>
      </trkpt>
      <trkpt lat="30.642347" lon="104.115425">
        <time>2026-05-12T11:37:15Z</time>
      </trkpt>
      <trkpt lat="30.642368" lon="104.11539">
        <time>2026-05-12T11:37:16Z</time>
      </trkpt>
      <trkpt lat="30.642391" lon="104.11534">
        <time>2026-05-12T11:37:17Z</time>
      </trkpt>
      <trkpt lat="30.642414" lon="104.1153">
        <time>2026-05-12T11:37:18Z</time>
      </trkpt>
      <trkpt lat="30.642427" lon="104.11526">
        <time>2026-05-12T11:37:19Z</time>
      </trkpt>
      <trkpt lat="30.642439" lon="104.115204">
        <time>2026-05-12T11:37:20Z</time>
      </trkpt>
      <trkpt lat="30.64245" lon="104.11516">
        <time>2026-05-12T11:37:21Z</time>
      </trkpt>
      <trkpt lat="30.642467" lon="104.115105">
        <time>2026-05-12T11:37:22Z</time>
      </trkpt>
      <trkpt lat="30.64249" lon="104.11505">
        <time>2026-05-12T11:37:23Z</time>
      </trkpt>
      <trkpt lat="30.642511" lon="104.115005">
        <time>2026-05-12T11:37:24Z</time>
      </trkpt>
      <trkpt lat="30.642534" lon="104.11496">
        <time>2026-05-12T11:37:25Z</time>
      </trkpt>
      <trkpt lat="30.642557" lon="104.11491">
        <time>2026-05-12T11:37:26Z</time>
      </trkpt>
      <trkpt lat="30.642578" lon="104.11486">
        <time>2026-05-12T11:37:27Z</time>
      </trkpt>
      <trkpt lat="30.6426" lon="104.11481">
        <time>2026-05-12T11:37:28Z</time>
      </trkpt>
      <trkpt lat="30.642624" lon="104.11475">
        <time>2026-05-12T11:37:29Z</time>
      </trkpt>
      <trkpt lat="30.642649" lon="104.11469">
        <time>2026-05-12T11:37:30Z</time>
      </trkpt>
      <trkpt lat="30.642675" lon="104.11464">
        <time>2026-05-12T11:37:31Z</time>
      </trkpt>
      <trkpt lat="30.642704" lon="104.114586">
        <time>2026-05-12T11:37:32Z</time>
      </trkpt>
      <trkpt lat="30.642729" lon="104.114525">
        <time>2026-05-12T11:37:33Z</time>
      </trkpt>
      <trkpt lat="30.642756" lon="104.11447">
        <time>2026-05-12T11:37:34Z</time>
      </trkpt>
      <trkpt lat="30.642782" lon="104.11441">
        <time>2026-05-12T11:37:35Z</time>
      </trkpt>
      <trkpt lat="30.642809" lon="104.11435">
        <time>2026-05-12T11:37:36Z</time>
      </trkpt>
      <trkpt lat="30.642836" lon="104.11428">
        <time>2026-05-12T11:37:37Z</time>
      </trkpt>
      <trkpt lat="30.642864" lon="104.11422">
        <time>2026-05-12T11:37:38Z</time>
      </trkpt>
      <trkpt lat="30.642897" lon="104.11416">
        <time>2026-05-12T11:37:39Z</time>
      </trkpt>
      <trkpt lat="30.642927" lon="104.11409">
        <time>2026-05-12T11:37:40Z</time>
      </trkpt>
      <trkpt lat="30.642956" lon="104.11403">
        <time>2026-05-12T11:37:41Z</time>
      </trkpt>
      <trkpt lat="30.642984" lon="104.11397">
        <time>2026-05-12T11:37:42Z</time>
      </trkpt>
      <trkpt lat="30.643013" lon="104.11391">
        <time>2026-05-12T11:37:43Z</time>
      </trkpt>
      <trkpt lat="30.64304" lon="104.113846">
        <time>2026-05-12T11:37:44Z</time>
      </trkpt>
      <trkpt lat="30.643072" lon="104.113785">
        <time>2026-05-12T11:37:45Z</time>
      </trkpt>
      <trkpt lat="30.6431" lon="104.11372">
        <time>2026-05-12T11:37:46Z</time>
      </trkpt>
      <trkpt lat="30.64313" lon="104.11366">
        <time>2026-05-12T11:37:47Z</time>
      </trkpt>
      <trkpt lat="30.643156" lon="104.1136">
        <time>2026-05-12T11:37:48Z</time>
      </trkpt>
      <trkpt lat="30.643185" lon="104.11355">
        <time>2026-05-12T11:37:49Z</time>
      </trkpt>
      <trkpt lat="30.643213" lon="104.11349">
        <time>2026-05-12T11:37:50Z</time>
      </trkpt>
      <trkpt lat="30.643234" lon="104.11343">
        <time>2026-05-12T11:37:51Z</time>
      </trkpt>
      <trkpt lat="30.64326" lon="104.113365">
        <time>2026-05-12T11:37:52Z</time>
      </trkpt>
      <trkpt lat="30.643286" lon="104.113304">
        <time>2026-05-12T11:37:53Z</time>
      </trkpt>
      <trkpt lat="30.643314" lon="104.11324">
        <time>2026-05-12T11:37:54Z</time>
      </trkpt>
      <trkpt lat="30.643353" lon="104.1132">
        <time>2026-05-12T11:37:55Z</time>
      </trkpt>
      <trkpt lat="30.643393" lon="104.113144">
        <time>2026-05-12T11:37:56Z</time>
      </trkpt>
      <trkpt lat="30.643433" lon="104.11309">
        <time>2026-05-12T11:37:57Z</time>
      </trkpt>
      <trkpt lat="30.643461" lon="104.11303">
        <time>2026-05-12T11:37:58Z</time>
      </trkpt>
      <trkpt lat="30.643492" lon="104.112976">
        <time>2026-05-12T11:37:59Z</time>
      </trkpt>
      <trkpt lat="30.643517" lon="104.112915">
        <time>2026-05-12T11:38:00Z</time>
      </trkpt>
      <trkpt lat="30.643545" lon="104.112854">
        <time>2026-05-12T11:38:01Z</time>
      </trkpt>
      <trkpt lat="30.643574" lon="104.1128">
        <time>2026-05-12T11:38:02Z</time>
      </trkpt>
      <trkpt lat="30.6436" lon="104.11275">
        <time>2026-05-12T11:38:03Z</time>
      </trkpt>
      <trkpt lat="30.643625" lon="104.1127">
        <time>2026-05-12T11:38:04Z</time>
      </trkpt>
      <trkpt lat="30.643644" lon="104.11265">
        <time>2026-05-12T11:38:05Z</time>
      </trkpt>
      <trkpt lat="30.643673" lon="104.112595">
        <time>2026-05-12T11:38:06Z</time>
      </trkpt>
      <trkpt lat="30.6437" lon="104.11255">
        <time>2026-05-12T11:38:07Z</time>
      </trkpt>
      <trkpt lat="30.643723" lon="104.1125">
        <time>2026-05-12T11:38:08Z</time>
      </trkpt>
      <trkpt lat="30.643745" lon="104.11246">
        <time>2026-05-12T11:38:09Z</time>
      </trkpt>
      <trkpt lat="30.643763" lon="104.11241">
        <time>2026-05-12T11:38:10Z</time>
      </trkpt>
      <trkpt lat="30.643778" lon="104.11237">
        <time>2026-05-12T11:38:11Z</time>
      </trkpt>
      <trkpt lat="30.643795" lon="104.11234">
        <time>2026-05-12T11:38:12Z</time>
      </trkpt>
      <trkpt lat="30.643814" lon="104.112305">
        <time>2026-05-12T11:38:13Z</time>
      </trkpt>
      <trkpt lat="30.643827" lon="104.11228">
        <time>2026-05-12T11:38:14Z</time>
      </trkpt>
      <trkpt lat="30.64384" lon="104.11226">
        <time>2026-05-12T11:38:15Z</time>
      </trkpt>
      <trkpt lat="30.643848" lon="104.11224">
        <time>2026-05-12T11:38:16Z</time>
      </trkpt>
      <trkpt lat="30.64385" lon="104.11224">
        <time>2026-05-12T11:38:17Z</time>
      </trkpt>
      <trkpt lat="30.643856" lon="104.11224">
        <time>2026-05-12T11:38:18Z</time>
      </trkpt>
      <trkpt lat="30.643856" lon="104.11224">
        <time>2026-05-12T11:38:19Z</time>
      </trkpt>
      <trkpt lat="30.643856" lon="104.11224">
        <time>2026-05-12T11:38:20Z</time>
      </trkpt>
      <trkpt lat="30.643856" lon="104.11224">
        <time>2026-05-12T11:38:21Z</time>
      </trkpt>
      <trkpt lat="30.643856" lon="104.11224">
        <time>2026-05-12T11:38:22Z</time>
      </trkpt>
      <trkpt lat="30.643856" lon="104.11224">
        <time>2026-05-12T11:38:23Z</time>
      </trkpt>
      <trkpt lat="30.643856" lon="104.11224">
        <time>2026-05-12T11:38:24Z</time>
      </trkpt>
      <trkpt lat="30.643856" lon="104.11224">
        <time>2026-05-12T11:38:25Z</time>
      </trkpt>
      <trkpt lat="30.643856" lon="104.11224">
        <time>2026-05-12T11:38:26Z</time>
      </trkpt>
      <trkpt lat="30.643856" lon="104.11224">
        <time>2026-05-12T11:38:27Z</time>
      </trkpt>
      <trkpt lat="30.643856" lon="104.11224">
        <time>2026-05-12T11:38:28Z</time>
      </trkpt>
      <trkpt lat="30.643856" lon="104.11224">
        <time>2026-05-12T11:38:29Z</time>
      </trkpt>
      <trkpt lat="30.643856" lon="104.11224">
        <time>2026-05-12T11:38:30Z</time>
      </trkpt>
      <trkpt lat="30.643856" lon="104.11224">
        <time>2026-05-12T11:38:31Z</time>
      </trkpt>
      <trkpt lat="30.643856" lon="104.11224">
        <time>2026-05-12T11:38:32Z</time>
      </trkpt>
      <trkpt lat="30.643856" lon="104.11224">
        <time>2026-05-12T11:38:33Z</time>
      </trkpt>
      <trkpt lat="30.643856" lon="104.11224">
        <time>2026-05-12T11:38:34Z</time>
      </trkpt>
      <trkpt lat="30.643856" lon="104.11224">
        <time>2026-05-12T11:38:35Z</time>
      </trkpt>
      <trkpt lat="30.643856" lon="104.11224">
        <time>2026-05-12T11:38:36Z</time>
      </trkpt>
      <trkpt lat="30.643856" lon="104.11224">
        <time>2026-05-12T11:38:37Z</time>
      </trkpt>
      <trkpt lat="30.643856" lon="104.11224">
        <time>2026-05-12T11:38:38Z</time>
      </trkpt>
      <trkpt lat="30.643856" lon="104.11224">
        <time>2026-05-12T11:38:39Z</time>
      </trkpt>
      <trkpt lat="30.643856" lon="104.11224">
        <time>2026-05-12T11:38:40Z</time>
      </trkpt>
      <trkpt lat="30.643856" lon="104.11224">
        <time>2026-05-12T11:38:41Z</time>
      </trkpt>
      <trkpt lat="30.643856" lon="104.11224">
        <time>2026-05-12T11:38:42Z</time>
      </trkpt>
      <trkpt lat="30.643856" lon="104.11224">
        <time>2026-05-12T11:38:43Z</time>
      </trkpt>
      <trkpt lat="30.643856" lon="104.11224">
        <time>2026-05-12T11:38:44Z</time>
      </trkpt>
      <trkpt lat="30.643856" lon="104.11224">
        <time>2026-05-12T11:38:45Z</time>
      </trkpt>
      <trkpt lat="30.643856" lon="104.11224">
        <time>2026-05-12T11:38:46Z</time>
      </trkpt>
      <trkpt lat="30.643856" lon="104.11224">
        <time>2026-05-12T11:38:47Z</time>
      </trkpt>
      <trkpt lat="30.643856" lon="104.11224">
        <time>2026-05-12T11:38:48Z</time>
      </trkpt>
      <trkpt lat="30.643856" lon="104.11224">
        <time>2026-05-12T11:38:49Z</time>
      </trkpt>
      <trkpt lat="30.643856" lon="104.11224">
        <time>2026-05-12T11:38:50Z</time>
      </trkpt>
      <trkpt lat="30.643856" lon="104.11224">
        <time>2026-05-12T11:38:51Z</time>
      </trkpt>
      <trkpt lat="30.643856" lon="104.11224">
        <time>2026-05-12T11:38:52Z</time>
      </trkpt>
      <trkpt lat="30.643856" lon="104.11224">
        <time>2026-05-12T11:38:53Z</time>
      </trkpt>
      <trkpt lat="30.643856" lon="104.11224">
        <time>2026-05-12T11:38:54Z</time>
      </trkpt>
      <trkpt lat="30.643856" lon="104.11224">
        <time>2026-05-12T11:38:55Z</time>
      </trkpt>
      <trkpt lat="30.643856" lon="104.11224">
        <time>2026-05-12T11:38:56Z</time>
      </trkpt>
      <trkpt lat="30.643856" lon="104.11224">
        <time>2026-05-12T11:38:57Z</time>
      </trkpt>
      <trkpt lat="30.643856" lon="104.11224">
        <time>2026-05-12T11:38:58Z</time>
      </trkpt>
      <trkpt lat="30.643856" lon="104.11224">
        <time>2026-05-12T11:38:59Z</time>
      </trkpt>
      <trkpt lat="30.643856" lon="104.11224">
        <time>2026-05-12T11:39:00Z</time>
      </trkpt>
      <trkpt lat="30.643856" lon="104.11224">
        <time>2026-05-12T11:39:01Z</time>
      </trkpt>
      <trkpt lat="30.643871" lon="104.11227">
        <time>2026-05-12T11:39:02Z</time>
      </trkpt>
      <trkpt lat="30.643877" lon="104.11226">
        <time>2026-05-12T11:39:03Z</time>
      </trkpt>
      <trkpt lat="30.643883" lon="104.11225">
        <time>2026-05-12T11:39:04Z</time>
      </trkpt>
      <trkpt lat="30.643888" lon="104.112236">
        <time>2026-05-12T11:39:05Z</time>
      </trkpt>
      <trkpt lat="30.6439" lon="104.11222">
        <time>2026-05-12T11:39:06Z</time>
      </trkpt>
      <trkpt lat="30.643908" lon="104.1122">
        <time>2026-05-12T11:39:07Z</time>
      </trkpt>
      <trkpt lat="30.643911" lon="104.11219">
        <time>2026-05-12T11:39:08Z</time>
      </trkpt>
      <trkpt lat="30.643917" lon="104.11217">
        <time>2026-05-12T11:39:09Z</time>
      </trkpt>
      <trkpt lat="30.643927" lon="104.11214">
        <time>2026-05-12T11:39:10Z</time>
      </trkpt>
      <trkpt lat="30.643942" lon="104.11211">
        <time>2026-05-12T11:39:11Z</time>
      </trkpt>
      <trkpt lat="30.643959" lon="104.11207">
        <time>2026-05-12T11:39:12Z</time>
      </trkpt>
      <trkpt lat="30.643974" lon="104.11203">
        <time>2026-05-12T11:39:13Z</time>
      </trkpt>
      <trkpt lat="30.643988" lon="104.112">
        <time>2026-05-12T11:39:14Z</time>
      </trkpt>
      <trkpt lat="30.644001" lon="104.11195">
        <time>2026-05-12T11:39:15Z</time>
      </trkpt>
      <trkpt lat="30.64401" lon="104.111916">
        <time>2026-05-12T11:39:16Z</time>
      </trkpt>
      <trkpt lat="30.64401" lon="104.11186">
        <time>2026-05-12T11:39:17Z</time>
      </trkpt>
      <trkpt lat="30.644012" lon="104.11182">
        <time>2026-05-12T11:39:18Z</time>
      </trkpt>
      <trkpt lat="30.644018" lon="104.11177">
        <time>2026-05-12T11:39:19Z</time>
      </trkpt>
      <trkpt lat="30.644026" lon="104.111725">
        <time>2026-05-12T11:39:20Z</time>
      </trkpt>
      <trkpt lat="30.644037" lon="104.11169">
        <time>2026-05-12T11:39:21Z</time>
      </trkpt>
      <trkpt lat="30.644056" lon="104.11165">
        <time>2026-05-12T11:39:22Z</time>
      </trkpt>
      <trkpt lat="30.64408" lon="104.11161">
        <time>2026-05-12T11:39:23Z</time>
      </trkpt>
      <trkpt lat="30.644102" lon="104.11157">
        <time>2026-05-12T11:39:24Z</time>
      </trkpt>
      <trkpt lat="30.64412" lon="104.111534">
        <time>2026-05-12T11:39:25Z</time>
      </trkpt>
      <trkpt lat="30.644136" lon="104.11149">
        <time>2026-05-12T11:39:26Z</time>
      </trkpt>
      <trkpt lat="30.644156" lon="104.11145">
        <time>2026-05-12T11:39:27Z</time>
      </trkpt>
      <trkpt lat="30.644175" lon="104.11141">
        <time>2026-05-12T11:39:28Z</time>
      </trkpt>
      <trkpt lat="30.644196" lon="104.111374">
        <time>2026-05-12T11:39:29Z</time>
      </trkpt>
      <trkpt lat="30.644218" lon="104.11134">
        <time>2026-05-12T11:39:30Z</time>
      </trkpt>
      <trkpt lat="30.644245" lon="104.11131">
        <time>2026-05-12T11:39:31Z</time>
      </trkpt>
      <trkpt lat="30.644272" lon="104.11128">
        <time>2026-05-12T11:39:32Z</time>
      </trkpt>
      <trkpt lat="30.644295" lon="104.111244">
        <time>2026-05-12T11:39:33Z</time>
      </trkpt>
      <trkpt lat="30.64432" lon="104.111206">
        <time>2026-05-12T11:39:34Z</time>
      </trkpt>
      <trkpt lat="30.644335" lon="104.11117">
        <time>2026-05-12T11:39:35Z</time>
      </trkpt>
      <trkpt lat="30.644352" lon="104.11112">
        <time>2026-05-12T11:39:36Z</time>
      </trkpt>
      <trkpt lat="30.644371" lon="104.11109">
        <time>2026-05-12T11:39:37Z</time>
      </trkpt>
      <trkpt lat="30.644396" lon="104.11105">
        <time>2026-05-12T11:39:38Z</time>
      </trkpt>
      <trkpt lat="30.64441" lon="104.111015">
        <time>2026-05-12T11:39:39Z</time>
      </trkpt>
      <trkpt lat="30.64442" lon="104.11096">
        <time>2026-05-12T11:39:40Z</time>
      </trkpt>
      <trkpt lat="30.644438" lon="104.11091">
        <time>2026-05-12T11:39:41Z</time>
      </trkpt>
      <trkpt lat="30.644457" lon="104.110855">
        <time>2026-05-12T11:39:42Z</time>
      </trkpt>
      <trkpt lat="30.644482" lon="104.1108">
        <time>2026-05-12T11:39:43Z</time>
      </trkpt>
      <trkpt lat="30.644512" lon="104.11075">
        <time>2026-05-12T11:39:44Z</time>
      </trkpt>
      <trkpt lat="30.644533" lon="104.110695">
        <time>2026-05-12T11:39:45Z</time>
      </trkpt>
      <trkpt lat="30.644554" lon="104.11065">
        <time>2026-05-12T11:39:46Z</time>
      </trkpt>
      <trkpt lat="30.644575" lon="104.110596">
        <time>2026-05-12T11:39:47Z</time>
      </trkpt>
      <trkpt lat="30.644596" lon="104.11054">
        <time>2026-05-12T11:39:48Z</time>
      </trkpt>
      <trkpt lat="30.644617" lon="104.11049">
        <time>2026-05-12T11:39:49Z</time>
      </trkpt>
      <trkpt lat="30.64464" lon="104.11043">
        <time>2026-05-12T11:39:50Z</time>
      </trkpt>
      <trkpt lat="30.64466" lon="104.11038">
        <time>2026-05-12T11:39:51Z</time>
      </trkpt>
      <trkpt lat="30.644686" lon="104.11033">
        <time>2026-05-12T11:39:52Z</time>
      </trkpt>
      <trkpt lat="30.64471" lon="104.11027">
        <time>2026-05-12T11:39:53Z</time>
      </trkpt>
      <trkpt lat="30.644735" lon="104.11021">
        <time>2026-05-12T11:39:54Z</time>
      </trkpt>
      <trkpt lat="30.64476" lon="104.11015">
        <time>2026-05-12T11:39:55Z</time>
      </trkpt>
      <trkpt lat="30.644785" lon="104.1101">
        <time>2026-05-12T11:39:56Z</time>
      </trkpt>
      <trkpt lat="30.644817" lon="104.11004">
        <time>2026-05-12T11:39:57Z</time>
      </trkpt>
      <trkpt lat="30.644848" lon="104.109985">
        <time>2026-05-12T11:39:58Z</time>
      </trkpt>
      <trkpt lat="30.644876" lon="104.109924">
        <time>2026-05-12T11:39:59Z</time>
      </trkpt>
      <trkpt lat="30.644903" lon="104.10986">
        <time>2026-05-12T11:40:00Z</time>
      </trkpt>
      <trkpt lat="30.64493" lon="104.10981">
        <time>2026-05-12T11:40:01Z</time>
      </trkpt>
      <trkpt lat="30.644953" lon="104.109764">
        <time>2026-05-12T11:40:02Z</time>
      </trkpt>
      <trkpt lat="30.644985" lon="104.1097">
        <time>2026-05-12T11:40:03Z</time>
      </trkpt>
      <trkpt lat="30.645016" lon="104.10965">
        <time>2026-05-12T11:40:04Z</time>
      </trkpt>
      <trkpt lat="30.645048" lon="104.1096">
        <time>2026-05-12T11:40:05Z</time>
      </trkpt>
      <trkpt lat="30.645079" lon="104.109535">
        <time>2026-05-12T11:40:06Z</time>
      </trkpt>
      <trkpt lat="30.6451" lon="104.109474">
        <time>2026-05-12T11:40:07Z</time>
      </trkpt>
      <trkpt lat="30.645123" lon="104.10941">
        <time>2026-05-12T11:40:08Z</time>
      </trkpt>
      <trkpt lat="30.645155" lon="104.10935">
        <time>2026-05-12T11:40:09Z</time>
      </trkpt>
      <trkpt lat="30.645182" lon="104.1093">
        <time>2026-05-12T11:40:10Z</time>
      </trkpt>
      <trkpt lat="30.645203" lon="104.10923">
        <time>2026-05-12T11:40:11Z</time>
      </trkpt>
      <trkpt lat="30.645224" lon="104.10917">
        <time>2026-05-12T11:40:12Z</time>
      </trkpt>
      <trkpt lat="30.645243" lon="104.109116">
        <time>2026-05-12T11:40:13Z</time>
      </trkpt>
      <trkpt lat="30.645267" lon="104.109055">
        <time>2026-05-12T11:40:14Z</time>
      </trkpt>
      <trkpt lat="30.645302" lon="104.10899">
        <time>2026-05-12T11:40:15Z</time>
      </trkpt>
      <trkpt lat="30.64534" lon="104.10893">
        <time>2026-05-12T11:40:16Z</time>
      </trkpt>
      <trkpt lat="30.645374" lon="104.10888">
        <time>2026-05-12T11:40:17Z</time>
      </trkpt>
      <trkpt lat="30.645412" lon="104.108826">
        <time>2026-05-12T11:40:18Z</time>
      </trkpt>
      <trkpt lat="30.645452" lon="104.10877">
        <time>2026-05-12T11:40:19Z</time>
      </trkpt>
      <trkpt lat="30.64549" lon="104.10872">
        <time>2026-05-12T11:40:20Z</time>
      </trkpt>
      <trkpt lat="30.645529" lon="104.10866">
        <time>2026-05-12T11:40:21Z</time>
      </trkpt>
      <trkpt lat="30.64557" lon="104.108604">
        <time>2026-05-12T11:40:22Z</time>
      </trkpt>
      <trkpt lat="30.645609" lon="104.10854">
        <time>2026-05-12T11:40:23Z</time>
      </trkpt>
      <trkpt lat="30.645647" lon="104.10849">
        <time>2026-05-12T11:40:24Z</time>
      </trkpt>
      <trkpt lat="30.645683" lon="104.108444">
        <time>2026-05-12T11:40:25Z</time>
      </trkpt>
      <trkpt lat="30.645716" lon="104.10839">
        <time>2026-05-12T11:40:26Z</time>
      </trkpt>
      <trkpt lat="30.645742" lon="104.10834">
        <time>2026-05-12T11:40:27Z</time>
      </trkpt>
      <trkpt lat="30.645756" lon="104.1083">
        <time>2026-05-12T11:40:28Z</time>
      </trkpt>
      <trkpt lat="30.645763" lon="104.10826">
        <time>2026-05-12T11:40:29Z</time>
      </trkpt>
      <trkpt lat="30.645765" lon="104.10823">
        <time>2026-05-12T11:40:30Z</time>
      </trkpt>
      <trkpt lat="30.645767" lon="104.10819">
        <time>2026-05-12T11:40:31Z</time>
      </trkpt>
      <trkpt lat="30.64577" lon="104.108154">
        <time>2026-05-12T11:40:32Z</time>
      </trkpt>
      <trkpt lat="30.645767" lon="104.108116">
        <time>2026-05-12T11:40:33Z</time>
      </trkpt>
      <trkpt lat="30.645767" lon="104.10808">
        <time>2026-05-12T11:40:34Z</time>
      </trkpt>
      <trkpt lat="30.645773" lon="104.10803">
        <time>2026-05-12T11:40:35Z</time>
      </trkpt>
      <trkpt lat="30.645782" lon="104.10799">
        <time>2026-05-12T11:40:36Z</time>
      </trkpt>
      <trkpt lat="30.6458" lon="104.10794">
        <time>2026-05-12T11:40:37Z</time>
      </trkpt>
      <trkpt lat="30.645813" lon="104.107895">
        <time>2026-05-12T11:40:38Z</time>
      </trkpt>
      <trkpt lat="30.645828" lon="104.10786">
        <time>2026-05-12T11:40:39Z</time>
      </trkpt>
      <trkpt lat="30.645847" lon="104.10782">
        <time>2026-05-12T11:40:40Z</time>
      </trkpt>
      <trkpt lat="30.645868" lon="104.10777">
        <time>2026-05-12T11:40:41Z</time>
      </trkpt>
      <trkpt lat="30.64589" lon="104.107735">
        <time>2026-05-12T11:40:42Z</time>
      </trkpt>
      <trkpt lat="30.645914" lon="104.10768">
        <time>2026-05-12T11:40:43Z</time>
      </trkpt>
      <trkpt lat="30.64594" lon="104.10763">
        <time>2026-05-12T11:40:44Z</time>
      </trkpt>
      <trkpt lat="30.645967" lon="104.10758">
        <time>2026-05-12T11:40:45Z</time>
      </trkpt>
      <trkpt lat="30.645994" lon="104.107544">
        <time>2026-05-12T11:40:46Z</time>
      </trkpt>
      <trkpt lat="30.64602" lon="104.1075">
        <time>2026-05-12T11:40:47Z</time>
      </trkpt>
      <trkpt lat="30.646042" lon="104.10746">
        <time>2026-05-12T11:40:48Z</time>
      </trkpt>
      <trkpt lat="30.646055" lon="104.107414">
        <time>2026-05-12T11:40:49Z</time>
      </trkpt>
      <trkpt lat="30.646067" lon="104.10737">
        <time>2026-05-12T11:40:50Z</time>
      </trkpt>
      <trkpt lat="30.64608" lon="104.107315">
        <time>2026-05-12T11:40:51Z</time>
      </trkpt>
      <trkpt lat="30.6461" lon="104.10728">
        <time>2026-05-12T11:40:52Z</time>
      </trkpt>
      <trkpt lat="30.646116" lon="104.10724">
        <time>2026-05-12T11:40:53Z</time>
      </trkpt>
      <trkpt lat="30.646145" lon="104.10719">
        <time>2026-05-12T11:40:54Z</time>
      </trkpt>
      <trkpt lat="30.646175" lon="104.107155">
        <time>2026-05-12T11:40:55Z</time>
      </trkpt>
      <trkpt lat="30.646206" lon="104.1071">
        <time>2026-05-12T11:40:56Z</time>
      </trkpt>
      <trkpt lat="30.646233" lon="104.10705">
        <time>2026-05-12T11:40:57Z</time>
      </trkpt>
      <trkpt lat="30.64626" lon="104.10701">
        <time>2026-05-12T11:40:58Z</time>
      </trkpt>
      <trkpt lat="30.64629" lon="104.106964">
        <time>2026-05-12T11:40:59Z</time>
      </trkpt>
      <trkpt lat="30.646318" lon="104.10692">
        <time>2026-05-12T11:41:00Z</time>
      </trkpt>
      <trkpt lat="30.646345" lon="104.10687">
        <time>2026-05-12T11:41:01Z</time>
      </trkpt>
      <trkpt lat="30.646376" lon="104.10683">
        <time>2026-05-12T11:41:02Z</time>
      </trkpt>
      <trkpt lat="30.646406" lon="104.106766">
        <time>2026-05-12T11:41:03Z</time>
      </trkpt>
      <trkpt lat="30.646435" lon="104.10671">
        <time>2026-05-12T11:41:04Z</time>
      </trkpt>
      <trkpt lat="30.646461" lon="104.10667">
        <time>2026-05-12T11:41:05Z</time>
      </trkpt>
      <trkpt lat="30.646484" lon="104.10661">
        <time>2026-05-12T11:41:06Z</time>
      </trkpt>
      <trkpt lat="30.646507" lon="104.10655">
        <time>2026-05-12T11:41:07Z</time>
      </trkpt>
      <trkpt lat="30.64653" lon="104.10649">
        <time>2026-05-12T11:41:08Z</time>
      </trkpt>
      <trkpt lat="30.646551" lon="104.10643">
        <time>2026-05-12T11:41:09Z</time>
      </trkpt>
      <trkpt lat="30.646576" lon="104.10637">
        <time>2026-05-12T11:41:10Z</time>
      </trkpt>
      <trkpt lat="30.6466" lon="104.10631">
        <time>2026-05-12T11:41:11Z</time>
      </trkpt>
      <trkpt lat="30.646626" lon="104.10625">
        <time>2026-05-12T11:41:12Z</time>
      </trkpt>
      <trkpt lat="30.646652" lon="104.10619">
        <time>2026-05-12T11:41:13Z</time>
      </trkpt>
      <trkpt lat="30.646671" lon="104.10613">
        <time>2026-05-12T11:41:14Z</time>
      </trkpt>
      <trkpt lat="30.646696" lon="104.10607">
        <time>2026-05-12T11:41:15Z</time>
      </trkpt>
      <trkpt lat="30.646717" lon="104.10602">
        <time>2026-05-12T11:41:16Z</time>
      </trkpt>
      <trkpt lat="30.646736" lon="104.10596">
        <time>2026-05-12T11:41:17Z</time>
      </trkpt>
      <trkpt lat="30.64676" lon="104.105896">
        <time>2026-05-12T11:41:18Z</time>
      </trkpt>
      <trkpt lat="30.64679" lon="104.10582">
        <time>2026-05-12T11:41:19Z</time>
      </trkpt>
      <trkpt lat="30.646816" lon="104.10576">
        <time>2026-05-12T11:41:20Z</time>
      </trkpt>
      <trkpt lat="30.646843" lon="104.10569">
        <time>2026-05-12T11:41:21Z</time>
      </trkpt>
      <trkpt lat="30.646872" lon="104.10563">
        <time>2026-05-12T11:41:22Z</time>
      </trkpt>
      <trkpt lat="30.646902" lon="104.10556">
        <time>2026-05-12T11:41:23Z</time>
      </trkpt>
      <trkpt lat="30.646933" lon="104.1055">
        <time>2026-05-12T11:41:24Z</time>
      </trkpt>
      <trkpt lat="30.646957" lon="104.10544">
        <time>2026-05-12T11:41:25Z</time>
      </trkpt>
      <trkpt lat="30.646984" lon="104.10537">
        <time>2026-05-12T11:41:26Z</time>
      </trkpt>
      <trkpt lat="30.647015" lon="104.1053">
        <time>2026-05-12T11:41:27Z</time>
      </trkpt>
      <trkpt lat="30.647043" lon="104.10524">
        <time>2026-05-12T11:41:28Z</time>
      </trkpt>
      <trkpt lat="30.64707" lon="104.10518">
        <time>2026-05-12T11:41:29Z</time>
      </trkpt>
      <trkpt lat="30.647099" lon="104.10512">
        <time>2026-05-12T11:41:30Z</time>
      </trkpt>
      <trkpt lat="30.64713" lon="104.10505">
        <time>2026-05-12T11:41:31Z</time>
      </trkpt>
      <trkpt lat="30.647156" lon="104.10499">
        <time>2026-05-12T11:41:32Z</time>
      </trkpt>
      <trkpt lat="30.647184" lon="104.10493">
        <time>2026-05-12T11:41:33Z</time>
      </trkpt>
      <trkpt lat="30.64721" lon="104.104866">
        <time>2026-05-12T11:41:34Z</time>
      </trkpt>
      <trkpt lat="30.647236" lon="104.104805">
        <time>2026-05-12T11:41:35Z</time>
      </trkpt>
      <trkpt lat="30.647263" lon="104.10475">
        <time>2026-05-12T11:41:36Z</time>
      </trkpt>
      <trkpt lat="30.647287" lon="104.10469">
        <time>2026-05-12T11:41:37Z</time>
      </trkpt>
      <trkpt lat="30.647312" lon="104.10463">
        <time>2026-05-12T11:41:38Z</time>
      </trkpt>
      <trkpt lat="30.647339" lon="104.10457">
        <time>2026-05-12T11:41:39Z</time>
      </trkpt>
      <trkpt lat="30.647366" lon="104.104515">
        <time>2026-05-12T11:41:40Z</time>
      </trkpt>
      <trkpt lat="30.647392" lon="104.104454">
        <time>2026-05-12T11:41:41Z</time>
      </trkpt>
      <trkpt lat="30.647419" lon="104.1044">
        <time>2026-05-12T11:41:42Z</time>
      </trkpt>
      <trkpt lat="30.647446" lon="104.10435">
        <time>2026-05-12T11:41:43Z</time>
      </trkpt>
      <trkpt lat="30.647472" lon="104.10429">
        <time>2026-05-12T11:41:44Z</time>
      </trkpt>
      <trkpt lat="30.647495" lon="104.10423">
        <time>2026-05-12T11:41:45Z</time>
      </trkpt>
      <trkpt lat="30.647522" lon="104.10418">
        <time>2026-05-12T11:41:46Z</time>
      </trkpt>
      <trkpt lat="30.647547" lon="104.104126">
        <time>2026-05-12T11:41:47Z</time>
      </trkpt>
      <trkpt lat="30.647573" lon="104.10407">
        <time>2026-05-12T11:41:48Z</time>
      </trkpt>
      <trkpt lat="30.647598" lon="104.10402">
        <time>2026-05-12T11:41:49Z</time>
      </trkpt>
      <trkpt lat="30.64762" lon="104.10397">
        <time>2026-05-12T11:41:50Z</time>
      </trkpt>
      <trkpt lat="30.647642" lon="104.10392">
        <time>2026-05-12T11:41:51Z</time>
      </trkpt>
      <trkpt lat="30.647663" lon="104.10388">
        <time>2026-05-12T11:41:52Z</time>
      </trkpt>
      <trkpt lat="30.64768" lon="104.10384">
        <time>2026-05-12T11:41:53Z</time>
      </trkpt>
      <trkpt lat="30.647696" lon="104.103806">
        <time>2026-05-12T11:41:54Z</time>
      </trkpt>
      <trkpt lat="30.647709" lon="104.103775">
        <time>2026-05-12T11:41:55Z</time>
      </trkpt>
      <trkpt lat="30.647722" lon="104.10374">
        <time>2026-05-12T11:41:56Z</time>
      </trkpt>
      <trkpt lat="30.647738" lon="104.10369">
        <time>2026-05-12T11:41:57Z</time>
      </trkpt>
      <trkpt lat="30.64776" lon="104.103645">
        <time>2026-05-12T11:41:58Z</time>
      </trkpt>
      <trkpt lat="30.647783" lon="104.10359">
        <time>2026-05-12T11:41:59Z</time>
      </trkpt>
      <trkpt lat="30.647804" lon="104.103546">
        <time>2026-05-12T11:42:00Z</time>
      </trkpt>
      <trkpt lat="30.64783" lon="104.10349">
        <time>2026-05-12T11:42:01Z</time>
      </trkpt>
      <trkpt lat="30.64785" lon="104.10344">
        <time>2026-05-12T11:42:02Z</time>
      </trkpt>
      <trkpt lat="30.647879" lon="104.10339">
        <time>2026-05-12T11:42:03Z</time>
      </trkpt>
      <trkpt lat="30.647902" lon="104.103355">
        <time>2026-05-12T11:42:04Z</time>
      </trkpt>
      <trkpt lat="30.647924" lon="104.10332">
        <time>2026-05-12T11:42:05Z</time>
      </trkpt>
      <trkpt lat="30.64795" lon="104.10328">
        <time>2026-05-12T11:42:06Z</time>
      </trkpt>
      <trkpt lat="30.647974" lon="104.10324">
        <time>2026-05-12T11:42:07Z</time>
      </trkpt>
      <trkpt lat="30.648" lon="104.103195">
        <time>2026-05-12T11:42:08Z</time>
      </trkpt>
      <trkpt lat="30.648024" lon="104.10315">
        <time>2026-05-12T11:42:09Z</time>
      </trkpt>
      <trkpt lat="30.648046" lon="104.103096">
        <time>2026-05-12T11:42:10Z</time>
      </trkpt>
      <trkpt lat="30.648067" lon="104.10304">
        <time>2026-05-12T11:42:11Z</time>
      </trkpt>
      <trkpt lat="30.648088" lon="104.10299">
        <time>2026-05-12T11:42:12Z</time>
      </trkpt>
      <trkpt lat="30.648115" lon="104.10293">
        <time>2026-05-12T11:42:13Z</time>
      </trkpt>
      <trkpt lat="30.64814" lon="104.102875">
        <time>2026-05-12T11:42:14Z</time>
      </trkpt>
      <trkpt lat="30.64816" lon="104.10284">
        <time>2026-05-12T11:42:15Z</time>
      </trkpt>
      <trkpt lat="30.648186" lon="104.10278">
        <time>2026-05-12T11:42:16Z</time>
      </trkpt>
      <trkpt lat="30.648205" lon="104.10273">
        <time>2026-05-12T11:42:17Z</time>
      </trkpt>
      <trkpt lat="30.64823" lon="104.10268">
        <time>2026-05-12T11:42:18Z</time>
      </trkpt>
      <trkpt lat="30.648254" lon="104.102615">
        <time>2026-05-12T11:42:19Z</time>
      </trkpt>
      <trkpt lat="30.648275" lon="104.10256">
        <time>2026-05-12T11:42:20Z</time>
      </trkpt>
      <trkpt lat="30.648296" lon="104.1025">
        <time>2026-05-12T11:42:21Z</time>
      </trkpt>
      <trkpt lat="30.64832" lon="104.10244">
        <time>2026-05-12T11:42:22Z</time>
      </trkpt>
      <trkpt lat="30.648346" lon="104.102394">
        <time>2026-05-12T11:42:23Z</time>
      </trkpt>
      <trkpt lat="30.648369" lon="104.102356">
        <time>2026-05-12T11:42:24Z</time>
      </trkpt>
      <trkpt lat="30.648386" lon="104.10232">
        <time>2026-05-12T11:42:25Z</time>
      </trkpt>
      <trkpt lat="30.648401" lon="104.10228">
        <time>2026-05-12T11:42:26Z</time>
      </trkpt>
      <trkpt lat="30.64842" lon="104.10224">
        <time>2026-05-12T11:42:27Z</time>
      </trkpt>
      <trkpt lat="30.648438" lon="104.10219">
        <time>2026-05-12T11:42:28Z</time>
      </trkpt>
      <trkpt lat="30.64846" lon="104.10215">
        <time>2026-05-12T11:42:29Z</time>
      </trkpt>
      <trkpt lat="30.648483" lon="104.10211">
        <time>2026-05-12T11:42:30Z</time>
      </trkpt>
      <trkpt lat="30.648514" lon="104.10207">
        <time>2026-05-12T11:42:31Z</time>
      </trkpt>
      <trkpt lat="30.648537" lon="104.10204">
        <time>2026-05-12T11:42:32Z</time>
      </trkpt>
      <trkpt lat="30.64856" lon="104.10199">
        <time>2026-05-12T11:42:33Z</time>
      </trkpt>
      <trkpt lat="30.648582" lon="104.10195">
        <time>2026-05-12T11:42:34Z</time>
      </trkpt>
      <trkpt lat="30.648602" lon="104.101906">
        <time>2026-05-12T11:42:35Z</time>
      </trkpt>
      <trkpt lat="30.648623" lon="104.10185">
        <time>2026-05-12T11:42:36Z</time>
      </trkpt>
      <trkpt lat="30.648645" lon="104.10181">
        <time>2026-05-12T11:42:37Z</time>
      </trkpt>
      <trkpt lat="30.648666" lon="104.10175">
        <time>2026-05-12T11:42:38Z</time>
      </trkpt>
      <trkpt lat="30.648687" lon="104.10171">
        <time>2026-05-12T11:42:39Z</time>
      </trkpt>
      <trkpt lat="30.6487" lon="104.10166">
        <time>2026-05-12T11:42:40Z</time>
      </trkpt>
      <trkpt lat="30.648712" lon="104.10161">
        <time>2026-05-12T11:42:41Z</time>
      </trkpt>
      <trkpt lat="30.648727" lon="104.101555">
        <time>2026-05-12T11:42:42Z</time>
      </trkpt>
      <trkpt lat="30.64875" lon="104.10151">
        <time>2026-05-12T11:42:43Z</time>
      </trkpt>
      <trkpt lat="30.64877" lon="104.10146">
        <time>2026-05-12T11:42:44Z</time>
      </trkpt>
      <trkpt lat="30.648794" lon="104.10141">
        <time>2026-05-12T11:42:45Z</time>
      </trkpt>
      <trkpt lat="30.648815" lon="104.10137">
        <time>2026-05-12T11:42:46Z</time>
      </trkpt>
      <trkpt lat="30.648838" lon="104.10132">
        <time>2026-05-12T11:42:47Z</time>
      </trkpt>
      <trkpt lat="30.64886" lon="104.10127">
        <time>2026-05-12T11:42:48Z</time>
      </trkpt>
      <trkpt lat="30.648884" lon="104.10123">
        <time>2026-05-12T11:42:49Z</time>
      </trkpt>
      <trkpt lat="30.648905" lon="104.10119">
        <time>2026-05-12T11:42:50Z</time>
      </trkpt>
      <trkpt lat="30.648926" lon="104.10114">
        <time>2026-05-12T11:42:51Z</time>
      </trkpt>
      <trkpt lat="30.648949" lon="104.101105">
        <time>2026-05-12T11:42:52Z</time>
      </trkpt>
      <trkpt lat="30.648973" lon="104.10105">
        <time>2026-05-12T11:42:53Z</time>
      </trkpt>
      <trkpt lat="30.648993" lon="104.101">
        <time>2026-05-12T11:42:54Z</time>
      </trkpt>
      <trkpt lat="30.64902" lon="104.10095">
        <time>2026-05-12T11:42:55Z</time>
      </trkpt>
      <trkpt lat="30.649044" lon="104.1009">
        <time>2026-05-12T11:42:56Z</time>
      </trkpt>
      <trkpt lat="30.649069" lon="104.100845">
        <time>2026-05-12T11:42:57Z</time>
      </trkpt>
      <trkpt lat="30.649092" lon="104.1008">
        <time>2026-05-12T11:42:58Z</time>
      </trkpt>
      <trkpt lat="30.649117" lon="104.100746">
        <time>2026-05-12T11:42:59Z</time>
      </trkpt>
      <trkpt lat="30.649141" lon="104.10069">
        <time>2026-05-12T11:43:00Z</time>
      </trkpt>
      <trkpt lat="30.649166" lon="104.10064">
        <time>2026-05-12T11:43:01Z</time>
      </trkpt>
      <trkpt lat="30.64919" lon="104.10059">
        <time>2026-05-12T11:43:02Z</time>
      </trkpt>
      <trkpt lat="30.649212" lon="104.10054">
        <time>2026-05-12T11:43:03Z</time>
      </trkpt>
      <trkpt lat="30.64923" lon="104.100494">
        <time>2026-05-12T11:43:04Z</time>
      </trkpt>
      <trkpt lat="30.649248" lon="104.10045">
        <time>2026-05-12T11:43:05Z</time>
      </trkpt>
      <trkpt lat="30.64927" lon="104.100395">
        <time>2026-05-12T11:43:06Z</time>
      </trkpt>
      <trkpt lat="30.649292" lon="104.10035">
        <time>2026-05-12T11:43:07Z</time>
      </trkpt>
      <trkpt lat="30.649317" lon="104.10031">
        <time>2026-05-12T11:43:08Z</time>
      </trkpt>
      <trkpt lat="30.649342" lon="104.10027">
        <time>2026-05-12T11:43:09Z</time>
      </trkpt>
      <trkpt lat="30.649366" lon="104.10023">
        <time>2026-05-12T11:43:10Z</time>
      </trkpt>
      <trkpt lat="30.649391" lon="104.10019">
        <time>2026-05-12T11:43:11Z</time>
      </trkpt>
      <trkpt lat="30.649414" lon="104.10015">
        <time>2026-05-12T11:43:12Z</time>
      </trkpt>
      <trkpt lat="30.649427" lon="104.1001">
        <time>2026-05-12T11:43:13Z</time>
      </trkpt>
      <trkpt lat="30.64944" lon="104.100044">
        <time>2026-05-12T11:43:14Z</time>
      </trkpt>
      <trkpt lat="30.649454" lon="104.1">
        <time>2026-05-12T11:43:15Z</time>
      </trkpt>
      <trkpt lat="30.649473" lon="104.09995">
        <time>2026-05-12T11:43:16Z</time>
      </trkpt>
      <trkpt lat="30.649498" lon="104.099915">
        <time>2026-05-12T11:43:17Z</time>
      </trkpt>
      <trkpt lat="30.649523" lon="104.09987">
        <time>2026-05-12T11:43:18Z</time>
      </trkpt>
      <trkpt lat="30.649548" lon="104.09982">
        <time>2026-05-12T11:43:19Z</time>
      </trkpt>
      <trkpt lat="30.649567" lon="104.09978">
        <time>2026-05-12T11:43:20Z</time>
      </trkpt>
      <trkpt lat="30.649586" lon="104.09973">
        <time>2026-05-12T11:43:21Z</time>
      </trkpt>
      <trkpt lat="30.649609" lon="104.09969">
        <time>2026-05-12T11:43:22Z</time>
      </trkpt>
      <trkpt lat="30.649626" lon="104.099655">
        <time>2026-05-12T11:43:23Z</time>
      </trkpt>
      <trkpt lat="30.649645" lon="104.09962">
        <time>2026-05-12T11:43:24Z</time>
      </trkpt>
      <trkpt lat="30.649662" lon="104.09957">
        <time>2026-05-12T11:43:25Z</time>
      </trkpt>
      <trkpt lat="30.64968" lon="104.099525">
        <time>2026-05-12T11:43:26Z</time>
      </trkpt>
      <trkpt lat="30.649702" lon="104.09948">
        <time>2026-05-12T11:43:27Z</time>
      </trkpt>
      <trkpt lat="30.649721" lon="104.099434">
        <time>2026-05-12T11:43:28Z</time>
      </trkpt>
      <trkpt lat="30.649742" lon="104.09939">
        <time>2026-05-12T11:43:29Z</time>
      </trkpt>
      <trkpt lat="30.649763" lon="104.09934">
        <time>2026-05-12T11:43:30Z</time>
      </trkpt>
      <trkpt lat="30.649786" lon="104.0993">
        <time>2026-05-12T11:43:31Z</time>
      </trkpt>
      <trkpt lat="30.64981" lon="104.09925">
        <time>2026-05-12T11:43:32Z</time>
      </trkpt>
      <trkpt lat="30.649832" lon="104.09921">
        <time>2026-05-12T11:43:33Z</time>
      </trkpt>
      <trkpt lat="30.649858" lon="104.09917">
        <time>2026-05-12T11:43:34Z</time>
      </trkpt>
      <trkpt lat="30.64988" lon="104.09912">
        <time>2026-05-12T11:43:35Z</time>
      </trkpt>
      <trkpt lat="30.649897" lon="104.099075">
        <time>2026-05-12T11:43:36Z</time>
      </trkpt>
      <trkpt lat="30.649923" lon="104.09902">
        <time>2026-05-12T11:43:37Z</time>
      </trkpt>
      <trkpt lat="30.649948" lon="104.098976">
        <time>2026-05-12T11:43:38Z</time>
      </trkpt>
      <trkpt lat="30.649973" lon="104.09893">
        <time>2026-05-12T11:43:39Z</time>
      </trkpt>
      <trkpt lat="30.649996" lon="104.098885">
        <time>2026-05-12T11:43:40Z</time>
      </trkpt>
      <trkpt lat="30.650019" lon="104.09885">
        <time>2026-05-12T11:43:41Z</time>
      </trkpt>
      <trkpt lat="30.65004" lon="104.0988">
        <time>2026-05-12T11:43:42Z</time>
      </trkpt>
      <trkpt lat="30.65006" lon="104.09875">
        <time>2026-05-12T11:43:43Z</time>
      </trkpt>
      <trkpt lat="30.650078" lon="104.0987">
        <time>2026-05-12T11:43:44Z</time>
      </trkpt>
      <trkpt lat="30.650097" lon="104.098656">
        <time>2026-05-12T11:43:45Z</time>
      </trkpt>
      <trkpt lat="30.650118" lon="104.0986">
        <time>2026-05-12T11:43:46Z</time>
      </trkpt>
      <trkpt lat="30.65014" lon="104.09855">
        <time>2026-05-12T11:43:47Z</time>
      </trkpt>
      <trkpt lat="30.650164" lon="104.0985">
        <time>2026-05-12T11:43:48Z</time>
      </trkpt>
      <trkpt lat="30.650183" lon="104.09846">
        <time>2026-05-12T11:43:49Z</time>
      </trkpt>
      <trkpt lat="30.650204" lon="104.09841">
        <time>2026-05-12T11:43:50Z</time>
      </trkpt>
      <trkpt lat="30.650223" lon="104.09838">
        <time>2026-05-12T11:43:51Z</time>
      </trkpt>
      <trkpt lat="30.650242" lon="104.098335">
        <time>2026-05-12T11:43:52Z</time>
      </trkpt>
      <trkpt lat="30.65026" lon="104.09829">
        <time>2026-05-12T11:43:53Z</time>
      </trkpt>
      <trkpt lat="30.650286" lon="104.09825">
        <time>2026-05-12T11:43:54Z</time>
      </trkpt>
      <trkpt lat="30.65032" lon="104.09821">
        <time>2026-05-12T11:43:55Z</time>
      </trkpt>
      <trkpt lat="30.650362" lon="104.0982">
        <time>2026-05-12T11:43:56Z</time>
      </trkpt>
      <trkpt lat="30.650406" lon="104.09819">
        <time>2026-05-12T11:43:57Z</time>
      </trkpt>
      <trkpt lat="30.650446" lon="104.09819">
        <time>2026-05-12T11:43:58Z</time>
      </trkpt>
      <trkpt lat="30.65049" lon="104.0982">
        <time>2026-05-12T11:43:59Z</time>
      </trkpt>
      <trkpt lat="30.650534" lon="104.0982">
        <time>2026-05-12T11:44:00Z</time>
      </trkpt>
      <trkpt lat="30.65057" lon="104.098206">
        <time>2026-05-12T11:44:01Z</time>
      </trkpt>
      <trkpt lat="30.650602" lon="104.09821">
        <time>2026-05-12T11:44:02Z</time>
      </trkpt>
      <trkpt lat="30.650629" lon="104.09823">
        <time>2026-05-12T11:44:03Z</time>
      </trkpt>
      <trkpt lat="30.650663" lon="104.09824">
        <time>2026-05-12T11:44:04Z</time>
      </trkpt>
      <trkpt lat="30.650692" lon="104.09826">
        <time>2026-05-12T11:44:05Z</time>
      </trkpt>
      <trkpt lat="30.650723" lon="104.098274">
        <time>2026-05-12T11:44:06Z</time>
      </trkpt>
      <trkpt lat="30.650753" lon="104.0983">
        <time>2026-05-12T11:44:07Z</time>
      </trkpt>
      <trkpt lat="30.65078" lon="104.09831">
        <time>2026-05-12T11:44:08Z</time>
      </trkpt>
      <trkpt lat="30.65081" lon="104.098335">
        <time>2026-05-12T11:44:09Z</time>
      </trkpt>
      <trkpt lat="30.650837" lon="104.09835">
        <time>2026-05-12T11:44:10Z</time>
      </trkpt>
      <trkpt lat="30.650864" lon="104.098366">
        <time>2026-05-12T11:44:11Z</time>
      </trkpt>
      <trkpt lat="30.650885" lon="104.09838">
        <time>2026-05-12T11:44:12Z</time>
      </trkpt>
      <trkpt lat="30.650904" lon="104.0984">
        <time>2026-05-12T11:44:13Z</time>
      </trkpt>
      <trkpt lat="30.65093" lon="104.09842">
        <time>2026-05-12T11:44:14Z</time>
      </trkpt>
      <trkpt lat="30.65096" lon="104.09844">
        <time>2026-05-12T11:44:15Z</time>
      </trkpt>
      <trkpt lat="30.650997" lon="104.098465">
        <time>2026-05-12T11:44:16Z</time>
      </trkpt>
      <trkpt lat="30.651031" lon="104.09848">
        <time>2026-05-12T11:44:17Z</time>
      </trkpt>
      <trkpt lat="30.651064" lon="104.098495">
        <time>2026-05-12T11:44:18Z</time>
      </trkpt>
      <trkpt lat="30.651094" lon="104.09851">
        <time>2026-05-12T11:44:19Z</time>
      </trkpt>
      <trkpt lat="30.651125" lon="104.09853">
        <time>2026-05-12T11:44:20Z</time>
      </trkpt>
      <trkpt lat="30.65116" lon="104.09855">
        <time>2026-05-12T11:44:21Z</time>
      </trkpt>
      <trkpt lat="30.651188" lon="104.09857">
        <time>2026-05-12T11:44:22Z</time>
      </trkpt>
      <trkpt lat="30.651217" lon="104.09859">
        <time>2026-05-12T11:44:23Z</time>
      </trkpt>
      <trkpt lat="30.651243" lon="104.0986">
        <time>2026-05-12T11:44:24Z</time>
      </trkpt>
      <trkpt lat="30.651272" lon="104.09862">
        <time>2026-05-12T11:44:25Z</time>
      </trkpt>
      <trkpt lat="30.6513" lon="104.09863">
        <time>2026-05-12T11:44:26Z</time>
      </trkpt>
      <trkpt lat="30.651329" lon="104.098656">
        <time>2026-05-12T11:44:27Z</time>
      </trkpt>
      <trkpt lat="30.651361" lon="104.09868">
        <time>2026-05-12T11:44:28Z</time>
      </trkpt>
      <trkpt lat="30.651394" lon="104.09871">
        <time>2026-05-12T11:44:29Z</time>
      </trkpt>
      <trkpt lat="30.651426" lon="104.09873">
        <time>2026-05-12T11:44:30Z</time>
      </trkpt>
      <trkpt lat="30.651463" lon="104.098755">
        <time>2026-05-12T11:44:31Z</time>
      </trkpt>
      <trkpt lat="30.6515" lon="104.09878">
        <time>2026-05-12T11:44:32Z</time>
      </trkpt>
      <trkpt lat="30.65154" lon="104.0988">
        <time>2026-05-12T11:44:33Z</time>
      </trkpt>
      <trkpt lat="30.651577" lon="104.09882">
        <time>2026-05-12T11:44:34Z</time>
      </trkpt>
      <trkpt lat="30.651608" lon="104.09885">
        <time>2026-05-12T11:44:35Z</time>
      </trkpt>
      <trkpt lat="30.65164" lon="104.09887">
        <time>2026-05-12T11:44:36Z</time>
      </trkpt>
      <trkpt lat="30.65167" lon="104.098885">
        <time>2026-05-12T11:44:37Z</time>
      </trkpt>
      <trkpt lat="30.651703" lon="104.09891">
        <time>2026-05-12T11:44:38Z</time>
      </trkpt>
      <trkpt lat="30.651737" lon="104.09893">
        <time>2026-05-12T11:44:39Z</time>
      </trkpt>
      <trkpt lat="30.65177" lon="104.09895">
        <time>2026-05-12T11:44:40Z</time>
      </trkpt>
      <trkpt lat="30.651802" lon="104.098976">
        <time>2026-05-12T11:44:41Z</time>
      </trkpt>
      <trkpt lat="30.651836" lon="104.099">
        <time>2026-05-12T11:44:42Z</time>
      </trkpt>
      <trkpt lat="30.65187" lon="104.09902">
        <time>2026-05-12T11:44:43Z</time>
      </trkpt>
      <trkpt lat="30.651907" lon="104.09904">
        <time>2026-05-12T11:44:44Z</time>
      </trkpt>
      <trkpt lat="30.65194" lon="104.09906">
        <time>2026-05-12T11:44:45Z</time>
      </trkpt>
      <trkpt lat="30.651974" lon="104.09908">
        <time>2026-05-12T11:44:46Z</time>
      </trkpt>
      <trkpt lat="30.652014" lon="104.099106">
        <time>2026-05-12T11:44:47Z</time>
      </trkpt>
      <trkpt lat="30.65205" lon="104.09913">
        <time>2026-05-12T11:44:48Z</time>
      </trkpt>
      <trkpt lat="30.652084" lon="104.09915">
        <time>2026-05-12T11:44:49Z</time>
      </trkpt>
      <trkpt lat="30.652122" lon="104.099174">
        <time>2026-05-12T11:44:50Z</time>
      </trkpt>
      <trkpt lat="30.652163" lon="104.09919">
        <time>2026-05-12T11:44:51Z</time>
      </trkpt>
      <trkpt lat="30.652199" lon="104.09921">
        <time>2026-05-12T11:44:52Z</time>
      </trkpt>
      <trkpt lat="30.652235" lon="104.099236">
        <time>2026-05-12T11:44:53Z</time>
      </trkpt>
      <trkpt lat="30.652271" lon="104.09926">
        <time>2026-05-12T11:44:54Z</time>
      </trkpt>
      <trkpt lat="30.652308" lon="104.09928">
        <time>2026-05-12T11:44:55Z</time>
      </trkpt>
      <trkpt lat="30.652344" lon="104.0993">
        <time>2026-05-12T11:44:56Z</time>
      </trkpt>
      <trkpt lat="30.652378" lon="104.09932">
        <time>2026-05-12T11:44:57Z</time>
      </trkpt>
      <trkpt lat="30.652412" lon="104.099335">
        <time>2026-05-12T11:44:58Z</time>
      </trkpt>
      <trkpt lat="30.652445" lon="104.09936">
        <time>2026-05-12T11:44:59Z</time>
      </trkpt>
      <trkpt lat="30.652485" lon="104.09938">
        <time>2026-05-12T11:45:00Z</time>
      </trkpt>
      <trkpt lat="30.652521" lon="104.0994">
        <time>2026-05-12T11:45:01Z</time>
      </trkpt>
      <trkpt lat="30.65256" lon="104.09942">
        <time>2026-05-12T11:45:02Z</time>
      </trkpt>
      <trkpt lat="30.652597" lon="104.09944">
        <time>2026-05-12T11:45:03Z</time>
      </trkpt>
      <trkpt lat="30.652636" lon="104.09947">
        <time>2026-05-12T11:45:04Z</time>
      </trkpt>
      <trkpt lat="30.652676" lon="104.099495">
        <time>2026-05-12T11:45:05Z</time>
      </trkpt>
      <trkpt lat="30.652714" lon="104.09952">
        <time>2026-05-12T11:45:06Z</time>
      </trkpt>
      <trkpt lat="30.65275" lon="104.09954">
        <time>2026-05-12T11:45:07Z</time>
      </trkpt>
      <trkpt lat="30.65279" lon="104.09956">
        <time>2026-05-12T11:45:08Z</time>
      </trkpt>
      <trkpt lat="30.652826" lon="104.09959">
        <time>2026-05-12T11:45:09Z</time>
      </trkpt>
      <trkpt lat="30.652864" lon="104.09961">
        <time>2026-05-12T11:45:10Z</time>
      </trkpt>
      <trkpt lat="30.652906" lon="104.09963">
        <time>2026-05-12T11:45:11Z</time>
      </trkpt>
      <trkpt lat="30.652945" lon="104.099655">
        <time>2026-05-12T11:45:12Z</time>
      </trkpt>
      <trkpt lat="30.652985" lon="104.09968">
        <time>2026-05-12T11:45:13Z</time>
      </trkpt>
      <trkpt lat="30.653025" lon="104.0997">
        <time>2026-05-12T11:45:14Z</time>
      </trkpt>
      <trkpt lat="30.65306" lon="104.099724">
        <time>2026-05-12T11:45:15Z</time>
      </trkpt>
      <trkpt lat="30.653101" lon="104.09974">
        <time>2026-05-12T11:45:16Z</time>
      </trkpt>
      <trkpt lat="30.653149" lon="104.09976">
        <time>2026-05-12T11:45:17Z</time>
      </trkpt>
      <trkpt lat="30.65319" lon="104.09978">
        <time>2026-05-12T11:45:18Z</time>
      </trkpt>
      <trkpt lat="30.653233" lon="104.0998">
        <time>2026-05-12T11:45:19Z</time>
      </trkpt>
      <trkpt lat="30.653276" lon="104.09982">
        <time>2026-05-12T11:45:20Z</time>
      </trkpt>
      <trkpt lat="30.653322" lon="104.099846">
        <time>2026-05-12T11:45:21Z</time>
      </trkpt>
      <trkpt lat="30.653364" lon="104.09987">
        <time>2026-05-12T11:45:22Z</time>
      </trkpt>
      <trkpt lat="30.653395" lon="104.09989">
        <time>2026-05-12T11:45:23Z</time>
      </trkpt>
      <trkpt lat="30.65343" lon="104.099915">
        <time>2026-05-12T11:45:24Z</time>
      </trkpt>
      <trkpt lat="30.653467" lon="104.09994">
        <time>2026-05-12T11:45:25Z</time>
      </trkpt>
      <trkpt lat="30.653502" lon="104.09996">
        <time>2026-05-12T11:45:26Z</time>
      </trkpt>
      <trkpt lat="30.653536" lon="104.09999">
        <time>2026-05-12T11:45:27Z</time>
      </trkpt>
      <trkpt lat="30.653574" lon="104.10001">
        <time>2026-05-12T11:45:28Z</time>
      </trkpt>
      <trkpt lat="30.653612" lon="104.10004">
        <time>2026-05-12T11:45:29Z</time>
      </trkpt>
      <trkpt lat="30.653656" lon="104.10007">
        <time>2026-05-12T11:45:30Z</time>
      </trkpt>
      <trkpt lat="30.653704" lon="104.10009">
        <time>2026-05-12T11:45:31Z</time>
      </trkpt>
      <trkpt lat="30.653748" lon="104.10011">
        <time>2026-05-12T11:45:32Z</time>
      </trkpt>
      <trkpt lat="30.653788" lon="104.10014">
        <time>2026-05-12T11:45:33Z</time>
      </trkpt>
      <trkpt lat="30.653826" lon="104.100174">
        <time>2026-05-12T11:45:34Z</time>
      </trkpt>
      <trkpt lat="30.653858" lon="104.1002">
        <time>2026-05-12T11:45:35Z</time>
      </trkpt>
      <trkpt lat="30.653893" lon="104.10022">
        <time>2026-05-12T11:45:36Z</time>
      </trkpt>
      <trkpt lat="30.65393" lon="104.10024">
        <time>2026-05-12T11:45:37Z</time>
      </trkpt>
      <trkpt lat="30.65397" lon="104.10027">
        <time>2026-05-12T11:45:38Z</time>
      </trkpt>
      <trkpt lat="30.654009" lon="104.100296">
        <time>2026-05-12T11:45:39Z</time>
      </trkpt>
      <trkpt lat="30.654058" lon="104.10032">
        <time>2026-05-12T11:45:40Z</time>
      </trkpt>
      <trkpt lat="30.654106" lon="104.10035">
        <time>2026-05-12T11:45:41Z</time>
      </trkpt>
      <trkpt lat="30.65415" lon="104.10038">
        <time>2026-05-12T11:45:42Z</time>
      </trkpt>
      <trkpt lat="30.654198" lon="104.10041">
        <time>2026-05-12T11:45:43Z</time>
      </trkpt>
      <trkpt lat="30.654245" lon="104.10044">
        <time>2026-05-12T11:45:44Z</time>
      </trkpt>
      <trkpt lat="30.65429" lon="104.10047">
        <time>2026-05-12T11:45:45Z</time>
      </trkpt>
      <trkpt lat="30.654331" lon="104.100494">
        <time>2026-05-12T11:45:46Z</time>
      </trkpt>
      <trkpt lat="30.654371" lon="104.10051">
        <time>2026-05-12T11:45:47Z</time>
      </trkpt>
      <trkpt lat="30.654408" lon="104.1005">
        <time>2026-05-12T11:45:48Z</time>
      </trkpt>
      <trkpt lat="30.654434" lon="104.10047">
        <time>2026-05-12T11:45:49Z</time>
      </trkpt>
      <trkpt lat="30.654469" lon="104.10046">
        <time>2026-05-12T11:45:50Z</time>
      </trkpt>
      <trkpt lat="30.654501" lon="104.10044">
        <time>2026-05-12T11:45:51Z</time>
      </trkpt>
      <trkpt lat="30.654543" lon="104.10046">
        <time>2026-05-12T11:45:52Z</time>
      </trkpt>
      <trkpt lat="30.654572" lon="104.10048">
        <time>2026-05-12T11:45:53Z</time>
      </trkpt>
      <trkpt lat="30.654593" lon="104.100494">
        <time>2026-05-12T11:45:54Z</time>
      </trkpt>
      <trkpt lat="30.654617" lon="104.10051">
        <time>2026-05-12T11:45:55Z</time>
      </trkpt>
      <trkpt lat="30.654646" lon="104.100525">
        <time>2026-05-12T11:45:56Z</time>
      </trkpt>
      <trkpt lat="30.654678" lon="104.100555">
        <time>2026-05-12T11:45:57Z</time>
      </trkpt>
      <trkpt lat="30.654707" lon="104.10058">
        <time>2026-05-12T11:45:58Z</time>
      </trkpt>
      <trkpt lat="30.654728" lon="104.10059">
        <time>2026-05-12T11:45:59Z</time>
      </trkpt>
      <trkpt lat="30.65476" lon="104.100624">
        <time>2026-05-12T11:46:00Z</time>
      </trkpt>
      <trkpt lat="30.654789" lon="104.100655">
        <time>2026-05-12T11:46:01Z</time>
      </trkpt>
      <trkpt lat="30.654816" lon="104.10068">
        <time>2026-05-12T11:46:02Z</time>
      </trkpt>
      <trkpt lat="30.654844" lon="104.10069">
        <time>2026-05-12T11:46:03Z</time>
      </trkpt>
      <trkpt lat="30.654871" lon="104.100716">
        <time>2026-05-12T11:46:04Z</time>
      </trkpt>
      <trkpt lat="30.654896" lon="104.10074">
        <time>2026-05-12T11:46:05Z</time>
      </trkpt>
      <trkpt lat="30.654917" lon="104.10076">
        <time>2026-05-12T11:46:06Z</time>
      </trkpt>
      <trkpt lat="30.654936" lon="104.10078">
        <time>2026-05-12T11:46:07Z</time>
      </trkpt>
      <trkpt lat="30.654959" lon="104.100784">
        <time>2026-05-12T11:46:08Z</time>
      </trkpt>
      <trkpt lat="30.654985" lon="104.1008">
        <time>2026-05-12T11:46:09Z</time>
      </trkpt>
      <trkpt lat="30.65501" lon="104.10082">
        <time>2026-05-12T11:46:10Z</time>
      </trkpt>
      <trkpt lat="30.655033" lon="104.10084">
        <time>2026-05-12T11:46:11Z</time>
      </trkpt>
      <trkpt lat="30.655058" lon="104.100845">
        <time>2026-05-12T11:46:12Z</time>
      </trkpt>
      <trkpt lat="30.655083" lon="104.10086">
        <time>2026-05-12T11:46:13Z</time>
      </trkpt>
      <trkpt lat="30.65511" lon="104.10087">
        <time>2026-05-12T11:46:14Z</time>
      </trkpt>
      <trkpt lat="30.655138" lon="104.100876">
        <time>2026-05-12T11:46:15Z</time>
      </trkpt>
      <trkpt lat="30.65516" lon="104.10088">
        <time>2026-05-12T11:46:16Z</time>
      </trkpt>
      <trkpt lat="30.655188" lon="104.10091">
        <time>2026-05-12T11:46:17Z</time>
      </trkpt>
      <trkpt lat="30.655209" lon="104.10092">
        <time>2026-05-12T11:46:18Z</time>
      </trkpt>
      <trkpt lat="30.65523" lon="104.10094">
        <time>2026-05-12T11:46:19Z</time>
      </trkpt>
      <trkpt lat="30.65524" lon="104.100945">
        <time>2026-05-12T11:46:20Z</time>
      </trkpt>
      <trkpt lat="30.655249" lon="104.10096">
        <time>2026-05-12T11:46:21Z</time>
      </trkpt>
      <trkpt lat="30.655256" lon="104.100975">
        <time>2026-05-12T11:46:22Z</time>
      </trkpt>
      <trkpt lat="30.655258" lon="104.10098">
        <time>2026-05-12T11:46:23Z</time>
      </trkpt>
      <trkpt lat="30.655266" lon="104.10098">
        <time>2026-05-12T11:46:24Z</time>
      </trkpt>
      <trkpt lat="30.655272" lon="104.10098">
        <time>2026-05-12T11:46:25Z</time>
      </trkpt>
      <trkpt lat="30.655272" lon="104.10098">
        <time>2026-05-12T11:46:26Z</time>
      </trkpt>
      <trkpt lat="30.655272" lon="104.10098">
        <time>2026-05-12T11:46:27Z</time>
      </trkpt>
      <trkpt lat="30.655272" lon="104.10098">
        <time>2026-05-12T11:46:28Z</time>
      </trkpt>
      <trkpt lat="30.655294" lon="104.10096">
        <time>2026-05-12T11:46:29Z</time>
      </trkpt>
      <trkpt lat="30.655304" lon="104.10095">
        <time>2026-05-12T11:46:30Z</time>
      </trkpt>
      <trkpt lat="30.655306" lon="104.100945">
        <time>2026-05-12T11:46:31Z</time>
      </trkpt>
      <trkpt lat="30.655315" lon="104.10093">
        <time>2026-05-12T11:46:32Z</time>
      </trkpt>
      <trkpt lat="30.65532" lon="104.100914">
        <time>2026-05-12T11:46:33Z</time>
      </trkpt>
      <trkpt lat="30.655329" lon="104.1009">
        <time>2026-05-12T11:46:34Z</time>
      </trkpt>
      <trkpt lat="30.655346" lon="104.10088">
        <time>2026-05-12T11:46:35Z</time>
      </trkpt>
      <trkpt lat="30.65536" lon="104.10087">
        <time>2026-05-12T11:46:36Z</time>
      </trkpt>
      <trkpt lat="30.655375" lon="104.10084">
        <time>2026-05-12T11:46:37Z</time>
      </trkpt>
      <trkpt lat="30.65539" lon="104.1008">
        <time>2026-05-12T11:46:38Z</time>
      </trkpt>
      <trkpt lat="30.6554" lon="104.10076">
        <time>2026-05-12T11:46:39Z</time>
      </trkpt>
      <trkpt lat="30.655413" lon="104.10073">
        <time>2026-05-12T11:46:40Z</time>
      </trkpt>
      <trkpt lat="30.655424" lon="104.10069">
        <time>2026-05-12T11:46:41Z</time>
      </trkpt>
      <trkpt lat="30.655436" lon="104.100655">
        <time>2026-05-12T11:46:42Z</time>
      </trkpt>
      <trkpt lat="30.655445" lon="104.100624">
        <time>2026-05-12T11:46:43Z</time>
      </trkpt>
      <trkpt lat="30.655458" lon="104.10059">
        <time>2026-05-12T11:46:44Z</time>
      </trkpt>
      <trkpt lat="30.655478" lon="104.10055">
        <time>2026-05-12T11:46:45Z</time>
      </trkpt>
      <trkpt lat="30.655499" lon="104.100525">
        <time>2026-05-12T11:46:46Z</time>
      </trkpt>
      <trkpt lat="30.655527" lon="104.10052">
        <time>2026-05-12T11:46:47Z</time>
      </trkpt>
      <trkpt lat="30.655552" lon="104.10053">
        <time>2026-05-12T11:46:48Z</time>
      </trkpt>
      <trkpt lat="30.655575" lon="104.10055">
        <time>2026-05-12T11:46:49Z</time>
      </trkpt>
      <trkpt lat="30.655602" lon="104.10057">
        <time>2026-05-12T11:46:50Z</time>
      </trkpt>
      <trkpt lat="30.655634" lon="104.100586">
        <time>2026-05-12T11:46:51Z</time>
      </trkpt>
      <trkpt lat="30.655672" lon="104.10061">
        <time>2026-05-12T11:46:52Z</time>
      </trkpt>
      <trkpt lat="30.655708" lon="104.10064">
        <time>2026-05-12T11:46:53Z</time>
      </trkpt>
      <trkpt lat="30.655746" lon="104.10066">
        <time>2026-05-12T11:46:54Z</time>
      </trkpt>
      <trkpt lat="30.655787" lon="104.100685">
        <time>2026-05-12T11:46:55Z</time>
      </trkpt>
      <trkpt lat="30.655825" lon="104.100716">
        <time>2026-05-12T11:46:56Z</time>
      </trkpt>
      <trkpt lat="30.65586" lon="104.10074">
        <time>2026-05-12T11:46:57Z</time>
      </trkpt>
      <trkpt lat="30.655897" lon="104.10076">
        <time>2026-05-12T11:46:58Z</time>
      </trkpt>
      <trkpt lat="30.655928" lon="104.100784">
        <time>2026-05-12T11:46:59Z</time>
      </trkpt>
      <trkpt lat="30.655966" lon="104.1008">
        <time>2026-05-12T11:47:00Z</time>
      </trkpt>
      <trkpt lat="30.656002" lon="104.10082">
        <time>2026-05-12T11:47:01Z</time>
      </trkpt>
      <trkpt lat="30.656036" lon="104.10084">
        <time>2026-05-12T11:47:02Z</time>
      </trkpt>
      <trkpt lat="30.65607" lon="104.10086">
        <time>2026-05-12T11:47:03Z</time>
      </trkpt>
      <trkpt lat="30.656101" lon="104.10088">
        <time>2026-05-12T11:47:04Z</time>
      </trkpt>
      <trkpt lat="30.656134" lon="104.10091">
        <time>2026-05-12T11:47:05Z</time>
      </trkpt>
      <trkpt lat="30.656164" lon="104.10093">
        <time>2026-05-12T11:47:06Z</time>
      </trkpt>
      <trkpt lat="30.6562" lon="104.10095">
        <time>2026-05-12T11:47:07Z</time>
      </trkpt>
      <trkpt lat="30.656233" lon="104.100975">
        <time>2026-05-12T11:47:08Z</time>
      </trkpt>
      <trkpt lat="30.656265" lon="104.101">
        <time>2026-05-12T11:47:09Z</time>
      </trkpt>
      <trkpt lat="30.656296" lon="104.10101">
        <time>2026-05-12T11:47:10Z</time>
      </trkpt>
      <trkpt lat="30.656324" lon="104.101036">
        <time>2026-05-12T11:47:11Z</time>
      </trkpt>
      <trkpt lat="30.656357" lon="104.10105">
        <time>2026-05-12T11:47:12Z</time>
      </trkpt>
      <trkpt lat="30.65639" lon="104.101074">
        <time>2026-05-12T11:47:13Z</time>
      </trkpt>
      <trkpt lat="30.65642" lon="104.1011">
        <time>2026-05-12T11:47:14Z</time>
      </trkpt>
      <trkpt lat="30.656452" lon="104.10111">
        <time>2026-05-12T11:47:15Z</time>
      </trkpt>
      <trkpt lat="30.656483" lon="104.10113">
        <time>2026-05-12T11:47:16Z</time>
      </trkpt>
      <trkpt lat="30.656515" lon="104.10115">
        <time>2026-05-12T11:47:17Z</time>
      </trkpt>
      <trkpt lat="30.656548" lon="104.101166">
        <time>2026-05-12T11:47:18Z</time>
      </trkpt>
      <trkpt lat="30.656574" lon="104.10119">
        <time>2026-05-12T11:47:19Z</time>
      </trkpt>
      <trkpt lat="30.6566" lon="104.10121">
        <time>2026-05-12T11:47:20Z</time>
      </trkpt>
      <trkpt lat="30.656628" lon="104.101234">
        <time>2026-05-12T11:47:21Z</time>
      </trkpt>
      <trkpt lat="30.656656" lon="104.10125">
        <time>2026-05-12T11:47:22Z</time>
      </trkpt>
      <trkpt lat="30.656685" lon="104.101265">
        <time>2026-05-12T11:47:23Z</time>
      </trkpt>
      <trkpt lat="30.656712" lon="104.10128">
        <time>2026-05-12T11:47:24Z</time>
      </trkpt>
      <trkpt lat="30.656736" lon="104.101295">
        <time>2026-05-12T11:47:25Z</time>
      </trkpt>
      <trkpt lat="30.65676" lon="104.10132">
        <time>2026-05-12T11:47:26Z</time>
      </trkpt>
      <trkpt lat="30.656773" lon="104.10133">
        <time>2026-05-12T11:47:27Z</time>
      </trkpt>
      <trkpt lat="30.656773" lon="104.10133">
        <time>2026-05-12T11:47:28Z</time>
      </trkpt>
      <trkpt lat="30.656773" lon="104.10133">
        <time>2026-05-12T11:47:29Z</time>
      </trkpt>
      <trkpt lat="30.656773" lon="104.10133">
        <time>2026-05-12T11:47:30Z</time>
      </trkpt>
      <trkpt lat="30.656773" lon="104.10133">
        <time>2026-05-12T11:47:31Z</time>
      </trkpt>
    </trkseg>
  </trk>
</gpx>