<?xml version="1.0" encoding="UTF-8"?>
<gpx version="1.1" creator="Go GPS Converter">
  <trk>
    <name>GPS Track</name>
    <trkseg>
      <trkpt lat="30.656403" lon="104.10101">
        <time>2026-05-17T12:45:36Z</time>
      </trkpt>
      <trkpt lat="30.656382" lon="104.10108">
        <time>2026-05-17T12:45:37Z</time>
      </trkpt>
      <trkpt lat="30.65634" lon="104.10107">
        <time>2026-05-17T12:45:38Z</time>
      </trkpt>
      <trkpt lat="30.656328" lon="104.101">
        <time>2026-05-17T12:45:39Z</time>
      </trkpt>
      <trkpt lat="30.656324" lon="104.101">
        <time>2026-05-17T12:45:40Z</time>
      </trkpt>
      <trkpt lat="30.656303" lon="104.100945">
        <time>2026-05-17T12:45:42Z</time>
      </trkpt>
      <trkpt lat="30.656275" lon="104.10091">
        <time>2026-05-17T12:45:43Z</time>
      </trkpt>
      <trkpt lat="30.656242" lon="104.100876">
        <time>2026-05-17T12:45:44Z</time>
      </trkpt>
      <trkpt lat="30.65621" lon="104.10085">
        <time>2026-05-17T12:45:45Z</time>
      </trkpt>
      <trkpt lat="30.65618" lon="104.10083">
        <time>2026-05-17T12:45:46Z</time>
      </trkpt>
      <trkpt lat="30.65615" lon="104.10081">
        <time>2026-05-17T12:45:47Z</time>
      </trkpt>
      <trkpt lat="30.656122" lon="104.10079">
        <time>2026-05-17T12:45:48Z</time>
      </trkpt>
      <trkpt lat="30.656088" lon="104.10078">
        <time>2026-05-17T12:45:49Z</time>
      </trkpt>
      <trkpt lat="30.656055" lon="104.10075">
        <time>2026-05-17T12:45:50Z</time>
      </trkpt>
      <trkpt lat="30.656023" lon="104.10073">
        <time>2026-05-17T12:45:51Z</time>
      </trkpt>
      <trkpt lat="30.655993" lon="104.10071">
        <time>2026-05-17T12:45:52Z</time>
      </trkpt>
      <trkpt lat="30.655962" lon="104.10069">
        <time>2026-05-17T12:45:53Z</time>
      </trkpt>
      <trkpt lat="30.65593" lon="104.10067">
        <time>2026-05-17T12:45:54Z</time>
      </trkpt>
      <trkpt lat="30.6559" lon="104.10065">
        <time>2026-05-17T12:45:55Z</time>
      </trkpt>
      <trkpt lat="30.655863" lon="104.10062">
        <time>2026-05-17T12:45:56Z</time>
      </trkpt>
      <trkpt lat="30.65583" lon="104.10059">
        <time>2026-05-17T12:45:57Z</time>
      </trkpt>
      <trkpt lat="30.655798" lon="104.10057">
        <time>2026-05-17T12:45:58Z</time>
      </trkpt>
      <trkpt lat="30.655767" lon="104.100555">
        <time>2026-05-17T12:45:59Z</time>
      </trkpt>
      <trkpt lat="30.655735" lon="104.10053">
        <time>2026-05-17T12:46:00Z</time>
      </trkpt>
      <trkpt lat="30.6557" lon="104.10051">
        <time>2026-05-17T12:46:01Z</time>
      </trkpt>
      <trkpt lat="30.655664" lon="104.10049">
        <time>2026-05-17T12:46:02Z</time>
      </trkpt>
      <trkpt lat="30.655632" lon="104.100464">
        <time>2026-05-17T12:46:03Z</time>
      </trkpt>
      <trkpt lat="30.655598" lon="104.10046">
        <time>2026-05-17T12:46:04Z</time>
      </trkpt>
      <trkpt lat="30.655567" lon="104.10045">
        <time>2026-05-17T12:46:05Z</time>
      </trkpt>
      <trkpt lat="30.655535" lon="104.10045">
        <time>2026-05-17T12:46:06Z</time>
      </trkpt>
      <trkpt lat="30.655504" lon="104.100464">
        <time>2026-05-17T12:46:07Z</time>
      </trkpt>
      <trkpt lat="30.655472" lon="104.100494">
        <time>2026-05-17T12:46:08Z</time>
      </trkpt>
      <trkpt lat="30.655445" lon="104.10053">
        <time>2026-05-17T12:46:09Z</time>
      </trkpt>
      <trkpt lat="30.655424" lon="104.10058">
        <time>2026-05-17T12:46:10Z</time>
      </trkpt>
      <trkpt lat="30.655409" lon="104.10063">
        <time>2026-05-17T12:46:11Z</time>
      </trkpt>
      <trkpt lat="30.655392" lon="104.10068">
        <time>2026-05-17T12:46:12Z</time>
      </trkpt>
      <trkpt lat="30.655376" lon="104.100716">
        <time>2026-05-17T12:46:13Z</time>
      </trkpt>
      <trkpt lat="30.655367" lon="104.10076">
        <time>2026-05-17T12:46:14Z</time>
      </trkpt>
      <trkpt lat="30.65536" lon="104.10079">
        <time>2026-05-17T12:46:15Z</time>
      </trkpt>
      <trkpt lat="30.655354" lon="104.10082">
        <time>2026-05-17T12:46:16Z</time>
      </trkpt>
      <trkpt lat="30.655346" lon="104.10085">
        <time>2026-05-17T12:46:17Z</time>
      </trkpt>
      <trkpt lat="30.655344" lon="104.100876">
        <time>2026-05-17T12:46:18Z</time>
      </trkpt>
      <trkpt lat="30.655338" lon="104.10089">
        <time>2026-05-17T12:46:19Z</time>
      </trkpt>
      <trkpt lat="30.655333" lon="104.1009">
        <time>2026-05-17T12:46:20Z</time>
      </trkpt>
      <trkpt lat="30.655323" lon="104.100914">
        <time>2026-05-17T12:46:21Z</time>
      </trkpt>
      <trkpt lat="30.655313" lon="104.10092">
        <time>2026-05-17T12:46:22Z</time>
      </trkpt>
      <trkpt lat="30.6553" lon="104.10093">
        <time>2026-05-17T12:46:23Z</time>
      </trkpt>
      <trkpt lat="30.655281" lon="104.10094">
        <time>2026-05-17T12:46:24Z</time>
      </trkpt>
      <trkpt lat="30.655256" lon="104.10094">
        <time>2026-05-17T12:46:25Z</time>
      </trkpt>
      <trkpt lat="30.655226" lon="104.10093">
        <time>2026-05-17T12:46:26Z</time>
      </trkpt>
      <trkpt lat="30.655195" lon="104.10091">
        <time>2026-05-17T12:46:27Z</time>
      </trkpt>
      <trkpt lat="30.655165" lon="104.10089">
        <time>2026-05-17T12:46:28Z</time>
      </trkpt>
      <trkpt lat="30.655132" lon="104.10087">
        <time>2026-05-17T12:46:29Z</time>
      </trkpt>
      <trkpt lat="30.655096" lon="104.10085">
        <time>2026-05-17T12:46:30Z</time>
      </trkpt>
      <trkpt lat="30.65506" lon="104.10083">
        <time>2026-05-17T12:46:31Z</time>
      </trkpt>
      <trkpt lat="30.655022" lon="104.10081">
        <time>2026-05-17T12:46:32Z</time>
      </trkpt>
      <trkpt lat="30.654987" lon="104.10079">
        <time>2026-05-17T12:46:33Z</time>
      </trkpt>
      <trkpt lat="30.65495" lon="104.10077">
        <time>2026-05-17T12:46:34Z</time>
      </trkpt>
      <trkpt lat="30.654911" lon="104.100746">
        <time>2026-05-17T12:46:35Z</time>
      </trkpt>
      <trkpt lat="30.654875" lon="104.10072">
        <time>2026-05-17T12:46:36Z</time>
      </trkpt>
      <trkpt lat="30.654839" lon="104.1007">
        <time>2026-05-17T12:46:37Z</time>
      </trkpt>
      <trkpt lat="30.654802" lon="104.100685">
        <time>2026-05-17T12:46:38Z</time>
      </trkpt>
      <trkpt lat="30.654764" lon="104.10066">
        <time>2026-05-17T12:46:39Z</time>
      </trkpt>
      <trkpt lat="30.654728" lon="104.10064">
        <time>2026-05-17T12:46:40Z</time>
      </trkpt>
      <trkpt lat="30.654692" lon="104.10062">
        <time>2026-05-17T12:46:41Z</time>
      </trkpt>
      <trkpt lat="30.654655" lon="104.10059">
        <time>2026-05-17T12:46:42Z</time>
      </trkpt>
      <trkpt lat="30.65462" lon="104.10058">
        <time>2026-05-17T12:46:43Z</time>
      </trkpt>
      <trkpt lat="30.654581" lon="104.100555">
        <time>2026-05-17T12:46:44Z</time>
      </trkpt>
      <trkpt lat="30.654545" lon="104.10053">
        <time>2026-05-17T12:46:45Z</time>
      </trkpt>
      <trkpt lat="30.654512" lon="104.10052">
        <time>2026-05-17T12:46:46Z</time>
      </trkpt>
      <trkpt lat="30.654484" lon="104.1005">
        <time>2026-05-17T12:46:47Z</time>
      </trkpt>
      <trkpt lat="30.654459" lon="104.10049">
        <time>2026-05-17T12:46:48Z</time>
      </trkpt>
      <trkpt lat="30.654438" lon="104.10047">
        <time>2026-05-17T12:46:49Z</time>
      </trkpt>
      <trkpt lat="30.654423" lon="104.100464">
        <time>2026-05-17T12:46:50Z</time>
      </trkpt>
      <trkpt lat="30.65441" lon="104.10046">
        <time>2026-05-17T12:46:51Z</time>
      </trkpt>
      <trkpt lat="30.654396" lon="104.10045">
        <time>2026-05-17T12:46:52Z</time>
      </trkpt>
      <trkpt lat="30.654387" lon="104.10044">
        <time>2026-05-17T12:46:53Z</time>
      </trkpt>
      <trkpt lat="30.654379" lon="104.10043">
        <time>2026-05-17T12:46:54Z</time>
      </trkpt>
      <trkpt lat="30.654373" lon="104.100426">
        <time>2026-05-17T12:46:55Z</time>
      </trkpt>
      <trkpt lat="30.654367" lon="104.10042">
        <time>2026-05-17T12:46:56Z</time>
      </trkpt>
      <trkpt lat="30.654362" lon="104.10041">
        <time>2026-05-17T12:46:57Z</time>
      </trkpt>
      <trkpt lat="30.654358" lon="104.10041">
        <time>2026-05-17T12:46:58Z</time>
      </trkpt>
      <trkpt lat="30.654356" lon="104.10041">
        <time>2026-05-17T12:46:59Z</time>
      </trkpt>
      <trkpt lat="30.654356" lon="104.10041">
        <time>2026-05-17T12:47:00Z</time>
      </trkpt>
      <trkpt lat="30.654356" lon="104.10041">
        <time>2026-05-17T12:47:01Z</time>
      </trkpt>
      <trkpt lat="30.654356" lon="104.10041">
        <time>2026-05-17T12:47:02Z</time>
      </trkpt>
      <trkpt lat="30.654356" lon="104.10041">
        <time>2026-05-17T12:47:03Z</time>
      </trkpt>
      <trkpt lat="30.654356" lon="104.10041">
        <time>2026-05-17T12:47:04Z</time>
      </trkpt>
      <trkpt lat="30.654356" lon="104.10041">
        <time>2026-05-17T12:47:05Z</time>
      </trkpt>
      <trkpt lat="30.654356" lon="104.10041">
        <time>2026-05-17T12:47:06Z</time>
      </trkpt>
      <trkpt lat="30.654356" lon="104.10041">
        <time>2026-05-17T12:47:07Z</time>
      </trkpt>
      <trkpt lat="30.654356" lon="104.10041">
        <time>2026-05-17T12:47:08Z</time>
      </trkpt>
      <trkpt lat="30.654356" lon="104.10041">
        <time>2026-05-17T12:47:09Z</time>
      </trkpt>
      <trkpt lat="30.654339" lon="104.1004">
        <time>2026-05-17T12:47:10Z</time>
      </trkpt>
      <trkpt lat="30.654314" lon="104.10039">
        <time>2026-05-17T12:47:11Z</time>
      </trkpt>
      <trkpt lat="30.654282" lon="104.100365">
        <time>2026-05-17T12:47:12Z</time>
      </trkpt>
      <trkpt lat="30.65426" lon="104.10035">
        <time>2026-05-17T12:47:13Z</time>
      </trkpt>
      <trkpt lat="30.654236" lon="104.100334">
        <time>2026-05-17T12:47:14Z</time>
      </trkpt>
      <trkpt lat="30.654203" lon="104.10033">
        <time>2026-05-17T12:47:15Z</time>
      </trkpt>
      <trkpt lat="30.654165" lon="104.10031">
        <time>2026-05-17T12:47:16Z</time>
      </trkpt>
      <trkpt lat="30.654127" lon="104.100296">
        <time>2026-05-17T12:47:17Z</time>
      </trkpt>
      <trkpt lat="30.654087" lon="104.10027">
        <time>2026-05-17T12:47:18Z</time>
      </trkpt>
      <trkpt lat="30.654049" lon="104.10024">
        <time>2026-05-17T12:47:19Z</time>
      </trkpt>
      <trkpt lat="30.654009" lon="104.10022">
        <time>2026-05-17T12:47:20Z</time>
      </trkpt>
      <trkpt lat="30.653969" lon="104.10019">
        <time>2026-05-17T12:47:21Z</time>
      </trkpt>
      <trkpt lat="30.653929" lon="104.10017">
        <time>2026-05-17T12:47:22Z</time>
      </trkpt>
      <trkpt lat="30.653887" lon="104.10015">
        <time>2026-05-17T12:47:23Z</time>
      </trkpt>
      <trkpt lat="30.653841" lon="104.10013">
        <time>2026-05-17T12:47:24Z</time>
      </trkpt>
      <trkpt lat="30.653795" lon="104.100105">
        <time>2026-05-17T12:47:25Z</time>
      </trkpt>
      <trkpt lat="30.653746" lon="104.100075">
        <time>2026-05-17T12:47:26Z</time>
      </trkpt>
      <trkpt lat="30.653694" lon="104.10005">
        <time>2026-05-17T12:47:27Z</time>
      </trkpt>
      <trkpt lat="30.6536" lon="104.09999">
        <time>2026-05-17T12:47:28Z</time>
      </trkpt>
      <trkpt lat="30.65355" lon="104.09995">
        <time>2026-05-17T12:47:29Z</time>
      </trkpt>
      <trkpt lat="30.653498" lon="104.09991">
        <time>2026-05-17T12:47:30Z</time>
      </trkpt>
      <trkpt lat="30.653442" lon="104.09988">
        <time>2026-05-17T12:47:31Z</time>
      </trkpt>
      <trkpt lat="30.65339" lon="104.09984">
        <time>2026-05-17T12:47:32Z</time>
      </trkpt>
      <trkpt lat="30.653334" lon="104.0998">
        <time>2026-05-17T12:47:33Z</time>
      </trkpt>
      <trkpt lat="30.653275" lon="104.09976">
        <time>2026-05-17T12:47:34Z</time>
      </trkpt>
      <trkpt lat="30.653217" lon="104.09973">
        <time>2026-05-17T12:47:35Z</time>
      </trkpt>
      <trkpt lat="30.653154" lon="104.09969">
        <time>2026-05-17T12:47:36Z</time>
      </trkpt>
      <trkpt lat="30.6531" lon="104.099655">
        <time>2026-05-17T12:47:37Z</time>
      </trkpt>
      <trkpt lat="30.653048" lon="104.099625">
        <time>2026-05-17T12:47:38Z</time>
      </trkpt>
      <trkpt lat="30.65298" lon="104.09959">
        <time>2026-05-17T12:47:39Z</time>
      </trkpt>
      <trkpt lat="30.652922" lon="104.09955">
        <time>2026-05-17T12:47:40Z</time>
      </trkpt>
      <trkpt lat="30.652863" lon="104.09951">
        <time>2026-05-17T12:47:41Z</time>
      </trkpt>
      <trkpt lat="30.652798" lon="104.099464">
        <time>2026-05-17T12:47:42Z</time>
      </trkpt>
      <trkpt lat="30.652737" lon="104.099434">
        <time>2026-05-17T12:47:43Z</time>
      </trkpt>
      <trkpt lat="30.652678" lon="104.0994">
        <time>2026-05-17T12:47:44Z</time>
      </trkpt>
      <trkpt lat="30.652617" lon="104.09936">
        <time>2026-05-17T12:47:45Z</time>
      </trkpt>
      <trkpt lat="30.652555" lon="104.09932">
        <time>2026-05-17T12:47:46Z</time>
      </trkpt>
      <trkpt lat="30.652494" lon="104.09929">
        <time>2026-05-17T12:47:47Z</time>
      </trkpt>
      <trkpt lat="30.652437" lon="104.09926">
        <time>2026-05-17T12:47:48Z</time>
      </trkpt>
      <trkpt lat="30.652382" lon="104.09922">
        <time>2026-05-17T12:47:49Z</time>
      </trkpt>
      <trkpt lat="30.65232" lon="104.09918">
        <time>2026-05-17T12:47:50Z</time>
      </trkpt>
      <trkpt lat="30.652262" lon="104.09915">
        <time>2026-05-17T12:47:51Z</time>
      </trkpt>
      <trkpt lat="30.652208" lon="104.099106">
        <time>2026-05-17T12:47:52Z</time>
      </trkpt>
      <trkpt lat="30.65215" lon="104.09907">
        <time>2026-05-17T12:47:53Z</time>
      </trkpt>
      <trkpt lat="30.652092" lon="104.09903">
        <time>2026-05-17T12:47:54Z</time>
      </trkpt>
      <trkpt lat="30.65203" lon="104.099">
        <time>2026-05-17T12:47:55Z</time>
      </trkpt>
      <trkpt lat="30.651972" lon="104.09896">
        <time>2026-05-17T12:47:56Z</time>
      </trkpt>
      <trkpt lat="30.651917" lon="104.09893">
        <time>2026-05-17T12:47:57Z</time>
      </trkpt>
      <trkpt lat="30.651854" lon="104.098885">
        <time>2026-05-17T12:47:58Z</time>
      </trkpt>
      <trkpt lat="30.651793" lon="104.09885">
        <time>2026-05-17T12:47:59Z</time>
      </trkpt>
      <trkpt lat="30.651735" lon="104.09881">
        <time>2026-05-17T12:48:00Z</time>
      </trkpt>
      <trkpt lat="30.651682" lon="104.09877">
        <time>2026-05-17T12:48:01Z</time>
      </trkpt>
      <trkpt lat="30.65163" lon="104.09874">
        <time>2026-05-17T12:48:02Z</time>
      </trkpt>
      <trkpt lat="30.651573" lon="104.0987">
        <time>2026-05-17T12:48:03Z</time>
      </trkpt>
      <trkpt lat="30.651514" lon="104.09866">
        <time>2026-05-17T12:48:04Z</time>
      </trkpt>
      <trkpt lat="30.651451" lon="104.098625">
        <time>2026-05-17T12:48:05Z</time>
      </trkpt>
      <trkpt lat="30.651396" lon="104.09859">
        <time>2026-05-17T12:48:06Z</time>
      </trkpt>
      <trkpt lat="30.651342" lon="104.09856">
        <time>2026-05-17T12:48:07Z</time>
      </trkpt>
      <trkpt lat="30.651289" lon="104.09852">
        <time>2026-05-17T12:48:08Z</time>
      </trkpt>
      <trkpt lat="30.651237" lon="104.09848">
        <time>2026-05-17T12:48:09Z</time>
      </trkpt>
      <trkpt lat="30.651182" lon="104.09844">
        <time>2026-05-17T12:48:10Z</time>
      </trkpt>
      <trkpt lat="30.651129" lon="104.098404">
        <time>2026-05-17T12:48:11Z</time>
      </trkpt>
      <trkpt lat="30.65108" lon="104.098366">
        <time>2026-05-17T12:48:12Z</time>
      </trkpt>
      <trkpt lat="30.65103" lon="104.098335">
        <time>2026-05-17T12:48:13Z</time>
      </trkpt>
      <trkpt lat="30.650986" lon="104.0983">
        <time>2026-05-17T12:48:14Z</time>
      </trkpt>
      <trkpt lat="30.650936" lon="104.09827">
        <time>2026-05-17T12:48:15Z</time>
      </trkpt>
      <trkpt lat="30.65088" lon="104.09823">
        <time>2026-05-17T12:48:16Z</time>
      </trkpt>
      <trkpt lat="30.650827" lon="104.09819">
        <time>2026-05-17T12:48:17Z</time>
      </trkpt>
      <trkpt lat="30.650782" lon="104.09816">
        <time>2026-05-17T12:48:18Z</time>
      </trkpt>
      <trkpt lat="30.650728" lon="104.09812">
        <time>2026-05-17T12:48:19Z</time>
      </trkpt>
      <trkpt lat="30.650675" lon="104.09809">
        <time>2026-05-17T12:48:20Z</time>
      </trkpt>
      <trkpt lat="30.65063" lon="104.09806">
        <time>2026-05-17T12:48:21Z</time>
      </trkpt>
      <trkpt lat="30.650587" lon="104.09803">
        <time>2026-05-17T12:48:22Z</time>
      </trkpt>
      <trkpt lat="30.650558" lon="104.098015">
        <time>2026-05-17T12:48:23Z</time>
      </trkpt>
      <trkpt lat="30.650528" lon="104.098015">
        <time>2026-05-17T12:48:24Z</time>
      </trkpt>
      <trkpt lat="30.650496" lon="104.09803">
        <time>2026-05-17T12:48:25Z</time>
      </trkpt>
      <trkpt lat="30.650465" lon="104.09806">
        <time>2026-05-17T12:48:26Z</time>
      </trkpt>
      <trkpt lat="30.65044" lon="104.09811">
        <time>2026-05-17T12:48:27Z</time>
      </trkpt>
      <trkpt lat="30.650415" lon="104.098145">
        <time>2026-05-17T12:48:28Z</time>
      </trkpt>
      <trkpt lat="30.650394" lon="104.098175">
        <time>2026-05-17T12:48:29Z</time>
      </trkpt>
      <trkpt lat="30.650364" lon="104.098206">
        <time>2026-05-17T12:48:30Z</time>
      </trkpt>
      <trkpt lat="30.650331" lon="104.09823">
        <time>2026-05-17T12:48:31Z</time>
      </trkpt>
      <trkpt lat="30.650305" lon="104.09824">
        <time>2026-05-17T12:48:32Z</time>
      </trkpt>
      <trkpt lat="30.6503" lon="104.09824">
        <time>2026-05-17T12:48:33Z</time>
      </trkpt>
      <trkpt lat="30.6503" lon="104.09824">
        <time>2026-05-17T12:48:34Z</time>
      </trkpt>
      <trkpt lat="30.6503" lon="104.09824">
        <time>2026-05-17T12:48:35Z</time>
      </trkpt>
      <trkpt lat="30.6503" lon="104.09824">
        <time>2026-05-17T12:48:36Z</time>
      </trkpt>
      <trkpt lat="30.6503" lon="104.09824">
        <time>2026-05-17T12:48:37Z</time>
      </trkpt>
      <trkpt lat="30.6503" lon="104.09824">
        <time>2026-05-17T12:48:38Z</time>
      </trkpt>
      <trkpt lat="30.6503" lon="104.09824">
        <time>2026-05-17T12:48:39Z</time>
      </trkpt>
      <trkpt lat="30.6503" lon="104.09824">
        <time>2026-05-17T12:48:40Z</time>
      </trkpt>
      <trkpt lat="30.6503" lon="104.09824">
        <time>2026-05-17T12:48:41Z</time>
      </trkpt>
      <trkpt lat="30.6503" lon="104.09824">
        <time>2026-05-17T12:48:42Z</time>
      </trkpt>
      <trkpt lat="30.6503" lon="104.09824">
        <time>2026-05-17T12:48:43Z</time>
      </trkpt>
      <trkpt lat="30.6503" lon="104.09824">
        <time>2026-05-17T12:48:44Z</time>
      </trkpt>
      <trkpt lat="30.6503" lon="104.09824">
        <time>2026-05-17T12:48:45Z</time>
      </trkpt>
      <trkpt lat="30.6503" lon="104.09824">
        <time>2026-05-17T12:48:46Z</time>
      </trkpt>
      <trkpt lat="30.6503" lon="104.09824">
        <time>2026-05-17T12:48:47Z</time>
      </trkpt>
      <trkpt lat="30.6503" lon="104.09824">
        <time>2026-05-17T12:48:48Z</time>
      </trkpt>
      <trkpt lat="30.6503" lon="104.09824">
        <time>2026-05-17T12:48:49Z</time>
      </trkpt>
      <trkpt lat="30.6503" lon="104.09824">
        <time>2026-05-17T12:48:50Z</time>
      </trkpt>
      <trkpt lat="30.6503" lon="104.09824">
        <time>2026-05-17T12:48:51Z</time>
      </trkpt>
      <trkpt lat="30.6503" lon="104.09824">
        <time>2026-05-17T12:48:52Z</time>
      </trkpt>
      <trkpt lat="30.6503" lon="104.09824">
        <time>2026-05-17T12:48:53Z</time>
      </trkpt>
      <trkpt lat="30.6503" lon="104.09824">
        <time>2026-05-17T12:48:54Z</time>
      </trkpt>
      <trkpt lat="30.6503" lon="104.09824">
        <time>2026-05-17T12:48:55Z</time>
      </trkpt>
      <trkpt lat="30.6503" lon="104.09824">
        <time>2026-05-17T12:48:56Z</time>
      </trkpt>
      <trkpt lat="30.6503" lon="104.09824">
        <time>2026-05-17T12:48:57Z</time>
      </trkpt>
      <trkpt lat="30.6503" lon="104.09824">
        <time>2026-05-17T12:48:58Z</time>
      </trkpt>
      <trkpt lat="30.6503" lon="104.09824">
        <time>2026-05-17T12:48:59Z</time>
      </trkpt>
      <trkpt lat="30.6503" lon="104.09824">
        <time>2026-05-17T12:49:00Z</time>
      </trkpt>
      <trkpt lat="30.6503" lon="104.09824">
        <time>2026-05-17T12:49:01Z</time>
      </trkpt>
      <trkpt lat="30.6503" lon="104.09824">
        <time>2026-05-17T12:49:02Z</time>
      </trkpt>
      <trkpt lat="30.6503" lon="104.09824">
        <time>2026-05-17T12:49:03Z</time>
      </trkpt>
      <trkpt lat="30.6503" lon="104.09824">
        <time>2026-05-17T12:49:04Z</time>
      </trkpt>
      <trkpt lat="30.6503" lon="104.09824">
        <time>2026-05-17T12:49:05Z</time>
      </trkpt>
      <trkpt lat="30.6503" lon="104.09824">
        <time>2026-05-17T12:49:06Z</time>
      </trkpt>
      <trkpt lat="30.6503" lon="104.09824">
        <time>2026-05-17T12:49:07Z</time>
      </trkpt>
      <trkpt lat="30.6503" lon="104.09824">
        <time>2026-05-17T12:49:08Z</time>
      </trkpt>
      <trkpt lat="30.6503" lon="104.09824">
        <time>2026-05-17T12:49:09Z</time>
      </trkpt>
      <trkpt lat="30.6503" lon="104.09824">
        <time>2026-05-17T12:49:10Z</time>
      </trkpt>
      <trkpt lat="30.6503" lon="104.09824">
        <time>2026-05-17T12:49:11Z</time>
      </trkpt>
      <trkpt lat="30.6503" lon="104.09824">
        <time>2026-05-17T12:49:12Z</time>
      </trkpt>
      <trkpt lat="30.6503" lon="104.09824">
        <time>2026-05-17T12:49:13Z</time>
      </trkpt>
      <trkpt lat="30.6503" lon="104.09824">
        <time>2026-05-17T12:49:14Z</time>
      </trkpt>
      <trkpt lat="30.6503" lon="104.09824">
        <time>2026-05-17T12:49:15Z</time>
      </trkpt>
      <trkpt lat="30.6503" lon="104.09824">
        <time>2026-05-17T12:49:16Z</time>
      </trkpt>
      <trkpt lat="30.6503" lon="104.09824">
        <time>2026-05-17T12:49:17Z</time>
      </trkpt>
      <trkpt lat="30.6503" lon="104.09824">
        <time>2026-05-17T12:49:18Z</time>
      </trkpt>
      <trkpt lat="30.6503" lon="104.09824">
        <time>2026-05-17T12:49:19Z</time>
      </trkpt>
      <trkpt lat="30.6503" lon="104.09824">
        <time>2026-05-17T12:49:20Z</time>
      </trkpt>
      <trkpt lat="30.6503" lon="104.09824">
        <time>2026-05-17T12:49:21Z</time>
      </trkpt>
      <trkpt lat="30.6503" lon="104.09824">
        <time>2026-05-17T12:49:22Z</time>
      </trkpt>
      <trkpt lat="30.6503" lon="104.09824">
        <time>2026-05-17T12:49:23Z</time>
      </trkpt>
      <trkpt lat="30.6503" lon="104.09824">
        <time>2026-05-17T12:49:24Z</time>
      </trkpt>
      <trkpt lat="30.6503" lon="104.09824">
        <time>2026-05-17T12:49:25Z</time>
      </trkpt>
      <trkpt lat="30.6503" lon="104.09824">
        <time>2026-05-17T12:49:26Z</time>
      </trkpt>
      <trkpt lat="30.6503" lon="104.09824">
        <time>2026-05-17T12:49:27Z</time>
      </trkpt>
      <trkpt lat="30.6503" lon="104.09824">
        <time>2026-05-17T12:49:28Z</time>
      </trkpt>
      <trkpt lat="30.6503" lon="104.09824">
        <time>2026-05-17T12:49:29Z</time>
      </trkpt>
      <trkpt lat="30.6503" lon="104.09824">
        <time>2026-05-17T12:49:30Z</time>
      </trkpt>
      <trkpt lat="30.6503" lon="104.09824">
        <time>2026-05-17T12:49:31Z</time>
      </trkpt>
      <trkpt lat="30.6503" lon="104.09824">
        <time>2026-05-17T12:49:32Z</time>
      </trkpt>
      <trkpt lat="30.6503" lon="104.09824">
        <time>2026-05-17T12:49:33Z</time>
      </trkpt>
      <trkpt lat="30.6503" lon="104.09824">
        <time>2026-05-17T12:49:34Z</time>
      </trkpt>
      <trkpt lat="30.6503" lon="104.09824">
        <time>2026-05-17T12:49:35Z</time>
      </trkpt>
      <trkpt lat="30.6503" lon="104.09824">
        <time>2026-05-17T12:49:36Z</time>
      </trkpt>
      <trkpt lat="30.6503" lon="104.09824">
        <time>2026-05-17T12:49:37Z</time>
      </trkpt>
      <trkpt lat="30.6503" lon="104.09824">
        <time>2026-05-17T12:49:38Z</time>
      </trkpt>
      <trkpt lat="30.6503" lon="104.09824">
        <time>2026-05-17T12:49:39Z</time>
      </trkpt>
      <trkpt lat="30.6503" lon="104.09824">
        <time>2026-05-17T12:49:40Z</time>
      </trkpt>
      <trkpt lat="30.6503" lon="104.09824">
        <time>2026-05-17T12:49:41Z</time>
      </trkpt>
      <trkpt lat="30.6503" lon="104.09824">
        <time>2026-05-17T12:49:42Z</time>
      </trkpt>
      <trkpt lat="30.6503" lon="104.09824">
        <time>2026-05-17T12:49:43Z</time>
      </trkpt>
      <trkpt lat="30.6503" lon="104.09824">
        <time>2026-05-17T12:49:44Z</time>
      </trkpt>
      <trkpt lat="30.6503" lon="104.09824">
        <time>2026-05-17T12:49:45Z</time>
      </trkpt>
      <trkpt lat="30.6503" lon="104.09824">
        <time>2026-05-17T12:49:46Z</time>
      </trkpt>
      <trkpt lat="30.6503" lon="104.09824">
        <time>2026-05-17T12:49:47Z</time>
      </trkpt>
      <trkpt lat="30.6503" lon="104.09824">
        <time>2026-05-17T12:49:48Z</time>
      </trkpt>
      <trkpt lat="30.6503" lon="104.09824">
        <time>2026-05-17T12:49:49Z</time>
      </trkpt>
      <trkpt lat="30.6503" lon="104.09824">
        <time>2026-05-17T12:49:50Z</time>
      </trkpt>
      <trkpt lat="30.6503" lon="104.09824">
        <time>2026-05-17T12:49:51Z</time>
      </trkpt>
      <trkpt lat="30.6503" lon="104.09824">
        <time>2026-05-17T12:49:52Z</time>
      </trkpt>
      <trkpt lat="30.6503" lon="104.09824">
        <time>2026-05-17T12:49:53Z</time>
      </trkpt>
      <trkpt lat="30.6503" lon="104.09824">
        <time>2026-05-17T12:49:54Z</time>
      </trkpt>
      <trkpt lat="30.6503" lon="104.09824">
        <time>2026-05-17T12:49:55Z</time>
      </trkpt>
      <trkpt lat="30.6503" lon="104.09824">
        <time>2026-05-17T12:49:56Z</time>
      </trkpt>
      <trkpt lat="30.6503" lon="104.09824">
        <time>2026-05-17T12:49:57Z</time>
      </trkpt>
      <trkpt lat="30.6503" lon="104.09824">
        <time>2026-05-17T12:49:58Z</time>
      </trkpt>
      <trkpt lat="30.6503" lon="104.09824">
        <time>2026-05-17T12:49:59Z</time>
      </trkpt>
      <trkpt lat="30.6503" lon="104.09824">
        <time>2026-05-17T12:50:00Z</time>
      </trkpt>
      <trkpt lat="30.6503" lon="104.09824">
        <time>2026-05-17T12:50:01Z</time>
      </trkpt>
      <trkpt lat="30.6503" lon="104.09824">
        <time>2026-05-17T12:50:02Z</time>
      </trkpt>
      <trkpt lat="30.6503" lon="104.09824">
        <time>2026-05-17T12:50:03Z</time>
      </trkpt>
      <trkpt lat="30.6503" lon="104.09824">
        <time>2026-05-17T12:50:04Z</time>
      </trkpt>
      <trkpt lat="30.6503" lon="104.09824">
        <time>2026-05-17T12:50:05Z</time>
      </trkpt>
      <trkpt lat="30.6503" lon="104.09824">
        <time>2026-05-17T12:50:06Z</time>
      </trkpt>
      <trkpt lat="30.6503" lon="104.09824">
        <time>2026-05-17T12:50:07Z</time>
      </trkpt>
      <trkpt lat="30.6503" lon="104.09824">
        <time>2026-05-17T12:50:08Z</time>
      </trkpt>
      <trkpt lat="30.6503" lon="104.09824">
        <time>2026-05-17T12:50:09Z</time>
      </trkpt>
      <trkpt lat="30.6503" lon="104.09824">
        <time>2026-05-17T12:50:10Z</time>
      </trkpt>
      <trkpt lat="30.6503" lon="104.09824">
        <time>2026-05-17T12:50:11Z</time>
      </trkpt>
      <trkpt lat="30.6503" lon="104.09824">
        <time>2026-05-17T12:50:12Z</time>
      </trkpt>
      <trkpt lat="30.6503" lon="104.09824">
        <time>2026-05-17T12:50:13Z</time>
      </trkpt>
      <trkpt lat="30.6503" lon="104.09824">
        <time>2026-05-17T12:50:14Z</time>
      </trkpt>
      <trkpt lat="30.6503" lon="104.09824">
        <time>2026-05-17T12:50:15Z</time>
      </trkpt>
      <trkpt lat="30.6503" lon="104.09824">
        <time>2026-05-17T12:50:16Z</time>
      </trkpt>
      <trkpt lat="30.6503" lon="104.09824">
        <time>2026-05-17T12:50:17Z</time>
      </trkpt>
      <trkpt lat="30.6503" lon="104.09824">
        <time>2026-05-17T12:50:18Z</time>
      </trkpt>
      <trkpt lat="30.6503" lon="104.09824">
        <time>2026-05-17T12:50:19Z</time>
      </trkpt>
      <trkpt lat="30.6503" lon="104.09824">
        <time>2026-05-17T12:50:20Z</time>
      </trkpt>
      <trkpt lat="30.6503" lon="104.09824">
        <time>2026-05-17T12:50:21Z</time>
      </trkpt>
      <trkpt lat="30.6503" lon="104.09824">
        <time>2026-05-17T12:50:22Z</time>
      </trkpt>
      <trkpt lat="30.6503" lon="104.09824">
        <time>2026-05-17T12:50:23Z</time>
      </trkpt>
      <trkpt lat="30.6503" lon="104.09824">
        <time>2026-05-17T12:50:24Z</time>
      </trkpt>
      <trkpt lat="30.6503" lon="104.09824">
        <time>2026-05-17T12:50:25Z</time>
      </trkpt>
      <trkpt lat="30.6503" lon="104.09824">
        <time>2026-05-17T12:50:26Z</time>
      </trkpt>
      <trkpt lat="30.6503" lon="104.09824">
        <time>2026-05-17T12:50:27Z</time>
      </trkpt>
      <trkpt lat="30.6503" lon="104.09824">
        <time>2026-05-17T12:50:28Z</time>
      </trkpt>
      <trkpt lat="30.6503" lon="104.09824">
        <time>2026-05-17T12:50:29Z</time>
      </trkpt>
      <trkpt lat="30.6503" lon="104.09824">
        <time>2026-05-17T12:50:30Z</time>
      </trkpt>
      <trkpt lat="30.6503" lon="104.09824">
        <time>2026-05-17T12:50:31Z</time>
      </trkpt>
      <trkpt lat="30.6503" lon="104.09824">
        <time>2026-05-17T12:50:32Z</time>
      </trkpt>
      <trkpt lat="30.6503" lon="104.09824">
        <time>2026-05-17T12:50:33Z</time>
      </trkpt>
      <trkpt lat="30.6503" lon="104.09824">
        <time>2026-05-17T12:50:34Z</time>
      </trkpt>
      <trkpt lat="30.6503" lon="104.09824">
        <time>2026-05-17T12:50:35Z</time>
      </trkpt>
      <trkpt lat="30.6503" lon="104.09824">
        <time>2026-05-17T12:50:36Z</time>
      </trkpt>
      <trkpt lat="30.6503" lon="104.09824">
        <time>2026-05-17T12:50:37Z</time>
      </trkpt>
      <trkpt lat="30.6503" lon="104.09824">
        <time>2026-05-17T12:50:38Z</time>
      </trkpt>
      <trkpt lat="30.6503" lon="104.09824">
        <time>2026-05-17T12:50:39Z</time>
      </trkpt>
      <trkpt lat="30.6503" lon="104.09824">
        <time>2026-05-17T12:50:40Z</time>
      </trkpt>
      <trkpt lat="30.650265" lon="104.098236">
        <time>2026-05-17T12:50:41Z</time>
      </trkpt>
      <trkpt lat="30.650253" lon="104.09823">
        <time>2026-05-17T12:50:42Z</time>
      </trkpt>
      <trkpt lat="30.650234" lon="104.09822">
        <time>2026-05-17T12:50:43Z</time>
      </trkpt>
      <trkpt lat="30.65021" lon="104.09821">
        <time>2026-05-17T12:50:44Z</time>
      </trkpt>
      <trkpt lat="30.65018" lon="104.09821">
        <time>2026-05-17T12:50:45Z</time>
      </trkpt>
      <trkpt lat="30.650148" lon="104.09823">
        <time>2026-05-17T12:50:46Z</time>
      </trkpt>
      <trkpt lat="30.650114" lon="104.09824">
        <time>2026-05-17T12:50:47Z</time>
      </trkpt>
      <trkpt lat="30.650072" lon="104.098274">
        <time>2026-05-17T12:50:48Z</time>
      </trkpt>
      <trkpt lat="30.650032" lon="104.098305">
        <time>2026-05-17T12:50:49Z</time>
      </trkpt>
      <trkpt lat="30.649996" lon="104.09836">
        <time>2026-05-17T12:50:50Z</time>
      </trkpt>
      <trkpt lat="30.649956" lon="104.09841">
        <time>2026-05-17T12:50:51Z</time>
      </trkpt>
      <trkpt lat="30.649918" lon="104.098465">
        <time>2026-05-17T12:50:52Z</time>
      </trkpt>
      <trkpt lat="30.649887" lon="104.09852">
        <time>2026-05-17T12:50:53Z</time>
      </trkpt>
      <trkpt lat="30.649857" lon="104.09858">
        <time>2026-05-17T12:50:54Z</time>
      </trkpt>
      <trkpt lat="30.649824" lon="104.09863">
        <time>2026-05-17T12:50:55Z</time>
      </trkpt>
      <trkpt lat="30.649784" lon="104.09869">
        <time>2026-05-17T12:50:56Z</time>
      </trkpt>
      <trkpt lat="30.649755" lon="104.09875">
        <time>2026-05-17T12:50:57Z</time>
      </trkpt>
      <trkpt lat="30.64972" lon="104.09881">
        <time>2026-05-17T12:50:58Z</time>
      </trkpt>
      <trkpt lat="30.649685" lon="104.09886">
        <time>2026-05-17T12:50:59Z</time>
      </trkpt>
      <trkpt lat="30.649652" lon="104.09893">
        <time>2026-05-17T12:51:00Z</time>
      </trkpt>
      <trkpt lat="30.64962" lon="104.09898">
        <time>2026-05-17T12:51:01Z</time>
      </trkpt>
      <trkpt lat="30.649584" lon="104.099045">
        <time>2026-05-17T12:51:02Z</time>
      </trkpt>
      <trkpt lat="30.649538" lon="104.09911">
        <time>2026-05-17T12:51:03Z</time>
      </trkpt>
      <trkpt lat="30.6495" lon="104.09919">
        <time>2026-05-17T12:51:04Z</time>
      </trkpt>
      <trkpt lat="30.649462" lon="104.09925">
        <time>2026-05-17T12:51:05Z</time>
      </trkpt>
      <trkpt lat="30.649427" lon="104.09933">
        <time>2026-05-17T12:51:06Z</time>
      </trkpt>
      <trkpt lat="30.649399" lon="104.099396">
        <time>2026-05-17T12:51:07Z</time>
      </trkpt>
      <trkpt lat="30.649366" lon="104.09947">
        <time>2026-05-17T12:51:08Z</time>
      </trkpt>
      <trkpt lat="30.649336" lon="104.09954">
        <time>2026-05-17T12:51:09Z</time>
      </trkpt>
      <trkpt lat="30.64931" lon="104.0996">
        <time>2026-05-17T12:51:10Z</time>
      </trkpt>
      <trkpt lat="30.64928" lon="104.09967">
        <time>2026-05-17T12:51:11Z</time>
      </trkpt>
      <trkpt lat="30.649252" lon="104.09974">
        <time>2026-05-17T12:51:12Z</time>
      </trkpt>
      <trkpt lat="30.649218" lon="104.0998">
        <time>2026-05-17T12:51:13Z</time>
      </trkpt>
      <trkpt lat="30.649189" lon="104.09987">
        <time>2026-05-17T12:51:14Z</time>
      </trkpt>
      <trkpt lat="30.649158" lon="104.09993">
        <time>2026-05-17T12:51:15Z</time>
      </trkpt>
      <trkpt lat="30.649128" lon="104.09999">
        <time>2026-05-17T12:51:16Z</time>
      </trkpt>
      <trkpt lat="30.649097" lon="104.10005">
        <time>2026-05-17T12:51:17Z</time>
      </trkpt>
      <trkpt lat="30.649065" lon="104.10011">
        <time>2026-05-17T12:51:18Z</time>
      </trkpt>
      <trkpt lat="30.649036" lon="104.100174">
        <time>2026-05-17T12:51:19Z</time>
      </trkpt>
      <trkpt lat="30.649006" lon="104.100235">
        <time>2026-05-17T12:51:20Z</time>
      </trkpt>
      <trkpt lat="30.648973" lon="104.10031">
        <time>2026-05-17T12:51:21Z</time>
      </trkpt>
      <trkpt lat="30.648949" lon="104.10037">
        <time>2026-05-17T12:51:22Z</time>
      </trkpt>
      <trkpt lat="30.64892" lon="104.10044">
        <time>2026-05-17T12:51:23Z</time>
      </trkpt>
      <trkpt lat="30.648895" lon="104.10051">
        <time>2026-05-17T12:51:24Z</time>
      </trkpt>
      <trkpt lat="30.64886" lon="104.10058">
        <time>2026-05-17T12:51:25Z</time>
      </trkpt>
      <trkpt lat="30.648829" lon="104.100655">
        <time>2026-05-17T12:51:26Z</time>
      </trkpt>
      <trkpt lat="30.648798" lon="104.10072">
        <time>2026-05-17T12:51:27Z</time>
      </trkpt>
      <trkpt lat="30.648771" lon="104.1008">
        <time>2026-05-17T12:51:28Z</time>
      </trkpt>
      <trkpt lat="30.648743" lon="104.100876">
        <time>2026-05-17T12:51:29Z</time>
      </trkpt>
      <trkpt lat="30.648708" lon="104.10096">
        <time>2026-05-17T12:51:30Z</time>
      </trkpt>
      <trkpt lat="30.648676" lon="104.10103">
        <time>2026-05-17T12:51:31Z</time>
      </trkpt>
      <trkpt lat="30.648642" lon="104.10111">
        <time>2026-05-17T12:51:32Z</time>
      </trkpt>
      <trkpt lat="30.648619" lon="104.10119">
        <time>2026-05-17T12:51:33Z</time>
      </trkpt>
      <trkpt lat="30.648596" lon="104.101265">
        <time>2026-05-17T12:51:34Z</time>
      </trkpt>
      <trkpt lat="30.64857" lon="104.10134">
        <time>2026-05-17T12:51:35Z</time>
      </trkpt>
      <trkpt lat="30.648542" lon="104.10142">
        <time>2026-05-17T12:51:36Z</time>
      </trkpt>
      <trkpt lat="30.64851" lon="104.10149">
        <time>2026-05-17T12:51:37Z</time>
      </trkpt>
      <trkpt lat="30.648478" lon="104.10156">
        <time>2026-05-17T12:51:38Z</time>
      </trkpt>
      <trkpt lat="30.648443" lon="104.10164">
        <time>2026-05-17T12:51:39Z</time>
      </trkpt>
      <trkpt lat="30.64841" lon="104.101715">
        <time>2026-05-17T12:51:40Z</time>
      </trkpt>
      <trkpt lat="30.64837" lon="104.1018">
        <time>2026-05-17T12:51:41Z</time>
      </trkpt>
      <trkpt lat="30.64832" lon="104.101875">
        <time>2026-05-17T12:51:42Z</time>
      </trkpt>
      <trkpt lat="30.64828" lon="104.10195">
        <time>2026-05-17T12:51:43Z</time>
      </trkpt>
      <trkpt lat="30.64824" lon="104.102036">
        <time>2026-05-17T12:51:44Z</time>
      </trkpt>
      <trkpt lat="30.6482" lon="104.10212">
        <time>2026-05-17T12:51:45Z</time>
      </trkpt>
      <trkpt lat="30.648169" lon="104.1022">
        <time>2026-05-17T12:51:46Z</time>
      </trkpt>
      <trkpt lat="30.64813" lon="104.10227">
        <time>2026-05-17T12:51:47Z</time>
      </trkpt>
      <trkpt lat="30.64809" lon="104.10235">
        <time>2026-05-17T12:51:48Z</time>
      </trkpt>
      <trkpt lat="30.648048" lon="104.10243">
        <time>2026-05-17T12:51:49Z</time>
      </trkpt>
      <trkpt lat="30.648003" lon="104.10251">
        <time>2026-05-17T12:51:50Z</time>
      </trkpt>
      <trkpt lat="30.647963" lon="104.102585">
        <time>2026-05-17T12:51:51Z</time>
      </trkpt>
      <trkpt lat="30.647923" lon="104.10266">
        <time>2026-05-17T12:51:52Z</time>
      </trkpt>
      <trkpt lat="30.647882" lon="104.10274">
        <time>2026-05-17T12:51:53Z</time>
      </trkpt>
      <trkpt lat="30.647846" lon="104.102806">
        <time>2026-05-17T12:51:54Z</time>
      </trkpt>
      <trkpt lat="30.64781" lon="104.10288">
        <time>2026-05-17T12:51:55Z</time>
      </trkpt>
      <trkpt lat="30.647774" lon="104.10296">
        <time>2026-05-17T12:51:56Z</time>
      </trkpt>
      <trkpt lat="30.64774" lon="104.10305">
        <time>2026-05-17T12:51:57Z</time>
      </trkpt>
      <trkpt lat="30.647703" lon="104.10313">
        <time>2026-05-17T12:51:58Z</time>
      </trkpt>
      <trkpt lat="30.64766" lon="104.10322">
        <time>2026-05-17T12:51:59Z</time>
      </trkpt>
      <trkpt lat="30.647623" lon="104.1033">
        <time>2026-05-17T12:52:00Z</time>
      </trkpt>
      <trkpt lat="30.647585" lon="104.10338">
        <time>2026-05-17T12:52:01Z</time>
      </trkpt>
      <trkpt lat="30.647547" lon="104.103455">
        <time>2026-05-17T12:52:02Z</time>
      </trkpt>
      <trkpt lat="30.64751" lon="104.10354">
        <time>2026-05-17T12:52:03Z</time>
      </trkpt>
      <trkpt lat="30.64747" lon="104.103615">
        <time>2026-05-17T12:52:04Z</time>
      </trkpt>
      <trkpt lat="30.647434" lon="104.10369">
        <time>2026-05-17T12:52:05Z</time>
      </trkpt>
      <trkpt lat="30.647396" lon="104.103775">
        <time>2026-05-17T12:52:06Z</time>
      </trkpt>
      <trkpt lat="30.64736" lon="104.10385">
        <time>2026-05-17T12:52:07Z</time>
      </trkpt>
      <trkpt lat="30.647324" lon="104.10393">
        <time>2026-05-17T12:52:08Z</time>
      </trkpt>
      <trkpt lat="30.64729" lon="104.104004">
        <time>2026-05-17T12:52:09Z</time>
      </trkpt>
      <trkpt lat="30.647255" lon="104.10408">
        <time>2026-05-17T12:52:10Z</time>
      </trkpt>
      <trkpt lat="30.647219" lon="104.10416">
        <time>2026-05-17T12:52:11Z</time>
      </trkpt>
      <trkpt lat="30.647184" lon="104.104225">
        <time>2026-05-17T12:52:12Z</time>
      </trkpt>
      <trkpt lat="30.64715" lon="104.1043">
        <time>2026-05-17T12:52:13Z</time>
      </trkpt>
      <trkpt lat="30.647118" lon="104.10437">
        <time>2026-05-17T12:52:14Z</time>
      </trkpt>
      <trkpt lat="30.647081" lon="104.10444">
        <time>2026-05-17T12:52:15Z</time>
      </trkpt>
      <trkpt lat="30.647045" lon="104.104515">
        <time>2026-05-17T12:52:16Z</time>
      </trkpt>
      <trkpt lat="30.64701" lon="104.10458">
        <time>2026-05-17T12:52:17Z</time>
      </trkpt>
      <trkpt lat="30.646975" lon="104.10465">
        <time>2026-05-17T12:52:18Z</time>
      </trkpt>
      <trkpt lat="30.646942" lon="104.10472">
        <time>2026-05-17T12:52:19Z</time>
      </trkpt>
      <trkpt lat="30.646908" lon="104.10478">
        <time>2026-05-17T12:52:20Z</time>
      </trkpt>
      <trkpt lat="30.646877" lon="104.10486">
        <time>2026-05-17T12:52:21Z</time>
      </trkpt>
      <trkpt lat="30.646845" lon="104.10493">
        <time>2026-05-17T12:52:22Z</time>
      </trkpt>
      <trkpt lat="30.646812" lon="104.10499">
        <time>2026-05-17T12:52:23Z</time>
      </trkpt>
      <trkpt lat="30.646784" lon="104.10506">
        <time>2026-05-17T12:52:24Z</time>
      </trkpt>
      <trkpt lat="30.64675" lon="104.105125">
        <time>2026-05-17T12:52:25Z</time>
      </trkpt>
      <trkpt lat="30.646713" lon="104.10519">
        <time>2026-05-17T12:52:26Z</time>
      </trkpt>
      <trkpt lat="30.646675" lon="104.10525">
        <time>2026-05-17T12:52:27Z</time>
      </trkpt>
      <trkpt lat="30.646639" lon="104.10531">
        <time>2026-05-17T12:52:28Z</time>
      </trkpt>
      <trkpt lat="30.646614" lon="104.10536">
        <time>2026-05-17T12:52:29Z</time>
      </trkpt>
      <trkpt lat="30.646585" lon="104.105415">
        <time>2026-05-17T12:52:30Z</time>
      </trkpt>
      <trkpt lat="30.64655" lon="104.10548">
        <time>2026-05-17T12:52:31Z</time>
      </trkpt>
      <trkpt lat="30.64651" lon="104.10553">
        <time>2026-05-17T12:52:32Z</time>
      </trkpt>
      <trkpt lat="30.64647" lon="104.10558">
        <time>2026-05-17T12:52:33Z</time>
      </trkpt>
      <trkpt lat="30.646442" lon="104.105644">
        <time>2026-05-17T12:52:34Z</time>
      </trkpt>
      <trkpt lat="30.646416" lon="104.105705">
        <time>2026-05-17T12:52:35Z</time>
      </trkpt>
      <trkpt lat="30.646381" lon="104.10577">
        <time>2026-05-17T12:52:36Z</time>
      </trkpt>
      <trkpt lat="30.64635" lon="104.10583">
        <time>2026-05-17T12:52:37Z</time>
      </trkpt>
      <trkpt lat="30.646315" lon="104.10589">
        <time>2026-05-17T12:52:38Z</time>
      </trkpt>
      <trkpt lat="30.646282" lon="104.10596">
        <time>2026-05-17T12:52:39Z</time>
      </trkpt>
      <trkpt lat="30.646248" lon="104.10603">
        <time>2026-05-17T12:52:40Z</time>
      </trkpt>
      <trkpt lat="30.646221" lon="104.10608">
        <time>2026-05-17T12:52:41Z</time>
      </trkpt>
      <trkpt lat="30.64619" lon="104.10615">
        <time>2026-05-17T12:52:42Z</time>
      </trkpt>
      <trkpt lat="30.646158" lon="104.10622">
        <time>2026-05-17T12:52:43Z</time>
      </trkpt>
      <trkpt lat="30.646135" lon="104.106285">
        <time>2026-05-17T12:52:44Z</time>
      </trkpt>
      <trkpt lat="30.64611" lon="104.10635">
        <time>2026-05-17T12:52:45Z</time>
      </trkpt>
      <trkpt lat="30.64609" lon="104.10642">
        <time>2026-05-17T12:52:46Z</time>
      </trkpt>
      <trkpt lat="30.646063" lon="104.1065">
        <time>2026-05-17T12:52:47Z</time>
      </trkpt>
      <trkpt lat="30.64604" lon="104.10656">
        <time>2026-05-17T12:52:48Z</time>
      </trkpt>
      <trkpt lat="30.646013" lon="104.10661">
        <time>2026-05-17T12:52:49Z</time>
      </trkpt>
      <trkpt lat="30.645985" lon="104.10667">
        <time>2026-05-17T12:52:50Z</time>
      </trkpt>
      <trkpt lat="30.64596" lon="104.106735">
        <time>2026-05-17T12:52:51Z</time>
      </trkpt>
      <trkpt lat="30.64593" lon="104.10679">
        <time>2026-05-17T12:52:52Z</time>
      </trkpt>
      <trkpt lat="30.645905" lon="104.10686">
        <time>2026-05-17T12:52:53Z</time>
      </trkpt>
      <trkpt lat="30.64588" lon="104.10692">
        <time>2026-05-17T12:52:54Z</time>
      </trkpt>
      <trkpt lat="30.645859" lon="104.10699">
        <time>2026-05-17T12:52:55Z</time>
      </trkpt>
      <trkpt lat="30.645836" lon="104.10705">
        <time>2026-05-17T12:52:56Z</time>
      </trkpt>
      <trkpt lat="30.645811" lon="104.1071">
        <time>2026-05-17T12:52:57Z</time>
      </trkpt>
      <trkpt lat="30.645782" lon="104.107155">
        <time>2026-05-17T12:52:58Z</time>
      </trkpt>
      <trkpt lat="30.645756" lon="104.107216">
        <time>2026-05-17T12:52:59Z</time>
      </trkpt>
      <trkpt lat="30.64573" lon="104.107285">
        <time>2026-05-17T12:53:00Z</time>
      </trkpt>
      <trkpt lat="30.6457" lon="104.107346">
        <time>2026-05-17T12:53:01Z</time>
      </trkpt>
      <trkpt lat="30.645681" lon="104.1074">
        <time>2026-05-17T12:53:02Z</time>
      </trkpt>
      <trkpt lat="30.645662" lon="104.10745">
        <time>2026-05-17T12:53:03Z</time>
      </trkpt>
      <trkpt lat="30.64564" lon="104.1075">
        <time>2026-05-17T12:53:04Z</time>
      </trkpt>
      <trkpt lat="30.64561" lon="104.10755">
        <time>2026-05-17T12:53:05Z</time>
      </trkpt>
      <trkpt lat="30.645582" lon="104.107605">
        <time>2026-05-17T12:53:06Z</time>
      </trkpt>
      <trkpt lat="30.645555" lon="104.10765">
        <time>2026-05-17T12:53:07Z</time>
      </trkpt>
      <trkpt lat="30.645529" lon="104.1077">
        <time>2026-05-17T12:53:08Z</time>
      </trkpt>
      <trkpt lat="30.64549" lon="104.10776">
        <time>2026-05-17T12:53:09Z</time>
      </trkpt>
      <trkpt lat="30.645452" lon="104.10782">
        <time>2026-05-17T12:53:10Z</time>
      </trkpt>
      <trkpt lat="30.645416" lon="104.10787">
        <time>2026-05-17T12:53:11Z</time>
      </trkpt>
      <trkpt lat="30.645384" lon="104.107925">
        <time>2026-05-17T12:53:12Z</time>
      </trkpt>
      <trkpt lat="30.64534" lon="104.10798">
        <time>2026-05-17T12:53:13Z</time>
      </trkpt>
      <trkpt lat="30.645296" lon="104.108025">
        <time>2026-05-17T12:53:14Z</time>
      </trkpt>
      <trkpt lat="30.64526" lon="104.10807">
        <time>2026-05-17T12:53:15Z</time>
      </trkpt>
      <trkpt lat="30.645226" lon="104.108116">
        <time>2026-05-17T12:53:16Z</time>
      </trkpt>
      <trkpt lat="30.645199" lon="104.10817">
        <time>2026-05-17T12:53:17Z</time>
      </trkpt>
      <trkpt lat="30.645168" lon="104.10822">
        <time>2026-05-17T12:53:18Z</time>
      </trkpt>
      <trkpt lat="30.645144" lon="104.10828">
        <time>2026-05-17T12:53:19Z</time>
      </trkpt>
      <trkpt lat="30.645123" lon="104.10833">
        <time>2026-05-17T12:53:20Z</time>
      </trkpt>
      <trkpt lat="30.6451" lon="104.10839">
        <time>2026-05-17T12:53:21Z</time>
      </trkpt>
      <trkpt lat="30.645077" lon="104.10845">
        <time>2026-05-17T12:53:22Z</time>
      </trkpt>
      <trkpt lat="30.645056" lon="104.1085">
        <time>2026-05-17T12:53:23Z</time>
      </trkpt>
      <trkpt lat="30.645039" lon="104.10856">
        <time>2026-05-17T12:53:24Z</time>
      </trkpt>
      <trkpt lat="30.64502" lon="104.10862">
        <time>2026-05-17T12:53:25Z</time>
      </trkpt>
      <trkpt lat="30.645002" lon="104.10868">
        <time>2026-05-17T12:53:26Z</time>
      </trkpt>
      <trkpt lat="30.644978" lon="104.10875">
        <time>2026-05-17T12:53:27Z</time>
      </trkpt>
      <trkpt lat="30.644955" lon="104.10881">
        <time>2026-05-17T12:53:28Z</time>
      </trkpt>
      <trkpt lat="30.644932" lon="104.10887">
        <time>2026-05-17T12:53:29Z</time>
      </trkpt>
      <trkpt lat="30.644905" lon="104.10893">
        <time>2026-05-17T12:53:30Z</time>
      </trkpt>
      <trkpt lat="30.644878" lon="104.10899">
        <time>2026-05-17T12:53:31Z</time>
      </trkpt>
      <trkpt lat="30.644854" lon="104.10906">
        <time>2026-05-17T12:53:32Z</time>
      </trkpt>
      <trkpt lat="30.644829" lon="104.10913">
        <time>2026-05-17T12:53:33Z</time>
      </trkpt>
      <trkpt lat="30.644804" lon="104.1092">
        <time>2026-05-17T12:53:34Z</time>
      </trkpt>
      <trkpt lat="30.644773" lon="104.10927">
        <time>2026-05-17T12:53:35Z</time>
      </trkpt>
      <trkpt lat="30.644741" lon="104.10935">
        <time>2026-05-17T12:53:36Z</time>
      </trkpt>
      <trkpt lat="30.64471" lon="104.10942">
        <time>2026-05-17T12:53:37Z</time>
      </trkpt>
      <trkpt lat="30.644672" lon="104.1095">
        <time>2026-05-17T12:53:38Z</time>
      </trkpt>
      <trkpt lat="30.644636" lon="104.109566">
        <time>2026-05-17T12:53:39Z</time>
      </trkpt>
      <trkpt lat="30.6446" lon="104.10964">
        <time>2026-05-17T12:53:40Z</time>
      </trkpt>
      <trkpt lat="30.644566" lon="104.10971">
        <time>2026-05-17T12:53:41Z</time>
      </trkpt>
      <trkpt lat="30.644527" lon="104.10978">
        <time>2026-05-17T12:53:42Z</time>
      </trkpt>
      <trkpt lat="30.644499" lon="104.10985">
        <time>2026-05-17T12:53:43Z</time>
      </trkpt>
      <trkpt lat="30.644468" lon="104.109924">
        <time>2026-05-17T12:53:44Z</time>
      </trkpt>
      <trkpt lat="30.644436" lon="104.11001">
        <time>2026-05-17T12:53:45Z</time>
      </trkpt>
      <trkpt lat="30.644398" lon="104.11009">
        <time>2026-05-17T12:53:46Z</time>
      </trkpt>
      <trkpt lat="30.644361" lon="104.11017">
        <time>2026-05-17T12:53:47Z</time>
      </trkpt>
      <trkpt lat="30.644327" lon="104.110245">
        <time>2026-05-17T12:53:48Z</time>
      </trkpt>
      <trkpt lat="30.64429" lon="104.11031">
        <time>2026-05-17T12:53:49Z</time>
      </trkpt>
      <trkpt lat="30.64426" lon="104.1104">
        <time>2026-05-17T12:53:50Z</time>
      </trkpt>
      <trkpt lat="30.644228" lon="104.11047">
        <time>2026-05-17T12:53:51Z</time>
      </trkpt>
      <trkpt lat="30.644188" lon="104.11054">
        <time>2026-05-17T12:53:52Z</time>
      </trkpt>
      <trkpt lat="30.644146" lon="104.11062">
        <time>2026-05-17T12:53:53Z</time>
      </trkpt>
      <trkpt lat="30.644104" lon="104.11069">
        <time>2026-05-17T12:53:54Z</time>
      </trkpt>
      <trkpt lat="30.644073" lon="104.11076">
        <time>2026-05-17T12:53:55Z</time>
      </trkpt>
      <trkpt lat="30.644043" lon="104.11083">
        <time>2026-05-17T12:53:56Z</time>
      </trkpt>
      <trkpt lat="30.644012" lon="104.1109">
        <time>2026-05-17T12:53:57Z</time>
      </trkpt>
      <trkpt lat="30.643982" lon="104.11096">
        <time>2026-05-17T12:53:58Z</time>
      </trkpt>
      <trkpt lat="30.64395" lon="104.11103">
        <time>2026-05-17T12:53:59Z</time>
      </trkpt>
      <trkpt lat="30.643919" lon="104.11109">
        <time>2026-05-17T12:54:00Z</time>
      </trkpt>
      <trkpt lat="30.64388" lon="104.11116">
        <time>2026-05-17T12:54:01Z</time>
      </trkpt>
      <trkpt lat="30.643852" lon="104.11121">
        <time>2026-05-17T12:54:02Z</time>
      </trkpt>
      <trkpt lat="30.643827" lon="104.111275">
        <time>2026-05-17T12:54:03Z</time>
      </trkpt>
      <trkpt lat="30.6438" lon="104.111336">
        <time>2026-05-17T12:54:04Z</time>
      </trkpt>
      <trkpt lat="30.64377" lon="104.1114">
        <time>2026-05-17T12:54:05Z</time>
      </trkpt>
      <trkpt lat="30.643736" lon="104.11145">
        <time>2026-05-17T12:54:06Z</time>
      </trkpt>
      <trkpt lat="30.643711" lon="104.11149">
        <time>2026-05-17T12:54:07Z</time>
      </trkpt>
      <trkpt lat="30.643688" lon="104.11153">
        <time>2026-05-17T12:54:08Z</time>
      </trkpt>
      <trkpt lat="30.643665" lon="104.11155">
        <time>2026-05-17T12:54:09Z</time>
      </trkpt>
      <trkpt lat="30.643642" lon="104.11157">
        <time>2026-05-17T12:54:10Z</time>
      </trkpt>
      <trkpt lat="30.643621" lon="104.11159">
        <time>2026-05-17T12:54:11Z</time>
      </trkpt>
      <trkpt lat="30.643606" lon="104.1116">
        <time>2026-05-17T12:54:12Z</time>
      </trkpt>
      <trkpt lat="30.643595" lon="104.11161">
        <time>2026-05-17T12:54:13Z</time>
      </trkpt>
      <trkpt lat="30.643589" lon="104.11162">
        <time>2026-05-17T12:54:14Z</time>
      </trkpt>
      <trkpt lat="30.643583" lon="104.111626">
        <time>2026-05-17T12:54:15Z</time>
      </trkpt>
      <trkpt lat="30.643581" lon="104.111626">
        <time>2026-05-17T12:54:16Z</time>
      </trkpt>
      <trkpt lat="30.643583" lon="104.11162">
        <time>2026-05-17T12:54:17Z</time>
      </trkpt>
      <trkpt lat="30.643583" lon="104.11162">
        <time>2026-05-17T12:54:18Z</time>
      </trkpt>
      <trkpt lat="30.643583" lon="104.11162">
        <time>2026-05-17T12:54:19Z</time>
      </trkpt>
      <trkpt lat="30.643583" lon="104.11162">
        <time>2026-05-17T12:54:20Z</time>
      </trkpt>
      <trkpt lat="30.643583" lon="104.11162">
        <time>2026-05-17T12:54:21Z</time>
      </trkpt>
      <trkpt lat="30.643583" lon="104.11162">
        <time>2026-05-17T12:54:22Z</time>
      </trkpt>
      <trkpt lat="30.643583" lon="104.11162">
        <time>2026-05-17T12:54:23Z</time>
      </trkpt>
      <trkpt lat="30.643583" lon="104.11162">
        <time>2026-05-17T12:54:24Z</time>
      </trkpt>
      <trkpt lat="30.643583" lon="104.11162">
        <time>2026-05-17T12:54:25Z</time>
      </trkpt>
      <trkpt lat="30.643583" lon="104.11162">
        <time>2026-05-17T12:54:26Z</time>
      </trkpt>
      <trkpt lat="30.643583" lon="104.11162">
        <time>2026-05-17T12:54:27Z</time>
      </trkpt>
      <trkpt lat="30.643583" lon="104.11162">
        <time>2026-05-17T12:54:28Z</time>
      </trkpt>
      <trkpt lat="30.643583" lon="104.11162">
        <time>2026-05-17T12:54:29Z</time>
      </trkpt>
      <trkpt lat="30.643583" lon="104.11162">
        <time>2026-05-17T12:54:30Z</time>
      </trkpt>
      <trkpt lat="30.643583" lon="104.11162">
        <time>2026-05-17T12:54:31Z</time>
      </trkpt>
      <trkpt lat="30.643583" lon="104.11162">
        <time>2026-05-17T12:54:32Z</time>
      </trkpt>
      <trkpt lat="30.643583" lon="104.11162">
        <time>2026-05-17T12:54:33Z</time>
      </trkpt>
      <trkpt lat="30.643583" lon="104.11162">
        <time>2026-05-17T12:54:34Z</time>
      </trkpt>
      <trkpt lat="30.643583" lon="104.11162">
        <time>2026-05-17T12:54:35Z</time>
      </trkpt>
      <trkpt lat="30.643583" lon="104.11162">
        <time>2026-05-17T12:54:36Z</time>
      </trkpt>
      <trkpt lat="30.643583" lon="104.11162">
        <time>2026-05-17T12:54:37Z</time>
      </trkpt>
      <trkpt lat="30.643583" lon="104.11162">
        <time>2026-05-17T12:54:38Z</time>
      </trkpt>
      <trkpt lat="30.643583" lon="104.11162">
        <time>2026-05-17T12:54:39Z</time>
      </trkpt>
      <trkpt lat="30.643583" lon="104.11162">
        <time>2026-05-17T12:54:40Z</time>
      </trkpt>
      <trkpt lat="30.643583" lon="104.11162">
        <time>2026-05-17T12:54:41Z</time>
      </trkpt>
      <trkpt lat="30.643583" lon="104.11162">
        <time>2026-05-17T12:54:42Z</time>
      </trkpt>
      <trkpt lat="30.643583" lon="104.11162">
        <time>2026-05-17T12:54:43Z</time>
      </trkpt>
      <trkpt lat="30.643583" lon="104.11162">
        <time>2026-05-17T12:54:44Z</time>
      </trkpt>
      <trkpt lat="30.643583" lon="104.11162">
        <time>2026-05-17T12:54:45Z</time>
      </trkpt>
      <trkpt lat="30.643583" lon="104.11162">
        <time>2026-05-17T12:54:46Z</time>
      </trkpt>
      <trkpt lat="30.643583" lon="104.11162">
        <time>2026-05-17T12:54:47Z</time>
      </trkpt>
      <trkpt lat="30.643583" lon="104.11162">
        <time>2026-05-17T12:54:48Z</time>
      </trkpt>
      <trkpt lat="30.643583" lon="104.11162">
        <time>2026-05-17T12:54:49Z</time>
      </trkpt>
      <trkpt lat="30.643583" lon="104.11162">
        <time>2026-05-17T12:54:50Z</time>
      </trkpt>
      <trkpt lat="30.643583" lon="104.11162">
        <time>2026-05-17T12:54:51Z</time>
      </trkpt>
      <trkpt lat="30.643583" lon="104.11162">
        <time>2026-05-17T12:54:52Z</time>
      </trkpt>
      <trkpt lat="30.643583" lon="104.11162">
        <time>2026-05-17T12:54:53Z</time>
      </trkpt>
      <trkpt lat="30.643583" lon="104.11162">
        <time>2026-05-17T12:54:54Z</time>
      </trkpt>
      <trkpt lat="30.64357" lon="104.1116">
        <time>2026-05-17T12:54:55Z</time>
      </trkpt>
      <trkpt lat="30.643564" lon="104.11162">
        <time>2026-05-17T12:54:56Z</time>
      </trkpt>
      <trkpt lat="30.643557" lon="104.11166">
        <time>2026-05-17T12:54:57Z</time>
      </trkpt>
      <trkpt lat="30.64355" lon="104.111694">
        <time>2026-05-17T12:54:58Z</time>
      </trkpt>
      <trkpt lat="30.643541" lon="104.11173">
        <time>2026-05-17T12:54:59Z</time>
      </trkpt>
      <trkpt lat="30.643526" lon="104.11179">
        <time>2026-05-17T12:55:00Z</time>
      </trkpt>
      <trkpt lat="30.643503" lon="104.11186">
        <time>2026-05-17T12:55:01Z</time>
      </trkpt>
      <trkpt lat="30.643484" lon="104.111916">
        <time>2026-05-17T12:55:02Z</time>
      </trkpt>
      <trkpt lat="30.643461" lon="104.11196">
        <time>2026-05-17T12:55:03Z</time>
      </trkpt>
      <trkpt lat="30.643433" lon="104.112015">
        <time>2026-05-17T12:55:04Z</time>
      </trkpt>
      <trkpt lat="30.643404" lon="104.112076">
        <time>2026-05-17T12:55:05Z</time>
      </trkpt>
      <trkpt lat="30.64337" lon="104.11215">
        <time>2026-05-17T12:55:06Z</time>
      </trkpt>
      <trkpt lat="30.643345" lon="104.11223">
        <time>2026-05-17T12:55:07Z</time>
      </trkpt>
      <trkpt lat="30.643312" lon="104.11231">
        <time>2026-05-17T12:55:08Z</time>
      </trkpt>
      <trkpt lat="30.64328" lon="104.11238">
        <time>2026-05-17T12:55:09Z</time>
      </trkpt>
      <trkpt lat="30.643238" lon="104.11246">
        <time>2026-05-17T12:55:10Z</time>
      </trkpt>
      <trkpt lat="30.643202" lon="104.11253">
        <time>2026-05-17T12:55:11Z</time>
      </trkpt>
      <trkpt lat="30.643166" lon="104.11262">
        <time>2026-05-17T12:55:12Z</time>
      </trkpt>
      <trkpt lat="30.64313" lon="104.1127">
        <time>2026-05-17T12:55:13Z</time>
      </trkpt>
      <trkpt lat="30.643093" lon="104.112785">
        <time>2026-05-17T12:55:14Z</time>
      </trkpt>
      <trkpt lat="30.643057" lon="104.11286">
        <time>2026-05-17T12:55:15Z</time>
      </trkpt>
      <trkpt lat="30.643017" lon="104.11295">
        <time>2026-05-17T12:55:16Z</time>
      </trkpt>
      <trkpt lat="30.642975" lon="104.113045">
        <time>2026-05-17T12:55:17Z</time>
      </trkpt>
      <trkpt lat="30.642937" lon="104.11315">
        <time>2026-05-17T12:55:18Z</time>
      </trkpt>
      <trkpt lat="30.642899" lon="104.11326">
        <time>2026-05-17T12:55:19Z</time>
      </trkpt>
      <trkpt lat="30.642859" lon="104.11336">
        <time>2026-05-17T12:55:20Z</time>
      </trkpt>
      <trkpt lat="30.642813" lon="104.11346">
        <time>2026-05-17T12:55:21Z</time>
      </trkpt>
      <trkpt lat="30.642765" lon="104.11356">
        <time>2026-05-17T12:55:22Z</time>
      </trkpt>
      <trkpt lat="30.642721" lon="104.113655">
        <time>2026-05-17T12:55:23Z</time>
      </trkpt>
      <trkpt lat="30.642681" lon="104.11373">
        <time>2026-05-17T12:55:24Z</time>
      </trkpt>
      <trkpt lat="30.642635" lon="104.113815">
        <time>2026-05-17T12:55:25Z</time>
      </trkpt>
      <trkpt lat="30.642591" lon="104.11391">
        <time>2026-05-17T12:55:26Z</time>
      </trkpt>
      <trkpt lat="30.642548" lon="104.114">
        <time>2026-05-17T12:55:27Z</time>
      </trkpt>
      <trkpt lat="30.6425" lon="104.11409">
        <time>2026-05-17T12:55:28Z</time>
      </trkpt>
      <trkpt lat="30.642454" lon="104.114174">
        <time>2026-05-17T12:55:29Z</time>
      </trkpt>
      <trkpt lat="30.642412" lon="104.114265">
        <time>2026-05-17T12:55:30Z</time>
      </trkpt>
      <trkpt lat="30.642368" lon="104.11434">
        <time>2026-05-17T12:55:31Z</time>
      </trkpt>
      <trkpt lat="30.642326" lon="104.11443">
        <time>2026-05-17T12:55:32Z</time>
      </trkpt>
      <trkpt lat="30.642288" lon="104.11452">
        <time>2026-05-17T12:55:33Z</time>
      </trkpt>
      <trkpt lat="30.642242" lon="104.114586">
        <time>2026-05-17T12:55:34Z</time>
      </trkpt>
      <trkpt lat="30.642202" lon="104.11468">
        <time>2026-05-17T12:55:35Z</time>
      </trkpt>
      <trkpt lat="30.642166" lon="104.11475">
        <time>2026-05-17T12:55:36Z</time>
      </trkpt>
      <trkpt lat="30.64213" lon="104.11483">
        <time>2026-05-17T12:55:37Z</time>
      </trkpt>
      <trkpt lat="30.642092" lon="104.114914">
        <time>2026-05-17T12:55:38Z</time>
      </trkpt>
      <trkpt lat="30.642056" lon="104.115">
        <time>2026-05-17T12:55:39Z</time>
      </trkpt>
      <trkpt lat="30.64202" lon="104.11508">
        <time>2026-05-17T12:55:40Z</time>
      </trkpt>
      <trkpt lat="30.641987" lon="104.11517">
        <time>2026-05-17T12:55:41Z</time>
      </trkpt>
      <trkpt lat="30.641953" lon="104.11525">
        <time>2026-05-17T12:55:42Z</time>
      </trkpt>
      <trkpt lat="30.641916" lon="104.11533">
        <time>2026-05-17T12:55:43Z</time>
      </trkpt>
      <trkpt lat="30.64188" lon="104.11541">
        <time>2026-05-17T12:55:44Z</time>
      </trkpt>
      <trkpt lat="30.641846" lon="104.115486">
        <time>2026-05-17T12:55:45Z</time>
      </trkpt>
      <trkpt lat="30.641811" lon="104.115555">
        <time>2026-05-17T12:55:46Z</time>
      </trkpt>
      <trkpt lat="30.64178" lon="104.11563">
        <time>2026-05-17T12:55:47Z</time>
      </trkpt>
      <trkpt lat="30.641754" lon="104.1157">
        <time>2026-05-17T12:55:48Z</time>
      </trkpt>
      <trkpt lat="30.641722" lon="104.11577">
        <time>2026-05-17T12:55:49Z</time>
      </trkpt>
      <trkpt lat="30.641691" lon="104.115845">
        <time>2026-05-17T12:55:50Z</time>
      </trkpt>
      <trkpt lat="30.641665" lon="104.11591">
        <time>2026-05-17T12:55:51Z</time>
      </trkpt>
      <trkpt lat="30.641632" lon="104.11599">
        <time>2026-05-17T12:55:52Z</time>
      </trkpt>
      <trkpt lat="30.641596" lon="104.11606">
        <time>2026-05-17T12:55:53Z</time>
      </trkpt>
      <trkpt lat="30.641565" lon="104.116135">
        <time>2026-05-17T12:55:54Z</time>
      </trkpt>
      <trkpt lat="30.641533" lon="104.1162">
        <time>2026-05-17T12:55:55Z</time>
      </trkpt>
      <trkpt lat="30.641497" lon="104.11628">
        <time>2026-05-17T12:55:56Z</time>
      </trkpt>
      <trkpt lat="30.641464" lon="104.11635">
        <time>2026-05-17T12:55:57Z</time>
      </trkpt>
      <trkpt lat="30.641424" lon="104.116425">
        <time>2026-05-17T12:55:58Z</time>
      </trkpt>
      <trkpt lat="30.641386" lon="104.11649">
        <time>2026-05-17T12:55:59Z</time>
      </trkpt>
      <trkpt lat="30.641348" lon="104.11657">
        <time>2026-05-17T12:56:00Z</time>
      </trkpt>
      <trkpt lat="30.641317" lon="104.11664">
        <time>2026-05-17T12:56:01Z</time>
      </trkpt>
      <trkpt lat="30.641285" lon="104.116714">
        <time>2026-05-17T12:56:02Z</time>
      </trkpt>
      <trkpt lat="30.641254" lon="104.11678">
        <time>2026-05-17T12:56:03Z</time>
      </trkpt>
      <trkpt lat="30.641224" lon="104.11685">
        <time>2026-05-17T12:56:04Z</time>
      </trkpt>
      <trkpt lat="30.64119" lon="104.11693">
        <time>2026-05-17T12:56:05Z</time>
      </trkpt>
      <trkpt lat="30.641155" lon="104.117">
        <time>2026-05-17T12:56:06Z</time>
      </trkpt>
      <trkpt lat="30.641123" lon="104.11707">
        <time>2026-05-17T12:56:07Z</time>
      </trkpt>
      <trkpt lat="30.641094" lon="104.11714">
        <time>2026-05-17T12:56:08Z</time>
      </trkpt>
      <trkpt lat="30.641062" lon="104.11721">
        <time>2026-05-17T12:56:09Z</time>
      </trkpt>
      <trkpt lat="30.64103" lon="104.11728">
        <time>2026-05-17T12:56:10Z</time>
      </trkpt>
      <trkpt lat="30.640993" lon="104.11734">
        <time>2026-05-17T12:56:11Z</time>
      </trkpt>
      <trkpt lat="30.64095" lon="104.11739">
        <time>2026-05-17T12:56:12Z</time>
      </trkpt>
      <trkpt lat="30.640905" lon="104.117455">
        <time>2026-05-17T12:56:13Z</time>
      </trkpt>
      <trkpt lat="30.64087" lon="104.117516">
        <time>2026-05-17T12:56:14Z</time>
      </trkpt>
      <trkpt lat="30.64084" lon="104.11758">
        <time>2026-05-17T12:56:15Z</time>
      </trkpt>
      <trkpt lat="30.640812" lon="104.11764">
        <time>2026-05-17T12:56:16Z</time>
      </trkpt>
      <trkpt lat="30.640781" lon="104.11771">
        <time>2026-05-17T12:56:17Z</time>
      </trkpt>
      <trkpt lat="30.640753" lon="104.117775">
        <time>2026-05-17T12:56:18Z</time>
      </trkpt>
      <trkpt lat="30.640728" lon="104.117836">
        <time>2026-05-17T12:56:19Z</time>
      </trkpt>
      <trkpt lat="30.640701" lon="104.117905">
        <time>2026-05-17T12:56:20Z</time>
      </trkpt>
      <trkpt lat="30.640675" lon="104.117966">
        <time>2026-05-17T12:56:21Z</time>
      </trkpt>
      <trkpt lat="30.640652" lon="104.11803">
        <time>2026-05-17T12:56:22Z</time>
      </trkpt>
      <trkpt lat="30.640627" lon="104.11809">
        <time>2026-05-17T12:56:23Z</time>
      </trkpt>
      <trkpt lat="30.640604" lon="104.11815">
        <time>2026-05-17T12:56:24Z</time>
      </trkpt>
      <trkpt lat="30.640581" lon="104.11819">
        <time>2026-05-17T12:56:25Z</time>
      </trkpt>
      <trkpt lat="30.640566" lon="104.118225">
        <time>2026-05-17T12:56:26Z</time>
      </trkpt>
      <trkpt lat="30.640549" lon="104.11825">
        <time>2026-05-17T12:56:27Z</time>
      </trkpt>
      <trkpt lat="30.64054" lon="104.11826">
        <time>2026-05-17T12:56:28Z</time>
      </trkpt>
      <trkpt lat="30.640528" lon="104.11828">
        <time>2026-05-17T12:56:29Z</time>
      </trkpt>
      <trkpt lat="30.64052" lon="104.1183">
        <time>2026-05-17T12:56:30Z</time>
      </trkpt>
      <trkpt lat="30.640501" lon="104.11833">
        <time>2026-05-17T12:56:31Z</time>
      </trkpt>
      <trkpt lat="30.640486" lon="104.118355">
        <time>2026-05-17T12:56:32Z</time>
      </trkpt>
      <trkpt lat="30.640472" lon="104.11837">
        <time>2026-05-17T12:56:33Z</time>
      </trkpt>
      <trkpt lat="30.640465" lon="104.118385">
        <time>2026-05-17T12:56:34Z</time>
      </trkpt>
      <trkpt lat="30.640455" lon="104.1184">
        <time>2026-05-17T12:56:35Z</time>
      </trkpt>
      <trkpt lat="30.640448" lon="104.11841">
        <time>2026-05-17T12:56:36Z</time>
      </trkpt>
      <trkpt lat="30.640427" lon="104.11843">
        <time>2026-05-17T12:56:37Z</time>
      </trkpt>
      <trkpt lat="30.640404" lon="104.11846">
        <time>2026-05-17T12:56:38Z</time>
      </trkpt>
      <trkpt lat="30.64038" lon="104.1185">
        <time>2026-05-17T12:56:39Z</time>
      </trkpt>
      <trkpt lat="30.64035" lon="104.118546">
        <time>2026-05-17T12:56:40Z</time>
      </trkpt>
      <trkpt lat="30.640324" lon="104.118614">
        <time>2026-05-17T12:56:41Z</time>
      </trkpt>
      <trkpt lat="30.64029" lon="104.11868">
        <time>2026-05-17T12:56:42Z</time>
      </trkpt>
      <trkpt lat="30.640259" lon="104.11875">
        <time>2026-05-17T12:56:43Z</time>
      </trkpt>
      <trkpt lat="30.64023" lon="104.11881">
        <time>2026-05-17T12:56:44Z</time>
      </trkpt>
      <trkpt lat="30.640202" lon="104.11888">
        <time>2026-05-17T12:56:45Z</time>
      </trkpt>
      <trkpt lat="30.640177" lon="104.118935">
        <time>2026-05-17T12:56:46Z</time>
      </trkpt>
      <trkpt lat="30.640148" lon="104.11899">
        <time>2026-05-17T12:56:47Z</time>
      </trkpt>
      <trkpt lat="30.640127" lon="104.119026">
        <time>2026-05-17T12:56:48Z</time>
      </trkpt>
      <trkpt lat="30.640106" lon="104.119064">
        <time>2026-05-17T12:56:49Z</time>
      </trkpt>
      <trkpt lat="30.640089" lon="104.119095">
        <time>2026-05-17T12:56:50Z</time>
      </trkpt>
      <trkpt lat="30.640078" lon="104.119125">
        <time>2026-05-17T12:56:51Z</time>
      </trkpt>
      <trkpt lat="30.640066" lon="104.11915">
        <time>2026-05-17T12:56:52Z</time>
      </trkpt>
      <trkpt lat="30.640057" lon="104.11916">
        <time>2026-05-17T12:56:53Z</time>
      </trkpt>
      <trkpt lat="30.64005" lon="104.11917">
        <time>2026-05-17T12:56:54Z</time>
      </trkpt>
      <trkpt lat="30.640047" lon="104.11918">
        <time>2026-05-17T12:56:55Z</time>
      </trkpt>
      <trkpt lat="30.640045" lon="104.11919">
        <time>2026-05-17T12:56:56Z</time>
      </trkpt>
      <trkpt lat="30.640043" lon="104.11918">
        <time>2026-05-17T12:56:57Z</time>
      </trkpt>
      <trkpt lat="30.640043" lon="104.11918">
        <time>2026-05-17T12:56:58Z</time>
      </trkpt>
      <trkpt lat="30.64004" lon="104.11919">
        <time>2026-05-17T12:56:59Z</time>
      </trkpt>
      <trkpt lat="30.640038" lon="104.119194">
        <time>2026-05-17T12:57:00Z</time>
      </trkpt>
      <trkpt lat="30.640036" lon="104.1192">
        <time>2026-05-17T12:57:01Z</time>
      </trkpt>
      <trkpt lat="30.640024" lon="104.119225">
        <time>2026-05-17T12:57:02Z</time>
      </trkpt>
      <trkpt lat="30.64001" lon="104.119255">
        <time>2026-05-17T12:57:03Z</time>
      </trkpt>
      <trkpt lat="30.639992" lon="104.11929">
        <time>2026-05-17T12:57:04Z</time>
      </trkpt>
      <trkpt lat="30.639975" lon="104.11933">
        <time>2026-05-17T12:57:05Z</time>
      </trkpt>
      <trkpt lat="30.639948" lon="104.119385">
        <time>2026-05-17T12:57:06Z</time>
      </trkpt>
      <trkpt lat="30.63992" lon="104.11944">
        <time>2026-05-17T12:57:07Z</time>
      </trkpt>
      <trkpt lat="30.639893" lon="104.119484">
        <time>2026-05-17T12:57:08Z</time>
      </trkpt>
      <trkpt lat="30.639866" lon="104.11954">
        <time>2026-05-17T12:57:09Z</time>
      </trkpt>
      <trkpt lat="30.639849" lon="104.11958">
        <time>2026-05-17T12:57:10Z</time>
      </trkpt>
      <trkpt lat="30.639826" lon="104.119644">
        <time>2026-05-17T12:57:11Z</time>
      </trkpt>
      <trkpt lat="30.639797" lon="104.119705">
        <time>2026-05-17T12:57:12Z</time>
      </trkpt>
      <trkpt lat="30.639769" lon="104.11976">
        <time>2026-05-17T12:57:13Z</time>
      </trkpt>
      <trkpt lat="30.639734" lon="104.11981">
        <time>2026-05-17T12:57:14Z</time>
      </trkpt>
      <trkpt lat="30.639698" lon="104.11987">
        <time>2026-05-17T12:57:15Z</time>
      </trkpt>
      <trkpt lat="30.639668" lon="104.119934">
        <time>2026-05-17T12:57:16Z</time>
      </trkpt>
      <trkpt lat="30.63964" lon="104.119995">
        <time>2026-05-17T12:57:17Z</time>
      </trkpt>
      <trkpt lat="30.639614" lon="104.120056">
        <time>2026-05-17T12:57:18Z</time>
      </trkpt>
      <trkpt lat="30.63959" lon="104.120125">
        <time>2026-05-17T12:57:19Z</time>
      </trkpt>
      <trkpt lat="30.63957" lon="104.120186">
        <time>2026-05-17T12:57:20Z</time>
      </trkpt>
      <trkpt lat="30.63955" lon="104.120255">
        <time>2026-05-17T12:57:21Z</time>
      </trkpt>
      <trkpt lat="30.639526" lon="104.12032">
        <time>2026-05-17T12:57:22Z</time>
      </trkpt>
      <trkpt lat="30.6395" lon="104.12039">
        <time>2026-05-17T12:57:23Z</time>
      </trkpt>
      <trkpt lat="30.63947" lon="104.12046">
        <time>2026-05-17T12:57:24Z</time>
      </trkpt>
      <trkpt lat="30.639439" lon="104.12054">
        <time>2026-05-17T12:57:25Z</time>
      </trkpt>
      <trkpt lat="30.639412" lon="104.1206">
        <time>2026-05-17T12:57:26Z</time>
      </trkpt>
      <trkpt lat="30.63938" lon="104.12066">
        <time>2026-05-17T12:57:27Z</time>
      </trkpt>
      <trkpt lat="30.639353" lon="104.12072">
        <time>2026-05-17T12:57:28Z</time>
      </trkpt>
      <trkpt lat="30.639318" lon="104.12078">
        <time>2026-05-17T12:57:29Z</time>
      </trkpt>
      <trkpt lat="30.639288" lon="104.12084">
        <time>2026-05-17T12:57:30Z</time>
      </trkpt>
      <trkpt lat="30.639256" lon="104.1209">
        <time>2026-05-17T12:57:31Z</time>
      </trkpt>
      <trkpt lat="30.639227" lon="104.120964">
        <time>2026-05-17T12:57:32Z</time>
      </trkpt>
      <trkpt lat="30.639193" lon="104.121025">
        <time>2026-05-17T12:57:33Z</time>
      </trkpt>
      <trkpt lat="30.639162" lon="104.12108">
        <time>2026-05-17T12:57:34Z</time>
      </trkpt>
      <trkpt lat="30.639126" lon="104.121124">
        <time>2026-05-17T12:57:35Z</time>
      </trkpt>
      <trkpt lat="30.6391" lon="104.12118">
        <time>2026-05-17T12:57:36Z</time>
      </trkpt>
      <trkpt lat="30.639082" lon="104.121216">
        <time>2026-05-17T12:57:37Z</time>
      </trkpt>
      <trkpt lat="30.639069" lon="104.12126">
        <time>2026-05-17T12:57:38Z</time>
      </trkpt>
      <trkpt lat="30.639055" lon="104.12131">
        <time>2026-05-17T12:57:39Z</time>
      </trkpt>
      <trkpt lat="30.63904" lon="104.12136">
        <time>2026-05-17T12:57:40Z</time>
      </trkpt>
      <trkpt lat="30.639027" lon="104.121414">
        <time>2026-05-17T12:57:41Z</time>
      </trkpt>
      <trkpt lat="30.639011" lon="104.121475">
        <time>2026-05-17T12:57:42Z</time>
      </trkpt>
      <trkpt lat="30.638996" lon="104.12156">
        <time>2026-05-17T12:57:43Z</time>
      </trkpt>
      <trkpt lat="30.638985" lon="104.121635">
        <time>2026-05-17T12:57:44Z</time>
      </trkpt>
      <trkpt lat="30.638954" lon="104.12171">
        <time>2026-05-17T12:57:45Z</time>
      </trkpt>
      <trkpt lat="30.63893" lon="104.12178">
        <time>2026-05-17T12:57:46Z</time>
      </trkpt>
      <trkpt lat="30.638908" lon="104.12186">
        <time>2026-05-17T12:57:47Z</time>
      </trkpt>
      <trkpt lat="30.638876" lon="104.121925">
        <time>2026-05-17T12:57:48Z</time>
      </trkpt>
      <trkpt lat="30.638845" lon="104.122">
        <time>2026-05-17T12:57:49Z</time>
      </trkpt>
      <trkpt lat="30.63881" lon="104.12208">
        <time>2026-05-17T12:57:50Z</time>
      </trkpt>
      <trkpt lat="30.638792" lon="104.12215">
        <time>2026-05-17T12:57:51Z</time>
      </trkpt>
      <trkpt lat="30.638773" lon="104.12219">
        <time>2026-05-17T12:57:52Z</time>
      </trkpt>
      <trkpt lat="30.638754" lon="104.122246">
        <time>2026-05-17T12:57:53Z</time>
      </trkpt>
      <trkpt lat="30.638737" lon="104.12231">
        <time>2026-05-17T12:57:54Z</time>
      </trkpt>
      <trkpt lat="30.638723" lon="104.12237">
        <time>2026-05-17T12:57:55Z</time>
      </trkpt>
      <trkpt lat="30.63871" lon="104.12243">
        <time>2026-05-17T12:57:56Z</time>
      </trkpt>
      <trkpt lat="30.6387" lon="104.12249">
        <time>2026-05-17T12:57:57Z</time>
      </trkpt>
      <trkpt lat="30.638689" lon="104.12255">
        <time>2026-05-17T12:57:58Z</time>
      </trkpt>
      <trkpt lat="30.638672" lon="104.122604">
        <time>2026-05-17T12:57:59Z</time>
      </trkpt>
      <trkpt lat="30.638657" lon="104.12266">
        <time>2026-05-17T12:58:00Z</time>
      </trkpt>
      <trkpt lat="30.638638" lon="104.12271">
        <time>2026-05-17T12:58:01Z</time>
      </trkpt>
      <trkpt lat="30.638622" lon="104.12277">
        <time>2026-05-17T12:58:02Z</time>
      </trkpt>
      <trkpt lat="30.638617" lon="104.12283">
        <time>2026-05-17T12:58:03Z</time>
      </trkpt>
      <trkpt lat="30.638609" lon="104.1229">
        <time>2026-05-17T12:58:04Z</time>
      </trkpt>
      <trkpt lat="30.638597" lon="104.12297">
        <time>2026-05-17T12:58:05Z</time>
      </trkpt>
      <trkpt lat="30.638586" lon="104.12304">
        <time>2026-05-17T12:58:06Z</time>
      </trkpt>
      <trkpt lat="30.638575" lon="104.123116">
        <time>2026-05-17T12:58:07Z</time>
      </trkpt>
      <trkpt lat="30.638565" lon="104.123184">
        <time>2026-05-17T12:58:08Z</time>
      </trkpt>
      <trkpt lat="30.638556" lon="104.12325">
        <time>2026-05-17T12:58:09Z</time>
      </trkpt>
      <trkpt lat="30.638544" lon="104.12332">
        <time>2026-05-17T12:58:10Z</time>
      </trkpt>
      <trkpt lat="30.638535" lon="104.12339">
        <time>2026-05-17T12:58:11Z</time>
      </trkpt>
      <trkpt lat="30.638529" lon="104.12345">
        <time>2026-05-17T12:58:12Z</time>
      </trkpt>
      <trkpt lat="30.638523" lon="104.12352">
        <time>2026-05-17T12:58:13Z</time>
      </trkpt>
      <trkpt lat="30.638517" lon="104.12358">
        <time>2026-05-17T12:58:14Z</time>
      </trkpt>
      <trkpt lat="30.63851" lon="104.12364">
        <time>2026-05-17T12:58:15Z</time>
      </trkpt>
      <trkpt lat="30.638502" lon="104.12371">
        <time>2026-05-17T12:58:16Z</time>
      </trkpt>
      <trkpt lat="30.638487" lon="104.123764">
        <time>2026-05-17T12:58:17Z</time>
      </trkpt>
      <trkpt lat="30.638474" lon="104.123825">
        <time>2026-05-17T12:58:18Z</time>
      </trkpt>
      <trkpt lat="30.638456" lon="104.123886">
        <time>2026-05-17T12:58:19Z</time>
      </trkpt>
      <trkpt lat="30.638453" lon="104.12395">
        <time>2026-05-17T12:58:20Z</time>
      </trkpt>
      <trkpt lat="30.638447" lon="104.12401">
        <time>2026-05-17T12:58:21Z</time>
      </trkpt>
      <trkpt lat="30.638447" lon="104.12406">
        <time>2026-05-17T12:58:22Z</time>
      </trkpt>
      <trkpt lat="30.63845" lon="104.12413">
        <time>2026-05-17T12:58:23Z</time>
      </trkpt>
      <trkpt lat="30.638449" lon="104.12418">
        <time>2026-05-17T12:58:24Z</time>
      </trkpt>
      <trkpt lat="30.63845" lon="104.124245">
        <time>2026-05-17T12:58:25Z</time>
      </trkpt>
      <trkpt lat="30.63845" lon="104.124306">
        <time>2026-05-17T12:58:26Z</time>
      </trkpt>
      <trkpt lat="30.638454" lon="104.12437">
        <time>2026-05-17T12:58:27Z</time>
      </trkpt>
      <trkpt lat="30.63846" lon="104.12443">
        <time>2026-05-17T12:58:28Z</time>
      </trkpt>
      <trkpt lat="30.638462" lon="104.1245">
        <time>2026-05-17T12:58:29Z</time>
      </trkpt>
      <trkpt lat="30.638462" lon="104.124565">
        <time>2026-05-17T12:58:30Z</time>
      </trkpt>
      <trkpt lat="30.638462" lon="104.124626">
        <time>2026-05-17T12:58:31Z</time>
      </trkpt>
      <trkpt lat="30.63846" lon="104.12469">
        <time>2026-05-17T12:58:32Z</time>
      </trkpt>
      <trkpt lat="30.638462" lon="104.124756">
        <time>2026-05-17T12:58:33Z</time>
      </trkpt>
      <trkpt lat="30.638454" lon="104.124825">
        <time>2026-05-17T12:58:34Z</time>
      </trkpt>
      <trkpt lat="30.638456" lon="104.12489">
        <time>2026-05-17T12:58:35Z</time>
      </trkpt>
      <trkpt lat="30.638462" lon="104.124954">
        <time>2026-05-17T12:58:36Z</time>
      </trkpt>
      <trkpt lat="30.63847" lon="104.125015">
        <time>2026-05-17T12:58:37Z</time>
      </trkpt>
      <trkpt lat="30.638487" lon="104.12508">
        <time>2026-05-17T12:58:38Z</time>
      </trkpt>
      <trkpt lat="30.638504" lon="104.125145">
        <time>2026-05-17T12:58:39Z</time>
      </trkpt>
      <trkpt lat="30.63852" lon="104.12521">
        <time>2026-05-17T12:58:40Z</time>
      </trkpt>
      <trkpt lat="30.638538" lon="104.12529">
        <time>2026-05-17T12:58:41Z</time>
      </trkpt>
      <trkpt lat="30.638554" lon="104.12537">
        <time>2026-05-17T12:58:42Z</time>
      </trkpt>
      <trkpt lat="30.638567" lon="104.12544">
        <time>2026-05-17T12:58:43Z</time>
      </trkpt>
      <trkpt lat="30.638573" lon="104.12553">
        <time>2026-05-17T12:58:44Z</time>
      </trkpt>
      <trkpt lat="30.638584" lon="104.1256">
        <time>2026-05-17T12:58:45Z</time>
      </trkpt>
      <trkpt lat="30.63859" lon="104.12568">
        <time>2026-05-17T12:58:46Z</time>
      </trkpt>
      <trkpt lat="30.638597" lon="104.125755">
        <time>2026-05-17T12:58:47Z</time>
      </trkpt>
      <trkpt lat="30.638603" lon="104.12583">
        <time>2026-05-17T12:58:48Z</time>
      </trkpt>
      <trkpt lat="30.63861" lon="104.1259">
        <time>2026-05-17T12:58:49Z</time>
      </trkpt>
      <trkpt lat="30.638617" lon="104.12597">
        <time>2026-05-17T12:58:50Z</time>
      </trkpt>
      <trkpt lat="30.638626" lon="104.12605">
        <time>2026-05-17T12:58:51Z</time>
      </trkpt>
      <trkpt lat="30.638634" lon="104.126114">
        <time>2026-05-17T12:58:52Z</time>
      </trkpt>
      <trkpt lat="30.638643" lon="104.126175">
        <time>2026-05-17T12:58:53Z</time>
      </trkpt>
      <trkpt lat="30.638649" lon="104.126236">
        <time>2026-05-17T12:58:54Z</time>
      </trkpt>
      <trkpt lat="30.63865" lon="104.126305">
        <time>2026-05-17T12:58:55Z</time>
      </trkpt>
      <trkpt lat="30.63865" lon="104.12637">
        <time>2026-05-17T12:58:56Z</time>
      </trkpt>
      <trkpt lat="30.63865" lon="104.12644">
        <time>2026-05-17T12:58:57Z</time>
      </trkpt>
      <trkpt lat="30.63866" lon="104.12651">
        <time>2026-05-17T12:58:58Z</time>
      </trkpt>
      <trkpt lat="30.638662" lon="104.12658">
        <time>2026-05-17T12:58:59Z</time>
      </trkpt>
      <trkpt lat="30.638664" lon="104.12665">
        <time>2026-05-17T12:59:00Z</time>
      </trkpt>
      <trkpt lat="30.638666" lon="104.12671">
        <time>2026-05-17T12:59:01Z</time>
      </trkpt>
      <trkpt lat="30.63867" lon="104.12676">
        <time>2026-05-17T12:59:02Z</time>
      </trkpt>
      <trkpt lat="30.63868" lon="104.12682">
        <time>2026-05-17T12:59:03Z</time>
      </trkpt>
      <trkpt lat="30.63869" lon="104.1269">
        <time>2026-05-17T12:59:04Z</time>
      </trkpt>
      <trkpt lat="30.638702" lon="104.12698">
        <time>2026-05-17T12:59:05Z</time>
      </trkpt>
      <trkpt lat="30.638706" lon="104.12707">
        <time>2026-05-17T12:59:06Z</time>
      </trkpt>
      <trkpt lat="30.638714" lon="104.127144">
        <time>2026-05-17T12:59:07Z</time>
      </trkpt>
      <trkpt lat="30.638725" lon="104.12723">
        <time>2026-05-17T12:59:08Z</time>
      </trkpt>
      <trkpt lat="30.638735" lon="104.127304">
        <time>2026-05-17T12:59:09Z</time>
      </trkpt>
      <trkpt lat="30.638744" lon="104.12739">
        <time>2026-05-17T12:59:10Z</time>
      </trkpt>
      <trkpt lat="30.638754" lon="104.12747">
        <time>2026-05-17T12:59:11Z</time>
      </trkpt>
      <trkpt lat="30.638762" lon="104.127556">
        <time>2026-05-17T12:59:12Z</time>
      </trkpt>
      <trkpt lat="30.638775" lon="104.12765">
        <time>2026-05-17T12:59:13Z</time>
      </trkpt>
      <trkpt lat="30.638784" lon="104.12774">
        <time>2026-05-17T12:59:14Z</time>
      </trkpt>
      <trkpt lat="30.638794" lon="104.12782">
        <time>2026-05-17T12:59:15Z</time>
      </trkpt>
      <trkpt lat="30.638798" lon="104.127914">
        <time>2026-05-17T12:59:16Z</time>
      </trkpt>
      <trkpt lat="30.63881" lon="104.128">
        <time>2026-05-17T12:59:17Z</time>
      </trkpt>
      <trkpt lat="30.638823" lon="104.12808">
        <time>2026-05-17T12:59:18Z</time>
      </trkpt>
      <trkpt lat="30.638832" lon="104.128174">
        <time>2026-05-17T12:59:19Z</time>
      </trkpt>
      <trkpt lat="30.63884" lon="104.12826">
        <time>2026-05-17T12:59:20Z</time>
      </trkpt>
      <trkpt lat="30.63885" lon="104.12834">
        <time>2026-05-17T12:59:21Z</time>
      </trkpt>
      <trkpt lat="30.638859" lon="104.128426">
        <time>2026-05-17T12:59:22Z</time>
      </trkpt>
      <trkpt lat="30.638872" lon="104.1285">
        <time>2026-05-17T12:59:23Z</time>
      </trkpt>
      <trkpt lat="30.638884" lon="104.12859">
        <time>2026-05-17T12:59:24Z</time>
      </trkpt>
      <trkpt lat="30.638891" lon="104.12868">
        <time>2026-05-17T12:59:25Z</time>
      </trkpt>
      <trkpt lat="30.6389" lon="104.12878">
        <time>2026-05-17T12:59:26Z</time>
      </trkpt>
      <trkpt lat="30.6389" lon="104.12885">
        <time>2026-05-17T12:59:27Z</time>
      </trkpt>
      <trkpt lat="30.638903" lon="104.12894">
        <time>2026-05-17T12:59:28Z</time>
      </trkpt>
      <trkpt lat="30.63891" lon="104.12901">
        <time>2026-05-17T12:59:29Z</time>
      </trkpt>
      <trkpt lat="30.63892" lon="104.12909">
        <time>2026-05-17T12:59:30Z</time>
      </trkpt>
      <trkpt lat="30.638927" lon="104.129166">
        <time>2026-05-17T12:59:31Z</time>
      </trkpt>
      <trkpt lat="30.63893" lon="104.12924">
        <time>2026-05-17T12:59:32Z</time>
      </trkpt>
      <trkpt lat="30.638933" lon="104.12931">
        <time>2026-05-17T12:59:33Z</time>
      </trkpt>
      <trkpt lat="30.63894" lon="104.12938">
        <time>2026-05-17T12:59:34Z</time>
      </trkpt>
      <trkpt lat="30.638947" lon="104.12944">
        <time>2026-05-17T12:59:35Z</time>
      </trkpt>
      <trkpt lat="30.638952" lon="104.1295">
        <time>2026-05-17T12:59:36Z</time>
      </trkpt>
      <trkpt lat="30.638958" lon="104.12957">
        <time>2026-05-17T12:59:37Z</time>
      </trkpt>
      <trkpt lat="30.638964" lon="104.12962">
        <time>2026-05-17T12:59:38Z</time>
      </trkpt>
      <trkpt lat="30.63897" lon="104.129684">
        <time>2026-05-17T12:59:39Z</time>
      </trkpt>
      <trkpt lat="30.638977" lon="104.129745">
        <time>2026-05-17T12:59:40Z</time>
      </trkpt>
      <trkpt lat="30.638985" lon="104.12981">
        <time>2026-05-17T12:59:41Z</time>
      </trkpt>
      <trkpt lat="30.638992" lon="104.12986">
        <time>2026-05-17T12:59:42Z</time>
      </trkpt>
      <trkpt lat="30.638994" lon="104.129906">
        <time>2026-05-17T12:59:43Z</time>
      </trkpt>
      <trkpt lat="30.639" lon="104.12996">
        <time>2026-05-17T12:59:44Z</time>
      </trkpt>
      <trkpt lat="30.639008" lon="104.13001">
        <time>2026-05-17T12:59:45Z</time>
      </trkpt>
      <trkpt lat="30.639017" lon="104.130066">
        <time>2026-05-17T12:59:46Z</time>
      </trkpt>
      <trkpt lat="30.639025" lon="104.13012">
        <time>2026-05-17T12:59:47Z</time>
      </trkpt>
      <trkpt lat="30.639029" lon="104.130165">
        <time>2026-05-17T12:59:48Z</time>
      </trkpt>
      <trkpt lat="30.63903" lon="104.13022">
        <time>2026-05-17T12:59:49Z</time>
      </trkpt>
      <trkpt lat="30.63903" lon="104.13027">
        <time>2026-05-17T12:59:50Z</time>
      </trkpt>
      <trkpt lat="30.639034" lon="104.13032">
        <time>2026-05-17T12:59:51Z</time>
      </trkpt>
      <trkpt lat="30.639038" lon="104.13038">
        <time>2026-05-17T12:59:52Z</time>
      </trkpt>
      <trkpt lat="30.639042" lon="104.13043">
        <time>2026-05-17T12:59:53Z</time>
      </trkpt>
      <trkpt lat="30.639046" lon="104.130486">
        <time>2026-05-17T12:59:54Z</time>
      </trkpt>
      <trkpt lat="30.639048" lon="104.13055">
        <time>2026-05-17T12:59:55Z</time>
      </trkpt>
      <trkpt lat="30.639057" lon="104.130615">
        <time>2026-05-17T12:59:56Z</time>
      </trkpt>
      <trkpt lat="30.639067" lon="104.130684">
        <time>2026-05-17T12:59:57Z</time>
      </trkpt>
      <trkpt lat="30.639076" lon="104.13075">
        <time>2026-05-17T12:59:58Z</time>
      </trkpt>
      <trkpt lat="30.639086" lon="104.13083">
        <time>2026-05-17T12:59:59Z</time>
      </trkpt>
      <trkpt lat="30.63909" lon="104.1309">
        <time>2026-05-17T13:00:00Z</time>
      </trkpt>
      <trkpt lat="30.639097" lon="104.13097">
        <time>2026-05-17T13:00:01Z</time>
      </trkpt>
      <trkpt lat="30.639101" lon="104.13103">
        <time>2026-05-17T13:00:02Z</time>
      </trkpt>
      <trkpt lat="30.639101" lon="104.13108">
        <time>2026-05-17T13:00:03Z</time>
      </trkpt>
      <trkpt lat="30.639105" lon="104.131134">
        <time>2026-05-17T13:00:04Z</time>
      </trkpt>
      <trkpt lat="30.639109" lon="104.13118">
        <time>2026-05-17T13:00:05Z</time>
      </trkpt>
      <trkpt lat="30.639114" lon="104.13124">
        <time>2026-05-17T13:00:06Z</time>
      </trkpt>
      <trkpt lat="30.63912" lon="104.1313">
        <time>2026-05-17T13:00:07Z</time>
      </trkpt>
      <trkpt lat="30.639124" lon="104.131355">
        <time>2026-05-17T13:00:08Z</time>
      </trkpt>
      <trkpt lat="30.639118" lon="104.13142">
        <time>2026-05-17T13:00:09Z</time>
      </trkpt>
      <trkpt lat="30.639112" lon="104.13147">
        <time>2026-05-17T13:00:10Z</time>
      </trkpt>
      <trkpt lat="30.639112" lon="104.13152">
        <time>2026-05-17T13:00:11Z</time>
      </trkpt>
      <trkpt lat="30.63911" lon="104.131584">
        <time>2026-05-17T13:00:12Z</time>
      </trkpt>
      <trkpt lat="30.63911" lon="104.131645">
        <time>2026-05-17T13:00:13Z</time>
      </trkpt>
      <trkpt lat="30.639112" lon="104.13171">
        <time>2026-05-17T13:00:14Z</time>
      </trkpt>
      <trkpt lat="30.63911" lon="104.13177">
        <time>2026-05-17T13:00:15Z</time>
      </trkpt>
      <trkpt lat="30.639107" lon="104.13182">
        <time>2026-05-17T13:00:16Z</time>
      </trkpt>
      <trkpt lat="30.639101" lon="104.131874">
        <time>2026-05-17T13:00:17Z</time>
      </trkpt>
      <trkpt lat="30.639101" lon="104.13192">
        <time>2026-05-17T13:00:18Z</time>
      </trkpt>
      <trkpt lat="30.639105" lon="104.13197">
        <time>2026-05-17T13:00:19Z</time>
      </trkpt>
      <trkpt lat="30.639103" lon="104.13203">
        <time>2026-05-17T13:00:20Z</time>
      </trkpt>
      <trkpt lat="30.639101" lon="104.13208">
        <time>2026-05-17T13:00:21Z</time>
      </trkpt>
      <trkpt lat="30.6391" lon="104.13213">
        <time>2026-05-17T13:00:22Z</time>
      </trkpt>
      <trkpt lat="30.6391" lon="104.13218">
        <time>2026-05-17T13:00:23Z</time>
      </trkpt>
      <trkpt lat="30.639095" lon="104.132225">
        <time>2026-05-17T13:00:24Z</time>
      </trkpt>
      <trkpt lat="30.639088" lon="104.13226">
        <time>2026-05-17T13:00:25Z</time>
      </trkpt>
      <trkpt lat="30.63908" lon="104.13231">
        <time>2026-05-17T13:00:26Z</time>
      </trkpt>
      <trkpt lat="30.63907" lon="104.132355">
        <time>2026-05-17T13:00:27Z</time>
      </trkpt>
      <trkpt lat="30.639065" lon="104.1324">
        <time>2026-05-17T13:00:28Z</time>
      </trkpt>
      <trkpt lat="30.63906" lon="104.132454">
        <time>2026-05-17T13:00:29Z</time>
      </trkpt>
      <trkpt lat="30.63905" lon="104.1325">
        <time>2026-05-17T13:00:30Z</time>
      </trkpt>
      <trkpt lat="30.63905" lon="104.132545">
        <time>2026-05-17T13:00:31Z</time>
      </trkpt>
      <trkpt lat="30.63905" lon="104.1326">
        <time>2026-05-17T13:00:32Z</time>
      </trkpt>
      <trkpt lat="30.63905" lon="104.13265">
        <time>2026-05-17T13:00:33Z</time>
      </trkpt>
      <trkpt lat="30.63905" lon="104.1327">
        <time>2026-05-17T13:00:34Z</time>
      </trkpt>
      <trkpt lat="30.639046" lon="104.13275">
        <time>2026-05-17T13:00:35Z</time>
      </trkpt>
      <trkpt lat="30.639044" lon="104.132805">
        <time>2026-05-17T13:00:36Z</time>
      </trkpt>
      <trkpt lat="30.639036" lon="104.13285">
        <time>2026-05-17T13:00:37Z</time>
      </trkpt>
      <trkpt lat="30.639034" lon="104.1329">
        <time>2026-05-17T13:00:38Z</time>
      </trkpt>
      <trkpt lat="30.63903" lon="104.13295">
        <time>2026-05-17T13:00:39Z</time>
      </trkpt>
      <trkpt lat="30.639029" lon="104.133">
        <time>2026-05-17T13:00:40Z</time>
      </trkpt>
      <trkpt lat="30.639029" lon="104.13305">
        <time>2026-05-17T13:00:41Z</time>
      </trkpt>
      <trkpt lat="30.63903" lon="104.1331">
        <time>2026-05-17T13:00:42Z</time>
      </trkpt>
      <trkpt lat="30.639034" lon="104.13316">
        <time>2026-05-17T13:00:43Z</time>
      </trkpt>
      <trkpt lat="30.639034" lon="104.13322">
        <time>2026-05-17T13:00:44Z</time>
      </trkpt>
      <trkpt lat="30.639034" lon="104.13327">
        <time>2026-05-17T13:00:45Z</time>
      </trkpt>
      <trkpt lat="30.639034" lon="104.13333">
        <time>2026-05-17T13:00:46Z</time>
      </trkpt>
      <trkpt lat="30.639036" lon="104.1334">
        <time>2026-05-17T13:00:47Z</time>
      </trkpt>
      <trkpt lat="30.639034" lon="104.13346">
        <time>2026-05-17T13:00:48Z</time>
      </trkpt>
      <trkpt lat="30.63903" lon="104.13353">
        <time>2026-05-17T13:00:49Z</time>
      </trkpt>
      <trkpt lat="30.639027" lon="104.1336">
        <time>2026-05-17T13:00:50Z</time>
      </trkpt>
      <trkpt lat="30.639027" lon="104.133675">
        <time>2026-05-17T13:00:51Z</time>
      </trkpt>
      <trkpt lat="30.639027" lon="104.13375">
        <time>2026-05-17T13:00:52Z</time>
      </trkpt>
      <trkpt lat="30.639027" lon="104.13382">
        <time>2026-05-17T13:00:53Z</time>
      </trkpt>
      <trkpt lat="30.639027" lon="104.13389">
        <time>2026-05-17T13:00:54Z</time>
      </trkpt>
      <trkpt lat="30.63903" lon="104.13396">
        <time>2026-05-17T13:00:55Z</time>
      </trkpt>
      <trkpt lat="30.63903" lon="104.13403">
        <time>2026-05-17T13:00:56Z</time>
      </trkpt>
      <trkpt lat="30.639027" lon="104.13411">
        <time>2026-05-17T13:00:57Z</time>
      </trkpt>
      <trkpt lat="30.639023" lon="104.13418">
        <time>2026-05-17T13:00:58Z</time>
      </trkpt>
      <trkpt lat="30.639019" lon="104.134254">
        <time>2026-05-17T13:00:59Z</time>
      </trkpt>
      <trkpt lat="30.639025" lon="104.13432">
        <time>2026-05-17T13:01:00Z</time>
      </trkpt>
      <trkpt lat="30.639023" lon="104.13439">
        <time>2026-05-17T13:01:01Z</time>
      </trkpt>
      <trkpt lat="30.639023" lon="104.13447">
        <time>2026-05-17T13:01:02Z</time>
      </trkpt>
      <trkpt lat="30.639027" lon="104.13454">
        <time>2026-05-17T13:01:03Z</time>
      </trkpt>
      <trkpt lat="30.639025" lon="104.134605">
        <time>2026-05-17T13:01:04Z</time>
      </trkpt>
      <trkpt lat="30.639025" lon="104.13468">
        <time>2026-05-17T13:01:05Z</time>
      </trkpt>
      <trkpt lat="30.63902" lon="104.13475">
        <time>2026-05-17T13:01:06Z</time>
      </trkpt>
      <trkpt lat="30.639015" lon="104.13483">
        <time>2026-05-17T13:01:07Z</time>
      </trkpt>
      <trkpt lat="30.639017" lon="104.1349">
        <time>2026-05-17T13:01:08Z</time>
      </trkpt>
      <trkpt lat="30.639013" lon="104.13498">
        <time>2026-05-17T13:01:09Z</time>
      </trkpt>
      <trkpt lat="30.639011" lon="104.13505">
        <time>2026-05-17T13:01:10Z</time>
      </trkpt>
      <trkpt lat="30.639008" lon="104.13512">
        <time>2026-05-17T13:01:11Z</time>
      </trkpt>
      <trkpt lat="30.639008" lon="104.13519">
        <time>2026-05-17T13:01:12Z</time>
      </trkpt>
      <trkpt lat="30.63901" lon="104.13526">
        <time>2026-05-17T13:01:13Z</time>
      </trkpt>
      <trkpt lat="30.639008" lon="104.13534">
        <time>2026-05-17T13:01:14Z</time>
      </trkpt>
      <trkpt lat="30.639002" lon="104.135414">
        <time>2026-05-17T13:01:15Z</time>
      </trkpt>
      <trkpt lat="30.638998" lon="104.13549">
        <time>2026-05-17T13:01:16Z</time>
      </trkpt>
      <trkpt lat="30.638994" lon="104.13556">
        <time>2026-05-17T13:01:17Z</time>
      </trkpt>
      <trkpt lat="30.638992" lon="104.13563">
        <time>2026-05-17T13:01:18Z</time>
      </trkpt>
      <trkpt lat="30.638992" lon="104.1357">
        <time>2026-05-17T13:01:19Z</time>
      </trkpt>
      <trkpt lat="30.638992" lon="104.135765">
        <time>2026-05-17T13:01:20Z</time>
      </trkpt>
      <trkpt lat="30.638992" lon="104.135826">
        <time>2026-05-17T13:01:21Z</time>
      </trkpt>
      <trkpt lat="30.63899" lon="104.135895">
        <time>2026-05-17T13:01:22Z</time>
      </trkpt>
      <trkpt lat="30.638987" lon="104.135956">
        <time>2026-05-17T13:01:23Z</time>
      </trkpt>
      <trkpt lat="30.638983" lon="104.13602">
        <time>2026-05-17T13:01:24Z</time>
      </trkpt>
      <trkpt lat="30.638983" lon="104.13607">
        <time>2026-05-17T13:01:25Z</time>
      </trkpt>
      <trkpt lat="30.638985" lon="104.13613">
        <time>2026-05-17T13:01:26Z</time>
      </trkpt>
      <trkpt lat="30.638988" lon="104.13619">
        <time>2026-05-17T13:01:27Z</time>
      </trkpt>
      <trkpt lat="30.638987" lon="104.136246">
        <time>2026-05-17T13:01:28Z</time>
      </trkpt>
      <trkpt lat="30.638985" lon="104.1363">
        <time>2026-05-17T13:01:29Z</time>
      </trkpt>
      <trkpt lat="30.63898" lon="104.13635">
        <time>2026-05-17T13:01:30Z</time>
      </trkpt>
      <trkpt lat="30.638968" lon="104.136406">
        <time>2026-05-17T13:01:31Z</time>
      </trkpt>
      <trkpt lat="30.638958" lon="104.13645">
        <time>2026-05-17T13:01:32Z</time>
      </trkpt>
      <trkpt lat="30.638954" lon="104.136505">
        <time>2026-05-17T13:01:33Z</time>
      </trkpt>
      <trkpt lat="30.638954" lon="104.13656">
        <time>2026-05-17T13:01:34Z</time>
      </trkpt>
      <trkpt lat="30.638956" lon="104.13661">
        <time>2026-05-17T13:01:35Z</time>
      </trkpt>
      <trkpt lat="30.638958" lon="104.13665">
        <time>2026-05-17T13:01:36Z</time>
      </trkpt>
      <trkpt lat="30.63896" lon="104.13669">
        <time>2026-05-17T13:01:37Z</time>
      </trkpt>
      <trkpt lat="30.638964" lon="104.136734">
        <time>2026-05-17T13:01:38Z</time>
      </trkpt>
      <trkpt lat="30.638966" lon="104.136765">
        <time>2026-05-17T13:01:39Z</time>
      </trkpt>
      <trkpt lat="30.638966" lon="104.13677">
        <time>2026-05-17T13:01:40Z</time>
      </trkpt>
      <trkpt lat="30.638966" lon="104.13677">
        <time>2026-05-17T13:01:41Z</time>
      </trkpt>
      <trkpt lat="30.638966" lon="104.13677">
        <time>2026-05-17T13:01:42Z</time>
      </trkpt>
      <trkpt lat="30.638966" lon="104.13677">
        <time>2026-05-17T13:01:43Z</time>
      </trkpt>
      <trkpt lat="30.638966" lon="104.13677">
        <time>2026-05-17T13:01:44Z</time>
      </trkpt>
      <trkpt lat="30.638966" lon="104.13677">
        <time>2026-05-17T13:01:45Z</time>
      </trkpt>
      <trkpt lat="30.638966" lon="104.13677">
        <time>2026-05-17T13:01:46Z</time>
      </trkpt>
      <trkpt lat="30.638966" lon="104.13677">
        <time>2026-05-17T13:01:47Z</time>
      </trkpt>
      <trkpt lat="30.638966" lon="104.13677">
        <time>2026-05-17T13:01:48Z</time>
      </trkpt>
      <trkpt lat="30.638966" lon="104.13677">
        <time>2026-05-17T13:01:49Z</time>
      </trkpt>
      <trkpt lat="30.638966" lon="104.13677">
        <time>2026-05-17T13:01:50Z</time>
      </trkpt>
      <trkpt lat="30.638966" lon="104.13677">
        <time>2026-05-17T13:01:51Z</time>
      </trkpt>
      <trkpt lat="30.638966" lon="104.13677">
        <time>2026-05-17T13:01:52Z</time>
      </trkpt>
      <trkpt lat="30.638966" lon="104.13677">
        <time>2026-05-17T13:01:53Z</time>
      </trkpt>
      <trkpt lat="30.638966" lon="104.13677">
        <time>2026-05-17T13:01:54Z</time>
      </trkpt>
      <trkpt lat="30.638966" lon="104.13677">
        <time>2026-05-17T13:01:55Z</time>
      </trkpt>
      <trkpt lat="30.638966" lon="104.13677">
        <time>2026-05-17T13:01:56Z</time>
      </trkpt>
      <trkpt lat="30.638966" lon="104.13677">
        <time>2026-05-17T13:01:57Z</time>
      </trkpt>
      <trkpt lat="30.638966" lon="104.13677">
        <time>2026-05-17T13:01:58Z</time>
      </trkpt>
      <trkpt lat="30.638966" lon="104.13677">
        <time>2026-05-17T13:01:59Z</time>
      </trkpt>
      <trkpt lat="30.638966" lon="104.13677">
        <time>2026-05-17T13:02:00Z</time>
      </trkpt>
      <trkpt lat="30.638966" lon="104.13677">
        <time>2026-05-17T13:02:01Z</time>
      </trkpt>
      <trkpt lat="30.638966" lon="104.13677">
        <time>2026-05-17T13:02:02Z</time>
      </trkpt>
      <trkpt lat="30.638987" lon="104.136795">
        <time>2026-05-17T13:02:03Z</time>
      </trkpt>
      <trkpt lat="30.638985" lon="104.13683">
        <time>2026-05-17T13:02:04Z</time>
      </trkpt>
      <trkpt lat="30.638983" lon="104.13688">
        <time>2026-05-17T13:02:05Z</time>
      </trkpt>
      <trkpt lat="30.63898" lon="104.13694">
        <time>2026-05-17T13:02:06Z</time>
      </trkpt>
      <trkpt lat="30.638979" lon="104.13699">
        <time>2026-05-17T13:02:07Z</time>
      </trkpt>
      <trkpt lat="30.638979" lon="104.13705">
        <time>2026-05-17T13:02:08Z</time>
      </trkpt>
      <trkpt lat="30.638977" lon="104.13711">
        <time>2026-05-17T13:02:09Z</time>
      </trkpt>
      <trkpt lat="30.638975" lon="104.13716">
        <time>2026-05-17T13:02:10Z</time>
      </trkpt>
      <trkpt lat="30.638977" lon="104.137215">
        <time>2026-05-17T13:02:11Z</time>
      </trkpt>
      <trkpt lat="30.638973" lon="104.13726">
        <time>2026-05-17T13:02:12Z</time>
      </trkpt>
      <trkpt lat="30.638973" lon="104.13732">
        <time>2026-05-17T13:02:13Z</time>
      </trkpt>
      <trkpt lat="30.638968" lon="104.13738">
        <time>2026-05-17T13:02:14Z</time>
      </trkpt>
      <trkpt lat="30.638964" lon="104.13745">
        <time>2026-05-17T13:02:15Z</time>
      </trkpt>
      <trkpt lat="30.638962" lon="104.13752">
        <time>2026-05-17T13:02:16Z</time>
      </trkpt>
      <trkpt lat="30.638966" lon="104.137596">
        <time>2026-05-17T13:02:17Z</time>
      </trkpt>
      <trkpt lat="30.638968" lon="104.13767">
        <time>2026-05-17T13:02:18Z</time>
      </trkpt>
      <trkpt lat="30.638968" lon="104.13776">
        <time>2026-05-17T13:02:19Z</time>
      </trkpt>
      <trkpt lat="30.638968" lon="104.137825">
        <time>2026-05-17T13:02:20Z</time>
      </trkpt>
      <trkpt lat="30.638962" lon="104.13791">
        <time>2026-05-17T13:02:21Z</time>
      </trkpt>
      <trkpt lat="30.638954" lon="104.13799">
        <time>2026-05-17T13:02:22Z</time>
      </trkpt>
      <trkpt lat="30.638945" lon="104.13807">
        <time>2026-05-17T13:02:23Z</time>
      </trkpt>
      <trkpt lat="30.638935" lon="104.13815">
        <time>2026-05-17T13:02:24Z</time>
      </trkpt>
      <trkpt lat="30.638927" lon="104.13823">
        <time>2026-05-17T13:02:25Z</time>
      </trkpt>
      <trkpt lat="30.638927" lon="104.13831">
        <time>2026-05-17T13:02:26Z</time>
      </trkpt>
      <trkpt lat="30.638924" lon="104.13839">
        <time>2026-05-17T13:02:27Z</time>
      </trkpt>
      <trkpt lat="30.638916" lon="104.138466">
        <time>2026-05-17T13:02:28Z</time>
      </trkpt>
      <trkpt lat="30.638908" lon="104.13855">
        <time>2026-05-17T13:02:29Z</time>
      </trkpt>
      <trkpt lat="30.6389" lon="104.138626">
        <time>2026-05-17T13:02:30Z</time>
      </trkpt>
      <trkpt lat="30.638897" lon="104.13871">
        <time>2026-05-17T13:02:31Z</time>
      </trkpt>
      <trkpt lat="30.6389" lon="104.1388">
        <time>2026-05-17T13:02:32Z</time>
      </trkpt>
      <trkpt lat="30.638899" lon="104.13888">
        <time>2026-05-17T13:02:33Z</time>
      </trkpt>
      <trkpt lat="30.63889" lon="104.13896">
        <time>2026-05-17T13:02:34Z</time>
      </trkpt>
      <trkpt lat="30.638885" lon="104.139046">
        <time>2026-05-17T13:02:35Z</time>
      </trkpt>
      <trkpt lat="30.638882" lon="104.13913">
        <time>2026-05-17T13:02:36Z</time>
      </trkpt>
      <trkpt lat="30.638887" lon="104.13921">
        <time>2026-05-17T13:02:37Z</time>
      </trkpt>
      <trkpt lat="30.638891" lon="104.1393">
        <time>2026-05-17T13:02:38Z</time>
      </trkpt>
      <trkpt lat="30.638899" lon="104.13937">
        <time>2026-05-17T13:02:39Z</time>
      </trkpt>
      <trkpt lat="30.638903" lon="104.13945">
        <time>2026-05-17T13:02:40Z</time>
      </trkpt>
      <trkpt lat="30.638906" lon="104.139534">
        <time>2026-05-17T13:02:41Z</time>
      </trkpt>
      <trkpt lat="30.638908" lon="104.1396">
        <time>2026-05-17T13:02:42Z</time>
      </trkpt>
      <trkpt lat="30.638905" lon="104.13967">
        <time>2026-05-17T13:02:43Z</time>
      </trkpt>
      <trkpt lat="30.6389" lon="104.13975">
        <time>2026-05-17T13:02:44Z</time>
      </trkpt>
      <trkpt lat="30.638891" lon="104.13982">
        <time>2026-05-17T13:02:45Z</time>
      </trkpt>
      <trkpt lat="30.638878" lon="104.139885">
        <time>2026-05-17T13:02:46Z</time>
      </trkpt>
      <trkpt lat="30.638866" lon="104.13996">
        <time>2026-05-17T13:02:47Z</time>
      </trkpt>
      <trkpt lat="30.638851" lon="104.14003">
        <time>2026-05-17T13:02:48Z</time>
      </trkpt>
      <trkpt lat="30.638836" lon="104.14009">
        <time>2026-05-17T13:02:49Z</time>
      </trkpt>
      <trkpt lat="30.638819" lon="104.14016">
        <time>2026-05-17T13:02:50Z</time>
      </trkpt>
      <trkpt lat="30.63881" lon="104.14022">
        <time>2026-05-17T13:02:51Z</time>
      </trkpt>
      <trkpt lat="30.638796" lon="104.14029">
        <time>2026-05-17T13:02:52Z</time>
      </trkpt>
      <trkpt lat="30.638783" lon="104.14035">
        <time>2026-05-17T13:02:53Z</time>
      </trkpt>
      <trkpt lat="30.63877" lon="104.14041">
        <time>2026-05-17T13:02:54Z</time>
      </trkpt>
      <trkpt lat="30.638752" lon="104.14048">
        <time>2026-05-17T13:02:55Z</time>
      </trkpt>
      <trkpt lat="30.638737" lon="104.14054">
        <time>2026-05-17T13:02:56Z</time>
      </trkpt>
      <trkpt lat="30.638721" lon="104.14059">
        <time>2026-05-17T13:02:57Z</time>
      </trkpt>
      <trkpt lat="30.638708" lon="104.14064">
        <time>2026-05-17T13:02:58Z</time>
      </trkpt>
      <trkpt lat="30.638693" lon="104.1407">
        <time>2026-05-17T13:02:59Z</time>
      </trkpt>
      <trkpt lat="30.638685" lon="104.14076">
        <time>2026-05-17T13:03:00Z</time>
      </trkpt>
      <trkpt lat="30.638674" lon="104.14082">
        <time>2026-05-17T13:03:01Z</time>
      </trkpt>
      <trkpt lat="30.638662" lon="104.14088">
        <time>2026-05-17T13:03:02Z</time>
      </trkpt>
      <trkpt lat="30.638643" lon="104.14093">
        <time>2026-05-17T13:03:03Z</time>
      </trkpt>
      <trkpt lat="30.638624" lon="104.14098">
        <time>2026-05-17T13:03:04Z</time>
      </trkpt>
      <trkpt lat="30.638609" lon="104.14105">
        <time>2026-05-17T13:03:05Z</time>
      </trkpt>
      <trkpt lat="30.638592" lon="104.141106">
        <time>2026-05-17T13:03:06Z</time>
      </trkpt>
      <trkpt lat="30.638573" lon="104.14117">
        <time>2026-05-17T13:03:07Z</time>
      </trkpt>
      <trkpt lat="30.638557" lon="104.14123">
        <time>2026-05-17T13:03:08Z</time>
      </trkpt>
      <trkpt lat="30.638542" lon="104.14129">
        <time>2026-05-17T13:03:09Z</time>
      </trkpt>
      <trkpt lat="30.63853" lon="104.141335">
        <time>2026-05-17T13:03:10Z</time>
      </trkpt>
      <trkpt lat="30.638515" lon="104.141396">
        <time>2026-05-17T13:03:11Z</time>
      </trkpt>
      <trkpt lat="30.638498" lon="104.14146">
        <time>2026-05-17T13:03:12Z</time>
      </trkpt>
      <trkpt lat="30.63848" lon="104.14151">
        <time>2026-05-17T13:03:13Z</time>
      </trkpt>
      <trkpt lat="30.63846" lon="104.14156">
        <time>2026-05-17T13:03:14Z</time>
      </trkpt>
      <trkpt lat="30.638443" lon="104.14162">
        <time>2026-05-17T13:03:15Z</time>
      </trkpt>
      <trkpt lat="30.63843" lon="104.14167">
        <time>2026-05-17T13:03:16Z</time>
      </trkpt>
      <trkpt lat="30.638418" lon="104.14172">
        <time>2026-05-17T13:03:17Z</time>
      </trkpt>
      <trkpt lat="30.638407" lon="104.14177">
        <time>2026-05-17T13:03:18Z</time>
      </trkpt>
      <trkpt lat="30.638397" lon="104.141815">
        <time>2026-05-17T13:03:19Z</time>
      </trkpt>
      <trkpt lat="30.638384" lon="104.14185">
        <time>2026-05-17T13:03:20Z</time>
      </trkpt>
      <trkpt lat="30.63837" lon="104.14191">
        <time>2026-05-17T13:03:21Z</time>
      </trkpt>
      <trkpt lat="30.638353" lon="104.14197">
        <time>2026-05-17T13:03:22Z</time>
      </trkpt>
      <trkpt lat="30.638338" lon="104.14203">
        <time>2026-05-17T13:03:23Z</time>
      </trkpt>
      <trkpt lat="30.638327" lon="104.14209">
        <time>2026-05-17T13:03:24Z</time>
      </trkpt>
      <trkpt lat="30.638311" lon="104.14216">
        <time>2026-05-17T13:03:25Z</time>
      </trkpt>
      <trkpt lat="30.638298" lon="104.14222">
        <time>2026-05-17T13:03:26Z</time>
      </trkpt>
      <trkpt lat="30.638283" lon="104.14228">
        <time>2026-05-17T13:03:27Z</time>
      </trkpt>
      <trkpt lat="30.63827" lon="104.14234">
        <time>2026-05-17T13:03:28Z</time>
      </trkpt>
      <trkpt lat="30.638258" lon="104.14242">
        <time>2026-05-17T13:03:29Z</time>
      </trkpt>
      <trkpt lat="30.63824" lon="104.14248">
        <time>2026-05-17T13:03:30Z</time>
      </trkpt>
      <trkpt lat="30.638224" lon="104.14255">
        <time>2026-05-17T13:03:31Z</time>
      </trkpt>
      <trkpt lat="30.638206" lon="104.14262">
        <time>2026-05-17T13:03:32Z</time>
      </trkpt>
      <trkpt lat="30.63819" lon="104.142685">
        <time>2026-05-17T13:03:33Z</time>
      </trkpt>
      <trkpt lat="30.638172" lon="104.142746">
        <time>2026-05-17T13:03:34Z</time>
      </trkpt>
      <trkpt lat="30.638155" lon="104.14281">
        <time>2026-05-17T13:03:35Z</time>
      </trkpt>
      <trkpt lat="30.63814" lon="104.14287">
        <time>2026-05-17T13:03:36Z</time>
      </trkpt>
      <trkpt lat="30.638123" lon="104.14294">
        <time>2026-05-17T13:03:37Z</time>
      </trkpt>
      <trkpt lat="30.638103" lon="104.143">
        <time>2026-05-17T13:03:38Z</time>
      </trkpt>
      <trkpt lat="30.638083" lon="104.14306">
        <time>2026-05-17T13:03:39Z</time>
      </trkpt>
      <trkpt lat="30.638063" lon="104.143135">
        <time>2026-05-17T13:03:40Z</time>
      </trkpt>
      <trkpt lat="30.638046" lon="104.1432">
        <time>2026-05-17T13:03:41Z</time>
      </trkpt>
      <trkpt lat="30.63803" lon="104.14328">
        <time>2026-05-17T13:03:42Z</time>
      </trkpt>
      <trkpt lat="30.638012" lon="104.14336">
        <time>2026-05-17T13:03:43Z</time>
      </trkpt>
      <trkpt lat="30.637993" lon="104.14343">
        <time>2026-05-17T13:03:44Z</time>
      </trkpt>
      <trkpt lat="30.637976" lon="104.1435">
        <time>2026-05-17T13:03:45Z</time>
      </trkpt>
      <trkpt lat="30.637962" lon="104.143585">
        <time>2026-05-17T13:03:46Z</time>
      </trkpt>
      <trkpt lat="30.637953" lon="104.14366">
        <time>2026-05-17T13:03:47Z</time>
      </trkpt>
      <trkpt lat="30.637936" lon="104.14373">
        <time>2026-05-17T13:03:48Z</time>
      </trkpt>
      <trkpt lat="30.637915" lon="104.14381">
        <time>2026-05-17T13:03:49Z</time>
      </trkpt>
      <trkpt lat="30.637894" lon="104.14389">
        <time>2026-05-17T13:03:50Z</time>
      </trkpt>
      <trkpt lat="30.63787" lon="104.14397">
        <time>2026-05-17T13:03:51Z</time>
      </trkpt>
      <trkpt lat="30.63785" lon="104.14405">
        <time>2026-05-17T13:03:52Z</time>
      </trkpt>
      <trkpt lat="30.637829" lon="104.14413">
        <time>2026-05-17T13:03:53Z</time>
      </trkpt>
      <trkpt lat="30.637806" lon="104.1442">
        <time>2026-05-17T13:03:54Z</time>
      </trkpt>
      <trkpt lat="30.637796" lon="104.14424">
        <time>2026-05-17T13:03:55Z</time>
      </trkpt>
      <trkpt lat="30.637793" lon="104.14426">
        <time>2026-05-17T13:03:56Z</time>
      </trkpt>
      <trkpt lat="30.637785" lon="104.144264">
        <time>2026-05-17T13:03:57Z</time>
      </trkpt>
      <trkpt lat="30.637772" lon="104.14429">
        <time>2026-05-17T13:03:58Z</time>
      </trkpt>
      <trkpt lat="30.637756" lon="104.14432">
        <time>2026-05-17T13:03:59Z</time>
      </trkpt>
      <trkpt lat="30.637737" lon="104.14435">
        <time>2026-05-17T13:04:00Z</time>
      </trkpt>
      <trkpt lat="30.637716" lon="104.144394">
        <time>2026-05-17T13:04:01Z</time>
      </trkpt>
      <trkpt lat="30.637693" lon="104.14444">
        <time>2026-05-17T13:04:02Z</time>
      </trkpt>
      <trkpt lat="30.637665" lon="104.14451">
        <time>2026-05-17T13:04:03Z</time>
      </trkpt>
      <trkpt lat="30.637632" lon="104.14458">
        <time>2026-05-17T13:04:04Z</time>
      </trkpt>
      <trkpt lat="30.637604" lon="104.144646">
        <time>2026-05-17T13:04:05Z</time>
      </trkpt>
      <trkpt lat="30.63758" lon="104.14472">
        <time>2026-05-17T13:04:06Z</time>
      </trkpt>
      <trkpt lat="30.63756" lon="104.1448">
        <time>2026-05-17T13:04:07Z</time>
      </trkpt>
      <trkpt lat="30.637548" lon="104.14489">
        <time>2026-05-17T13:04:08Z</time>
      </trkpt>
      <trkpt lat="30.63754" lon="104.145">
        <time>2026-05-17T13:04:09Z</time>
      </trkpt>
      <trkpt lat="30.63753" lon="104.14509">
        <time>2026-05-17T13:04:10Z</time>
      </trkpt>
      <trkpt lat="30.637516" lon="104.14518">
        <time>2026-05-17T13:04:11Z</time>
      </trkpt>
      <trkpt lat="30.637503" lon="104.14527">
        <time>2026-05-17T13:04:12Z</time>
      </trkpt>
      <trkpt lat="30.637487" lon="104.145355">
        <time>2026-05-17T13:04:13Z</time>
      </trkpt>
      <trkpt lat="30.637468" lon="104.14544">
        <time>2026-05-17T13:04:14Z</time>
      </trkpt>
      <trkpt lat="30.637453" lon="104.14552">
        <time>2026-05-17T13:04:15Z</time>
      </trkpt>
      <trkpt lat="30.63743" lon="104.14561">
        <time>2026-05-17T13:04:16Z</time>
      </trkpt>
      <trkpt lat="30.63741" lon="104.14569">
        <time>2026-05-17T13:04:17Z</time>
      </trkpt>
      <trkpt lat="30.637383" lon="104.145775">
        <time>2026-05-17T13:04:18Z</time>
      </trkpt>
      <trkpt lat="30.637358" lon="104.14586">
        <time>2026-05-17T13:04:19Z</time>
      </trkpt>
      <trkpt lat="30.637335" lon="104.14595">
        <time>2026-05-17T13:04:20Z</time>
      </trkpt>
      <trkpt lat="30.637312" lon="104.146034">
        <time>2026-05-17T13:04:21Z</time>
      </trkpt>
      <trkpt lat="30.637291" lon="104.14612">
        <time>2026-05-17T13:04:22Z</time>
      </trkpt>
      <trkpt lat="30.637276" lon="104.14621">
        <time>2026-05-17T13:04:23Z</time>
      </trkpt>
      <trkpt lat="30.63726" lon="104.14629">
        <time>2026-05-17T13:04:24Z</time>
      </trkpt>
      <trkpt lat="30.637241" lon="104.14638">
        <time>2026-05-17T13:04:25Z</time>
      </trkpt>
      <trkpt lat="30.637224" lon="104.14646">
        <time>2026-05-17T13:04:26Z</time>
      </trkpt>
      <trkpt lat="30.637203" lon="104.146545">
        <time>2026-05-17T13:04:27Z</time>
      </trkpt>
      <trkpt lat="30.637182" lon="104.14663">
        <time>2026-05-17T13:04:28Z</time>
      </trkpt>
      <trkpt lat="30.637161" lon="104.146706">
        <time>2026-05-17T13:04:29Z</time>
      </trkpt>
      <trkpt lat="30.637144" lon="104.14679">
        <time>2026-05-17T13:04:30Z</time>
      </trkpt>
      <trkpt lat="30.637123" lon="104.146866">
        <time>2026-05-17T13:04:31Z</time>
      </trkpt>
      <trkpt lat="30.637106" lon="104.14694">
        <time>2026-05-17T13:04:32Z</time>
      </trkpt>
      <trkpt lat="30.637089" lon="104.147026">
        <time>2026-05-17T13:04:33Z</time>
      </trkpt>
      <trkpt lat="30.637074" lon="104.14711">
        <time>2026-05-17T13:04:34Z</time>
      </trkpt>
      <trkpt lat="30.637062" lon="104.14719">
        <time>2026-05-17T13:04:35Z</time>
      </trkpt>
      <trkpt lat="30.637054" lon="104.14727">
        <time>2026-05-17T13:04:36Z</time>
      </trkpt>
      <trkpt lat="30.637049" lon="104.147354">
        <time>2026-05-17T13:04:37Z</time>
      </trkpt>
      <trkpt lat="30.63704" lon="104.14744">
        <time>2026-05-17T13:04:38Z</time>
      </trkpt>
      <trkpt lat="30.63703" lon="104.147514">
        <time>2026-05-17T13:04:39Z</time>
      </trkpt>
      <trkpt lat="30.637018" lon="104.14758">
        <time>2026-05-17T13:04:40Z</time>
      </trkpt>
      <trkpt lat="30.637007" lon="104.14767">
        <time>2026-05-17T13:04:41Z</time>
      </trkpt>
      <trkpt lat="30.63699" lon="104.14773">
        <time>2026-05-17T13:04:42Z</time>
      </trkpt>
      <trkpt lat="30.636967" lon="104.147804">
        <time>2026-05-17T13:04:43Z</time>
      </trkpt>
      <trkpt lat="30.636942" lon="104.14787">
        <time>2026-05-17T13:04:44Z</time>
      </trkpt>
      <trkpt lat="30.636915" lon="104.14794">
        <time>2026-05-17T13:04:45Z</time>
      </trkpt>
      <trkpt lat="30.636883" lon="104.14801">
        <time>2026-05-17T13:04:46Z</time>
      </trkpt>
      <trkpt lat="30.63685" lon="104.14808">
        <time>2026-05-17T13:04:47Z</time>
      </trkpt>
      <trkpt lat="30.636816" lon="104.14814">
        <time>2026-05-17T13:04:48Z</time>
      </trkpt>
      <trkpt lat="30.636787" lon="104.14819">
        <time>2026-05-17T13:04:49Z</time>
      </trkpt>
      <trkpt lat="30.63676" lon="104.148254">
        <time>2026-05-17T13:04:50Z</time>
      </trkpt>
      <trkpt lat="30.636734" lon="104.148315">
        <time>2026-05-17T13:04:51Z</time>
      </trkpt>
      <trkpt lat="30.636703" lon="104.14839">
        <time>2026-05-17T13:04:52Z</time>
      </trkpt>
      <trkpt lat="30.636671" lon="104.14846">
        <time>2026-05-17T13:04:53Z</time>
      </trkpt>
      <trkpt lat="30.636637" lon="104.14852">
        <time>2026-05-17T13:04:54Z</time>
      </trkpt>
      <trkpt lat="30.6366" lon="104.148575">
        <time>2026-05-17T13:04:55Z</time>
      </trkpt>
      <trkpt lat="30.636562" lon="104.148636">
        <time>2026-05-17T13:04:56Z</time>
      </trkpt>
      <trkpt lat="30.63651" lon="104.14868">
        <time>2026-05-17T13:04:57Z</time>
      </trkpt>
      <trkpt lat="30.636465" lon="104.148735">
        <time>2026-05-17T13:04:58Z</time>
      </trkpt>
      <trkpt lat="30.636414" lon="104.14878">
        <time>2026-05-17T13:04:59Z</time>
      </trkpt>
      <trkpt lat="30.636353" lon="104.148796">
        <time>2026-05-17T13:05:00Z</time>
      </trkpt>
      <trkpt lat="30.636288" lon="104.14877">
        <time>2026-05-17T13:05:01Z</time>
      </trkpt>
      <trkpt lat="30.636234" lon="104.14873">
        <time>2026-05-17T13:05:02Z</time>
      </trkpt>
      <trkpt lat="30.636166" lon="104.14869">
        <time>2026-05-17T13:05:03Z</time>
      </trkpt>
      <trkpt lat="30.636103" lon="104.14865">
        <time>2026-05-17T13:05:04Z</time>
      </trkpt>
      <trkpt lat="30.63604" lon="104.14862">
        <time>2026-05-17T13:05:05Z</time>
      </trkpt>
      <trkpt lat="30.63598" lon="104.14859">
        <time>2026-05-17T13:05:06Z</time>
      </trkpt>
      <trkpt lat="30.635918" lon="104.14856">
        <time>2026-05-17T13:05:07Z</time>
      </trkpt>
      <trkpt lat="30.63585" lon="104.14852">
        <time>2026-05-17T13:05:08Z</time>
      </trkpt>
      <trkpt lat="30.635794" lon="104.1485">
        <time>2026-05-17T13:05:09Z</time>
      </trkpt>
      <trkpt lat="30.635733" lon="104.14846">
        <time>2026-05-17T13:05:10Z</time>
      </trkpt>
      <trkpt lat="30.635685" lon="104.14843">
        <time>2026-05-17T13:05:11Z</time>
      </trkpt>
      <trkpt lat="30.635628" lon="104.14839">
        <time>2026-05-17T13:05:12Z</time>
      </trkpt>
      <trkpt lat="30.635582" lon="104.14835">
        <time>2026-05-17T13:05:13Z</time>
      </trkpt>
      <trkpt lat="30.635536" lon="104.14832">
        <time>2026-05-17T13:05:14Z</time>
      </trkpt>
      <trkpt lat="30.635502" lon="104.1483">
        <time>2026-05-17T13:05:15Z</time>
      </trkpt>
      <trkpt lat="30.635479" lon="104.14829">
        <time>2026-05-17T13:05:16Z</time>
      </trkpt>
      <trkpt lat="30.635462" lon="104.148285">
        <time>2026-05-17T13:05:17Z</time>
      </trkpt>
      <trkpt lat="30.635447" lon="104.14828">
        <time>2026-05-17T13:05:18Z</time>
      </trkpt>
      <trkpt lat="30.635447" lon="104.14828">
        <time>2026-05-17T13:05:19Z</time>
      </trkpt>
      <trkpt lat="30.635447" lon="104.14828">
        <time>2026-05-17T13:05:20Z</time>
      </trkpt>
      <trkpt lat="30.635447" lon="104.14828">
        <time>2026-05-17T13:05:21Z</time>
      </trkpt>
      <trkpt lat="30.635447" lon="104.14828">
        <time>2026-05-17T13:05:22Z</time>
      </trkpt>
      <trkpt lat="30.635447" lon="104.14828">
        <time>2026-05-17T13:05:23Z</time>
      </trkpt>
      <trkpt lat="30.635447" lon="104.14828">
        <time>2026-05-17T13:05:24Z</time>
      </trkpt>
      <trkpt lat="30.635447" lon="104.14828">
        <time>2026-05-17T13:05:25Z</time>
      </trkpt>
      <trkpt lat="30.635447" lon="104.14828">
        <time>2026-05-17T13:05:26Z</time>
      </trkpt>
      <trkpt lat="30.635447" lon="104.14828">
        <time>2026-05-17T13:05:27Z</time>
      </trkpt>
      <trkpt lat="30.635447" lon="104.14828">
        <time>2026-05-17T13:05:28Z</time>
      </trkpt>
      <trkpt lat="30.635447" lon="104.14828">
        <time>2026-05-17T13:05:29Z</time>
      </trkpt>
      <trkpt lat="30.635447" lon="104.14828">
        <time>2026-05-17T13:05:30Z</time>
      </trkpt>
      <trkpt lat="30.635447" lon="104.14828">
        <time>2026-05-17T13:05:31Z</time>
      </trkpt>
      <trkpt lat="30.635447" lon="104.14828">
        <time>2026-05-17T13:05:32Z</time>
      </trkpt>
      <trkpt lat="30.635447" lon="104.14828">
        <time>2026-05-17T13:05:33Z</time>
      </trkpt>
      <trkpt lat="30.635447" lon="104.14828">
        <time>2026-05-17T13:05:34Z</time>
      </trkpt>
      <trkpt lat="30.635447" lon="104.14828">
        <time>2026-05-17T13:05:35Z</time>
      </trkpt>
      <trkpt lat="30.635447" lon="104.14828">
        <time>2026-05-17T13:05:36Z</time>
      </trkpt>
      <trkpt lat="30.635447" lon="104.14828">
        <time>2026-05-17T13:05:37Z</time>
      </trkpt>
      <trkpt lat="30.635447" lon="104.14828">
        <time>2026-05-17T13:05:38Z</time>
      </trkpt>
      <trkpt lat="30.635447" lon="104.14828">
        <time>2026-05-17T13:05:39Z</time>
      </trkpt>
      <trkpt lat="30.635447" lon="104.14828">
        <time>2026-05-17T13:05:40Z</time>
      </trkpt>
      <trkpt lat="30.635447" lon="104.14828">
        <time>2026-05-17T13:05:41Z</time>
      </trkpt>
      <trkpt lat="30.635447" lon="104.14828">
        <time>2026-05-17T13:05:42Z</time>
      </trkpt>
      <trkpt lat="30.635447" lon="104.14828">
        <time>2026-05-17T13:05:43Z</time>
      </trkpt>
      <trkpt lat="30.635447" lon="104.14828">
        <time>2026-05-17T13:05:44Z</time>
      </trkpt>
      <trkpt lat="30.635447" lon="104.14828">
        <time>2026-05-17T13:05:45Z</time>
      </trkpt>
      <trkpt lat="30.635447" lon="104.14828">
        <time>2026-05-17T13:05:46Z</time>
      </trkpt>
      <trkpt lat="30.635447" lon="104.14828">
        <time>2026-05-17T13:05:47Z</time>
      </trkpt>
      <trkpt lat="30.635447" lon="104.14828">
        <time>2026-05-17T13:05:48Z</time>
      </trkpt>
      <trkpt lat="30.635447" lon="104.14828">
        <time>2026-05-17T13:05:49Z</time>
      </trkpt>
      <trkpt lat="30.635447" lon="104.14828">
        <time>2026-05-17T13:05:50Z</time>
      </trkpt>
      <trkpt lat="30.635447" lon="104.14828">
        <time>2026-05-17T13:05:51Z</time>
      </trkpt>
      <trkpt lat="30.635447" lon="104.14828">
        <time>2026-05-17T13:05:52Z</time>
      </trkpt>
      <trkpt lat="30.635447" lon="104.14828">
        <time>2026-05-17T13:05:53Z</time>
      </trkpt>
      <trkpt lat="30.635447" lon="104.14828">
        <time>2026-05-17T13:05:54Z</time>
      </trkpt>
      <trkpt lat="30.635447" lon="104.14828">
        <time>2026-05-17T13:05:55Z</time>
      </trkpt>
      <trkpt lat="30.635447" lon="104.14828">
        <time>2026-05-17T13:05:56Z</time>
      </trkpt>
      <trkpt lat="30.635447" lon="104.14828">
        <time>2026-05-17T13:05:57Z</time>
      </trkpt>
      <trkpt lat="30.635447" lon="104.14828">
        <time>2026-05-17T13:05:58Z</time>
      </trkpt>
      <trkpt lat="30.635447" lon="104.14828">
        <time>2026-05-17T13:05:59Z</time>
      </trkpt>
      <trkpt lat="30.635447" lon="104.14828">
        <time>2026-05-17T13:06:00Z</time>
      </trkpt>
      <trkpt lat="30.635447" lon="104.14828">
        <time>2026-05-17T13:06:01Z</time>
      </trkpt>
      <trkpt lat="30.635447" lon="104.14828">
        <time>2026-05-17T13:06:02Z</time>
      </trkpt>
      <trkpt lat="30.635447" lon="104.14828">
        <time>2026-05-17T13:06:03Z</time>
      </trkpt>
      <trkpt lat="30.635447" lon="104.14828">
        <time>2026-05-17T13:06:04Z</time>
      </trkpt>
      <trkpt lat="30.635447" lon="104.14828">
        <time>2026-05-17T13:06:05Z</time>
      </trkpt>
      <trkpt lat="30.635447" lon="104.14828">
        <time>2026-05-17T13:06:06Z</time>
      </trkpt>
      <trkpt lat="30.635447" lon="104.14828">
        <time>2026-05-17T13:06:07Z</time>
      </trkpt>
      <trkpt lat="30.635447" lon="104.14828">
        <time>2026-05-17T13:06:08Z</time>
      </trkpt>
      <trkpt lat="30.635447" lon="104.14828">
        <time>2026-05-17T13:06:09Z</time>
      </trkpt>
      <trkpt lat="30.635447" lon="104.14828">
        <time>2026-05-17T13:06:10Z</time>
      </trkpt>
      <trkpt lat="30.635447" lon="104.14828">
        <time>2026-05-17T13:06:11Z</time>
      </trkpt>
      <trkpt lat="30.635447" lon="104.14828">
        <time>2026-05-17T13:06:12Z</time>
      </trkpt>
      <trkpt lat="30.635447" lon="104.14828">
        <time>2026-05-17T13:06:13Z</time>
      </trkpt>
      <trkpt lat="30.635447" lon="104.14828">
        <time>2026-05-17T13:06:14Z</time>
      </trkpt>
      <trkpt lat="30.635447" lon="104.14828">
        <time>2026-05-17T13:06:15Z</time>
      </trkpt>
      <trkpt lat="30.635447" lon="104.14828">
        <time>2026-05-17T13:06:16Z</time>
      </trkpt>
      <trkpt lat="30.635447" lon="104.14828">
        <time>2026-05-17T13:06:17Z</time>
      </trkpt>
      <trkpt lat="30.635447" lon="104.14828">
        <time>2026-05-17T13:06:18Z</time>
      </trkpt>
      <trkpt lat="30.635447" lon="104.14828">
        <time>2026-05-17T13:06:19Z</time>
      </trkpt>
      <trkpt lat="30.635447" lon="104.14828">
        <time>2026-05-17T13:06:20Z</time>
      </trkpt>
      <trkpt lat="30.635447" lon="104.14828">
        <time>2026-05-17T13:06:21Z</time>
      </trkpt>
      <trkpt lat="30.635447" lon="104.14828">
        <time>2026-05-17T13:06:22Z</time>
      </trkpt>
      <trkpt lat="30.635447" lon="104.14828">
        <time>2026-05-17T13:06:23Z</time>
      </trkpt>
      <trkpt lat="30.635447" lon="104.14828">
        <time>2026-05-17T13:06:24Z</time>
      </trkpt>
      <trkpt lat="30.635447" lon="104.14828">
        <time>2026-05-17T13:06:25Z</time>
      </trkpt>
      <trkpt lat="30.635447" lon="104.14828">
        <time>2026-05-17T13:06:26Z</time>
      </trkpt>
      <trkpt lat="30.635447" lon="104.14828">
        <time>2026-05-17T13:06:27Z</time>
      </trkpt>
      <trkpt lat="30.635447" lon="104.14828">
        <time>2026-05-17T13:06:28Z</time>
      </trkpt>
      <trkpt lat="30.635447" lon="104.14828">
        <time>2026-05-17T13:06:29Z</time>
      </trkpt>
      <trkpt lat="30.635447" lon="104.14828">
        <time>2026-05-17T13:06:30Z</time>
      </trkpt>
      <trkpt lat="30.635447" lon="104.14828">
        <time>2026-05-17T13:06:31Z</time>
      </trkpt>
      <trkpt lat="30.635447" lon="104.14828">
        <time>2026-05-17T13:06:32Z</time>
      </trkpt>
      <trkpt lat="30.635447" lon="104.14828">
        <time>2026-05-17T13:06:33Z</time>
      </trkpt>
      <trkpt lat="30.635447" lon="104.14828">
        <time>2026-05-17T13:06:34Z</time>
      </trkpt>
      <trkpt lat="30.635447" lon="104.14828">
        <time>2026-05-17T13:06:35Z</time>
      </trkpt>
      <trkpt lat="30.635447" lon="104.14828">
        <time>2026-05-17T13:06:36Z</time>
      </trkpt>
      <trkpt lat="30.635447" lon="104.14828">
        <time>2026-05-17T13:06:37Z</time>
      </trkpt>
      <trkpt lat="30.635447" lon="104.14828">
        <time>2026-05-17T13:06:38Z</time>
      </trkpt>
      <trkpt lat="30.635447" lon="104.14828">
        <time>2026-05-17T13:06:39Z</time>
      </trkpt>
      <trkpt lat="30.635447" lon="104.14828">
        <time>2026-05-17T13:06:40Z</time>
      </trkpt>
      <trkpt lat="30.635447" lon="104.14828">
        <time>2026-05-17T13:06:41Z</time>
      </trkpt>
      <trkpt lat="30.635447" lon="104.14828">
        <time>2026-05-17T13:06:42Z</time>
      </trkpt>
      <trkpt lat="30.635447" lon="104.14828">
        <time>2026-05-17T13:06:43Z</time>
      </trkpt>
      <trkpt lat="30.635447" lon="104.14828">
        <time>2026-05-17T13:06:44Z</time>
      </trkpt>
      <trkpt lat="30.635447" lon="104.14828">
        <time>2026-05-17T13:06:45Z</time>
      </trkpt>
      <trkpt lat="30.635447" lon="104.14828">
        <time>2026-05-17T13:06:46Z</time>
      </trkpt>
      <trkpt lat="30.635447" lon="104.14828">
        <time>2026-05-17T13:06:47Z</time>
      </trkpt>
      <trkpt lat="30.635447" lon="104.14828">
        <time>2026-05-17T13:06:48Z</time>
      </trkpt>
      <trkpt lat="30.635447" lon="104.14828">
        <time>2026-05-17T13:06:49Z</time>
      </trkpt>
      <trkpt lat="30.635437" lon="104.1483">
        <time>2026-05-17T13:06:50Z</time>
      </trkpt>
      <trkpt lat="30.635435" lon="104.14834">
        <time>2026-05-17T13:06:51Z</time>
      </trkpt>
      <trkpt lat="30.635424" lon="104.148384">
        <time>2026-05-17T13:06:52Z</time>
      </trkpt>
      <trkpt lat="30.635412" lon="104.14844">
        <time>2026-05-17T13:06:53Z</time>
      </trkpt>
      <trkpt lat="30.6354" lon="104.14849">
        <time>2026-05-17T13:06:54Z</time>
      </trkpt>
      <trkpt lat="30.635387" lon="104.148544">
        <time>2026-05-17T13:06:55Z</time>
      </trkpt>
      <trkpt lat="30.63537" lon="104.1486">
        <time>2026-05-17T13:06:56Z</time>
      </trkpt>
      <trkpt lat="30.63535" lon="104.14866">
        <time>2026-05-17T13:06:57Z</time>
      </trkpt>
      <trkpt lat="30.635326" lon="104.14872">
        <time>2026-05-17T13:06:58Z</time>
      </trkpt>
      <trkpt lat="30.635302" lon="104.14879">
        <time>2026-05-17T13:06:59Z</time>
      </trkpt>
      <trkpt lat="30.635283" lon="104.148865">
        <time>2026-05-17T13:07:00Z</time>
      </trkpt>
      <trkpt lat="30.635267" lon="104.14895">
        <time>2026-05-17T13:07:01Z</time>
      </trkpt>
      <trkpt lat="30.635258" lon="104.14902">
        <time>2026-05-17T13:07:02Z</time>
      </trkpt>
      <trkpt lat="30.635258" lon="104.149086">
        <time>2026-05-17T13:07:03Z</time>
      </trkpt>
      <trkpt lat="30.635263" lon="104.14914">
        <time>2026-05-17T13:07:04Z</time>
      </trkpt>
      <trkpt lat="30.63527" lon="104.149185">
        <time>2026-05-17T13:07:05Z</time>
      </trkpt>
      <trkpt lat="30.635277" lon="104.149216">
        <time>2026-05-17T13:07:06Z</time>
      </trkpt>
      <trkpt lat="30.63529" lon="104.14925">
        <time>2026-05-17T13:07:07Z</time>
      </trkpt>
      <trkpt lat="30.635317" lon="104.14926">
        <time>2026-05-17T13:07:08Z</time>
      </trkpt>
      <trkpt lat="30.63535" lon="104.14928">
        <time>2026-05-17T13:07:09Z</time>
      </trkpt>
      <trkpt lat="30.6354" lon="104.1493">
        <time>2026-05-17T13:07:10Z</time>
      </trkpt>
      <trkpt lat="30.635452" lon="104.14933">
        <time>2026-05-17T13:07:11Z</time>
      </trkpt>
      <trkpt lat="30.635508" lon="104.14936">
        <time>2026-05-17T13:07:12Z</time>
      </trkpt>
      <trkpt lat="30.635572" lon="104.1494">
        <time>2026-05-17T13:07:13Z</time>
      </trkpt>
      <trkpt lat="30.635643" lon="104.14943">
        <time>2026-05-17T13:07:14Z</time>
      </trkpt>
      <trkpt lat="30.635715" lon="104.14947">
        <time>2026-05-17T13:07:15Z</time>
      </trkpt>
      <trkpt lat="30.635782" lon="104.149506">
        <time>2026-05-17T13:07:16Z</time>
      </trkpt>
      <trkpt lat="30.635841" lon="104.14954">
        <time>2026-05-17T13:07:17Z</time>
      </trkpt>
      <trkpt lat="30.6359" lon="104.14959">
        <time>2026-05-17T13:07:18Z</time>
      </trkpt>
      <trkpt lat="30.635937" lon="104.14965">
        <time>2026-05-17T13:07:19Z</time>
      </trkpt>
      <trkpt lat="30.635954" lon="104.14972">
        <time>2026-05-17T13:07:20Z</time>
      </trkpt>
      <trkpt lat="30.63595" lon="104.149796">
        <time>2026-05-17T13:07:21Z</time>
      </trkpt>
      <trkpt lat="30.635927" lon="104.14989">
        <time>2026-05-17T13:07:22Z</time>
      </trkpt>
      <trkpt lat="30.635897" lon="104.14999">
        <time>2026-05-17T13:07:23Z</time>
      </trkpt>
      <trkpt lat="30.635862" lon="104.150085">
        <time>2026-05-17T13:07:24Z</time>
      </trkpt>
      <trkpt lat="30.635834" lon="104.150185">
        <time>2026-05-17T13:07:25Z</time>
      </trkpt>
      <trkpt lat="30.635801" lon="104.15028">
        <time>2026-05-17T13:07:26Z</time>
      </trkpt>
      <trkpt lat="30.63577" lon="104.150375">
        <time>2026-05-17T13:07:27Z</time>
      </trkpt>
      <trkpt lat="30.63574" lon="104.15047">
        <time>2026-05-17T13:07:28Z</time>
      </trkpt>
      <trkpt lat="30.635704" lon="104.15055">
        <time>2026-05-17T13:07:29Z</time>
      </trkpt>
      <trkpt lat="30.63568" lon="104.15062">
        <time>2026-05-17T13:07:30Z</time>
      </trkpt>
      <trkpt lat="30.635654" lon="104.150696">
        <time>2026-05-17T13:07:31Z</time>
      </trkpt>
      <trkpt lat="30.635626" lon="104.15076">
        <time>2026-05-17T13:07:32Z</time>
      </trkpt>
      <trkpt lat="30.635603" lon="104.150826">
        <time>2026-05-17T13:07:33Z</time>
      </trkpt>
      <trkpt lat="30.635584" lon="104.15089">
        <time>2026-05-17T13:07:34Z</time>
      </trkpt>
      <trkpt lat="30.635563" lon="104.15094">
        <time>2026-05-17T13:07:35Z</time>
      </trkpt>
      <trkpt lat="30.635542" lon="104.15099">
        <time>2026-05-17T13:07:36Z</time>
      </trkpt>
      <trkpt lat="30.635519" lon="104.151054">
        <time>2026-05-17T13:07:37Z</time>
      </trkpt>
      <trkpt lat="30.635494" lon="104.15111">
        <time>2026-05-17T13:07:38Z</time>
      </trkpt>
      <trkpt lat="30.635471" lon="104.15116">
        <time>2026-05-17T13:07:39Z</time>
      </trkpt>
      <trkpt lat="30.635454" lon="104.15121">
        <time>2026-05-17T13:07:40Z</time>
      </trkpt>
      <trkpt lat="30.635437" lon="104.15126">
        <time>2026-05-17T13:07:41Z</time>
      </trkpt>
      <trkpt lat="30.63542" lon="104.151306">
        <time>2026-05-17T13:07:42Z</time>
      </trkpt>
      <trkpt lat="30.63541" lon="104.15135">
        <time>2026-05-17T13:07:43Z</time>
      </trkpt>
      <trkpt lat="30.635399" lon="104.15139">
        <time>2026-05-17T13:07:44Z</time>
      </trkpt>
      <trkpt lat="30.635386" lon="104.151436">
        <time>2026-05-17T13:07:45Z</time>
      </trkpt>
      <trkpt lat="30.635368" lon="104.151474">
        <time>2026-05-17T13:07:46Z</time>
      </trkpt>
      <trkpt lat="30.635351" lon="104.151505">
        <time>2026-05-17T13:07:47Z</time>
      </trkpt>
      <trkpt lat="30.635336" lon="104.151535">
        <time>2026-05-17T13:07:48Z</time>
      </trkpt>
      <trkpt lat="30.635317" lon="104.15157">
        <time>2026-05-17T13:07:49Z</time>
      </trkpt>
      <trkpt lat="30.635298" lon="104.1516">
        <time>2026-05-17T13:07:50Z</time>
      </trkpt>
      <trkpt lat="30.635288" lon="104.151634">
        <time>2026-05-17T13:07:51Z</time>
      </trkpt>
      <trkpt lat="30.635273" lon="104.15166">
        <time>2026-05-17T13:07:52Z</time>
      </trkpt>
      <trkpt lat="30.635256" lon="104.151695">
        <time>2026-05-17T13:07:53Z</time>
      </trkpt>
      <trkpt lat="30.635246" lon="104.151726">
        <time>2026-05-17T13:07:54Z</time>
      </trkpt>
      <trkpt lat="30.635233" lon="104.151764">
        <time>2026-05-17T13:07:55Z</time>
      </trkpt>
      <trkpt lat="30.635218" lon="104.151794">
        <time>2026-05-17T13:07:56Z</time>
      </trkpt>
      <trkpt lat="30.635202" lon="104.151825">
        <time>2026-05-17T13:07:57Z</time>
      </trkpt>
      <trkpt lat="30.63519" lon="104.15187">
        <time>2026-05-17T13:07:58Z</time>
      </trkpt>
      <trkpt lat="30.635174" lon="104.151924">
        <time>2026-05-17T13:07:59Z</time>
      </trkpt>
      <trkpt lat="30.635157" lon="104.15198">
        <time>2026-05-17T13:08:00Z</time>
      </trkpt>
      <trkpt lat="30.635141" lon="104.15202">
        <time>2026-05-17T13:08:01Z</time>
      </trkpt>
      <trkpt lat="30.635128" lon="104.15207">
        <time>2026-05-17T13:08:02Z</time>
      </trkpt>
      <trkpt lat="30.63511" lon="104.15212">
        <time>2026-05-17T13:08:03Z</time>
      </trkpt>
      <trkpt lat="30.635096" lon="104.15217">
        <time>2026-05-17T13:08:04Z</time>
      </trkpt>
      <trkpt lat="30.635078" lon="104.152214">
        <time>2026-05-17T13:08:05Z</time>
      </trkpt>
      <trkpt lat="30.635057" lon="104.152245">
        <time>2026-05-17T13:08:06Z</time>
      </trkpt>
      <trkpt lat="30.635038" lon="104.15229">
        <time>2026-05-17T13:08:07Z</time>
      </trkpt>
      <trkpt lat="30.635021" lon="104.15233">
        <time>2026-05-17T13:08:08Z</time>
      </trkpt>
      <trkpt lat="30.635014" lon="104.15237">
        <time>2026-05-17T13:08:09Z</time>
      </trkpt>
      <trkpt lat="30.635008" lon="104.152405">
        <time>2026-05-17T13:08:10Z</time>
      </trkpt>
      <trkpt lat="30.635006" lon="104.15245">
        <time>2026-05-17T13:08:11Z</time>
      </trkpt>
      <trkpt lat="30.634993" lon="104.15249">
        <time>2026-05-17T13:08:12Z</time>
      </trkpt>
      <trkpt lat="30.634977" lon="104.15253">
        <time>2026-05-17T13:08:13Z</time>
      </trkpt>
      <trkpt lat="30.63496" lon="104.152565">
        <time>2026-05-17T13:08:14Z</time>
      </trkpt>
      <trkpt lat="30.634943" lon="104.152596">
        <time>2026-05-17T13:08:15Z</time>
      </trkpt>
      <trkpt lat="30.634926" lon="104.152626">
        <time>2026-05-17T13:08:16Z</time>
      </trkpt>
      <trkpt lat="30.634907" lon="104.15267">
        <time>2026-05-17T13:08:17Z</time>
      </trkpt>
      <trkpt lat="30.634886" lon="104.15272">
        <time>2026-05-17T13:08:18Z</time>
      </trkpt>
      <trkpt lat="30.634863" lon="104.15276">
        <time>2026-05-17T13:08:19Z</time>
      </trkpt>
      <trkpt lat="30.634846" lon="104.1528">
        <time>2026-05-17T13:08:20Z</time>
      </trkpt>
      <trkpt lat="30.634825" lon="104.15284">
        <time>2026-05-17T13:08:21Z</time>
      </trkpt>
      <trkpt lat="30.634804" lon="104.152885">
        <time>2026-05-17T13:08:22Z</time>
      </trkpt>
      <trkpt lat="30.634785" lon="104.15292">
        <time>2026-05-17T13:08:23Z</time>
      </trkpt>
      <trkpt lat="30.634766" lon="104.15296">
        <time>2026-05-17T13:08:24Z</time>
      </trkpt>
      <trkpt lat="30.634745" lon="104.153015">
        <time>2026-05-17T13:08:25Z</time>
      </trkpt>
      <trkpt lat="30.634727" lon="104.153076">
        <time>2026-05-17T13:08:26Z</time>
      </trkpt>
      <trkpt lat="30.634705" lon="104.15313">
        <time>2026-05-17T13:08:27Z</time>
      </trkpt>
      <trkpt lat="30.634687" lon="104.15318">
        <time>2026-05-17T13:08:28Z</time>
      </trkpt>
      <trkpt lat="30.634666" lon="104.15323">
        <time>2026-05-17T13:08:29Z</time>
      </trkpt>
      <trkpt lat="30.634642" lon="104.15328">
        <time>2026-05-17T13:08:30Z</time>
      </trkpt>
      <trkpt lat="30.634615" lon="104.153336">
        <time>2026-05-17T13:08:31Z</time>
      </trkpt>
      <trkpt lat="30.634594" lon="104.1534">
        <time>2026-05-17T13:08:32Z</time>
      </trkpt>
      <trkpt lat="30.63457" lon="104.153465">
        <time>2026-05-17T13:08:33Z</time>
      </trkpt>
      <trkpt lat="30.63455" lon="104.15353">
        <time>2026-05-17T13:08:34Z</time>
      </trkpt>
      <trkpt lat="30.634527" lon="104.15359">
        <time>2026-05-17T13:08:35Z</time>
      </trkpt>
      <trkpt lat="30.634502" lon="104.15364">
        <time>2026-05-17T13:08:36Z</time>
      </trkpt>
      <trkpt lat="30.634472" lon="104.1537">
        <time>2026-05-17T13:08:37Z</time>
      </trkpt>
      <trkpt lat="30.63445" lon="104.15376">
        <time>2026-05-17T13:08:38Z</time>
      </trkpt>
      <trkpt lat="30.634424" lon="104.15382">
        <time>2026-05-17T13:08:39Z</time>
      </trkpt>
      <trkpt lat="30.634403" lon="104.15388">
        <time>2026-05-17T13:08:40Z</time>
      </trkpt>
      <trkpt lat="30.634378" lon="104.153946">
        <time>2026-05-17T13:08:41Z</time>
      </trkpt>
      <trkpt lat="30.634357" lon="104.15401">
        <time>2026-05-17T13:08:42Z</time>
      </trkpt>
      <trkpt lat="30.63434" lon="104.154076">
        <time>2026-05-17T13:08:43Z</time>
      </trkpt>
      <trkpt lat="30.634317" lon="104.15413">
        <time>2026-05-17T13:08:44Z</time>
      </trkpt>
      <trkpt lat="30.634304" lon="104.15418">
        <time>2026-05-17T13:08:45Z</time>
      </trkpt>
      <trkpt lat="30.63428" lon="104.154236">
        <time>2026-05-17T13:08:46Z</time>
      </trkpt>
      <trkpt lat="30.634256" lon="104.1543">
        <time>2026-05-17T13:08:47Z</time>
      </trkpt>
      <trkpt lat="30.634226" lon="104.15436">
        <time>2026-05-17T13:08:48Z</time>
      </trkpt>
      <trkpt lat="30.6342" lon="104.15442">
        <time>2026-05-17T13:08:49Z</time>
      </trkpt>
      <trkpt lat="30.634172" lon="104.15448">
        <time>2026-05-17T13:08:50Z</time>
      </trkpt>
      <trkpt lat="30.634148" lon="104.15455">
        <time>2026-05-17T13:08:51Z</time>
      </trkpt>
      <trkpt lat="30.634123" lon="104.154625">
        <time>2026-05-17T13:08:52Z</time>
      </trkpt>
      <trkpt lat="30.634098" lon="104.15469">
        <time>2026-05-17T13:08:53Z</time>
      </trkpt>
      <trkpt lat="30.634073" lon="104.15477">
        <time>2026-05-17T13:08:54Z</time>
      </trkpt>
      <trkpt lat="30.634045" lon="104.15485">
        <time>2026-05-17T13:08:55Z</time>
      </trkpt>
      <trkpt lat="30.634012" lon="104.154915">
        <time>2026-05-17T13:08:56Z</time>
      </trkpt>
      <trkpt lat="30.633982" lon="104.15499">
        <time>2026-05-17T13:08:57Z</time>
      </trkpt>
      <trkpt lat="30.63395" lon="104.15507">
        <time>2026-05-17T13:08:58Z</time>
      </trkpt>
      <trkpt lat="30.633919" lon="104.15515">
        <time>2026-05-17T13:08:59Z</time>
      </trkpt>
      <trkpt lat="30.633888" lon="104.15523">
        <time>2026-05-17T13:09:00Z</time>
      </trkpt>
      <trkpt lat="30.633856" lon="104.15532">
        <time>2026-05-17T13:09:01Z</time>
      </trkpt>
      <trkpt lat="30.633821" lon="104.1554">
        <time>2026-05-17T13:09:02Z</time>
      </trkpt>
      <trkpt lat="30.633787" lon="104.155495">
        <time>2026-05-17T13:09:03Z</time>
      </trkpt>
      <trkpt lat="30.633749" lon="104.15558">
        <time>2026-05-17T13:09:04Z</time>
      </trkpt>
      <trkpt lat="30.63371" lon="104.15567">
        <time>2026-05-17T13:09:05Z</time>
      </trkpt>
      <trkpt lat="30.633675" lon="104.15576">
        <time>2026-05-17T13:09:06Z</time>
      </trkpt>
      <trkpt lat="30.633636" lon="104.15585">
        <time>2026-05-17T13:09:07Z</time>
      </trkpt>
      <trkpt lat="30.6336" lon="104.155945">
        <time>2026-05-17T13:09:08Z</time>
      </trkpt>
      <trkpt lat="30.633566" lon="104.15604">
        <time>2026-05-17T13:09:09Z</time>
      </trkpt>
      <trkpt lat="30.63353" lon="104.156136">
        <time>2026-05-17T13:09:10Z</time>
      </trkpt>
      <trkpt lat="30.633492" lon="104.156235">
        <time>2026-05-17T13:09:11Z</time>
      </trkpt>
      <trkpt lat="30.633457" lon="104.15632">
        <time>2026-05-17T13:09:12Z</time>
      </trkpt>
      <trkpt lat="30.63342" lon="104.15642">
        <time>2026-05-17T13:09:13Z</time>
      </trkpt>
      <trkpt lat="30.633387" lon="104.15651">
        <time>2026-05-17T13:09:14Z</time>
      </trkpt>
      <trkpt lat="30.633354" lon="104.1566">
        <time>2026-05-17T13:09:15Z</time>
      </trkpt>
      <trkpt lat="30.633314" lon="104.1567">
        <time>2026-05-17T13:09:16Z</time>
      </trkpt>
      <trkpt lat="30.633272" lon="104.15679">
        <time>2026-05-17T13:09:17Z</time>
      </trkpt>
      <trkpt lat="30.633234" lon="104.15688">
        <time>2026-05-17T13:09:18Z</time>
      </trkpt>
      <trkpt lat="30.6332" lon="104.15696">
        <time>2026-05-17T13:09:19Z</time>
      </trkpt>
      <trkpt lat="30.633162" lon="104.15704">
        <time>2026-05-17T13:09:20Z</time>
      </trkpt>
      <trkpt lat="30.63312" lon="104.15713">
        <time>2026-05-17T13:09:21Z</time>
      </trkpt>
      <trkpt lat="30.633076" lon="104.15721">
        <time>2026-05-17T13:09:22Z</time>
      </trkpt>
      <trkpt lat="30.633038" lon="104.1573">
        <time>2026-05-17T13:09:23Z</time>
      </trkpt>
      <trkpt lat="30.633" lon="104.157394">
        <time>2026-05-17T13:09:24Z</time>
      </trkpt>
      <trkpt lat="30.632965" lon="104.15748">
        <time>2026-05-17T13:09:25Z</time>
      </trkpt>
      <trkpt lat="30.63293" lon="104.15757">
        <time>2026-05-17T13:09:26Z</time>
      </trkpt>
      <trkpt lat="30.632895" lon="104.15765">
        <time>2026-05-17T13:09:27Z</time>
      </trkpt>
      <trkpt lat="30.632856" lon="104.15774">
        <time>2026-05-17T13:09:28Z</time>
      </trkpt>
      <trkpt lat="30.632824" lon="104.157814">
        <time>2026-05-17T13:09:29Z</time>
      </trkpt>
      <trkpt lat="30.632797" lon="104.15789">
        <time>2026-05-17T13:09:30Z</time>
      </trkpt>
      <trkpt lat="30.632772" lon="104.15797">
        <time>2026-05-17T13:09:31Z</time>
      </trkpt>
      <trkpt lat="30.63275" lon="104.15804">
        <time>2026-05-17T13:09:32Z</time>
      </trkpt>
      <trkpt lat="30.632732" lon="104.15811">
        <time>2026-05-17T13:09:33Z</time>
      </trkpt>
      <trkpt lat="30.632708" lon="104.15818">
        <time>2026-05-17T13:09:34Z</time>
      </trkpt>
      <trkpt lat="30.632675" lon="104.15824">
        <time>2026-05-17T13:09:35Z</time>
      </trkpt>
      <trkpt lat="30.63264" lon="104.1583">
        <time>2026-05-17T13:09:36Z</time>
      </trkpt>
      <trkpt lat="30.632608" lon="104.15836">
        <time>2026-05-17T13:09:37Z</time>
      </trkpt>
      <trkpt lat="30.632576" lon="104.158424">
        <time>2026-05-17T13:09:38Z</time>
      </trkpt>
      <trkpt lat="30.632542" lon="104.158485">
        <time>2026-05-17T13:09:39Z</time>
      </trkpt>
      <trkpt lat="30.632507" lon="104.158554">
        <time>2026-05-17T13:09:40Z</time>
      </trkpt>
      <trkpt lat="30.632475" lon="104.158615">
        <time>2026-05-17T13:09:41Z</time>
      </trkpt>
      <trkpt lat="30.632442" lon="104.15868">
        <time>2026-05-17T13:09:42Z</time>
      </trkpt>
      <trkpt lat="30.632402" lon="104.15876">
        <time>2026-05-17T13:09:43Z</time>
      </trkpt>
      <trkpt lat="30.632362" lon="104.15883">
        <time>2026-05-17T13:09:44Z</time>
      </trkpt>
      <trkpt lat="30.632315" lon="104.15889">
        <time>2026-05-17T13:09:45Z</time>
      </trkpt>
      <trkpt lat="30.632278" lon="104.15896">
        <time>2026-05-17T13:09:46Z</time>
      </trkpt>
      <trkpt lat="30.632248" lon="104.15902">
        <time>2026-05-17T13:09:47Z</time>
      </trkpt>
      <trkpt lat="30.632217" lon="104.15909">
        <time>2026-05-17T13:09:48Z</time>
      </trkpt>
      <trkpt lat="30.63218" lon="104.15915">
        <time>2026-05-17T13:09:49Z</time>
      </trkpt>
      <trkpt lat="30.632145" lon="104.15921">
        <time>2026-05-17T13:09:50Z</time>
      </trkpt>
      <trkpt lat="30.632113" lon="104.15928">
        <time>2026-05-17T13:09:51Z</time>
      </trkpt>
      <trkpt lat="30.632084" lon="104.15934">
        <time>2026-05-17T13:09:52Z</time>
      </trkpt>
      <trkpt lat="30.632051" lon="104.15941">
        <time>2026-05-17T13:09:53Z</time>
      </trkpt>
      <trkpt lat="30.632017" lon="104.15948">
        <time>2026-05-17T13:09:54Z</time>
      </trkpt>
      <trkpt lat="30.631985" lon="104.15954">
        <time>2026-05-17T13:09:55Z</time>
      </trkpt>
      <trkpt lat="30.631952" lon="104.15961">
        <time>2026-05-17T13:09:56Z</time>
      </trkpt>
      <trkpt lat="30.631916" lon="104.15967">
        <time>2026-05-17T13:09:57Z</time>
      </trkpt>
      <trkpt lat="30.631886" lon="104.15974">
        <time>2026-05-17T13:09:58Z</time>
      </trkpt>
      <trkpt lat="30.631853" lon="104.1598">
        <time>2026-05-17T13:09:59Z</time>
      </trkpt>
      <trkpt lat="30.631819" lon="104.15987">
        <time>2026-05-17T13:10:00Z</time>
      </trkpt>
      <trkpt lat="30.631786" lon="104.15993">
        <time>2026-05-17T13:10:01Z</time>
      </trkpt>
      <trkpt lat="30.631756" lon="104.15999">
        <time>2026-05-17T13:10:02Z</time>
      </trkpt>
      <trkpt lat="30.63173" lon="104.16006">
        <time>2026-05-17T13:10:03Z</time>
      </trkpt>
      <trkpt lat="30.6317" lon="104.160126">
        <time>2026-05-17T13:10:04Z</time>
      </trkpt>
      <trkpt lat="30.631666" lon="104.160194">
        <time>2026-05-17T13:10:05Z</time>
      </trkpt>
      <trkpt lat="30.631636" lon="104.160255">
        <time>2026-05-17T13:10:06Z</time>
      </trkpt>
      <trkpt lat="30.631601" lon="104.16032">
        <time>2026-05-17T13:10:07Z</time>
      </trkpt>
      <trkpt lat="30.631565" lon="104.160385">
        <time>2026-05-17T13:10:08Z</time>
      </trkpt>
      <trkpt lat="30.63153" lon="104.160446">
        <time>2026-05-17T13:10:09Z</time>
      </trkpt>
      <trkpt lat="30.631498" lon="104.16051">
        <time>2026-05-17T13:10:10Z</time>
      </trkpt>
      <trkpt lat="30.631466" lon="104.160576">
        <time>2026-05-17T13:10:11Z</time>
      </trkpt>
      <trkpt lat="30.631433" lon="104.16064">
        <time>2026-05-17T13:10:12Z</time>
      </trkpt>
      <trkpt lat="30.6314" lon="104.160706">
        <time>2026-05-17T13:10:13Z</time>
      </trkpt>
      <trkpt lat="30.631365" lon="104.16077">
        <time>2026-05-17T13:10:14Z</time>
      </trkpt>
      <trkpt lat="30.631332" lon="104.160835">
        <time>2026-05-17T13:10:15Z</time>
      </trkpt>
      <trkpt lat="30.6313" lon="104.1609">
        <time>2026-05-17T13:10:16Z</time>
      </trkpt>
      <trkpt lat="30.631268" lon="104.160965">
        <time>2026-05-17T13:10:17Z</time>
      </trkpt>
      <trkpt lat="30.631233" lon="104.16103">
        <time>2026-05-17T13:10:18Z</time>
      </trkpt>
      <trkpt lat="30.6312" lon="104.161095">
        <time>2026-05-17T13:10:19Z</time>
      </trkpt>
      <trkpt lat="30.631166" lon="104.16116">
        <time>2026-05-17T13:10:20Z</time>
      </trkpt>
      <trkpt lat="30.631136" lon="104.16123">
        <time>2026-05-17T13:10:21Z</time>
      </trkpt>
      <trkpt lat="30.631104" lon="104.16129">
        <time>2026-05-17T13:10:22Z</time>
      </trkpt>
      <trkpt lat="30.631071" lon="104.16136">
        <time>2026-05-17T13:10:23Z</time>
      </trkpt>
      <trkpt lat="30.631042" lon="104.16142">
        <time>2026-05-17T13:10:24Z</time>
      </trkpt>
      <trkpt lat="30.631012" lon="104.16148">
        <time>2026-05-17T13:10:25Z</time>
      </trkpt>
      <trkpt lat="30.630985" lon="104.16154">
        <time>2026-05-17T13:10:26Z</time>
      </trkpt>
      <trkpt lat="30.63096" lon="104.16159">
        <time>2026-05-17T13:10:27Z</time>
      </trkpt>
      <trkpt lat="30.630945" lon="104.16162">
        <time>2026-05-17T13:10:28Z</time>
      </trkpt>
      <trkpt lat="30.63094" lon="104.16163">
        <time>2026-05-17T13:10:29Z</time>
      </trkpt>
      <trkpt lat="30.630936" lon="104.16164">
        <time>2026-05-17T13:10:30Z</time>
      </trkpt>
      <trkpt lat="30.630926" lon="104.16165">
        <time>2026-05-17T13:10:31Z</time>
      </trkpt>
      <trkpt lat="30.630924" lon="104.16168">
        <time>2026-05-17T13:10:32Z</time>
      </trkpt>
      <trkpt lat="30.630919" lon="104.16173">
        <time>2026-05-17T13:10:33Z</time>
      </trkpt>
      <trkpt lat="30.630913" lon="104.161766">
        <time>2026-05-17T13:10:34Z</time>
      </trkpt>
      <trkpt lat="30.630903" lon="104.16181">
        <time>2026-05-17T13:10:35Z</time>
      </trkpt>
      <trkpt lat="30.630884" lon="104.161865">
        <time>2026-05-17T13:10:36Z</time>
      </trkpt>
      <trkpt lat="30.630861" lon="104.16192">
        <time>2026-05-17T13:10:37Z</time>
      </trkpt>
      <trkpt lat="30.63084" lon="104.161964">
        <time>2026-05-17T13:10:38Z</time>
      </trkpt>
      <trkpt lat="30.630814" lon="104.16201">
        <time>2026-05-17T13:10:39Z</time>
      </trkpt>
      <trkpt lat="30.630785" lon="104.16207">
        <time>2026-05-17T13:10:40Z</time>
      </trkpt>
      <trkpt lat="30.630753" lon="104.162125">
        <time>2026-05-17T13:10:41Z</time>
      </trkpt>
      <trkpt lat="30.630714" lon="104.16219">
        <time>2026-05-17T13:10:42Z</time>
      </trkpt>
      <trkpt lat="30.63068" lon="104.16226">
        <time>2026-05-17T13:10:43Z</time>
      </trkpt>
      <trkpt lat="30.630644" lon="104.16233">
        <time>2026-05-17T13:10:44Z</time>
      </trkpt>
      <trkpt lat="30.630611" lon="104.1624">
        <time>2026-05-17T13:10:45Z</time>
      </trkpt>
      <trkpt lat="30.630579" lon="104.16247">
        <time>2026-05-17T13:10:46Z</time>
      </trkpt>
      <trkpt lat="30.630543" lon="104.16254">
        <time>2026-05-17T13:10:47Z</time>
      </trkpt>
      <trkpt lat="30.630508" lon="104.162605">
        <time>2026-05-17T13:10:48Z</time>
      </trkpt>
      <trkpt lat="30.630474" lon="104.162674">
        <time>2026-05-17T13:10:49Z</time>
      </trkpt>
      <trkpt lat="30.630432" lon="104.162735">
        <time>2026-05-17T13:10:50Z</time>
      </trkpt>
      <trkpt lat="30.630392" lon="104.162796">
        <time>2026-05-17T13:10:51Z</time>
      </trkpt>
      <trkpt lat="30.630354" lon="104.16286">
        <time>2026-05-17T13:10:52Z</time>
      </trkpt>
      <trkpt lat="30.630318" lon="104.162926">
        <time>2026-05-17T13:10:53Z</time>
      </trkpt>
      <trkpt lat="30.630283" lon="104.162994">
        <time>2026-05-17T13:10:54Z</time>
      </trkpt>
      <trkpt lat="30.63025" lon="104.16306">
        <time>2026-05-17T13:10:55Z</time>
      </trkpt>
      <trkpt lat="30.63022" lon="104.163124">
        <time>2026-05-17T13:10:56Z</time>
      </trkpt>
      <trkpt lat="30.63019" lon="104.163185">
        <time>2026-05-17T13:10:57Z</time>
      </trkpt>
      <trkpt lat="30.630157" lon="104.163246">
        <time>2026-05-17T13:10:58Z</time>
      </trkpt>
      <trkpt lat="30.630123" lon="104.16331">
        <time>2026-05-17T13:10:59Z</time>
      </trkpt>
      <trkpt lat="30.63009" lon="104.16337">
        <time>2026-05-17T13:11:00Z</time>
      </trkpt>
      <trkpt lat="30.63006" lon="104.16344">
        <time>2026-05-17T13:11:01Z</time>
      </trkpt>
      <trkpt lat="30.630024" lon="104.1635">
        <time>2026-05-17T13:11:02Z</time>
      </trkpt>
      <trkpt lat="30.629988" lon="104.16356">
        <time>2026-05-17T13:11:03Z</time>
      </trkpt>
      <trkpt lat="30.629953" lon="104.16363">
        <time>2026-05-17T13:11:04Z</time>
      </trkpt>
      <trkpt lat="30.62992" lon="104.1637">
        <time>2026-05-17T13:11:05Z</time>
      </trkpt>
      <trkpt lat="30.629885" lon="104.163765">
        <time>2026-05-17T13:11:06Z</time>
      </trkpt>
      <trkpt lat="30.629852" lon="104.16383">
        <time>2026-05-17T13:11:07Z</time>
      </trkpt>
      <trkpt lat="30.629818" lon="104.1639">
        <time>2026-05-17T13:11:08Z</time>
      </trkpt>
      <trkpt lat="30.62979" lon="104.16397">
        <time>2026-05-17T13:11:09Z</time>
      </trkpt>
      <trkpt lat="30.629757" lon="104.16404">
        <time>2026-05-17T13:11:10Z</time>
      </trkpt>
      <trkpt lat="30.629723" lon="104.164116">
        <time>2026-05-17T13:11:11Z</time>
      </trkpt>
      <trkpt lat="30.629688" lon="104.16419">
        <time>2026-05-17T13:11:12Z</time>
      </trkpt>
      <trkpt lat="30.629652" lon="104.16426">
        <time>2026-05-17T13:11:13Z</time>
      </trkpt>
      <trkpt lat="30.629616" lon="104.16433">
        <time>2026-05-17T13:11:14Z</time>
      </trkpt>
      <trkpt lat="30.629578" lon="104.164406">
        <time>2026-05-17T13:11:15Z</time>
      </trkpt>
      <trkpt lat="30.629538" lon="104.16448">
        <time>2026-05-17T13:11:16Z</time>
      </trkpt>
      <trkpt lat="30.629498" lon="104.16454">
        <time>2026-05-17T13:11:17Z</time>
      </trkpt>
      <trkpt lat="30.629461" lon="104.16462">
        <time>2026-05-17T13:11:18Z</time>
      </trkpt>
      <trkpt lat="30.629425" lon="104.16469">
        <time>2026-05-17T13:11:19Z</time>
      </trkpt>
      <trkpt lat="30.62939" lon="104.16476">
        <time>2026-05-17T13:11:20Z</time>
      </trkpt>
      <trkpt lat="30.629356" lon="104.164825">
        <time>2026-05-17T13:11:21Z</time>
      </trkpt>
      <trkpt lat="30.629324" lon="104.164894">
        <time>2026-05-17T13:11:22Z</time>
      </trkpt>
      <trkpt lat="30.629292" lon="104.164955">
        <time>2026-05-17T13:11:23Z</time>
      </trkpt>
      <trkpt lat="30.629261" lon="104.16502">
        <time>2026-05-17T13:11:24Z</time>
      </trkpt>
      <trkpt lat="30.629232" lon="104.165085">
        <time>2026-05-17T13:11:25Z</time>
      </trkpt>
      <trkpt lat="30.6292" lon="104.16515">
        <time>2026-05-17T13:11:26Z</time>
      </trkpt>
      <trkpt lat="30.629168" lon="104.16521">
        <time>2026-05-17T13:11:27Z</time>
      </trkpt>
      <trkpt lat="30.629135" lon="104.16527">
        <time>2026-05-17T13:11:28Z</time>
      </trkpt>
      <trkpt lat="30.629107" lon="104.16533">
        <time>2026-05-17T13:11:29Z</time>
      </trkpt>
      <trkpt lat="30.629078" lon="104.16539">
        <time>2026-05-17T13:11:30Z</time>
      </trkpt>
      <trkpt lat="30.629051" lon="104.16544">
        <time>2026-05-17T13:11:31Z</time>
      </trkpt>
      <trkpt lat="30.629025" lon="104.1655">
        <time>2026-05-17T13:11:32Z</time>
      </trkpt>
      <trkpt lat="30.628996" lon="104.16555">
        <time>2026-05-17T13:11:33Z</time>
      </trkpt>
      <trkpt lat="30.628962" lon="104.165596">
        <time>2026-05-17T13:11:34Z</time>
      </trkpt>
      <trkpt lat="30.628931" lon="104.16564">
        <time>2026-05-17T13:11:35Z</time>
      </trkpt>
      <trkpt lat="30.628902" lon="104.16568">
        <time>2026-05-17T13:11:36Z</time>
      </trkpt>
      <trkpt lat="30.628876" lon="104.16572">
        <time>2026-05-17T13:11:37Z</time>
      </trkpt>
      <trkpt lat="30.62885" lon="104.16576">
        <time>2026-05-17T13:11:38Z</time>
      </trkpt>
      <trkpt lat="30.628826" lon="104.16579">
        <time>2026-05-17T13:11:39Z</time>
      </trkpt>
      <trkpt lat="30.628805" lon="104.16582">
        <time>2026-05-17T13:11:40Z</time>
      </trkpt>
      <trkpt lat="30.628792" lon="104.16584">
        <time>2026-05-17T13:11:41Z</time>
      </trkpt>
      <trkpt lat="30.628792" lon="104.16584">
        <time>2026-05-17T13:11:42Z</time>
      </trkpt>
      <trkpt lat="30.628792" lon="104.16584">
        <time>2026-05-17T13:11:43Z</time>
      </trkpt>
      <trkpt lat="30.628792" lon="104.16584">
        <time>2026-05-17T13:11:44Z</time>
      </trkpt>
      <trkpt lat="30.628792" lon="104.16584">
        <time>2026-05-17T13:11:45Z</time>
      </trkpt>
      <trkpt lat="30.628792" lon="104.16584">
        <time>2026-05-17T13:11:46Z</time>
      </trkpt>
      <trkpt lat="30.628792" lon="104.16584">
        <time>2026-05-17T13:11:47Z</time>
      </trkpt>
      <trkpt lat="30.628792" lon="104.16584">
        <time>2026-05-17T13:11:48Z</time>
      </trkpt>
      <trkpt lat="30.628792" lon="104.16584">
        <time>2026-05-17T13:11:49Z</time>
      </trkpt>
      <trkpt lat="30.628792" lon="104.16584">
        <time>2026-05-17T13:11:50Z</time>
      </trkpt>
      <trkpt lat="30.628792" lon="104.16584">
        <time>2026-05-17T13:11:51Z</time>
      </trkpt>
      <trkpt lat="30.628792" lon="104.16584">
        <time>2026-05-17T13:11:52Z</time>
      </trkpt>
      <trkpt lat="30.628792" lon="104.16584">
        <time>2026-05-17T13:11:53Z</time>
      </trkpt>
      <trkpt lat="30.628792" lon="104.16584">
        <time>2026-05-17T13:11:54Z</time>
      </trkpt>
      <trkpt lat="30.628792" lon="104.16584">
        <time>2026-05-17T13:11:55Z</time>
      </trkpt>
      <trkpt lat="30.628792" lon="104.16584">
        <time>2026-05-17T13:11:56Z</time>
      </trkpt>
      <trkpt lat="30.628792" lon="104.16584">
        <time>2026-05-17T13:11:57Z</time>
      </trkpt>
      <trkpt lat="30.628792" lon="104.16584">
        <time>2026-05-17T13:11:58Z</time>
      </trkpt>
      <trkpt lat="30.628792" lon="104.16584">
        <time>2026-05-17T13:11:59Z</time>
      </trkpt>
      <trkpt lat="30.628792" lon="104.16584">
        <time>2026-05-17T13:12:00Z</time>
      </trkpt>
      <trkpt lat="30.628792" lon="104.16584">
        <time>2026-05-17T13:12:01Z</time>
      </trkpt>
      <trkpt lat="30.628773" lon="104.16585">
        <time>2026-05-17T13:12:02Z</time>
      </trkpt>
      <trkpt lat="30.628767" lon="104.165855">
        <time>2026-05-17T13:12:03Z</time>
      </trkpt>
      <trkpt lat="30.628757" lon="104.16588">
        <time>2026-05-17T13:12:04Z</time>
      </trkpt>
      <trkpt lat="30.628742" lon="104.16591">
        <time>2026-05-17T13:12:05Z</time>
      </trkpt>
      <trkpt lat="30.628727" lon="104.16595">
        <time>2026-05-17T13:12:06Z</time>
      </trkpt>
      <trkpt lat="30.628714" lon="104.16599">
        <time>2026-05-17T13:12:07Z</time>
      </trkpt>
      <trkpt lat="30.628698" lon="104.16604">
        <time>2026-05-17T13:12:08Z</time>
      </trkpt>
      <trkpt lat="30.628675" lon="104.16609">
        <time>2026-05-17T13:12:09Z</time>
      </trkpt>
      <trkpt lat="30.62865" lon="104.166145">
        <time>2026-05-17T13:12:10Z</time>
      </trkpt>
      <trkpt lat="30.628628" lon="104.1662">
        <time>2026-05-17T13:12:11Z</time>
      </trkpt>
      <trkpt lat="30.628605" lon="104.16625">
        <time>2026-05-17T13:12:12Z</time>
      </trkpt>
      <trkpt lat="30.628586" lon="104.1663">
        <time>2026-05-17T13:12:13Z</time>
      </trkpt>
      <trkpt lat="30.628565" lon="104.16635">
        <time>2026-05-17T13:12:14Z</time>
      </trkpt>
      <trkpt lat="30.628548" lon="104.166405">
        <time>2026-05-17T13:12:15Z</time>
      </trkpt>
      <trkpt lat="30.628538" lon="104.16646">
        <time>2026-05-17T13:12:16Z</time>
      </trkpt>
      <trkpt lat="30.62852" lon="104.16652">
        <time>2026-05-17T13:12:17Z</time>
      </trkpt>
      <trkpt lat="30.628502" lon="104.16657">
        <time>2026-05-17T13:12:18Z</time>
      </trkpt>
      <trkpt lat="30.628479" lon="104.16661">
        <time>2026-05-17T13:12:19Z</time>
      </trkpt>
      <trkpt lat="30.628452" lon="104.16666">
        <time>2026-05-17T13:12:20Z</time>
      </trkpt>
      <trkpt lat="30.628424" lon="104.16671">
        <time>2026-05-17T13:12:21Z</time>
      </trkpt>
      <trkpt lat="30.62839" lon="104.16676">
        <time>2026-05-17T13:12:22Z</time>
      </trkpt>
      <trkpt lat="30.628359" lon="104.16683">
        <time>2026-05-17T13:12:23Z</time>
      </trkpt>
      <trkpt lat="30.628328" lon="104.1669">
        <time>2026-05-17T13:12:24Z</time>
      </trkpt>
      <trkpt lat="30.628294" lon="104.16698">
        <time>2026-05-17T13:12:25Z</time>
      </trkpt>
      <trkpt lat="30.628258" lon="104.16705">
        <time>2026-05-17T13:12:26Z</time>
      </trkpt>
      <trkpt lat="30.62822" lon="104.16714">
        <time>2026-05-17T13:12:27Z</time>
      </trkpt>
      <trkpt lat="30.628185" lon="104.167206">
        <time>2026-05-17T13:12:28Z</time>
      </trkpt>
      <trkpt lat="30.628155" lon="104.16728">
        <time>2026-05-17T13:12:29Z</time>
      </trkpt>
      <trkpt lat="30.628128" lon="104.16734">
        <time>2026-05-17T13:12:30Z</time>
      </trkpt>
      <trkpt lat="30.6281" lon="104.16741">
        <time>2026-05-17T13:12:31Z</time>
      </trkpt>
      <trkpt lat="30.628073" lon="104.16749">
        <time>2026-05-17T13:12:32Z</time>
      </trkpt>
      <trkpt lat="30.628038" lon="104.16756">
        <time>2026-05-17T13:12:33Z</time>
      </trkpt>
      <trkpt lat="30.628002" lon="104.16761">
        <time>2026-05-17T13:12:34Z</time>
      </trkpt>
      <trkpt lat="30.627966" lon="104.16766">
        <time>2026-05-17T13:12:35Z</time>
      </trkpt>
      <trkpt lat="30.62793" lon="104.167725">
        <time>2026-05-17T13:12:36Z</time>
      </trkpt>
      <trkpt lat="30.6279" lon="104.167786">
        <time>2026-05-17T13:12:37Z</time>
      </trkpt>
      <trkpt lat="30.627863" lon="104.167854">
        <time>2026-05-17T13:12:38Z</time>
      </trkpt>
      <trkpt lat="30.627834" lon="104.16792">
        <time>2026-05-17T13:12:39Z</time>
      </trkpt>
      <trkpt lat="30.627806" lon="104.16799">
        <time>2026-05-17T13:12:40Z</time>
      </trkpt>
      <trkpt lat="30.627771" lon="104.16805">
        <time>2026-05-17T13:12:41Z</time>
      </trkpt>
      <trkpt lat="30.627739" lon="104.16811">
        <time>2026-05-17T13:12:42Z</time>
      </trkpt>
      <trkpt lat="30.627703" lon="104.168175">
        <time>2026-05-17T13:12:43Z</time>
      </trkpt>
      <trkpt lat="30.627672" lon="104.16824">
        <time>2026-05-17T13:12:44Z</time>
      </trkpt>
      <trkpt lat="30.627645" lon="104.168304">
        <time>2026-05-17T13:12:45Z</time>
      </trkpt>
      <trkpt lat="30.627619" lon="104.16837">
        <time>2026-05-17T13:12:46Z</time>
      </trkpt>
      <trkpt lat="30.627586" lon="104.16845">
        <time>2026-05-17T13:12:47Z</time>
      </trkpt>
      <trkpt lat="30.627562" lon="104.16852">
        <time>2026-05-17T13:12:48Z</time>
      </trkpt>
      <trkpt lat="30.627533" lon="104.16859">
        <time>2026-05-17T13:12:49Z</time>
      </trkpt>
      <trkpt lat="30.6275" lon="104.168655">
        <time>2026-05-17T13:12:50Z</time>
      </trkpt>
      <trkpt lat="30.627468" lon="104.16872">
        <time>2026-05-17T13:12:51Z</time>
      </trkpt>
      <trkpt lat="30.627428" lon="104.16877">
        <time>2026-05-17T13:12:52Z</time>
      </trkpt>
      <trkpt lat="30.627384" lon="104.168816">
        <time>2026-05-17T13:12:53Z</time>
      </trkpt>
      <trkpt lat="30.627344" lon="104.16888">
        <time>2026-05-17T13:12:54Z</time>
      </trkpt>
      <trkpt lat="30.627308" lon="104.16893">
        <time>2026-05-17T13:12:55Z</time>
      </trkpt>
      <trkpt lat="30.62728" lon="104.16898">
        <time>2026-05-17T13:12:56Z</time>
      </trkpt>
      <trkpt lat="30.627243" lon="104.169044">
        <time>2026-05-17T13:12:57Z</time>
      </trkpt>
      <trkpt lat="30.627207" lon="104.1691">
        <time>2026-05-17T13:12:58Z</time>
      </trkpt>
      <trkpt lat="30.627174" lon="104.16917">
        <time>2026-05-17T13:12:59Z</time>
      </trkpt>
      <trkpt lat="30.627138" lon="104.16922">
        <time>2026-05-17T13:13:00Z</time>
      </trkpt>
      <trkpt lat="30.627104" lon="104.16928">
        <time>2026-05-17T13:13:01Z</time>
      </trkpt>
      <trkpt lat="30.627066" lon="104.16934">
        <time>2026-05-17T13:13:02Z</time>
      </trkpt>
      <trkpt lat="30.62703" lon="104.1694">
        <time>2026-05-17T13:13:03Z</time>
      </trkpt>
      <trkpt lat="30.626991" lon="104.16946">
        <time>2026-05-17T13:13:04Z</time>
      </trkpt>
      <trkpt lat="30.626957" lon="104.169525">
        <time>2026-05-17T13:13:05Z</time>
      </trkpt>
      <trkpt lat="30.626923" lon="104.16958">
        <time>2026-05-17T13:13:06Z</time>
      </trkpt>
      <trkpt lat="30.626892" lon="104.16964">
        <time>2026-05-17T13:13:07Z</time>
      </trkpt>
      <trkpt lat="30.626865" lon="104.1697">
        <time>2026-05-17T13:13:08Z</time>
      </trkpt>
      <trkpt lat="30.626837" lon="104.16976">
        <time>2026-05-17T13:13:09Z</time>
      </trkpt>
      <trkpt lat="30.626808" lon="104.16982">
        <time>2026-05-17T13:13:10Z</time>
      </trkpt>
      <trkpt lat="30.626778" lon="104.16988">
        <time>2026-05-17T13:13:11Z</time>
      </trkpt>
      <trkpt lat="30.626747" lon="104.16994">
        <time>2026-05-17T13:13:12Z</time>
      </trkpt>
      <trkpt lat="30.626715" lon="104.16999">
        <time>2026-05-17T13:13:13Z</time>
      </trkpt>
      <trkpt lat="30.626682" lon="104.170044">
        <time>2026-05-17T13:13:14Z</time>
      </trkpt>
      <trkpt lat="30.626644" lon="104.17009">
        <time>2026-05-17T13:13:15Z</time>
      </trkpt>
      <trkpt lat="30.62661" lon="104.17014">
        <time>2026-05-17T13:13:16Z</time>
      </trkpt>
      <trkpt lat="30.62658" lon="104.170204">
        <time>2026-05-17T13:13:17Z</time>
      </trkpt>
      <trkpt lat="30.626553" lon="104.17026">
        <time>2026-05-17T13:13:18Z</time>
      </trkpt>
      <trkpt lat="30.626526" lon="104.17032">
        <time>2026-05-17T13:13:19Z</time>
      </trkpt>
      <trkpt lat="30.6265" lon="104.17038">
        <time>2026-05-17T13:13:20Z</time>
      </trkpt>
      <trkpt lat="30.626472" lon="104.17043">
        <time>2026-05-17T13:13:21Z</time>
      </trkpt>
      <trkpt lat="30.62645" lon="104.1705">
        <time>2026-05-17T13:13:22Z</time>
      </trkpt>
      <trkpt lat="30.62643" lon="104.17056">
        <time>2026-05-17T13:13:23Z</time>
      </trkpt>
      <trkpt lat="30.626408" lon="104.17062">
        <time>2026-05-17T13:13:24Z</time>
      </trkpt>
      <trkpt lat="30.626387" lon="104.170685">
        <time>2026-05-17T13:13:25Z</time>
      </trkpt>
      <trkpt lat="30.626364" lon="104.170746">
        <time>2026-05-17T13:13:26Z</time>
      </trkpt>
      <trkpt lat="30.626339" lon="104.170815">
        <time>2026-05-17T13:13:27Z</time>
      </trkpt>
      <trkpt lat="30.626314" lon="104.170876">
        <time>2026-05-17T13:13:28Z</time>
      </trkpt>
      <trkpt lat="30.62629" lon="104.17094">
        <time>2026-05-17T13:13:29Z</time>
      </trkpt>
      <trkpt lat="30.626268" lon="104.171">
        <time>2026-05-17T13:13:30Z</time>
      </trkpt>
      <trkpt lat="30.626247" lon="104.17106">
        <time>2026-05-17T13:13:31Z</time>
      </trkpt>
      <trkpt lat="30.626215" lon="104.17113">
        <time>2026-05-17T13:13:32Z</time>
      </trkpt>
      <trkpt lat="30.626186" lon="104.171196">
        <time>2026-05-17T13:13:33Z</time>
      </trkpt>
      <trkpt lat="30.626162" lon="104.171265">
        <time>2026-05-17T13:13:34Z</time>
      </trkpt>
      <trkpt lat="30.626137" lon="104.17134">
        <time>2026-05-17T13:13:35Z</time>
      </trkpt>
      <trkpt lat="30.626116" lon="104.17141">
        <time>2026-05-17T13:13:36Z</time>
      </trkpt>
      <trkpt lat="30.626093" lon="104.171486">
        <time>2026-05-17T13:13:37Z</time>
      </trkpt>
      <trkpt lat="30.626068" lon="104.171555">
        <time>2026-05-17T13:13:38Z</time>
      </trkpt>
      <trkpt lat="30.62604" lon="104.17163">
        <time>2026-05-17T13:13:39Z</time>
      </trkpt>
      <trkpt lat="30.626017" lon="104.171715">
        <time>2026-05-17T13:13:40Z</time>
      </trkpt>
      <trkpt lat="30.626" lon="104.17179">
        <time>2026-05-17T13:13:41Z</time>
      </trkpt>
      <trkpt lat="30.625982" lon="104.17187">
        <time>2026-05-17T13:13:42Z</time>
      </trkpt>
      <trkpt lat="30.625957" lon="104.17194">
        <time>2026-05-17T13:13:43Z</time>
      </trkpt>
      <trkpt lat="30.625937" lon="104.17203">
        <time>2026-05-17T13:13:44Z</time>
      </trkpt>
      <trkpt lat="30.625912" lon="104.172104">
        <time>2026-05-17T13:13:45Z</time>
      </trkpt>
      <trkpt lat="30.625889" lon="104.17217">
        <time>2026-05-17T13:13:46Z</time>
      </trkpt>
      <trkpt lat="30.625866" lon="104.17224">
        <time>2026-05-17T13:13:47Z</time>
      </trkpt>
      <trkpt lat="30.625837" lon="104.17232">
        <time>2026-05-17T13:13:48Z</time>
      </trkpt>
      <trkpt lat="30.625813" lon="104.1724">
        <time>2026-05-17T13:13:49Z</time>
      </trkpt>
      <trkpt lat="30.62578" lon="104.17248">
        <time>2026-05-17T13:13:50Z</time>
      </trkpt>
      <trkpt lat="30.62575" lon="104.17255">
        <time>2026-05-17T13:13:51Z</time>
      </trkpt>
      <trkpt lat="30.625721" lon="104.17262">
        <time>2026-05-17T13:13:52Z</time>
      </trkpt>
      <trkpt lat="30.625694" lon="104.17269">
        <time>2026-05-17T13:13:53Z</time>
      </trkpt>
      <trkpt lat="30.625664" lon="104.17277">
        <time>2026-05-17T13:13:54Z</time>
      </trkpt>
      <trkpt lat="30.625633" lon="104.172844">
        <time>2026-05-17T13:13:55Z</time>
      </trkpt>
      <trkpt lat="30.625603" lon="104.17292">
        <time>2026-05-17T13:13:56Z</time>
      </trkpt>
      <trkpt lat="30.625574" lon="104.173">
        <time>2026-05-17T13:13:57Z</time>
      </trkpt>
      <trkpt lat="30.625544" lon="104.173065">
        <time>2026-05-17T13:13:58Z</time>
      </trkpt>
      <trkpt lat="30.625513" lon="104.17314">
        <time>2026-05-17T13:13:59Z</time>
      </trkpt>
      <trkpt lat="30.625483" lon="104.17322">
        <time>2026-05-17T13:14:00Z</time>
      </trkpt>
      <trkpt lat="30.625456" lon="104.1733">
        <time>2026-05-17T13:14:01Z</time>
      </trkpt>
      <trkpt lat="30.625431" lon="104.17338">
        <time>2026-05-17T13:14:02Z</time>
      </trkpt>
      <trkpt lat="30.625408" lon="104.17345">
        <time>2026-05-17T13:14:03Z</time>
      </trkpt>
      <trkpt lat="30.625378" lon="104.17352">
        <time>2026-05-17T13:14:04Z</time>
      </trkpt>
      <trkpt lat="30.62535" lon="104.1736">
        <time>2026-05-17T13:14:05Z</time>
      </trkpt>
      <trkpt lat="30.625324" lon="104.17368">
        <time>2026-05-17T13:14:06Z</time>
      </trkpt>
      <trkpt lat="30.625298" lon="104.17376">
        <time>2026-05-17T13:14:07Z</time>
      </trkpt>
      <trkpt lat="30.625269" lon="104.173836">
        <time>2026-05-17T13:14:08Z</time>
      </trkpt>
      <trkpt lat="30.625242" lon="104.17391">
        <time>2026-05-17T13:14:09Z</time>
      </trkpt>
      <trkpt lat="30.62521" lon="104.17399">
        <time>2026-05-17T13:14:10Z</time>
      </trkpt>
      <trkpt lat="30.625177" lon="104.174065">
        <time>2026-05-17T13:14:11Z</time>
      </trkpt>
      <trkpt lat="30.625145" lon="104.17414">
        <time>2026-05-17T13:14:12Z</time>
      </trkpt>
      <trkpt lat="30.625116" lon="104.174225">
        <time>2026-05-17T13:14:13Z</time>
      </trkpt>
      <trkpt lat="30.625086" lon="104.1743">
        <time>2026-05-17T13:14:14Z</time>
      </trkpt>
      <trkpt lat="30.625057" lon="104.17438">
        <time>2026-05-17T13:14:15Z</time>
      </trkpt>
      <trkpt lat="30.625027" lon="104.17445">
        <time>2026-05-17T13:14:16Z</time>
      </trkpt>
      <trkpt lat="30.624998" lon="104.17454">
        <time>2026-05-17T13:14:17Z</time>
      </trkpt>
      <trkpt lat="30.624966" lon="104.17462">
        <time>2026-05-17T13:14:18Z</time>
      </trkpt>
      <trkpt lat="30.624935" lon="104.17471">
        <time>2026-05-17T13:14:19Z</time>
      </trkpt>
      <trkpt lat="30.624907" lon="104.17479">
        <time>2026-05-17T13:14:20Z</time>
      </trkpt>
      <trkpt lat="30.62488" lon="104.174866">
        <time>2026-05-17T13:14:21Z</time>
      </trkpt>
      <trkpt lat="30.624853" lon="104.17495">
        <time>2026-05-17T13:14:22Z</time>
      </trkpt>
      <trkpt lat="30.624823" lon="104.17504">
        <time>2026-05-17T13:14:23Z</time>
      </trkpt>
      <trkpt lat="30.624796" lon="104.175125">
        <time>2026-05-17T13:14:24Z</time>
      </trkpt>
      <trkpt lat="30.624767" lon="104.17521">
        <time>2026-05-17T13:14:25Z</time>
      </trkpt>
      <trkpt lat="30.624733" lon="104.1753">
        <time>2026-05-17T13:14:26Z</time>
      </trkpt>
      <trkpt lat="30.624699" lon="104.175385">
        <time>2026-05-17T13:14:27Z</time>
      </trkpt>
      <trkpt lat="30.624666" lon="104.175476">
        <time>2026-05-17T13:14:28Z</time>
      </trkpt>
      <trkpt lat="30.624638" lon="104.17556">
        <time>2026-05-17T13:14:29Z</time>
      </trkpt>
      <trkpt lat="30.62461" lon="104.17565">
        <time>2026-05-17T13:14:30Z</time>
      </trkpt>
      <trkpt lat="30.624582" lon="104.17574">
        <time>2026-05-17T13:14:31Z</time>
      </trkpt>
      <trkpt lat="30.62455" lon="104.175835">
        <time>2026-05-17T13:14:32Z</time>
      </trkpt>
      <trkpt lat="30.624517" lon="104.17593">
        <time>2026-05-17T13:14:33Z</time>
      </trkpt>
      <trkpt lat="30.624485" lon="104.17602">
        <time>2026-05-17T13:14:34Z</time>
      </trkpt>
      <trkpt lat="30.62445" lon="104.1761">
        <time>2026-05-17T13:14:35Z</time>
      </trkpt>
      <trkpt lat="30.624414" lon="104.17619">
        <time>2026-05-17T13:14:36Z</time>
      </trkpt>
      <trkpt lat="30.62438" lon="104.176285">
        <time>2026-05-17T13:14:37Z</time>
      </trkpt>
      <trkpt lat="30.624348" lon="104.17638">
        <time>2026-05-17T13:14:38Z</time>
      </trkpt>
      <trkpt lat="30.624315" lon="104.17647">
        <time>2026-05-17T13:14:39Z</time>
      </trkpt>
      <trkpt lat="30.624277" lon="104.17657">
        <time>2026-05-17T13:14:40Z</time>
      </trkpt>
      <trkpt lat="30.62424" lon="104.17666">
        <time>2026-05-17T13:14:41Z</time>
      </trkpt>
      <trkpt lat="30.62421" lon="104.17675">
        <time>2026-05-17T13:14:42Z</time>
      </trkpt>
      <trkpt lat="30.624176" lon="104.17684">
        <time>2026-05-17T13:14:43Z</time>
      </trkpt>
      <trkpt lat="30.624142" lon="104.17694">
        <time>2026-05-17T13:14:44Z</time>
      </trkpt>
      <trkpt lat="30.624111" lon="104.17703">
        <time>2026-05-17T13:14:45Z</time>
      </trkpt>
      <trkpt lat="30.62408" lon="104.177124">
        <time>2026-05-17T13:14:46Z</time>
      </trkpt>
      <trkpt lat="30.62405" lon="104.17722">
        <time>2026-05-17T13:14:47Z</time>
      </trkpt>
      <trkpt lat="30.624018" lon="104.177315">
        <time>2026-05-17T13:14:48Z</time>
      </trkpt>
      <trkpt lat="30.623987" lon="104.17741">
        <time>2026-05-17T13:14:49Z</time>
      </trkpt>
      <trkpt lat="30.623953" lon="104.1775">
        <time>2026-05-17T13:14:50Z</time>
      </trkpt>
      <trkpt lat="30.623924" lon="104.17759">
        <time>2026-05-17T13:14:51Z</time>
      </trkpt>
      <trkpt lat="30.623894" lon="104.17768">
        <time>2026-05-17T13:14:52Z</time>
      </trkpt>
      <trkpt lat="30.623865" lon="104.177765">
        <time>2026-05-17T13:14:53Z</time>
      </trkpt>
      <trkpt lat="30.623838" lon="104.17786">
        <time>2026-05-17T13:14:54Z</time>
      </trkpt>
      <trkpt lat="30.62381" lon="104.17795">
        <time>2026-05-17T13:14:55Z</time>
      </trkpt>
      <trkpt lat="30.623777" lon="104.17803">
        <time>2026-05-17T13:14:56Z</time>
      </trkpt>
      <trkpt lat="30.623747" lon="104.178116">
        <time>2026-05-17T13:14:57Z</time>
      </trkpt>
      <trkpt lat="30.623716" lon="104.1782">
        <time>2026-05-17T13:14:58Z</time>
      </trkpt>
      <trkpt lat="30.623686" lon="104.17828">
        <time>2026-05-17T13:14:59Z</time>
      </trkpt>
      <trkpt lat="30.623653" lon="104.17836">
        <time>2026-05-17T13:15:00Z</time>
      </trkpt>
      <trkpt lat="30.623621" lon="104.17844">
        <time>2026-05-17T13:15:01Z</time>
      </trkpt>
      <trkpt lat="30.62359" lon="104.17851">
        <time>2026-05-17T13:15:02Z</time>
      </trkpt>
      <trkpt lat="30.62356" lon="104.17859">
        <time>2026-05-17T13:15:03Z</time>
      </trkpt>
      <trkpt lat="30.623531" lon="104.178665">
        <time>2026-05-17T13:15:04Z</time>
      </trkpt>
      <trkpt lat="30.623503" lon="104.17874">
        <time>2026-05-17T13:15:05Z</time>
      </trkpt>
      <trkpt lat="30.623474" lon="104.17882">
        <time>2026-05-17T13:15:06Z</time>
      </trkpt>
      <trkpt lat="30.623447" lon="104.178894">
        <time>2026-05-17T13:15:07Z</time>
      </trkpt>
      <trkpt lat="30.62342" lon="104.17896">
        <time>2026-05-17T13:15:08Z</time>
      </trkpt>
      <trkpt lat="30.623394" lon="104.17903">
        <time>2026-05-17T13:15:09Z</time>
      </trkpt>
      <trkpt lat="30.623367" lon="104.17911">
        <time>2026-05-17T13:15:10Z</time>
      </trkpt>
      <trkpt lat="30.623343" lon="104.17918">
        <time>2026-05-17T13:15:11Z</time>
      </trkpt>
      <trkpt lat="30.623323" lon="104.17924">
        <time>2026-05-17T13:15:12Z</time>
      </trkpt>
      <trkpt lat="30.623302" lon="104.17931">
        <time>2026-05-17T13:15:13Z</time>
      </trkpt>
      <trkpt lat="30.623278" lon="104.179375">
        <time>2026-05-17T13:15:14Z</time>
      </trkpt>
      <trkpt lat="30.623253" lon="104.17945">
        <time>2026-05-17T13:15:15Z</time>
      </trkpt>
      <trkpt lat="30.623226" lon="104.17953">
        <time>2026-05-17T13:15:16Z</time>
      </trkpt>
      <trkpt lat="30.623203" lon="104.179596">
        <time>2026-05-17T13:15:17Z</time>
      </trkpt>
      <trkpt lat="30.62318" lon="104.179665">
        <time>2026-05-17T13:15:18Z</time>
      </trkpt>
      <trkpt lat="30.623158" lon="104.17973">
        <time>2026-05-17T13:15:19Z</time>
      </trkpt>
      <trkpt lat="30.623133" lon="104.1798">
        <time>2026-05-17T13:15:20Z</time>
      </trkpt>
      <trkpt lat="30.62311" lon="104.17986">
        <time>2026-05-17T13:15:21Z</time>
      </trkpt>
      <trkpt lat="30.623087" lon="104.179924">
        <time>2026-05-17T13:15:22Z</time>
      </trkpt>
      <trkpt lat="30.623062" lon="104.17998">
        <time>2026-05-17T13:15:23Z</time>
      </trkpt>
      <trkpt lat="30.623034" lon="104.18004">
        <time>2026-05-17T13:15:24Z</time>
      </trkpt>
      <trkpt lat="30.623007" lon="104.18009">
        <time>2026-05-17T13:15:25Z</time>
      </trkpt>
      <trkpt lat="30.622984" lon="104.180145">
        <time>2026-05-17T13:15:26Z</time>
      </trkpt>
      <trkpt lat="30.622961" lon="104.1802">
        <time>2026-05-17T13:15:27Z</time>
      </trkpt>
      <trkpt lat="30.622944" lon="104.18025">
        <time>2026-05-17T13:15:28Z</time>
      </trkpt>
      <trkpt lat="30.622923" lon="104.180305">
        <time>2026-05-17T13:15:29Z</time>
      </trkpt>
      <trkpt lat="30.622906" lon="104.18036">
        <time>2026-05-17T13:15:30Z</time>
      </trkpt>
      <trkpt lat="30.622889" lon="104.18041">
        <time>2026-05-17T13:15:31Z</time>
      </trkpt>
      <trkpt lat="30.622871" lon="104.18046">
        <time>2026-05-17T13:15:32Z</time>
      </trkpt>
      <trkpt lat="30.622854" lon="104.180504">
        <time>2026-05-17T13:15:33Z</time>
      </trkpt>
      <trkpt lat="30.622843" lon="104.18055">
        <time>2026-05-17T13:15:34Z</time>
      </trkpt>
      <trkpt lat="30.62283" lon="104.1806">
        <time>2026-05-17T13:15:35Z</time>
      </trkpt>
      <trkpt lat="30.62282" lon="104.18064">
        <time>2026-05-17T13:15:36Z</time>
      </trkpt>
      <trkpt lat="30.62281" lon="104.18069">
        <time>2026-05-17T13:15:37Z</time>
      </trkpt>
      <trkpt lat="30.622797" lon="104.18073">
        <time>2026-05-17T13:15:38Z</time>
      </trkpt>
      <trkpt lat="30.622782" lon="104.18078">
        <time>2026-05-17T13:15:39Z</time>
      </trkpt>
      <trkpt lat="30.622766" lon="104.180824">
        <time>2026-05-17T13:15:40Z</time>
      </trkpt>
      <trkpt lat="30.622751" lon="104.18086">
        <time>2026-05-17T13:15:41Z</time>
      </trkpt>
      <trkpt lat="30.622734" lon="104.18091">
        <time>2026-05-17T13:15:42Z</time>
      </trkpt>
      <trkpt lat="30.622719" lon="104.18095">
        <time>2026-05-17T13:15:43Z</time>
      </trkpt>
      <trkpt lat="30.622704" lon="104.18099">
        <time>2026-05-17T13:15:44Z</time>
      </trkpt>
      <trkpt lat="30.62269" lon="104.18102">
        <time>2026-05-17T13:15:45Z</time>
      </trkpt>
      <trkpt lat="30.62268" lon="104.18107">
        <time>2026-05-17T13:15:46Z</time>
      </trkpt>
      <trkpt lat="30.622667" lon="104.18111">
        <time>2026-05-17T13:15:47Z</time>
      </trkpt>
      <trkpt lat="30.622652" lon="104.18115">
        <time>2026-05-17T13:15:48Z</time>
      </trkpt>
      <trkpt lat="30.622637" lon="104.18119">
        <time>2026-05-17T13:15:49Z</time>
      </trkpt>
      <trkpt lat="30.622618" lon="104.18124">
        <time>2026-05-17T13:15:50Z</time>
      </trkpt>
      <trkpt lat="30.6226" lon="104.18128">
        <time>2026-05-17T13:15:51Z</time>
      </trkpt>
      <trkpt lat="30.622587" lon="104.18132">
        <time>2026-05-17T13:15:52Z</time>
      </trkpt>
      <trkpt lat="30.622572" lon="104.18136">
        <time>2026-05-17T13:15:53Z</time>
      </trkpt>
      <trkpt lat="30.62256" lon="104.1814">
        <time>2026-05-17T13:15:54Z</time>
      </trkpt>
      <trkpt lat="30.622545" lon="104.18144">
        <time>2026-05-17T13:15:55Z</time>
      </trkpt>
      <trkpt lat="30.622524" lon="104.18148">
        <time>2026-05-17T13:15:56Z</time>
      </trkpt>
      <trkpt lat="30.62251" lon="104.181526">
        <time>2026-05-17T13:15:57Z</time>
      </trkpt>
      <trkpt lat="30.622494" lon="104.18157">
        <time>2026-05-17T13:15:58Z</time>
      </trkpt>
      <trkpt lat="30.622475" lon="104.181625">
        <time>2026-05-17T13:15:59Z</time>
      </trkpt>
      <trkpt lat="30.622458" lon="104.18167">
        <time>2026-05-17T13:16:00Z</time>
      </trkpt>
      <trkpt lat="30.622442" lon="104.181725">
        <time>2026-05-17T13:16:01Z</time>
      </trkpt>
      <trkpt lat="30.622425" lon="104.18177">
        <time>2026-05-17T13:16:02Z</time>
      </trkpt>
      <trkpt lat="30.622404" lon="104.18182">
        <time>2026-05-17T13:16:03Z</time>
      </trkpt>
      <trkpt lat="30.622385" lon="104.18187">
        <time>2026-05-17T13:16:04Z</time>
      </trkpt>
      <trkpt lat="30.622366" lon="104.181915">
        <time>2026-05-17T13:16:05Z</time>
      </trkpt>
      <trkpt lat="30.622349" lon="104.18197">
        <time>2026-05-17T13:16:06Z</time>
      </trkpt>
      <trkpt lat="30.62233" lon="104.18202">
        <time>2026-05-17T13:16:07Z</time>
      </trkpt>
      <trkpt lat="30.622314" lon="104.18207">
        <time>2026-05-17T13:16:08Z</time>
      </trkpt>
      <trkpt lat="30.622297" lon="104.18212">
        <time>2026-05-17T13:16:09Z</time>
      </trkpt>
      <trkpt lat="30.622282" lon="104.182175">
        <time>2026-05-17T13:16:10Z</time>
      </trkpt>
      <trkpt lat="30.622265" lon="104.18223">
        <time>2026-05-17T13:16:11Z</time>
      </trkpt>
      <trkpt lat="30.622253" lon="104.18228">
        <time>2026-05-17T13:16:12Z</time>
      </trkpt>
      <trkpt lat="30.62224" lon="104.182335">
        <time>2026-05-17T13:16:13Z</time>
      </trkpt>
      <trkpt lat="30.622229" lon="104.182396">
        <time>2026-05-17T13:16:14Z</time>
      </trkpt>
      <trkpt lat="30.622215" lon="104.18246">
        <time>2026-05-17T13:16:15Z</time>
      </trkpt>
      <trkpt lat="30.6222" lon="104.18251">
        <time>2026-05-17T13:16:16Z</time>
      </trkpt>
      <trkpt lat="30.622187" lon="104.18257">
        <time>2026-05-17T13:16:17Z</time>
      </trkpt>
      <trkpt lat="30.622173" lon="104.18263">
        <time>2026-05-17T13:16:18Z</time>
      </trkpt>
      <trkpt lat="30.622162" lon="104.18269">
        <time>2026-05-17T13:16:19Z</time>
      </trkpt>
      <trkpt lat="30.622147" lon="104.182755">
        <time>2026-05-17T13:16:20Z</time>
      </trkpt>
      <trkpt lat="30.62213" lon="104.18282">
        <time>2026-05-17T13:16:21Z</time>
      </trkpt>
      <trkpt lat="30.622114" lon="104.18289">
        <time>2026-05-17T13:16:22Z</time>
      </trkpt>
      <trkpt lat="30.622099" lon="104.18296">
        <time>2026-05-17T13:16:23Z</time>
      </trkpt>
      <trkpt lat="30.622082" lon="104.18302">
        <time>2026-05-17T13:16:24Z</time>
      </trkpt>
      <trkpt lat="30.622066" lon="104.18309">
        <time>2026-05-17T13:16:25Z</time>
      </trkpt>
      <trkpt lat="30.622047" lon="104.18317">
        <time>2026-05-17T13:16:26Z</time>
      </trkpt>
      <trkpt lat="30.622032" lon="104.183235">
        <time>2026-05-17T13:16:27Z</time>
      </trkpt>
      <trkpt lat="30.622013" lon="104.183304">
        <time>2026-05-17T13:16:28Z</time>
      </trkpt>
      <trkpt lat="30.621996" lon="104.18338">
        <time>2026-05-17T13:16:29Z</time>
      </trkpt>
      <trkpt lat="30.621977" lon="104.18345">
        <time>2026-05-17T13:16:30Z</time>
      </trkpt>
      <trkpt lat="30.62196" lon="104.183525">
        <time>2026-05-17T13:16:31Z</time>
      </trkpt>
      <trkpt lat="30.62194" lon="104.1836">
        <time>2026-05-17T13:16:32Z</time>
      </trkpt>
      <trkpt lat="30.621922" lon="104.18367">
        <time>2026-05-17T13:16:33Z</time>
      </trkpt>
      <trkpt lat="30.621902" lon="104.18375">
        <time>2026-05-17T13:16:34Z</time>
      </trkpt>
      <trkpt lat="30.621885" lon="104.18382">
        <time>2026-05-17T13:16:35Z</time>
      </trkpt>
      <trkpt lat="30.621866" lon="104.18391">
        <time>2026-05-17T13:16:36Z</time>
      </trkpt>
      <trkpt lat="30.621847" lon="104.18398">
        <time>2026-05-17T13:16:37Z</time>
      </trkpt>
      <trkpt lat="30.621828" lon="104.18406">
        <time>2026-05-17T13:16:38Z</time>
      </trkpt>
      <trkpt lat="30.62181" lon="104.18414">
        <time>2026-05-17T13:16:39Z</time>
      </trkpt>
      <trkpt lat="30.621792" lon="104.18423">
        <time>2026-05-17T13:16:40Z</time>
      </trkpt>
      <trkpt lat="30.621773" lon="104.1843">
        <time>2026-05-17T13:16:41Z</time>
      </trkpt>
      <trkpt lat="30.621754" lon="104.18439">
        <time>2026-05-17T13:16:42Z</time>
      </trkpt>
      <trkpt lat="30.621733" lon="104.18447">
        <time>2026-05-17T13:16:43Z</time>
      </trkpt>
      <trkpt lat="30.621714" lon="104.184555">
        <time>2026-05-17T13:16:44Z</time>
      </trkpt>
      <trkpt lat="30.621693" lon="104.18464">
        <time>2026-05-17T13:16:45Z</time>
      </trkpt>
      <trkpt lat="30.621674" lon="104.184715">
        <time>2026-05-17T13:16:46Z</time>
      </trkpt>
      <trkpt lat="30.621653" lon="104.1848">
        <time>2026-05-17T13:16:47Z</time>
      </trkpt>
      <trkpt lat="30.621634" lon="104.18488">
        <time>2026-05-17T13:16:48Z</time>
      </trkpt>
      <trkpt lat="30.62161" lon="104.18497">
        <time>2026-05-17T13:16:49Z</time>
      </trkpt>
      <trkpt lat="30.62159" lon="104.18504">
        <time>2026-05-17T13:16:50Z</time>
      </trkpt>
      <trkpt lat="30.621572" lon="104.185135">
        <time>2026-05-17T13:16:51Z</time>
      </trkpt>
      <trkpt lat="30.621557" lon="104.18522">
        <time>2026-05-17T13:16:52Z</time>
      </trkpt>
      <trkpt lat="30.621546" lon="104.1853">
        <time>2026-05-17T13:16:53Z</time>
      </trkpt>
      <trkpt lat="30.621532" lon="104.18539">
        <time>2026-05-17T13:16:54Z</time>
      </trkpt>
      <trkpt lat="30.62152" lon="104.18547">
        <time>2026-05-17T13:16:55Z</time>
      </trkpt>
      <trkpt lat="30.621506" lon="104.185555">
        <time>2026-05-17T13:16:56Z</time>
      </trkpt>
      <trkpt lat="30.62149" lon="104.185646">
        <time>2026-05-17T13:16:57Z</time>
      </trkpt>
      <trkpt lat="30.621473" lon="104.18573">
        <time>2026-05-17T13:16:58Z</time>
      </trkpt>
      <trkpt lat="30.621458" lon="104.18582">
        <time>2026-05-17T13:16:59Z</time>
      </trkpt>
      <trkpt lat="30.62144" lon="104.18591">
        <time>2026-05-17T13:17:00Z</time>
      </trkpt>
      <trkpt lat="30.621424" lon="104.186005">
        <time>2026-05-17T13:17:01Z</time>
      </trkpt>
      <trkpt lat="30.621408" lon="104.1861">
        <time>2026-05-17T13:17:02Z</time>
      </trkpt>
      <trkpt lat="30.621393" lon="104.186195">
        <time>2026-05-17T13:17:03Z</time>
      </trkpt>
      <trkpt lat="30.621376" lon="104.18629">
        <time>2026-05-17T13:17:04Z</time>
      </trkpt>
      <trkpt lat="30.621359" lon="104.18638">
        <time>2026-05-17T13:17:05Z</time>
      </trkpt>
      <trkpt lat="30.621342" lon="104.18648">
        <time>2026-05-17T13:17:06Z</time>
      </trkpt>
      <trkpt lat="30.621323" lon="104.18658">
        <time>2026-05-17T13:17:07Z</time>
      </trkpt>
      <trkpt lat="30.621305" lon="104.18667">
        <time>2026-05-17T13:17:08Z</time>
      </trkpt>
      <trkpt lat="30.621288" lon="104.18677">
        <time>2026-05-17T13:17:09Z</time>
      </trkpt>
      <trkpt lat="30.621273" lon="104.18687">
        <time>2026-05-17T13:17:10Z</time>
      </trkpt>
      <trkpt lat="30.621258" lon="104.18697">
        <time>2026-05-17T13:17:11Z</time>
      </trkpt>
      <trkpt lat="30.621243" lon="104.18707">
        <time>2026-05-17T13:17:12Z</time>
      </trkpt>
      <trkpt lat="30.621223" lon="104.18717">
        <time>2026-05-17T13:17:13Z</time>
      </trkpt>
      <trkpt lat="30.621204" lon="104.18727">
        <time>2026-05-17T13:17:14Z</time>
      </trkpt>
      <trkpt lat="30.621185" lon="104.18737">
        <time>2026-05-17T13:17:15Z</time>
      </trkpt>
      <trkpt lat="30.621166" lon="104.18747">
        <time>2026-05-17T13:17:16Z</time>
      </trkpt>
      <trkpt lat="30.62115" lon="104.18757">
        <time>2026-05-17T13:17:17Z</time>
      </trkpt>
      <trkpt lat="30.621132" lon="104.18767">
        <time>2026-05-17T13:17:18Z</time>
      </trkpt>
      <trkpt lat="30.621115" lon="104.18777">
        <time>2026-05-17T13:17:19Z</time>
      </trkpt>
      <trkpt lat="30.621098" lon="104.18786">
        <time>2026-05-17T13:17:20Z</time>
      </trkpt>
      <trkpt lat="30.621078" lon="104.18795">
        <time>2026-05-17T13:17:21Z</time>
      </trkpt>
      <trkpt lat="30.621058" lon="104.18805">
        <time>2026-05-17T13:17:22Z</time>
      </trkpt>
      <trkpt lat="30.621035" lon="104.18814">
        <time>2026-05-17T13:17:23Z</time>
      </trkpt>
      <trkpt lat="30.621016" lon="104.18823">
        <time>2026-05-17T13:17:24Z</time>
      </trkpt>
      <trkpt lat="30.621002" lon="104.18833">
        <time>2026-05-17T13:17:25Z</time>
      </trkpt>
      <trkpt lat="30.620987" lon="104.188416">
        <time>2026-05-17T13:17:26Z</time>
      </trkpt>
      <trkpt lat="30.620974" lon="104.18851">
        <time>2026-05-17T13:17:27Z</time>
      </trkpt>
      <trkpt lat="30.62096" lon="104.1886">
        <time>2026-05-17T13:17:28Z</time>
      </trkpt>
      <trkpt lat="30.620945" lon="104.18869">
        <time>2026-05-17T13:17:29Z</time>
      </trkpt>
      <trkpt lat="30.620926" lon="104.188774">
        <time>2026-05-17T13:17:30Z</time>
      </trkpt>
      <trkpt lat="30.620913" lon="104.18886">
        <time>2026-05-17T13:17:31Z</time>
      </trkpt>
      <trkpt lat="30.620895" lon="104.18894">
        <time>2026-05-17T13:17:32Z</time>
      </trkpt>
      <trkpt lat="30.620882" lon="104.189026">
        <time>2026-05-17T13:17:33Z</time>
      </trkpt>
      <trkpt lat="30.620867" lon="104.18911">
        <time>2026-05-17T13:17:34Z</time>
      </trkpt>
      <trkpt lat="30.620852" lon="104.189186">
        <time>2026-05-17T13:17:35Z</time>
      </trkpt>
      <trkpt lat="30.620834" lon="104.18927">
        <time>2026-05-17T13:17:36Z</time>
      </trkpt>
      <trkpt lat="30.62082" lon="104.18935">
        <time>2026-05-17T13:17:37Z</time>
      </trkpt>
      <trkpt lat="30.620802" lon="104.18942">
        <time>2026-05-17T13:17:38Z</time>
      </trkpt>
      <trkpt lat="30.620789" lon="104.18951">
        <time>2026-05-17T13:17:39Z</time>
      </trkpt>
      <trkpt lat="30.620773" lon="104.18958">
        <time>2026-05-17T13:17:40Z</time>
      </trkpt>
      <trkpt lat="30.620758" lon="104.18966">
        <time>2026-05-17T13:17:41Z</time>
      </trkpt>
      <trkpt lat="30.620743" lon="104.18974">
        <time>2026-05-17T13:17:42Z</time>
      </trkpt>
      <trkpt lat="30.620728" lon="104.18981">
        <time>2026-05-17T13:17:43Z</time>
      </trkpt>
      <trkpt lat="30.62071" lon="104.18989">
        <time>2026-05-17T13:17:44Z</time>
      </trkpt>
      <trkpt lat="30.620695" lon="104.189964">
        <time>2026-05-17T13:17:45Z</time>
      </trkpt>
      <trkpt lat="30.620678" lon="104.19005">
        <time>2026-05-17T13:17:46Z</time>
      </trkpt>
      <trkpt lat="30.620663" lon="104.19012">
        <time>2026-05-17T13:17:47Z</time>
      </trkpt>
      <trkpt lat="30.620646" lon="104.19019">
        <time>2026-05-17T13:17:48Z</time>
      </trkpt>
      <trkpt lat="30.62063" lon="104.19028">
        <time>2026-05-17T13:17:49Z</time>
      </trkpt>
      <trkpt lat="30.620615" lon="104.19035">
        <time>2026-05-17T13:17:50Z</time>
      </trkpt>
      <trkpt lat="30.6206" lon="104.19043">
        <time>2026-05-17T13:17:51Z</time>
      </trkpt>
      <trkpt lat="30.620583" lon="104.190506">
        <time>2026-05-17T13:17:52Z</time>
      </trkpt>
      <trkpt lat="30.620567" lon="104.19058">
        <time>2026-05-17T13:17:53Z</time>
      </trkpt>
      <trkpt lat="30.62055" lon="104.19066">
        <time>2026-05-17T13:17:54Z</time>
      </trkpt>
      <trkpt lat="30.620533" lon="104.190735">
        <time>2026-05-17T13:17:55Z</time>
      </trkpt>
      <trkpt lat="30.620518" lon="104.1908">
        <time>2026-05-17T13:17:56Z</time>
      </trkpt>
      <trkpt lat="30.620502" lon="104.19089">
        <time>2026-05-17T13:17:57Z</time>
      </trkpt>
      <trkpt lat="30.62049" lon="104.19096">
        <time>2026-05-17T13:17:58Z</time>
      </trkpt>
      <trkpt lat="30.620474" lon="104.19104">
        <time>2026-05-17T13:17:59Z</time>
      </trkpt>
      <trkpt lat="30.620459" lon="104.19112">
        <time>2026-05-17T13:18:00Z</time>
      </trkpt>
      <trkpt lat="30.62045" lon="104.19119">
        <time>2026-05-17T13:18:01Z</time>
      </trkpt>
      <trkpt lat="30.620432" lon="104.19126">
        <time>2026-05-17T13:18:02Z</time>
      </trkpt>
      <trkpt lat="30.620417" lon="104.191345">
        <time>2026-05-17T13:18:03Z</time>
      </trkpt>
      <trkpt lat="30.620405" lon="104.191414">
        <time>2026-05-17T13:18:04Z</time>
      </trkpt>
      <trkpt lat="30.62039" lon="104.19149">
        <time>2026-05-17T13:18:05Z</time>
      </trkpt>
      <trkpt lat="30.620375" lon="104.19157">
        <time>2026-05-17T13:18:06Z</time>
      </trkpt>
      <trkpt lat="30.62036" lon="104.191635">
        <time>2026-05-17T13:18:07Z</time>
      </trkpt>
      <trkpt lat="30.620346" lon="104.19171">
        <time>2026-05-17T13:18:08Z</time>
      </trkpt>
      <trkpt lat="30.62033" lon="104.19178">
        <time>2026-05-17T13:18:09Z</time>
      </trkpt>
      <trkpt lat="30.62032" lon="104.19185">
        <time>2026-05-17T13:18:10Z</time>
      </trkpt>
      <trkpt lat="30.620308" lon="104.19192">
        <time>2026-05-17T13:18:11Z</time>
      </trkpt>
      <trkpt lat="30.620293" lon="104.19199">
        <time>2026-05-17T13:18:12Z</time>
      </trkpt>
      <trkpt lat="30.62028" lon="104.19207">
        <time>2026-05-17T13:18:13Z</time>
      </trkpt>
      <trkpt lat="30.620264" lon="104.19214">
        <time>2026-05-17T13:18:14Z</time>
      </trkpt>
      <trkpt lat="30.62025" lon="104.192215">
        <time>2026-05-17T13:18:15Z</time>
      </trkpt>
      <trkpt lat="30.620235" lon="104.19228">
        <time>2026-05-17T13:18:16Z</time>
      </trkpt>
      <trkpt lat="30.62022" lon="104.19236">
        <time>2026-05-17T13:18:17Z</time>
      </trkpt>
      <trkpt lat="30.620203" lon="104.19243">
        <time>2026-05-17T13:18:18Z</time>
      </trkpt>
      <trkpt lat="30.620186" lon="104.192505">
        <time>2026-05-17T13:18:19Z</time>
      </trkpt>
      <trkpt lat="30.620173" lon="104.19258">
        <time>2026-05-17T13:18:20Z</time>
      </trkpt>
      <trkpt lat="30.620157" lon="104.19265">
        <time>2026-05-17T13:18:21Z</time>
      </trkpt>
      <trkpt lat="30.62015" lon="104.19273">
        <time>2026-05-17T13:18:22Z</time>
      </trkpt>
      <trkpt lat="30.620142" lon="104.19281">
        <time>2026-05-17T13:18:23Z</time>
      </trkpt>
      <trkpt lat="30.620132" lon="104.192894">
        <time>2026-05-17T13:18:24Z</time>
      </trkpt>
      <trkpt lat="30.620123" lon="104.19297">
        <time>2026-05-17T13:18:25Z</time>
      </trkpt>
      <trkpt lat="30.620117" lon="104.193054">
        <time>2026-05-17T13:18:26Z</time>
      </trkpt>
      <trkpt lat="30.620108" lon="104.19314">
        <time>2026-05-17T13:18:27Z</time>
      </trkpt>
      <trkpt lat="30.620092" lon="104.19322">
        <time>2026-05-17T13:18:28Z</time>
      </trkpt>
      <trkpt lat="30.620075" lon="104.193306">
        <time>2026-05-17T13:18:29Z</time>
      </trkpt>
      <trkpt lat="30.62005" lon="104.19339">
        <time>2026-05-17T13:18:30Z</time>
      </trkpt>
      <trkpt lat="30.620026" lon="104.19347">
        <time>2026-05-17T13:18:31Z</time>
      </trkpt>
      <trkpt lat="30.620003" lon="104.19354">
        <time>2026-05-17T13:18:32Z</time>
      </trkpt>
      <trkpt lat="30.619984" lon="104.19363">
        <time>2026-05-17T13:18:33Z</time>
      </trkpt>
      <trkpt lat="30.61996" lon="104.19371">
        <time>2026-05-17T13:18:34Z</time>
      </trkpt>
      <trkpt lat="30.619936" lon="104.19379">
        <time>2026-05-17T13:18:35Z</time>
      </trkpt>
      <trkpt lat="30.619913" lon="104.19386">
        <time>2026-05-17T13:18:36Z</time>
      </trkpt>
      <trkpt lat="30.619892" lon="104.19393">
        <time>2026-05-17T13:18:37Z</time>
      </trkpt>
      <trkpt lat="30.619875" lon="104.19401">
        <time>2026-05-17T13:18:38Z</time>
      </trkpt>
      <trkpt lat="30.619858" lon="104.194084">
        <time>2026-05-17T13:18:39Z</time>
      </trkpt>
      <trkpt lat="30.61984" lon="104.19417">
        <time>2026-05-17T13:18:40Z</time>
      </trkpt>
      <trkpt lat="30.619823" lon="104.19425">
        <time>2026-05-17T13:18:41Z</time>
      </trkpt>
      <trkpt lat="30.619802" lon="104.19434">
        <time>2026-05-17T13:18:42Z</time>
      </trkpt>
      <trkpt lat="30.619785" lon="104.19443">
        <time>2026-05-17T13:18:43Z</time>
      </trkpt>
      <trkpt lat="30.61976" lon="104.19451">
        <time>2026-05-17T13:18:44Z</time>
      </trkpt>
      <trkpt lat="30.61974" lon="104.194595">
        <time>2026-05-17T13:18:45Z</time>
      </trkpt>
      <trkpt lat="30.619722" lon="104.19469">
        <time>2026-05-17T13:18:46Z</time>
      </trkpt>
      <trkpt lat="30.619707" lon="104.19477">
        <time>2026-05-17T13:18:47Z</time>
      </trkpt>
      <trkpt lat="30.619694" lon="104.194855">
        <time>2026-05-17T13:18:48Z</time>
      </trkpt>
      <trkpt lat="30.619682" lon="104.19495">
        <time>2026-05-17T13:18:49Z</time>
      </trkpt>
      <trkpt lat="30.61967" lon="104.19504">
        <time>2026-05-17T13:18:50Z</time>
      </trkpt>
      <trkpt lat="30.619667" lon="104.19512">
        <time>2026-05-17T13:18:51Z</time>
      </trkpt>
      <trkpt lat="30.619669" lon="104.195206">
        <time>2026-05-17T13:18:52Z</time>
      </trkpt>
      <trkpt lat="30.619677" lon="104.19528">
        <time>2026-05-17T13:18:53Z</time>
      </trkpt>
      <trkpt lat="30.619696" lon="104.19536">
        <time>2026-05-17T13:18:54Z</time>
      </trkpt>
      <trkpt lat="30.61971" lon="104.19544">
        <time>2026-05-17T13:18:55Z</time>
      </trkpt>
      <trkpt lat="30.61972" lon="104.19552">
        <time>2026-05-17T13:18:56Z</time>
      </trkpt>
      <trkpt lat="30.619728" lon="104.195595">
        <time>2026-05-17T13:18:57Z</time>
      </trkpt>
      <trkpt lat="30.619741" lon="104.19568">
        <time>2026-05-17T13:18:58Z</time>
      </trkpt>
      <trkpt lat="30.619762" lon="104.19576">
        <time>2026-05-17T13:18:59Z</time>
      </trkpt>
      <trkpt lat="30.619781" lon="104.19585">
        <time>2026-05-17T13:19:00Z</time>
      </trkpt>
      <trkpt lat="30.619802" lon="104.19592">
        <time>2026-05-17T13:19:01Z</time>
      </trkpt>
      <trkpt lat="30.61982" lon="104.196014">
        <time>2026-05-17T13:19:02Z</time>
      </trkpt>
      <trkpt lat="30.619831" lon="104.1963">
        <time>2026-05-17T13:19:05Z</time>
      </trkpt>
      <trkpt lat="30.619837" lon="104.19639">
        <time>2026-05-17T13:19:06Z</time>
      </trkpt>
      <trkpt lat="30.619856" lon="104.19648">
        <time>2026-05-17T13:19:07Z</time>
      </trkpt>
      <trkpt lat="30.619865" lon="104.19657">
        <time>2026-05-17T13:19:08Z</time>
      </trkpt>
      <trkpt lat="30.619871" lon="104.19665">
        <time>2026-05-17T13:19:09Z</time>
      </trkpt>
      <trkpt lat="30.61987" lon="104.19673">
        <time>2026-05-17T13:19:10Z</time>
      </trkpt>
      <trkpt lat="30.619864" lon="104.1968">
        <time>2026-05-17T13:19:11Z</time>
      </trkpt>
      <trkpt lat="30.619858" lon="104.19688">
        <time>2026-05-17T13:19:12Z</time>
      </trkpt>
      <trkpt lat="30.6196" lon="104.197136">
        <time>2026-05-17T13:19:16Z</time>
      </trkpt>
      <trkpt lat="30.61952" lon="104.197174">
        <time>2026-05-17T13:19:17Z</time>
      </trkpt>
      <trkpt lat="30.619497" lon="104.19723">
        <time>2026-05-17T13:19:18Z</time>
      </trkpt>
      <trkpt lat="30.619473" lon="104.19731">
        <time>2026-05-17T13:19:19Z</time>
      </trkpt>
      <trkpt lat="30.619453" lon="104.19739">
        <time>2026-05-17T13:19:20Z</time>
      </trkpt>
      <trkpt lat="30.619438" lon="104.19747">
        <time>2026-05-17T13:19:21Z</time>
      </trkpt>
      <trkpt lat="30.619425" lon="104.197556">
        <time>2026-05-17T13:19:22Z</time>
      </trkpt>
      <trkpt lat="30.619408" lon="104.197624">
        <time>2026-05-17T13:19:23Z</time>
      </trkpt>
      <trkpt lat="30.619392" lon="104.19769">
        <time>2026-05-17T13:19:24Z</time>
      </trkpt>
      <trkpt lat="30.619339" lon="104.19789">
        <time>2026-05-17T13:19:27Z</time>
      </trkpt>
      <trkpt lat="30.619238" lon="104.19817">
        <time>2026-05-17T13:19:30Z</time>
      </trkpt>
      <trkpt lat="30.61914" lon="104.198296">
        <time>2026-05-17T13:19:31Z</time>
      </trkpt>
      <trkpt lat="30.61909" lon="104.19839">
        <time>2026-05-17T13:19:32Z</time>
      </trkpt>
      <trkpt lat="30.619038" lon="104.19849">
        <time>2026-05-17T13:19:33Z</time>
      </trkpt>
      <trkpt lat="30.619005" lon="104.198586">
        <time>2026-05-17T13:19:34Z</time>
      </trkpt>
      <trkpt lat="30.618988" lon="104.19867">
        <time>2026-05-17T13:19:35Z</time>
      </trkpt>
      <trkpt lat="30.61897" lon="104.19877">
        <time>2026-05-17T13:19:36Z</time>
      </trkpt>
      <trkpt lat="30.618948" lon="104.19886">
        <time>2026-05-17T13:19:37Z</time>
      </trkpt>
      <trkpt lat="30.618935" lon="104.198944">
        <time>2026-05-17T13:19:38Z</time>
      </trkpt>
      <trkpt lat="30.618923" lon="104.199036">
        <time>2026-05-17T13:19:39Z</time>
      </trkpt>
      <trkpt lat="30.618914" lon="104.19911">
        <time>2026-05-17T13:19:40Z</time>
      </trkpt>
      <trkpt lat="30.618904" lon="104.19919">
        <time>2026-05-17T13:19:41Z</time>
      </trkpt>
      <trkpt lat="30.61889" lon="104.199265">
        <time>2026-05-17T13:19:42Z</time>
      </trkpt>
      <trkpt lat="30.618423" lon="104.20161">
        <time>2026-05-17T13:20:08Z</time>
      </trkpt>
      <trkpt lat="30.618408" lon="104.2017">
        <time>2026-05-17T13:20:09Z</time>
      </trkpt>
      <trkpt lat="30.618395" lon="104.2018">
        <time>2026-05-17T13:20:10Z</time>
      </trkpt>
      <trkpt lat="30.618378" lon="104.201904">
        <time>2026-05-17T13:20:11Z</time>
      </trkpt>
      <trkpt lat="30.618362" lon="104.202034">
        <time>2026-05-17T13:20:12Z</time>
      </trkpt>
      <trkpt lat="30.61835" lon="104.20214">
        <time>2026-05-17T13:20:13Z</time>
      </trkpt>
      <trkpt lat="30.618338" lon="104.202255">
        <time>2026-05-17T13:20:14Z</time>
      </trkpt>
      <trkpt lat="30.618328" lon="104.20237">
        <time>2026-05-17T13:20:15Z</time>
      </trkpt>
      <trkpt lat="30.618317" lon="104.202484">
        <time>2026-05-17T13:20:16Z</time>
      </trkpt>
      <trkpt lat="30.6183" lon="104.2026">
        <time>2026-05-17T13:20:17Z</time>
      </trkpt>
      <trkpt lat="30.618282" lon="104.20274">
        <time>2026-05-17T13:20:18Z</time>
      </trkpt>
      <trkpt lat="30.618265" lon="104.20289">
        <time>2026-05-17T13:20:19Z</time>
      </trkpt>
      <trkpt lat="30.618248" lon="104.20302">
        <time>2026-05-17T13:20:20Z</time>
      </trkpt>
      <trkpt lat="30.618233" lon="104.20314">
        <time>2026-05-17T13:20:21Z</time>
      </trkpt>
      <trkpt lat="30.618223" lon="104.20327">
        <time>2026-05-17T13:20:22Z</time>
      </trkpt>
      <trkpt lat="30.618204" lon="104.20339">
        <time>2026-05-17T13:20:23Z</time>
      </trkpt>
      <trkpt lat="30.618187" lon="104.203514">
        <time>2026-05-17T13:20:24Z</time>
      </trkpt>
      <trkpt lat="30.618174" lon="104.20363">
        <time>2026-05-17T13:20:25Z</time>
      </trkpt>
      <trkpt lat="30.618158" lon="104.20374">
        <time>2026-05-17T13:20:26Z</time>
      </trkpt>
      <trkpt lat="30.618141" lon="104.20386">
        <time>2026-05-17T13:20:27Z</time>
      </trkpt>
      <trkpt lat="30.61813" lon="104.20397">
        <time>2026-05-17T13:20:28Z</time>
      </trkpt>
      <trkpt lat="30.618116" lon="104.204094">
        <time>2026-05-17T13:20:29Z</time>
      </trkpt>
      <trkpt lat="30.618101" lon="104.2042">
        <time>2026-05-17T13:20:30Z</time>
      </trkpt>
      <trkpt lat="30.61809" lon="104.20431">
        <time>2026-05-17T13:20:31Z</time>
      </trkpt>
      <trkpt lat="30.618082" lon="104.20441">
        <time>2026-05-17T13:20:32Z</time>
      </trkpt>
      <trkpt lat="30.618069" lon="104.20453">
        <time>2026-05-17T13:20:33Z</time>
      </trkpt>
      <trkpt lat="30.618052" lon="104.20463">
        <time>2026-05-17T13:20:34Z</time>
      </trkpt>
      <trkpt lat="30.618036" lon="104.20473">
        <time>2026-05-17T13:20:35Z</time>
      </trkpt>
      <trkpt lat="30.618023" lon="104.20483">
        <time>2026-05-17T13:20:36Z</time>
      </trkpt>
      <trkpt lat="30.618006" lon="104.204926">
        <time>2026-05-17T13:20:37Z</time>
      </trkpt>
      <trkpt lat="30.617992" lon="104.205025">
        <time>2026-05-17T13:20:38Z</time>
      </trkpt>
      <trkpt lat="30.61798" lon="104.205124">
        <time>2026-05-17T13:20:39Z</time>
      </trkpt>
      <trkpt lat="30.617968" lon="104.205215">
        <time>2026-05-17T13:20:40Z</time>
      </trkpt>
      <trkpt lat="30.617954" lon="104.205315">
        <time>2026-05-17T13:20:41Z</time>
      </trkpt>
      <trkpt lat="30.61794" lon="104.205414">
        <time>2026-05-17T13:20:42Z</time>
      </trkpt>
      <trkpt lat="30.617928" lon="104.20551">
        <time>2026-05-17T13:20:43Z</time>
      </trkpt>
      <trkpt lat="30.617922" lon="104.2056">
        <time>2026-05-17T13:20:44Z</time>
      </trkpt>
      <trkpt lat="30.617916" lon="104.2057">
        <time>2026-05-17T13:20:45Z</time>
      </trkpt>
      <trkpt lat="30.617907" lon="104.20581">
        <time>2026-05-17T13:20:46Z</time>
      </trkpt>
      <trkpt lat="30.617897" lon="104.20591">
        <time>2026-05-17T13:20:47Z</time>
      </trkpt>
      <trkpt lat="30.617886" lon="104.20601">
        <time>2026-05-17T13:20:48Z</time>
      </trkpt>
      <trkpt lat="30.617874" lon="104.20609">
        <time>2026-05-17T13:20:49Z</time>
      </trkpt>
      <trkpt lat="30.617865" lon="104.206184">
        <time>2026-05-17T13:20:50Z</time>
      </trkpt>
      <trkpt lat="30.617855" lon="104.20627">
        <time>2026-05-17T13:20:51Z</time>
      </trkpt>
      <trkpt lat="30.617844" lon="104.206345">
        <time>2026-05-17T13:20:52Z</time>
      </trkpt>
      <trkpt lat="30.617834" lon="104.20643">
        <time>2026-05-17T13:20:53Z</time>
      </trkpt>
      <trkpt lat="30.617819" lon="104.20651">
        <time>2026-05-17T13:20:54Z</time>
      </trkpt>
      <trkpt lat="30.617802" lon="104.2066">
        <time>2026-05-17T13:20:55Z</time>
      </trkpt>
      <trkpt lat="30.617788" lon="104.20669">
        <time>2026-05-17T13:20:56Z</time>
      </trkpt>
      <trkpt lat="30.617779" lon="104.206764">
        <time>2026-05-17T13:20:57Z</time>
      </trkpt>
      <trkpt lat="30.617773" lon="104.20684">
        <time>2026-05-17T13:20:58Z</time>
      </trkpt>
      <trkpt lat="30.61777" lon="104.206924">
        <time>2026-05-17T13:20:59Z</time>
      </trkpt>
      <trkpt lat="30.617764" lon="104.207">
        <time>2026-05-17T13:21:00Z</time>
      </trkpt>
      <trkpt lat="30.617754" lon="104.20708">
        <time>2026-05-17T13:21:01Z</time>
      </trkpt>
      <trkpt lat="30.617739" lon="104.20715">
        <time>2026-05-17T13:21:02Z</time>
      </trkpt>
      <trkpt lat="30.617723" lon="104.207214">
        <time>2026-05-17T13:21:03Z</time>
      </trkpt>
      <trkpt lat="30.617712" lon="104.207275">
        <time>2026-05-17T13:21:04Z</time>
      </trkpt>
      <trkpt lat="30.617702" lon="104.20733">
        <time>2026-05-17T13:21:05Z</time>
      </trkpt>
      <trkpt lat="30.61769" lon="104.20742">
        <time>2026-05-17T13:21:06Z</time>
      </trkpt>
      <trkpt lat="30.617683" lon="104.2075">
        <time>2026-05-17T13:21:07Z</time>
      </trkpt>
      <trkpt lat="30.61768" lon="104.20757">
        <time>2026-05-17T13:21:08Z</time>
      </trkpt>
      <trkpt lat="30.617674" lon="104.20764">
        <time>2026-05-17T13:21:09Z</time>
      </trkpt>
      <trkpt lat="30.617662" lon="104.20771">
        <time>2026-05-17T13:21:10Z</time>
      </trkpt>
      <trkpt lat="30.617651" lon="104.20779">
        <time>2026-05-17T13:21:11Z</time>
      </trkpt>
      <trkpt lat="30.617641" lon="104.20785">
        <time>2026-05-17T13:21:12Z</time>
      </trkpt>
      <trkpt lat="30.617636" lon="104.207924">
        <time>2026-05-17T13:21:13Z</time>
      </trkpt>
      <trkpt lat="30.617636" lon="104.20801">
        <time>2026-05-17T13:21:14Z</time>
      </trkpt>
      <trkpt lat="30.617643" lon="104.20809">
        <time>2026-05-17T13:21:15Z</time>
      </trkpt>
      <trkpt lat="30.617645" lon="104.20817">
        <time>2026-05-17T13:21:16Z</time>
      </trkpt>
      <trkpt lat="30.617645" lon="104.20825">
        <time>2026-05-17T13:21:17Z</time>
      </trkpt>
      <trkpt lat="30.617647" lon="104.20833">
        <time>2026-05-17T13:21:18Z</time>
      </trkpt>
      <trkpt lat="30.617636" lon="104.20839">
        <time>2026-05-17T13:21:19Z</time>
      </trkpt>
      <trkpt lat="30.617624" lon="104.20846">
        <time>2026-05-17T13:21:20Z</time>
      </trkpt>
      <trkpt lat="30.61761" lon="104.20852">
        <time>2026-05-17T13:21:21Z</time>
      </trkpt>
      <trkpt lat="30.617596" lon="104.20858">
        <time>2026-05-17T13:21:22Z</time>
      </trkpt>
      <trkpt lat="30.617579" lon="104.20864">
        <time>2026-05-17T13:21:23Z</time>
      </trkpt>
      <trkpt lat="30.617561" lon="104.20871">
        <time>2026-05-17T13:21:24Z</time>
      </trkpt>
      <trkpt lat="30.617544" lon="104.20878">
        <time>2026-05-17T13:21:25Z</time>
      </trkpt>
      <trkpt lat="30.617521" lon="104.208855">
        <time>2026-05-17T13:21:26Z</time>
      </trkpt>
      <trkpt lat="30.617502" lon="104.20893">
        <time>2026-05-17T13:21:27Z</time>
      </trkpt>
      <trkpt lat="30.617477" lon="104.20899">
        <time>2026-05-17T13:21:28Z</time>
      </trkpt>
      <trkpt lat="30.617456" lon="104.20906">
        <time>2026-05-17T13:21:29Z</time>
      </trkpt>
      <trkpt lat="30.617434" lon="104.20912">
        <time>2026-05-17T13:21:30Z</time>
      </trkpt>
      <trkpt lat="30.617414" lon="104.20919">
        <time>2026-05-17T13:21:31Z</time>
      </trkpt>
      <trkpt lat="30.6174" lon="104.20925">
        <time>2026-05-17T13:21:32Z</time>
      </trkpt>
      <trkpt lat="30.617382" lon="104.209305">
        <time>2026-05-17T13:21:33Z</time>
      </trkpt>
      <trkpt lat="30.617369" lon="104.20936">
        <time>2026-05-17T13:21:34Z</time>
      </trkpt>
      <trkpt lat="30.61736" lon="104.209404">
        <time>2026-05-17T13:21:35Z</time>
      </trkpt>
      <trkpt lat="30.617352" lon="104.20945">
        <time>2026-05-17T13:21:36Z</time>
      </trkpt>
      <trkpt lat="30.61734" lon="104.20951">
        <time>2026-05-17T13:21:37Z</time>
      </trkpt>
      <trkpt lat="30.617332" lon="104.20956">
        <time>2026-05-17T13:21:38Z</time>
      </trkpt>
      <trkpt lat="30.617321" lon="104.20961">
        <time>2026-05-17T13:21:39Z</time>
      </trkpt>
      <trkpt lat="30.61731" lon="104.209656">
        <time>2026-05-17T13:21:40Z</time>
      </trkpt>
      <trkpt lat="30.617292" lon="104.20973">
        <time>2026-05-17T13:21:41Z</time>
      </trkpt>
      <trkpt lat="30.617275" lon="104.20981">
        <time>2026-05-17T13:21:42Z</time>
      </trkpt>
      <trkpt lat="30.617256" lon="104.20987">
        <time>2026-05-17T13:21:43Z</time>
      </trkpt>
      <trkpt lat="30.61724" lon="104.20992">
        <time>2026-05-17T13:21:44Z</time>
      </trkpt>
      <trkpt lat="30.617228" lon="104.209984">
        <time>2026-05-17T13:21:45Z</time>
      </trkpt>
      <trkpt lat="30.617212" lon="104.210045">
        <time>2026-05-17T13:21:46Z</time>
      </trkpt>
      <trkpt lat="30.617197" lon="104.2101">
        <time>2026-05-17T13:21:47Z</time>
      </trkpt>
      <trkpt lat="30.61718" lon="104.21016">
        <time>2026-05-17T13:21:48Z</time>
      </trkpt>
      <trkpt lat="30.617163" lon="104.21021">
        <time>2026-05-17T13:21:49Z</time>
      </trkpt>
      <trkpt lat="30.617151" lon="104.21026">
        <time>2026-05-17T13:21:50Z</time>
      </trkpt>
      <trkpt lat="30.617136" lon="104.210304">
        <time>2026-05-17T13:21:51Z</time>
      </trkpt>
      <trkpt lat="30.61712" lon="104.21036">
        <time>2026-05-17T13:21:52Z</time>
      </trkpt>
      <trkpt lat="30.617107" lon="104.21042">
        <time>2026-05-17T13:21:53Z</time>
      </trkpt>
      <trkpt lat="30.617092" lon="104.210464">
        <time>2026-05-17T13:21:54Z</time>
      </trkpt>
      <trkpt lat="30.617067" lon="104.2105">
        <time>2026-05-17T13:21:55Z</time>
      </trkpt>
      <trkpt lat="30.617046" lon="104.21054">
        <time>2026-05-17T13:21:56Z</time>
      </trkpt>
      <trkpt lat="30.617027" lon="104.21059">
        <time>2026-05-17T13:21:57Z</time>
      </trkpt>
      <trkpt lat="30.617016" lon="104.21064">
        <time>2026-05-17T13:21:58Z</time>
      </trkpt>
      <trkpt lat="30.617008" lon="104.21069">
        <time>2026-05-17T13:21:59Z</time>
      </trkpt>
      <trkpt lat="30.616999" lon="104.21076">
        <time>2026-05-17T13:22:00Z</time>
      </trkpt>
      <trkpt lat="30.61699" lon="104.21081">
        <time>2026-05-17T13:22:01Z</time>
      </trkpt>
      <trkpt lat="30.616985" lon="104.21085">
        <time>2026-05-17T13:22:02Z</time>
      </trkpt>
      <trkpt lat="30.61697" lon="104.21089">
        <time>2026-05-17T13:22:03Z</time>
      </trkpt>
      <trkpt lat="30.616957" lon="104.21094">
        <time>2026-05-17T13:22:04Z</time>
      </trkpt>
      <trkpt lat="30.616943" lon="104.21099">
        <time>2026-05-17T13:22:05Z</time>
      </trkpt>
      <trkpt lat="30.616934" lon="104.211044">
        <time>2026-05-17T13:22:06Z</time>
      </trkpt>
      <trkpt lat="30.61692" lon="104.2111">
        <time>2026-05-17T13:22:07Z</time>
      </trkpt>
      <trkpt lat="30.616905" lon="104.21115">
        <time>2026-05-17T13:22:08Z</time>
      </trkpt>
      <trkpt lat="30.616888" lon="104.2112">
        <time>2026-05-17T13:22:09Z</time>
      </trkpt>
      <trkpt lat="30.616877" lon="104.21124">
        <time>2026-05-17T13:22:10Z</time>
      </trkpt>
      <trkpt lat="30.616863" lon="104.211296">
        <time>2026-05-17T13:22:11Z</time>
      </trkpt>
      <trkpt lat="30.616846" lon="104.21134">
        <time>2026-05-17T13:22:12Z</time>
      </trkpt>
      <trkpt lat="30.616833" lon="104.211395">
        <time>2026-05-17T13:22:13Z</time>
      </trkpt>
      <trkpt lat="30.616817" lon="104.21145">
        <time>2026-05-17T13:22:14Z</time>
      </trkpt>
      <trkpt lat="30.616804" lon="104.2115">
        <time>2026-05-17T13:22:15Z</time>
      </trkpt>
      <trkpt lat="30.616783" lon="104.211586">
        <time>2026-05-17T13:22:17Z</time>
      </trkpt>
      <trkpt lat="30.61677" lon="104.21163">
        <time>2026-05-17T13:22:18Z</time>
      </trkpt>
      <trkpt lat="30.616764" lon="104.21167">
        <time>2026-05-17T13:22:19Z</time>
      </trkpt>
      <trkpt lat="30.616762" lon="104.21171">
        <time>2026-05-17T13:22:20Z</time>
      </trkpt>
      <trkpt lat="30.615606" lon="104.2144">
        <time>2026-05-17T13:23:04Z</time>
      </trkpt>
      <trkpt lat="30.615538" lon="104.21447">
        <time>2026-05-17T13:23:05Z</time>
      </trkpt>
      <trkpt lat="30.615492" lon="104.21454">
        <time>2026-05-17T13:23:06Z</time>
      </trkpt>
      <trkpt lat="30.615454" lon="104.21462">
        <time>2026-05-17T13:23:07Z</time>
      </trkpt>
      <trkpt lat="30.615429" lon="104.21471">
        <time>2026-05-17T13:23:08Z</time>
      </trkpt>
      <trkpt lat="30.615395" lon="104.21479">
        <time>2026-05-17T13:23:09Z</time>
      </trkpt>
      <trkpt lat="30.615376" lon="104.21487">
        <time>2026-05-17T13:23:10Z</time>
      </trkpt>
      <trkpt lat="30.61534" lon="104.21494">
        <time>2026-05-17T13:23:11Z</time>
      </trkpt>
      <trkpt lat="30.615313" lon="104.21503">
        <time>2026-05-17T13:23:12Z</time>
      </trkpt>
      <trkpt lat="30.615288" lon="104.21511">
        <time>2026-05-17T13:23:13Z</time>
      </trkpt>
      <trkpt lat="30.615263" lon="104.215195">
        <time>2026-05-17T13:23:14Z</time>
      </trkpt>
      <trkpt lat="30.615236" lon="104.21528">
        <time>2026-05-17T13:23:15Z</time>
      </trkpt>
      <trkpt lat="30.61521" lon="104.21537">
        <time>2026-05-17T13:23:16Z</time>
      </trkpt>
      <trkpt lat="30.615181" lon="104.21546">
        <time>2026-05-17T13:23:17Z</time>
      </trkpt>
      <trkpt lat="30.615156" lon="104.21554">
        <time>2026-05-17T13:23:18Z</time>
      </trkpt>
      <trkpt lat="30.615131" lon="104.21562">
        <time>2026-05-17T13:23:19Z</time>
      </trkpt>
      <trkpt lat="30.615107" lon="104.215706">
        <time>2026-05-17T13:23:20Z</time>
      </trkpt>
      <trkpt lat="30.61508" lon="104.21579">
        <time>2026-05-17T13:23:21Z</time>
      </trkpt>
      <trkpt lat="30.615051" lon="104.21588">
        <time>2026-05-17T13:23:22Z</time>
      </trkpt>
      <trkpt lat="30.615025" lon="104.215965">
        <time>2026-05-17T13:23:23Z</time>
      </trkpt>
      <trkpt lat="30.615" lon="104.21605">
        <time>2026-05-17T13:23:24Z</time>
      </trkpt>
      <trkpt lat="30.614971" lon="104.21613">
        <time>2026-05-17T13:23:25Z</time>
      </trkpt>
      <trkpt lat="30.614946" lon="104.21622">
        <time>2026-05-17T13:23:26Z</time>
      </trkpt>
      <trkpt lat="30.614922" lon="104.21631">
        <time>2026-05-17T13:23:27Z</time>
      </trkpt>
      <trkpt lat="30.614893" lon="104.21639">
        <time>2026-05-17T13:23:28Z</time>
      </trkpt>
      <trkpt lat="30.614866" lon="104.21648">
        <time>2026-05-17T13:23:29Z</time>
      </trkpt>
      <trkpt lat="30.614838" lon="104.21656">
        <time>2026-05-17T13:23:30Z</time>
      </trkpt>
      <trkpt lat="30.61481" lon="104.216644">
        <time>2026-05-17T13:23:31Z</time>
      </trkpt>
      <trkpt lat="30.614784" lon="104.21673">
        <time>2026-05-17T13:23:32Z</time>
      </trkpt>
      <trkpt lat="30.614758" lon="104.21681">
        <time>2026-05-17T13:23:33Z</time>
      </trkpt>
      <trkpt lat="30.61473" lon="104.2169">
        <time>2026-05-17T13:23:34Z</time>
      </trkpt>
      <trkpt lat="30.614706" lon="104.21698">
        <time>2026-05-17T13:23:35Z</time>
      </trkpt>
      <trkpt lat="30.614683" lon="104.21707">
        <time>2026-05-17T13:23:36Z</time>
      </trkpt>
      <trkpt lat="30.614658" lon="104.217155">
        <time>2026-05-17T13:23:37Z</time>
      </trkpt>
      <trkpt lat="30.61464" lon="104.21724">
        <time>2026-05-17T13:23:38Z</time>
      </trkpt>
      <trkpt lat="30.614614" lon="104.217316">
        <time>2026-05-17T13:23:39Z</time>
      </trkpt>
      <trkpt lat="30.614595" lon="104.21739">
        <time>2026-05-17T13:23:40Z</time>
      </trkpt>
      <trkpt lat="30.614573" lon="104.21747">
        <time>2026-05-17T13:23:41Z</time>
      </trkpt>
      <trkpt lat="30.614552" lon="104.21755">
        <time>2026-05-17T13:23:42Z</time>
      </trkpt>
      <trkpt lat="30.614527" lon="104.21763">
        <time>2026-05-17T13:23:43Z</time>
      </trkpt>
      <trkpt lat="30.6145" lon="104.217705">
        <time>2026-05-17T13:23:44Z</time>
      </trkpt>
      <trkpt lat="30.614473" lon="104.21778">
        <time>2026-05-17T13:23:45Z</time>
      </trkpt>
      <trkpt lat="30.614445" lon="104.217865">
        <time>2026-05-17T13:23:46Z</time>
      </trkpt>
      <trkpt lat="30.61442" lon="104.21795">
        <time>2026-05-17T13:23:47Z</time>
      </trkpt>
      <trkpt lat="30.614395" lon="104.218025">
        <time>2026-05-17T13:23:48Z</time>
      </trkpt>
      <trkpt lat="30.61437" lon="104.21811">
        <time>2026-05-17T13:23:49Z</time>
      </trkpt>
      <trkpt lat="30.614347" lon="104.21819">
        <time>2026-05-17T13:23:50Z</time>
      </trkpt>
      <trkpt lat="30.614332" lon="104.218285">
        <time>2026-05-17T13:23:51Z</time>
      </trkpt>
      <trkpt lat="30.61431" lon="104.21837">
        <time>2026-05-17T13:23:52Z</time>
      </trkpt>
      <trkpt lat="30.614288" lon="104.21845">
        <time>2026-05-17T13:23:53Z</time>
      </trkpt>
      <trkpt lat="30.614267" lon="104.21854">
        <time>2026-05-17T13:23:54Z</time>
      </trkpt>
      <trkpt lat="30.614248" lon="104.21862">
        <time>2026-05-17T13:23:55Z</time>
      </trkpt>
      <trkpt lat="30.61423" lon="104.2187">
        <time>2026-05-17T13:23:56Z</time>
      </trkpt>
      <trkpt lat="30.614216" lon="104.21877">
        <time>2026-05-17T13:23:57Z</time>
      </trkpt>
      <trkpt lat="30.614197" lon="104.21886">
        <time>2026-05-17T13:23:58Z</time>
      </trkpt>
      <trkpt lat="30.61418" lon="104.21894">
        <time>2026-05-17T13:23:59Z</time>
      </trkpt>
      <trkpt lat="30.614162" lon="104.219025">
        <time>2026-05-17T13:24:00Z</time>
      </trkpt>
      <trkpt lat="30.61415" lon="104.21911">
        <time>2026-05-17T13:24:01Z</time>
      </trkpt>
      <trkpt lat="30.61413" lon="104.219185">
        <time>2026-05-17T13:24:02Z</time>
      </trkpt>
      <trkpt lat="30.614113" lon="104.21927">
        <time>2026-05-17T13:24:03Z</time>
      </trkpt>
      <trkpt lat="30.614098" lon="104.21935">
        <time>2026-05-17T13:24:04Z</time>
      </trkpt>
      <trkpt lat="30.614084" lon="104.21944">
        <time>2026-05-17T13:24:05Z</time>
      </trkpt>
      <trkpt lat="30.614067" lon="104.21952">
        <time>2026-05-17T13:24:06Z</time>
      </trkpt>
      <trkpt lat="30.614052" lon="104.219604">
        <time>2026-05-17T13:24:07Z</time>
      </trkpt>
      <trkpt lat="30.614038" lon="104.21969">
        <time>2026-05-17T13:24:08Z</time>
      </trkpt>
      <trkpt lat="30.614023" lon="104.219765">
        <time>2026-05-17T13:24:09Z</time>
      </trkpt>
      <trkpt lat="30.61401" lon="104.21985">
        <time>2026-05-17T13:24:10Z</time>
      </trkpt>
      <trkpt lat="30.613993" lon="104.21993">
        <time>2026-05-17T13:24:11Z</time>
      </trkpt>
      <trkpt lat="30.613985" lon="104.22002">
        <time>2026-05-17T13:24:12Z</time>
      </trkpt>
      <trkpt lat="30.61397" lon="104.22011">
        <time>2026-05-17T13:24:13Z</time>
      </trkpt>
      <trkpt lat="30.613956" lon="104.22019">
        <time>2026-05-17T13:24:14Z</time>
      </trkpt>
      <trkpt lat="30.613943" lon="104.220276">
        <time>2026-05-17T13:24:15Z</time>
      </trkpt>
      <trkpt lat="30.61393" lon="104.22037">
        <time>2026-05-17T13:24:16Z</time>
      </trkpt>
      <trkpt lat="30.61392" lon="104.22045">
        <time>2026-05-17T13:24:17Z</time>
      </trkpt>
      <trkpt lat="30.613909" lon="104.220535">
        <time>2026-05-17T13:24:18Z</time>
      </trkpt>
      <trkpt lat="30.613895" lon="104.22061">
        <time>2026-05-17T13:24:19Z</time>
      </trkpt>
      <trkpt lat="30.61388" lon="104.2207">
        <time>2026-05-17T13:24:20Z</time>
      </trkpt>
      <trkpt lat="30.613865" lon="104.22078">
        <time>2026-05-17T13:24:21Z</time>
      </trkpt>
      <trkpt lat="30.613852" lon="104.22086">
        <time>2026-05-17T13:24:22Z</time>
      </trkpt>
      <trkpt lat="30.613838" lon="104.22095">
        <time>2026-05-17T13:24:23Z</time>
      </trkpt>
      <trkpt lat="30.61383" lon="104.22103">
        <time>2026-05-17T13:24:24Z</time>
      </trkpt>
      <trkpt lat="30.61382" lon="104.22112">
        <time>2026-05-17T13:24:25Z</time>
      </trkpt>
      <trkpt lat="30.613806" lon="104.22121">
        <time>2026-05-17T13:24:26Z</time>
      </trkpt>
      <trkpt lat="30.613794" lon="104.22129">
        <time>2026-05-17T13:24:27Z</time>
      </trkpt>
      <trkpt lat="30.613781" lon="104.22138">
        <time>2026-05-17T13:24:28Z</time>
      </trkpt>
      <trkpt lat="30.613768" lon="104.221466">
        <time>2026-05-17T13:24:29Z</time>
      </trkpt>
      <trkpt lat="30.613754" lon="104.22155">
        <time>2026-05-17T13:24:30Z</time>
      </trkpt>
      <trkpt lat="30.613739" lon="104.22164">
        <time>2026-05-17T13:24:31Z</time>
      </trkpt>
      <trkpt lat="30.613728" lon="104.22173">
        <time>2026-05-17T13:24:32Z</time>
      </trkpt>
      <trkpt lat="30.613716" lon="104.22182">
        <time>2026-05-17T13:24:33Z</time>
      </trkpt>
      <trkpt lat="30.613707" lon="104.22191">
        <time>2026-05-17T13:24:34Z</time>
      </trkpt>
      <trkpt lat="30.613693" lon="104.22199">
        <time>2026-05-17T13:24:35Z</time>
      </trkpt>
      <trkpt lat="30.613682" lon="104.222084">
        <time>2026-05-17T13:24:36Z</time>
      </trkpt>
      <trkpt lat="30.613672" lon="104.22217">
        <time>2026-05-17T13:24:37Z</time>
      </trkpt>
      <trkpt lat="30.61366" lon="104.22225">
        <time>2026-05-17T13:24:38Z</time>
      </trkpt>
      <trkpt lat="30.613651" lon="104.222336">
        <time>2026-05-17T13:24:39Z</time>
      </trkpt>
      <trkpt lat="30.613638" lon="104.22242">
        <time>2026-05-17T13:24:40Z</time>
      </trkpt>
      <trkpt lat="30.613623" lon="104.222496">
        <time>2026-05-17T13:24:41Z</time>
      </trkpt>
      <trkpt lat="30.613613" lon="104.22257">
        <time>2026-05-17T13:24:42Z</time>
      </trkpt>
      <trkpt lat="30.613602" lon="104.22266">
        <time>2026-05-17T13:24:43Z</time>
      </trkpt>
      <trkpt lat="30.613588" lon="104.22274">
        <time>2026-05-17T13:24:44Z</time>
      </trkpt>
      <trkpt lat="30.613573" lon="104.222824">
        <time>2026-05-17T13:24:45Z</time>
      </trkpt>
      <trkpt lat="30.613558" lon="104.2229">
        <time>2026-05-17T13:24:46Z</time>
      </trkpt>
      <trkpt lat="30.613546" lon="104.222984">
        <time>2026-05-17T13:24:47Z</time>
      </trkpt>
      <trkpt lat="30.613535" lon="104.22306">
        <time>2026-05-17T13:24:48Z</time>
      </trkpt>
      <trkpt lat="30.613523" lon="104.22314">
        <time>2026-05-17T13:24:49Z</time>
      </trkpt>
      <trkpt lat="30.613514" lon="104.22321">
        <time>2026-05-17T13:24:50Z</time>
      </trkpt>
      <trkpt lat="30.613503" lon="104.223274">
        <time>2026-05-17T13:24:51Z</time>
      </trkpt>
      <trkpt lat="30.613491" lon="104.22334">
        <time>2026-05-17T13:24:52Z</time>
      </trkpt>
      <trkpt lat="30.613482" lon="104.22341">
        <time>2026-05-17T13:24:53Z</time>
      </trkpt>
      <trkpt lat="30.613472" lon="104.22348">
        <time>2026-05-17T13:24:54Z</time>
      </trkpt>
      <trkpt lat="30.613462" lon="104.22355">
        <time>2026-05-17T13:24:55Z</time>
      </trkpt>
      <trkpt lat="30.613451" lon="104.22362">
        <time>2026-05-17T13:24:56Z</time>
      </trkpt>
      <trkpt lat="30.613441" lon="104.22368">
        <time>2026-05-17T13:24:57Z</time>
      </trkpt>
      <trkpt lat="30.613434" lon="104.22375">
        <time>2026-05-17T13:24:58Z</time>
      </trkpt>
      <trkpt lat="30.613424" lon="104.223816">
        <time>2026-05-17T13:24:59Z</time>
      </trkpt>
      <trkpt lat="30.613417" lon="104.223885">
        <time>2026-05-17T13:25:00Z</time>
      </trkpt>
      <trkpt lat="30.613409" lon="104.22395">
        <time>2026-05-17T13:25:01Z</time>
      </trkpt>
      <trkpt lat="30.613401" lon="104.22401">
        <time>2026-05-17T13:25:02Z</time>
      </trkpt>
      <trkpt lat="30.613396" lon="104.224075">
        <time>2026-05-17T13:25:03Z</time>
      </trkpt>
      <trkpt lat="30.613388" lon="104.22414">
        <time>2026-05-17T13:25:04Z</time>
      </trkpt>
      <trkpt lat="30.61338" lon="104.22419">
        <time>2026-05-17T13:25:05Z</time>
      </trkpt>
      <trkpt lat="30.613373" lon="104.22425">
        <time>2026-05-17T13:25:06Z</time>
      </trkpt>
      <trkpt lat="30.613363" lon="104.224304">
        <time>2026-05-17T13:25:07Z</time>
      </trkpt>
      <trkpt lat="30.613354" lon="104.224365">
        <time>2026-05-17T13:25:08Z</time>
      </trkpt>
      <trkpt lat="30.613344" lon="104.224434">
        <time>2026-05-17T13:25:09Z</time>
      </trkpt>
      <trkpt lat="30.613335" lon="104.224495">
        <time>2026-05-17T13:25:10Z</time>
      </trkpt>
      <trkpt lat="30.613327" lon="104.22456">
        <time>2026-05-17T13:25:11Z</time>
      </trkpt>
      <trkpt lat="30.613317" lon="104.22462">
        <time>2026-05-17T13:25:12Z</time>
      </trkpt>
      <trkpt lat="30.613306" lon="104.22468">
        <time>2026-05-17T13:25:13Z</time>
      </trkpt>
      <trkpt lat="30.613295" lon="104.22474">
        <time>2026-05-17T13:25:14Z</time>
      </trkpt>
      <trkpt lat="30.613281" lon="104.2248">
        <time>2026-05-17T13:25:15Z</time>
      </trkpt>
      <trkpt lat="30.613274" lon="104.22487">
        <time>2026-05-17T13:25:16Z</time>
      </trkpt>
      <trkpt lat="30.61326" lon="104.22492">
        <time>2026-05-17T13:25:17Z</time>
      </trkpt>
      <trkpt lat="30.613253" lon="104.22498">
        <time>2026-05-17T13:25:18Z</time>
      </trkpt>
      <trkpt lat="30.613247" lon="104.22504">
        <time>2026-05-17T13:25:19Z</time>
      </trkpt>
      <trkpt lat="30.61324" lon="104.22509">
        <time>2026-05-17T13:25:20Z</time>
      </trkpt>
      <trkpt lat="30.61323" lon="104.225136">
        <time>2026-05-17T13:25:21Z</time>
      </trkpt>
      <trkpt lat="30.61322" lon="104.22519">
        <time>2026-05-17T13:25:22Z</time>
      </trkpt>
      <trkpt lat="30.613213" lon="104.225235">
        <time>2026-05-17T13:25:23Z</time>
      </trkpt>
      <trkpt lat="30.613205" lon="104.22529">
        <time>2026-05-17T13:25:24Z</time>
      </trkpt>
      <trkpt lat="30.613197" lon="104.22534">
        <time>2026-05-17T13:25:25Z</time>
      </trkpt>
      <trkpt lat="30.613188" lon="104.22539">
        <time>2026-05-17T13:25:26Z</time>
      </trkpt>
      <trkpt lat="30.613178" lon="104.22545">
        <time>2026-05-17T13:25:27Z</time>
      </trkpt>
      <trkpt lat="30.613173" lon="104.2255">
        <time>2026-05-17T13:25:28Z</time>
      </trkpt>
      <trkpt lat="30.613163" lon="104.225555">
        <time>2026-05-17T13:25:29Z</time>
      </trkpt>
      <trkpt lat="30.613157" lon="104.22561">
        <time>2026-05-17T13:25:30Z</time>
      </trkpt>
      <trkpt lat="30.613148" lon="104.225655">
        <time>2026-05-17T13:25:31Z</time>
      </trkpt>
      <trkpt lat="30.61314" lon="104.2257">
        <time>2026-05-17T13:25:32Z</time>
      </trkpt>
      <trkpt lat="30.61313" lon="104.22576">
        <time>2026-05-17T13:25:33Z</time>
      </trkpt>
      <trkpt lat="30.61312" lon="104.22582">
        <time>2026-05-17T13:25:34Z</time>
      </trkpt>
      <trkpt lat="30.61311" lon="104.22589">
        <time>2026-05-17T13:25:35Z</time>
      </trkpt>
      <trkpt lat="30.613094" lon="104.225975">
        <time>2026-05-17T13:25:36Z</time>
      </trkpt>
      <trkpt lat="30.613083" lon="104.22605">
        <time>2026-05-17T13:25:37Z</time>
      </trkpt>
      <trkpt lat="30.613073" lon="104.22612">
        <time>2026-05-17T13:25:38Z</time>
      </trkpt>
      <trkpt lat="30.613062" lon="104.22619">
        <time>2026-05-17T13:25:39Z</time>
      </trkpt>
      <trkpt lat="30.613049" lon="104.22626">
        <time>2026-05-17T13:25:40Z</time>
      </trkpt>
      <trkpt lat="30.613039" lon="104.22632">
        <time>2026-05-17T13:25:41Z</time>
      </trkpt>
      <trkpt lat="30.613026" lon="104.22638">
        <time>2026-05-17T13:25:42Z</time>
      </trkpt>
      <trkpt lat="30.613012" lon="104.22644">
        <time>2026-05-17T13:25:43Z</time>
      </trkpt>
      <trkpt lat="30.612995" lon="104.2265">
        <time>2026-05-17T13:25:44Z</time>
      </trkpt>
      <trkpt lat="30.612974" lon="104.226555">
        <time>2026-05-17T13:25:45Z</time>
      </trkpt>
      <trkpt lat="30.612957" lon="104.226616">
        <time>2026-05-17T13:25:46Z</time>
      </trkpt>
      <trkpt lat="30.612934" lon="104.22668">
        <time>2026-05-17T13:25:47Z</time>
      </trkpt>
      <trkpt lat="30.612917" lon="104.22674">
        <time>2026-05-17T13:25:48Z</time>
      </trkpt>
      <trkpt lat="30.612907" lon="104.2268">
        <time>2026-05-17T13:25:49Z</time>
      </trkpt>
      <trkpt lat="30.612898" lon="104.22686">
        <time>2026-05-17T13:25:50Z</time>
      </trkpt>
      <trkpt lat="30.612888" lon="104.22691">
        <time>2026-05-17T13:25:51Z</time>
      </trkpt>
      <trkpt lat="30.612871" lon="104.22698">
        <time>2026-05-17T13:25:52Z</time>
      </trkpt>
      <trkpt lat="30.61286" lon="104.22704">
        <time>2026-05-17T13:25:53Z</time>
      </trkpt>
      <trkpt lat="30.612843" lon="104.227104">
        <time>2026-05-17T13:25:54Z</time>
      </trkpt>
      <trkpt lat="30.612825" lon="104.227165">
        <time>2026-05-17T13:25:55Z</time>
      </trkpt>
      <trkpt lat="30.612816" lon="104.22723">
        <time>2026-05-17T13:25:56Z</time>
      </trkpt>
      <trkpt lat="30.612803" lon="104.227295">
        <time>2026-05-17T13:25:57Z</time>
      </trkpt>
      <trkpt lat="30.61279" lon="104.22736">
        <time>2026-05-17T13:25:58Z</time>
      </trkpt>
      <trkpt lat="30.612774" lon="104.227425">
        <time>2026-05-17T13:25:59Z</time>
      </trkpt>
      <trkpt lat="30.612755" lon="104.22751">
        <time>2026-05-17T13:26:00Z</time>
      </trkpt>
      <trkpt lat="30.612738" lon="104.227585">
        <time>2026-05-17T13:26:01Z</time>
      </trkpt>
      <trkpt lat="30.612717" lon="104.22767">
        <time>2026-05-17T13:26:02Z</time>
      </trkpt>
      <trkpt lat="30.612698" lon="104.227745">
        <time>2026-05-17T13:26:03Z</time>
      </trkpt>
      <trkpt lat="30.612682" lon="104.22782">
        <time>2026-05-17T13:26:04Z</time>
      </trkpt>
      <trkpt lat="30.61266" lon="104.227905">
        <time>2026-05-17T13:26:05Z</time>
      </trkpt>
      <trkpt lat="30.612637" lon="104.227974">
        <time>2026-05-17T13:26:06Z</time>
      </trkpt>
      <trkpt lat="30.612617" lon="104.22805">
        <time>2026-05-17T13:26:07Z</time>
      </trkpt>
      <trkpt lat="30.612595" lon="104.22813">
        <time>2026-05-17T13:26:08Z</time>
      </trkpt>
      <trkpt lat="30.612576" lon="104.2282">
        <time>2026-05-17T13:26:09Z</time>
      </trkpt>
      <trkpt lat="30.612553" lon="104.22828">
        <time>2026-05-17T13:26:10Z</time>
      </trkpt>
      <trkpt lat="30.61253" lon="104.228355">
        <time>2026-05-17T13:26:11Z</time>
      </trkpt>
      <trkpt lat="30.612509" lon="104.22843">
        <time>2026-05-17T13:26:12Z</time>
      </trkpt>
      <trkpt lat="30.612484" lon="104.22851">
        <time>2026-05-17T13:26:13Z</time>
      </trkpt>
      <trkpt lat="30.61246" lon="104.228584">
        <time>2026-05-17T13:26:14Z</time>
      </trkpt>
      <trkpt lat="30.612438" lon="104.22866">
        <time>2026-05-17T13:26:15Z</time>
      </trkpt>
      <trkpt lat="30.612417" lon="104.228745">
        <time>2026-05-17T13:26:16Z</time>
      </trkpt>
      <trkpt lat="30.612394" lon="104.22882">
        <time>2026-05-17T13:26:17Z</time>
      </trkpt>
      <trkpt lat="30.612373" lon="104.2289">
        <time>2026-05-17T13:26:18Z</time>
      </trkpt>
      <trkpt lat="30.612349" lon="104.22898">
        <time>2026-05-17T13:26:19Z</time>
      </trkpt>
      <trkpt lat="30.612326" lon="104.229065">
        <time>2026-05-17T13:26:20Z</time>
      </trkpt>
      <trkpt lat="30.612303" lon="104.22915">
        <time>2026-05-17T13:26:21Z</time>
      </trkpt>
      <trkpt lat="30.612282" lon="104.22923">
        <time>2026-05-17T13:26:22Z</time>
      </trkpt>
      <trkpt lat="30.612259" lon="104.22931">
        <time>2026-05-17T13:26:23Z</time>
      </trkpt>
      <trkpt lat="30.612234" lon="104.22939">
        <time>2026-05-17T13:26:24Z</time>
      </trkpt>
      <trkpt lat="30.61221" lon="104.22948">
        <time>2026-05-17T13:26:25Z</time>
      </trkpt>
      <trkpt lat="30.612188" lon="104.22956">
        <time>2026-05-17T13:26:26Z</time>
      </trkpt>
      <trkpt lat="30.61217" lon="104.229645">
        <time>2026-05-17T13:26:27Z</time>
      </trkpt>
      <trkpt lat="30.612146" lon="104.22974">
        <time>2026-05-17T13:26:28Z</time>
      </trkpt>
      <trkpt lat="30.612127" lon="104.22982">
        <time>2026-05-17T13:26:29Z</time>
      </trkpt>
      <trkpt lat="30.612103" lon="104.229904">
        <time>2026-05-17T13:26:30Z</time>
      </trkpt>
      <trkpt lat="30.612082" lon="104.22998">
        <time>2026-05-17T13:26:31Z</time>
      </trkpt>
      <trkpt lat="30.612059" lon="104.230064">
        <time>2026-05-17T13:26:32Z</time>
      </trkpt>
      <trkpt lat="30.612036" lon="104.23015">
        <time>2026-05-17T13:26:33Z</time>
      </trkpt>
      <trkpt lat="30.612013" lon="104.23023">
        <time>2026-05-17T13:26:34Z</time>
      </trkpt>
      <trkpt lat="30.611988" lon="104.230316">
        <time>2026-05-17T13:26:35Z</time>
      </trkpt>
      <trkpt lat="30.611961" lon="104.2304">
        <time>2026-05-17T13:26:36Z</time>
      </trkpt>
      <trkpt lat="30.611938" lon="104.23048">
        <time>2026-05-17T13:26:37Z</time>
      </trkpt>
      <trkpt lat="30.611916" lon="104.23056">
        <time>2026-05-17T13:26:38Z</time>
      </trkpt>
      <trkpt lat="30.61189" lon="104.230644">
        <time>2026-05-17T13:26:39Z</time>
      </trkpt>
      <trkpt lat="30.61187" lon="104.23073">
        <time>2026-05-17T13:26:40Z</time>
      </trkpt>
      <trkpt lat="30.61185" lon="104.23081">
        <time>2026-05-17T13:26:41Z</time>
      </trkpt>
      <trkpt lat="30.61183" lon="104.230896">
        <time>2026-05-17T13:26:42Z</time>
      </trkpt>
      <trkpt lat="30.611809" lon="104.23097">
        <time>2026-05-17T13:26:43Z</time>
      </trkpt>
      <trkpt lat="30.611786" lon="104.23106">
        <time>2026-05-17T13:26:44Z</time>
      </trkpt>
      <trkpt lat="30.611767" lon="104.23113">
        <time>2026-05-17T13:26:45Z</time>
      </trkpt>
      <trkpt lat="30.611744" lon="104.23121">
        <time>2026-05-17T13:26:46Z</time>
      </trkpt>
      <trkpt lat="30.61172" lon="104.23129">
        <time>2026-05-17T13:26:47Z</time>
      </trkpt>
      <trkpt lat="30.6117" lon="104.23137">
        <time>2026-05-17T13:26:48Z</time>
      </trkpt>
      <trkpt lat="30.61168" lon="104.231445">
        <time>2026-05-17T13:26:49Z</time>
      </trkpt>
      <trkpt lat="30.61166" lon="104.231514">
        <time>2026-05-17T13:26:50Z</time>
      </trkpt>
      <trkpt lat="30.611639" lon="104.23159">
        <time>2026-05-17T13:26:51Z</time>
      </trkpt>
      <trkpt lat="30.611616" lon="104.23167">
        <time>2026-05-17T13:26:52Z</time>
      </trkpt>
      <trkpt lat="30.611597" lon="104.231735">
        <time>2026-05-17T13:26:53Z</time>
      </trkpt>
      <trkpt lat="30.611574" lon="104.23181">
        <time>2026-05-17T13:26:54Z</time>
      </trkpt>
      <trkpt lat="30.61155" lon="104.23188">
        <time>2026-05-17T13:26:55Z</time>
      </trkpt>
      <trkpt lat="30.611526" lon="104.23195">
        <time>2026-05-17T13:26:56Z</time>
      </trkpt>
      <trkpt lat="30.611506" lon="104.232025">
        <time>2026-05-17T13:26:57Z</time>
      </trkpt>
      <trkpt lat="30.61148" lon="104.2321">
        <time>2026-05-17T13:26:58Z</time>
      </trkpt>
      <trkpt lat="30.61146" lon="104.23217">
        <time>2026-05-17T13:26:59Z</time>
      </trkpt>
      <trkpt lat="30.61144" lon="104.23224">
        <time>2026-05-17T13:27:00Z</time>
      </trkpt>
      <trkpt lat="30.61142" lon="104.23231">
        <time>2026-05-17T13:27:01Z</time>
      </trkpt>
      <trkpt lat="30.611403" lon="104.23237">
        <time>2026-05-17T13:27:02Z</time>
      </trkpt>
      <trkpt lat="30.61139" lon="104.23243">
        <time>2026-05-17T13:27:03Z</time>
      </trkpt>
      <trkpt lat="30.611374" lon="104.23249">
        <time>2026-05-17T13:27:04Z</time>
      </trkpt>
      <trkpt lat="30.611359" lon="104.23255">
        <time>2026-05-17T13:27:05Z</time>
      </trkpt>
      <trkpt lat="30.611343" lon="104.23261">
        <time>2026-05-17T13:27:06Z</time>
      </trkpt>
      <trkpt lat="30.61133" lon="104.23268">
        <time>2026-05-17T13:27:07Z</time>
      </trkpt>
      <trkpt lat="30.61131" lon="104.23275">
        <time>2026-05-17T13:27:08Z</time>
      </trkpt>
      <trkpt lat="30.611286" lon="104.23282">
        <time>2026-05-17T13:27:09Z</time>
      </trkpt>
      <trkpt lat="30.611261" lon="104.23288">
        <time>2026-05-17T13:27:10Z</time>
      </trkpt>
      <trkpt lat="30.611242" lon="104.232956">
        <time>2026-05-17T13:27:11Z</time>
      </trkpt>
      <trkpt lat="30.611227" lon="104.233025">
        <time>2026-05-17T13:27:12Z</time>
      </trkpt>
      <trkpt lat="30.61121" lon="104.233086">
        <time>2026-05-17T13:27:13Z</time>
      </trkpt>
      <trkpt lat="30.611193" lon="104.23315">
        <time>2026-05-17T13:27:14Z</time>
      </trkpt>
      <trkpt lat="30.611177" lon="104.233215">
        <time>2026-05-17T13:27:15Z</time>
      </trkpt>
      <trkpt lat="30.61116" lon="104.233284">
        <time>2026-05-17T13:27:16Z</time>
      </trkpt>
      <trkpt lat="30.611145" lon="104.23335">
        <time>2026-05-17T13:27:17Z</time>
      </trkpt>
      <trkpt lat="30.611126" lon="104.23342">
        <time>2026-05-17T13:27:18Z</time>
      </trkpt>
      <trkpt lat="30.611107" lon="104.23348">
        <time>2026-05-17T13:27:19Z</time>
      </trkpt>
      <trkpt lat="30.611088" lon="104.23355">
        <time>2026-05-17T13:27:20Z</time>
      </trkpt>
      <trkpt lat="30.61107" lon="104.23362">
        <time>2026-05-17T13:27:21Z</time>
      </trkpt>
      <trkpt lat="30.611048" lon="104.233696">
        <time>2026-05-17T13:27:22Z</time>
      </trkpt>
      <trkpt lat="30.611029" lon="104.23377">
        <time>2026-05-17T13:27:23Z</time>
      </trkpt>
      <trkpt lat="30.61101" lon="104.23384">
        <time>2026-05-17T13:27:24Z</time>
      </trkpt>
      <trkpt lat="30.61099" lon="104.23391">
        <time>2026-05-17T13:27:25Z</time>
      </trkpt>
      <trkpt lat="30.61097" lon="104.23398">
        <time>2026-05-17T13:27:26Z</time>
      </trkpt>
      <trkpt lat="30.610949" lon="104.234055">
        <time>2026-05-17T13:27:27Z</time>
      </trkpt>
      <trkpt lat="30.610931" lon="104.23412">
        <time>2026-05-17T13:27:28Z</time>
      </trkpt>
      <trkpt lat="30.61091" lon="104.2342">
        <time>2026-05-17T13:27:29Z</time>
      </trkpt>
      <trkpt lat="30.61089" lon="104.234276">
        <time>2026-05-17T13:27:30Z</time>
      </trkpt>
      <trkpt lat="30.610867" lon="104.23436">
        <time>2026-05-17T13:27:31Z</time>
      </trkpt>
      <trkpt lat="30.610844" lon="104.23443">
        <time>2026-05-17T13:27:32Z</time>
      </trkpt>
      <trkpt lat="30.61082" lon="104.234505">
        <time>2026-05-17T13:27:33Z</time>
      </trkpt>
      <trkpt lat="30.610794" lon="104.23458">
        <time>2026-05-17T13:27:34Z</time>
      </trkpt>
      <trkpt lat="30.610771" lon="104.23466">
        <time>2026-05-17T13:27:35Z</time>
      </trkpt>
      <trkpt lat="30.610746" lon="104.234726">
        <time>2026-05-17T13:27:36Z</time>
      </trkpt>
      <trkpt lat="30.610723" lon="104.2348">
        <time>2026-05-17T13:27:37Z</time>
      </trkpt>
      <trkpt lat="30.6107" lon="104.23488">
        <time>2026-05-17T13:27:38Z</time>
      </trkpt>
      <trkpt lat="30.610676" lon="104.234955">
        <time>2026-05-17T13:27:39Z</time>
      </trkpt>
      <trkpt lat="30.610653" lon="104.23503">
        <time>2026-05-17T13:27:40Z</time>
      </trkpt>
      <trkpt lat="30.610624" lon="104.23511">
        <time>2026-05-17T13:27:41Z</time>
      </trkpt>
      <trkpt lat="30.610598" lon="104.23518">
        <time>2026-05-17T13:27:42Z</time>
      </trkpt>
      <trkpt lat="30.61057" lon="104.23527">
        <time>2026-05-17T13:27:43Z</time>
      </trkpt>
      <trkpt lat="30.610544" lon="104.23535">
        <time>2026-05-17T13:27:44Z</time>
      </trkpt>
      <trkpt lat="30.610516" lon="104.23543">
        <time>2026-05-17T13:27:45Z</time>
      </trkpt>
      <trkpt lat="30.610487" lon="104.235504">
        <time>2026-05-17T13:27:46Z</time>
      </trkpt>
      <trkpt lat="30.610458" lon="104.23558">
        <time>2026-05-17T13:27:47Z</time>
      </trkpt>
      <trkpt lat="30.610432" lon="104.23565">
        <time>2026-05-17T13:27:48Z</time>
      </trkpt>
      <trkpt lat="30.610403" lon="104.23573">
        <time>2026-05-17T13:27:49Z</time>
      </trkpt>
      <trkpt lat="30.610374" lon="104.23581">
        <time>2026-05-17T13:27:50Z</time>
      </trkpt>
      <trkpt lat="30.610346" lon="104.23589">
        <time>2026-05-17T13:27:51Z</time>
      </trkpt>
      <trkpt lat="30.610315" lon="104.23597">
        <time>2026-05-17T13:27:52Z</time>
      </trkpt>
      <trkpt lat="30.610285" lon="104.236046">
        <time>2026-05-17T13:27:53Z</time>
      </trkpt>
      <trkpt lat="30.610252" lon="104.23612">
        <time>2026-05-17T13:27:54Z</time>
      </trkpt>
      <trkpt lat="30.61022" lon="104.2362">
        <time>2026-05-17T13:27:55Z</time>
      </trkpt>
      <trkpt lat="30.610186" lon="104.236275">
        <time>2026-05-17T13:27:56Z</time>
      </trkpt>
      <trkpt lat="30.610153" lon="104.23635">
        <time>2026-05-17T13:27:57Z</time>
      </trkpt>
      <trkpt lat="30.61012" lon="104.23643">
        <time>2026-05-17T13:27:58Z</time>
      </trkpt>
      <trkpt lat="30.61009" lon="104.23651">
        <time>2026-05-17T13:27:59Z</time>
      </trkpt>
      <trkpt lat="30.610058" lon="104.236595">
        <time>2026-05-17T13:28:00Z</time>
      </trkpt>
      <trkpt lat="30.610023" lon="104.23668">
        <time>2026-05-17T13:28:01Z</time>
      </trkpt>
      <trkpt lat="30.60999" lon="104.236755">
        <time>2026-05-17T13:28:02Z</time>
      </trkpt>
      <trkpt lat="30.609953" lon="104.23683">
        <time>2026-05-17T13:28:03Z</time>
      </trkpt>
      <trkpt lat="30.60992" lon="104.236916">
        <time>2026-05-17T13:28:04Z</time>
      </trkpt>
      <trkpt lat="30.609888" lon="104.23699">
        <time>2026-05-17T13:28:05Z</time>
      </trkpt>
      <trkpt lat="30.609852" lon="104.23707">
        <time>2026-05-17T13:28:06Z</time>
      </trkpt>
      <trkpt lat="30.609816" lon="104.23715">
        <time>2026-05-17T13:28:07Z</time>
      </trkpt>
      <trkpt lat="30.60978" lon="104.237236">
        <time>2026-05-17T13:28:08Z</time>
      </trkpt>
      <trkpt lat="30.609743" lon="104.23732">
        <time>2026-05-17T13:28:09Z</time>
      </trkpt>
      <trkpt lat="30.609703" lon="104.23741">
        <time>2026-05-17T13:28:10Z</time>
      </trkpt>
      <trkpt lat="30.609663" lon="104.237495">
        <time>2026-05-17T13:28:11Z</time>
      </trkpt>
      <trkpt lat="30.609625" lon="104.23758">
        <time>2026-05-17T13:28:12Z</time>
      </trkpt>
      <trkpt lat="30.609589" lon="104.23767">
        <time>2026-05-17T13:28:13Z</time>
      </trkpt>
      <trkpt lat="30.609552" lon="104.237755">
        <time>2026-05-17T13:28:14Z</time>
      </trkpt>
      <trkpt lat="30.609514" lon="104.23785">
        <time>2026-05-17T13:28:15Z</time>
      </trkpt>
      <trkpt lat="30.609474" lon="104.23794">
        <time>2026-05-17T13:28:16Z</time>
      </trkpt>
      <trkpt lat="30.60944" lon="104.23804">
        <time>2026-05-17T13:28:17Z</time>
      </trkpt>
      <trkpt lat="30.609404" lon="104.23813">
        <time>2026-05-17T13:28:18Z</time>
      </trkpt>
      <trkpt lat="30.609364" lon="104.23822">
        <time>2026-05-17T13:28:19Z</time>
      </trkpt>
      <trkpt lat="30.609324" lon="104.23831">
        <time>2026-05-17T13:28:20Z</time>
      </trkpt>
      <trkpt lat="30.609282" lon="104.2384">
        <time>2026-05-17T13:28:21Z</time>
      </trkpt>
      <trkpt lat="30.60924" lon="104.238495">
        <time>2026-05-17T13:28:22Z</time>
      </trkpt>
      <trkpt lat="30.6092" lon="104.23859">
        <time>2026-05-17T13:28:23Z</time>
      </trkpt>
      <trkpt lat="30.60916" lon="104.23868">
        <time>2026-05-17T13:28:24Z</time>
      </trkpt>
      <trkpt lat="30.609121" lon="104.23877">
        <time>2026-05-17T13:28:25Z</time>
      </trkpt>
      <trkpt lat="30.60908" lon="104.23886">
        <time>2026-05-17T13:28:26Z</time>
      </trkpt>
      <trkpt lat="30.609037" lon="104.23896">
        <time>2026-05-17T13:28:27Z</time>
      </trkpt>
      <trkpt lat="30.608995" lon="104.23906">
        <time>2026-05-17T13:28:28Z</time>
      </trkpt>
      <trkpt lat="30.608953" lon="104.23915">
        <time>2026-05-17T13:28:29Z</time>
      </trkpt>
      <trkpt lat="30.608913" lon="104.23924">
        <time>2026-05-17T13:28:30Z</time>
      </trkpt>
      <trkpt lat="30.608871" lon="104.239334">
        <time>2026-05-17T13:28:31Z</time>
      </trkpt>
      <trkpt lat="30.608828" lon="104.239426">
        <time>2026-05-17T13:28:32Z</time>
      </trkpt>
      <trkpt lat="30.608788" lon="104.23951">
        <time>2026-05-17T13:28:33Z</time>
      </trkpt>
      <trkpt lat="30.608747" lon="104.2396">
        <time>2026-05-17T13:28:34Z</time>
      </trkpt>
      <trkpt lat="30.608707" lon="104.239685">
        <time>2026-05-17T13:28:35Z</time>
      </trkpt>
      <trkpt lat="30.608671" lon="104.23978">
        <time>2026-05-17T13:28:36Z</time>
      </trkpt>
      <trkpt lat="30.608637" lon="104.23987">
        <time>2026-05-17T13:28:37Z</time>
      </trkpt>
      <trkpt lat="30.608599" lon="104.23995">
        <time>2026-05-17T13:28:38Z</time>
      </trkpt>
      <trkpt lat="30.60856" lon="104.240036">
        <time>2026-05-17T13:28:39Z</time>
      </trkpt>
      <trkpt lat="30.608522" lon="104.24012">
        <time>2026-05-17T13:28:40Z</time>
      </trkpt>
      <trkpt lat="30.608486" lon="104.2402">
        <time>2026-05-17T13:28:41Z</time>
      </trkpt>
      <trkpt lat="30.608448" lon="104.24028">
        <time>2026-05-17T13:28:42Z</time>
      </trkpt>
      <trkpt lat="30.608412" lon="104.240364">
        <time>2026-05-17T13:28:43Z</time>
      </trkpt>
      <trkpt lat="30.608377" lon="104.24045">
        <time>2026-05-17T13:28:44Z</time>
      </trkpt>
      <trkpt lat="30.608343" lon="104.240524">
        <time>2026-05-17T13:28:45Z</time>
      </trkpt>
      <trkpt lat="30.608313" lon="104.24061">
        <time>2026-05-17T13:28:46Z</time>
      </trkpt>
      <trkpt lat="30.608276" lon="104.240685">
        <time>2026-05-17T13:28:47Z</time>
      </trkpt>
      <trkpt lat="30.608242" lon="104.24076">
        <time>2026-05-17T13:28:48Z</time>
      </trkpt>
      <trkpt lat="30.608208" lon="104.24084">
        <time>2026-05-17T13:28:49Z</time>
      </trkpt>
      <trkpt lat="30.608177" lon="104.24091">
        <time>2026-05-17T13:28:50Z</time>
      </trkpt>
      <trkpt lat="30.608145" lon="104.24099">
        <time>2026-05-17T13:28:51Z</time>
      </trkpt>
      <trkpt lat="30.608114" lon="104.241066">
        <time>2026-05-17T13:28:52Z</time>
      </trkpt>
      <trkpt lat="30.60808" lon="104.241135">
        <time>2026-05-17T13:28:53Z</time>
      </trkpt>
      <trkpt lat="30.60805" lon="104.24121">
        <time>2026-05-17T13:28:54Z</time>
      </trkpt>
      <trkpt lat="30.60802" lon="104.24128">
        <time>2026-05-17T13:28:55Z</time>
      </trkpt>
      <trkpt lat="30.60799" lon="104.24135">
        <time>2026-05-17T13:28:56Z</time>
      </trkpt>
      <trkpt lat="30.607956" lon="104.241425">
        <time>2026-05-17T13:28:57Z</time>
      </trkpt>
      <trkpt lat="30.607927" lon="104.24149">
        <time>2026-05-17T13:28:58Z</time>
      </trkpt>
      <trkpt lat="30.607899" lon="104.24156">
        <time>2026-05-17T13:28:59Z</time>
      </trkpt>
      <trkpt lat="30.60787" lon="104.24163">
        <time>2026-05-17T13:29:00Z</time>
      </trkpt>
      <trkpt lat="30.607841" lon="104.2417">
        <time>2026-05-17T13:29:01Z</time>
      </trkpt>
      <trkpt lat="30.607815" lon="104.24177">
        <time>2026-05-17T13:29:02Z</time>
      </trkpt>
      <trkpt lat="30.607792" lon="104.24184">
        <time>2026-05-17T13:29:03Z</time>
      </trkpt>
      <trkpt lat="30.607765" lon="104.24191">
        <time>2026-05-17T13:29:04Z</time>
      </trkpt>
      <trkpt lat="30.607735" lon="104.24199">
        <time>2026-05-17T13:29:05Z</time>
      </trkpt>
      <trkpt lat="30.607708" lon="104.24206">
        <time>2026-05-17T13:29:06Z</time>
      </trkpt>
      <trkpt lat="30.607676" lon="104.242134">
        <time>2026-05-17T13:29:07Z</time>
      </trkpt>
      <trkpt lat="30.60764" lon="104.24221">
        <time>2026-05-17T13:29:08Z</time>
      </trkpt>
      <trkpt lat="30.6076" lon="104.242294">
        <time>2026-05-17T13:29:09Z</time>
      </trkpt>
      <trkpt lat="30.60756" lon="104.24237">
        <time>2026-05-17T13:29:10Z</time>
      </trkpt>
      <trkpt lat="30.60752" lon="104.242455">
        <time>2026-05-17T13:29:11Z</time>
      </trkpt>
      <trkpt lat="30.607487" lon="104.24253">
        <time>2026-05-17T13:29:12Z</time>
      </trkpt>
      <trkpt lat="30.607456" lon="104.24261">
        <time>2026-05-17T13:29:13Z</time>
      </trkpt>
      <trkpt lat="30.607424" lon="104.24268">
        <time>2026-05-17T13:29:14Z</time>
      </trkpt>
      <trkpt lat="30.607393" lon="104.24275">
        <time>2026-05-17T13:29:15Z</time>
      </trkpt>
      <trkpt lat="30.60736" lon="104.24281">
        <time>2026-05-17T13:29:16Z</time>
      </trkpt>
      <trkpt lat="30.607328" lon="104.24288">
        <time>2026-05-17T13:29:17Z</time>
      </trkpt>
      <trkpt lat="30.607294" lon="104.24295">
        <time>2026-05-17T13:29:18Z</time>
      </trkpt>
      <trkpt lat="30.607264" lon="104.24301">
        <time>2026-05-17T13:29:19Z</time>
      </trkpt>
      <trkpt lat="30.60723" lon="104.24307">
        <time>2026-05-17T13:29:20Z</time>
      </trkpt>
      <trkpt lat="30.607195" lon="104.24313">
        <time>2026-05-17T13:29:21Z</time>
      </trkpt>
      <trkpt lat="30.607159" lon="104.24319">
        <time>2026-05-17T13:29:22Z</time>
      </trkpt>
      <trkpt lat="30.60712" lon="104.24325">
        <time>2026-05-17T13:29:23Z</time>
      </trkpt>
      <trkpt lat="30.607084" lon="104.24331">
        <time>2026-05-17T13:29:24Z</time>
      </trkpt>
      <trkpt lat="30.607052" lon="104.24337">
        <time>2026-05-17T13:29:25Z</time>
      </trkpt>
      <trkpt lat="30.607018" lon="104.24343">
        <time>2026-05-17T13:29:26Z</time>
      </trkpt>
      <trkpt lat="30.606985" lon="104.24349">
        <time>2026-05-17T13:29:27Z</time>
      </trkpt>
      <trkpt lat="30.606949" lon="104.24355">
        <time>2026-05-17T13:29:28Z</time>
      </trkpt>
      <trkpt lat="30.60691" lon="104.24361">
        <time>2026-05-17T13:29:29Z</time>
      </trkpt>
      <trkpt lat="30.606873" lon="104.243675">
        <time>2026-05-17T13:29:30Z</time>
      </trkpt>
      <trkpt lat="30.606838" lon="104.24374">
        <time>2026-05-17T13:29:31Z</time>
      </trkpt>
      <trkpt lat="30.606806" lon="104.2438">
        <time>2026-05-17T13:29:32Z</time>
      </trkpt>
      <trkpt lat="30.606768" lon="104.24386">
        <time>2026-05-17T13:29:33Z</time>
      </trkpt>
      <trkpt lat="30.606735" lon="104.24393">
        <time>2026-05-17T13:29:34Z</time>
      </trkpt>
      <trkpt lat="30.606699" lon="104.24398">
        <time>2026-05-17T13:29:35Z</time>
      </trkpt>
      <trkpt lat="30.606663" lon="104.24404">
        <time>2026-05-17T13:29:36Z</time>
      </trkpt>
      <trkpt lat="30.606627" lon="104.24411">
        <time>2026-05-17T13:29:37Z</time>
      </trkpt>
      <trkpt lat="30.606588" lon="104.24417">
        <time>2026-05-17T13:29:38Z</time>
      </trkpt>
      <trkpt lat="30.606552" lon="104.24424">
        <time>2026-05-17T13:29:39Z</time>
      </trkpt>
      <trkpt lat="30.606514" lon="104.24431">
        <time>2026-05-17T13:29:40Z</time>
      </trkpt>
      <trkpt lat="30.606476" lon="104.24437">
        <time>2026-05-17T13:29:41Z</time>
      </trkpt>
      <trkpt lat="30.60644" lon="104.24444">
        <time>2026-05-17T13:29:42Z</time>
      </trkpt>
      <trkpt lat="30.606405" lon="104.2445">
        <time>2026-05-17T13:29:43Z</time>
      </trkpt>
      <trkpt lat="30.606367" lon="104.24456">
        <time>2026-05-17T13:29:44Z</time>
      </trkpt>
      <trkpt lat="30.60633" lon="104.24462">
        <time>2026-05-17T13:29:45Z</time>
      </trkpt>
      <trkpt lat="30.60629" lon="104.24468">
        <time>2026-05-17T13:29:46Z</time>
      </trkpt>
      <trkpt lat="30.606256" lon="104.24474">
        <time>2026-05-17T13:29:47Z</time>
      </trkpt>
      <trkpt lat="30.606218" lon="104.244804">
        <time>2026-05-17T13:29:48Z</time>
      </trkpt>
      <trkpt lat="30.60618" lon="104.244865">
        <time>2026-05-17T13:29:49Z</time>
      </trkpt>
      <trkpt lat="30.606142" lon="104.24493">
        <time>2026-05-17T13:29:50Z</time>
      </trkpt>
      <trkpt lat="30.606104" lon="104.24499">
        <time>2026-05-17T13:29:51Z</time>
      </trkpt>
      <trkpt lat="30.606066" lon="104.24505">
        <time>2026-05-17T13:29:52Z</time>
      </trkpt>
      <trkpt lat="30.606033" lon="104.24512">
        <time>2026-05-17T13:29:53Z</time>
      </trkpt>
      <trkpt lat="30.606003" lon="104.245186">
        <time>2026-05-17T13:29:54Z</time>
      </trkpt>
      <trkpt lat="30.605974" lon="104.245255">
        <time>2026-05-17T13:29:55Z</time>
      </trkpt>
      <trkpt lat="30.605944" lon="104.24532">
        <time>2026-05-17T13:29:56Z</time>
      </trkpt>
      <trkpt lat="30.605907" lon="104.24539">
        <time>2026-05-17T13:29:57Z</time>
      </trkpt>
      <trkpt lat="30.605867" lon="104.24545">
        <time>2026-05-17T13:29:58Z</time>
      </trkpt>
      <trkpt lat="30.60583" lon="104.24552">
        <time>2026-05-17T13:29:59Z</time>
      </trkpt>
      <trkpt lat="30.605791" lon="104.24558">
        <time>2026-05-17T13:30:00Z</time>
      </trkpt>
      <trkpt lat="30.605755" lon="104.24565">
        <time>2026-05-17T13:30:01Z</time>
      </trkpt>
      <trkpt lat="30.60572" lon="104.24571">
        <time>2026-05-17T13:30:02Z</time>
      </trkpt>
      <trkpt lat="30.605684" lon="104.24577">
        <time>2026-05-17T13:30:03Z</time>
      </trkpt>
      <trkpt lat="30.60565" lon="104.245834">
        <time>2026-05-17T13:30:04Z</time>
      </trkpt>
      <trkpt lat="30.605618" lon="104.245895">
        <time>2026-05-17T13:30:05Z</time>
      </trkpt>
      <trkpt lat="30.605581" lon="104.24596">
        <time>2026-05-17T13:30:06Z</time>
      </trkpt>
      <trkpt lat="30.605545" lon="104.24602">
        <time>2026-05-17T13:30:07Z</time>
      </trkpt>
      <trkpt lat="30.605505" lon="104.24608">
        <time>2026-05-17T13:30:08Z</time>
      </trkpt>
      <trkpt lat="30.605467" lon="104.24613">
        <time>2026-05-17T13:30:09Z</time>
      </trkpt>
      <trkpt lat="30.60543" lon="104.24619">
        <time>2026-05-17T13:30:10Z</time>
      </trkpt>
      <trkpt lat="30.605392" lon="104.24625">
        <time>2026-05-17T13:30:11Z</time>
      </trkpt>
      <trkpt lat="30.605356" lon="104.24631">
        <time>2026-05-17T13:30:12Z</time>
      </trkpt>
      <trkpt lat="30.605322" lon="104.246376">
        <time>2026-05-17T13:30:13Z</time>
      </trkpt>
      <trkpt lat="30.605288" lon="104.24644">
        <time>2026-05-17T13:30:14Z</time>
      </trkpt>
      <trkpt lat="30.605253" lon="104.2465">
        <time>2026-05-17T13:30:15Z</time>
      </trkpt>
      <trkpt lat="30.605215" lon="104.24657">
        <time>2026-05-17T13:30:16Z</time>
      </trkpt>
      <trkpt lat="30.605177" lon="104.24663">
        <time>2026-05-17T13:30:17Z</time>
      </trkpt>
      <trkpt lat="30.605139" lon="104.24669">
        <time>2026-05-17T13:30:18Z</time>
      </trkpt>
      <trkpt lat="30.605099" lon="104.24675">
        <time>2026-05-17T13:30:19Z</time>
      </trkpt>
      <trkpt lat="30.60506" lon="104.24681">
        <time>2026-05-17T13:30:20Z</time>
      </trkpt>
      <trkpt lat="30.605022" lon="104.24687">
        <time>2026-05-17T13:30:21Z</time>
      </trkpt>
      <trkpt lat="30.604986" lon="104.24693">
        <time>2026-05-17T13:30:22Z</time>
      </trkpt>
      <trkpt lat="30.60495" lon="104.246994">
        <time>2026-05-17T13:30:23Z</time>
      </trkpt>
      <trkpt lat="30.604914" lon="104.247055">
        <time>2026-05-17T13:30:24Z</time>
      </trkpt>
      <trkpt lat="30.604876" lon="104.24712">
        <time>2026-05-17T13:30:25Z</time>
      </trkpt>
      <trkpt lat="30.604837" lon="104.247185">
        <time>2026-05-17T13:30:26Z</time>
      </trkpt>
      <trkpt lat="30.604797" lon="104.24724">
        <time>2026-05-17T13:30:27Z</time>
      </trkpt>
      <trkpt lat="30.60476" lon="104.2473">
        <time>2026-05-17T13:30:28Z</time>
      </trkpt>
      <trkpt lat="30.604721" lon="104.24737">
        <time>2026-05-17T13:30:29Z</time>
      </trkpt>
      <trkpt lat="30.604685" lon="104.24743">
        <time>2026-05-17T13:30:30Z</time>
      </trkpt>
      <trkpt lat="30.604649" lon="104.24749">
        <time>2026-05-17T13:30:31Z</time>
      </trkpt>
      <trkpt lat="30.60461" lon="104.24756">
        <time>2026-05-17T13:30:32Z</time>
      </trkpt>
      <trkpt lat="30.604572" lon="104.24762">
        <time>2026-05-17T13:30:33Z</time>
      </trkpt>
      <trkpt lat="30.604532" lon="104.24768">
        <time>2026-05-17T13:30:34Z</time>
      </trkpt>
      <trkpt lat="30.604494" lon="104.24774">
        <time>2026-05-17T13:30:35Z</time>
      </trkpt>
      <trkpt lat="30.604458" lon="104.2478">
        <time>2026-05-17T13:30:36Z</time>
      </trkpt>
      <trkpt lat="30.604424" lon="104.24786">
        <time>2026-05-17T13:30:37Z</time>
      </trkpt>
      <trkpt lat="30.604387" lon="104.24793">
        <time>2026-05-17T13:30:38Z</time>
      </trkpt>
      <trkpt lat="30.60435" lon="104.24799">
        <time>2026-05-17T13:30:39Z</time>
      </trkpt>
      <trkpt lat="30.604311" lon="104.248055">
        <time>2026-05-17T13:30:40Z</time>
      </trkpt>
      <trkpt lat="30.604273" lon="104.248116">
        <time>2026-05-17T13:30:41Z</time>
      </trkpt>
      <trkpt lat="30.604233" lon="104.24818">
        <time>2026-05-17T13:30:42Z</time>
      </trkpt>
      <trkpt lat="30.6042" lon="104.24824">
        <time>2026-05-17T13:30:43Z</time>
      </trkpt>
      <trkpt lat="30.604162" lon="104.24831">
        <time>2026-05-17T13:30:44Z</time>
      </trkpt>
      <trkpt lat="30.604118" lon="104.24836">
        <time>2026-05-17T13:30:45Z</time>
      </trkpt>
      <trkpt lat="30.604074" lon="104.24841">
        <time>2026-05-17T13:30:46Z</time>
      </trkpt>
      <trkpt lat="30.604034" lon="104.248474">
        <time>2026-05-17T13:30:47Z</time>
      </trkpt>
      <trkpt lat="30.603994" lon="104.248535">
        <time>2026-05-17T13:30:48Z</time>
      </trkpt>
      <trkpt lat="30.60396" lon="104.2486">
        <time>2026-05-17T13:30:49Z</time>
      </trkpt>
      <trkpt lat="30.603928" lon="104.24866">
        <time>2026-05-17T13:30:50Z</time>
      </trkpt>
      <trkpt lat="30.603891" lon="104.24872">
        <time>2026-05-17T13:30:51Z</time>
      </trkpt>
      <trkpt lat="30.60386" lon="104.24878">
        <time>2026-05-17T13:30:52Z</time>
      </trkpt>
      <trkpt lat="30.603825" lon="104.24884">
        <time>2026-05-17T13:30:53Z</time>
      </trkpt>
      <trkpt lat="30.60379" lon="104.2489">
        <time>2026-05-17T13:30:54Z</time>
      </trkpt>
      <trkpt lat="30.603756" lon="104.24896">
        <time>2026-05-17T13:30:55Z</time>
      </trkpt>
      <trkpt lat="30.603725" lon="104.24902">
        <time>2026-05-17T13:30:56Z</time>
      </trkpt>
      <trkpt lat="30.603687" lon="104.249084">
        <time>2026-05-17T13:30:57Z</time>
      </trkpt>
      <trkpt lat="30.60365" lon="104.24915">
        <time>2026-05-17T13:30:58Z</time>
      </trkpt>
      <trkpt lat="30.603615" lon="104.249214">
        <time>2026-05-17T13:30:59Z</time>
      </trkpt>
      <trkpt lat="30.60358" lon="104.249275">
        <time>2026-05-17T13:31:00Z</time>
      </trkpt>
      <trkpt lat="30.603544" lon="104.24934">
        <time>2026-05-17T13:31:01Z</time>
      </trkpt>
      <trkpt lat="30.603506" lon="104.2494">
        <time>2026-05-17T13:31:02Z</time>
      </trkpt>
      <trkpt lat="30.60347" lon="104.24946">
        <time>2026-05-17T13:31:03Z</time>
      </trkpt>
      <trkpt lat="30.603437" lon="104.24952">
        <time>2026-05-17T13:31:04Z</time>
      </trkpt>
      <trkpt lat="30.603403" lon="104.24958">
        <time>2026-05-17T13:31:05Z</time>
      </trkpt>
      <trkpt lat="30.603369" lon="104.24965">
        <time>2026-05-17T13:31:06Z</time>
      </trkpt>
      <trkpt lat="30.603333" lon="104.24971">
        <time>2026-05-17T13:31:07Z</time>
      </trkpt>
      <trkpt lat="30.603296" lon="104.24978">
        <time>2026-05-17T13:31:08Z</time>
      </trkpt>
      <trkpt lat="30.603258" lon="104.24984">
        <time>2026-05-17T13:31:09Z</time>
      </trkpt>
      <trkpt lat="30.603222" lon="104.2499">
        <time>2026-05-17T13:31:10Z</time>
      </trkpt>
      <trkpt lat="30.603182" lon="104.24997">
        <time>2026-05-17T13:31:11Z</time>
      </trkpt>
      <trkpt lat="30.603146" lon="104.25002">
        <time>2026-05-17T13:31:12Z</time>
      </trkpt>
      <trkpt lat="30.603107" lon="104.250084">
        <time>2026-05-17T13:31:13Z</time>
      </trkpt>
      <trkpt lat="30.603071" lon="104.25015">
        <time>2026-05-17T13:31:14Z</time>
      </trkpt>
      <trkpt lat="30.603035" lon="104.25021">
        <time>2026-05-17T13:31:15Z</time>
      </trkpt>
      <trkpt lat="30.602997" lon="104.250275">
        <time>2026-05-17T13:31:16Z</time>
      </trkpt>
      <trkpt lat="30.602959" lon="104.250336">
        <time>2026-05-17T13:31:17Z</time>
      </trkpt>
      <trkpt lat="30.60292" lon="104.250404">
        <time>2026-05-17T13:31:18Z</time>
      </trkpt>
      <trkpt lat="30.60288" lon="104.25047">
        <time>2026-05-17T13:31:19Z</time>
      </trkpt>
      <trkpt lat="30.60284" lon="104.250534">
        <time>2026-05-17T13:31:20Z</time>
      </trkpt>
      <trkpt lat="30.6028" lon="104.2506">
        <time>2026-05-17T13:31:21Z</time>
      </trkpt>
      <trkpt lat="30.60276" lon="104.25067">
        <time>2026-05-17T13:31:22Z</time>
      </trkpt>
      <trkpt lat="30.60272" lon="104.25074">
        <time>2026-05-17T13:31:23Z</time>
      </trkpt>
      <trkpt lat="30.602678" lon="104.25081">
        <time>2026-05-17T13:31:24Z</time>
      </trkpt>
      <trkpt lat="30.602636" lon="104.25087">
        <time>2026-05-17T13:31:25Z</time>
      </trkpt>
      <trkpt lat="30.602596" lon="104.25094">
        <time>2026-05-17T13:31:26Z</time>
      </trkpt>
      <trkpt lat="30.602558" lon="104.25101">
        <time>2026-05-17T13:31:27Z</time>
      </trkpt>
      <trkpt lat="30.602518" lon="104.251076">
        <time>2026-05-17T13:31:28Z</time>
      </trkpt>
      <trkpt lat="30.602476" lon="104.251144">
        <time>2026-05-17T13:31:29Z</time>
      </trkpt>
      <trkpt lat="30.602434" lon="104.251205">
        <time>2026-05-17T13:31:30Z</time>
      </trkpt>
      <trkpt lat="30.602398" lon="104.251274">
        <time>2026-05-17T13:31:31Z</time>
      </trkpt>
      <trkpt lat="30.602358" lon="104.25134">
        <time>2026-05-17T13:31:32Z</time>
      </trkpt>
      <trkpt lat="30.602316" lon="104.25141">
        <time>2026-05-17T13:31:33Z</time>
      </trkpt>
      <trkpt lat="30.602276" lon="104.25148">
        <time>2026-05-17T13:31:34Z</time>
      </trkpt>
      <trkpt lat="30.602236" lon="104.25156">
        <time>2026-05-17T13:31:35Z</time>
      </trkpt>
      <trkpt lat="30.602196" lon="104.251625">
        <time>2026-05-17T13:31:36Z</time>
      </trkpt>
      <trkpt lat="30.602158" lon="104.25169">
        <time>2026-05-17T13:31:37Z</time>
      </trkpt>
      <trkpt lat="30.602118" lon="104.25177">
        <time>2026-05-17T13:31:38Z</time>
      </trkpt>
      <trkpt lat="30.602077" lon="104.25184">
        <time>2026-05-17T13:31:39Z</time>
      </trkpt>
      <trkpt lat="30.602037" lon="104.251915">
        <time>2026-05-17T13:31:40Z</time>
      </trkpt>
      <trkpt lat="30.602005" lon="104.25198">
        <time>2026-05-17T13:31:41Z</time>
      </trkpt>
      <trkpt lat="30.601967" lon="104.25205">
        <time>2026-05-17T13:31:42Z</time>
      </trkpt>
      <trkpt lat="30.601929" lon="104.25213">
        <time>2026-05-17T13:31:43Z</time>
      </trkpt>
      <trkpt lat="30.601894" lon="104.2522">
        <time>2026-05-17T13:31:44Z</time>
      </trkpt>
      <trkpt lat="30.60186" lon="104.252266">
        <time>2026-05-17T13:31:45Z</time>
      </trkpt>
      <trkpt lat="30.601826" lon="104.252335">
        <time>2026-05-17T13:31:46Z</time>
      </trkpt>
      <trkpt lat="30.60179" lon="104.2524">
        <time>2026-05-17T13:31:47Z</time>
      </trkpt>
      <trkpt lat="30.601753" lon="104.25248">
        <time>2026-05-17T13:31:48Z</time>
      </trkpt>
      <trkpt lat="30.601719" lon="104.25255">
        <time>2026-05-17T13:31:49Z</time>
      </trkpt>
      <trkpt lat="30.601686" lon="104.252625">
        <time>2026-05-17T13:31:50Z</time>
      </trkpt>
      <trkpt lat="30.601652" lon="104.25269">
        <time>2026-05-17T13:31:51Z</time>
      </trkpt>
      <trkpt lat="30.601618" lon="104.25277">
        <time>2026-05-17T13:31:52Z</time>
      </trkpt>
      <trkpt lat="30.601582" lon="104.25284">
        <time>2026-05-17T13:31:53Z</time>
      </trkpt>
      <trkpt lat="30.601547" lon="104.252914">
        <time>2026-05-17T13:31:54Z</time>
      </trkpt>
      <trkpt lat="30.601511" lon="104.25298">
        <time>2026-05-17T13:31:55Z</time>
      </trkpt>
      <trkpt lat="30.601477" lon="104.25306">
        <time>2026-05-17T13:31:56Z</time>
      </trkpt>
      <trkpt lat="30.601444" lon="104.253136">
        <time>2026-05-17T13:31:57Z</time>
      </trkpt>
      <trkpt lat="30.601412" lon="104.25321">
        <time>2026-05-17T13:31:58Z</time>
      </trkpt>
      <trkpt lat="30.60138" lon="104.25329">
        <time>2026-05-17T13:31:59Z</time>
      </trkpt>
      <trkpt lat="30.601347" lon="104.253365">
        <time>2026-05-17T13:32:00Z</time>
      </trkpt>
      <trkpt lat="30.60131" lon="104.25345">
        <time>2026-05-17T13:32:01Z</time>
      </trkpt>
      <trkpt lat="30.601278" lon="104.25353">
        <time>2026-05-17T13:32:02Z</time>
      </trkpt>
      <trkpt lat="30.601244" lon="104.25361">
        <time>2026-05-17T13:32:03Z</time>
      </trkpt>
      <trkpt lat="30.601212" lon="104.25369">
        <time>2026-05-17T13:32:04Z</time>
      </trkpt>
      <trkpt lat="30.60118" lon="104.25377">
        <time>2026-05-17T13:32:05Z</time>
      </trkpt>
      <trkpt lat="30.601149" lon="104.25385">
        <time>2026-05-17T13:32:06Z</time>
      </trkpt>
      <trkpt lat="30.601118" lon="104.25394">
        <time>2026-05-17T13:32:07Z</time>
      </trkpt>
      <trkpt lat="30.601082" lon="104.25403">
        <time>2026-05-17T13:32:08Z</time>
      </trkpt>
      <trkpt lat="30.601046" lon="104.25411">
        <time>2026-05-17T13:32:09Z</time>
      </trkpt>
      <trkpt lat="30.601015" lon="104.2542">
        <time>2026-05-17T13:32:10Z</time>
      </trkpt>
      <trkpt lat="30.600985" lon="104.254295">
        <time>2026-05-17T13:32:11Z</time>
      </trkpt>
      <trkpt lat="30.600954" lon="104.25439">
        <time>2026-05-17T13:32:12Z</time>
      </trkpt>
      <trkpt lat="30.600927" lon="104.25447">
        <time>2026-05-17T13:32:13Z</time>
      </trkpt>
      <trkpt lat="30.600893" lon="104.25456">
        <time>2026-05-17T13:32:14Z</time>
      </trkpt>
      <trkpt lat="30.600863" lon="104.254654">
        <time>2026-05-17T13:32:15Z</time>
      </trkpt>
      <trkpt lat="30.600836" lon="104.25475">
        <time>2026-05-17T13:32:16Z</time>
      </trkpt>
      <trkpt lat="30.60081" lon="104.25485">
        <time>2026-05-17T13:32:17Z</time>
      </trkpt>
      <trkpt lat="30.60078" lon="104.254944">
        <time>2026-05-17T13:32:18Z</time>
      </trkpt>
      <trkpt lat="30.60075" lon="104.255035">
        <time>2026-05-17T13:32:19Z</time>
      </trkpt>
      <trkpt lat="30.600721" lon="104.25513">
        <time>2026-05-17T13:32:20Z</time>
      </trkpt>
      <trkpt lat="30.60069" lon="104.255226">
        <time>2026-05-17T13:32:21Z</time>
      </trkpt>
      <trkpt lat="30.600664" lon="104.25532">
        <time>2026-05-17T13:32:22Z</time>
      </trkpt>
      <trkpt lat="30.600637" lon="104.25542">
        <time>2026-05-17T13:32:23Z</time>
      </trkpt>
      <trkpt lat="30.600609" lon="104.25551">
        <time>2026-05-17T13:32:24Z</time>
      </trkpt>
      <trkpt lat="30.60058" lon="104.25561">
        <time>2026-05-17T13:32:25Z</time>
      </trkpt>
      <trkpt lat="30.600554" lon="104.25571">
        <time>2026-05-17T13:32:26Z</time>
      </trkpt>
      <trkpt lat="30.600527" lon="104.2558">
        <time>2026-05-17T13:32:27Z</time>
      </trkpt>
      <trkpt lat="30.6005" lon="104.2559">
        <time>2026-05-17T13:32:28Z</time>
      </trkpt>
      <trkpt lat="30.60048" lon="104.25599">
        <time>2026-05-17T13:32:29Z</time>
      </trkpt>
      <trkpt lat="30.600452" lon="104.25609">
        <time>2026-05-17T13:32:30Z</time>
      </trkpt>
      <trkpt lat="30.600428" lon="104.25619">
        <time>2026-05-17T13:32:31Z</time>
      </trkpt>
      <trkpt lat="30.600407" lon="104.25629">
        <time>2026-05-17T13:32:32Z</time>
      </trkpt>
      <trkpt lat="30.600386" lon="104.25638">
        <time>2026-05-17T13:32:33Z</time>
      </trkpt>
      <trkpt lat="30.600363" lon="104.25648">
        <time>2026-05-17T13:32:34Z</time>
      </trkpt>
      <trkpt lat="30.600346" lon="104.25658">
        <time>2026-05-17T13:32:35Z</time>
      </trkpt>
      <trkpt lat="30.600325" lon="104.25667">
        <time>2026-05-17T13:32:36Z</time>
      </trkpt>
      <trkpt lat="30.600306" lon="104.25677">
        <time>2026-05-17T13:32:37Z</time>
      </trkpt>
      <trkpt lat="30.600285" lon="104.25687">
        <time>2026-05-17T13:32:38Z</time>
      </trkpt>
      <trkpt lat="30.600266" lon="104.256966">
        <time>2026-05-17T13:32:39Z</time>
      </trkpt>
      <trkpt lat="30.600254" lon="104.25706">
        <time>2026-05-17T13:32:40Z</time>
      </trkpt>
      <trkpt lat="30.600245" lon="104.25716">
        <time>2026-05-17T13:32:41Z</time>
      </trkpt>
      <trkpt lat="30.600227" lon="104.257256">
        <time>2026-05-17T13:32:42Z</time>
      </trkpt>
      <trkpt lat="30.600203" lon="104.25735">
        <time>2026-05-17T13:32:43Z</time>
      </trkpt>
      <trkpt lat="30.600176" lon="104.25745">
        <time>2026-05-17T13:32:44Z</time>
      </trkpt>
      <trkpt lat="30.600153" lon="104.25754">
        <time>2026-05-17T13:32:45Z</time>
      </trkpt>
      <trkpt lat="30.600134" lon="104.25763">
        <time>2026-05-17T13:32:46Z</time>
      </trkpt>
      <trkpt lat="30.600113" lon="104.25773">
        <time>2026-05-17T13:32:47Z</time>
      </trkpt>
      <trkpt lat="30.600096" lon="104.25782">
        <time>2026-05-17T13:32:48Z</time>
      </trkpt>
      <trkpt lat="30.600084" lon="104.25792">
        <time>2026-05-17T13:32:49Z</time>
      </trkpt>
      <trkpt lat="30.600079" lon="104.258">
        <time>2026-05-17T13:32:50Z</time>
      </trkpt>
      <trkpt lat="30.60007" lon="104.25809">
        <time>2026-05-17T13:32:51Z</time>
      </trkpt>
      <trkpt lat="30.600061" lon="104.25817">
        <time>2026-05-17T13:32:52Z</time>
      </trkpt>
      <trkpt lat="30.600054" lon="104.25826">
        <time>2026-05-17T13:32:53Z</time>
      </trkpt>
      <trkpt lat="30.600042" lon="104.25835">
        <time>2026-05-17T13:32:54Z</time>
      </trkpt>
      <trkpt lat="30.60003" lon="104.25843">
        <time>2026-05-17T13:32:55Z</time>
      </trkpt>
      <trkpt lat="30.600021" lon="104.258514">
        <time>2026-05-17T13:32:56Z</time>
      </trkpt>
      <trkpt lat="30.60001" lon="104.25859">
        <time>2026-05-17T13:32:57Z</time>
      </trkpt>
      <trkpt lat="30.599997" lon="104.258675">
        <time>2026-05-17T13:32:58Z</time>
      </trkpt>
      <trkpt lat="30.599983" lon="104.25875">
        <time>2026-05-17T13:32:59Z</time>
      </trkpt>
      <trkpt lat="30.599972" lon="104.258835">
        <time>2026-05-17T13:33:00Z</time>
      </trkpt>
      <trkpt lat="30.599958" lon="104.25891">
        <time>2026-05-17T13:33:01Z</time>
      </trkpt>
      <trkpt lat="30.59995" lon="104.258995">
        <time>2026-05-17T13:33:02Z</time>
      </trkpt>
      <trkpt lat="30.599947" lon="104.25906">
        <time>2026-05-17T13:33:03Z</time>
      </trkpt>
      <trkpt lat="30.599945" lon="104.25914">
        <time>2026-05-17T13:33:04Z</time>
      </trkpt>
      <trkpt lat="30.599947" lon="104.25922">
        <time>2026-05-17T13:33:05Z</time>
      </trkpt>
      <trkpt lat="30.599947" lon="104.25929">
        <time>2026-05-17T13:33:06Z</time>
      </trkpt>
      <trkpt lat="30.599947" lon="104.25937">
        <time>2026-05-17T13:33:07Z</time>
      </trkpt>
      <trkpt lat="30.599945" lon="104.259445">
        <time>2026-05-17T13:33:08Z</time>
      </trkpt>
      <trkpt lat="30.599937" lon="104.25952">
        <time>2026-05-17T13:33:09Z</time>
      </trkpt>
      <trkpt lat="30.599936" lon="104.2596">
        <time>2026-05-17T13:33:10Z</time>
      </trkpt>
      <trkpt lat="30.599934" lon="104.259674">
        <time>2026-05-17T13:33:11Z</time>
      </trkpt>
      <trkpt lat="30.59993" lon="104.25975">
        <time>2026-05-17T13:33:12Z</time>
      </trkpt>
      <trkpt lat="30.599928" lon="104.25983">
        <time>2026-05-17T13:33:13Z</time>
      </trkpt>
      <trkpt lat="30.599922" lon="104.2599">
        <time>2026-05-17T13:33:14Z</time>
      </trkpt>
      <trkpt lat="30.599913" lon="104.25998">
        <time>2026-05-17T13:33:15Z</time>
      </trkpt>
      <trkpt lat="30.599907" lon="104.260056">
        <time>2026-05-17T13:33:16Z</time>
      </trkpt>
      <trkpt lat="30.599897" lon="104.26013">
        <time>2026-05-17T13:33:17Z</time>
      </trkpt>
      <trkpt lat="30.599894" lon="104.26021">
        <time>2026-05-17T13:33:18Z</time>
      </trkpt>
      <trkpt lat="30.59989" lon="104.260284">
        <time>2026-05-17T13:33:19Z</time>
      </trkpt>
      <trkpt lat="30.59989" lon="104.26036">
        <time>2026-05-17T13:33:20Z</time>
      </trkpt>
      <trkpt lat="30.599884" lon="104.26044">
        <time>2026-05-17T13:33:21Z</time>
      </trkpt>
      <trkpt lat="30.59988" lon="104.260506">
        <time>2026-05-17T13:33:22Z</time>
      </trkpt>
      <trkpt lat="30.599874" lon="104.26059">
        <time>2026-05-17T13:33:23Z</time>
      </trkpt>
      <trkpt lat="30.59987" lon="104.260666">
        <time>2026-05-17T13:33:24Z</time>
      </trkpt>
      <trkpt lat="30.599867" lon="104.26075">
        <time>2026-05-17T13:33:25Z</time>
      </trkpt>
      <trkpt lat="30.599861" lon="104.26083">
        <time>2026-05-17T13:33:26Z</time>
      </trkpt>
      <trkpt lat="30.599857" lon="104.26091">
        <time>2026-05-17T13:33:27Z</time>
      </trkpt>
      <trkpt lat="30.599848" lon="104.260994">
        <time>2026-05-17T13:33:28Z</time>
      </trkpt>
      <trkpt lat="30.599842" lon="104.26107">
        <time>2026-05-17T13:33:29Z</time>
      </trkpt>
      <trkpt lat="30.599836" lon="104.26115">
        <time>2026-05-17T13:33:30Z</time>
      </trkpt>
      <trkpt lat="30.599834" lon="104.26123">
        <time>2026-05-17T13:33:31Z</time>
      </trkpt>
      <trkpt lat="30.599833" lon="104.26131">
        <time>2026-05-17T13:33:32Z</time>
      </trkpt>
      <trkpt lat="30.599829" lon="104.26139">
        <time>2026-05-17T13:33:33Z</time>
      </trkpt>
      <trkpt lat="30.599823" lon="104.26146">
        <time>2026-05-17T13:33:34Z</time>
      </trkpt>
      <trkpt lat="30.599823" lon="104.261536">
        <time>2026-05-17T13:33:35Z</time>
      </trkpt>
      <trkpt lat="30.599823" lon="104.26162">
        <time>2026-05-17T13:33:36Z</time>
      </trkpt>
      <trkpt lat="30.599823" lon="104.2617">
        <time>2026-05-17T13:33:37Z</time>
      </trkpt>
      <trkpt lat="30.599823" lon="104.26179">
        <time>2026-05-17T13:33:38Z</time>
      </trkpt>
      <trkpt lat="30.599823" lon="104.26186">
        <time>2026-05-17T13:33:39Z</time>
      </trkpt>
      <trkpt lat="30.59982" lon="104.26194">
        <time>2026-05-17T13:33:40Z</time>
      </trkpt>
      <trkpt lat="30.599813" lon="104.26202">
        <time>2026-05-17T13:33:41Z</time>
      </trkpt>
      <trkpt lat="30.599812" lon="104.2621">
        <time>2026-05-17T13:33:42Z</time>
      </trkpt>
      <trkpt lat="30.599808" lon="104.26218">
        <time>2026-05-17T13:33:43Z</time>
      </trkpt>
      <trkpt lat="30.599806" lon="104.26225">
        <time>2026-05-17T13:33:44Z</time>
      </trkpt>
      <trkpt lat="30.599804" lon="104.26233">
        <time>2026-05-17T13:33:45Z</time>
      </trkpt>
      <trkpt lat="30.599798" lon="104.262405">
        <time>2026-05-17T13:33:46Z</time>
      </trkpt>
      <trkpt lat="30.59979" lon="104.26248">
        <time>2026-05-17T13:33:47Z</time>
      </trkpt>
      <trkpt lat="30.599781" lon="104.26256">
        <time>2026-05-17T13:33:48Z</time>
      </trkpt>
      <trkpt lat="30.599777" lon="104.262634">
        <time>2026-05-17T13:33:49Z</time>
      </trkpt>
      <trkpt lat="30.599773" lon="104.26271">
        <time>2026-05-17T13:33:50Z</time>
      </trkpt>
      <trkpt lat="30.599768" lon="104.26278">
        <time>2026-05-17T13:33:51Z</time>
      </trkpt>
      <trkpt lat="30.599764" lon="104.26284">
        <time>2026-05-17T13:33:52Z</time>
      </trkpt>
      <trkpt lat="30.599758" lon="104.26291">
        <time>2026-05-17T13:33:53Z</time>
      </trkpt>
      <trkpt lat="30.599752" lon="104.26298">
        <time>2026-05-17T13:33:54Z</time>
      </trkpt>
      <trkpt lat="30.599741" lon="104.263054">
        <time>2026-05-17T13:33:55Z</time>
      </trkpt>
      <trkpt lat="30.599735" lon="104.263115">
        <time>2026-05-17T13:33:56Z</time>
      </trkpt>
      <trkpt lat="30.599733" lon="104.26318">
        <time>2026-05-17T13:33:57Z</time>
      </trkpt>
      <trkpt lat="30.599731" lon="104.26325">
        <time>2026-05-17T13:33:58Z</time>
      </trkpt>
      <trkpt lat="30.599735" lon="104.26332">
        <time>2026-05-17T13:33:59Z</time>
      </trkpt>
      <trkpt lat="30.599733" lon="104.26339">
        <time>2026-05-17T13:34:00Z</time>
      </trkpt>
      <trkpt lat="30.599728" lon="104.26345">
        <time>2026-05-17T13:34:01Z</time>
      </trkpt>
      <trkpt lat="30.599726" lon="104.26352">
        <time>2026-05-17T13:34:02Z</time>
      </trkpt>
      <trkpt lat="30.599726" lon="104.26358">
        <time>2026-05-17T13:34:03Z</time>
      </trkpt>
      <trkpt lat="30.599724" lon="104.26364">
        <time>2026-05-17T13:34:04Z</time>
      </trkpt>
      <trkpt lat="30.599722" lon="104.26371">
        <time>2026-05-17T13:34:05Z</time>
      </trkpt>
      <trkpt lat="30.59972" lon="104.26377">
        <time>2026-05-17T13:34:06Z</time>
      </trkpt>
      <trkpt lat="30.599716" lon="104.26383">
        <time>2026-05-17T13:34:07Z</time>
      </trkpt>
      <trkpt lat="30.599714" lon="104.26389">
        <time>2026-05-17T13:34:08Z</time>
      </trkpt>
      <trkpt lat="30.59971" lon="104.263954">
        <time>2026-05-17T13:34:09Z</time>
      </trkpt>
      <trkpt lat="30.599709" lon="104.264015">
        <time>2026-05-17T13:34:10Z</time>
      </trkpt>
      <trkpt lat="30.599705" lon="104.26407">
        <time>2026-05-17T13:34:11Z</time>
      </trkpt>
      <trkpt lat="30.599703" lon="104.26413">
        <time>2026-05-17T13:34:12Z</time>
      </trkpt>
      <trkpt lat="30.5997" lon="104.2642">
        <time>2026-05-17T13:34:13Z</time>
      </trkpt>
      <trkpt lat="30.599697" lon="104.26425">
        <time>2026-05-17T13:34:14Z</time>
      </trkpt>
      <trkpt lat="30.599693" lon="104.26431">
        <time>2026-05-17T13:34:15Z</time>
      </trkpt>
      <trkpt lat="30.59969" lon="104.26437">
        <time>2026-05-17T13:34:16Z</time>
      </trkpt>
      <trkpt lat="30.599688" lon="104.26443">
        <time>2026-05-17T13:34:17Z</time>
      </trkpt>
      <trkpt lat="30.599688" lon="104.26449">
        <time>2026-05-17T13:34:18Z</time>
      </trkpt>
      <trkpt lat="30.599686" lon="104.26455">
        <time>2026-05-17T13:34:19Z</time>
      </trkpt>
      <trkpt lat="30.599682" lon="104.26461">
        <time>2026-05-17T13:34:20Z</time>
      </trkpt>
      <trkpt lat="30.599678" lon="104.26468">
        <time>2026-05-17T13:34:21Z</time>
      </trkpt>
      <trkpt lat="30.599674" lon="104.26474">
        <time>2026-05-17T13:34:22Z</time>
      </trkpt>
      <trkpt lat="30.599665" lon="104.26482">
        <time>2026-05-17T13:34:23Z</time>
      </trkpt>
      <trkpt lat="30.599659" lon="104.26488">
        <time>2026-05-17T13:34:24Z</time>
      </trkpt>
      <trkpt lat="30.599651" lon="104.264946">
        <time>2026-05-17T13:34:25Z</time>
      </trkpt>
      <trkpt lat="30.599648" lon="104.265015">
        <time>2026-05-17T13:34:26Z</time>
      </trkpt>
      <trkpt lat="30.599644" lon="104.26509">
        <time>2026-05-17T13:34:27Z</time>
      </trkpt>
      <trkpt lat="30.59964" lon="104.26516">
        <time>2026-05-17T13:34:28Z</time>
      </trkpt>
      <trkpt lat="30.599646" lon="104.26522">
        <time>2026-05-17T13:34:29Z</time>
      </trkpt>
      <trkpt lat="30.599648" lon="104.26529">
        <time>2026-05-17T13:34:30Z</time>
      </trkpt>
      <trkpt lat="30.599648" lon="104.26536">
        <time>2026-05-17T13:34:31Z</time>
      </trkpt>
      <trkpt lat="30.599646" lon="104.26543">
        <time>2026-05-17T13:34:32Z</time>
      </trkpt>
      <trkpt lat="30.599644" lon="104.265495">
        <time>2026-05-17T13:34:33Z</time>
      </trkpt>
      <trkpt lat="30.599642" lon="104.265564">
        <time>2026-05-17T13:34:34Z</time>
      </trkpt>
      <trkpt lat="30.599636" lon="104.26563">
        <time>2026-05-17T13:34:35Z</time>
      </trkpt>
      <trkpt lat="30.599634" lon="104.26571">
        <time>2026-05-17T13:34:36Z</time>
      </trkpt>
      <trkpt lat="30.599634" lon="104.265785">
        <time>2026-05-17T13:34:37Z</time>
      </trkpt>
      <trkpt lat="30.599634" lon="104.265854">
        <time>2026-05-17T13:34:38Z</time>
      </trkpt>
      <trkpt lat="30.599625" lon="104.26592">
        <time>2026-05-17T13:34:39Z</time>
      </trkpt>
      <trkpt lat="30.59962" lon="104.26599">
        <time>2026-05-17T13:34:40Z</time>
      </trkpt>
      <trkpt lat="30.599619" lon="104.26607">
        <time>2026-05-17T13:34:41Z</time>
      </trkpt>
      <trkpt lat="30.599617" lon="104.266136">
        <time>2026-05-17T13:34:42Z</time>
      </trkpt>
      <trkpt lat="30.599615" lon="104.266205">
        <time>2026-05-17T13:34:43Z</time>
      </trkpt>
      <trkpt lat="30.599611" lon="104.26627">
        <time>2026-05-17T13:34:44Z</time>
      </trkpt>
      <trkpt lat="30.599607" lon="104.26634">
        <time>2026-05-17T13:34:45Z</time>
      </trkpt>
      <trkpt lat="30.599602" lon="104.26642">
        <time>2026-05-17T13:34:46Z</time>
      </trkpt>
      <trkpt lat="30.599602" lon="104.26649">
        <time>2026-05-17T13:34:47Z</time>
      </trkpt>
      <trkpt lat="30.599598" lon="104.266556">
        <time>2026-05-17T13:34:48Z</time>
      </trkpt>
      <trkpt lat="30.599594" lon="104.26663">
        <time>2026-05-17T13:34:49Z</time>
      </trkpt>
      <trkpt lat="30.599585" lon="104.2667">
        <time>2026-05-17T13:34:50Z</time>
      </trkpt>
      <trkpt lat="30.59958" lon="104.26677">
        <time>2026-05-17T13:34:51Z</time>
      </trkpt>
      <trkpt lat="30.599579" lon="104.26684">
        <time>2026-05-17T13:34:52Z</time>
      </trkpt>
      <trkpt lat="30.599575" lon="104.26691">
        <time>2026-05-17T13:34:53Z</time>
      </trkpt>
      <trkpt lat="30.599571" lon="104.266975">
        <time>2026-05-17T13:34:54Z</time>
      </trkpt>
      <trkpt lat="30.599567" lon="104.267044">
        <time>2026-05-17T13:34:55Z</time>
      </trkpt>
      <trkpt lat="30.599567" lon="104.26712">
        <time>2026-05-17T13:34:56Z</time>
      </trkpt>
      <trkpt lat="30.599564" lon="104.26718">
        <time>2026-05-17T13:34:57Z</time>
      </trkpt>
      <trkpt lat="30.599558" lon="104.26726">
        <time>2026-05-17T13:34:58Z</time>
      </trkpt>
      <trkpt lat="30.599554" lon="104.26733">
        <time>2026-05-17T13:34:59Z</time>
      </trkpt>
      <trkpt lat="30.599552" lon="104.267395">
        <time>2026-05-17T13:35:00Z</time>
      </trkpt>
      <trkpt lat="30.59955" lon="104.26746">
        <time>2026-05-17T13:35:01Z</time>
      </trkpt>
      <trkpt lat="30.599548" lon="104.26754">
        <time>2026-05-17T13:35:02Z</time>
      </trkpt>
      <trkpt lat="30.599545" lon="104.26761">
        <time>2026-05-17T13:35:03Z</time>
      </trkpt>
      <trkpt lat="30.599543" lon="104.267685">
        <time>2026-05-17T13:35:04Z</time>
      </trkpt>
      <trkpt lat="30.59954" lon="104.26775">
        <time>2026-05-17T13:35:05Z</time>
      </trkpt>
      <trkpt lat="30.599535" lon="104.26783">
        <time>2026-05-17T13:35:06Z</time>
      </trkpt>
      <trkpt lat="30.59953" lon="104.26791">
        <time>2026-05-17T13:35:07Z</time>
      </trkpt>
      <trkpt lat="30.599524" lon="104.26798">
        <time>2026-05-17T13:35:08Z</time>
      </trkpt>
      <trkpt lat="30.599518" lon="104.26807">
        <time>2026-05-17T13:35:09Z</time>
      </trkpt>
      <trkpt lat="30.599512" lon="104.26814">
        <time>2026-05-17T13:35:10Z</time>
      </trkpt>
      <trkpt lat="30.599506" lon="104.26823">
        <time>2026-05-17T13:35:11Z</time>
      </trkpt>
      <trkpt lat="30.5995" lon="104.26831">
        <time>2026-05-17T13:35:12Z</time>
      </trkpt>
      <trkpt lat="30.599497" lon="104.268394">
        <time>2026-05-17T13:35:13Z</time>
      </trkpt>
      <trkpt lat="30.599491" lon="104.268486">
        <time>2026-05-17T13:35:14Z</time>
      </trkpt>
      <trkpt lat="30.599485" lon="104.26857">
        <time>2026-05-17T13:35:15Z</time>
      </trkpt>
      <trkpt lat="30.59948" lon="104.268654">
        <time>2026-05-17T13:35:16Z</time>
      </trkpt>
      <trkpt lat="30.599476" lon="104.26874">
        <time>2026-05-17T13:35:17Z</time>
      </trkpt>
      <trkpt lat="30.599468" lon="104.26882">
        <time>2026-05-17T13:35:18Z</time>
      </trkpt>
      <trkpt lat="30.599463" lon="104.268906">
        <time>2026-05-17T13:35:19Z</time>
      </trkpt>
      <trkpt lat="30.599459" lon="104.26899">
        <time>2026-05-17T13:35:20Z</time>
      </trkpt>
      <trkpt lat="30.599453" lon="104.26907">
        <time>2026-05-17T13:35:21Z</time>
      </trkpt>
      <trkpt lat="30.59945" lon="104.26915">
        <time>2026-05-17T13:35:22Z</time>
      </trkpt>
      <trkpt lat="30.599442" lon="104.26923">
        <time>2026-05-17T13:35:23Z</time>
      </trkpt>
      <trkpt lat="30.599434" lon="104.269325">
        <time>2026-05-17T13:35:24Z</time>
      </trkpt>
      <trkpt lat="30.599424" lon="104.26942">
        <time>2026-05-17T13:35:25Z</time>
      </trkpt>
      <trkpt lat="30.599417" lon="104.26951">
        <time>2026-05-17T13:35:26Z</time>
      </trkpt>
      <trkpt lat="30.59941" lon="104.26959">
        <time>2026-05-17T13:35:27Z</time>
      </trkpt>
      <trkpt lat="30.5994" lon="104.26968">
        <time>2026-05-17T13:35:28Z</time>
      </trkpt>
      <trkpt lat="30.599392" lon="104.26977">
        <time>2026-05-17T13:35:29Z</time>
      </trkpt>
      <trkpt lat="30.59938" lon="104.26986">
        <time>2026-05-17T13:35:30Z</time>
      </trkpt>
      <trkpt lat="30.599367" lon="104.26995">
        <time>2026-05-17T13:35:31Z</time>
      </trkpt>
      <trkpt lat="30.599358" lon="104.27004">
        <time>2026-05-17T13:35:32Z</time>
      </trkpt>
      <trkpt lat="30.599348" lon="104.270134">
        <time>2026-05-17T13:35:33Z</time>
      </trkpt>
      <trkpt lat="30.599339" lon="104.270226">
        <time>2026-05-17T13:35:34Z</time>
      </trkpt>
      <trkpt lat="30.599327" lon="104.27032">
        <time>2026-05-17T13:35:35Z</time>
      </trkpt>
      <trkpt lat="30.599318" lon="104.27041">
        <time>2026-05-17T13:35:36Z</time>
      </trkpt>
      <trkpt lat="30.599304" lon="104.2705">
        <time>2026-05-17T13:35:37Z</time>
      </trkpt>
      <trkpt lat="30.599295" lon="104.27059">
        <time>2026-05-17T13:35:38Z</time>
      </trkpt>
      <trkpt lat="30.599285" lon="104.270676">
        <time>2026-05-17T13:35:39Z</time>
      </trkpt>
      <trkpt lat="30.599274" lon="104.27077">
        <time>2026-05-17T13:35:40Z</time>
      </trkpt>
      <trkpt lat="30.599262" lon="104.27086">
        <time>2026-05-17T13:35:41Z</time>
      </trkpt>
      <trkpt lat="30.59925" lon="104.27094">
        <time>2026-05-17T13:35:42Z</time>
      </trkpt>
      <trkpt lat="30.599237" lon="104.27103">
        <time>2026-05-17T13:35:43Z</time>
      </trkpt>
      <trkpt lat="30.599224" lon="104.27112">
        <time>2026-05-17T13:35:44Z</time>
      </trkpt>
      <trkpt lat="30.59921" lon="104.2712">
        <time>2026-05-17T13:35:45Z</time>
      </trkpt>
      <trkpt lat="30.599203" lon="104.27129">
        <time>2026-05-17T13:35:46Z</time>
      </trkpt>
      <trkpt lat="30.599194" lon="104.27138">
        <time>2026-05-17T13:35:47Z</time>
      </trkpt>
      <trkpt lat="30.599182" lon="104.27146">
        <time>2026-05-17T13:35:48Z</time>
      </trkpt>
      <trkpt lat="30.599169" lon="104.27155">
        <time>2026-05-17T13:35:49Z</time>
      </trkpt>
      <trkpt lat="30.599157" lon="104.27164">
        <time>2026-05-17T13:35:50Z</time>
      </trkpt>
      <trkpt lat="30.599144" lon="104.27172">
        <time>2026-05-17T13:35:51Z</time>
      </trkpt>
      <trkpt lat="30.599129" lon="104.271805">
        <time>2026-05-17T13:35:52Z</time>
      </trkpt>
      <trkpt lat="30.599113" lon="104.27189">
        <time>2026-05-17T13:35:53Z</time>
      </trkpt>
      <trkpt lat="30.5991" lon="104.27197">
        <time>2026-05-17T13:35:54Z</time>
      </trkpt>
      <trkpt lat="30.599087" lon="104.27206">
        <time>2026-05-17T13:35:55Z</time>
      </trkpt>
      <trkpt lat="30.599073" lon="104.27213">
        <time>2026-05-17T13:35:56Z</time>
      </trkpt>
      <trkpt lat="30.59906" lon="104.27222">
        <time>2026-05-17T13:35:57Z</time>
      </trkpt>
      <trkpt lat="30.59905" lon="104.2723">
        <time>2026-05-17T13:35:58Z</time>
      </trkpt>
      <trkpt lat="30.59904" lon="104.272385">
        <time>2026-05-17T13:35:59Z</time>
      </trkpt>
      <trkpt lat="30.599024" lon="104.27247">
        <time>2026-05-17T13:36:00Z</time>
      </trkpt>
      <trkpt lat="30.599012" lon="104.272545">
        <time>2026-05-17T13:36:01Z</time>
      </trkpt>
      <trkpt lat="30.598997" lon="104.27264">
        <time>2026-05-17T13:36:02Z</time>
      </trkpt>
      <trkpt lat="30.598986" lon="104.27272">
        <time>2026-05-17T13:36:03Z</time>
      </trkpt>
      <trkpt lat="30.598972" lon="104.272804">
        <time>2026-05-17T13:36:04Z</time>
      </trkpt>
      <trkpt lat="30.598957" lon="104.27288">
        <time>2026-05-17T13:36:05Z</time>
      </trkpt>
      <trkpt lat="30.598942" lon="104.272964">
        <time>2026-05-17T13:36:06Z</time>
      </trkpt>
      <trkpt lat="30.598927" lon="104.27304">
        <time>2026-05-17T13:36:07Z</time>
      </trkpt>
      <trkpt lat="30.59891" lon="104.27312">
        <time>2026-05-17T13:36:08Z</time>
      </trkpt>
      <trkpt lat="30.598894" lon="104.27319">
        <time>2026-05-17T13:36:09Z</time>
      </trkpt>
      <trkpt lat="30.598875" lon="104.27328">
        <time>2026-05-17T13:36:10Z</time>
      </trkpt>
      <trkpt lat="30.59886" lon="104.27335">
        <time>2026-05-17T13:36:11Z</time>
      </trkpt>
      <trkpt lat="30.598848" lon="104.27344">
        <time>2026-05-17T13:36:12Z</time>
      </trkpt>
      <trkpt lat="30.598833" lon="104.27351">
        <time>2026-05-17T13:36:13Z</time>
      </trkpt>
      <trkpt lat="30.598816" lon="104.27359">
        <time>2026-05-17T13:36:14Z</time>
      </trkpt>
      <trkpt lat="30.5988" lon="104.273674">
        <time>2026-05-17T13:36:15Z</time>
      </trkpt>
      <trkpt lat="30.598785" lon="104.27375">
        <time>2026-05-17T13:36:16Z</time>
      </trkpt>
      <trkpt lat="30.59877" lon="104.27383">
        <time>2026-05-17T13:36:17Z</time>
      </trkpt>
      <trkpt lat="30.598757" lon="104.2739">
        <time>2026-05-17T13:36:18Z</time>
      </trkpt>
      <trkpt lat="30.598742" lon="104.27398">
        <time>2026-05-17T13:36:19Z</time>
      </trkpt>
      <trkpt lat="30.598726" lon="104.274055">
        <time>2026-05-17T13:36:20Z</time>
      </trkpt>
      <trkpt lat="30.598713" lon="104.274124">
        <time>2026-05-17T13:36:21Z</time>
      </trkpt>
      <trkpt lat="30.598701" lon="104.2742">
        <time>2026-05-17T13:36:22Z</time>
      </trkpt>
      <trkpt lat="30.598688" lon="104.27428">
        <time>2026-05-17T13:36:23Z</time>
      </trkpt>
      <trkpt lat="30.598675" lon="104.27435">
        <time>2026-05-17T13:36:24Z</time>
      </trkpt>
      <trkpt lat="30.598663" lon="104.27444">
        <time>2026-05-17T13:36:25Z</time>
      </trkpt>
      <trkpt lat="30.59865" lon="104.27451">
        <time>2026-05-17T13:36:26Z</time>
      </trkpt>
      <trkpt lat="30.598637" lon="104.27459">
        <time>2026-05-17T13:36:27Z</time>
      </trkpt>
      <trkpt lat="30.598621" lon="104.27467">
        <time>2026-05-17T13:36:28Z</time>
      </trkpt>
      <trkpt lat="30.598604" lon="104.27476">
        <time>2026-05-17T13:36:29Z</time>
      </trkpt>
      <trkpt lat="30.598585" lon="104.27484">
        <time>2026-05-17T13:36:30Z</time>
      </trkpt>
      <trkpt lat="30.598566" lon="104.274925">
        <time>2026-05-17T13:36:31Z</time>
      </trkpt>
      <trkpt lat="30.59855" lon="104.27501">
        <time>2026-05-17T13:36:32Z</time>
      </trkpt>
      <trkpt lat="30.598537" lon="104.27509">
        <time>2026-05-17T13:36:33Z</time>
      </trkpt>
      <trkpt lat="30.598522" lon="104.27518">
        <time>2026-05-17T13:36:34Z</time>
      </trkpt>
      <trkpt lat="30.598503" lon="104.27526">
        <time>2026-05-17T13:36:35Z</time>
      </trkpt>
      <trkpt lat="30.598486" lon="104.275345">
        <time>2026-05-17T13:36:36Z</time>
      </trkpt>
      <trkpt lat="30.598469" lon="104.27543">
        <time>2026-05-17T13:36:37Z</time>
      </trkpt>
      <trkpt lat="30.598454" lon="104.275505">
        <time>2026-05-17T13:36:38Z</time>
      </trkpt>
      <trkpt lat="30.598436" lon="104.27559">
        <time>2026-05-17T13:36:39Z</time>
      </trkpt>
      <trkpt lat="30.59842" lon="104.27567">
        <time>2026-05-17T13:36:40Z</time>
      </trkpt>
      <trkpt lat="30.598406" lon="104.27576">
        <time>2026-05-17T13:36:41Z</time>
      </trkpt>
      <trkpt lat="30.59839" lon="104.27583">
        <time>2026-05-17T13:36:42Z</time>
      </trkpt>
      <trkpt lat="30.598375" lon="104.275925">
        <time>2026-05-17T13:36:43Z</time>
      </trkpt>
      <trkpt lat="30.598364" lon="104.27601">
        <time>2026-05-17T13:36:44Z</time>
      </trkpt>
      <trkpt lat="30.598352" lon="104.27609">
        <time>2026-05-17T13:36:45Z</time>
      </trkpt>
      <trkpt lat="30.598333" lon="104.27618">
        <time>2026-05-17T13:36:46Z</time>
      </trkpt>
      <trkpt lat="30.598318" lon="104.27626">
        <time>2026-05-17T13:36:47Z</time>
      </trkpt>
      <trkpt lat="30.5983" lon="104.276344">
        <time>2026-05-17T13:36:48Z</time>
      </trkpt>
      <trkpt lat="30.598288" lon="104.27643">
        <time>2026-05-17T13:36:49Z</time>
      </trkpt>
      <trkpt lat="30.598272" lon="104.27651">
        <time>2026-05-17T13:36:50Z</time>
      </trkpt>
      <trkpt lat="30.598257" lon="104.276596">
        <time>2026-05-17T13:36:51Z</time>
      </trkpt>
      <trkpt lat="30.598242" lon="104.27667">
        <time>2026-05-17T13:36:52Z</time>
      </trkpt>
      <trkpt lat="30.598228" lon="104.27676">
        <time>2026-05-17T13:36:53Z</time>
      </trkpt>
      <trkpt lat="30.598215" lon="104.27684">
        <time>2026-05-17T13:36:54Z</time>
      </trkpt>
      <trkpt lat="30.598202" lon="104.276924">
        <time>2026-05-17T13:36:55Z</time>
      </trkpt>
      <trkpt lat="30.598185" lon="104.27701">
        <time>2026-05-17T13:36:56Z</time>
      </trkpt>
      <trkpt lat="30.59817" lon="104.27709">
        <time>2026-05-17T13:36:57Z</time>
      </trkpt>
      <trkpt lat="30.598158" lon="104.27717">
        <time>2026-05-17T13:36:58Z</time>
      </trkpt>
      <trkpt lat="30.598148" lon="104.27725">
        <time>2026-05-17T13:36:59Z</time>
      </trkpt>
      <trkpt lat="30.598137" lon="104.277336">
        <time>2026-05-17T13:37:00Z</time>
      </trkpt>
      <trkpt lat="30.598127" lon="104.27742">
        <time>2026-05-17T13:37:01Z</time>
      </trkpt>
      <trkpt lat="30.598114" lon="104.277504">
        <time>2026-05-17T13:37:02Z</time>
      </trkpt>
      <trkpt lat="30.598097" lon="104.27759">
        <time>2026-05-17T13:37:03Z</time>
      </trkpt>
      <trkpt lat="30.598076" lon="104.27767">
        <time>2026-05-17T13:37:04Z</time>
      </trkpt>
      <trkpt lat="30.598057" lon="104.277756">
        <time>2026-05-17T13:37:05Z</time>
      </trkpt>
      <trkpt lat="30.598036" lon="104.27784">
        <time>2026-05-17T13:37:06Z</time>
      </trkpt>
      <trkpt lat="30.598019" lon="104.27792">
        <time>2026-05-17T13:37:07Z</time>
      </trkpt>
      <trkpt lat="30.598003" lon="104.27801">
        <time>2026-05-17T13:37:08Z</time>
      </trkpt>
      <trkpt lat="30.59799" lon="104.27809">
        <time>2026-05-17T13:37:09Z</time>
      </trkpt>
      <trkpt lat="30.597973" lon="104.278175">
        <time>2026-05-17T13:37:10Z</time>
      </trkpt>
      <trkpt lat="30.597958" lon="104.27826">
        <time>2026-05-17T13:37:11Z</time>
      </trkpt>
      <trkpt lat="30.597944" lon="104.27834">
        <time>2026-05-17T13:37:12Z</time>
      </trkpt>
      <trkpt lat="30.597929" lon="104.27843">
        <time>2026-05-17T13:37:13Z</time>
      </trkpt>
      <trkpt lat="30.59791" lon="104.2785">
        <time>2026-05-17T13:37:14Z</time>
      </trkpt>
      <trkpt lat="30.597895" lon="104.27859">
        <time>2026-05-17T13:37:15Z</time>
      </trkpt>
      <trkpt lat="30.597881" lon="104.27867">
        <time>2026-05-17T13:37:16Z</time>
      </trkpt>
      <trkpt lat="30.597866" lon="104.278755">
        <time>2026-05-17T13:37:17Z</time>
      </trkpt>
      <trkpt lat="30.59785" lon="104.27883">
        <time>2026-05-17T13:37:18Z</time>
      </trkpt>
      <trkpt lat="30.597837" lon="104.278915">
        <time>2026-05-17T13:37:19Z</time>
      </trkpt>
      <trkpt lat="30.597822" lon="104.279">
        <time>2026-05-17T13:37:20Z</time>
      </trkpt>
      <trkpt lat="30.597809" lon="104.27908">
        <time>2026-05-17T13:37:21Z</time>
      </trkpt>
      <trkpt lat="30.597792" lon="104.27917">
        <time>2026-05-17T13:37:22Z</time>
      </trkpt>
      <trkpt lat="30.597773" lon="104.27926">
        <time>2026-05-17T13:37:23Z</time>
      </trkpt>
      <trkpt lat="30.59776" lon="104.27934">
        <time>2026-05-17T13:37:24Z</time>
      </trkpt>
      <trkpt lat="30.597744" lon="104.27943">
        <time>2026-05-17T13:37:25Z</time>
      </trkpt>
      <trkpt lat="30.597729" lon="104.27952">
        <time>2026-05-17T13:37:26Z</time>
      </trkpt>
      <trkpt lat="30.597713" lon="104.27961">
        <time>2026-05-17T13:37:27Z</time>
      </trkpt>
      <trkpt lat="30.597696" lon="104.27969">
        <time>2026-05-17T13:37:28Z</time>
      </trkpt>
      <trkpt lat="30.59768" lon="104.279785">
        <time>2026-05-17T13:37:29Z</time>
      </trkpt>
      <trkpt lat="30.597664" lon="104.27988">
        <time>2026-05-17T13:37:30Z</time>
      </trkpt>
      <trkpt lat="30.59765" lon="104.27996">
        <time>2026-05-17T13:37:31Z</time>
      </trkpt>
      <trkpt lat="30.59764" lon="104.28005">
        <time>2026-05-17T13:37:32Z</time>
      </trkpt>
      <trkpt lat="30.59763" lon="104.280136">
        <time>2026-05-17T13:37:33Z</time>
      </trkpt>
      <trkpt lat="30.59762" lon="104.28023">
        <time>2026-05-17T13:37:34Z</time>
      </trkpt>
      <trkpt lat="30.59761" lon="104.28031">
        <time>2026-05-17T13:37:35Z</time>
      </trkpt>
      <trkpt lat="30.5976" lon="104.2804">
        <time>2026-05-17T13:37:36Z</time>
      </trkpt>
      <trkpt lat="30.597595" lon="104.28049">
        <time>2026-05-17T13:37:37Z</time>
      </trkpt>
      <trkpt lat="30.597586" lon="104.28057">
        <time>2026-05-17T13:37:38Z</time>
      </trkpt>
      <trkpt lat="30.597576" lon="104.280655">
        <time>2026-05-17T13:37:39Z</time>
      </trkpt>
      <trkpt lat="30.597569" lon="104.28074">
        <time>2026-05-17T13:37:40Z</time>
      </trkpt>
      <trkpt lat="30.59756" lon="104.28082">
        <time>2026-05-17T13:37:41Z</time>
      </trkpt>
      <trkpt lat="30.597551" lon="104.28091">
        <time>2026-05-17T13:37:42Z</time>
      </trkpt>
      <trkpt lat="30.597548" lon="104.28099">
        <time>2026-05-17T13:37:43Z</time>
      </trkpt>
      <trkpt lat="30.597538" lon="104.281075">
        <time>2026-05-17T13:37:44Z</time>
      </trkpt>
      <trkpt lat="30.59753" lon="104.281166">
        <time>2026-05-17T13:37:45Z</time>
      </trkpt>
      <trkpt lat="30.597523" lon="104.28125">
        <time>2026-05-17T13:37:46Z</time>
      </trkpt>
      <trkpt lat="30.597517" lon="104.281334">
        <time>2026-05-17T13:37:47Z</time>
      </trkpt>
      <trkpt lat="30.59751" lon="104.281425">
        <time>2026-05-17T13:37:48Z</time>
      </trkpt>
      <trkpt lat="30.597506" lon="104.28151">
        <time>2026-05-17T13:37:49Z</time>
      </trkpt>
      <trkpt lat="30.5975" lon="104.28159">
        <time>2026-05-17T13:37:50Z</time>
      </trkpt>
      <trkpt lat="30.597494" lon="104.28168">
        <time>2026-05-17T13:37:51Z</time>
      </trkpt>
      <trkpt lat="30.597492" lon="104.28176">
        <time>2026-05-17T13:37:52Z</time>
      </trkpt>
      <trkpt lat="30.597486" lon="104.28185">
        <time>2026-05-17T13:37:53Z</time>
      </trkpt>
      <trkpt lat="30.597483" lon="104.28194">
        <time>2026-05-17T13:37:54Z</time>
      </trkpt>
      <trkpt lat="30.597479" lon="104.28203">
        <time>2026-05-17T13:37:55Z</time>
      </trkpt>
      <trkpt lat="30.597473" lon="104.28211">
        <time>2026-05-17T13:37:56Z</time>
      </trkpt>
      <trkpt lat="30.597471" lon="104.2822">
        <time>2026-05-17T13:37:57Z</time>
      </trkpt>
      <trkpt lat="30.59747" lon="104.28229">
        <time>2026-05-17T13:37:58Z</time>
      </trkpt>
      <trkpt lat="30.597467" lon="104.28237">
        <time>2026-05-17T13:37:59Z</time>
      </trkpt>
      <trkpt lat="30.59747" lon="104.28246">
        <time>2026-05-17T13:38:00Z</time>
      </trkpt>
      <trkpt lat="30.597471" lon="104.282555">
        <time>2026-05-17T13:38:01Z</time>
      </trkpt>
      <trkpt lat="30.597477" lon="104.282646">
        <time>2026-05-17T13:38:02Z</time>
      </trkpt>
      <trkpt lat="30.597477" lon="104.28273">
        <time>2026-05-17T13:38:03Z</time>
      </trkpt>
      <trkpt lat="30.597479" lon="104.28282">
        <time>2026-05-17T13:38:04Z</time>
      </trkpt>
      <trkpt lat="30.597479" lon="104.28291">
        <time>2026-05-17T13:38:05Z</time>
      </trkpt>
      <trkpt lat="30.597485" lon="104.283">
        <time>2026-05-17T13:38:06Z</time>
      </trkpt>
      <trkpt lat="30.597492" lon="104.28309">
        <time>2026-05-17T13:38:07Z</time>
      </trkpt>
      <trkpt lat="30.59749" lon="104.28317">
        <time>2026-05-17T13:38:08Z</time>
      </trkpt>
      <trkpt lat="30.597486" lon="104.28326">
        <time>2026-05-17T13:38:09Z</time>
      </trkpt>
      <trkpt lat="30.597483" lon="104.28335">
        <time>2026-05-17T13:38:10Z</time>
      </trkpt>
      <trkpt lat="30.59748" lon="104.28344">
        <time>2026-05-17T13:38:11Z</time>
      </trkpt>
      <trkpt lat="30.597483" lon="104.28352">
        <time>2026-05-17T13:38:12Z</time>
      </trkpt>
      <trkpt lat="30.597486" lon="104.283615">
        <time>2026-05-17T13:38:13Z</time>
      </trkpt>
      <trkpt lat="30.597486" lon="104.2837">
        <time>2026-05-17T13:38:14Z</time>
      </trkpt>
      <trkpt lat="30.59749" lon="104.28378">
        <time>2026-05-17T13:38:15Z</time>
      </trkpt>
      <trkpt lat="30.597492" lon="104.283875">
        <time>2026-05-17T13:38:16Z</time>
      </trkpt>
      <trkpt lat="30.597492" lon="104.28396">
        <time>2026-05-17T13:38:17Z</time>
      </trkpt>
      <trkpt lat="30.597494" lon="104.28405">
        <time>2026-05-17T13:38:18Z</time>
      </trkpt>
      <trkpt lat="30.597494" lon="104.284134">
        <time>2026-05-17T13:38:19Z</time>
      </trkpt>
      <trkpt lat="30.597498" lon="104.28422">
        <time>2026-05-17T13:38:20Z</time>
      </trkpt>
      <trkpt lat="30.5975" lon="104.2843">
        <time>2026-05-17T13:38:21Z</time>
      </trkpt>
      <trkpt lat="30.597498" lon="104.28439">
        <time>2026-05-17T13:38:22Z</time>
      </trkpt>
      <trkpt lat="30.597498" lon="104.28448">
        <time>2026-05-17T13:38:23Z</time>
      </trkpt>
      <trkpt lat="30.597502" lon="104.28457">
        <time>2026-05-17T13:38:24Z</time>
      </trkpt>
      <trkpt lat="30.597504" lon="104.28465">
        <time>2026-05-17T13:38:25Z</time>
      </trkpt>
      <trkpt lat="30.597507" lon="104.28474">
        <time>2026-05-17T13:38:26Z</time>
      </trkpt>
      <trkpt lat="30.597511" lon="104.28482">
        <time>2026-05-17T13:38:27Z</time>
      </trkpt>
      <trkpt lat="30.597513" lon="104.284904">
        <time>2026-05-17T13:38:28Z</time>
      </trkpt>
      <trkpt lat="30.597511" lon="104.28498">
        <time>2026-05-17T13:38:29Z</time>
      </trkpt>
      <trkpt lat="30.597515" lon="104.285065">
        <time>2026-05-17T13:38:30Z</time>
      </trkpt>
      <trkpt lat="30.59752" lon="104.28515">
        <time>2026-05-17T13:38:31Z</time>
      </trkpt>
      <trkpt lat="30.597523" lon="104.285225">
        <time>2026-05-17T13:38:32Z</time>
      </trkpt>
      <trkpt lat="30.597527" lon="104.28531">
        <time>2026-05-17T13:38:33Z</time>
      </trkpt>
      <trkpt lat="30.597527" lon="104.285385">
        <time>2026-05-17T13:38:34Z</time>
      </trkpt>
      <trkpt lat="30.597528" lon="104.28547">
        <time>2026-05-17T13:38:35Z</time>
      </trkpt>
      <trkpt lat="30.597528" lon="104.285545">
        <time>2026-05-17T13:38:36Z</time>
      </trkpt>
      <trkpt lat="30.59753" lon="104.28563">
        <time>2026-05-17T13:38:37Z</time>
      </trkpt>
      <trkpt lat="30.597532" lon="104.285706">
        <time>2026-05-17T13:38:38Z</time>
      </trkpt>
      <trkpt lat="30.597532" lon="104.28578">
        <time>2026-05-17T13:38:39Z</time>
      </trkpt>
      <trkpt lat="30.597532" lon="104.28585">
        <time>2026-05-17T13:38:40Z</time>
      </trkpt>
      <trkpt lat="30.597534" lon="104.28593">
        <time>2026-05-17T13:38:41Z</time>
      </trkpt>
      <trkpt lat="30.597534" lon="104.286">
        <time>2026-05-17T13:38:42Z</time>
      </trkpt>
      <trkpt lat="30.597536" lon="104.28608">
        <time>2026-05-17T13:38:43Z</time>
      </trkpt>
      <trkpt lat="30.597538" lon="104.286156">
        <time>2026-05-17T13:38:44Z</time>
      </trkpt>
      <trkpt lat="30.597538" lon="104.28623">
        <time>2026-05-17T13:38:45Z</time>
      </trkpt>
      <trkpt lat="30.597536" lon="104.2863">
        <time>2026-05-17T13:38:46Z</time>
      </trkpt>
      <trkpt lat="30.597534" lon="104.28638">
        <time>2026-05-17T13:38:47Z</time>
      </trkpt>
      <trkpt lat="30.597532" lon="104.286446">
        <time>2026-05-17T13:38:48Z</time>
      </trkpt>
      <trkpt lat="30.597536" lon="104.28652">
        <time>2026-05-17T13:38:49Z</time>
      </trkpt>
      <trkpt lat="30.59754" lon="104.28659">
        <time>2026-05-17T13:38:50Z</time>
      </trkpt>
      <trkpt lat="30.597544" lon="104.28666">
        <time>2026-05-17T13:38:51Z</time>
      </trkpt>
      <trkpt lat="30.597544" lon="104.28673">
        <time>2026-05-17T13:38:52Z</time>
      </trkpt>
      <trkpt lat="30.597548" lon="104.286804">
        <time>2026-05-17T13:38:53Z</time>
      </trkpt>
      <trkpt lat="30.597551" lon="104.28687">
        <time>2026-05-17T13:38:54Z</time>
      </trkpt>
      <trkpt lat="30.597555" lon="104.28694">
        <time>2026-05-17T13:38:55Z</time>
      </trkpt>
      <trkpt lat="30.597557" lon="104.28701">
        <time>2026-05-17T13:38:56Z</time>
      </trkpt>
      <trkpt lat="30.597559" lon="104.28708">
        <time>2026-05-17T13:38:57Z</time>
      </trkpt>
      <trkpt lat="30.59756" lon="104.28715">
        <time>2026-05-17T13:38:58Z</time>
      </trkpt>
      <trkpt lat="30.59756" lon="104.28722">
        <time>2026-05-17T13:38:59Z</time>
      </trkpt>
      <trkpt lat="30.597563" lon="104.287285">
        <time>2026-05-17T13:39:00Z</time>
      </trkpt>
      <trkpt lat="30.597565" lon="104.28735">
        <time>2026-05-17T13:39:01Z</time>
      </trkpt>
      <trkpt lat="30.597565" lon="104.28742">
        <time>2026-05-17T13:39:02Z</time>
      </trkpt>
      <trkpt lat="30.597567" lon="104.28749">
        <time>2026-05-17T13:39:03Z</time>
      </trkpt>
      <trkpt lat="30.597567" lon="104.28756">
        <time>2026-05-17T13:39:04Z</time>
      </trkpt>
      <trkpt lat="30.597569" lon="104.28763">
        <time>2026-05-17T13:39:05Z</time>
      </trkpt>
      <trkpt lat="30.59757" lon="104.2877">
        <time>2026-05-17T13:39:06Z</time>
      </trkpt>
      <trkpt lat="30.597572" lon="104.287766">
        <time>2026-05-17T13:39:07Z</time>
      </trkpt>
      <trkpt lat="30.59757" lon="104.287834">
        <time>2026-05-17T13:39:08Z</time>
      </trkpt>
      <trkpt lat="30.59757" lon="104.2879">
        <time>2026-05-17T13:39:09Z</time>
      </trkpt>
      <trkpt lat="30.597572" lon="104.28797">
        <time>2026-05-17T13:39:10Z</time>
      </trkpt>
      <trkpt lat="30.597572" lon="104.28804">
        <time>2026-05-17T13:39:11Z</time>
      </trkpt>
      <trkpt lat="30.597572" lon="104.2881">
        <time>2026-05-17T13:39:12Z</time>
      </trkpt>
      <trkpt lat="30.597574" lon="104.28817">
        <time>2026-05-17T13:39:13Z</time>
      </trkpt>
      <trkpt lat="30.597574" lon="104.28824">
        <time>2026-05-17T13:39:14Z</time>
      </trkpt>
      <trkpt lat="30.597576" lon="104.2883">
        <time>2026-05-17T13:39:15Z</time>
      </trkpt>
      <trkpt lat="30.59758" lon="104.28837">
        <time>2026-05-17T13:39:16Z</time>
      </trkpt>
      <trkpt lat="30.597582" lon="104.28844">
        <time>2026-05-17T13:39:17Z</time>
      </trkpt>
      <trkpt lat="30.597586" lon="104.288506">
        <time>2026-05-17T13:39:18Z</time>
      </trkpt>
      <trkpt lat="30.597588" lon="104.288574">
        <time>2026-05-17T13:39:19Z</time>
      </trkpt>
      <trkpt lat="30.597588" lon="104.28864">
        <time>2026-05-17T13:39:20Z</time>
      </trkpt>
      <trkpt lat="30.597588" lon="104.28871">
        <time>2026-05-17T13:39:21Z</time>
      </trkpt>
      <trkpt lat="30.59759" lon="104.28878">
        <time>2026-05-17T13:39:22Z</time>
      </trkpt>
      <trkpt lat="30.597595" lon="104.28886">
        <time>2026-05-17T13:39:23Z</time>
      </trkpt>
      <trkpt lat="30.5976" lon="104.288925">
        <time>2026-05-17T13:39:24Z</time>
      </trkpt>
      <trkpt lat="30.597599" lon="104.289">
        <time>2026-05-17T13:39:25Z</time>
      </trkpt>
      <trkpt lat="30.5976" lon="104.28907">
        <time>2026-05-17T13:39:26Z</time>
      </trkpt>
      <trkpt lat="30.597605" lon="104.28914">
        <time>2026-05-17T13:39:27Z</time>
      </trkpt>
      <trkpt lat="30.59761" lon="104.28921">
        <time>2026-05-17T13:39:28Z</time>
      </trkpt>
      <trkpt lat="30.59762" lon="104.289276">
        <time>2026-05-17T13:39:29Z</time>
      </trkpt>
      <trkpt lat="30.59763" lon="104.289345">
        <time>2026-05-17T13:39:30Z</time>
      </trkpt>
      <trkpt lat="30.59764" lon="104.28941">
        <time>2026-05-17T13:39:31Z</time>
      </trkpt>
      <trkpt lat="30.597635" lon="104.28948">
        <time>2026-05-17T13:39:32Z</time>
      </trkpt>
      <trkpt lat="30.597626" lon="104.28956">
        <time>2026-05-17T13:39:33Z</time>
      </trkpt>
      <trkpt lat="30.597616" lon="104.28963">
        <time>2026-05-17T13:39:34Z</time>
      </trkpt>
      <trkpt lat="30.597614" lon="104.2897">
        <time>2026-05-17T13:39:35Z</time>
      </trkpt>
      <trkpt lat="30.597614" lon="104.28978">
        <time>2026-05-17T13:39:36Z</time>
      </trkpt>
      <trkpt lat="30.597614" lon="104.28985">
        <time>2026-05-17T13:39:37Z</time>
      </trkpt>
      <trkpt lat="30.597612" lon="104.289925">
        <time>2026-05-17T13:39:38Z</time>
      </trkpt>
      <trkpt lat="30.597614" lon="104.29">
        <time>2026-05-17T13:39:39Z</time>
      </trkpt>
      <trkpt lat="30.597616" lon="104.29008">
        <time>2026-05-17T13:39:40Z</time>
      </trkpt>
      <trkpt lat="30.59762" lon="104.29015">
        <time>2026-05-17T13:39:41Z</time>
      </trkpt>
      <trkpt lat="30.59762" lon="104.29023">
        <time>2026-05-17T13:39:42Z</time>
      </trkpt>
      <trkpt lat="30.597626" lon="104.290306">
        <time>2026-05-17T13:39:43Z</time>
      </trkpt>
      <trkpt lat="30.597626" lon="104.290375">
        <time>2026-05-17T13:39:44Z</time>
      </trkpt>
      <trkpt lat="30.597626" lon="104.29046">
        <time>2026-05-17T13:39:45Z</time>
      </trkpt>
      <trkpt lat="30.597631" lon="104.290535">
        <time>2026-05-17T13:39:46Z</time>
      </trkpt>
      <trkpt lat="30.597631" lon="104.29061">
        <time>2026-05-17T13:39:47Z</time>
      </trkpt>
      <trkpt lat="30.597631" lon="104.29069">
        <time>2026-05-17T13:39:48Z</time>
      </trkpt>
      <trkpt lat="30.597637" lon="104.290764">
        <time>2026-05-17T13:39:49Z</time>
      </trkpt>
      <trkpt lat="30.59764" lon="104.29083">
        <time>2026-05-17T13:39:50Z</time>
      </trkpt>
      <trkpt lat="30.597637" lon="104.29091">
        <time>2026-05-17T13:39:51Z</time>
      </trkpt>
      <trkpt lat="30.597633" lon="104.29098">
        <time>2026-05-17T13:39:52Z</time>
      </trkpt>
      <trkpt lat="30.597631" lon="104.291046">
        <time>2026-05-17T13:39:53Z</time>
      </trkpt>
      <trkpt lat="30.597635" lon="104.291115">
        <time>2026-05-17T13:39:54Z</time>
      </trkpt>
      <trkpt lat="30.59764" lon="104.29118">
        <time>2026-05-17T13:39:55Z</time>
      </trkpt>
      <trkpt lat="30.597643" lon="104.29125">
        <time>2026-05-17T13:39:56Z</time>
      </trkpt>
      <trkpt lat="30.597645" lon="104.29132">
        <time>2026-05-17T13:39:57Z</time>
      </trkpt>
      <trkpt lat="30.597649" lon="104.29139">
        <time>2026-05-17T13:39:58Z</time>
      </trkpt>
      <trkpt lat="30.59765" lon="104.29146">
        <time>2026-05-17T13:39:59Z</time>
      </trkpt>
      <trkpt lat="30.597652" lon="104.29153">
        <time>2026-05-17T13:40:00Z</time>
      </trkpt>
      <trkpt lat="30.597654" lon="104.29159">
        <time>2026-05-17T13:40:01Z</time>
      </trkpt>
      <trkpt lat="30.597656" lon="104.29166">
        <time>2026-05-17T13:40:02Z</time>
      </trkpt>
      <trkpt lat="30.59766" lon="104.291725">
        <time>2026-05-17T13:40:03Z</time>
      </trkpt>
      <trkpt lat="30.597662" lon="104.29179">
        <time>2026-05-17T13:40:04Z</time>
      </trkpt>
      <trkpt lat="30.597666" lon="104.291855">
        <time>2026-05-17T13:40:05Z</time>
      </trkpt>
      <trkpt lat="30.597668" lon="104.29192">
        <time>2026-05-17T13:40:06Z</time>
      </trkpt>
      <trkpt lat="30.597672" lon="104.291985">
        <time>2026-05-17T13:40:07Z</time>
      </trkpt>
      <trkpt lat="30.597672" lon="104.29205">
        <time>2026-05-17T13:40:08Z</time>
      </trkpt>
      <trkpt lat="30.597672" lon="104.29212">
        <time>2026-05-17T13:40:09Z</time>
      </trkpt>
      <trkpt lat="30.597672" lon="104.29219">
        <time>2026-05-17T13:40:10Z</time>
      </trkpt>
      <trkpt lat="30.597672" lon="104.29227">
        <time>2026-05-17T13:40:11Z</time>
      </trkpt>
      <trkpt lat="30.59767" lon="104.292336">
        <time>2026-05-17T13:40:12Z</time>
      </trkpt>
      <trkpt lat="30.597668" lon="104.292404">
        <time>2026-05-17T13:40:13Z</time>
      </trkpt>
      <trkpt lat="30.59767" lon="104.29247">
        <time>2026-05-17T13:40:14Z</time>
      </trkpt>
      <trkpt lat="30.597673" lon="104.29254">
        <time>2026-05-17T13:40:15Z</time>
      </trkpt>
      <trkpt lat="30.597672" lon="104.29261">
        <time>2026-05-17T13:40:16Z</time>
      </trkpt>
      <trkpt lat="30.597668" lon="104.29268">
        <time>2026-05-17T13:40:17Z</time>
      </trkpt>
      <trkpt lat="30.597666" lon="104.29275">
        <time>2026-05-17T13:40:18Z</time>
      </trkpt>
      <trkpt lat="30.597666" lon="104.292816">
        <time>2026-05-17T13:40:19Z</time>
      </trkpt>
      <trkpt lat="30.597666" lon="104.29288">
        <time>2026-05-17T13:40:20Z</time>
      </trkpt>
      <trkpt lat="30.597666" lon="104.29294">
        <time>2026-05-17T13:40:21Z</time>
      </trkpt>
      <trkpt lat="30.597664" lon="104.293">
        <time>2026-05-17T13:40:22Z</time>
      </trkpt>
      <trkpt lat="30.597664" lon="104.29306">
        <time>2026-05-17T13:40:23Z</time>
      </trkpt>
      <trkpt lat="30.597662" lon="104.29312">
        <time>2026-05-17T13:40:24Z</time>
      </trkpt>
      <trkpt lat="30.597662" lon="104.29319">
        <time>2026-05-17T13:40:25Z</time>
      </trkpt>
      <trkpt lat="30.597662" lon="104.29325">
        <time>2026-05-17T13:40:26Z</time>
      </trkpt>
      <trkpt lat="30.59766" lon="104.29332">
        <time>2026-05-17T13:40:27Z</time>
      </trkpt>
      <trkpt lat="30.597662" lon="104.29338">
        <time>2026-05-17T13:40:28Z</time>
      </trkpt>
      <trkpt lat="30.597662" lon="104.29345">
        <time>2026-05-17T13:40:29Z</time>
      </trkpt>
      <trkpt lat="30.597664" lon="104.29352">
        <time>2026-05-17T13:40:30Z</time>
      </trkpt>
      <trkpt lat="30.597664" lon="104.29359">
        <time>2026-05-17T13:40:31Z</time>
      </trkpt>
      <trkpt lat="30.597666" lon="104.29365">
        <time>2026-05-17T13:40:32Z</time>
      </trkpt>
      <trkpt lat="30.597668" lon="104.29371">
        <time>2026-05-17T13:40:33Z</time>
      </trkpt>
      <trkpt lat="30.59767" lon="104.29378">
        <time>2026-05-17T13:40:34Z</time>
      </trkpt>
      <trkpt lat="30.597673" lon="104.29384">
        <time>2026-05-17T13:40:35Z</time>
      </trkpt>
      <trkpt lat="30.597672" lon="104.2939">
        <time>2026-05-17T13:40:36Z</time>
      </trkpt>
      <trkpt lat="30.597673" lon="104.29396">
        <time>2026-05-17T13:40:37Z</time>
      </trkpt>
      <trkpt lat="30.597673" lon="104.29402">
        <time>2026-05-17T13:40:38Z</time>
      </trkpt>
      <trkpt lat="30.597673" lon="104.29408">
        <time>2026-05-17T13:40:39Z</time>
      </trkpt>
      <trkpt lat="30.597675" lon="104.29414">
        <time>2026-05-17T13:40:40Z</time>
      </trkpt>
      <trkpt lat="30.597677" lon="104.294205">
        <time>2026-05-17T13:40:41Z</time>
      </trkpt>
      <trkpt lat="30.597677" lon="104.294266">
        <time>2026-05-17T13:40:42Z</time>
      </trkpt>
      <trkpt lat="30.597677" lon="104.29433">
        <time>2026-05-17T13:40:43Z</time>
      </trkpt>
      <trkpt lat="30.597675" lon="104.29438">
        <time>2026-05-17T13:40:44Z</time>
      </trkpt>
      <trkpt lat="30.597675" lon="104.29444">
        <time>2026-05-17T13:40:45Z</time>
      </trkpt>
      <trkpt lat="30.597672" lon="104.2945">
        <time>2026-05-17T13:40:46Z</time>
      </trkpt>
      <trkpt lat="30.597668" lon="104.29456">
        <time>2026-05-17T13:40:47Z</time>
      </trkpt>
      <trkpt lat="30.597666" lon="104.294624">
        <time>2026-05-17T13:40:48Z</time>
      </trkpt>
      <trkpt lat="30.59766" lon="104.294685">
        <time>2026-05-17T13:40:49Z</time>
      </trkpt>
      <trkpt lat="30.597658" lon="104.29474">
        <time>2026-05-17T13:40:50Z</time>
      </trkpt>
      <trkpt lat="30.597654" lon="104.2948">
        <time>2026-05-17T13:40:51Z</time>
      </trkpt>
      <trkpt lat="30.59765" lon="104.29486">
        <time>2026-05-17T13:40:52Z</time>
      </trkpt>
      <trkpt lat="30.597647" lon="104.29492">
        <time>2026-05-17T13:40:53Z</time>
      </trkpt>
      <trkpt lat="30.597647" lon="104.29498">
        <time>2026-05-17T13:40:54Z</time>
      </trkpt>
      <trkpt lat="30.597643" lon="104.295044">
        <time>2026-05-17T13:40:55Z</time>
      </trkpt>
      <trkpt lat="30.597641" lon="104.295105">
        <time>2026-05-17T13:40:56Z</time>
      </trkpt>
      <trkpt lat="30.59764" lon="104.29517">
        <time>2026-05-17T13:40:57Z</time>
      </trkpt>
      <trkpt lat="30.59764" lon="104.29524">
        <time>2026-05-17T13:40:58Z</time>
      </trkpt>
      <trkpt lat="30.59764" lon="104.2953">
        <time>2026-05-17T13:40:59Z</time>
      </trkpt>
      <trkpt lat="30.597637" lon="104.295364">
        <time>2026-05-17T13:41:00Z</time>
      </trkpt>
      <trkpt lat="30.597633" lon="104.29543">
        <time>2026-05-17T13:41:01Z</time>
      </trkpt>
      <trkpt lat="30.597631" lon="104.2955">
        <time>2026-05-17T13:41:02Z</time>
      </trkpt>
      <trkpt lat="30.597624" lon="104.29556">
        <time>2026-05-17T13:41:03Z</time>
      </trkpt>
      <trkpt lat="30.597616" lon="104.29562">
        <time>2026-05-17T13:41:04Z</time>
      </trkpt>
      <trkpt lat="30.59761" lon="104.295685">
        <time>2026-05-17T13:41:05Z</time>
      </trkpt>
      <trkpt lat="30.597603" lon="104.29575">
        <time>2026-05-17T13:41:06Z</time>
      </trkpt>
      <trkpt lat="30.597593" lon="104.295815">
        <time>2026-05-17T13:41:07Z</time>
      </trkpt>
      <trkpt lat="30.597588" lon="104.29588">
        <time>2026-05-17T13:41:08Z</time>
      </trkpt>
      <trkpt lat="30.59758" lon="104.295944">
        <time>2026-05-17T13:41:09Z</time>
      </trkpt>
      <trkpt lat="30.597574" lon="104.29601">
        <time>2026-05-17T13:41:10Z</time>
      </trkpt>
      <trkpt lat="30.597567" lon="104.29608">
        <time>2026-05-17T13:41:11Z</time>
      </trkpt>
      <trkpt lat="30.597559" lon="104.29614">
        <time>2026-05-17T13:41:12Z</time>
      </trkpt>
      <trkpt lat="30.597551" lon="104.2962">
        <time>2026-05-17T13:41:13Z</time>
      </trkpt>
      <trkpt lat="30.597542" lon="104.29627">
        <time>2026-05-17T13:41:14Z</time>
      </trkpt>
      <trkpt lat="30.59753" lon="104.29634">
        <time>2026-05-17T13:41:15Z</time>
      </trkpt>
      <trkpt lat="30.59752" lon="104.2964">
        <time>2026-05-17T13:41:16Z</time>
      </trkpt>
      <trkpt lat="30.597511" lon="104.29646">
        <time>2026-05-17T13:41:17Z</time>
      </trkpt>
      <trkpt lat="30.597506" lon="104.29653">
        <time>2026-05-17T13:41:18Z</time>
      </trkpt>
      <trkpt lat="30.597494" lon="104.29659">
        <time>2026-05-17T13:41:19Z</time>
      </trkpt>
      <trkpt lat="30.597483" lon="104.29665">
        <time>2026-05-17T13:41:20Z</time>
      </trkpt>
      <trkpt lat="30.59747" lon="104.296715">
        <time>2026-05-17T13:41:21Z</time>
      </trkpt>
      <trkpt lat="30.59746" lon="104.296776">
        <time>2026-05-17T13:41:22Z</time>
      </trkpt>
      <trkpt lat="30.597448" lon="104.296844">
        <time>2026-05-17T13:41:23Z</time>
      </trkpt>
      <trkpt lat="30.597437" lon="104.296906">
        <time>2026-05-17T13:41:24Z</time>
      </trkpt>
      <trkpt lat="30.597425" lon="104.296974">
        <time>2026-05-17T13:41:25Z</time>
      </trkpt>
      <trkpt lat="30.597416" lon="104.297035">
        <time>2026-05-17T13:41:26Z</time>
      </trkpt>
      <trkpt lat="30.597404" lon="104.297104">
        <time>2026-05-17T13:41:27Z</time>
      </trkpt>
      <trkpt lat="30.597397" lon="104.297165">
        <time>2026-05-17T13:41:28Z</time>
      </trkpt>
      <trkpt lat="30.597383" lon="104.29723">
        <time>2026-05-17T13:41:29Z</time>
      </trkpt>
      <trkpt lat="30.597366" lon="104.297295">
        <time>2026-05-17T13:41:30Z</time>
      </trkpt>
      <trkpt lat="30.59735" lon="104.297356">
        <time>2026-05-17T13:41:31Z</time>
      </trkpt>
      <trkpt lat="30.597334" lon="104.29742">
        <time>2026-05-17T13:41:32Z</time>
      </trkpt>
      <trkpt lat="30.597319" lon="104.29748">
        <time>2026-05-17T13:41:33Z</time>
      </trkpt>
      <trkpt lat="30.597305" lon="104.29755">
        <time>2026-05-17T13:41:34Z</time>
      </trkpt>
      <trkpt lat="30.597294" lon="104.29761">
        <time>2026-05-17T13:41:35Z</time>
      </trkpt>
      <trkpt lat="30.597279" lon="104.29767">
        <time>2026-05-17T13:41:36Z</time>
      </trkpt>
      <trkpt lat="30.597265" lon="104.29773">
        <time>2026-05-17T13:41:37Z</time>
      </trkpt>
      <trkpt lat="30.597254" lon="104.29779">
        <time>2026-05-17T13:41:38Z</time>
      </trkpt>
      <trkpt lat="30.597242" lon="104.29786">
        <time>2026-05-17T13:41:39Z</time>
      </trkpt>
      <trkpt lat="30.597223" lon="104.29792">
        <time>2026-05-17T13:41:40Z</time>
      </trkpt>
      <trkpt lat="30.597204" lon="104.29798">
        <time>2026-05-17T13:41:41Z</time>
      </trkpt>
      <trkpt lat="30.597189" lon="104.29804">
        <time>2026-05-17T13:41:42Z</time>
      </trkpt>
      <trkpt lat="30.597176" lon="104.2981">
        <time>2026-05-17T13:41:43Z</time>
      </trkpt>
      <trkpt lat="30.59716" lon="104.29817">
        <time>2026-05-17T13:41:44Z</time>
      </trkpt>
      <trkpt lat="30.597145" lon="104.29823">
        <time>2026-05-17T13:41:45Z</time>
      </trkpt>
      <trkpt lat="30.59713" lon="104.298294">
        <time>2026-05-17T13:41:46Z</time>
      </trkpt>
      <trkpt lat="30.597115" lon="104.298355">
        <time>2026-05-17T13:41:47Z</time>
      </trkpt>
      <trkpt lat="30.597097" lon="104.298416">
        <time>2026-05-17T13:41:48Z</time>
      </trkpt>
      <trkpt lat="30.597084" lon="104.29848">
        <time>2026-05-17T13:41:49Z</time>
      </trkpt>
      <trkpt lat="30.597069" lon="104.29854">
        <time>2026-05-17T13:41:50Z</time>
      </trkpt>
      <trkpt lat="30.597055" lon="104.2986">
        <time>2026-05-17T13:41:51Z</time>
      </trkpt>
      <trkpt lat="30.597036" lon="104.29866">
        <time>2026-05-17T13:41:52Z</time>
      </trkpt>
      <trkpt lat="30.597017" lon="104.29872">
        <time>2026-05-17T13:41:53Z</time>
      </trkpt>
      <trkpt lat="30.597" lon="104.298775">
        <time>2026-05-17T13:41:54Z</time>
      </trkpt>
      <trkpt lat="30.596981" lon="104.298836">
        <time>2026-05-17T13:41:55Z</time>
      </trkpt>
      <trkpt lat="30.596962" lon="104.2989">
        <time>2026-05-17T13:41:56Z</time>
      </trkpt>
      <trkpt lat="30.59694" lon="104.29896">
        <time>2026-05-17T13:41:57Z</time>
      </trkpt>
      <trkpt lat="30.596922" lon="104.29901">
        <time>2026-05-17T13:41:58Z</time>
      </trkpt>
      <trkpt lat="30.596903" lon="104.29907">
        <time>2026-05-17T13:41:59Z</time>
      </trkpt>
      <trkpt lat="30.596884" lon="104.299126">
        <time>2026-05-17T13:42:00Z</time>
      </trkpt>
      <trkpt lat="30.59686" lon="104.29918">
        <time>2026-05-17T13:42:01Z</time>
      </trkpt>
      <trkpt lat="30.596842" lon="104.29924">
        <time>2026-05-17T13:42:02Z</time>
      </trkpt>
      <trkpt lat="30.596823" lon="104.29929">
        <time>2026-05-17T13:42:03Z</time>
      </trkpt>
      <trkpt lat="30.596806" lon="104.29935">
        <time>2026-05-17T13:42:04Z</time>
      </trkpt>
      <trkpt lat="30.596786" lon="104.2994">
        <time>2026-05-17T13:42:05Z</time>
      </trkpt>
      <trkpt lat="30.596767" lon="104.299446">
        <time>2026-05-17T13:42:06Z</time>
      </trkpt>
      <trkpt lat="30.596748" lon="104.2995">
        <time>2026-05-17T13:42:07Z</time>
      </trkpt>
      <trkpt lat="30.59673" lon="104.29954">
        <time>2026-05-17T13:42:08Z</time>
      </trkpt>
      <trkpt lat="30.596708" lon="104.29958">
        <time>2026-05-17T13:42:09Z</time>
      </trkpt>
      <trkpt lat="30.596695" lon="104.29961">
        <time>2026-05-17T13:42:10Z</time>
      </trkpt>
      <trkpt lat="30.596684" lon="104.29962">
        <time>2026-05-17T13:42:11Z</time>
      </trkpt>
      <trkpt lat="30.59668" lon="104.29962">
        <time>2026-05-17T13:42:12Z</time>
      </trkpt>
      <trkpt lat="30.596674" lon="104.29963">
        <time>2026-05-17T13:42:13Z</time>
      </trkpt>
      <trkpt lat="30.596668" lon="104.29964">
        <time>2026-05-17T13:42:14Z</time>
      </trkpt>
      <trkpt lat="30.596666" lon="104.29964">
        <time>2026-05-17T13:42:15Z</time>
      </trkpt>
      <trkpt lat="30.596663" lon="104.299644">
        <time>2026-05-17T13:42:16Z</time>
      </trkpt>
      <trkpt lat="30.596655" lon="104.299644">
        <time>2026-05-17T13:42:17Z</time>
      </trkpt>
      <trkpt lat="30.596643" lon="104.299644">
        <time>2026-05-17T13:42:18Z</time>
      </trkpt>
      <trkpt lat="30.596643" lon="104.29964">
        <time>2026-05-17T13:42:19Z</time>
      </trkpt>
      <trkpt lat="30.596638" lon="104.29964">
        <time>2026-05-17T13:42:20Z</time>
      </trkpt>
      <trkpt lat="30.596626" lon="104.29965">
        <time>2026-05-17T13:42:21Z</time>
      </trkpt>
      <trkpt lat="30.596607" lon="104.29967">
        <time>2026-05-17T13:42:22Z</time>
      </trkpt>
      <trkpt lat="30.59659" lon="104.29969">
        <time>2026-05-17T13:42:23Z</time>
      </trkpt>
      <trkpt lat="30.596582" lon="104.299706">
        <time>2026-05-17T13:42:24Z</time>
      </trkpt>
      <trkpt lat="30.596579" lon="104.29973">
        <time>2026-05-17T13:42:25Z</time>
      </trkpt>
      <trkpt lat="30.59657" lon="104.29974">
        <time>2026-05-17T13:42:26Z</time>
      </trkpt>
      <trkpt lat="30.59657" lon="104.29976">
        <time>2026-05-17T13:42:27Z</time>
      </trkpt>
      <trkpt lat="30.596567" lon="104.29978">
        <time>2026-05-17T13:42:28Z</time>
      </trkpt>
      <trkpt lat="30.596556" lon="104.29981">
        <time>2026-05-17T13:42:29Z</time>
      </trkpt>
      <trkpt lat="30.59654" lon="104.29984">
        <time>2026-05-17T13:42:30Z</time>
      </trkpt>
      <trkpt lat="30.596521" lon="104.299866">
        <time>2026-05-17T13:42:31Z</time>
      </trkpt>
      <trkpt lat="30.59651" lon="104.29987">
        <time>2026-05-17T13:42:32Z</time>
      </trkpt>
      <trkpt lat="30.59651" lon="104.29987">
        <time>2026-05-17T13:42:33Z</time>
      </trkpt>
      <trkpt lat="30.59651" lon="104.29987">
        <time>2026-05-17T13:42:34Z</time>
      </trkpt>
      <trkpt lat="30.59651" lon="104.29987">
        <time>2026-05-17T13:42:35Z</time>
      </trkpt>
      <trkpt lat="30.596487" lon="104.2999">
        <time>2026-05-17T13:42:36Z</time>
      </trkpt>
      <trkpt lat="30.596487" lon="104.2999">
        <time>2026-05-17T13:42:37Z</time>
      </trkpt>
      <trkpt lat="30.596485" lon="104.2999">
        <time>2026-05-17T13:42:38Z</time>
      </trkpt>
      <trkpt lat="30.596483" lon="104.299904">
        <time>2026-05-17T13:42:39Z</time>
      </trkpt>
      <trkpt lat="30.596483" lon="104.299904">
        <time>2026-05-17T13:42:40Z</time>
      </trkpt>
      <trkpt lat="30.59648" lon="104.29991">
        <time>2026-05-17T13:42:41Z</time>
      </trkpt>
      <trkpt lat="30.59647" lon="104.29993">
        <time>2026-05-17T13:42:42Z</time>
      </trkpt>
      <trkpt lat="30.59646" lon="104.29994">
        <time>2026-05-17T13:42:43Z</time>
      </trkpt>
      <trkpt lat="30.596449" lon="104.29996">
        <time>2026-05-17T13:42:44Z</time>
      </trkpt>
      <trkpt lat="30.596437" lon="104.29997">
        <time>2026-05-17T13:42:45Z</time>
      </trkpt>
      <trkpt lat="30.596432" lon="104.29999">
        <time>2026-05-17T13:42:46Z</time>
      </trkpt>
      <trkpt lat="30.596424" lon="104.299995">
        <time>2026-05-17T13:42:47Z</time>
      </trkpt>
      <trkpt lat="30.596416" lon="104.30001">
        <time>2026-05-17T13:42:48Z</time>
      </trkpt>
      <trkpt lat="30.59641" lon="104.30002">
        <time>2026-05-17T13:42:49Z</time>
      </trkpt>
      <trkpt lat="30.596405" lon="104.300026">
        <time>2026-05-17T13:42:50Z</time>
      </trkpt>
      <trkpt lat="30.5964" lon="104.30003">
        <time>2026-05-17T13:42:51Z</time>
      </trkpt>
      <trkpt lat="30.596392" lon="104.30004">
        <time>2026-05-17T13:42:52Z</time>
      </trkpt>
      <trkpt lat="30.596386" lon="104.30004">
        <time>2026-05-17T13:42:53Z</time>
      </trkpt>
      <trkpt lat="30.59638" lon="104.30005">
        <time>2026-05-17T13:42:54Z</time>
      </trkpt>
      <trkpt lat="30.596373" lon="104.30006">
        <time>2026-05-17T13:42:55Z</time>
      </trkpt>
      <trkpt lat="30.596806" lon="104.3002">
        <time>2026-05-17T13:43:33Z</time>
      </trkpt>
      <trkpt lat="30.596888" lon="104.30018">
        <time>2026-05-17T13:43:34Z</time>
      </trkpt>
      <trkpt lat="30.596899" lon="104.30018">
        <time>2026-05-17T13:43:35Z</time>
      </trkpt>
      <trkpt lat="30.596916" lon="104.30018">
        <time>2026-05-17T13:43:36Z</time>
      </trkpt>
      <trkpt lat="30.596914" lon="104.30018">
        <time>2026-05-17T13:43:37Z</time>
      </trkpt>
      <trkpt lat="30.596933" lon="104.300186">
        <time>2026-05-17T13:43:38Z</time>
      </trkpt>
      <trkpt lat="30.596935" lon="104.30018">
        <time>2026-05-17T13:43:39Z</time>
      </trkpt>
      <trkpt lat="30.596926" lon="104.30016">
        <time>2026-05-17T13:43:40Z</time>
      </trkpt>
      <trkpt lat="30.596928" lon="104.30013">
        <time>2026-05-17T13:43:41Z</time>
      </trkpt>
      <trkpt lat="30.596928" lon="104.30009">
        <time>2026-05-17T13:43:42Z</time>
      </trkpt>
      <trkpt lat="30.596954" lon="104.30005">
        <time>2026-05-17T13:43:43Z</time>
      </trkpt>
      <trkpt lat="30.596981" lon="104.30001">
        <time>2026-05-17T13:43:44Z</time>
      </trkpt>
      <trkpt lat="30.59701" lon="104.29997">
        <time>2026-05-17T13:43:45Z</time>
      </trkpt>
      <trkpt lat="30.597038" lon="104.29993">
        <time>2026-05-17T13:43:46Z</time>
      </trkpt>
      <trkpt lat="30.597073" lon="104.29988">
        <time>2026-05-17T13:43:47Z</time>
      </trkpt>
      <trkpt lat="30.59711" lon="104.299835">
        <time>2026-05-17T13:43:48Z</time>
      </trkpt>
      <trkpt lat="30.59715" lon="104.29978">
        <time>2026-05-17T13:43:49Z</time>
      </trkpt>
      <trkpt lat="30.597189" lon="104.29973">
        <time>2026-05-17T13:43:50Z</time>
      </trkpt>
      <trkpt lat="30.597229" lon="104.299675">
        <time>2026-05-17T13:43:51Z</time>
      </trkpt>
      <trkpt lat="30.597261" lon="104.29961">
        <time>2026-05-17T13:43:52Z</time>
      </trkpt>
      <trkpt lat="30.597296" lon="104.29955">
        <time>2026-05-17T13:43:53Z</time>
      </trkpt>
      <trkpt lat="30.597336" lon="104.299484">
        <time>2026-05-17T13:43:54Z</time>
      </trkpt>
      <trkpt lat="30.597368" lon="104.29942">
        <time>2026-05-17T13:43:55Z</time>
      </trkpt>
      <trkpt lat="30.59741" lon="104.29936">
        <time>2026-05-17T13:43:56Z</time>
      </trkpt>
      <trkpt lat="30.59745" lon="104.29931">
        <time>2026-05-17T13:43:57Z</time>
      </trkpt>
      <trkpt lat="30.59749" lon="104.29924">
        <time>2026-05-17T13:43:58Z</time>
      </trkpt>
      <trkpt lat="30.597534" lon="104.29917">
        <time>2026-05-17T13:43:59Z</time>
      </trkpt>
      <trkpt lat="30.597574" lon="104.2991">
        <time>2026-05-17T13:44:00Z</time>
      </trkpt>
      <trkpt lat="30.597618" lon="104.299034">
        <time>2026-05-17T13:44:01Z</time>
      </trkpt>
      <trkpt lat="30.597656" lon="104.298965">
        <time>2026-05-17T13:44:02Z</time>
      </trkpt>
      <trkpt lat="30.59769" lon="104.2989">
        <time>2026-05-17T13:44:03Z</time>
      </trkpt>
      <trkpt lat="30.597725" lon="104.29883">
        <time>2026-05-17T13:44:04Z</time>
      </trkpt>
      <trkpt lat="30.59776" lon="104.29875">
        <time>2026-05-17T13:44:05Z</time>
      </trkpt>
      <trkpt lat="30.597788" lon="104.29868">
        <time>2026-05-17T13:44:06Z</time>
      </trkpt>
      <trkpt lat="30.597824" lon="104.298615">
        <time>2026-05-17T13:44:07Z</time>
      </trkpt>
      <trkpt lat="30.597858" lon="104.29854">
        <time>2026-05-17T13:44:08Z</time>
      </trkpt>
      <trkpt lat="30.597897" lon="104.298454">
        <time>2026-05-17T13:44:09Z</time>
      </trkpt>
      <trkpt lat="30.597933" lon="104.29837">
        <time>2026-05-17T13:44:10Z</time>
      </trkpt>
      <trkpt lat="30.597967" lon="104.298294">
        <time>2026-05-17T13:44:11Z</time>
      </trkpt>
      <trkpt lat="30.597996" lon="104.29822">
        <time>2026-05-17T13:44:12Z</time>
      </trkpt>
      <trkpt lat="30.598024" lon="104.29814">
        <time>2026-05-17T13:44:13Z</time>
      </trkpt>
      <trkpt lat="30.598053" lon="104.29806">
        <time>2026-05-17T13:44:14Z</time>
      </trkpt>
      <trkpt lat="30.598082" lon="104.29797">
        <time>2026-05-17T13:44:15Z</time>
      </trkpt>
      <trkpt lat="30.598103" lon="104.297905">
        <time>2026-05-17T13:44:16Z</time>
      </trkpt>
      <trkpt lat="30.598131" lon="104.29783">
        <time>2026-05-17T13:44:17Z</time>
      </trkpt>
      <trkpt lat="30.598158" lon="104.297745">
        <time>2026-05-17T13:44:18Z</time>
      </trkpt>
      <trkpt lat="30.598183" lon="104.29767">
        <time>2026-05-17T13:44:19Z</time>
      </trkpt>
      <trkpt lat="30.59821" lon="104.297585">
        <time>2026-05-17T13:44:20Z</time>
      </trkpt>
      <trkpt lat="30.598232" lon="104.2975">
        <time>2026-05-17T13:44:21Z</time>
      </trkpt>
      <trkpt lat="30.598251" lon="104.29742">
        <time>2026-05-17T13:44:22Z</time>
      </trkpt>
      <trkpt lat="30.598272" lon="104.297325">
        <time>2026-05-17T13:44:23Z</time>
      </trkpt>
      <trkpt lat="30.59829" lon="104.29724">
        <time>2026-05-17T13:44:24Z</time>
      </trkpt>
      <trkpt lat="30.598305" lon="104.29715">
        <time>2026-05-17T13:44:25Z</time>
      </trkpt>
      <trkpt lat="30.598324" lon="104.29707">
        <time>2026-05-17T13:44:26Z</time>
      </trkpt>
      <trkpt lat="30.598341" lon="104.29699">
        <time>2026-05-17T13:44:27Z</time>
      </trkpt>
      <trkpt lat="30.598356" lon="104.296906">
        <time>2026-05-17T13:44:28Z</time>
      </trkpt>
      <trkpt lat="30.59837" lon="104.29682">
        <time>2026-05-17T13:44:29Z</time>
      </trkpt>
      <trkpt lat="30.598383" lon="104.29673">
        <time>2026-05-17T13:44:30Z</time>
      </trkpt>
      <trkpt lat="30.5984" lon="104.296646">
        <time>2026-05-17T13:44:31Z</time>
      </trkpt>
      <trkpt lat="30.59842" lon="104.29656">
        <time>2026-05-17T13:44:32Z</time>
      </trkpt>
      <trkpt lat="30.598436" lon="104.29648">
        <time>2026-05-17T13:44:33Z</time>
      </trkpt>
      <trkpt lat="30.598457" lon="104.296394">
        <time>2026-05-17T13:44:34Z</time>
      </trkpt>
      <trkpt lat="30.598478" lon="104.29631">
        <time>2026-05-17T13:44:35Z</time>
      </trkpt>
      <trkpt lat="30.598497" lon="104.29623">
        <time>2026-05-17T13:44:36Z</time>
      </trkpt>
      <trkpt lat="30.598516" lon="104.296135">
        <time>2026-05-17T13:44:37Z</time>
      </trkpt>
      <trkpt lat="30.598534" lon="104.29606">
        <time>2026-05-17T13:44:38Z</time>
      </trkpt>
      <trkpt lat="30.59855" lon="104.295975">
        <time>2026-05-17T13:44:39Z</time>
      </trkpt>
      <trkpt lat="30.598564" lon="104.29588">
        <time>2026-05-17T13:44:40Z</time>
      </trkpt>
      <trkpt lat="30.598577" lon="104.2958">
        <time>2026-05-17T13:44:41Z</time>
      </trkpt>
      <trkpt lat="30.598585" lon="104.295715">
        <time>2026-05-17T13:44:42Z</time>
      </trkpt>
      <trkpt lat="30.59859" lon="104.29562">
        <time>2026-05-17T13:44:43Z</time>
      </trkpt>
      <trkpt lat="30.5986" lon="104.29554">
        <time>2026-05-17T13:44:44Z</time>
      </trkpt>
      <trkpt lat="30.598602" lon="104.295456">
        <time>2026-05-17T13:44:45Z</time>
      </trkpt>
      <trkpt lat="30.598604" lon="104.29537">
        <time>2026-05-17T13:44:46Z</time>
      </trkpt>
      <trkpt lat="30.598618" lon="104.29529">
        <time>2026-05-17T13:44:47Z</time>
      </trkpt>
      <trkpt lat="30.59862" lon="104.295204">
        <time>2026-05-17T13:44:48Z</time>
      </trkpt>
      <trkpt lat="30.598625" lon="104.29511">
        <time>2026-05-17T13:44:49Z</time>
      </trkpt>
      <trkpt lat="30.598629" lon="104.29502">
        <time>2026-05-17T13:44:50Z</time>
      </trkpt>
      <trkpt lat="30.59863" lon="104.29494">
        <time>2026-05-17T13:44:51Z</time>
      </trkpt>
      <trkpt lat="30.598627" lon="104.29485">
        <time>2026-05-17T13:44:52Z</time>
      </trkpt>
      <trkpt lat="30.59862" lon="104.29476">
        <time>2026-05-17T13:44:53Z</time>
      </trkpt>
      <trkpt lat="30.598616" lon="104.29468">
        <time>2026-05-17T13:44:54Z</time>
      </trkpt>
      <trkpt lat="30.598614" lon="104.2946">
        <time>2026-05-17T13:44:55Z</time>
      </trkpt>
      <trkpt lat="30.59861" lon="104.29452">
        <time>2026-05-17T13:44:56Z</time>
      </trkpt>
      <trkpt lat="30.598606" lon="104.29443">
        <time>2026-05-17T13:44:57Z</time>
      </trkpt>
      <trkpt lat="30.598604" lon="104.29435">
        <time>2026-05-17T13:44:58Z</time>
      </trkpt>
      <trkpt lat="30.598604" lon="104.29425">
        <time>2026-05-17T13:44:59Z</time>
      </trkpt>
      <trkpt lat="30.5986" lon="104.29417">
        <time>2026-05-17T13:45:00Z</time>
      </trkpt>
      <trkpt lat="30.598597" lon="104.29408">
        <time>2026-05-17T13:45:01Z</time>
      </trkpt>
      <trkpt lat="30.598598" lon="104.294">
        <time>2026-05-17T13:45:02Z</time>
      </trkpt>
      <trkpt lat="30.598593" lon="104.293915">
        <time>2026-05-17T13:45:03Z</time>
      </trkpt>
      <trkpt lat="30.598593" lon="104.29382">
        <time>2026-05-17T13:45:04Z</time>
      </trkpt>
      <trkpt lat="30.59859" lon="104.29373">
        <time>2026-05-17T13:45:05Z</time>
      </trkpt>
      <trkpt lat="30.59859" lon="104.29365">
        <time>2026-05-17T13:45:06Z</time>
      </trkpt>
      <trkpt lat="30.598593" lon="104.29356">
        <time>2026-05-17T13:45:07Z</time>
      </trkpt>
      <trkpt lat="30.598593" lon="104.293465">
        <time>2026-05-17T13:45:08Z</time>
      </trkpt>
      <trkpt lat="30.598595" lon="104.29337">
        <time>2026-05-17T13:45:09Z</time>
      </trkpt>
      <trkpt lat="30.598597" lon="104.29329">
        <time>2026-05-17T13:45:10Z</time>
      </trkpt>
      <trkpt lat="30.598602" lon="104.2932">
        <time>2026-05-17T13:45:11Z</time>
      </trkpt>
      <trkpt lat="30.598606" lon="104.29311">
        <time>2026-05-17T13:45:12Z</time>
      </trkpt>
      <trkpt lat="30.59861" lon="104.29302">
        <time>2026-05-17T13:45:13Z</time>
      </trkpt>
      <trkpt lat="30.598608" lon="104.29293">
        <time>2026-05-17T13:45:14Z</time>
      </trkpt>
      <trkpt lat="30.598604" lon="104.29283">
        <time>2026-05-17T13:45:15Z</time>
      </trkpt>
      <trkpt lat="30.598597" lon="104.29273">
        <time>2026-05-17T13:45:16Z</time>
      </trkpt>
      <trkpt lat="30.598597" lon="104.29263">
        <time>2026-05-17T13:45:17Z</time>
      </trkpt>
      <trkpt lat="30.598593" lon="104.292534">
        <time>2026-05-17T13:45:18Z</time>
      </trkpt>
      <trkpt lat="30.59859" lon="104.29243">
        <time>2026-05-17T13:45:19Z</time>
      </trkpt>
      <trkpt lat="30.59858" lon="104.29232">
        <time>2026-05-17T13:45:20Z</time>
      </trkpt>
      <trkpt lat="30.59857" lon="104.292244">
        <time>2026-05-17T13:45:21Z</time>
      </trkpt>
      <trkpt lat="30.598557" lon="104.29216">
        <time>2026-05-17T13:45:22Z</time>
      </trkpt>
      <trkpt lat="30.598537" lon="104.29208">
        <time>2026-05-17T13:45:23Z</time>
      </trkpt>
      <trkpt lat="30.59852" lon="104.292015">
        <time>2026-05-17T13:45:24Z</time>
      </trkpt>
      <trkpt lat="30.598503" lon="104.29195">
        <time>2026-05-17T13:45:25Z</time>
      </trkpt>
      <trkpt lat="30.598486" lon="104.291885">
        <time>2026-05-17T13:45:26Z</time>
      </trkpt>
      <trkpt lat="30.598473" lon="104.291824">
        <time>2026-05-17T13:45:27Z</time>
      </trkpt>
      <trkpt lat="30.598457" lon="104.29176">
        <time>2026-05-17T13:45:28Z</time>
      </trkpt>
      <trkpt lat="30.598448" lon="104.2917">
        <time>2026-05-17T13:45:29Z</time>
      </trkpt>
      <trkpt lat="30.598433" lon="104.29163">
        <time>2026-05-17T13:45:30Z</time>
      </trkpt>
      <trkpt lat="30.59841" lon="104.29157">
        <time>2026-05-17T13:45:31Z</time>
      </trkpt>
      <trkpt lat="30.598387" lon="104.29151">
        <time>2026-05-17T13:45:32Z</time>
      </trkpt>
      <trkpt lat="30.598368" lon="104.29145">
        <time>2026-05-17T13:45:33Z</time>
      </trkpt>
      <trkpt lat="30.598358" lon="104.29138">
        <time>2026-05-17T13:45:34Z</time>
      </trkpt>
      <trkpt lat="30.598356" lon="104.291306">
        <time>2026-05-17T13:45:35Z</time>
      </trkpt>
      <trkpt lat="30.598356" lon="104.29124">
        <time>2026-05-17T13:45:36Z</time>
      </trkpt>
      <trkpt lat="30.598356" lon="104.29115">
        <time>2026-05-17T13:45:37Z</time>
      </trkpt>
      <trkpt lat="30.598356" lon="104.29108">
        <time>2026-05-17T13:45:38Z</time>
      </trkpt>
      <trkpt lat="30.598356" lon="104.291">
        <time>2026-05-17T13:45:39Z</time>
      </trkpt>
      <trkpt lat="30.598354" lon="104.290924">
        <time>2026-05-17T13:45:40Z</time>
      </trkpt>
      <trkpt lat="30.598352" lon="104.29084">
        <time>2026-05-17T13:45:41Z</time>
      </trkpt>
      <trkpt lat="30.598352" lon="104.290764">
        <time>2026-05-17T13:45:42Z</time>
      </trkpt>
      <trkpt lat="30.59835" lon="104.29068">
        <time>2026-05-17T13:45:43Z</time>
      </trkpt>
      <trkpt lat="30.598349" lon="104.290596">
        <time>2026-05-17T13:45:44Z</time>
      </trkpt>
      <trkpt lat="30.598347" lon="104.29051">
        <time>2026-05-17T13:45:45Z</time>
      </trkpt>
      <trkpt lat="30.598345" lon="104.29043">
        <time>2026-05-17T13:45:46Z</time>
      </trkpt>
      <trkpt lat="30.59834" lon="104.290344">
        <time>2026-05-17T13:45:47Z</time>
      </trkpt>
      <trkpt lat="30.59834" lon="104.29026">
        <time>2026-05-17T13:45:48Z</time>
      </trkpt>
      <trkpt lat="30.598337" lon="104.29017">
        <time>2026-05-17T13:45:49Z</time>
      </trkpt>
      <trkpt lat="30.598333" lon="104.290085">
        <time>2026-05-17T13:45:50Z</time>
      </trkpt>
      <trkpt lat="30.598331" lon="104.28999">
        <time>2026-05-17T13:45:51Z</time>
      </trkpt>
      <trkpt lat="30.598326" lon="104.2899">
        <time>2026-05-17T13:45:52Z</time>
      </trkpt>
      <trkpt lat="30.598322" lon="104.28981">
        <time>2026-05-17T13:45:53Z</time>
      </trkpt>
      <trkpt lat="30.598322" lon="104.28972">
        <time>2026-05-17T13:45:54Z</time>
      </trkpt>
      <trkpt lat="30.59832" lon="104.28963">
        <time>2026-05-17T13:45:55Z</time>
      </trkpt>
      <trkpt lat="30.598314" lon="104.289536">
        <time>2026-05-17T13:45:56Z</time>
      </trkpt>
      <trkpt lat="30.598314" lon="104.289444">
        <time>2026-05-17T13:45:57Z</time>
      </trkpt>
      <trkpt lat="30.598312" lon="104.28935">
        <time>2026-05-17T13:45:58Z</time>
      </trkpt>
      <trkpt lat="30.598312" lon="104.28927">
        <time>2026-05-17T13:45:59Z</time>
      </trkpt>
      <trkpt lat="30.598314" lon="104.28918">
        <time>2026-05-17T13:46:00Z</time>
      </trkpt>
      <trkpt lat="30.598312" lon="104.289085">
        <time>2026-05-17T13:46:01Z</time>
      </trkpt>
      <trkpt lat="30.598312" lon="104.288994">
        <time>2026-05-17T13:46:02Z</time>
      </trkpt>
      <trkpt lat="30.598309" lon="104.2889">
        <time>2026-05-17T13:46:03Z</time>
      </trkpt>
      <trkpt lat="30.598307" lon="104.28881">
        <time>2026-05-17T13:46:04Z</time>
      </trkpt>
      <trkpt lat="30.598305" lon="104.28872">
        <time>2026-05-17T13:46:05Z</time>
      </trkpt>
      <trkpt lat="30.598305" lon="104.288635">
        <time>2026-05-17T13:46:06Z</time>
      </trkpt>
      <trkpt lat="30.598305" lon="104.28854">
        <time>2026-05-17T13:46:07Z</time>
      </trkpt>
      <trkpt lat="30.598303" lon="104.28845">
        <time>2026-05-17T13:46:08Z</time>
      </trkpt>
      <trkpt lat="30.598303" lon="104.28836">
        <time>2026-05-17T13:46:09Z</time>
      </trkpt>
      <trkpt lat="30.5983" lon="104.28827">
        <time>2026-05-17T13:46:10Z</time>
      </trkpt>
      <trkpt lat="30.598297" lon="104.288185">
        <time>2026-05-17T13:46:11Z</time>
      </trkpt>
      <trkpt lat="30.598293" lon="104.28809">
        <time>2026-05-17T13:46:12Z</time>
      </trkpt>
      <trkpt lat="30.598291" lon="104.28801">
        <time>2026-05-17T13:46:13Z</time>
      </trkpt>
      <trkpt lat="30.598291" lon="104.287926">
        <time>2026-05-17T13:46:14Z</time>
      </trkpt>
      <trkpt lat="30.598291" lon="104.287834">
        <time>2026-05-17T13:46:15Z</time>
      </trkpt>
      <trkpt lat="30.598288" lon="104.28776">
        <time>2026-05-17T13:46:16Z</time>
      </trkpt>
      <trkpt lat="30.598284" lon="104.287674">
        <time>2026-05-17T13:46:17Z</time>
      </trkpt>
      <trkpt lat="30.598284" lon="104.2876">
        <time>2026-05-17T13:46:18Z</time>
      </trkpt>
      <trkpt lat="30.598284" lon="104.28751">
        <time>2026-05-17T13:46:19Z</time>
      </trkpt>
      <trkpt lat="30.59828" lon="104.28743">
        <time>2026-05-17T13:46:20Z</time>
      </trkpt>
      <trkpt lat="30.598274" lon="104.28735">
        <time>2026-05-17T13:46:21Z</time>
      </trkpt>
      <trkpt lat="30.598274" lon="104.28727">
        <time>2026-05-17T13:46:22Z</time>
      </trkpt>
      <trkpt lat="30.598272" lon="104.28719">
        <time>2026-05-17T13:46:23Z</time>
      </trkpt>
      <trkpt lat="30.598269" lon="104.28712">
        <time>2026-05-17T13:46:24Z</time>
      </trkpt>
      <trkpt lat="30.598267" lon="104.28703">
        <time>2026-05-17T13:46:25Z</time>
      </trkpt>
      <trkpt lat="30.598263" lon="104.28696">
        <time>2026-05-17T13:46:26Z</time>
      </trkpt>
      <trkpt lat="30.598263" lon="104.28687">
        <time>2026-05-17T13:46:27Z</time>
      </trkpt>
      <trkpt lat="30.59826" lon="104.2868">
        <time>2026-05-17T13:46:28Z</time>
      </trkpt>
      <trkpt lat="30.598257" lon="104.28671">
        <time>2026-05-17T13:46:29Z</time>
      </trkpt>
      <trkpt lat="30.598253" lon="104.28664">
        <time>2026-05-17T13:46:30Z</time>
      </trkpt>
      <trkpt lat="30.59825" lon="104.28655">
        <time>2026-05-17T13:46:31Z</time>
      </trkpt>
      <trkpt lat="30.598248" lon="104.28647">
        <time>2026-05-17T13:46:32Z</time>
      </trkpt>
      <trkpt lat="30.598248" lon="104.28639">
        <time>2026-05-17T13:46:33Z</time>
      </trkpt>
      <trkpt lat="30.598248" lon="104.28631">
        <time>2026-05-17T13:46:34Z</time>
      </trkpt>
      <trkpt lat="30.598244" lon="104.286224">
        <time>2026-05-17T13:46:35Z</time>
      </trkpt>
      <trkpt lat="30.598242" lon="104.28614">
        <time>2026-05-17T13:46:36Z</time>
      </trkpt>
      <trkpt lat="30.598244" lon="104.28606">
        <time>2026-05-17T13:46:37Z</time>
      </trkpt>
      <trkpt lat="30.598242" lon="104.28597">
        <time>2026-05-17T13:46:38Z</time>
      </trkpt>
      <trkpt lat="30.598242" lon="104.2859">
        <time>2026-05-17T13:46:39Z</time>
      </trkpt>
      <trkpt lat="30.598242" lon="104.28581">
        <time>2026-05-17T13:46:40Z</time>
      </trkpt>
      <trkpt lat="30.598236" lon="104.28573">
        <time>2026-05-17T13:46:41Z</time>
      </trkpt>
      <trkpt lat="30.598234" lon="104.285645">
        <time>2026-05-17T13:46:42Z</time>
      </trkpt>
      <trkpt lat="30.598228" lon="104.28557">
        <time>2026-05-17T13:46:43Z</time>
      </trkpt>
      <trkpt lat="30.598227" lon="104.28549">
        <time>2026-05-17T13:46:44Z</time>
      </trkpt>
      <trkpt lat="30.598223" lon="104.28541">
        <time>2026-05-17T13:46:45Z</time>
      </trkpt>
      <trkpt lat="30.59822" lon="104.28533">
        <time>2026-05-17T13:46:46Z</time>
      </trkpt>
      <trkpt lat="30.598219" lon="104.285255">
        <time>2026-05-17T13:46:47Z</time>
      </trkpt>
      <trkpt lat="30.598219" lon="104.28517">
        <time>2026-05-17T13:46:48Z</time>
      </trkpt>
      <trkpt lat="30.598217" lon="104.285095">
        <time>2026-05-17T13:46:49Z</time>
      </trkpt>
      <trkpt lat="30.598217" lon="104.28502">
        <time>2026-05-17T13:46:50Z</time>
      </trkpt>
      <trkpt lat="30.598217" lon="104.28494">
        <time>2026-05-17T13:46:51Z</time>
      </trkpt>
      <trkpt lat="30.598219" lon="104.28486">
        <time>2026-05-17T13:46:52Z</time>
      </trkpt>
      <trkpt lat="30.598217" lon="104.28478">
        <time>2026-05-17T13:46:53Z</time>
      </trkpt>
      <trkpt lat="30.598219" lon="104.2847">
        <time>2026-05-17T13:46:54Z</time>
      </trkpt>
      <trkpt lat="30.598219" lon="104.28462">
        <time>2026-05-17T13:46:55Z</time>
      </trkpt>
      <trkpt lat="30.598217" lon="104.28454">
        <time>2026-05-17T13:46:56Z</time>
      </trkpt>
      <trkpt lat="30.598213" lon="104.28446">
        <time>2026-05-17T13:46:57Z</time>
      </trkpt>
      <trkpt lat="30.598207" lon="104.284386">
        <time>2026-05-17T13:46:58Z</time>
      </trkpt>
      <trkpt lat="30.598207" lon="104.28431">
        <time>2026-05-17T13:46:59Z</time>
      </trkpt>
      <trkpt lat="30.598207" lon="104.28423">
        <time>2026-05-17T13:47:00Z</time>
      </trkpt>
      <trkpt lat="30.598206" lon="104.28416">
        <time>2026-05-17T13:47:01Z</time>
      </trkpt>
      <trkpt lat="30.598204" lon="104.28408">
        <time>2026-05-17T13:47:02Z</time>
      </trkpt>
      <trkpt lat="30.598202" lon="104.28401">
        <time>2026-05-17T13:47:03Z</time>
      </trkpt>
      <trkpt lat="30.598198" lon="104.283936">
        <time>2026-05-17T13:47:04Z</time>
      </trkpt>
      <trkpt lat="30.598196" lon="104.28386">
        <time>2026-05-17T13:47:05Z</time>
      </trkpt>
      <trkpt lat="30.598194" lon="104.28379">
        <time>2026-05-17T13:47:06Z</time>
      </trkpt>
      <trkpt lat="30.598196" lon="104.28371">
        <time>2026-05-17T13:47:07Z</time>
      </trkpt>
      <trkpt lat="30.598196" lon="104.28363">
        <time>2026-05-17T13:47:08Z</time>
      </trkpt>
      <trkpt lat="30.598194" lon="104.283554">
        <time>2026-05-17T13:47:09Z</time>
      </trkpt>
      <trkpt lat="30.59819" lon="104.283485">
        <time>2026-05-17T13:47:10Z</time>
      </trkpt>
      <trkpt lat="30.598186" lon="104.28341">
        <time>2026-05-17T13:47:11Z</time>
      </trkpt>
      <trkpt lat="30.598183" lon="104.28334">
        <time>2026-05-17T13:47:12Z</time>
      </trkpt>
      <trkpt lat="30.59818" lon="104.283264">
        <time>2026-05-17T13:47:13Z</time>
      </trkpt>
      <trkpt lat="30.59818" lon="104.28319">
        <time>2026-05-17T13:47:14Z</time>
      </trkpt>
      <trkpt lat="30.59818" lon="104.28312">
        <time>2026-05-17T13:47:15Z</time>
      </trkpt>
      <trkpt lat="30.59818" lon="104.28304">
        <time>2026-05-17T13:47:16Z</time>
      </trkpt>
      <trkpt lat="30.59818" lon="104.28297">
        <time>2026-05-17T13:47:17Z</time>
      </trkpt>
      <trkpt lat="30.59818" lon="104.28289">
        <time>2026-05-17T13:47:18Z</time>
      </trkpt>
      <trkpt lat="30.59818" lon="104.282814">
        <time>2026-05-17T13:47:19Z</time>
      </trkpt>
      <trkpt lat="30.598179" lon="104.282745">
        <time>2026-05-17T13:47:20Z</time>
      </trkpt>
      <trkpt lat="30.598175" lon="104.28268">
        <time>2026-05-17T13:47:21Z</time>
      </trkpt>
      <trkpt lat="30.598177" lon="104.28261">
        <time>2026-05-17T13:47:22Z</time>
      </trkpt>
      <trkpt lat="30.598179" lon="104.28253">
        <time>2026-05-17T13:47:23Z</time>
      </trkpt>
      <trkpt lat="30.598177" lon="104.28247">
        <time>2026-05-17T13:47:24Z</time>
      </trkpt>
      <trkpt lat="30.598177" lon="104.2824">
        <time>2026-05-17T13:47:25Z</time>
      </trkpt>
      <trkpt lat="30.598175" lon="104.28233">
        <time>2026-05-17T13:47:26Z</time>
      </trkpt>
      <trkpt lat="30.598175" lon="104.282265">
        <time>2026-05-17T13:47:27Z</time>
      </trkpt>
      <trkpt lat="30.598175" lon="104.28219">
        <time>2026-05-17T13:47:28Z</time>
      </trkpt>
      <trkpt lat="30.598177" lon="104.28213">
        <time>2026-05-17T13:47:29Z</time>
      </trkpt>
      <trkpt lat="30.598177" lon="104.28206">
        <time>2026-05-17T13:47:30Z</time>
      </trkpt>
      <trkpt lat="30.59818" lon="104.28199">
        <time>2026-05-17T13:47:31Z</time>
      </trkpt>
      <trkpt lat="30.598183" lon="104.281906">
        <time>2026-05-17T13:47:32Z</time>
      </trkpt>
      <trkpt lat="30.598188" lon="104.28184">
        <time>2026-05-17T13:47:33Z</time>
      </trkpt>
      <trkpt lat="30.598194" lon="104.28177">
        <time>2026-05-17T13:47:34Z</time>
      </trkpt>
      <trkpt lat="30.598202" lon="104.28169">
        <time>2026-05-17T13:47:35Z</time>
      </trkpt>
      <trkpt lat="30.59821" lon="104.281624">
        <time>2026-05-17T13:47:36Z</time>
      </trkpt>
      <trkpt lat="30.598213" lon="104.281555">
        <time>2026-05-17T13:47:37Z</time>
      </trkpt>
      <trkpt lat="30.59822" lon="104.28149">
        <time>2026-05-17T13:47:38Z</time>
      </trkpt>
      <trkpt lat="30.59823" lon="104.28142">
        <time>2026-05-17T13:47:39Z</time>
      </trkpt>
      <trkpt lat="30.598236" lon="104.28134">
        <time>2026-05-17T13:47:40Z</time>
      </trkpt>
      <trkpt lat="30.598246" lon="104.281265">
        <time>2026-05-17T13:47:41Z</time>
      </trkpt>
      <trkpt lat="30.59825" lon="104.28119">
        <time>2026-05-17T13:47:42Z</time>
      </trkpt>
      <trkpt lat="30.598255" lon="104.28111">
        <time>2026-05-17T13:47:43Z</time>
      </trkpt>
      <trkpt lat="30.598263" lon="104.28104">
        <time>2026-05-17T13:47:44Z</time>
      </trkpt>
      <trkpt lat="30.598272" lon="104.28097">
        <time>2026-05-17T13:47:45Z</time>
      </trkpt>
      <trkpt lat="30.598276" lon="104.28089">
        <time>2026-05-17T13:47:46Z</time>
      </trkpt>
      <trkpt lat="30.59828" lon="104.28082">
        <time>2026-05-17T13:47:47Z</time>
      </trkpt>
      <trkpt lat="30.598286" lon="104.28074">
        <time>2026-05-17T13:47:48Z</time>
      </trkpt>
      <trkpt lat="30.598291" lon="104.28066">
        <time>2026-05-17T13:47:49Z</time>
      </trkpt>
      <trkpt lat="30.598295" lon="104.28059">
        <time>2026-05-17T13:47:50Z</time>
      </trkpt>
      <trkpt lat="30.598303" lon="104.28051">
        <time>2026-05-17T13:47:51Z</time>
      </trkpt>
      <trkpt lat="30.598314" lon="104.28043">
        <time>2026-05-17T13:47:52Z</time>
      </trkpt>
      <trkpt lat="30.598322" lon="104.28036">
        <time>2026-05-17T13:47:53Z</time>
      </trkpt>
      <trkpt lat="30.598331" lon="104.28028">
        <time>2026-05-17T13:47:54Z</time>
      </trkpt>
      <trkpt lat="30.59834" lon="104.28021">
        <time>2026-05-17T13:47:55Z</time>
      </trkpt>
      <trkpt lat="30.59835" lon="104.28014">
        <time>2026-05-17T13:47:56Z</time>
      </trkpt>
      <trkpt lat="30.59836" lon="104.280075">
        <time>2026-05-17T13:47:57Z</time>
      </trkpt>
      <trkpt lat="30.598372" lon="104.28001">
        <time>2026-05-17T13:47:58Z</time>
      </trkpt>
      <trkpt lat="30.598381" lon="104.27994">
        <time>2026-05-17T13:47:59Z</time>
      </trkpt>
      <trkpt lat="30.59839" lon="104.27986">
        <time>2026-05-17T13:48:00Z</time>
      </trkpt>
      <trkpt lat="30.598402" lon="104.2798">
        <time>2026-05-17T13:48:01Z</time>
      </trkpt>
      <trkpt lat="30.598413" lon="104.27973">
        <time>2026-05-17T13:48:02Z</time>
      </trkpt>
      <trkpt lat="30.598421" lon="104.27966">
        <time>2026-05-17T13:48:03Z</time>
      </trkpt>
      <trkpt lat="30.598433" lon="104.27959">
        <time>2026-05-17T13:48:04Z</time>
      </trkpt>
      <trkpt lat="30.598444" lon="104.27952">
        <time>2026-05-17T13:48:05Z</time>
      </trkpt>
      <trkpt lat="30.598454" lon="104.27945">
        <time>2026-05-17T13:48:06Z</time>
      </trkpt>
      <trkpt lat="30.598467" lon="104.27938">
        <time>2026-05-17T13:48:07Z</time>
      </trkpt>
      <trkpt lat="30.59848" lon="104.27931">
        <time>2026-05-17T13:48:08Z</time>
      </trkpt>
      <trkpt lat="30.598495" lon="104.27924">
        <time>2026-05-17T13:48:09Z</time>
      </trkpt>
      <trkpt lat="30.59851" lon="104.27917">
        <time>2026-05-17T13:48:10Z</time>
      </trkpt>
      <trkpt lat="30.598524" lon="104.27909">
        <time>2026-05-17T13:48:11Z</time>
      </trkpt>
      <trkpt lat="30.598534" lon="104.27902">
        <time>2026-05-17T13:48:12Z</time>
      </trkpt>
      <trkpt lat="30.598543" lon="104.27896">
        <time>2026-05-17T13:48:13Z</time>
      </trkpt>
      <trkpt lat="30.59855" lon="104.27889">
        <time>2026-05-17T13:48:14Z</time>
      </trkpt>
      <trkpt lat="30.598566" lon="104.27883">
        <time>2026-05-17T13:48:15Z</time>
      </trkpt>
      <trkpt lat="30.598581" lon="104.27877">
        <time>2026-05-17T13:48:16Z</time>
      </trkpt>
      <trkpt lat="30.59859" lon="104.27871">
        <time>2026-05-17T13:48:17Z</time>
      </trkpt>
      <trkpt lat="30.598604" lon="104.27864">
        <time>2026-05-17T13:48:18Z</time>
      </trkpt>
      <trkpt lat="30.598614" lon="104.27858">
        <time>2026-05-17T13:48:19Z</time>
      </trkpt>
      <trkpt lat="30.598623" lon="104.27852">
        <time>2026-05-17T13:48:20Z</time>
      </trkpt>
      <trkpt lat="30.598633" lon="104.27846">
        <time>2026-05-17T13:48:21Z</time>
      </trkpt>
      <trkpt lat="30.598646" lon="104.2784">
        <time>2026-05-17T13:48:22Z</time>
      </trkpt>
      <trkpt lat="30.598658" lon="104.278336">
        <time>2026-05-17T13:48:23Z</time>
      </trkpt>
      <trkpt lat="30.59867" lon="104.278275">
        <time>2026-05-17T13:48:24Z</time>
      </trkpt>
      <trkpt lat="30.598682" lon="104.27821">
        <time>2026-05-17T13:48:25Z</time>
      </trkpt>
      <trkpt lat="30.598692" lon="104.27815">
        <time>2026-05-17T13:48:26Z</time>
      </trkpt>
      <trkpt lat="30.598703" lon="104.27809">
        <time>2026-05-17T13:48:27Z</time>
      </trkpt>
      <trkpt lat="30.598713" lon="104.27803">
        <time>2026-05-17T13:48:28Z</time>
      </trkpt>
      <trkpt lat="30.598722" lon="104.27797">
        <time>2026-05-17T13:48:29Z</time>
      </trkpt>
      <trkpt lat="30.598736" lon="104.27791">
        <time>2026-05-17T13:48:30Z</time>
      </trkpt>
      <trkpt lat="30.598745" lon="104.277855">
        <time>2026-05-17T13:48:31Z</time>
      </trkpt>
      <trkpt lat="30.598757" lon="104.27779">
        <time>2026-05-17T13:48:32Z</time>
      </trkpt>
      <trkpt lat="30.598768" lon="104.277725">
        <time>2026-05-17T13:48:33Z</time>
      </trkpt>
      <trkpt lat="30.598785" lon="104.277664">
        <time>2026-05-17T13:48:34Z</time>
      </trkpt>
      <trkpt lat="30.5988" lon="104.2776">
        <time>2026-05-17T13:48:35Z</time>
      </trkpt>
      <trkpt lat="30.598812" lon="104.27754">
        <time>2026-05-17T13:48:36Z</time>
      </trkpt>
      <trkpt lat="30.598822" lon="104.27747">
        <time>2026-05-17T13:48:37Z</time>
      </trkpt>
      <trkpt lat="30.598833" lon="104.27741">
        <time>2026-05-17T13:48:38Z</time>
      </trkpt>
      <trkpt lat="30.598843" lon="104.27734">
        <time>2026-05-17T13:48:39Z</time>
      </trkpt>
      <trkpt lat="30.598852" lon="104.27728">
        <time>2026-05-17T13:48:40Z</time>
      </trkpt>
      <trkpt lat="30.59886" lon="104.277214">
        <time>2026-05-17T13:48:41Z</time>
      </trkpt>
      <trkpt lat="30.598871" lon="104.277145">
        <time>2026-05-17T13:48:42Z</time>
      </trkpt>
      <trkpt lat="30.598888" lon="104.27707">
        <time>2026-05-17T13:48:43Z</time>
      </trkpt>
      <trkpt lat="30.598907" lon="104.277">
        <time>2026-05-17T13:48:44Z</time>
      </trkpt>
      <trkpt lat="30.598927" lon="104.27693">
        <time>2026-05-17T13:48:45Z</time>
      </trkpt>
      <trkpt lat="30.598948" lon="104.276855">
        <time>2026-05-17T13:48:46Z</time>
      </trkpt>
      <trkpt lat="30.598957" lon="104.27677">
        <time>2026-05-17T13:48:47Z</time>
      </trkpt>
      <trkpt lat="30.59897" lon="104.27669">
        <time>2026-05-17T13:48:48Z</time>
      </trkpt>
      <trkpt lat="30.598986" lon="104.27661">
        <time>2026-05-17T13:48:49Z</time>
      </trkpt>
      <trkpt lat="30.598999" lon="104.276535">
        <time>2026-05-17T13:48:50Z</time>
      </trkpt>
      <trkpt lat="30.599012" lon="104.27646">
        <time>2026-05-17T13:48:51Z</time>
      </trkpt>
      <trkpt lat="30.599024" lon="104.27638">
        <time>2026-05-17T13:48:52Z</time>
      </trkpt>
      <trkpt lat="30.599035" lon="104.27631">
        <time>2026-05-17T13:48:53Z</time>
      </trkpt>
      <trkpt lat="30.59905" lon="104.27624">
        <time>2026-05-17T13:48:54Z</time>
      </trkpt>
      <trkpt lat="30.599066" lon="104.27616">
        <time>2026-05-17T13:48:55Z</time>
      </trkpt>
      <trkpt lat="30.59908" lon="104.27609">
        <time>2026-05-17T13:48:56Z</time>
      </trkpt>
      <trkpt lat="30.599094" lon="104.27602">
        <time>2026-05-17T13:48:57Z</time>
      </trkpt>
      <trkpt lat="30.599106" lon="104.27594">
        <time>2026-05-17T13:48:58Z</time>
      </trkpt>
      <trkpt lat="30.599123" lon="104.27586">
        <time>2026-05-17T13:48:59Z</time>
      </trkpt>
      <trkpt lat="30.599136" lon="104.275795">
        <time>2026-05-17T13:49:00Z</time>
      </trkpt>
      <trkpt lat="30.599152" lon="104.27572">
        <time>2026-05-17T13:49:01Z</time>
      </trkpt>
      <trkpt lat="30.599163" lon="104.27565">
        <time>2026-05-17T13:49:02Z</time>
      </trkpt>
      <trkpt lat="30.599174" lon="104.27557">
        <time>2026-05-17T13:49:03Z</time>
      </trkpt>
      <trkpt lat="30.599186" lon="104.2755">
        <time>2026-05-17T13:49:04Z</time>
      </trkpt>
      <trkpt lat="30.599197" lon="104.27541">
        <time>2026-05-17T13:49:05Z</time>
      </trkpt>
      <trkpt lat="30.599209" lon="104.27534">
        <time>2026-05-17T13:49:06Z</time>
      </trkpt>
      <trkpt lat="30.599222" lon="104.27526">
        <time>2026-05-17T13:49:07Z</time>
      </trkpt>
      <trkpt lat="30.599236" lon="104.27518">
        <time>2026-05-17T13:49:08Z</time>
      </trkpt>
      <trkpt lat="30.59925" lon="104.27509">
        <time>2026-05-17T13:49:09Z</time>
      </trkpt>
      <trkpt lat="30.599266" lon="104.27501">
        <time>2026-05-17T13:49:10Z</time>
      </trkpt>
      <trkpt lat="30.599281" lon="104.274925">
        <time>2026-05-17T13:49:11Z</time>
      </trkpt>
      <trkpt lat="30.599297" lon="104.27485">
        <time>2026-05-17T13:49:12Z</time>
      </trkpt>
      <trkpt lat="30.599308" lon="104.274765">
        <time>2026-05-17T13:49:13Z</time>
      </trkpt>
      <trkpt lat="30.59932" lon="104.27469">
        <time>2026-05-17T13:49:14Z</time>
      </trkpt>
      <trkpt lat="30.599337" lon="104.27461">
        <time>2026-05-17T13:49:15Z</time>
      </trkpt>
      <trkpt lat="30.599352" lon="104.274536">
        <time>2026-05-17T13:49:16Z</time>
      </trkpt>
      <trkpt lat="30.599367" lon="104.27446">
        <time>2026-05-17T13:49:17Z</time>
      </trkpt>
      <trkpt lat="30.59938" lon="104.27438">
        <time>2026-05-17T13:49:18Z</time>
      </trkpt>
      <trkpt lat="30.599392" lon="104.27431">
        <time>2026-05-17T13:49:19Z</time>
      </trkpt>
      <trkpt lat="30.599403" lon="104.27423">
        <time>2026-05-17T13:49:20Z</time>
      </trkpt>
      <trkpt lat="30.599417" lon="104.27416">
        <time>2026-05-17T13:49:21Z</time>
      </trkpt>
      <trkpt lat="30.599432" lon="104.274086">
        <time>2026-05-17T13:49:22Z</time>
      </trkpt>
      <trkpt lat="30.599447" lon="104.27401">
        <time>2026-05-17T13:49:23Z</time>
      </trkpt>
      <trkpt lat="30.599463" lon="104.27394">
        <time>2026-05-17T13:49:24Z</time>
      </trkpt>
      <trkpt lat="30.599476" lon="104.273865">
        <time>2026-05-17T13:49:25Z</time>
      </trkpt>
      <trkpt lat="30.59949" lon="104.27379">
        <time>2026-05-17T13:49:26Z</time>
      </trkpt>
      <trkpt lat="30.599503" lon="104.27372">
        <time>2026-05-17T13:49:27Z</time>
      </trkpt>
      <trkpt lat="30.599516" lon="104.27364">
        <time>2026-05-17T13:49:28Z</time>
      </trkpt>
      <trkpt lat="30.59953" lon="104.273575">
        <time>2026-05-17T13:49:29Z</time>
      </trkpt>
      <trkpt lat="30.599543" lon="104.2735">
        <time>2026-05-17T13:49:30Z</time>
      </trkpt>
      <trkpt lat="30.599554" lon="104.27343">
        <time>2026-05-17T13:49:31Z</time>
      </trkpt>
      <trkpt lat="30.599567" lon="104.27335">
        <time>2026-05-17T13:49:32Z</time>
      </trkpt>
      <trkpt lat="30.59958" lon="104.273285">
        <time>2026-05-17T13:49:33Z</time>
      </trkpt>
      <trkpt lat="30.599594" lon="104.27321">
        <time>2026-05-17T13:49:34Z</time>
      </trkpt>
      <trkpt lat="30.599606" lon="104.27314">
        <time>2026-05-17T13:49:35Z</time>
      </trkpt>
      <trkpt lat="30.599619" lon="104.27307">
        <time>2026-05-17T13:49:36Z</time>
      </trkpt>
      <trkpt lat="30.599634" lon="104.272995">
        <time>2026-05-17T13:49:37Z</time>
      </trkpt>
      <trkpt lat="30.599646" lon="104.27293">
        <time>2026-05-17T13:49:38Z</time>
      </trkpt>
      <trkpt lat="30.599657" lon="104.27285">
        <time>2026-05-17T13:49:39Z</time>
      </trkpt>
      <trkpt lat="30.599667" lon="104.27278">
        <time>2026-05-17T13:49:40Z</time>
      </trkpt>
      <trkpt lat="30.59968" lon="104.27271">
        <time>2026-05-17T13:49:41Z</time>
      </trkpt>
      <trkpt lat="30.599693" lon="104.27264">
        <time>2026-05-17T13:49:42Z</time>
      </trkpt>
      <trkpt lat="30.599709" lon="104.27257">
        <time>2026-05-17T13:49:43Z</time>
      </trkpt>
      <trkpt lat="30.599726" lon="104.27249">
        <time>2026-05-17T13:49:44Z</time>
      </trkpt>
      <trkpt lat="30.59974" lon="104.27241">
        <time>2026-05-17T13:49:45Z</time>
      </trkpt>
      <trkpt lat="30.599756" lon="104.27233">
        <time>2026-05-17T13:49:46Z</time>
      </trkpt>
      <trkpt lat="30.599773" lon="104.272255">
        <time>2026-05-17T13:49:47Z</time>
      </trkpt>
      <trkpt lat="30.599787" lon="104.27217">
        <time>2026-05-17T13:49:48Z</time>
      </trkpt>
      <trkpt lat="30.599798" lon="104.272095">
        <time>2026-05-17T13:49:49Z</time>
      </trkpt>
      <trkpt lat="30.599813" lon="104.272">
        <time>2026-05-17T13:49:50Z</time>
      </trkpt>
      <trkpt lat="30.59983" lon="104.27193">
        <time>2026-05-17T13:49:51Z</time>
      </trkpt>
      <trkpt lat="30.599846" lon="104.271835">
        <time>2026-05-17T13:49:52Z</time>
      </trkpt>
      <trkpt lat="30.599863" lon="104.27174">
        <time>2026-05-17T13:49:53Z</time>
      </trkpt>
      <trkpt lat="30.599876" lon="104.27166">
        <time>2026-05-17T13:49:54Z</time>
      </trkpt>
      <trkpt lat="30.599894" lon="104.27157">
        <time>2026-05-17T13:49:55Z</time>
      </trkpt>
      <trkpt lat="30.59991" lon="104.27147">
        <time>2026-05-17T13:49:56Z</time>
      </trkpt>
      <trkpt lat="30.599926" lon="104.27137">
        <time>2026-05-17T13:49:57Z</time>
      </trkpt>
      <trkpt lat="30.59994" lon="104.27126">
        <time>2026-05-17T13:49:58Z</time>
      </trkpt>
      <trkpt lat="30.599953" lon="104.27116">
        <time>2026-05-17T13:49:59Z</time>
      </trkpt>
      <trkpt lat="30.59997" lon="104.27105">
        <time>2026-05-17T13:50:00Z</time>
      </trkpt>
      <trkpt lat="30.599981" lon="104.27094">
        <time>2026-05-17T13:50:01Z</time>
      </trkpt>
      <trkpt lat="30.59999" lon="104.270836">
        <time>2026-05-17T13:50:02Z</time>
      </trkpt>
      <trkpt lat="30.600004" lon="104.27073">
        <time>2026-05-17T13:50:03Z</time>
      </trkpt>
      <trkpt lat="30.600018" lon="104.27062">
        <time>2026-05-17T13:50:04Z</time>
      </trkpt>
      <trkpt lat="30.60003" lon="104.270515">
        <time>2026-05-17T13:50:05Z</time>
      </trkpt>
      <trkpt lat="30.600046" lon="104.27041">
        <time>2026-05-17T13:50:06Z</time>
      </trkpt>
      <trkpt lat="30.60006" lon="104.2703">
        <time>2026-05-17T13:50:07Z</time>
      </trkpt>
      <trkpt lat="30.60007" lon="104.27019">
        <time>2026-05-17T13:50:08Z</time>
      </trkpt>
      <trkpt lat="30.600082" lon="104.27008">
        <time>2026-05-17T13:50:09Z</time>
      </trkpt>
      <trkpt lat="30.600096" lon="104.269966">
        <time>2026-05-17T13:50:10Z</time>
      </trkpt>
      <trkpt lat="30.60011" lon="104.26985">
        <time>2026-05-17T13:50:11Z</time>
      </trkpt>
      <trkpt lat="30.600119" lon="104.26974">
        <time>2026-05-17T13:50:12Z</time>
      </trkpt>
      <trkpt lat="30.600126" lon="104.26962">
        <time>2026-05-17T13:50:13Z</time>
      </trkpt>
      <trkpt lat="30.600136" lon="104.26951">
        <time>2026-05-17T13:50:14Z</time>
      </trkpt>
      <trkpt lat="30.600143" lon="104.2694">
        <time>2026-05-17T13:50:15Z</time>
      </trkpt>
      <trkpt lat="30.600151" lon="104.269295">
        <time>2026-05-17T13:50:16Z</time>
      </trkpt>
      <trkpt lat="30.600159" lon="104.269196">
        <time>2026-05-17T13:50:17Z</time>
      </trkpt>
      <trkpt lat="30.600164" lon="104.269104">
        <time>2026-05-17T13:50:18Z</time>
      </trkpt>
      <trkpt lat="30.600174" lon="104.269005">
        <time>2026-05-17T13:50:19Z</time>
      </trkpt>
      <trkpt lat="30.60018" lon="104.26891">
        <time>2026-05-17T13:50:20Z</time>
      </trkpt>
      <trkpt lat="30.600187" lon="104.26882">
        <time>2026-05-17T13:50:21Z</time>
      </trkpt>
      <trkpt lat="30.600195" lon="104.26873">
        <time>2026-05-17T13:50:22Z</time>
      </trkpt>
      <trkpt lat="30.600203" lon="104.26864">
        <time>2026-05-17T13:50:23Z</time>
      </trkpt>
      <trkpt lat="30.60021" lon="104.26855">
        <time>2026-05-17T13:50:24Z</time>
      </trkpt>
      <trkpt lat="30.600218" lon="104.26845">
        <time>2026-05-17T13:50:25Z</time>
      </trkpt>
      <trkpt lat="30.600224" lon="104.26836">
        <time>2026-05-17T13:50:26Z</time>
      </trkpt>
      <trkpt lat="30.600222" lon="104.268265">
        <time>2026-05-17T13:50:27Z</time>
      </trkpt>
      <trkpt lat="30.60022" lon="104.26817">
        <time>2026-05-17T13:50:28Z</time>
      </trkpt>
      <trkpt lat="30.600222" lon="104.2681">
        <time>2026-05-17T13:50:29Z</time>
      </trkpt>
      <trkpt lat="30.600225" lon="104.26801">
        <time>2026-05-17T13:50:30Z</time>
      </trkpt>
      <trkpt lat="30.60023" lon="104.26793">
        <time>2026-05-17T13:50:31Z</time>
      </trkpt>
      <trkpt lat="30.60023" lon="104.267845">
        <time>2026-05-17T13:50:32Z</time>
      </trkpt>
      <trkpt lat="30.60023" lon="104.26777">
        <time>2026-05-17T13:50:33Z</time>
      </trkpt>
      <trkpt lat="30.600231" lon="104.267685">
        <time>2026-05-17T13:50:34Z</time>
      </trkpt>
      <trkpt lat="30.600235" lon="104.2676">
        <time>2026-05-17T13:50:35Z</time>
      </trkpt>
      <trkpt lat="30.600243" lon="104.267525">
        <time>2026-05-17T13:50:36Z</time>
      </trkpt>
      <trkpt lat="30.600245" lon="104.26744">
        <time>2026-05-17T13:50:37Z</time>
      </trkpt>
      <trkpt lat="30.600248" lon="104.267365">
        <time>2026-05-17T13:50:38Z</time>
      </trkpt>
      <trkpt lat="30.600252" lon="104.26728">
        <time>2026-05-17T13:50:39Z</time>
      </trkpt>
      <trkpt lat="30.600256" lon="104.267204">
        <time>2026-05-17T13:50:40Z</time>
      </trkpt>
      <trkpt lat="30.60026" lon="104.26713">
        <time>2026-05-17T13:50:41Z</time>
      </trkpt>
      <trkpt lat="30.600266" lon="104.26705">
        <time>2026-05-17T13:50:42Z</time>
      </trkpt>
      <trkpt lat="30.600267" lon="104.266975">
        <time>2026-05-17T13:50:43Z</time>
      </trkpt>
      <trkpt lat="30.600271" lon="104.26689">
        <time>2026-05-17T13:50:44Z</time>
      </trkpt>
      <trkpt lat="30.600273" lon="104.266815">
        <time>2026-05-17T13:50:45Z</time>
      </trkpt>
      <trkpt lat="30.600279" lon="104.26673">
        <time>2026-05-17T13:50:46Z</time>
      </trkpt>
      <trkpt lat="30.600283" lon="104.266655">
        <time>2026-05-17T13:50:47Z</time>
      </trkpt>
      <trkpt lat="30.600286" lon="104.26657">
        <time>2026-05-17T13:50:48Z</time>
      </trkpt>
      <trkpt lat="30.600294" lon="104.26649">
        <time>2026-05-17T13:50:49Z</time>
      </trkpt>
      <trkpt lat="30.600298" lon="104.26641">
        <time>2026-05-17T13:50:50Z</time>
      </trkpt>
      <trkpt lat="30.600302" lon="104.26633">
        <time>2026-05-17T13:50:51Z</time>
      </trkpt>
      <trkpt lat="30.600306" lon="104.26624">
        <time>2026-05-17T13:50:52Z</time>
      </trkpt>
      <trkpt lat="30.60031" lon="104.26616">
        <time>2026-05-17T13:50:53Z</time>
      </trkpt>
      <trkpt lat="30.600315" lon="104.266075">
        <time>2026-05-17T13:50:54Z</time>
      </trkpt>
      <trkpt lat="30.60032" lon="104.26599">
        <time>2026-05-17T13:50:55Z</time>
      </trkpt>
      <trkpt lat="30.600323" lon="104.26591">
        <time>2026-05-17T13:50:56Z</time>
      </trkpt>
      <trkpt lat="30.600325" lon="104.26582">
        <time>2026-05-17T13:50:57Z</time>
      </trkpt>
      <trkpt lat="30.600327" lon="104.26574">
        <time>2026-05-17T13:50:58Z</time>
      </trkpt>
      <trkpt lat="30.60033" lon="104.26565">
        <time>2026-05-17T13:50:59Z</time>
      </trkpt>
      <trkpt lat="30.600334" lon="104.265564">
        <time>2026-05-17T13:51:00Z</time>
      </trkpt>
      <trkpt lat="30.60034" lon="104.26547">
        <time>2026-05-17T13:51:01Z</time>
      </trkpt>
      <trkpt lat="30.600346" lon="104.26538">
        <time>2026-05-17T13:51:02Z</time>
      </trkpt>
      <trkpt lat="30.600353" lon="104.26529">
        <time>2026-05-17T13:51:03Z</time>
      </trkpt>
      <trkpt lat="30.600357" lon="104.26519">
        <time>2026-05-17T13:51:04Z</time>
      </trkpt>
      <trkpt lat="30.60036" lon="104.2651">
        <time>2026-05-17T13:51:05Z</time>
      </trkpt>
      <trkpt lat="30.600363" lon="104.26501">
        <time>2026-05-17T13:51:06Z</time>
      </trkpt>
      <trkpt lat="30.600368" lon="104.264915">
        <time>2026-05-17T13:51:07Z</time>
      </trkpt>
      <trkpt lat="30.600374" lon="104.26482">
        <time>2026-05-17T13:51:08Z</time>
      </trkpt>
      <trkpt lat="30.600378" lon="104.264725">
        <time>2026-05-17T13:51:09Z</time>
      </trkpt>
      <trkpt lat="30.600382" lon="104.26463">
        <time>2026-05-17T13:51:10Z</time>
      </trkpt>
      <trkpt lat="30.600388" lon="104.264534">
        <time>2026-05-17T13:51:11Z</time>
      </trkpt>
      <trkpt lat="30.60039" lon="104.26444">
        <time>2026-05-17T13:51:12Z</time>
      </trkpt>
      <trkpt lat="30.600393" lon="104.26435">
        <time>2026-05-17T13:51:13Z</time>
      </trkpt>
      <trkpt lat="30.600399" lon="104.26425">
        <time>2026-05-17T13:51:14Z</time>
      </trkpt>
      <trkpt lat="30.6004" lon="104.26416">
        <time>2026-05-17T13:51:15Z</time>
      </trkpt>
      <trkpt lat="30.600405" lon="104.26406">
        <time>2026-05-17T13:51:16Z</time>
      </trkpt>
      <trkpt lat="30.600412" lon="104.26397">
        <time>2026-05-17T13:51:17Z</time>
      </trkpt>
      <trkpt lat="30.600416" lon="104.26387">
        <time>2026-05-17T13:51:18Z</time>
      </trkpt>
      <trkpt lat="30.60042" lon="104.26378">
        <time>2026-05-17T13:51:19Z</time>
      </trkpt>
      <trkpt lat="30.600426" lon="104.26369">
        <time>2026-05-17T13:51:20Z</time>
      </trkpt>
      <trkpt lat="30.600428" lon="104.26359">
        <time>2026-05-17T13:51:21Z</time>
      </trkpt>
      <trkpt lat="30.600433" lon="104.26349">
        <time>2026-05-17T13:51:22Z</time>
      </trkpt>
      <trkpt lat="30.600437" lon="104.26339">
        <time>2026-05-17T13:51:23Z</time>
      </trkpt>
      <trkpt lat="30.600441" lon="104.2633">
        <time>2026-05-17T13:51:24Z</time>
      </trkpt>
      <trkpt lat="30.600447" lon="104.26321">
        <time>2026-05-17T13:51:25Z</time>
      </trkpt>
      <trkpt lat="30.600452" lon="104.26311">
        <time>2026-05-17T13:51:26Z</time>
      </trkpt>
      <trkpt lat="30.600454" lon="104.263016">
        <time>2026-05-17T13:51:27Z</time>
      </trkpt>
      <trkpt lat="30.60046" lon="104.26292">
        <time>2026-05-17T13:51:28Z</time>
      </trkpt>
      <trkpt lat="30.600466" lon="104.262825">
        <time>2026-05-17T13:51:29Z</time>
      </trkpt>
      <trkpt lat="30.600468" lon="104.26273">
        <time>2026-05-17T13:51:30Z</time>
      </trkpt>
      <trkpt lat="30.600471" lon="104.26264">
        <time>2026-05-17T13:51:31Z</time>
      </trkpt>
      <trkpt lat="30.600475" lon="104.26255">
        <time>2026-05-17T13:51:32Z</time>
      </trkpt>
      <trkpt lat="30.60048" lon="104.26247">
        <time>2026-05-17T13:51:33Z</time>
      </trkpt>
      <trkpt lat="30.600485" lon="104.262375">
        <time>2026-05-17T13:51:34Z</time>
      </trkpt>
      <trkpt lat="30.60049" lon="104.26229">
        <time>2026-05-17T13:51:35Z</time>
      </trkpt>
      <trkpt lat="30.600494" lon="104.26221">
        <time>2026-05-17T13:51:36Z</time>
      </trkpt>
      <trkpt lat="30.600502" lon="104.262115">
        <time>2026-05-17T13:51:37Z</time>
      </trkpt>
      <trkpt lat="30.600504" lon="104.26203">
        <time>2026-05-17T13:51:38Z</time>
      </trkpt>
      <trkpt lat="30.600506" lon="104.26194">
        <time>2026-05-17T13:51:39Z</time>
      </trkpt>
      <trkpt lat="30.600512" lon="104.261856">
        <time>2026-05-17T13:51:40Z</time>
      </trkpt>
      <trkpt lat="30.600515" lon="104.26177">
        <time>2026-05-17T13:51:41Z</time>
      </trkpt>
      <trkpt lat="30.600521" lon="104.26169">
        <time>2026-05-17T13:51:42Z</time>
      </trkpt>
      <trkpt lat="30.600525" lon="104.2616">
        <time>2026-05-17T13:51:43Z</time>
      </trkpt>
      <trkpt lat="30.600533" lon="104.26152">
        <time>2026-05-17T13:51:44Z</time>
      </trkpt>
      <trkpt lat="30.600534" lon="104.26144">
        <time>2026-05-17T13:51:45Z</time>
      </trkpt>
      <trkpt lat="30.600538" lon="104.26135">
        <time>2026-05-17T13:51:46Z</time>
      </trkpt>
      <trkpt lat="30.600542" lon="104.26127">
        <time>2026-05-17T13:51:47Z</time>
      </trkpt>
      <trkpt lat="30.600546" lon="104.261185">
        <time>2026-05-17T13:51:48Z</time>
      </trkpt>
      <trkpt lat="30.600548" lon="104.26111">
        <time>2026-05-17T13:51:49Z</time>
      </trkpt>
      <trkpt lat="30.600555" lon="104.261024">
        <time>2026-05-17T13:51:50Z</time>
      </trkpt>
      <trkpt lat="30.60056" lon="104.26094">
        <time>2026-05-17T13:51:51Z</time>
      </trkpt>
      <trkpt lat="30.600561" lon="104.260864">
        <time>2026-05-17T13:51:52Z</time>
      </trkpt>
      <trkpt lat="30.600567" lon="104.26078">
        <time>2026-05-17T13:51:53Z</time>
      </trkpt>
      <trkpt lat="30.600569" lon="104.260704">
        <time>2026-05-17T13:51:54Z</time>
      </trkpt>
      <trkpt lat="30.60057" lon="104.26063">
        <time>2026-05-17T13:51:55Z</time>
      </trkpt>
      <trkpt lat="30.60057" lon="104.26055">
        <time>2026-05-17T13:51:56Z</time>
      </trkpt>
      <trkpt lat="30.600573" lon="104.260475">
        <time>2026-05-17T13:51:57Z</time>
      </trkpt>
      <trkpt lat="30.600578" lon="104.26039">
        <time>2026-05-17T13:51:58Z</time>
      </trkpt>
      <trkpt lat="30.600586" lon="104.260315">
        <time>2026-05-17T13:51:59Z</time>
      </trkpt>
      <trkpt lat="30.600597" lon="104.26023">
        <time>2026-05-17T13:52:00Z</time>
      </trkpt>
      <trkpt lat="30.600603" lon="104.260155">
        <time>2026-05-17T13:52:01Z</time>
      </trkpt>
      <trkpt lat="30.600609" lon="104.26007">
        <time>2026-05-17T13:52:02Z</time>
      </trkpt>
      <trkpt lat="30.600613" lon="104.259995">
        <time>2026-05-17T13:52:03Z</time>
      </trkpt>
      <trkpt lat="30.600618" lon="104.25992">
        <time>2026-05-17T13:52:04Z</time>
      </trkpt>
      <trkpt lat="30.600618" lon="104.25984">
        <time>2026-05-17T13:52:05Z</time>
      </trkpt>
      <trkpt lat="30.600622" lon="104.25976">
        <time>2026-05-17T13:52:06Z</time>
      </trkpt>
      <trkpt lat="30.600626" lon="104.25968">
        <time>2026-05-17T13:52:07Z</time>
      </trkpt>
      <trkpt lat="30.600632" lon="104.25961">
        <time>2026-05-17T13:52:08Z</time>
      </trkpt>
      <trkpt lat="30.600637" lon="104.25953">
        <time>2026-05-17T13:52:09Z</time>
      </trkpt>
      <trkpt lat="30.60064" lon="104.259445">
        <time>2026-05-17T13:52:10Z</time>
      </trkpt>
      <trkpt lat="30.60065" lon="104.25936">
        <time>2026-05-17T13:52:11Z</time>
      </trkpt>
      <trkpt lat="30.600655" lon="104.259285">
        <time>2026-05-17T13:52:12Z</time>
      </trkpt>
      <trkpt lat="30.600662" lon="104.2592">
        <time>2026-05-17T13:52:13Z</time>
      </trkpt>
      <trkpt lat="30.600668" lon="104.25913">
        <time>2026-05-17T13:52:14Z</time>
      </trkpt>
      <trkpt lat="30.600676" lon="104.259056">
        <time>2026-05-17T13:52:15Z</time>
      </trkpt>
      <trkpt lat="30.60068" lon="104.25898">
        <time>2026-05-17T13:52:16Z</time>
      </trkpt>
      <trkpt lat="30.600687" lon="104.2589">
        <time>2026-05-17T13:52:17Z</time>
      </trkpt>
      <trkpt lat="30.600697" lon="104.25882">
        <time>2026-05-17T13:52:18Z</time>
      </trkpt>
      <trkpt lat="30.600704" lon="104.25874">
        <time>2026-05-17T13:52:19Z</time>
      </trkpt>
      <trkpt lat="30.600714" lon="104.25866">
        <time>2026-05-17T13:52:20Z</time>
      </trkpt>
      <trkpt lat="30.600723" lon="104.258575">
        <time>2026-05-17T13:52:21Z</time>
      </trkpt>
      <trkpt lat="30.60073" lon="104.2585">
        <time>2026-05-17T13:52:22Z</time>
      </trkpt>
      <trkpt lat="30.60074" lon="104.25842">
        <time>2026-05-17T13:52:23Z</time>
      </trkpt>
      <trkpt lat="30.60075" lon="104.25834">
        <time>2026-05-17T13:52:24Z</time>
      </trkpt>
      <trkpt lat="30.60076" lon="104.25826">
        <time>2026-05-17T13:52:25Z</time>
      </trkpt>
      <trkpt lat="30.60077" lon="104.25818">
        <time>2026-05-17T13:52:26Z</time>
      </trkpt>
      <trkpt lat="30.600782" lon="104.258095">
        <time>2026-05-17T13:52:27Z</time>
      </trkpt>
      <trkpt lat="30.600794" lon="104.25802">
        <time>2026-05-17T13:52:28Z</time>
      </trkpt>
      <trkpt lat="30.60081" lon="104.257935">
        <time>2026-05-17T13:52:29Z</time>
      </trkpt>
      <trkpt lat="30.600824" lon="104.25786">
        <time>2026-05-17T13:52:30Z</time>
      </trkpt>
      <trkpt lat="30.600838" lon="104.257774">
        <time>2026-05-17T13:52:31Z</time>
      </trkpt>
      <trkpt lat="30.60085" lon="104.25769">
        <time>2026-05-17T13:52:32Z</time>
      </trkpt>
      <trkpt lat="30.600863" lon="104.25761">
        <time>2026-05-17T13:52:33Z</time>
      </trkpt>
      <trkpt lat="30.600874" lon="104.25752">
        <time>2026-05-17T13:52:34Z</time>
      </trkpt>
      <trkpt lat="30.600887" lon="104.25744">
        <time>2026-05-17T13:52:35Z</time>
      </trkpt>
      <trkpt lat="30.6009" lon="104.25736">
        <time>2026-05-17T13:52:36Z</time>
      </trkpt>
      <trkpt lat="30.600914" lon="104.25728">
        <time>2026-05-17T13:52:37Z</time>
      </trkpt>
      <trkpt lat="30.60093" lon="104.2572">
        <time>2026-05-17T13:52:38Z</time>
      </trkpt>
      <trkpt lat="30.600943" lon="104.25712">
        <time>2026-05-17T13:52:39Z</time>
      </trkpt>
      <trkpt lat="30.600958" lon="104.25704">
        <time>2026-05-17T13:52:40Z</time>
      </trkpt>
      <trkpt lat="30.600977" lon="104.256966">
        <time>2026-05-17T13:52:41Z</time>
      </trkpt>
      <trkpt lat="30.600994" lon="104.25689">
        <time>2026-05-17T13:52:42Z</time>
      </trkpt>
      <trkpt lat="30.601013" lon="104.25681">
        <time>2026-05-17T13:52:43Z</time>
      </trkpt>
      <trkpt lat="30.601034" lon="104.25674">
        <time>2026-05-17T13:52:44Z</time>
      </trkpt>
      <trkpt lat="30.601051" lon="104.25666">
        <time>2026-05-17T13:52:45Z</time>
      </trkpt>
      <trkpt lat="30.60107" lon="104.256584">
        <time>2026-05-17T13:52:46Z</time>
      </trkpt>
      <trkpt lat="30.601088" lon="104.25651">
        <time>2026-05-17T13:52:47Z</time>
      </trkpt>
      <trkpt lat="30.601107" lon="104.25644">
        <time>2026-05-17T13:52:48Z</time>
      </trkpt>
      <trkpt lat="30.601126" lon="104.25636">
        <time>2026-05-17T13:52:49Z</time>
      </trkpt>
      <trkpt lat="30.601149" lon="104.25629">
        <time>2026-05-17T13:52:50Z</time>
      </trkpt>
      <trkpt lat="30.601168" lon="104.25622">
        <time>2026-05-17T13:52:51Z</time>
      </trkpt>
      <trkpt lat="30.60119" lon="104.25614">
        <time>2026-05-17T13:52:52Z</time>
      </trkpt>
      <trkpt lat="30.60121" lon="104.256065">
        <time>2026-05-17T13:52:53Z</time>
      </trkpt>
      <trkpt lat="30.601233" lon="104.25599">
        <time>2026-05-17T13:52:54Z</time>
      </trkpt>
      <trkpt lat="30.601254" lon="104.25592">
        <time>2026-05-17T13:52:55Z</time>
      </trkpt>
      <trkpt lat="30.601269" lon="104.25584">
        <time>2026-05-17T13:52:56Z</time>
      </trkpt>
      <trkpt lat="30.601286" lon="104.25577">
        <time>2026-05-17T13:52:57Z</time>
      </trkpt>
      <trkpt lat="30.601305" lon="104.2557">
        <time>2026-05-17T13:52:58Z</time>
      </trkpt>
      <trkpt lat="30.601324" lon="104.25563">
        <time>2026-05-17T13:52:59Z</time>
      </trkpt>
      <trkpt lat="30.601341" lon="104.25556">
        <time>2026-05-17T13:53:00Z</time>
      </trkpt>
      <trkpt lat="30.601358" lon="104.25549">
        <time>2026-05-17T13:53:01Z</time>
      </trkpt>
      <trkpt lat="30.601376" lon="104.25543">
        <time>2026-05-17T13:53:02Z</time>
      </trkpt>
      <trkpt lat="30.60139" lon="104.25536">
        <time>2026-05-17T13:53:03Z</time>
      </trkpt>
      <trkpt lat="30.601408" lon="104.2553">
        <time>2026-05-17T13:53:04Z</time>
      </trkpt>
      <trkpt lat="30.60143" lon="104.25525">
        <time>2026-05-17T13:53:05Z</time>
      </trkpt>
      <trkpt lat="30.60145" lon="104.25519">
        <time>2026-05-17T13:53:06Z</time>
      </trkpt>
      <trkpt lat="30.60147" lon="104.25513">
        <time>2026-05-17T13:53:07Z</time>
      </trkpt>
      <trkpt lat="30.601492" lon="104.25507">
        <time>2026-05-17T13:53:08Z</time>
      </trkpt>
      <trkpt lat="30.601511" lon="104.25501">
        <time>2026-05-17T13:53:09Z</time>
      </trkpt>
      <trkpt lat="30.60153" lon="104.25495">
        <time>2026-05-17T13:53:10Z</time>
      </trkpt>
      <trkpt lat="30.60155" lon="104.2549">
        <time>2026-05-17T13:53:11Z</time>
      </trkpt>
      <trkpt lat="30.60157" lon="104.25484">
        <time>2026-05-17T13:53:12Z</time>
      </trkpt>
      <trkpt lat="30.601591" lon="104.25478">
        <time>2026-05-17T13:53:13Z</time>
      </trkpt>
      <trkpt lat="30.601612" lon="104.25472">
        <time>2026-05-17T13:53:14Z</time>
      </trkpt>
      <trkpt lat="30.601633" lon="104.254654">
        <time>2026-05-17T13:53:15Z</time>
      </trkpt>
      <trkpt lat="30.601654" lon="104.2546">
        <time>2026-05-17T13:53:16Z</time>
      </trkpt>
      <trkpt lat="30.601675" lon="104.25454">
        <time>2026-05-17T13:53:17Z</time>
      </trkpt>
      <trkpt lat="30.601698" lon="104.25448">
        <time>2026-05-17T13:53:18Z</time>
      </trkpt>
      <trkpt lat="30.60172" lon="104.25442">
        <time>2026-05-17T13:53:19Z</time>
      </trkpt>
      <trkpt lat="30.601748" lon="104.25436">
        <time>2026-05-17T13:53:20Z</time>
      </trkpt>
      <trkpt lat="30.601772" lon="104.254295">
        <time>2026-05-17T13:53:21Z</time>
      </trkpt>
      <trkpt lat="30.601793" lon="104.25423">
        <time>2026-05-17T13:53:22Z</time>
      </trkpt>
      <trkpt lat="30.60182" lon="104.25416">
        <time>2026-05-17T13:53:23Z</time>
      </trkpt>
      <trkpt lat="30.601845" lon="104.2541">
        <time>2026-05-17T13:53:24Z</time>
      </trkpt>
      <trkpt lat="30.601868" lon="104.25403">
        <time>2026-05-17T13:53:25Z</time>
      </trkpt>
      <trkpt lat="30.601892" lon="104.253975">
        <time>2026-05-17T13:53:26Z</time>
      </trkpt>
      <trkpt lat="30.601917" lon="104.253914">
        <time>2026-05-17T13:53:27Z</time>
      </trkpt>
      <trkpt lat="30.601938" lon="104.25386">
        <time>2026-05-17T13:53:28Z</time>
      </trkpt>
      <trkpt lat="30.60196" lon="104.2538">
        <time>2026-05-17T13:53:29Z</time>
      </trkpt>
      <trkpt lat="30.601982" lon="104.253746">
        <time>2026-05-17T13:53:30Z</time>
      </trkpt>
      <trkpt lat="30.602005" lon="104.25369">
        <time>2026-05-17T13:53:31Z</time>
      </trkpt>
      <trkpt lat="30.602024" lon="104.25364">
        <time>2026-05-17T13:53:32Z</time>
      </trkpt>
      <trkpt lat="30.602049" lon="104.25358">
        <time>2026-05-17T13:53:33Z</time>
      </trkpt>
      <trkpt lat="30.60207" lon="104.253525">
        <time>2026-05-17T13:53:34Z</time>
      </trkpt>
      <trkpt lat="30.602095" lon="104.25347">
        <time>2026-05-17T13:53:35Z</time>
      </trkpt>
      <trkpt lat="30.602118" lon="104.25342">
        <time>2026-05-17T13:53:36Z</time>
      </trkpt>
      <trkpt lat="30.602144" lon="104.253365">
        <time>2026-05-17T13:53:37Z</time>
      </trkpt>
      <trkpt lat="30.602169" lon="104.2533">
        <time>2026-05-17T13:53:38Z</time>
      </trkpt>
      <trkpt lat="30.602194" lon="104.25325">
        <time>2026-05-17T13:53:39Z</time>
      </trkpt>
      <trkpt lat="30.602219" lon="104.2532">
        <time>2026-05-17T13:53:40Z</time>
      </trkpt>
      <trkpt lat="30.602245" lon="104.253136">
        <time>2026-05-17T13:53:41Z</time>
      </trkpt>
      <trkpt lat="30.60227" lon="104.25308">
        <time>2026-05-17T13:53:42Z</time>
      </trkpt>
      <trkpt lat="30.602297" lon="104.25303">
        <time>2026-05-17T13:53:43Z</time>
      </trkpt>
      <trkpt lat="30.60232" lon="104.25297">
        <time>2026-05-17T13:53:44Z</time>
      </trkpt>
      <trkpt lat="30.602346" lon="104.252914">
        <time>2026-05-17T13:53:45Z</time>
      </trkpt>
      <trkpt lat="30.602375" lon="104.25286">
        <time>2026-05-17T13:53:46Z</time>
      </trkpt>
      <trkpt lat="30.602404" lon="104.2528">
        <time>2026-05-17T13:53:47Z</time>
      </trkpt>
      <trkpt lat="30.60243" lon="104.25275">
        <time>2026-05-17T13:53:48Z</time>
      </trkpt>
      <trkpt lat="30.602457" lon="104.25269">
        <time>2026-05-17T13:53:49Z</time>
      </trkpt>
      <trkpt lat="30.602486" lon="104.25264">
        <time>2026-05-17T13:53:50Z</time>
      </trkpt>
      <trkpt lat="30.602514" lon="104.25258">
        <time>2026-05-17T13:53:51Z</time>
      </trkpt>
      <trkpt lat="30.602543" lon="104.252525">
        <time>2026-05-17T13:53:52Z</time>
      </trkpt>
      <trkpt lat="30.602571" lon="104.252464">
        <time>2026-05-17T13:53:53Z</time>
      </trkpt>
      <trkpt lat="30.6026" lon="104.25241">
        <time>2026-05-17T13:53:54Z</time>
      </trkpt>
      <trkpt lat="30.60263" lon="104.25235">
        <time>2026-05-17T13:53:55Z</time>
      </trkpt>
      <trkpt lat="30.60266" lon="104.2523">
        <time>2026-05-17T13:53:56Z</time>
      </trkpt>
      <trkpt lat="30.60269" lon="104.25224">
        <time>2026-05-17T13:53:57Z</time>
      </trkpt>
      <trkpt lat="30.60272" lon="104.25218">
        <time>2026-05-17T13:53:58Z</time>
      </trkpt>
      <trkpt lat="30.60275" lon="104.25212">
        <time>2026-05-17T13:53:59Z</time>
      </trkpt>
      <trkpt lat="30.602781" lon="104.25206">
        <time>2026-05-17T13:54:00Z</time>
      </trkpt>
      <trkpt lat="30.602816" lon="104.25201">
        <time>2026-05-17T13:54:01Z</time>
      </trkpt>
      <trkpt lat="30.60285" lon="104.251945">
        <time>2026-05-17T13:54:02Z</time>
      </trkpt>
      <trkpt lat="30.602882" lon="104.251884">
        <time>2026-05-17T13:54:03Z</time>
      </trkpt>
      <trkpt lat="30.602913" lon="104.25182">
        <time>2026-05-17T13:54:04Z</time>
      </trkpt>
      <trkpt lat="30.60295" lon="104.25176">
        <time>2026-05-17T13:54:05Z</time>
      </trkpt>
      <trkpt lat="30.602982" lon="104.2517">
        <time>2026-05-17T13:54:06Z</time>
      </trkpt>
      <trkpt lat="30.603016" lon="104.25165">
        <time>2026-05-17T13:54:07Z</time>
      </trkpt>
      <trkpt lat="30.603052" lon="104.25159">
        <time>2026-05-17T13:54:08Z</time>
      </trkpt>
      <trkpt lat="30.603085" lon="104.251526">
        <time>2026-05-17T13:54:09Z</time>
      </trkpt>
      <trkpt lat="30.60312" lon="104.251465">
        <time>2026-05-17T13:54:10Z</time>
      </trkpt>
      <trkpt lat="30.603157" lon="104.2514">
        <time>2026-05-17T13:54:11Z</time>
      </trkpt>
      <trkpt lat="30.603193" lon="104.25134">
        <time>2026-05-17T13:54:12Z</time>
      </trkpt>
      <trkpt lat="30.60323" lon="104.251274">
        <time>2026-05-17T13:54:13Z</time>
      </trkpt>
      <trkpt lat="30.60327" lon="104.25121">
        <time>2026-05-17T13:54:14Z</time>
      </trkpt>
      <trkpt lat="30.60331" lon="104.251144">
        <time>2026-05-17T13:54:15Z</time>
      </trkpt>
      <trkpt lat="30.60335" lon="104.25108">
        <time>2026-05-17T13:54:16Z</time>
      </trkpt>
      <trkpt lat="30.60339" lon="104.251015">
        <time>2026-05-17T13:54:17Z</time>
      </trkpt>
      <trkpt lat="30.603432" lon="104.25094">
        <time>2026-05-17T13:54:18Z</time>
      </trkpt>
      <trkpt lat="30.603474" lon="104.25087">
        <time>2026-05-17T13:54:19Z</time>
      </trkpt>
      <trkpt lat="30.603516" lon="104.25081">
        <time>2026-05-17T13:54:20Z</time>
      </trkpt>
      <trkpt lat="30.603556" lon="104.25073">
        <time>2026-05-17T13:54:21Z</time>
      </trkpt>
      <trkpt lat="30.603598" lon="104.25066">
        <time>2026-05-17T13:54:22Z</time>
      </trkpt>
      <trkpt lat="30.603638" lon="104.250595">
        <time>2026-05-17T13:54:23Z</time>
      </trkpt>
      <trkpt lat="30.603676" lon="104.250534">
        <time>2026-05-17T13:54:24Z</time>
      </trkpt>
      <trkpt lat="30.603716" lon="104.25047">
        <time>2026-05-17T13:54:25Z</time>
      </trkpt>
      <trkpt lat="30.603756" lon="104.250404">
        <time>2026-05-17T13:54:26Z</time>
      </trkpt>
      <trkpt lat="30.603794" lon="104.25034">
        <time>2026-05-17T13:54:27Z</time>
      </trkpt>
      <trkpt lat="30.603832" lon="104.25028">
        <time>2026-05-17T13:54:28Z</time>
      </trkpt>
      <trkpt lat="30.603868" lon="104.25022">
        <time>2026-05-17T13:54:29Z</time>
      </trkpt>
      <trkpt lat="30.603903" lon="104.25016">
        <time>2026-05-17T13:54:30Z</time>
      </trkpt>
      <trkpt lat="30.603941" lon="104.2501">
        <time>2026-05-17T13:54:31Z</time>
      </trkpt>
      <trkpt lat="30.60398" lon="104.25003">
        <time>2026-05-17T13:54:32Z</time>
      </trkpt>
      <trkpt lat="30.604017" lon="104.24997">
        <time>2026-05-17T13:54:33Z</time>
      </trkpt>
      <trkpt lat="30.604052" lon="104.24991">
        <time>2026-05-17T13:54:34Z</time>
      </trkpt>
      <trkpt lat="30.604086" lon="104.249855">
        <time>2026-05-17T13:54:35Z</time>
      </trkpt>
      <trkpt lat="30.604124" lon="104.249794">
        <time>2026-05-17T13:54:36Z</time>
      </trkpt>
      <trkpt lat="30.604158" lon="104.24973">
        <time>2026-05-17T13:54:37Z</time>
      </trkpt>
      <trkpt lat="30.60419" lon="104.24968">
        <time>2026-05-17T13:54:38Z</time>
      </trkpt>
      <trkpt lat="30.604227" lon="104.24961">
        <time>2026-05-17T13:54:39Z</time>
      </trkpt>
      <trkpt lat="30.604269" lon="104.24955">
        <time>2026-05-17T13:54:40Z</time>
      </trkpt>
      <trkpt lat="30.60431" lon="104.24949">
        <time>2026-05-17T13:54:41Z</time>
      </trkpt>
      <trkpt lat="30.604343" lon="104.24941">
        <time>2026-05-17T13:54:42Z</time>
      </trkpt>
      <trkpt lat="30.60438" lon="104.24935">
        <time>2026-05-17T13:54:43Z</time>
      </trkpt>
      <trkpt lat="30.604416" lon="104.24929">
        <time>2026-05-17T13:54:44Z</time>
      </trkpt>
      <trkpt lat="30.604454" lon="104.24922">
        <time>2026-05-17T13:54:45Z</time>
      </trkpt>
      <trkpt lat="30.604488" lon="104.24916">
        <time>2026-05-17T13:54:46Z</time>
      </trkpt>
      <trkpt lat="30.604523" lon="104.24911">
        <time>2026-05-17T13:54:47Z</time>
      </trkpt>
      <trkpt lat="30.60456" lon="104.24905">
        <time>2026-05-17T13:54:48Z</time>
      </trkpt>
      <trkpt lat="30.604595" lon="104.24899">
        <time>2026-05-17T13:54:49Z</time>
      </trkpt>
      <trkpt lat="30.60463" lon="104.24893">
        <time>2026-05-17T13:54:50Z</time>
      </trkpt>
      <trkpt lat="30.604666" lon="104.24888">
        <time>2026-05-17T13:54:51Z</time>
      </trkpt>
      <trkpt lat="30.604704" lon="104.24882">
        <time>2026-05-17T13:54:52Z</time>
      </trkpt>
      <trkpt lat="30.60474" lon="104.24876">
        <time>2026-05-17T13:54:53Z</time>
      </trkpt>
      <trkpt lat="30.604774" lon="104.2487">
        <time>2026-05-17T13:54:54Z</time>
      </trkpt>
      <trkpt lat="30.60481" lon="104.24864">
        <time>2026-05-17T13:54:55Z</time>
      </trkpt>
      <trkpt lat="30.604843" lon="104.24858">
        <time>2026-05-17T13:54:56Z</time>
      </trkpt>
      <trkpt lat="30.604877" lon="104.24852">
        <time>2026-05-17T13:54:57Z</time>
      </trkpt>
      <trkpt lat="30.60491" lon="104.24847">
        <time>2026-05-17T13:54:58Z</time>
      </trkpt>
      <trkpt lat="30.604944" lon="104.24841">
        <time>2026-05-17T13:54:59Z</time>
      </trkpt>
      <trkpt lat="30.604982" lon="104.24836">
        <time>2026-05-17T13:55:00Z</time>
      </trkpt>
      <trkpt lat="30.605013" lon="104.2483">
        <time>2026-05-17T13:55:01Z</time>
      </trkpt>
      <trkpt lat="30.605047" lon="104.248245">
        <time>2026-05-17T13:55:02Z</time>
      </trkpt>
      <trkpt lat="30.605082" lon="104.248184">
        <time>2026-05-17T13:55:03Z</time>
      </trkpt>
      <trkpt lat="30.605116" lon="104.24813">
        <time>2026-05-17T13:55:04Z</time>
      </trkpt>
      <trkpt lat="30.605146" lon="104.24808">
        <time>2026-05-17T13:55:05Z</time>
      </trkpt>
      <trkpt lat="30.605179" lon="104.24802">
        <time>2026-05-17T13:55:06Z</time>
      </trkpt>
      <trkpt lat="30.605211" lon="104.24796">
        <time>2026-05-17T13:55:07Z</time>
      </trkpt>
      <trkpt lat="30.605244" lon="104.24791">
        <time>2026-05-17T13:55:08Z</time>
      </trkpt>
      <trkpt lat="30.605274" lon="104.247856">
        <time>2026-05-17T13:55:09Z</time>
      </trkpt>
      <trkpt lat="30.605305" lon="104.2478">
        <time>2026-05-17T13:55:10Z</time>
      </trkpt>
      <trkpt lat="30.60534" lon="104.24775">
        <time>2026-05-17T13:55:11Z</time>
      </trkpt>
      <trkpt lat="30.605371" lon="104.247696">
        <time>2026-05-17T13:55:12Z</time>
      </trkpt>
      <trkpt lat="30.605404" lon="104.247635">
        <time>2026-05-17T13:55:13Z</time>
      </trkpt>
      <trkpt lat="30.605434" lon="104.24758">
        <time>2026-05-17T13:55:14Z</time>
      </trkpt>
      <trkpt lat="30.605469" lon="104.247536">
        <time>2026-05-17T13:55:15Z</time>
      </trkpt>
      <trkpt lat="30.605501" lon="104.247475">
        <time>2026-05-17T13:55:16Z</time>
      </trkpt>
      <trkpt lat="30.605532" lon="104.24742">
        <time>2026-05-17T13:55:17Z</time>
      </trkpt>
      <trkpt lat="30.605564" lon="104.24737">
        <time>2026-05-17T13:55:18Z</time>
      </trkpt>
      <trkpt lat="30.605595" lon="104.247314">
        <time>2026-05-17T13:55:19Z</time>
      </trkpt>
      <trkpt lat="30.605629" lon="104.24726">
        <time>2026-05-17T13:55:20Z</time>
      </trkpt>
      <trkpt lat="30.605663" lon="104.2472">
        <time>2026-05-17T13:55:21Z</time>
      </trkpt>
      <trkpt lat="30.605696" lon="104.24715">
        <time>2026-05-17T13:55:22Z</time>
      </trkpt>
      <trkpt lat="30.60573" lon="104.24709">
        <time>2026-05-17T13:55:23Z</time>
      </trkpt>
      <trkpt lat="30.605762" lon="104.24704">
        <time>2026-05-17T13:55:24Z</time>
      </trkpt>
      <trkpt lat="30.6058" lon="104.24698">
        <time>2026-05-17T13:55:25Z</time>
      </trkpt>
      <trkpt lat="30.605833" lon="104.246925">
        <time>2026-05-17T13:55:26Z</time>
      </trkpt>
      <trkpt lat="30.605865" lon="104.24687">
        <time>2026-05-17T13:55:27Z</time>
      </trkpt>
      <trkpt lat="30.605894" lon="104.24682">
        <time>2026-05-17T13:55:28Z</time>
      </trkpt>
      <trkpt lat="30.60593" lon="104.24676">
        <time>2026-05-17T13:55:29Z</time>
      </trkpt>
      <trkpt lat="30.605965" lon="104.246704">
        <time>2026-05-17T13:55:30Z</time>
      </trkpt>
      <trkpt lat="30.606" lon="104.24665">
        <time>2026-05-17T13:55:31Z</time>
      </trkpt>
      <trkpt lat="30.606031" lon="104.24659">
        <time>2026-05-17T13:55:32Z</time>
      </trkpt>
      <trkpt lat="30.606064" lon="104.24654">
        <time>2026-05-17T13:55:33Z</time>
      </trkpt>
      <trkpt lat="30.606096" lon="104.24648">
        <time>2026-05-17T13:55:34Z</time>
      </trkpt>
      <trkpt lat="30.606129" lon="104.24642">
        <time>2026-05-17T13:55:35Z</time>
      </trkpt>
      <trkpt lat="30.606161" lon="104.24637">
        <time>2026-05-17T13:55:36Z</time>
      </trkpt>
      <trkpt lat="30.606195" lon="104.24631">
        <time>2026-05-17T13:55:37Z</time>
      </trkpt>
      <trkpt lat="30.606228" lon="104.24625">
        <time>2026-05-17T13:55:38Z</time>
      </trkpt>
      <trkpt lat="30.606264" lon="104.24619">
        <time>2026-05-17T13:55:39Z</time>
      </trkpt>
      <trkpt lat="30.606298" lon="104.24614">
        <time>2026-05-17T13:55:40Z</time>
      </trkpt>
      <trkpt lat="30.60634" lon="104.24608">
        <time>2026-05-17T13:55:41Z</time>
      </trkpt>
      <trkpt lat="30.606377" lon="104.24602">
        <time>2026-05-17T13:55:42Z</time>
      </trkpt>
      <trkpt lat="30.606413" lon="104.245964">
        <time>2026-05-17T13:55:43Z</time>
      </trkpt>
      <trkpt lat="30.606457" lon="104.245895">
        <time>2026-05-17T13:55:44Z</time>
      </trkpt>
      <trkpt lat="30.606503" lon="104.24583">
        <time>2026-05-17T13:55:45Z</time>
      </trkpt>
      <trkpt lat="30.606554" lon="104.24575">
        <time>2026-05-17T13:55:46Z</time>
      </trkpt>
      <trkpt lat="30.606602" lon="104.24568">
        <time>2026-05-17T13:55:47Z</time>
      </trkpt>
      <trkpt lat="30.606653" lon="104.245605">
        <time>2026-05-17T13:55:48Z</time>
      </trkpt>
      <trkpt lat="30.606709" lon="104.24553">
        <time>2026-05-17T13:55:49Z</time>
      </trkpt>
      <trkpt lat="30.606752" lon="104.24545">
        <time>2026-05-17T13:55:50Z</time>
      </trkpt>
      <trkpt lat="30.606794" lon="104.24538">
        <time>2026-05-17T13:55:51Z</time>
      </trkpt>
      <trkpt lat="30.606834" lon="104.2453">
        <time>2026-05-17T13:55:52Z</time>
      </trkpt>
      <trkpt lat="30.606873" lon="104.24523">
        <time>2026-05-17T13:55:53Z</time>
      </trkpt>
      <trkpt lat="30.606909" lon="104.24516">
        <time>2026-05-17T13:55:54Z</time>
      </trkpt>
      <trkpt lat="30.606945" lon="104.2451">
        <time>2026-05-17T13:55:55Z</time>
      </trkpt>
      <trkpt lat="30.606985" lon="104.24503">
        <time>2026-05-17T13:55:56Z</time>
      </trkpt>
      <trkpt lat="30.607021" lon="104.244965">
        <time>2026-05-17T13:55:57Z</time>
      </trkpt>
      <trkpt lat="30.607058" lon="104.2449">
        <time>2026-05-17T13:55:58Z</time>
      </trkpt>
      <trkpt lat="30.607096" lon="104.24484">
        <time>2026-05-17T13:55:59Z</time>
      </trkpt>
      <trkpt lat="30.607134" lon="104.24478">
        <time>2026-05-17T13:56:00Z</time>
      </trkpt>
      <trkpt lat="30.607168" lon="104.24472">
        <time>2026-05-17T13:56:01Z</time>
      </trkpt>
      <trkpt lat="30.607203" lon="104.24466">
        <time>2026-05-17T13:56:02Z</time>
      </trkpt>
      <trkpt lat="30.607235" lon="104.244606">
        <time>2026-05-17T13:56:03Z</time>
      </trkpt>
      <trkpt lat="30.607267" lon="104.244545">
        <time>2026-05-17T13:56:04Z</time>
      </trkpt>
      <trkpt lat="30.6073" lon="104.24449">
        <time>2026-05-17T13:56:05Z</time>
      </trkpt>
      <trkpt lat="30.60733" lon="104.24442">
        <time>2026-05-17T13:56:06Z</time>
      </trkpt>
      <trkpt lat="30.607359" lon="104.24436">
        <time>2026-05-17T13:56:07Z</time>
      </trkpt>
      <trkpt lat="30.607388" lon="104.2443">
        <time>2026-05-17T13:56:08Z</time>
      </trkpt>
      <trkpt lat="30.607418" lon="104.24424">
        <time>2026-05-17T13:56:09Z</time>
      </trkpt>
      <trkpt lat="30.60745" lon="104.24418">
        <time>2026-05-17T13:56:10Z</time>
      </trkpt>
      <trkpt lat="30.60748" lon="104.24411">
        <time>2026-05-17T13:56:11Z</time>
      </trkpt>
      <trkpt lat="30.607513" lon="104.24405">
        <time>2026-05-17T13:56:12Z</time>
      </trkpt>
      <trkpt lat="30.607546" lon="104.24398">
        <time>2026-05-17T13:56:13Z</time>
      </trkpt>
      <trkpt lat="30.60758" lon="104.24392">
        <time>2026-05-17T13:56:14Z</time>
      </trkpt>
      <trkpt lat="30.607613" lon="104.24385">
        <time>2026-05-17T13:56:15Z</time>
      </trkpt>
      <trkpt lat="30.60765" lon="104.24379">
        <time>2026-05-17T13:56:16Z</time>
      </trkpt>
      <trkpt lat="30.607687" lon="104.24371">
        <time>2026-05-17T13:56:17Z</time>
      </trkpt>
      <trkpt lat="30.607729" lon="104.243645">
        <time>2026-05-17T13:56:18Z</time>
      </trkpt>
      <trkpt lat="30.607765" lon="104.243576">
        <time>2026-05-17T13:56:19Z</time>
      </trkpt>
      <trkpt lat="30.607801" lon="104.24351">
        <time>2026-05-17T13:56:20Z</time>
      </trkpt>
      <trkpt lat="30.607836" lon="104.24345">
        <time>2026-05-17T13:56:21Z</time>
      </trkpt>
      <trkpt lat="30.607866" lon="104.24338">
        <time>2026-05-17T13:56:22Z</time>
      </trkpt>
      <trkpt lat="30.6079" lon="104.24331">
        <time>2026-05-17T13:56:23Z</time>
      </trkpt>
      <trkpt lat="30.607933" lon="104.24325">
        <time>2026-05-17T13:56:24Z</time>
      </trkpt>
      <trkpt lat="30.607965" lon="104.24318">
        <time>2026-05-17T13:56:25Z</time>
      </trkpt>
      <trkpt lat="30.607996" lon="104.24311">
        <time>2026-05-17T13:56:26Z</time>
      </trkpt>
      <trkpt lat="30.60803" lon="104.24304">
        <time>2026-05-17T13:56:27Z</time>
      </trkpt>
      <trkpt lat="30.60806" lon="104.24298">
        <time>2026-05-17T13:56:28Z</time>
      </trkpt>
      <trkpt lat="30.608093" lon="104.24291">
        <time>2026-05-17T13:56:29Z</time>
      </trkpt>
      <trkpt lat="30.608126" lon="104.24284">
        <time>2026-05-17T13:56:30Z</time>
      </trkpt>
      <trkpt lat="30.608162" lon="104.24278">
        <time>2026-05-17T13:56:31Z</time>
      </trkpt>
      <trkpt lat="30.608192" lon="104.24271">
        <time>2026-05-17T13:56:32Z</time>
      </trkpt>
      <trkpt lat="30.608229" lon="104.24264">
        <time>2026-05-17T13:56:33Z</time>
      </trkpt>
      <trkpt lat="30.608261" lon="104.24256">
        <time>2026-05-17T13:56:34Z</time>
      </trkpt>
      <trkpt lat="30.608295" lon="104.242485">
        <time>2026-05-17T13:56:35Z</time>
      </trkpt>
      <trkpt lat="30.608326" lon="104.24241">
        <time>2026-05-17T13:56:36Z</time>
      </trkpt>
      <trkpt lat="30.608356" lon="104.24233">
        <time>2026-05-17T13:56:37Z</time>
      </trkpt>
      <trkpt lat="30.608389" lon="104.242256">
        <time>2026-05-17T13:56:38Z</time>
      </trkpt>
      <trkpt lat="30.608425" lon="104.24219">
        <time>2026-05-17T13:56:39Z</time>
      </trkpt>
      <trkpt lat="30.608461" lon="104.24211">
        <time>2026-05-17T13:56:40Z</time>
      </trkpt>
      <trkpt lat="30.608498" lon="104.242035">
        <time>2026-05-17T13:56:41Z</time>
      </trkpt>
      <trkpt lat="30.60853" lon="104.24196">
        <time>2026-05-17T13:56:42Z</time>
      </trkpt>
      <trkpt lat="30.60856" lon="104.24188">
        <time>2026-05-17T13:56:43Z</time>
      </trkpt>
      <trkpt lat="30.608587" lon="104.241806">
        <time>2026-05-17T13:56:44Z</time>
      </trkpt>
      <trkpt lat="30.608616" lon="104.24172">
        <time>2026-05-17T13:56:45Z</time>
      </trkpt>
      <trkpt lat="30.608646" lon="104.24164">
        <time>2026-05-17T13:56:46Z</time>
      </trkpt>
      <trkpt lat="30.608685" lon="104.24156">
        <time>2026-05-17T13:56:47Z</time>
      </trkpt>
      <trkpt lat="30.608723" lon="104.24148">
        <time>2026-05-17T13:56:48Z</time>
      </trkpt>
      <trkpt lat="30.60876" lon="104.2414">
        <time>2026-05-17T13:56:49Z</time>
      </trkpt>
      <trkpt lat="30.608797" lon="104.24132">
        <time>2026-05-17T13:56:50Z</time>
      </trkpt>
      <trkpt lat="30.608831" lon="104.241234">
        <time>2026-05-17T13:56:51Z</time>
      </trkpt>
      <trkpt lat="30.608868" lon="104.24115">
        <time>2026-05-17T13:56:52Z</time>
      </trkpt>
      <trkpt lat="30.608906" lon="104.241066">
        <time>2026-05-17T13:56:53Z</time>
      </trkpt>
      <trkpt lat="30.60894" lon="104.24098">
        <time>2026-05-17T13:56:54Z</time>
      </trkpt>
      <trkpt lat="30.608976" lon="104.2409">
        <time>2026-05-17T13:56:55Z</time>
      </trkpt>
      <trkpt lat="30.60901" lon="104.240814">
        <time>2026-05-17T13:56:56Z</time>
      </trkpt>
      <trkpt lat="30.609049" lon="104.24073">
        <time>2026-05-17T13:56:57Z</time>
      </trkpt>
      <trkpt lat="30.609083" lon="104.24065">
        <time>2026-05-17T13:56:58Z</time>
      </trkpt>
      <trkpt lat="30.60912" lon="104.240555">
        <time>2026-05-17T13:56:59Z</time>
      </trkpt>
      <trkpt lat="30.609158" lon="104.24047">
        <time>2026-05-17T13:57:00Z</time>
      </trkpt>
      <trkpt lat="30.609192" lon="104.24039">
        <time>2026-05-17T13:57:01Z</time>
      </trkpt>
      <trkpt lat="30.609226" lon="104.2403">
        <time>2026-05-17T13:57:02Z</time>
      </trkpt>
      <trkpt lat="30.609262" lon="104.24022">
        <time>2026-05-17T13:57:03Z</time>
      </trkpt>
      <trkpt lat="30.609303" lon="104.24014">
        <time>2026-05-17T13:57:04Z</time>
      </trkpt>
      <trkpt lat="30.609337" lon="104.24006">
        <time>2026-05-17T13:57:05Z</time>
      </trkpt>
      <trkpt lat="30.60937" lon="104.239975">
        <time>2026-05-17T13:57:06Z</time>
      </trkpt>
      <trkpt lat="30.609406" lon="104.2399">
        <time>2026-05-17T13:57:07Z</time>
      </trkpt>
      <trkpt lat="30.609438" lon="104.239815">
        <time>2026-05-17T13:57:08Z</time>
      </trkpt>
      <trkpt lat="30.609472" lon="104.23974">
        <time>2026-05-17T13:57:09Z</time>
      </trkpt>
      <trkpt lat="30.609505" lon="104.23966">
        <time>2026-05-17T13:57:10Z</time>
      </trkpt>
      <trkpt lat="30.609537" lon="104.23958">
        <time>2026-05-17T13:57:11Z</time>
      </trkpt>
      <trkpt lat="30.609568" lon="104.2395">
        <time>2026-05-17T13:57:12Z</time>
      </trkpt>
      <trkpt lat="30.609602" lon="104.239426">
        <time>2026-05-17T13:57:13Z</time>
      </trkpt>
      <trkpt lat="30.609632" lon="104.23935">
        <time>2026-05-17T13:57:14Z</time>
      </trkpt>
      <trkpt lat="30.609667" lon="104.23928">
        <time>2026-05-17T13:57:15Z</time>
      </trkpt>
      <trkpt lat="30.6097" lon="104.239204">
        <time>2026-05-17T13:57:16Z</time>
      </trkpt>
      <trkpt lat="30.609732" lon="104.23913">
        <time>2026-05-17T13:57:17Z</time>
      </trkpt>
      <trkpt lat="30.609762" lon="104.23906">
        <time>2026-05-17T13:57:18Z</time>
      </trkpt>
      <trkpt lat="30.609793" lon="104.23898">
        <time>2026-05-17T13:57:19Z</time>
      </trkpt>
      <trkpt lat="30.609825" lon="104.238914">
        <time>2026-05-17T13:57:20Z</time>
      </trkpt>
      <trkpt lat="30.609856" lon="104.238846">
        <time>2026-05-17T13:57:21Z</time>
      </trkpt>
      <trkpt lat="30.609884" lon="104.23877">
        <time>2026-05-17T13:57:22Z</time>
      </trkpt>
      <trkpt lat="30.609915" lon="104.2387">
        <time>2026-05-17T13:57:23Z</time>
      </trkpt>
      <trkpt lat="30.609945" lon="104.238625">
        <time>2026-05-17T13:57:24Z</time>
      </trkpt>
      <trkpt lat="30.609976" lon="104.23856">
        <time>2026-05-17T13:57:25Z</time>
      </trkpt>
      <trkpt lat="30.610004" lon="104.23849">
        <time>2026-05-17T13:57:26Z</time>
      </trkpt>
      <trkpt lat="30.610035" lon="104.23842">
        <time>2026-05-17T13:57:27Z</time>
      </trkpt>
      <trkpt lat="30.610065" lon="104.23836">
        <time>2026-05-17T13:57:28Z</time>
      </trkpt>
      <trkpt lat="30.610094" lon="104.2383">
        <time>2026-05-17T13:57:29Z</time>
      </trkpt>
      <trkpt lat="30.610119" lon="104.23824">
        <time>2026-05-17T13:57:30Z</time>
      </trkpt>
      <trkpt lat="30.610144" lon="104.23818">
        <time>2026-05-17T13:57:31Z</time>
      </trkpt>
      <trkpt lat="30.610168" lon="104.23812">
        <time>2026-05-17T13:57:32Z</time>
      </trkpt>
      <trkpt lat="30.610191" lon="104.23806">
        <time>2026-05-17T13:57:33Z</time>
      </trkpt>
      <trkpt lat="30.610216" lon="104.238">
        <time>2026-05-17T13:57:34Z</time>
      </trkpt>
      <trkpt lat="30.61024" lon="104.237946">
        <time>2026-05-17T13:57:35Z</time>
      </trkpt>
      <trkpt lat="30.610266" lon="104.237885">
        <time>2026-05-17T13:57:36Z</time>
      </trkpt>
      <trkpt lat="30.610287" lon="104.23783">
        <time>2026-05-17T13:57:37Z</time>
      </trkpt>
      <trkpt lat="30.61031" lon="104.23778">
        <time>2026-05-17T13:57:38Z</time>
      </trkpt>
      <trkpt lat="30.610334" lon="104.237724">
        <time>2026-05-17T13:57:39Z</time>
      </trkpt>
      <trkpt lat="30.61036" lon="104.23767">
        <time>2026-05-17T13:57:40Z</time>
      </trkpt>
      <trkpt lat="30.610382" lon="104.23762">
        <time>2026-05-17T13:57:41Z</time>
      </trkpt>
      <trkpt lat="30.610403" lon="104.237564">
        <time>2026-05-17T13:57:42Z</time>
      </trkpt>
      <trkpt lat="30.610426" lon="104.23752">
        <time>2026-05-17T13:57:43Z</time>
      </trkpt>
      <trkpt lat="30.61045" lon="104.237465">
        <time>2026-05-17T13:57:44Z</time>
      </trkpt>
      <trkpt lat="30.610472" lon="104.23741">
        <time>2026-05-17T13:57:45Z</time>
      </trkpt>
      <trkpt lat="30.610493" lon="104.23736">
        <time>2026-05-17T13:57:46Z</time>
      </trkpt>
      <trkpt lat="30.610514" lon="104.23731">
        <time>2026-05-17T13:57:47Z</time>
      </trkpt>
      <trkpt lat="30.610535" lon="104.23726">
        <time>2026-05-17T13:57:48Z</time>
      </trkpt>
      <trkpt lat="30.610558" lon="104.23721">
        <time>2026-05-17T13:57:49Z</time>
      </trkpt>
      <trkpt lat="30.61058" lon="104.23716">
        <time>2026-05-17T13:57:50Z</time>
      </trkpt>
      <trkpt lat="30.610601" lon="104.23711">
        <time>2026-05-17T13:57:51Z</time>
      </trkpt>
      <trkpt lat="30.610622" lon="104.23706">
        <time>2026-05-17T13:57:52Z</time>
      </trkpt>
      <trkpt lat="30.610643" lon="104.23701">
        <time>2026-05-17T13:57:53Z</time>
      </trkpt>
      <trkpt lat="30.610668" lon="104.23696">
        <time>2026-05-17T13:57:54Z</time>
      </trkpt>
      <trkpt lat="30.610691" lon="104.23691">
        <time>2026-05-17T13:57:55Z</time>
      </trkpt>
      <trkpt lat="30.610716" lon="104.23686">
        <time>2026-05-17T13:57:56Z</time>
      </trkpt>
      <trkpt lat="30.610739" lon="104.23681">
        <time>2026-05-17T13:57:57Z</time>
      </trkpt>
      <trkpt lat="30.610765" lon="104.236755">
        <time>2026-05-17T13:57:58Z</time>
      </trkpt>
      <trkpt lat="30.610794" lon="104.2367">
        <time>2026-05-17T13:57:59Z</time>
      </trkpt>
      <trkpt lat="30.610819" lon="104.23665">
        <time>2026-05-17T13:58:00Z</time>
      </trkpt>
      <trkpt lat="30.610842" lon="104.23659">
        <time>2026-05-17T13:58:01Z</time>
      </trkpt>
      <trkpt lat="30.610865" lon="104.23653">
        <time>2026-05-17T13:58:02Z</time>
      </trkpt>
      <trkpt lat="30.610891" lon="104.23647">
        <time>2026-05-17T13:58:03Z</time>
      </trkpt>
      <trkpt lat="30.610914" lon="104.23641">
        <time>2026-05-17T13:58:04Z</time>
      </trkpt>
      <trkpt lat="30.610935" lon="104.23635">
        <time>2026-05-17T13:58:05Z</time>
      </trkpt>
      <trkpt lat="30.610958" lon="104.23629">
        <time>2026-05-17T13:58:06Z</time>
      </trkpt>
      <trkpt lat="30.610981" lon="104.23624">
        <time>2026-05-17T13:58:07Z</time>
      </trkpt>
      <trkpt lat="30.611002" lon="104.236176">
        <time>2026-05-17T13:58:08Z</time>
      </trkpt>
      <trkpt lat="30.611025" lon="104.236115">
        <time>2026-05-17T13:58:09Z</time>
      </trkpt>
      <trkpt lat="30.611048" lon="104.23605">
        <time>2026-05-17T13:58:10Z</time>
      </trkpt>
      <trkpt lat="30.611074" lon="104.235985">
        <time>2026-05-17T13:58:11Z</time>
      </trkpt>
      <trkpt lat="30.611097" lon="104.23593">
        <time>2026-05-17T13:58:12Z</time>
      </trkpt>
      <trkpt lat="30.611122" lon="104.23586">
        <time>2026-05-17T13:58:13Z</time>
      </trkpt>
      <trkpt lat="30.611147" lon="104.23581">
        <time>2026-05-17T13:58:14Z</time>
      </trkpt>
      <trkpt lat="30.611168" lon="104.23574">
        <time>2026-05-17T13:58:15Z</time>
      </trkpt>
      <trkpt lat="30.611195" lon="104.235664">
        <time>2026-05-17T13:58:16Z</time>
      </trkpt>
      <trkpt lat="30.611217" lon="104.235596">
        <time>2026-05-17T13:58:17Z</time>
      </trkpt>
      <trkpt lat="30.61124" lon="104.23553">
        <time>2026-05-17T13:58:18Z</time>
      </trkpt>
      <trkpt lat="30.611269" lon="104.23545">
        <time>2026-05-17T13:58:19Z</time>
      </trkpt>
      <trkpt lat="30.611296" lon="104.23538">
        <time>2026-05-17T13:58:20Z</time>
      </trkpt>
      <trkpt lat="30.611317" lon="104.23531">
        <time>2026-05-17T13:58:21Z</time>
      </trkpt>
      <trkpt lat="30.61134" lon="104.23524">
        <time>2026-05-17T13:58:22Z</time>
      </trkpt>
      <trkpt lat="30.611362" lon="104.23516">
        <time>2026-05-17T13:58:23Z</time>
      </trkpt>
      <trkpt lat="30.611387" lon="104.235085">
        <time>2026-05-17T13:58:24Z</time>
      </trkpt>
      <trkpt lat="30.611404" lon="104.23501">
        <time>2026-05-17T13:58:25Z</time>
      </trkpt>
      <trkpt lat="30.611423" lon="104.234924">
        <time>2026-05-17T13:58:26Z</time>
      </trkpt>
      <trkpt lat="30.611439" lon="104.23485">
        <time>2026-05-17T13:58:27Z</time>
      </trkpt>
      <trkpt lat="30.611454" lon="104.234764">
        <time>2026-05-17T13:58:28Z</time>
      </trkpt>
      <trkpt lat="30.61147" lon="104.23467">
        <time>2026-05-17T13:58:29Z</time>
      </trkpt>
      <trkpt lat="30.611483" lon="104.23459">
        <time>2026-05-17T13:58:30Z</time>
      </trkpt>
      <trkpt lat="30.6115" lon="104.2345">
        <time>2026-05-17T13:58:31Z</time>
      </trkpt>
      <trkpt lat="30.61153" lon="104.234406">
        <time>2026-05-17T13:58:32Z</time>
      </trkpt>
      <trkpt lat="30.61156" lon="104.234314">
        <time>2026-05-17T13:58:33Z</time>
      </trkpt>
      <trkpt lat="30.611584" lon="104.234215">
        <time>2026-05-17T13:58:34Z</time>
      </trkpt>
      <trkpt lat="30.61161" lon="104.234116">
        <time>2026-05-17T13:58:35Z</time>
      </trkpt>
      <trkpt lat="30.611637" lon="104.234024">
        <time>2026-05-17T13:58:36Z</time>
      </trkpt>
      <trkpt lat="30.611662" lon="104.233925">
        <time>2026-05-17T13:58:37Z</time>
      </trkpt>
      <trkpt lat="30.611685" lon="104.23383">
        <time>2026-05-17T13:58:38Z</time>
      </trkpt>
      <trkpt lat="30.61171" lon="104.23374">
        <time>2026-05-17T13:58:39Z</time>
      </trkpt>
      <trkpt lat="30.611738" lon="104.23365">
        <time>2026-05-17T13:58:40Z</time>
      </trkpt>
      <trkpt lat="30.611763" lon="104.23356">
        <time>2026-05-17T13:58:41Z</time>
      </trkpt>
      <trkpt lat="30.611786" lon="104.23347">
        <time>2026-05-17T13:58:42Z</time>
      </trkpt>
      <trkpt lat="30.61181" lon="104.23338">
        <time>2026-05-17T13:58:43Z</time>
      </trkpt>
      <trkpt lat="30.611835" lon="104.23329">
        <time>2026-05-17T13:58:44Z</time>
      </trkpt>
      <trkpt lat="30.61186" lon="104.2332">
        <time>2026-05-17T13:58:45Z</time>
      </trkpt>
      <trkpt lat="30.611883" lon="104.23311">
        <time>2026-05-17T13:58:46Z</time>
      </trkpt>
      <trkpt lat="30.611908" lon="104.233025">
        <time>2026-05-17T13:58:47Z</time>
      </trkpt>
      <trkpt lat="30.611933" lon="104.23293">
        <time>2026-05-17T13:58:48Z</time>
      </trkpt>
      <trkpt lat="30.611958" lon="104.23284">
        <time>2026-05-17T13:58:49Z</time>
      </trkpt>
      <trkpt lat="30.611982" lon="104.23276">
        <time>2026-05-17T13:58:50Z</time>
      </trkpt>
      <trkpt lat="30.612007" lon="104.232666">
        <time>2026-05-17T13:58:51Z</time>
      </trkpt>
      <trkpt lat="30.612032" lon="104.23258">
        <time>2026-05-17T13:58:52Z</time>
      </trkpt>
      <trkpt lat="30.612055" lon="104.23249">
        <time>2026-05-17T13:58:53Z</time>
      </trkpt>
      <trkpt lat="30.612078" lon="104.23241">
        <time>2026-05-17T13:58:54Z</time>
      </trkpt>
      <trkpt lat="30.612103" lon="104.232315">
        <time>2026-05-17T13:58:55Z</time>
      </trkpt>
      <trkpt lat="30.612125" lon="104.23223">
        <time>2026-05-17T13:58:56Z</time>
      </trkpt>
      <trkpt lat="30.61215" lon="104.23214">
        <time>2026-05-17T13:58:57Z</time>
      </trkpt>
      <trkpt lat="30.612173" lon="104.232056">
        <time>2026-05-17T13:58:58Z</time>
      </trkpt>
      <trkpt lat="30.612196" lon="104.23197">
        <time>2026-05-17T13:58:59Z</time>
      </trkpt>
      <trkpt lat="30.61222" lon="104.23189">
        <time>2026-05-17T13:59:00Z</time>
      </trkpt>
      <trkpt lat="30.612244" lon="104.2318">
        <time>2026-05-17T13:59:01Z</time>
      </trkpt>
      <trkpt lat="30.612267" lon="104.23171">
        <time>2026-05-17T13:59:02Z</time>
      </trkpt>
      <trkpt lat="30.612288" lon="104.23163">
        <time>2026-05-17T13:59:03Z</time>
      </trkpt>
      <trkpt lat="30.612314" lon="104.231544">
        <time>2026-05-17T13:59:04Z</time>
      </trkpt>
      <trkpt lat="30.612337" lon="104.23146">
        <time>2026-05-17T13:59:05Z</time>
      </trkpt>
      <trkpt lat="30.612358" lon="104.231384">
        <time>2026-05-17T13:59:06Z</time>
      </trkpt>
      <trkpt lat="30.612381" lon="104.2313">
        <time>2026-05-17T13:59:07Z</time>
      </trkpt>
      <trkpt lat="30.612406" lon="104.23122">
        <time>2026-05-17T13:59:08Z</time>
      </trkpt>
      <trkpt lat="30.612429" lon="104.23114">
        <time>2026-05-17T13:59:09Z</time>
      </trkpt>
      <trkpt lat="30.61245" lon="104.231064">
        <time>2026-05-17T13:59:10Z</time>
      </trkpt>
      <trkpt lat="30.612473" lon="104.23098">
        <time>2026-05-17T13:59:11Z</time>
      </trkpt>
      <trkpt lat="30.612494" lon="104.2309">
        <time>2026-05-17T13:59:12Z</time>
      </trkpt>
      <trkpt lat="30.612513" lon="104.23083">
        <time>2026-05-17T13:59:13Z</time>
      </trkpt>
      <trkpt lat="30.612534" lon="104.23075">
        <time>2026-05-17T13:59:14Z</time>
      </trkpt>
      <trkpt lat="30.612555" lon="104.230675">
        <time>2026-05-17T13:59:15Z</time>
      </trkpt>
      <trkpt lat="30.612576" lon="104.2306">
        <time>2026-05-17T13:59:16Z</time>
      </trkpt>
      <trkpt lat="30.612595" lon="104.23052">
        <time>2026-05-17T13:59:17Z</time>
      </trkpt>
      <trkpt lat="30.612617" lon="104.230446">
        <time>2026-05-17T13:59:18Z</time>
      </trkpt>
      <trkpt lat="30.612646" lon="104.23037">
        <time>2026-05-17T13:59:19Z</time>
      </trkpt>
      <trkpt lat="30.612684" lon="104.23031">
        <time>2026-05-17T13:59:20Z</time>
      </trkpt>
      <trkpt lat="30.612722" lon="104.23024">
        <time>2026-05-17T13:59:21Z</time>
      </trkpt>
      <trkpt lat="30.612751" lon="104.23016">
        <time>2026-05-17T13:59:22Z</time>
      </trkpt>
      <trkpt lat="30.612782" lon="104.23009">
        <time>2026-05-17T13:59:23Z</time>
      </trkpt>
      <trkpt lat="30.6128" lon="104.23001">
        <time>2026-05-17T13:59:24Z</time>
      </trkpt>
      <trkpt lat="30.61282" lon="104.229935">
        <time>2026-05-17T13:59:25Z</time>
      </trkpt>
      <trkpt lat="30.612843" lon="104.22986">
        <time>2026-05-17T13:59:26Z</time>
      </trkpt>
      <trkpt lat="30.612864" lon="104.22978">
        <time>2026-05-17T13:59:27Z</time>
      </trkpt>
      <trkpt lat="30.612883" lon="104.22971">
        <time>2026-05-17T13:59:28Z</time>
      </trkpt>
      <trkpt lat="30.612902" lon="104.22964">
        <time>2026-05-17T13:59:29Z</time>
      </trkpt>
      <trkpt lat="30.61292" lon="104.22957">
        <time>2026-05-17T13:59:30Z</time>
      </trkpt>
      <trkpt lat="30.612944" lon="104.22949">
        <time>2026-05-17T13:59:31Z</time>
      </trkpt>
      <trkpt lat="30.61296" lon="104.22942">
        <time>2026-05-17T13:59:32Z</time>
      </trkpt>
      <trkpt lat="30.612982" lon="104.22935">
        <time>2026-05-17T13:59:33Z</time>
      </trkpt>
      <trkpt lat="30.613" lon="104.22927">
        <time>2026-05-17T13:59:34Z</time>
      </trkpt>
      <trkpt lat="30.61302" lon="104.229195">
        <time>2026-05-17T13:59:35Z</time>
      </trkpt>
      <trkpt lat="30.613039" lon="104.22912">
        <time>2026-05-17T13:59:36Z</time>
      </trkpt>
      <trkpt lat="30.613056" lon="104.22905">
        <time>2026-05-17T13:59:37Z</time>
      </trkpt>
      <trkpt lat="30.613077" lon="104.22897">
        <time>2026-05-17T13:59:38Z</time>
      </trkpt>
      <trkpt lat="30.613094" lon="104.228905">
        <time>2026-05-17T13:59:39Z</time>
      </trkpt>
      <trkpt lat="30.613115" lon="104.228836">
        <time>2026-05-17T13:59:40Z</time>
      </trkpt>
      <trkpt lat="30.613134" lon="104.22877">
        <time>2026-05-17T13:59:41Z</time>
      </trkpt>
      <trkpt lat="30.613157" lon="104.2287">
        <time>2026-05-17T13:59:42Z</time>
      </trkpt>
      <trkpt lat="30.613176" lon="104.22864">
        <time>2026-05-17T13:59:43Z</time>
      </trkpt>
      <trkpt lat="30.613195" lon="104.22857">
        <time>2026-05-17T13:59:44Z</time>
      </trkpt>
      <trkpt lat="30.613213" lon="104.22851">
        <time>2026-05-17T13:59:45Z</time>
      </trkpt>
      <trkpt lat="30.613232" lon="104.22844">
        <time>2026-05-17T13:59:46Z</time>
      </trkpt>
      <trkpt lat="30.61325" lon="104.22837">
        <time>2026-05-17T13:59:47Z</time>
      </trkpt>
      <trkpt lat="30.613272" lon="104.22831">
        <time>2026-05-17T13:59:48Z</time>
      </trkpt>
      <trkpt lat="30.61329" lon="104.22825">
        <time>2026-05-17T13:59:49Z</time>
      </trkpt>
      <trkpt lat="30.613308" lon="104.22818">
        <time>2026-05-17T13:59:50Z</time>
      </trkpt>
      <trkpt lat="30.613325" lon="104.22812">
        <time>2026-05-17T13:59:51Z</time>
      </trkpt>
      <trkpt lat="30.613344" lon="104.22806">
        <time>2026-05-17T13:59:52Z</time>
      </trkpt>
      <trkpt lat="30.613361" lon="104.228">
        <time>2026-05-17T13:59:53Z</time>
      </trkpt>
      <trkpt lat="30.61338" lon="104.227936">
        <time>2026-05-17T13:59:54Z</time>
      </trkpt>
      <trkpt lat="30.613396" lon="104.22787">
        <time>2026-05-17T13:59:55Z</time>
      </trkpt>
      <trkpt lat="30.613415" lon="104.227806">
        <time>2026-05-17T13:59:56Z</time>
      </trkpt>
      <trkpt lat="30.613432" lon="104.227745">
        <time>2026-05-17T13:59:57Z</time>
      </trkpt>
      <trkpt lat="30.613447" lon="104.227684">
        <time>2026-05-17T13:59:58Z</time>
      </trkpt>
      <trkpt lat="30.613462" lon="104.22762">
        <time>2026-05-17T13:59:59Z</time>
      </trkpt>
      <trkpt lat="30.613482" lon="104.22756">
        <time>2026-05-17T14:00:00Z</time>
      </trkpt>
      <trkpt lat="30.613499" lon="104.2275">
        <time>2026-05-17T14:00:01Z</time>
      </trkpt>
      <trkpt lat="30.613516" lon="104.22743">
        <time>2026-05-17T14:00:02Z</time>
      </trkpt>
      <trkpt lat="30.61353" lon="104.22737">
        <time>2026-05-17T14:00:03Z</time>
      </trkpt>
      <trkpt lat="30.613543" lon="104.2273">
        <time>2026-05-17T14:00:04Z</time>
      </trkpt>
      <trkpt lat="30.613558" lon="104.22724">
        <time>2026-05-17T14:00:05Z</time>
      </trkpt>
      <trkpt lat="30.61357" lon="104.22718">
        <time>2026-05-17T14:00:06Z</time>
      </trkpt>
      <trkpt lat="30.613585" lon="104.22711">
        <time>2026-05-17T14:00:07Z</time>
      </trkpt>
      <trkpt lat="30.613602" lon="104.22704">
        <time>2026-05-17T14:00:08Z</time>
      </trkpt>
      <trkpt lat="30.61362" lon="104.22698">
        <time>2026-05-17T14:00:09Z</time>
      </trkpt>
      <trkpt lat="30.613634" lon="104.22691">
        <time>2026-05-17T14:00:10Z</time>
      </trkpt>
      <trkpt lat="30.613647" lon="104.226845">
        <time>2026-05-17T14:00:11Z</time>
      </trkpt>
      <trkpt lat="30.61366" lon="104.22677">
        <time>2026-05-17T14:00:12Z</time>
      </trkpt>
      <trkpt lat="30.613672" lon="104.2267">
        <time>2026-05-17T14:00:13Z</time>
      </trkpt>
      <trkpt lat="30.613684" lon="104.22662">
        <time>2026-05-17T14:00:14Z</time>
      </trkpt>
      <trkpt lat="30.613695" lon="104.226555">
        <time>2026-05-17T14:00:15Z</time>
      </trkpt>
      <trkpt lat="30.613707" lon="104.22649">
        <time>2026-05-17T14:00:16Z</time>
      </trkpt>
      <trkpt lat="30.613718" lon="104.22641">
        <time>2026-05-17T14:00:17Z</time>
      </trkpt>
      <trkpt lat="30.613735" lon="104.22634">
        <time>2026-05-17T14:00:18Z</time>
      </trkpt>
      <trkpt lat="30.61375" lon="104.22627">
        <time>2026-05-17T14:00:19Z</time>
      </trkpt>
      <trkpt lat="30.613766" lon="104.2262">
        <time>2026-05-17T14:00:20Z</time>
      </trkpt>
      <trkpt lat="30.613781" lon="104.22612">
        <time>2026-05-17T14:00:21Z</time>
      </trkpt>
      <trkpt lat="30.613796" lon="104.22604">
        <time>2026-05-17T14:00:22Z</time>
      </trkpt>
      <trkpt lat="30.613813" lon="104.22597">
        <time>2026-05-17T14:00:23Z</time>
      </trkpt>
      <trkpt lat="30.613829" lon="104.22589">
        <time>2026-05-17T14:00:24Z</time>
      </trkpt>
      <trkpt lat="30.613844" lon="104.225815">
        <time>2026-05-17T14:00:25Z</time>
      </trkpt>
      <trkpt lat="30.61386" lon="104.22574">
        <time>2026-05-17T14:00:26Z</time>
      </trkpt>
      <trkpt lat="30.613873" lon="104.225655">
        <time>2026-05-17T14:00:27Z</time>
      </trkpt>
      <trkpt lat="30.613886" lon="104.22557">
        <time>2026-05-17T14:00:28Z</time>
      </trkpt>
      <trkpt lat="30.6139" lon="104.225494">
        <time>2026-05-17T14:00:29Z</time>
      </trkpt>
      <trkpt lat="30.613913" lon="104.2254">
        <time>2026-05-17T14:00:30Z</time>
      </trkpt>
      <trkpt lat="30.613926" lon="104.22532">
        <time>2026-05-17T14:00:31Z</time>
      </trkpt>
      <trkpt lat="30.61394" lon="104.225235">
        <time>2026-05-17T14:00:32Z</time>
      </trkpt>
      <trkpt lat="30.613953" lon="104.22514">
        <time>2026-05-17T14:00:33Z</time>
      </trkpt>
      <trkpt lat="30.61397" lon="104.22506">
        <time>2026-05-17T14:00:34Z</time>
      </trkpt>
      <trkpt lat="30.613983" lon="104.22497">
        <time>2026-05-17T14:00:35Z</time>
      </trkpt>
      <trkpt lat="30.613998" lon="104.22488">
        <time>2026-05-17T14:00:36Z</time>
      </trkpt>
      <trkpt lat="30.614012" lon="104.224785">
        <time>2026-05-17T14:00:37Z</time>
      </trkpt>
      <trkpt lat="30.614025" lon="104.22469">
        <time>2026-05-17T14:00:38Z</time>
      </trkpt>
      <trkpt lat="30.614038" lon="104.2246">
        <time>2026-05-17T14:00:39Z</time>
      </trkpt>
      <trkpt lat="30.614052" lon="104.22451">
        <time>2026-05-17T14:00:40Z</time>
      </trkpt>
      <trkpt lat="30.614067" lon="104.22442">
        <time>2026-05-17T14:00:41Z</time>
      </trkpt>
      <trkpt lat="30.61408" lon="104.22432">
        <time>2026-05-17T14:00:42Z</time>
      </trkpt>
      <trkpt lat="30.614092" lon="104.22423">
        <time>2026-05-17T14:00:43Z</time>
      </trkpt>
      <trkpt lat="30.614103" lon="104.22413">
        <time>2026-05-17T14:00:44Z</time>
      </trkpt>
      <trkpt lat="30.614117" lon="104.22404">
        <time>2026-05-17T14:00:45Z</time>
      </trkpt>
      <trkpt lat="30.614128" lon="104.22394">
        <time>2026-05-17T14:00:46Z</time>
      </trkpt>
      <trkpt lat="30.614138" lon="104.22385">
        <time>2026-05-17T14:00:47Z</time>
      </trkpt>
      <trkpt lat="30.61415" lon="104.22375">
        <time>2026-05-17T14:00:48Z</time>
      </trkpt>
      <trkpt lat="30.614162" lon="104.22365">
        <time>2026-05-17T14:00:49Z</time>
      </trkpt>
      <trkpt lat="30.614176" lon="104.22356">
        <time>2026-05-17T14:00:50Z</time>
      </trkpt>
      <trkpt lat="30.614187" lon="104.22346">
        <time>2026-05-17T14:00:51Z</time>
      </trkpt>
      <trkpt lat="30.614199" lon="104.22336">
        <time>2026-05-17T14:00:52Z</time>
      </trkpt>
      <trkpt lat="30.614208" lon="104.22327">
        <time>2026-05-17T14:00:53Z</time>
      </trkpt>
      <trkpt lat="30.61422" lon="104.22317">
        <time>2026-05-17T14:00:54Z</time>
      </trkpt>
      <trkpt lat="30.614233" lon="104.22307">
        <time>2026-05-17T14:00:55Z</time>
      </trkpt>
      <trkpt lat="30.614248" lon="104.22297">
        <time>2026-05-17T14:00:56Z</time>
      </trkpt>
      <trkpt lat="30.614267" lon="104.22287">
        <time>2026-05-17T14:00:57Z</time>
      </trkpt>
      <trkpt lat="30.614285" lon="104.22278">
        <time>2026-05-17T14:00:58Z</time>
      </trkpt>
      <trkpt lat="30.614304" lon="104.22269">
        <time>2026-05-17T14:00:59Z</time>
      </trkpt>
      <trkpt lat="30.61432" lon="104.22259">
        <time>2026-05-17T14:01:00Z</time>
      </trkpt>
      <trkpt lat="30.614334" lon="104.22249">
        <time>2026-05-17T14:01:01Z</time>
      </trkpt>
      <trkpt lat="30.61435" lon="104.2224">
        <time>2026-05-17T14:01:02Z</time>
      </trkpt>
      <trkpt lat="30.614367" lon="104.222305">
        <time>2026-05-17T14:01:03Z</time>
      </trkpt>
      <trkpt lat="30.614382" lon="104.222206">
        <time>2026-05-17T14:01:04Z</time>
      </trkpt>
      <trkpt lat="30.614397" lon="104.222115">
        <time>2026-05-17T14:01:05Z</time>
      </trkpt>
      <trkpt lat="30.614408" lon="104.22202">
        <time>2026-05-17T14:01:06Z</time>
      </trkpt>
      <trkpt lat="30.61442" lon="104.22194">
        <time>2026-05-17T14:01:07Z</time>
      </trkpt>
      <trkpt lat="30.614433" lon="104.22185">
        <time>2026-05-17T14:01:08Z</time>
      </trkpt>
      <trkpt lat="30.614447" lon="104.22176">
        <time>2026-05-17T14:01:09Z</time>
      </trkpt>
      <trkpt lat="30.61446" lon="104.22168">
        <time>2026-05-17T14:01:10Z</time>
      </trkpt>
      <trkpt lat="30.614475" lon="104.221596">
        <time>2026-05-17T14:01:11Z</time>
      </trkpt>
      <trkpt lat="30.614485" lon="104.22152">
        <time>2026-05-17T14:01:12Z</time>
      </trkpt>
      <trkpt lat="30.614494" lon="104.22144">
        <time>2026-05-17T14:01:13Z</time>
      </trkpt>
      <trkpt lat="30.614504" lon="104.22137">
        <time>2026-05-17T14:01:14Z</time>
      </trkpt>
      <trkpt lat="30.614513" lon="104.22129">
        <time>2026-05-17T14:01:15Z</time>
      </trkpt>
      <trkpt lat="30.614521" lon="104.22122">
        <time>2026-05-17T14:01:16Z</time>
      </trkpt>
      <trkpt lat="30.614532" lon="104.221146">
        <time>2026-05-17T14:01:17Z</time>
      </trkpt>
      <trkpt lat="30.614544" lon="104.22108">
        <time>2026-05-17T14:01:18Z</time>
      </trkpt>
      <trkpt lat="30.614555" lon="104.22101">
        <time>2026-05-17T14:01:19Z</time>
      </trkpt>
      <trkpt lat="30.614563" lon="104.22095">
        <time>2026-05-17T14:01:20Z</time>
      </trkpt>
      <trkpt lat="30.614573" lon="104.22088">
        <time>2026-05-17T14:01:21Z</time>
      </trkpt>
      <trkpt lat="30.614586" lon="104.22081">
        <time>2026-05-17T14:01:22Z</time>
      </trkpt>
      <trkpt lat="30.6146" lon="104.22074">
        <time>2026-05-17T14:01:23Z</time>
      </trkpt>
      <trkpt lat="30.614607" lon="104.22067">
        <time>2026-05-17T14:01:24Z</time>
      </trkpt>
      <trkpt lat="30.614614" lon="104.22061">
        <time>2026-05-17T14:01:25Z</time>
      </trkpt>
      <trkpt lat="30.614624" lon="104.22054">
        <time>2026-05-17T14:01:26Z</time>
      </trkpt>
      <trkpt lat="30.614632" lon="104.22048">
        <time>2026-05-17T14:01:27Z</time>
      </trkpt>
      <trkpt lat="30.614641" lon="104.22041">
        <time>2026-05-17T14:01:28Z</time>
      </trkpt>
      <trkpt lat="30.614656" lon="104.22035">
        <time>2026-05-17T14:01:29Z</time>
      </trkpt>
      <trkpt lat="30.614668" lon="104.22029">
        <time>2026-05-17T14:01:30Z</time>
      </trkpt>
      <trkpt lat="30.614677" lon="104.22022">
        <time>2026-05-17T14:01:31Z</time>
      </trkpt>
      <trkpt lat="30.614689" lon="104.22016">
        <time>2026-05-17T14:01:32Z</time>
      </trkpt>
      <trkpt lat="30.614698" lon="104.2201">
        <time>2026-05-17T14:01:33Z</time>
      </trkpt>
      <trkpt lat="30.61471" lon="104.22004">
        <time>2026-05-17T14:01:34Z</time>
      </trkpt>
      <trkpt lat="30.614723" lon="104.21998">
        <time>2026-05-17T14:01:35Z</time>
      </trkpt>
      <trkpt lat="30.614733" lon="104.219925">
        <time>2026-05-17T14:01:36Z</time>
      </trkpt>
      <trkpt lat="30.614744" lon="104.219864">
        <time>2026-05-17T14:01:37Z</time>
      </trkpt>
      <trkpt lat="30.614758" lon="104.2198">
        <time>2026-05-17T14:01:38Z</time>
      </trkpt>
      <trkpt lat="30.614769" lon="104.21975">
        <time>2026-05-17T14:01:39Z</time>
      </trkpt>
      <trkpt lat="30.61478" lon="104.219696">
        <time>2026-05-17T14:01:40Z</time>
      </trkpt>
      <trkpt lat="30.614788" lon="104.21964">
        <time>2026-05-17T14:01:41Z</time>
      </trkpt>
      <trkpt lat="30.6148" lon="104.21958">
        <time>2026-05-17T14:01:42Z</time>
      </trkpt>
      <trkpt lat="30.61481" lon="104.21953">
        <time>2026-05-17T14:01:43Z</time>
      </trkpt>
      <trkpt lat="30.61482" lon="104.21947">
        <time>2026-05-17T14:01:44Z</time>
      </trkpt>
      <trkpt lat="30.61483" lon="104.21941">
        <time>2026-05-17T14:01:45Z</time>
      </trkpt>
      <trkpt lat="30.61483" lon="104.219345">
        <time>2026-05-17T14:01:46Z</time>
      </trkpt>
      <trkpt lat="30.614828" lon="104.21927">
        <time>2026-05-17T14:01:47Z</time>
      </trkpt>
      <trkpt lat="30.614824" lon="104.21919">
        <time>2026-05-17T14:01:48Z</time>
      </trkpt>
      <trkpt lat="30.614822" lon="104.21912">
        <time>2026-05-17T14:01:49Z</time>
      </trkpt>
      <trkpt lat="30.614822" lon="104.21904">
        <time>2026-05-17T14:01:50Z</time>
      </trkpt>
      <trkpt lat="30.614838" lon="104.21897">
        <time>2026-05-17T14:01:51Z</time>
      </trkpt>
      <trkpt lat="30.614862" lon="104.2189">
        <time>2026-05-17T14:01:52Z</time>
      </trkpt>
      <trkpt lat="30.61489" lon="104.21882">
        <time>2026-05-17T14:01:53Z</time>
      </trkpt>
      <trkpt lat="30.614914" lon="104.21874">
        <time>2026-05-17T14:01:54Z</time>
      </trkpt>
      <trkpt lat="30.61494" lon="104.21866">
        <time>2026-05-17T14:01:55Z</time>
      </trkpt>
      <trkpt lat="30.614964" lon="104.21858">
        <time>2026-05-17T14:01:56Z</time>
      </trkpt>
      <trkpt lat="30.61498" lon="104.218506">
        <time>2026-05-17T14:01:57Z</time>
      </trkpt>
      <trkpt lat="30.615002" lon="104.21843">
        <time>2026-05-17T14:01:58Z</time>
      </trkpt>
      <trkpt lat="30.61502" lon="104.21835">
        <time>2026-05-17T14:01:59Z</time>
      </trkpt>
      <trkpt lat="30.615038" lon="104.21828">
        <time>2026-05-17T14:02:00Z</time>
      </trkpt>
      <trkpt lat="30.615057" lon="104.2182">
        <time>2026-05-17T14:02:01Z</time>
      </trkpt>
      <trkpt lat="30.615078" lon="104.218124">
        <time>2026-05-17T14:02:02Z</time>
      </trkpt>
      <trkpt lat="30.6151" lon="104.21805">
        <time>2026-05-17T14:02:03Z</time>
      </trkpt>
      <trkpt lat="30.61512" lon="104.21798">
        <time>2026-05-17T14:02:04Z</time>
      </trkpt>
      <trkpt lat="30.61514" lon="104.21791">
        <time>2026-05-17T14:02:05Z</time>
      </trkpt>
      <trkpt lat="30.615158" lon="104.217834">
        <time>2026-05-17T14:02:06Z</time>
      </trkpt>
      <trkpt lat="30.61518" lon="104.217766">
        <time>2026-05-17T14:02:07Z</time>
      </trkpt>
      <trkpt lat="30.615198" lon="104.2177">
        <time>2026-05-17T14:02:08Z</time>
      </trkpt>
      <trkpt lat="30.615217" lon="104.217636">
        <time>2026-05-17T14:02:09Z</time>
      </trkpt>
      <trkpt lat="30.615236" lon="104.217575">
        <time>2026-05-17T14:02:10Z</time>
      </trkpt>
      <trkpt lat="30.615255" lon="104.21751">
        <time>2026-05-17T14:02:11Z</time>
      </trkpt>
      <trkpt lat="30.615273" lon="104.217445">
        <time>2026-05-17T14:02:12Z</time>
      </trkpt>
      <trkpt lat="30.615292" lon="104.217384">
        <time>2026-05-17T14:02:13Z</time>
      </trkpt>
      <trkpt lat="30.61531" lon="104.21732">
        <time>2026-05-17T14:02:14Z</time>
      </trkpt>
      <trkpt lat="30.615326" lon="104.217255">
        <time>2026-05-17T14:02:15Z</time>
      </trkpt>
      <trkpt lat="30.615345" lon="104.21719">
        <time>2026-05-17T14:02:16Z</time>
      </trkpt>
      <trkpt lat="30.615364" lon="104.21713">
        <time>2026-05-17T14:02:17Z</time>
      </trkpt>
      <trkpt lat="30.615383" lon="104.21707">
        <time>2026-05-17T14:02:18Z</time>
      </trkpt>
      <trkpt lat="30.615404" lon="104.21701">
        <time>2026-05-17T14:02:19Z</time>
      </trkpt>
      <trkpt lat="30.615421" lon="104.21696">
        <time>2026-05-17T14:02:20Z</time>
      </trkpt>
      <trkpt lat="30.615437" lon="104.216896">
        <time>2026-05-17T14:02:21Z</time>
      </trkpt>
      <trkpt lat="30.615456" lon="104.216835">
        <time>2026-05-17T14:02:22Z</time>
      </trkpt>
      <trkpt lat="30.61547" lon="104.21678">
        <time>2026-05-17T14:02:23Z</time>
      </trkpt>
      <trkpt lat="30.615488" lon="104.21672">
        <time>2026-05-17T14:02:24Z</time>
      </trkpt>
      <trkpt lat="30.615507" lon="104.21667">
        <time>2026-05-17T14:02:25Z</time>
      </trkpt>
      <trkpt lat="30.615522" lon="104.216606">
        <time>2026-05-17T14:02:26Z</time>
      </trkpt>
      <trkpt lat="30.615536" lon="104.216545">
        <time>2026-05-17T14:02:27Z</time>
      </trkpt>
      <trkpt lat="30.615553" lon="104.21649">
        <time>2026-05-17T14:02:28Z</time>
      </trkpt>
      <trkpt lat="30.615568" lon="104.21644">
        <time>2026-05-17T14:02:29Z</time>
      </trkpt>
      <trkpt lat="30.615587" lon="104.216385">
        <time>2026-05-17T14:02:30Z</time>
      </trkpt>
      <trkpt lat="30.615602" lon="104.216324">
        <time>2026-05-17T14:02:31Z</time>
      </trkpt>
      <trkpt lat="30.61562" lon="104.21627">
        <time>2026-05-17T14:02:32Z</time>
      </trkpt>
      <trkpt lat="30.61564" lon="104.21621">
        <time>2026-05-17T14:02:33Z</time>
      </trkpt>
      <trkpt lat="30.61566" lon="104.216156">
        <time>2026-05-17T14:02:34Z</time>
      </trkpt>
      <trkpt lat="30.615679" lon="104.216095">
        <time>2026-05-17T14:02:35Z</time>
      </trkpt>
      <trkpt lat="30.615696" lon="104.21604">
        <time>2026-05-17T14:02:36Z</time>
      </trkpt>
      <trkpt lat="30.615715" lon="104.21599">
        <time>2026-05-17T14:02:37Z</time>
      </trkpt>
      <trkpt lat="30.615732" lon="104.21593">
        <time>2026-05-17T14:02:38Z</time>
      </trkpt>
      <trkpt lat="30.615747" lon="104.21587">
        <time>2026-05-17T14:02:39Z</time>
      </trkpt>
      <trkpt lat="30.615767" lon="104.21582">
        <time>2026-05-17T14:02:40Z</time>
      </trkpt>
      <trkpt lat="30.615786" lon="104.21577">
        <time>2026-05-17T14:02:41Z</time>
      </trkpt>
      <trkpt lat="30.615803" lon="104.215706">
        <time>2026-05-17T14:02:42Z</time>
      </trkpt>
      <trkpt lat="30.615824" lon="104.215645">
        <time>2026-05-17T14:02:43Z</time>
      </trkpt>
      <trkpt lat="30.61584" lon="104.21559">
        <time>2026-05-17T14:02:44Z</time>
      </trkpt>
      <trkpt lat="30.61586" lon="104.21553">
        <time>2026-05-17T14:02:45Z</time>
      </trkpt>
      <trkpt lat="30.615877" lon="104.21548">
        <time>2026-05-17T14:02:46Z</time>
      </trkpt>
      <trkpt lat="30.615896" lon="104.215416">
        <time>2026-05-17T14:02:47Z</time>
      </trkpt>
      <trkpt lat="30.615913" lon="104.215355">
        <time>2026-05-17T14:02:48Z</time>
      </trkpt>
      <trkpt lat="30.61593" lon="104.2153">
        <time>2026-05-17T14:02:49Z</time>
      </trkpt>
      <trkpt lat="30.615946" lon="104.21525">
        <time>2026-05-17T14:02:50Z</time>
      </trkpt>
      <trkpt lat="30.615965" lon="104.21519">
        <time>2026-05-17T14:02:51Z</time>
      </trkpt>
      <trkpt lat="30.615984" lon="104.21513">
        <time>2026-05-17T14:02:52Z</time>
      </trkpt>
      <trkpt lat="30.616003" lon="104.21507">
        <time>2026-05-17T14:02:53Z</time>
      </trkpt>
      <trkpt lat="30.616022" lon="104.21501">
        <time>2026-05-17T14:02:54Z</time>
      </trkpt>
      <trkpt lat="30.616043" lon="104.21495">
        <time>2026-05-17T14:02:55Z</time>
      </trkpt>
      <trkpt lat="30.616064" lon="104.2149">
        <time>2026-05-17T14:02:56Z</time>
      </trkpt>
      <trkpt lat="30.616083" lon="104.21484">
        <time>2026-05-17T14:02:57Z</time>
      </trkpt>
      <trkpt lat="30.616095" lon="104.21478">
        <time>2026-05-17T14:02:58Z</time>
      </trkpt>
      <trkpt lat="30.61611" lon="104.21473">
        <time>2026-05-17T14:02:59Z</time>
      </trkpt>
      <trkpt lat="30.616123" lon="104.214676">
        <time>2026-05-17T14:03:00Z</time>
      </trkpt>
      <trkpt lat="30.61614" lon="104.214615">
        <time>2026-05-17T14:03:01Z</time>
      </trkpt>
      <trkpt lat="30.616154" lon="104.214554">
        <time>2026-05-17T14:03:02Z</time>
      </trkpt>
      <trkpt lat="30.61617" lon="104.21449">
        <time>2026-05-17T14:03:03Z</time>
      </trkpt>
      <trkpt lat="30.616184" lon="104.21443">
        <time>2026-05-17T14:03:04Z</time>
      </trkpt>
      <trkpt lat="30.6162" lon="104.21436">
        <time>2026-05-17T14:03:05Z</time>
      </trkpt>
      <trkpt lat="30.616219" lon="104.2143">
        <time>2026-05-17T14:03:06Z</time>
      </trkpt>
      <trkpt lat="30.616236" lon="104.21425">
        <time>2026-05-17T14:03:07Z</time>
      </trkpt>
      <trkpt lat="30.61625" lon="104.2142">
        <time>2026-05-17T14:03:08Z</time>
      </trkpt>
      <trkpt lat="30.616253" lon="104.21415">
        <time>2026-05-17T14:03:09Z</time>
      </trkpt>
      <trkpt lat="30.616253" lon="104.2141">
        <time>2026-05-17T14:03:10Z</time>
      </trkpt>
      <trkpt lat="30.616255" lon="104.21406">
        <time>2026-05-17T14:03:11Z</time>
      </trkpt>
      <trkpt lat="30.616262" lon="104.21402">
        <time>2026-05-17T14:03:12Z</time>
      </trkpt>
      <trkpt lat="30.616272" lon="104.213974">
        <time>2026-05-17T14:03:13Z</time>
      </trkpt>
      <trkpt lat="30.616276" lon="104.21391">
        <time>2026-05-17T14:03:14Z</time>
      </trkpt>
      <trkpt lat="30.616278" lon="104.2138">
        <time>2026-05-17T14:03:16Z</time>
      </trkpt>
      <trkpt lat="30.616276" lon="104.21374">
        <time>2026-05-17T14:03:17Z</time>
      </trkpt>
      <trkpt lat="30.616276" lon="104.213615">
        <time>2026-05-17T14:03:19Z</time>
      </trkpt>
      <trkpt lat="30.616278" lon="104.21356">
        <time>2026-05-17T14:03:20Z</time>
      </trkpt>
      <trkpt lat="30.616282" lon="104.21351">
        <time>2026-05-17T14:03:21Z</time>
      </trkpt>
      <trkpt lat="30.616285" lon="104.21346">
        <time>2026-05-17T14:03:22Z</time>
      </trkpt>
      <trkpt lat="30.616463" lon="104.21299">
        <time>2026-05-17T14:03:28Z</time>
      </trkpt>
      <trkpt lat="30.6165" lon="104.212906">
        <time>2026-05-17T14:03:29Z</time>
      </trkpt>
      <trkpt lat="30.616596" lon="104.212845">
        <time>2026-05-17T14:03:30Z</time>
      </trkpt>
      <trkpt lat="30.616648" lon="104.212776">
        <time>2026-05-17T14:03:31Z</time>
      </trkpt>
      <trkpt lat="30.616669" lon="104.21271">
        <time>2026-05-17T14:03:32Z</time>
      </trkpt>
      <trkpt lat="30.6167" lon="104.21262">
        <time>2026-05-17T14:03:33Z</time>
      </trkpt>
      <trkpt lat="30.616743" lon="104.21254">
        <time>2026-05-17T14:03:34Z</time>
      </trkpt>
      <trkpt lat="30.616785" lon="104.21247">
        <time>2026-05-17T14:03:35Z</time>
      </trkpt>
      <trkpt lat="30.61682" lon="104.21239">
        <time>2026-05-17T14:03:36Z</time>
      </trkpt>
      <trkpt lat="30.616854" lon="104.2123">
        <time>2026-05-17T14:03:37Z</time>
      </trkpt>
      <trkpt lat="30.616886" lon="104.21223">
        <time>2026-05-17T14:03:38Z</time>
      </trkpt>
      <trkpt lat="30.616919" lon="104.21214">
        <time>2026-05-17T14:03:39Z</time>
      </trkpt>
      <trkpt lat="30.616936" lon="104.21206">
        <time>2026-05-17T14:03:40Z</time>
      </trkpt>
      <trkpt lat="30.616959" lon="104.211975">
        <time>2026-05-17T14:03:41Z</time>
      </trkpt>
      <trkpt lat="30.616982" lon="104.21188">
        <time>2026-05-17T14:03:42Z</time>
      </trkpt>
      <trkpt lat="30.617002" lon="104.2118">
        <time>2026-05-17T14:03:43Z</time>
      </trkpt>
      <trkpt lat="30.61702" lon="104.21172">
        <time>2026-05-17T14:03:44Z</time>
      </trkpt>
      <trkpt lat="30.617044" lon="104.21164">
        <time>2026-05-17T14:03:45Z</time>
      </trkpt>
      <trkpt lat="30.617071" lon="104.211555">
        <time>2026-05-17T14:03:46Z</time>
      </trkpt>
      <trkpt lat="30.617096" lon="104.21147">
        <time>2026-05-17T14:03:47Z</time>
      </trkpt>
      <trkpt lat="30.61712" lon="104.211395">
        <time>2026-05-17T14:03:48Z</time>
      </trkpt>
      <trkpt lat="30.617136" lon="104.21132">
        <time>2026-05-17T14:03:49Z</time>
      </trkpt>
      <trkpt lat="30.617159" lon="104.21124">
        <time>2026-05-17T14:03:50Z</time>
      </trkpt>
      <trkpt lat="30.617184" lon="104.21116">
        <time>2026-05-17T14:03:51Z</time>
      </trkpt>
      <trkpt lat="30.617208" lon="104.211075">
        <time>2026-05-17T14:03:52Z</time>
      </trkpt>
      <trkpt lat="30.617228" lon="104.211">
        <time>2026-05-17T14:03:53Z</time>
      </trkpt>
      <trkpt lat="30.61725" lon="104.210915">
        <time>2026-05-17T14:03:54Z</time>
      </trkpt>
      <trkpt lat="30.617271" lon="104.21083">
        <time>2026-05-17T14:03:55Z</time>
      </trkpt>
      <trkpt lat="30.617292" lon="104.21075">
        <time>2026-05-17T14:03:56Z</time>
      </trkpt>
      <trkpt lat="30.61732" lon="104.210655">
        <time>2026-05-17T14:03:57Z</time>
      </trkpt>
      <trkpt lat="30.617352" lon="104.21056">
        <time>2026-05-17T14:03:58Z</time>
      </trkpt>
      <trkpt lat="30.617376" lon="104.21047">
        <time>2026-05-17T14:03:59Z</time>
      </trkpt>
      <trkpt lat="30.617401" lon="104.21039">
        <time>2026-05-17T14:04:00Z</time>
      </trkpt>
      <trkpt lat="30.61743" lon="104.2103">
        <time>2026-05-17T14:04:01Z</time>
      </trkpt>
      <trkpt lat="30.617456" lon="104.21021">
        <time>2026-05-17T14:04:02Z</time>
      </trkpt>
      <trkpt lat="30.617481" lon="104.21013">
        <time>2026-05-17T14:04:03Z</time>
      </trkpt>
      <trkpt lat="30.617506" lon="104.21005">
        <time>2026-05-17T14:04:04Z</time>
      </trkpt>
      <trkpt lat="30.617529" lon="104.20997">
        <time>2026-05-17T14:04:05Z</time>
      </trkpt>
      <trkpt lat="30.617554" lon="104.209885">
        <time>2026-05-17T14:04:06Z</time>
      </trkpt>
      <trkpt lat="30.617579" lon="104.2098">
        <time>2026-05-17T14:04:07Z</time>
      </trkpt>
      <trkpt lat="30.6176" lon="104.209724">
        <time>2026-05-17T14:04:08Z</time>
      </trkpt>
      <trkpt lat="30.617617" lon="104.20965">
        <time>2026-05-17T14:04:09Z</time>
      </trkpt>
      <trkpt lat="30.617636" lon="104.209564">
        <time>2026-05-17T14:04:10Z</time>
      </trkpt>
      <trkpt lat="30.617653" lon="104.20949">
        <time>2026-05-17T14:04:11Z</time>
      </trkpt>
      <trkpt lat="30.617674" lon="104.20939">
        <time>2026-05-17T14:04:12Z</time>
      </trkpt>
      <trkpt lat="30.617683" lon="104.20929">
        <time>2026-05-17T14:04:13Z</time>
      </trkpt>
      <trkpt lat="30.617697" lon="104.20919">
        <time>2026-05-17T14:04:14Z</time>
      </trkpt>
      <trkpt lat="30.617702" lon="104.20909">
        <time>2026-05-17T14:04:15Z</time>
      </trkpt>
      <trkpt lat="30.617712" lon="104.20901">
        <time>2026-05-17T14:04:16Z</time>
      </trkpt>
      <trkpt lat="30.617725" lon="104.20893">
        <time>2026-05-17T14:04:17Z</time>
      </trkpt>
      <trkpt lat="30.617733" lon="104.208855">
        <time>2026-05-17T14:04:18Z</time>
      </trkpt>
      <trkpt lat="30.61775" lon="104.208786">
        <time>2026-05-17T14:04:19Z</time>
      </trkpt>
      <trkpt lat="30.617762" lon="104.20871">
        <time>2026-05-17T14:04:20Z</time>
      </trkpt>
      <trkpt lat="30.617773" lon="104.20863">
        <time>2026-05-17T14:04:21Z</time>
      </trkpt>
      <trkpt lat="30.617785" lon="104.20855">
        <time>2026-05-17T14:04:22Z</time>
      </trkpt>
      <trkpt lat="30.617796" lon="104.20847">
        <time>2026-05-17T14:04:23Z</time>
      </trkpt>
      <trkpt lat="30.617796" lon="104.2084">
        <time>2026-05-17T14:04:24Z</time>
      </trkpt>
      <trkpt lat="30.617798" lon="104.20831">
        <time>2026-05-17T14:04:25Z</time>
      </trkpt>
      <trkpt lat="30.617805" lon="104.20824">
        <time>2026-05-17T14:04:26Z</time>
      </trkpt>
      <trkpt lat="30.617813" lon="104.20816">
        <time>2026-05-17T14:04:27Z</time>
      </trkpt>
      <trkpt lat="30.617819" lon="104.2081">
        <time>2026-05-17T14:04:28Z</time>
      </trkpt>
      <trkpt lat="30.617826" lon="104.20802">
        <time>2026-05-17T14:04:29Z</time>
      </trkpt>
      <trkpt lat="30.617834" lon="104.20795">
        <time>2026-05-17T14:04:30Z</time>
      </trkpt>
      <trkpt lat="30.617846" lon="104.20786">
        <time>2026-05-17T14:04:31Z</time>
      </trkpt>
      <trkpt lat="30.617859" lon="104.20779">
        <time>2026-05-17T14:04:32Z</time>
      </trkpt>
      <trkpt lat="30.617872" lon="104.207695">
        <time>2026-05-17T14:04:33Z</time>
      </trkpt>
      <trkpt lat="30.617887" lon="104.20763">
        <time>2026-05-17T14:04:34Z</time>
      </trkpt>
      <trkpt lat="30.617897" lon="104.20755">
        <time>2026-05-17T14:04:35Z</time>
      </trkpt>
      <trkpt lat="30.6179" lon="104.20748">
        <time>2026-05-17T14:04:36Z</time>
      </trkpt>
      <trkpt lat="30.617907" lon="104.20741">
        <time>2026-05-17T14:04:37Z</time>
      </trkpt>
      <trkpt lat="30.617914" lon="104.207344">
        <time>2026-05-17T14:04:38Z</time>
      </trkpt>
      <trkpt lat="30.61792" lon="104.20728">
        <time>2026-05-17T14:04:39Z</time>
      </trkpt>
      <trkpt lat="30.617928" lon="104.207214">
        <time>2026-05-17T14:04:40Z</time>
      </trkpt>
      <trkpt lat="30.617933" lon="104.20714">
        <time>2026-05-17T14:04:41Z</time>
      </trkpt>
      <trkpt lat="30.617943" lon="104.207054">
        <time>2026-05-17T14:04:42Z</time>
      </trkpt>
      <trkpt lat="30.617947" lon="104.206985">
        <time>2026-05-17T14:04:43Z</time>
      </trkpt>
      <trkpt lat="30.61795" lon="104.20691">
        <time>2026-05-17T14:04:44Z</time>
      </trkpt>
      <trkpt lat="30.617958" lon="104.206825">
        <time>2026-05-17T14:04:45Z</time>
      </trkpt>
      <trkpt lat="30.617971" lon="104.20674">
        <time>2026-05-17T14:04:46Z</time>
      </trkpt>
      <trkpt lat="30.617985" lon="104.206665">
        <time>2026-05-17T14:04:47Z</time>
      </trkpt>
      <trkpt lat="30.617996" lon="104.2066">
        <time>2026-05-17T14:04:48Z</time>
      </trkpt>
      <trkpt lat="30.618008" lon="104.20652">
        <time>2026-05-17T14:04:49Z</time>
      </trkpt>
      <trkpt lat="30.61802" lon="104.20645">
        <time>2026-05-17T14:04:50Z</time>
      </trkpt>
      <trkpt lat="30.618034" lon="104.20638">
        <time>2026-05-17T14:04:51Z</time>
      </trkpt>
      <trkpt lat="30.618046" lon="104.20631">
        <time>2026-05-17T14:04:52Z</time>
      </trkpt>
      <trkpt lat="30.618055" lon="104.20623">
        <time>2026-05-17T14:04:53Z</time>
      </trkpt>
      <trkpt lat="30.618061" lon="104.20615">
        <time>2026-05-17T14:04:54Z</time>
      </trkpt>
      <trkpt lat="30.618074" lon="104.20607">
        <time>2026-05-17T14:04:55Z</time>
      </trkpt>
      <trkpt lat="30.61809" lon="104.20599">
        <time>2026-05-17T14:04:56Z</time>
      </trkpt>
      <trkpt lat="30.618107" lon="104.2059">
        <time>2026-05-17T14:04:57Z</time>
      </trkpt>
      <trkpt lat="30.618124" lon="104.20582">
        <time>2026-05-17T14:04:58Z</time>
      </trkpt>
      <trkpt lat="30.618134" lon="104.20573">
        <time>2026-05-17T14:04:59Z</time>
      </trkpt>
      <trkpt lat="30.618141" lon="104.205635">
        <time>2026-05-17T14:05:00Z</time>
      </trkpt>
      <trkpt lat="30.618149" lon="104.20555">
        <time>2026-05-17T14:05:01Z</time>
      </trkpt>
      <trkpt lat="30.618155" lon="104.20547">
        <time>2026-05-17T14:05:02Z</time>
      </trkpt>
      <trkpt lat="30.618162" lon="104.20538">
        <time>2026-05-17T14:05:03Z</time>
      </trkpt>
      <trkpt lat="30.618174" lon="104.205315">
        <time>2026-05-17T14:05:04Z</time>
      </trkpt>
      <trkpt lat="30.618187" lon="104.20524">
        <time>2026-05-17T14:05:05Z</time>
      </trkpt>
      <trkpt lat="30.618198" lon="104.20516">
        <time>2026-05-17T14:05:06Z</time>
      </trkpt>
      <trkpt lat="30.61821" lon="104.20509">
        <time>2026-05-17T14:05:07Z</time>
      </trkpt>
      <trkpt lat="30.618221" lon="104.205025">
        <time>2026-05-17T14:05:08Z</time>
      </trkpt>
      <trkpt lat="30.618235" lon="104.204956">
        <time>2026-05-17T14:05:09Z</time>
      </trkpt>
      <trkpt lat="30.618248" lon="104.20489">
        <time>2026-05-17T14:05:10Z</time>
      </trkpt>
      <trkpt lat="30.618258" lon="104.20482">
        <time>2026-05-17T14:05:11Z</time>
      </trkpt>
      <trkpt lat="30.618265" lon="104.20475">
        <time>2026-05-17T14:05:12Z</time>
      </trkpt>
      <trkpt lat="30.618265" lon="104.20468">
        <time>2026-05-17T14:05:13Z</time>
      </trkpt>
      <trkpt lat="30.61827" lon="104.20461">
        <time>2026-05-17T14:05:14Z</time>
      </trkpt>
      <trkpt lat="30.618277" lon="104.204544">
        <time>2026-05-17T14:05:15Z</time>
      </trkpt>
      <trkpt lat="30.618288" lon="104.204475">
        <time>2026-05-17T14:05:16Z</time>
      </trkpt>
      <trkpt lat="30.618298" lon="104.20441">
        <time>2026-05-17T14:05:17Z</time>
      </trkpt>
      <trkpt lat="30.618305" lon="104.20434">
        <time>2026-05-17T14:05:18Z</time>
      </trkpt>
      <trkpt lat="30.618317" lon="104.20427">
        <time>2026-05-17T14:05:19Z</time>
      </trkpt>
      <trkpt lat="30.618326" lon="104.204216">
        <time>2026-05-17T14:05:20Z</time>
      </trkpt>
      <trkpt lat="30.618334" lon="104.20416">
        <time>2026-05-17T14:05:21Z</time>
      </trkpt>
      <trkpt lat="30.618341" lon="104.204094">
        <time>2026-05-17T14:05:22Z</time>
      </trkpt>
      <trkpt lat="30.61835" lon="104.20403">
        <time>2026-05-17T14:05:23Z</time>
      </trkpt>
      <trkpt lat="30.618353" lon="104.20398">
        <time>2026-05-17T14:05:24Z</time>
      </trkpt>
      <trkpt lat="30.618362" lon="104.203926">
        <time>2026-05-17T14:05:25Z</time>
      </trkpt>
      <trkpt lat="30.618376" lon="104.203865">
        <time>2026-05-17T14:05:26Z</time>
      </trkpt>
      <trkpt lat="30.618479" lon="104.20301">
        <time>2026-05-17T14:05:40Z</time>
      </trkpt>
      <trkpt lat="30.618488" lon="104.20296">
        <time>2026-05-17T14:05:41Z</time>
      </trkpt>
      <trkpt lat="30.618494" lon="104.202934">
        <time>2026-05-17T14:05:42Z</time>
      </trkpt>
      <trkpt lat="30.61849" lon="104.20287">
        <time>2026-05-17T14:05:43Z</time>
      </trkpt>
      <trkpt lat="30.618494" lon="104.20281">
        <time>2026-05-17T14:05:44Z</time>
      </trkpt>
      <trkpt lat="30.618513" lon="104.20277">
        <time>2026-05-17T14:05:45Z</time>
      </trkpt>
      <trkpt lat="30.618528" lon="104.202705">
        <time>2026-05-17T14:05:46Z</time>
      </trkpt>
      <trkpt lat="30.618544" lon="104.20266">
        <time>2026-05-17T14:05:47Z</time>
      </trkpt>
      <trkpt lat="30.618551" lon="104.202614">
        <time>2026-05-17T14:05:48Z</time>
      </trkpt>
      <trkpt lat="30.618563" lon="104.202576">
        <time>2026-05-17T14:05:49Z</time>
      </trkpt>
      <trkpt lat="30.618568" lon="104.20252">
        <time>2026-05-17T14:05:50Z</time>
      </trkpt>
      <trkpt lat="30.618574" lon="104.20247">
        <time>2026-05-17T14:05:51Z</time>
      </trkpt>
      <trkpt lat="30.618584" lon="104.202415">
        <time>2026-05-17T14:05:52Z</time>
      </trkpt>
      <trkpt lat="30.618597" lon="104.20237">
        <time>2026-05-17T14:05:53Z</time>
      </trkpt>
      <trkpt lat="30.618607" lon="104.20232">
        <time>2026-05-17T14:05:54Z</time>
      </trkpt>
      <trkpt lat="30.618614" lon="104.20226">
        <time>2026-05-17T14:05:55Z</time>
      </trkpt>
      <trkpt lat="30.618622" lon="104.2022">
        <time>2026-05-17T14:05:56Z</time>
      </trkpt>
      <trkpt lat="30.618628" lon="104.202156">
        <time>2026-05-17T14:05:57Z</time>
      </trkpt>
      <trkpt lat="30.618628" lon="104.20211">
        <time>2026-05-17T14:05:58Z</time>
      </trkpt>
      <trkpt lat="30.618635" lon="104.20206">
        <time>2026-05-17T14:05:59Z</time>
      </trkpt>
      <trkpt lat="30.618645" lon="104.20201">
        <time>2026-05-17T14:06:00Z</time>
      </trkpt>
      <trkpt lat="30.618654" lon="104.20196">
        <time>2026-05-17T14:06:01Z</time>
      </trkpt>
      <trkpt lat="30.61868" lon="104.20191">
        <time>2026-05-17T14:06:02Z</time>
      </trkpt>
      <trkpt lat="30.618694" lon="104.20187">
        <time>2026-05-17T14:06:03Z</time>
      </trkpt>
      <trkpt lat="30.618702" lon="104.201836">
        <time>2026-05-17T14:06:04Z</time>
      </trkpt>
      <trkpt lat="30.618717" lon="104.20179">
        <time>2026-05-17T14:06:05Z</time>
      </trkpt>
      <trkpt lat="30.618723" lon="104.20175">
        <time>2026-05-17T14:06:06Z</time>
      </trkpt>
      <trkpt lat="30.618727" lon="104.20171">
        <time>2026-05-17T14:06:07Z</time>
      </trkpt>
      <trkpt lat="30.618727" lon="104.20167">
        <time>2026-05-17T14:06:08Z</time>
      </trkpt>
      <trkpt lat="30.618727" lon="104.20163">
        <time>2026-05-17T14:06:09Z</time>
      </trkpt>
      <trkpt lat="30.618732" lon="104.201584">
        <time>2026-05-17T14:06:10Z</time>
      </trkpt>
      <trkpt lat="30.618732" lon="104.20154">
        <time>2026-05-17T14:06:11Z</time>
      </trkpt>
      <trkpt lat="30.618732" lon="104.20151">
        <time>2026-05-17T14:06:12Z</time>
      </trkpt>
      <trkpt lat="30.618732" lon="104.20146">
        <time>2026-05-17T14:06:13Z</time>
      </trkpt>
      <trkpt lat="30.618734" lon="104.201416">
        <time>2026-05-17T14:06:14Z</time>
      </trkpt>
      <trkpt lat="30.61874" lon="104.20136">
        <time>2026-05-17T14:06:15Z</time>
      </trkpt>
      <trkpt lat="30.618748" lon="104.20132">
        <time>2026-05-17T14:06:16Z</time>
      </trkpt>
      <trkpt lat="30.618752" lon="104.20127">
        <time>2026-05-17T14:06:17Z</time>
      </trkpt>
      <trkpt lat="30.61876" lon="104.20123">
        <time>2026-05-17T14:06:18Z</time>
      </trkpt>
      <trkpt lat="30.618773" lon="104.20121">
        <time>2026-05-17T14:06:19Z</time>
      </trkpt>
      <trkpt lat="30.618784" lon="104.20118">
        <time>2026-05-17T14:06:20Z</time>
      </trkpt>
      <trkpt lat="30.618792" lon="104.20115">
        <time>2026-05-17T14:06:21Z</time>
      </trkpt>
      <trkpt lat="30.618803" lon="104.20112">
        <time>2026-05-17T14:06:22Z</time>
      </trkpt>
      <trkpt lat="30.618809" lon="104.20108">
        <time>2026-05-17T14:06:23Z</time>
      </trkpt>
      <trkpt lat="30.618807" lon="104.20105">
        <time>2026-05-17T14:06:24Z</time>
      </trkpt>
      <trkpt lat="30.618809" lon="104.20102">
        <time>2026-05-17T14:06:25Z</time>
      </trkpt>
      <trkpt lat="30.618813" lon="104.20099">
        <time>2026-05-17T14:06:26Z</time>
      </trkpt>
      <trkpt lat="30.618818" lon="104.200966">
        <time>2026-05-17T14:06:27Z</time>
      </trkpt>
      <trkpt lat="30.618822" lon="104.200935">
        <time>2026-05-17T14:06:28Z</time>
      </trkpt>
      <trkpt lat="30.61884" lon="104.200905">
        <time>2026-05-17T14:06:29Z</time>
      </trkpt>
      <trkpt lat="30.618849" lon="104.20088">
        <time>2026-05-17T14:06:30Z</time>
      </trkpt>
      <trkpt lat="30.618862" lon="104.20087">
        <time>2026-05-17T14:06:31Z</time>
      </trkpt>
      <trkpt lat="30.618874" lon="104.20085">
        <time>2026-05-17T14:06:32Z</time>
      </trkpt>
      <trkpt lat="30.618881" lon="104.20083">
        <time>2026-05-17T14:06:33Z</time>
      </trkpt>
      <trkpt lat="30.61889" lon="104.20079">
        <time>2026-05-17T14:06:34Z</time>
      </trkpt>
      <trkpt lat="30.618896" lon="104.20073">
        <time>2026-05-17T14:06:35Z</time>
      </trkpt>
      <trkpt lat="30.618904" lon="104.20069">
        <time>2026-05-17T14:06:36Z</time>
      </trkpt>
      <trkpt lat="30.618912" lon="104.200645">
        <time>2026-05-17T14:06:37Z</time>
      </trkpt>
      <trkpt lat="30.618923" lon="104.20061">
        <time>2026-05-17T14:06:38Z</time>
      </trkpt>
      <trkpt lat="30.618935" lon="104.20058">
        <time>2026-05-17T14:06:39Z</time>
      </trkpt>
      <trkpt lat="30.618944" lon="104.20053">
        <time>2026-05-17T14:06:40Z</time>
      </trkpt>
      <trkpt lat="30.61895" lon="104.2005">
        <time>2026-05-17T14:06:41Z</time>
      </trkpt>
      <trkpt lat="30.618956" lon="104.200455">
        <time>2026-05-17T14:06:42Z</time>
      </trkpt>
      <trkpt lat="30.618969" lon="104.20042">
        <time>2026-05-17T14:06:43Z</time>
      </trkpt>
      <trkpt lat="30.61898" lon="104.20037">
        <time>2026-05-17T14:06:44Z</time>
      </trkpt>
      <trkpt lat="30.61899" lon="104.200325">
        <time>2026-05-17T14:06:45Z</time>
      </trkpt>
      <trkpt lat="30.619" lon="104.20027">
        <time>2026-05-17T14:06:46Z</time>
      </trkpt>
      <trkpt lat="30.619015" lon="104.20022">
        <time>2026-05-17T14:06:47Z</time>
      </trkpt>
      <trkpt lat="30.619024" lon="104.200165">
        <time>2026-05-17T14:06:48Z</time>
      </trkpt>
      <trkpt lat="30.619024" lon="104.20013">
        <time>2026-05-17T14:06:49Z</time>
      </trkpt>
      <trkpt lat="30.619036" lon="104.20009">
        <time>2026-05-17T14:06:50Z</time>
      </trkpt>
      <trkpt lat="30.61905" lon="104.20005">
        <time>2026-05-17T14:06:51Z</time>
      </trkpt>
      <trkpt lat="30.619051" lon="104.2">
        <time>2026-05-17T14:06:52Z</time>
      </trkpt>
      <trkpt lat="30.619055" lon="104.19995">
        <time>2026-05-17T14:06:53Z</time>
      </trkpt>
      <trkpt lat="30.61906" lon="104.199905">
        <time>2026-05-17T14:06:54Z</time>
      </trkpt>
      <trkpt lat="30.619064" lon="104.19986">
        <time>2026-05-17T14:06:55Z</time>
      </trkpt>
      <trkpt lat="30.619074" lon="104.19982">
        <time>2026-05-17T14:06:56Z</time>
      </trkpt>
      <trkpt lat="30.619083" lon="104.19978">
        <time>2026-05-17T14:06:57Z</time>
      </trkpt>
      <trkpt lat="30.619099" lon="104.19974">
        <time>2026-05-17T14:06:58Z</time>
      </trkpt>
      <trkpt lat="30.619116" lon="104.19969">
        <time>2026-05-17T14:06:59Z</time>
      </trkpt>
      <trkpt lat="30.619127" lon="104.19963">
        <time>2026-05-17T14:07:00Z</time>
      </trkpt>
      <trkpt lat="30.619135" lon="104.19958">
        <time>2026-05-17T14:07:01Z</time>
      </trkpt>
      <trkpt lat="30.619139" lon="104.19951">
        <time>2026-05-17T14:07:02Z</time>
      </trkpt>
      <trkpt lat="30.619143" lon="104.19943">
        <time>2026-05-17T14:07:03Z</time>
      </trkpt>
      <trkpt lat="30.619148" lon="104.199356">
        <time>2026-05-17T14:07:04Z</time>
      </trkpt>
      <trkpt lat="30.619158" lon="104.19928">
        <time>2026-05-17T14:07:05Z</time>
      </trkpt>
      <trkpt lat="30.619156" lon="104.199196">
        <time>2026-05-17T14:07:06Z</time>
      </trkpt>
      <trkpt lat="30.619164" lon="104.19911">
        <time>2026-05-17T14:07:07Z</time>
      </trkpt>
      <trkpt lat="30.61918" lon="104.19904">
        <time>2026-05-17T14:07:08Z</time>
      </trkpt>
      <trkpt lat="30.619202" lon="104.19896">
        <time>2026-05-17T14:07:09Z</time>
      </trkpt>
      <trkpt lat="30.619215" lon="104.1989">
        <time>2026-05-17T14:07:10Z</time>
      </trkpt>
      <trkpt lat="30.619226" lon="104.198814">
        <time>2026-05-17T14:07:11Z</time>
      </trkpt>
      <trkpt lat="30.619238" lon="104.198746">
        <time>2026-05-17T14:07:12Z</time>
      </trkpt>
      <trkpt lat="30.619251" lon="104.198685">
        <time>2026-05-17T14:07:13Z</time>
      </trkpt>
      <trkpt lat="30.619267" lon="104.19862">
        <time>2026-05-17T14:07:14Z</time>
      </trkpt>
      <trkpt lat="30.619287" lon="104.19855">
        <time>2026-05-17T14:07:15Z</time>
      </trkpt>
      <trkpt lat="30.6193" lon="104.19849">
        <time>2026-05-17T14:07:16Z</time>
      </trkpt>
      <trkpt lat="30.619316" lon="104.198425">
        <time>2026-05-17T14:07:17Z</time>
      </trkpt>
      <trkpt lat="30.61933" lon="104.19836">
        <time>2026-05-17T14:07:18Z</time>
      </trkpt>
      <trkpt lat="30.619343" lon="104.19829">
        <time>2026-05-17T14:07:19Z</time>
      </trkpt>
      <trkpt lat="30.619356" lon="104.19823">
        <time>2026-05-17T14:07:20Z</time>
      </trkpt>
      <trkpt lat="30.619368" lon="104.19817">
        <time>2026-05-17T14:07:21Z</time>
      </trkpt>
      <trkpt lat="30.61938" lon="104.19811">
        <time>2026-05-17T14:07:22Z</time>
      </trkpt>
      <trkpt lat="30.61939" lon="104.19805">
        <time>2026-05-17T14:07:23Z</time>
      </trkpt>
      <trkpt lat="30.619404" lon="104.19799">
        <time>2026-05-17T14:07:24Z</time>
      </trkpt>
      <trkpt lat="30.619421" lon="104.19793">
        <time>2026-05-17T14:07:25Z</time>
      </trkpt>
      <trkpt lat="30.619432" lon="104.19787">
        <time>2026-05-17T14:07:26Z</time>
      </trkpt>
      <trkpt lat="30.619446" lon="104.19782">
        <time>2026-05-17T14:07:27Z</time>
      </trkpt>
      <trkpt lat="30.61946" lon="104.19778">
        <time>2026-05-17T14:07:28Z</time>
      </trkpt>
      <trkpt lat="30.619473" lon="104.197754">
        <time>2026-05-17T14:07:29Z</time>
      </trkpt>
      <trkpt lat="30.619492" lon="104.19772">
        <time>2026-05-17T14:07:30Z</time>
      </trkpt>
      <trkpt lat="30.619509" lon="104.19769">
        <time>2026-05-17T14:07:31Z</time>
      </trkpt>
      <trkpt lat="30.619526" lon="104.19766">
        <time>2026-05-17T14:07:32Z</time>
      </trkpt>
      <trkpt lat="30.619553" lon="104.19762">
        <time>2026-05-17T14:07:33Z</time>
      </trkpt>
      <trkpt lat="30.619581" lon="104.19757">
        <time>2026-05-17T14:07:34Z</time>
      </trkpt>
      <trkpt lat="30.61961" lon="104.197525">
        <time>2026-05-17T14:07:35Z</time>
      </trkpt>
      <trkpt lat="30.619633" lon="104.19747">
        <time>2026-05-17T14:07:36Z</time>
      </trkpt>
      <trkpt lat="30.619656" lon="104.19742">
        <time>2026-05-17T14:07:37Z</time>
      </trkpt>
      <trkpt lat="30.619677" lon="104.19736">
        <time>2026-05-17T14:07:38Z</time>
      </trkpt>
      <trkpt lat="30.61969" lon="104.1973">
        <time>2026-05-17T14:07:39Z</time>
      </trkpt>
      <trkpt lat="30.619705" lon="104.19725">
        <time>2026-05-17T14:07:40Z</time>
      </trkpt>
      <trkpt lat="30.61972" lon="104.1972">
        <time>2026-05-17T14:07:41Z</time>
      </trkpt>
      <trkpt lat="30.619736" lon="104.197136">
        <time>2026-05-17T14:07:42Z</time>
      </trkpt>
      <trkpt lat="30.619751" lon="104.19709">
        <time>2026-05-17T14:07:43Z</time>
      </trkpt>
      <trkpt lat="30.619766" lon="104.19702">
        <time>2026-05-17T14:07:44Z</time>
      </trkpt>
      <trkpt lat="30.619783" lon="104.19695">
        <time>2026-05-17T14:07:45Z</time>
      </trkpt>
      <trkpt lat="30.619795" lon="104.1969">
        <time>2026-05-17T14:07:46Z</time>
      </trkpt>
      <trkpt lat="30.619808" lon="104.196846">
        <time>2026-05-17T14:07:47Z</time>
      </trkpt>
      <trkpt lat="30.61982" lon="104.196785">
        <time>2026-05-17T14:07:48Z</time>
      </trkpt>
      <trkpt lat="30.61983" lon="104.19673">
        <time>2026-05-17T14:07:49Z</time>
      </trkpt>
      <trkpt lat="30.619839" lon="104.19666">
        <time>2026-05-17T14:07:50Z</time>
      </trkpt>
      <trkpt lat="30.61985" lon="104.196594">
        <time>2026-05-17T14:07:51Z</time>
      </trkpt>
      <trkpt lat="30.619854" lon="104.196526">
        <time>2026-05-17T14:07:52Z</time>
      </trkpt>
      <trkpt lat="30.619856" lon="104.19646">
        <time>2026-05-17T14:07:53Z</time>
      </trkpt>
      <trkpt lat="30.619856" lon="104.19639">
        <time>2026-05-17T14:07:54Z</time>
      </trkpt>
      <trkpt lat="30.61986" lon="104.19632">
        <time>2026-05-17T14:07:55Z</time>
      </trkpt>
      <trkpt lat="30.619864" lon="104.19626">
        <time>2026-05-17T14:07:56Z</time>
      </trkpt>
      <trkpt lat="30.619867" lon="104.196205">
        <time>2026-05-17T14:07:57Z</time>
      </trkpt>
      <trkpt lat="30.619873" lon="104.19615">
        <time>2026-05-17T14:07:58Z</time>
      </trkpt>
      <trkpt lat="30.619877" lon="104.1961">
        <time>2026-05-17T14:07:59Z</time>
      </trkpt>
      <trkpt lat="30.619879" lon="104.196045">
        <time>2026-05-17T14:08:00Z</time>
      </trkpt>
      <trkpt lat="30.619883" lon="104.196">
        <time>2026-05-17T14:08:01Z</time>
      </trkpt>
      <trkpt lat="30.619888" lon="104.195946">
        <time>2026-05-17T14:08:02Z</time>
      </trkpt>
      <trkpt lat="30.619892" lon="104.1959">
        <time>2026-05-17T14:08:03Z</time>
      </trkpt>
      <trkpt lat="30.619902" lon="104.19584">
        <time>2026-05-17T14:08:04Z</time>
      </trkpt>
      <trkpt lat="30.61991" lon="104.195786">
        <time>2026-05-17T14:08:05Z</time>
      </trkpt>
      <trkpt lat="30.619917" lon="104.19573">
        <time>2026-05-17T14:08:06Z</time>
      </trkpt>
      <trkpt lat="30.619928" lon="104.19566">
        <time>2026-05-17T14:08:07Z</time>
      </trkpt>
      <trkpt lat="30.619947" lon="104.19561">
        <time>2026-05-17T14:08:08Z</time>
      </trkpt>
      <trkpt lat="30.619963" lon="104.19555">
        <time>2026-05-17T14:08:09Z</time>
      </trkpt>
      <trkpt lat="30.61998" lon="104.195496">
        <time>2026-05-17T14:08:10Z</time>
      </trkpt>
      <trkpt lat="30.619999" lon="104.19545">
        <time>2026-05-17T14:08:11Z</time>
      </trkpt>
      <trkpt lat="30.620014" lon="104.195404">
        <time>2026-05-17T14:08:12Z</time>
      </trkpt>
      <trkpt lat="30.620033" lon="104.19536">
        <time>2026-05-17T14:08:13Z</time>
      </trkpt>
      <trkpt lat="30.620054" lon="104.19532">
        <time>2026-05-17T14:08:14Z</time>
      </trkpt>
      <trkpt lat="30.62008" lon="104.195274">
        <time>2026-05-17T14:08:15Z</time>
      </trkpt>
      <trkpt lat="30.620108" lon="104.19523">
        <time>2026-05-17T14:08:16Z</time>
      </trkpt>
      <trkpt lat="30.620138" lon="104.195175">
        <time>2026-05-17T14:08:17Z</time>
      </trkpt>
      <trkpt lat="30.620186" lon="104.195076">
        <time>2026-05-17T14:08:19Z</time>
      </trkpt>
      <trkpt lat="30.6202" lon="104.19502">
        <time>2026-05-17T14:08:20Z</time>
      </trkpt>
      <trkpt lat="30.620205" lon="104.19497">
        <time>2026-05-17T14:08:21Z</time>
      </trkpt>
      <trkpt lat="30.620214" lon="104.19491">
        <time>2026-05-17T14:08:22Z</time>
      </trkpt>
      <trkpt lat="30.620647" lon="104.19313">
        <time>2026-05-17T14:08:55Z</time>
      </trkpt>
      <trkpt lat="30.620737" lon="104.1931">
        <time>2026-05-17T14:08:56Z</time>
      </trkpt>
      <trkpt lat="30.620783" lon="104.19305">
        <time>2026-05-17T14:08:57Z</time>
      </trkpt>
      <trkpt lat="30.62081" lon="104.192986">
        <time>2026-05-17T14:08:58Z</time>
      </trkpt>
      <trkpt lat="30.620846" lon="104.19292">
        <time>2026-05-17T14:08:59Z</time>
      </trkpt>
      <trkpt lat="30.620874" lon="104.19285">
        <time>2026-05-17T14:09:00Z</time>
      </trkpt>
      <trkpt lat="30.620893" lon="104.19278">
        <time>2026-05-17T14:09:01Z</time>
      </trkpt>
      <trkpt lat="30.620909" lon="104.19271">
        <time>2026-05-17T14:09:02Z</time>
      </trkpt>
      <trkpt lat="30.620924" lon="104.19264">
        <time>2026-05-17T14:09:03Z</time>
      </trkpt>
      <trkpt lat="30.62094" lon="104.19257">
        <time>2026-05-17T14:09:04Z</time>
      </trkpt>
      <trkpt lat="30.620955" lon="104.192505">
        <time>2026-05-17T14:09:05Z</time>
      </trkpt>
      <trkpt lat="30.620972" lon="104.19244">
        <time>2026-05-17T14:09:06Z</time>
      </trkpt>
      <trkpt lat="30.620985" lon="104.19236">
        <time>2026-05-17T14:09:07Z</time>
      </trkpt>
      <trkpt lat="30.621" lon="104.19228">
        <time>2026-05-17T14:09:08Z</time>
      </trkpt>
      <trkpt lat="30.621016" lon="104.192215">
        <time>2026-05-17T14:09:09Z</time>
      </trkpt>
      <trkpt lat="30.621029" lon="104.19215">
        <time>2026-05-17T14:09:10Z</time>
      </trkpt>
      <trkpt lat="30.621044" lon="104.19208">
        <time>2026-05-17T14:09:11Z</time>
      </trkpt>
      <trkpt lat="30.621061" lon="104.19201">
        <time>2026-05-17T14:09:12Z</time>
      </trkpt>
      <trkpt lat="30.621075" lon="104.19194">
        <time>2026-05-17T14:09:13Z</time>
      </trkpt>
      <trkpt lat="30.621088" lon="104.19187">
        <time>2026-05-17T14:09:14Z</time>
      </trkpt>
      <trkpt lat="30.6211" lon="104.1918">
        <time>2026-05-17T14:09:15Z</time>
      </trkpt>
      <trkpt lat="30.621113" lon="104.19173">
        <time>2026-05-17T14:09:16Z</time>
      </trkpt>
      <trkpt lat="30.62113" lon="104.19166">
        <time>2026-05-17T14:09:17Z</time>
      </trkpt>
      <trkpt lat="30.621145" lon="104.19159">
        <time>2026-05-17T14:09:18Z</time>
      </trkpt>
      <trkpt lat="30.621159" lon="104.19153">
        <time>2026-05-17T14:09:19Z</time>
      </trkpt>
      <trkpt lat="30.621172" lon="104.19146">
        <time>2026-05-17T14:09:20Z</time>
      </trkpt>
      <trkpt lat="30.62119" lon="104.1914">
        <time>2026-05-17T14:09:21Z</time>
      </trkpt>
      <trkpt lat="30.621204" lon="104.19132">
        <time>2026-05-17T14:09:22Z</time>
      </trkpt>
      <trkpt lat="30.62122" lon="104.191246">
        <time>2026-05-17T14:09:23Z</time>
      </trkpt>
      <trkpt lat="30.621231" lon="104.19117">
        <time>2026-05-17T14:09:24Z</time>
      </trkpt>
      <trkpt lat="30.621243" lon="104.1911">
        <time>2026-05-17T14:09:25Z</time>
      </trkpt>
      <trkpt lat="30.621258" lon="104.19103">
        <time>2026-05-17T14:09:26Z</time>
      </trkpt>
      <trkpt lat="30.621271" lon="104.190956">
        <time>2026-05-17T14:09:27Z</time>
      </trkpt>
      <trkpt lat="30.621283" lon="104.19087">
        <time>2026-05-17T14:09:28Z</time>
      </trkpt>
      <trkpt lat="30.621296" lon="104.1908">
        <time>2026-05-17T14:09:29Z</time>
      </trkpt>
      <trkpt lat="30.62131" lon="104.19073">
        <time>2026-05-17T14:09:30Z</time>
      </trkpt>
      <trkpt lat="30.62132" lon="104.19065">
        <time>2026-05-17T14:09:31Z</time>
      </trkpt>
      <trkpt lat="30.621334" lon="104.190575">
        <time>2026-05-17T14:09:32Z</time>
      </trkpt>
      <trkpt lat="30.621347" lon="104.1905">
        <time>2026-05-17T14:09:33Z</time>
      </trkpt>
      <trkpt lat="30.621365" lon="104.19042">
        <time>2026-05-17T14:09:34Z</time>
      </trkpt>
      <trkpt lat="30.62138" lon="104.190346">
        <time>2026-05-17T14:09:35Z</time>
      </trkpt>
      <trkpt lat="30.621399" lon="104.19026">
        <time>2026-05-17T14:09:36Z</time>
      </trkpt>
      <trkpt lat="30.621414" lon="104.190186">
        <time>2026-05-17T14:09:37Z</time>
      </trkpt>
      <trkpt lat="30.621433" lon="104.19011">
        <time>2026-05-17T14:09:38Z</time>
      </trkpt>
      <trkpt lat="30.621452" lon="104.190025">
        <time>2026-05-17T14:09:39Z</time>
      </trkpt>
      <trkpt lat="30.62147" lon="104.18995">
        <time>2026-05-17T14:09:40Z</time>
      </trkpt>
      <trkpt lat="30.621485" lon="104.189865">
        <time>2026-05-17T14:09:41Z</time>
      </trkpt>
      <trkpt lat="30.6215" lon="104.18978">
        <time>2026-05-17T14:09:42Z</time>
      </trkpt>
      <trkpt lat="30.621515" lon="104.1897">
        <time>2026-05-17T14:09:43Z</time>
      </trkpt>
      <trkpt lat="30.621532" lon="104.18961">
        <time>2026-05-17T14:09:44Z</time>
      </trkpt>
      <trkpt lat="30.621553" lon="104.18954">
        <time>2026-05-17T14:09:45Z</time>
      </trkpt>
      <trkpt lat="30.621574" lon="104.18945">
        <time>2026-05-17T14:09:46Z</time>
      </trkpt>
      <trkpt lat="30.621593" lon="104.18938">
        <time>2026-05-17T14:09:47Z</time>
      </trkpt>
      <trkpt lat="30.621613" lon="104.18929">
        <time>2026-05-17T14:09:48Z</time>
      </trkpt>
      <trkpt lat="30.621632" lon="104.18922">
        <time>2026-05-17T14:09:49Z</time>
      </trkpt>
      <trkpt lat="30.621647" lon="104.18913">
        <time>2026-05-17T14:09:50Z</time>
      </trkpt>
      <trkpt lat="30.621664" lon="104.18906">
        <time>2026-05-17T14:09:51Z</time>
      </trkpt>
      <trkpt lat="30.621677" lon="104.18898">
        <time>2026-05-17T14:09:52Z</time>
      </trkpt>
      <trkpt lat="30.621689" lon="104.1889">
        <time>2026-05-17T14:09:53Z</time>
      </trkpt>
      <trkpt lat="30.621706" lon="104.18882">
        <time>2026-05-17T14:09:54Z</time>
      </trkpt>
      <trkpt lat="30.62173" lon="104.188736">
        <time>2026-05-17T14:09:55Z</time>
      </trkpt>
      <trkpt lat="30.621754" lon="104.18865">
        <time>2026-05-17T14:09:56Z</time>
      </trkpt>
      <trkpt lat="30.621775" lon="104.18858">
        <time>2026-05-17T14:09:57Z</time>
      </trkpt>
      <trkpt lat="30.621792" lon="104.18851">
        <time>2026-05-17T14:09:58Z</time>
      </trkpt>
      <trkpt lat="30.621809" lon="104.18843">
        <time>2026-05-17T14:09:59Z</time>
      </trkpt>
      <trkpt lat="30.621824" lon="104.18836">
        <time>2026-05-17T14:10:00Z</time>
      </trkpt>
      <trkpt lat="30.621836" lon="104.18829">
        <time>2026-05-17T14:10:01Z</time>
      </trkpt>
      <trkpt lat="30.62185" lon="104.18821">
        <time>2026-05-17T14:10:02Z</time>
      </trkpt>
      <trkpt lat="30.621864" lon="104.18814">
        <time>2026-05-17T14:10:03Z</time>
      </trkpt>
      <trkpt lat="30.621878" lon="104.188065">
        <time>2026-05-17T14:10:04Z</time>
      </trkpt>
      <trkpt lat="30.621895" lon="104.188">
        <time>2026-05-17T14:10:05Z</time>
      </trkpt>
      <trkpt lat="30.62191" lon="104.18793">
        <time>2026-05-17T14:10:06Z</time>
      </trkpt>
      <trkpt lat="30.621923" lon="104.18785">
        <time>2026-05-17T14:10:07Z</time>
      </trkpt>
      <trkpt lat="30.621937" lon="104.187775">
        <time>2026-05-17T14:10:08Z</time>
      </trkpt>
      <trkpt lat="30.62195" lon="104.18769">
        <time>2026-05-17T14:10:09Z</time>
      </trkpt>
      <trkpt lat="30.621964" lon="104.18762">
        <time>2026-05-17T14:10:10Z</time>
      </trkpt>
      <trkpt lat="30.621977" lon="104.18756">
        <time>2026-05-17T14:10:11Z</time>
      </trkpt>
      <trkpt lat="30.621986" lon="104.187485">
        <time>2026-05-17T14:10:12Z</time>
      </trkpt>
      <trkpt lat="30.621996" lon="104.187416">
        <time>2026-05-17T14:10:13Z</time>
      </trkpt>
      <trkpt lat="30.622007" lon="104.18735">
        <time>2026-05-17T14:10:14Z</time>
      </trkpt>
      <trkpt lat="30.62202" lon="104.18729">
        <time>2026-05-17T14:10:15Z</time>
      </trkpt>
      <trkpt lat="30.622044" lon="104.187225">
        <time>2026-05-17T14:10:16Z</time>
      </trkpt>
      <trkpt lat="30.622059" lon="104.187164">
        <time>2026-05-17T14:10:17Z</time>
      </trkpt>
      <trkpt lat="30.622074" lon="104.187096">
        <time>2026-05-17T14:10:18Z</time>
      </trkpt>
      <trkpt lat="30.622084" lon="104.187035">
        <time>2026-05-17T14:10:19Z</time>
      </trkpt>
      <trkpt lat="30.622091" lon="104.18698">
        <time>2026-05-17T14:10:20Z</time>
      </trkpt>
      <trkpt lat="30.622103" lon="104.18692">
        <time>2026-05-17T14:10:21Z</time>
      </trkpt>
      <trkpt lat="30.622116" lon="104.18687">
        <time>2026-05-17T14:10:22Z</time>
      </trkpt>
      <trkpt lat="30.62213" lon="104.186806">
        <time>2026-05-17T14:10:23Z</time>
      </trkpt>
      <trkpt lat="30.622143" lon="104.186745">
        <time>2026-05-17T14:10:24Z</time>
      </trkpt>
      <trkpt lat="30.622154" lon="104.18668">
        <time>2026-05-17T14:10:25Z</time>
      </trkpt>
      <trkpt lat="30.622168" lon="104.18662">
        <time>2026-05-17T14:10:26Z</time>
      </trkpt>
      <trkpt lat="30.622179" lon="104.186554">
        <time>2026-05-17T14:10:27Z</time>
      </trkpt>
      <trkpt lat="30.622189" lon="104.18649">
        <time>2026-05-17T14:10:28Z</time>
      </trkpt>
      <trkpt lat="30.622198" lon="104.18643">
        <time>2026-05-17T14:10:29Z</time>
      </trkpt>
      <trkpt lat="30.62221" lon="104.18638">
        <time>2026-05-17T14:10:30Z</time>
      </trkpt>
      <trkpt lat="30.62222" lon="104.18632">
        <time>2026-05-17T14:10:31Z</time>
      </trkpt>
      <trkpt lat="30.62223" lon="104.18626">
        <time>2026-05-17T14:10:32Z</time>
      </trkpt>
      <trkpt lat="30.622242" lon="104.1862">
        <time>2026-05-17T14:10:33Z</time>
      </trkpt>
      <trkpt lat="30.622255" lon="104.18614">
        <time>2026-05-17T14:10:34Z</time>
      </trkpt>
      <trkpt lat="30.622265" lon="104.18608">
        <time>2026-05-17T14:10:35Z</time>
      </trkpt>
      <trkpt lat="30.622274" lon="104.18602">
        <time>2026-05-17T14:10:36Z</time>
      </trkpt>
      <trkpt lat="30.622286" lon="104.18597">
        <time>2026-05-17T14:10:37Z</time>
      </trkpt>
      <trkpt lat="30.6223" lon="104.185905">
        <time>2026-05-17T14:10:38Z</time>
      </trkpt>
      <trkpt lat="30.622309" lon="104.18585">
        <time>2026-05-17T14:10:39Z</time>
      </trkpt>
      <trkpt lat="30.622318" lon="104.1858">
        <time>2026-05-17T14:10:40Z</time>
      </trkpt>
      <trkpt lat="30.62233" lon="104.18574">
        <time>2026-05-17T14:10:41Z</time>
      </trkpt>
      <trkpt lat="30.622343" lon="104.185684">
        <time>2026-05-17T14:10:42Z</time>
      </trkpt>
      <trkpt lat="30.622358" lon="104.18562">
        <time>2026-05-17T14:10:43Z</time>
      </trkpt>
      <trkpt lat="30.622368" lon="104.18557">
        <time>2026-05-17T14:10:44Z</time>
      </trkpt>
      <trkpt lat="30.622381" lon="104.18551">
        <time>2026-05-17T14:10:45Z</time>
      </trkpt>
      <trkpt lat="30.622393" lon="104.18545">
        <time>2026-05-17T14:10:46Z</time>
      </trkpt>
      <trkpt lat="30.622404" lon="104.18539">
        <time>2026-05-17T14:10:47Z</time>
      </trkpt>
      <trkpt lat="30.622416" lon="104.185326">
        <time>2026-05-17T14:10:48Z</time>
      </trkpt>
      <trkpt lat="30.622429" lon="104.185265">
        <time>2026-05-17T14:10:49Z</time>
      </trkpt>
      <trkpt lat="30.622442" lon="104.18521">
        <time>2026-05-17T14:10:50Z</time>
      </trkpt>
      <trkpt lat="30.622454" lon="104.18515">
        <time>2026-05-17T14:10:51Z</time>
      </trkpt>
      <trkpt lat="30.622463" lon="104.1851">
        <time>2026-05-17T14:10:52Z</time>
      </trkpt>
      <trkpt lat="30.622473" lon="104.185036">
        <time>2026-05-17T14:10:53Z</time>
      </trkpt>
      <trkpt lat="30.622484" lon="104.18498">
        <time>2026-05-17T14:10:54Z</time>
      </trkpt>
      <trkpt lat="30.622496" lon="104.18493">
        <time>2026-05-17T14:10:55Z</time>
      </trkpt>
      <trkpt lat="30.622509" lon="104.184875">
        <time>2026-05-17T14:10:56Z</time>
      </trkpt>
      <trkpt lat="30.62252" lon="104.18482">
        <time>2026-05-17T14:10:57Z</time>
      </trkpt>
      <trkpt lat="30.622532" lon="104.18477">
        <time>2026-05-17T14:10:58Z</time>
      </trkpt>
      <trkpt lat="30.622541" lon="104.184715">
        <time>2026-05-17T14:10:59Z</time>
      </trkpt>
      <trkpt lat="30.622551" lon="104.18467">
        <time>2026-05-17T14:11:00Z</time>
      </trkpt>
      <trkpt lat="30.62256" lon="104.18462">
        <time>2026-05-17T14:11:01Z</time>
      </trkpt>
      <trkpt lat="30.62257" lon="104.18458">
        <time>2026-05-17T14:11:02Z</time>
      </trkpt>
      <trkpt lat="30.622578" lon="104.184525">
        <time>2026-05-17T14:11:03Z</time>
      </trkpt>
      <trkpt lat="30.62259" lon="104.18448">
        <time>2026-05-17T14:11:04Z</time>
      </trkpt>
      <trkpt lat="30.622599" lon="104.184425">
        <time>2026-05-17T14:11:05Z</time>
      </trkpt>
      <trkpt lat="30.622608" lon="104.18437">
        <time>2026-05-17T14:11:06Z</time>
      </trkpt>
      <trkpt lat="30.622618" lon="104.184326">
        <time>2026-05-17T14:11:07Z</time>
      </trkpt>
      <trkpt lat="30.62263" lon="104.18427">
        <time>2026-05-17T14:11:08Z</time>
      </trkpt>
      <trkpt lat="30.622639" lon="104.18423">
        <time>2026-05-17T14:11:09Z</time>
      </trkpt>
      <trkpt lat="30.62265" lon="104.18417">
        <time>2026-05-17T14:11:10Z</time>
      </trkpt>
      <trkpt lat="30.622658" lon="104.18413">
        <time>2026-05-17T14:11:11Z</time>
      </trkpt>
      <trkpt lat="30.622671" lon="104.184074">
        <time>2026-05-17T14:11:12Z</time>
      </trkpt>
      <trkpt lat="30.622683" lon="104.18403">
        <time>2026-05-17T14:11:13Z</time>
      </trkpt>
      <trkpt lat="30.622696" lon="104.183975">
        <time>2026-05-17T14:11:14Z</time>
      </trkpt>
      <trkpt lat="30.622711" lon="104.18392">
        <time>2026-05-17T14:11:15Z</time>
      </trkpt>
      <trkpt lat="30.622723" lon="104.183876">
        <time>2026-05-17T14:11:16Z</time>
      </trkpt>
      <trkpt lat="30.622732" lon="104.18382">
        <time>2026-05-17T14:11:17Z</time>
      </trkpt>
      <trkpt lat="30.622742" lon="104.18377">
        <time>2026-05-17T14:11:18Z</time>
      </trkpt>
      <trkpt lat="30.622751" lon="104.18372">
        <time>2026-05-17T14:11:19Z</time>
      </trkpt>
      <trkpt lat="30.62276" lon="104.18367">
        <time>2026-05-17T14:11:20Z</time>
      </trkpt>
      <trkpt lat="30.622772" lon="104.183624">
        <time>2026-05-17T14:11:21Z</time>
      </trkpt>
      <trkpt lat="30.622786" lon="104.18357">
        <time>2026-05-17T14:11:22Z</time>
      </trkpt>
      <trkpt lat="30.6228" lon="104.183525">
        <time>2026-05-17T14:11:23Z</time>
      </trkpt>
      <trkpt lat="30.622816" lon="104.18347">
        <time>2026-05-17T14:11:24Z</time>
      </trkpt>
      <trkpt lat="30.622831" lon="104.18341">
        <time>2026-05-17T14:11:25Z</time>
      </trkpt>
      <trkpt lat="30.622843" lon="104.18336">
        <time>2026-05-17T14:11:26Z</time>
      </trkpt>
      <trkpt lat="30.622854" lon="104.1833">
        <time>2026-05-17T14:11:27Z</time>
      </trkpt>
      <trkpt lat="30.622868" lon="104.18325">
        <time>2026-05-17T14:11:28Z</time>
      </trkpt>
      <trkpt lat="30.622887" lon="104.1832">
        <time>2026-05-17T14:11:29Z</time>
      </trkpt>
      <trkpt lat="30.622902" lon="104.18315">
        <time>2026-05-17T14:11:30Z</time>
      </trkpt>
      <trkpt lat="30.622915" lon="104.1831">
        <time>2026-05-17T14:11:31Z</time>
      </trkpt>
      <trkpt lat="30.622929" lon="104.183044">
        <time>2026-05-17T14:11:32Z</time>
      </trkpt>
      <trkpt lat="30.62294" lon="104.18299">
        <time>2026-05-17T14:11:33Z</time>
      </trkpt>
      <trkpt lat="30.622952" lon="104.18294">
        <time>2026-05-17T14:11:34Z</time>
      </trkpt>
      <trkpt lat="30.622965" lon="104.182884">
        <time>2026-05-17T14:11:35Z</time>
      </trkpt>
      <trkpt lat="30.62298" lon="104.18283">
        <time>2026-05-17T14:11:36Z</time>
      </trkpt>
      <trkpt lat="30.622995" lon="104.18278">
        <time>2026-05-17T14:11:37Z</time>
      </trkpt>
      <trkpt lat="30.623013" lon="104.182724">
        <time>2026-05-17T14:11:38Z</time>
      </trkpt>
      <trkpt lat="30.623026" lon="104.18267">
        <time>2026-05-17T14:11:39Z</time>
      </trkpt>
      <trkpt lat="30.62304" lon="104.18262">
        <time>2026-05-17T14:11:40Z</time>
      </trkpt>
      <trkpt lat="30.623055" lon="104.18256">
        <time>2026-05-17T14:11:41Z</time>
      </trkpt>
      <trkpt lat="30.62307" lon="104.18251">
        <time>2026-05-17T14:11:42Z</time>
      </trkpt>
      <trkpt lat="30.623089" lon="104.18245">
        <time>2026-05-17T14:11:43Z</time>
      </trkpt>
      <trkpt lat="30.623104" lon="104.182396">
        <time>2026-05-17T14:11:44Z</time>
      </trkpt>
      <trkpt lat="30.62312" lon="104.182335">
        <time>2026-05-17T14:11:45Z</time>
      </trkpt>
      <trkpt lat="30.623137" lon="104.18228">
        <time>2026-05-17T14:11:46Z</time>
      </trkpt>
      <trkpt lat="30.623152" lon="104.18222">
        <time>2026-05-17T14:11:47Z</time>
      </trkpt>
      <trkpt lat="30.623169" lon="104.18216">
        <time>2026-05-17T14:11:48Z</time>
      </trkpt>
      <trkpt lat="30.623184" lon="104.1821">
        <time>2026-05-17T14:11:49Z</time>
      </trkpt>
      <trkpt lat="30.623203" lon="104.18204">
        <time>2026-05-17T14:11:50Z</time>
      </trkpt>
      <trkpt lat="30.623222" lon="104.18198">
        <time>2026-05-17T14:11:51Z</time>
      </trkpt>
      <trkpt lat="30.62324" lon="104.181915">
        <time>2026-05-17T14:11:52Z</time>
      </trkpt>
      <trkpt lat="30.62326" lon="104.181854">
        <time>2026-05-17T14:11:53Z</time>
      </trkpt>
      <trkpt lat="30.62328" lon="104.18179">
        <time>2026-05-17T14:11:54Z</time>
      </trkpt>
      <trkpt lat="30.623299" lon="104.18173">
        <time>2026-05-17T14:11:55Z</time>
      </trkpt>
      <trkpt lat="30.623318" lon="104.18167">
        <time>2026-05-17T14:11:56Z</time>
      </trkpt>
      <trkpt lat="30.623337" lon="104.18161">
        <time>2026-05-17T14:11:57Z</time>
      </trkpt>
      <trkpt lat="30.623363" lon="104.18155">
        <time>2026-05-17T14:11:58Z</time>
      </trkpt>
      <trkpt lat="30.623392" lon="104.181496">
        <time>2026-05-17T14:11:59Z</time>
      </trkpt>
      <trkpt lat="30.623419" lon="104.18143">
        <time>2026-05-17T14:12:00Z</time>
      </trkpt>
      <trkpt lat="30.623444" lon="104.181366">
        <time>2026-05-17T14:12:01Z</time>
      </trkpt>
      <trkpt lat="30.623468" lon="104.1813">
        <time>2026-05-17T14:12:02Z</time>
      </trkpt>
      <trkpt lat="30.62349" lon="104.18124">
        <time>2026-05-17T14:12:03Z</time>
      </trkpt>
      <trkpt lat="30.623514" lon="104.181175">
        <time>2026-05-17T14:12:04Z</time>
      </trkpt>
      <trkpt lat="30.623539" lon="104.18111">
        <time>2026-05-17T14:12:05Z</time>
      </trkpt>
      <trkpt lat="30.62356" lon="104.18104">
        <time>2026-05-17T14:12:06Z</time>
      </trkpt>
      <trkpt lat="30.62358" lon="104.18097">
        <time>2026-05-17T14:12:07Z</time>
      </trkpt>
      <trkpt lat="30.6236" lon="104.18089">
        <time>2026-05-17T14:12:08Z</time>
      </trkpt>
      <trkpt lat="30.623627" lon="104.180824">
        <time>2026-05-17T14:12:09Z</time>
      </trkpt>
      <trkpt lat="30.623653" lon="104.18075">
        <time>2026-05-17T14:12:10Z</time>
      </trkpt>
      <trkpt lat="30.62368" lon="104.18067">
        <time>2026-05-17T14:12:11Z</time>
      </trkpt>
      <trkpt lat="30.623709" lon="104.180595">
        <time>2026-05-17T14:12:12Z</time>
      </trkpt>
      <trkpt lat="30.623737" lon="104.18052">
        <time>2026-05-17T14:12:13Z</time>
      </trkpt>
      <trkpt lat="30.623764" lon="104.18044">
        <time>2026-05-17T14:12:14Z</time>
      </trkpt>
      <trkpt lat="30.62379" lon="104.18036">
        <time>2026-05-17T14:12:15Z</time>
      </trkpt>
      <trkpt lat="30.623817" lon="104.18028">
        <time>2026-05-17T14:12:16Z</time>
      </trkpt>
      <trkpt lat="30.623844" lon="104.18021">
        <time>2026-05-17T14:12:17Z</time>
      </trkpt>
      <trkpt lat="30.623869" lon="104.18012">
        <time>2026-05-17T14:12:18Z</time>
      </trkpt>
      <trkpt lat="30.623894" lon="104.180046">
        <time>2026-05-17T14:12:19Z</time>
      </trkpt>
      <trkpt lat="30.623919" lon="104.17997">
        <time>2026-05-17T14:12:20Z</time>
      </trkpt>
      <trkpt lat="30.623947" lon="104.179886">
        <time>2026-05-17T14:12:21Z</time>
      </trkpt>
      <trkpt lat="30.623976" lon="104.17981">
        <time>2026-05-17T14:12:22Z</time>
      </trkpt>
      <trkpt lat="30.624004" lon="104.17973">
        <time>2026-05-17T14:12:23Z</time>
      </trkpt>
      <trkpt lat="30.624037" lon="104.17966">
        <time>2026-05-17T14:12:24Z</time>
      </trkpt>
      <trkpt lat="30.624065" lon="104.17957">
        <time>2026-05-17T14:12:25Z</time>
      </trkpt>
      <trkpt lat="30.624096" lon="104.17949">
        <time>2026-05-17T14:12:26Z</time>
      </trkpt>
      <trkpt lat="30.624128" lon="104.179405">
        <time>2026-05-17T14:12:27Z</time>
      </trkpt>
      <trkpt lat="30.624157" lon="104.17931">
        <time>2026-05-17T14:12:28Z</time>
      </trkpt>
      <trkpt lat="30.624187" lon="104.17923">
        <time>2026-05-17T14:12:29Z</time>
      </trkpt>
      <trkpt lat="30.624218" lon="104.179146">
        <time>2026-05-17T14:12:30Z</time>
      </trkpt>
      <trkpt lat="30.624252" lon="104.17906">
        <time>2026-05-17T14:12:31Z</time>
      </trkpt>
      <trkpt lat="30.62428" lon="104.17898">
        <time>2026-05-17T14:12:32Z</time>
      </trkpt>
      <trkpt lat="30.624311" lon="104.178894">
        <time>2026-05-17T14:12:33Z</time>
      </trkpt>
      <trkpt lat="30.624346" lon="104.17881">
        <time>2026-05-17T14:12:34Z</time>
      </trkpt>
      <trkpt lat="30.624372" lon="104.17873">
        <time>2026-05-17T14:12:35Z</time>
      </trkpt>
      <trkpt lat="30.6244" lon="104.178635">
        <time>2026-05-17T14:12:36Z</time>
      </trkpt>
      <trkpt lat="30.624426" lon="104.17855">
        <time>2026-05-17T14:12:37Z</time>
      </trkpt>
      <trkpt lat="30.624454" lon="104.17847">
        <time>2026-05-17T14:12:38Z</time>
      </trkpt>
      <trkpt lat="30.624487" lon="104.17839">
        <time>2026-05-17T14:12:39Z</time>
      </trkpt>
      <trkpt lat="30.624516" lon="104.17831">
        <time>2026-05-17T14:12:40Z</time>
      </trkpt>
      <trkpt lat="30.624544" lon="104.17823">
        <time>2026-05-17T14:12:41Z</time>
      </trkpt>
      <trkpt lat="30.62457" lon="104.178154">
        <time>2026-05-17T14:12:42Z</time>
      </trkpt>
      <trkpt lat="30.624598" lon="104.17808">
        <time>2026-05-17T14:12:43Z</time>
      </trkpt>
      <trkpt lat="30.624624" lon="104.178">
        <time>2026-05-17T14:12:44Z</time>
      </trkpt>
      <trkpt lat="30.624653" lon="104.17793">
        <time>2026-05-17T14:12:45Z</time>
      </trkpt>
      <trkpt lat="30.62468" lon="104.177864">
        <time>2026-05-17T14:12:46Z</time>
      </trkpt>
      <trkpt lat="30.624708" lon="104.177795">
        <time>2026-05-17T14:12:47Z</time>
      </trkpt>
      <trkpt lat="30.624735" lon="104.177734">
        <time>2026-05-17T14:12:48Z</time>
      </trkpt>
      <trkpt lat="30.624767" lon="104.17767">
        <time>2026-05-17T14:12:49Z</time>
      </trkpt>
      <trkpt lat="30.624794" lon="104.177605">
        <time>2026-05-17T14:12:50Z</time>
      </trkpt>
      <trkpt lat="30.624823" lon="104.17755">
        <time>2026-05-17T14:12:51Z</time>
      </trkpt>
      <trkpt lat="30.624847" lon="104.17748">
        <time>2026-05-17T14:12:52Z</time>
      </trkpt>
      <trkpt lat="30.624874" lon="104.17743">
        <time>2026-05-17T14:12:53Z</time>
      </trkpt>
      <trkpt lat="30.6249" lon="104.17737">
        <time>2026-05-17T14:12:54Z</time>
      </trkpt>
      <trkpt lat="30.624928" lon="104.177315">
        <time>2026-05-17T14:12:55Z</time>
      </trkpt>
      <trkpt lat="30.62495" lon="104.17725">
        <time>2026-05-17T14:12:56Z</time>
      </trkpt>
      <trkpt lat="30.624964" lon="104.177185">
        <time>2026-05-17T14:12:57Z</time>
      </trkpt>
      <trkpt lat="30.624983" lon="104.17711">
        <time>2026-05-17T14:12:58Z</time>
      </trkpt>
      <trkpt lat="30.62501" lon="104.17704">
        <time>2026-05-17T14:12:59Z</time>
      </trkpt>
      <trkpt lat="30.625032" lon="104.17697">
        <time>2026-05-17T14:13:00Z</time>
      </trkpt>
      <trkpt lat="30.625053" lon="104.17691">
        <time>2026-05-17T14:13:01Z</time>
      </trkpt>
      <trkpt lat="30.62507" lon="104.17685">
        <time>2026-05-17T14:13:02Z</time>
      </trkpt>
      <trkpt lat="30.625088" lon="104.17678">
        <time>2026-05-17T14:13:03Z</time>
      </trkpt>
      <trkpt lat="30.625107" lon="104.17673">
        <time>2026-05-17T14:13:04Z</time>
      </trkpt>
      <trkpt lat="30.625124" lon="104.176674">
        <time>2026-05-17T14:13:05Z</time>
      </trkpt>
      <trkpt lat="30.625143" lon="104.17662">
        <time>2026-05-17T14:13:06Z</time>
      </trkpt>
      <trkpt lat="30.62516" lon="104.17657">
        <time>2026-05-17T14:13:07Z</time>
      </trkpt>
      <trkpt lat="30.625177" lon="104.17651">
        <time>2026-05-17T14:13:08Z</time>
      </trkpt>
      <trkpt lat="30.625195" lon="104.17646">
        <time>2026-05-17T14:13:09Z</time>
      </trkpt>
      <trkpt lat="30.625216" lon="104.176414">
        <time>2026-05-17T14:13:10Z</time>
      </trkpt>
      <trkpt lat="30.625235" lon="104.17636">
        <time>2026-05-17T14:13:11Z</time>
      </trkpt>
      <trkpt lat="30.625257" lon="104.176315">
        <time>2026-05-17T14:13:12Z</time>
      </trkpt>
      <trkpt lat="30.625275" lon="104.17626">
        <time>2026-05-17T14:13:13Z</time>
      </trkpt>
      <trkpt lat="30.625294" lon="104.176216">
        <time>2026-05-17T14:13:14Z</time>
      </trkpt>
      <trkpt lat="30.62531" lon="104.17616">
        <time>2026-05-17T14:13:15Z</time>
      </trkpt>
      <trkpt lat="30.62533" lon="104.17612">
        <time>2026-05-17T14:13:16Z</time>
      </trkpt>
      <trkpt lat="30.62535" lon="104.17606">
        <time>2026-05-17T14:13:17Z</time>
      </trkpt>
      <trkpt lat="30.625364" lon="104.17602">
        <time>2026-05-17T14:13:18Z</time>
      </trkpt>
      <trkpt lat="30.625381" lon="104.175964">
        <time>2026-05-17T14:13:19Z</time>
      </trkpt>
      <trkpt lat="30.625397" lon="104.17592">
        <time>2026-05-17T14:13:20Z</time>
      </trkpt>
      <trkpt lat="30.625416" lon="104.17587">
        <time>2026-05-17T14:13:21Z</time>
      </trkpt>
      <trkpt lat="30.625433" lon="104.17583">
        <time>2026-05-17T14:13:22Z</time>
      </trkpt>
      <trkpt lat="30.625448" lon="104.17578">
        <time>2026-05-17T14:13:23Z</time>
      </trkpt>
      <trkpt lat="30.625467" lon="104.17573">
        <time>2026-05-17T14:13:24Z</time>
      </trkpt>
      <trkpt lat="30.625484" lon="104.17568">
        <time>2026-05-17T14:13:25Z</time>
      </trkpt>
      <trkpt lat="30.625502" lon="104.17564">
        <time>2026-05-17T14:13:26Z</time>
      </trkpt>
      <trkpt lat="30.625519" lon="104.17559">
        <time>2026-05-17T14:13:27Z</time>
      </trkpt>
      <trkpt lat="30.625534" lon="104.175545">
        <time>2026-05-17T14:13:28Z</time>
      </trkpt>
      <trkpt lat="30.625547" lon="104.1755">
        <time>2026-05-17T14:13:29Z</time>
      </trkpt>
      <trkpt lat="30.625563" lon="104.17545">
        <time>2026-05-17T14:13:30Z</time>
      </trkpt>
      <trkpt lat="30.62558" lon="104.1754">
        <time>2026-05-17T14:13:31Z</time>
      </trkpt>
      <trkpt lat="30.625599" lon="104.17535">
        <time>2026-05-17T14:13:32Z</time>
      </trkpt>
      <trkpt lat="30.625616" lon="104.17531">
        <time>2026-05-17T14:13:33Z</time>
      </trkpt>
      <trkpt lat="30.62564" lon="104.175255">
        <time>2026-05-17T14:13:34Z</time>
      </trkpt>
      <trkpt lat="30.62566" lon="104.1752">
        <time>2026-05-17T14:13:35Z</time>
      </trkpt>
      <trkpt lat="30.625679" lon="104.175156">
        <time>2026-05-17T14:13:36Z</time>
      </trkpt>
      <trkpt lat="30.625694" lon="104.17511">
        <time>2026-05-17T14:13:37Z</time>
      </trkpt>
      <trkpt lat="30.625708" lon="104.17506">
        <time>2026-05-17T14:13:38Z</time>
      </trkpt>
      <trkpt lat="30.625723" lon="104.175">
        <time>2026-05-17T14:13:39Z</time>
      </trkpt>
      <trkpt lat="30.625746" lon="104.17495">
        <time>2026-05-17T14:13:40Z</time>
      </trkpt>
      <trkpt lat="30.625765" lon="104.17489">
        <time>2026-05-17T14:13:41Z</time>
      </trkpt>
      <trkpt lat="30.625786" lon="104.174835">
        <time>2026-05-17T14:13:42Z</time>
      </trkpt>
      <trkpt lat="30.6258" lon="104.17478">
        <time>2026-05-17T14:13:43Z</time>
      </trkpt>
      <trkpt lat="30.62582" lon="104.17472">
        <time>2026-05-17T14:13:44Z</time>
      </trkpt>
      <trkpt lat="30.62584" lon="104.17467">
        <time>2026-05-17T14:13:45Z</time>
      </trkpt>
      <trkpt lat="30.62586" lon="104.17461">
        <time>2026-05-17T14:13:46Z</time>
      </trkpt>
      <trkpt lat="30.62588" lon="104.17456">
        <time>2026-05-17T14:13:47Z</time>
      </trkpt>
      <trkpt lat="30.625904" lon="104.174515">
        <time>2026-05-17T14:13:48Z</time>
      </trkpt>
      <trkpt lat="30.625917" lon="104.17446">
        <time>2026-05-17T14:13:49Z</time>
      </trkpt>
      <trkpt lat="30.625937" lon="104.17441">
        <time>2026-05-17T14:13:50Z</time>
      </trkpt>
      <trkpt lat="30.625957" lon="104.17436">
        <time>2026-05-17T14:13:51Z</time>
      </trkpt>
      <trkpt lat="30.625977" lon="104.17432">
        <time>2026-05-17T14:13:52Z</time>
      </trkpt>
      <trkpt lat="30.625994" lon="104.17427">
        <time>2026-05-17T14:13:53Z</time>
      </trkpt>
      <trkpt lat="30.626013" lon="104.174225">
        <time>2026-05-17T14:13:54Z</time>
      </trkpt>
      <trkpt lat="30.62603" lon="104.17417">
        <time>2026-05-17T14:13:55Z</time>
      </trkpt>
      <trkpt lat="30.626047" lon="104.17412">
        <time>2026-05-17T14:13:56Z</time>
      </trkpt>
      <trkpt lat="30.62607" lon="104.17407">
        <time>2026-05-17T14:13:57Z</time>
      </trkpt>
      <trkpt lat="30.62609" lon="104.17403">
        <time>2026-05-17T14:13:58Z</time>
      </trkpt>
      <trkpt lat="30.626106" lon="104.17398">
        <time>2026-05-17T14:13:59Z</time>
      </trkpt>
      <trkpt lat="30.62612" lon="104.17393">
        <time>2026-05-17T14:14:00Z</time>
      </trkpt>
      <trkpt lat="30.626137" lon="104.17388">
        <time>2026-05-17T14:14:01Z</time>
      </trkpt>
      <trkpt lat="30.626156" lon="104.173836">
        <time>2026-05-17T14:14:02Z</time>
      </trkpt>
      <trkpt lat="30.626173" lon="104.17378">
        <time>2026-05-17T14:14:03Z</time>
      </trkpt>
      <trkpt lat="30.62619" lon="104.17374">
        <time>2026-05-17T14:14:04Z</time>
      </trkpt>
      <trkpt lat="30.626207" lon="104.17368">
        <time>2026-05-17T14:14:05Z</time>
      </trkpt>
      <trkpt lat="30.626223" lon="104.17364">
        <time>2026-05-17T14:14:06Z</time>
      </trkpt>
      <trkpt lat="30.626242" lon="104.17359">
        <time>2026-05-17T14:14:07Z</time>
      </trkpt>
      <trkpt lat="30.626259" lon="104.173546">
        <time>2026-05-17T14:14:08Z</time>
      </trkpt>
      <trkpt lat="30.626278" lon="104.1735">
        <time>2026-05-17T14:14:09Z</time>
      </trkpt>
      <trkpt lat="30.626295" lon="104.173454">
        <time>2026-05-17T14:14:10Z</time>
      </trkpt>
      <trkpt lat="30.62631" lon="104.17341">
        <time>2026-05-17T14:14:11Z</time>
      </trkpt>
      <trkpt lat="30.626326" lon="104.173355">
        <time>2026-05-17T14:14:12Z</time>
      </trkpt>
      <trkpt lat="30.62634" lon="104.17331">
        <time>2026-05-17T14:14:13Z</time>
      </trkpt>
      <trkpt lat="30.626358" lon="104.17326">
        <time>2026-05-17T14:14:14Z</time>
      </trkpt>
      <trkpt lat="30.626377" lon="104.17322">
        <time>2026-05-17T14:14:15Z</time>
      </trkpt>
      <trkpt lat="30.626394" lon="104.17317">
        <time>2026-05-17T14:14:16Z</time>
      </trkpt>
      <trkpt lat="30.626406" lon="104.17313">
        <time>2026-05-17T14:14:17Z</time>
      </trkpt>
      <trkpt lat="30.626423" lon="104.17307">
        <time>2026-05-17T14:14:18Z</time>
      </trkpt>
      <trkpt lat="30.626442" lon="104.17303">
        <time>2026-05-17T14:14:19Z</time>
      </trkpt>
      <trkpt lat="30.626463" lon="104.17298">
        <time>2026-05-17T14:14:20Z</time>
      </trkpt>
      <trkpt lat="30.626484" lon="104.17293">
        <time>2026-05-17T14:14:21Z</time>
      </trkpt>
      <trkpt lat="30.626503" lon="104.17288">
        <time>2026-05-17T14:14:22Z</time>
      </trkpt>
      <trkpt lat="30.62652" lon="104.17284">
        <time>2026-05-17T14:14:23Z</time>
      </trkpt>
      <trkpt lat="30.62654" lon="104.17278">
        <time>2026-05-17T14:14:24Z</time>
      </trkpt>
      <trkpt lat="30.626558" lon="104.17274">
        <time>2026-05-17T14:14:25Z</time>
      </trkpt>
      <trkpt lat="30.62658" lon="104.17268">
        <time>2026-05-17T14:14:26Z</time>
      </trkpt>
      <trkpt lat="30.626598" lon="104.17264">
        <time>2026-05-17T14:14:27Z</time>
      </trkpt>
      <trkpt lat="30.626617" lon="104.172585">
        <time>2026-05-17T14:14:28Z</time>
      </trkpt>
      <trkpt lat="30.626633" lon="104.17252">
        <time>2026-05-17T14:14:29Z</time>
      </trkpt>
      <trkpt lat="30.626654" lon="104.17247">
        <time>2026-05-17T14:14:30Z</time>
      </trkpt>
      <trkpt lat="30.626677" lon="104.17242">
        <time>2026-05-17T14:14:31Z</time>
      </trkpt>
      <trkpt lat="30.6267" lon="104.17236">
        <time>2026-05-17T14:14:32Z</time>
      </trkpt>
      <trkpt lat="30.626724" lon="104.17231">
        <time>2026-05-17T14:14:33Z</time>
      </trkpt>
      <trkpt lat="30.626749" lon="104.17225">
        <time>2026-05-17T14:14:34Z</time>
      </trkpt>
      <trkpt lat="30.62677" lon="104.172195">
        <time>2026-05-17T14:14:35Z</time>
      </trkpt>
      <trkpt lat="30.626793" lon="104.17214">
        <time>2026-05-17T14:14:36Z</time>
      </trkpt>
      <trkpt lat="30.626818" lon="104.17207">
        <time>2026-05-17T14:14:37Z</time>
      </trkpt>
      <trkpt lat="30.626842" lon="104.17202">
        <time>2026-05-17T14:14:38Z</time>
      </trkpt>
      <trkpt lat="30.626865" lon="104.17196">
        <time>2026-05-17T14:14:39Z</time>
      </trkpt>
      <trkpt lat="30.626884" lon="104.1719">
        <time>2026-05-17T14:14:40Z</time>
      </trkpt>
      <trkpt lat="30.62691" lon="104.17184">
        <time>2026-05-17T14:14:41Z</time>
      </trkpt>
      <trkpt lat="30.626934" lon="104.171776">
        <time>2026-05-17T14:14:42Z</time>
      </trkpt>
      <trkpt lat="30.62696" lon="104.171715">
        <time>2026-05-17T14:14:43Z</time>
      </trkpt>
      <trkpt lat="30.626993" lon="104.17165">
        <time>2026-05-17T14:14:44Z</time>
      </trkpt>
      <trkpt lat="30.627022" lon="104.17159">
        <time>2026-05-17T14:14:45Z</time>
      </trkpt>
      <trkpt lat="30.627048" lon="104.17154">
        <time>2026-05-17T14:14:46Z</time>
      </trkpt>
      <trkpt lat="30.627075" lon="104.17148">
        <time>2026-05-17T14:14:47Z</time>
      </trkpt>
      <trkpt lat="30.627106" lon="104.171425">
        <time>2026-05-17T14:14:48Z</time>
      </trkpt>
      <trkpt lat="30.627134" lon="104.17137">
        <time>2026-05-17T14:14:49Z</time>
      </trkpt>
      <trkpt lat="30.627165" lon="104.17132">
        <time>2026-05-17T14:14:50Z</time>
      </trkpt>
      <trkpt lat="30.627193" lon="104.17126">
        <time>2026-05-17T14:14:51Z</time>
      </trkpt>
      <trkpt lat="30.62722" lon="104.1712">
        <time>2026-05-17T14:14:52Z</time>
      </trkpt>
      <trkpt lat="30.627253" lon="104.17115">
        <time>2026-05-17T14:14:53Z</time>
      </trkpt>
      <trkpt lat="30.62728" lon="104.17109">
        <time>2026-05-17T14:14:54Z</time>
      </trkpt>
      <trkpt lat="30.627306" lon="104.17104">
        <time>2026-05-17T14:14:55Z</time>
      </trkpt>
      <trkpt lat="30.627335" lon="104.17099">
        <time>2026-05-17T14:14:56Z</time>
      </trkpt>
      <trkpt lat="30.627367" lon="104.17093">
        <time>2026-05-17T14:14:57Z</time>
      </trkpt>
      <trkpt lat="30.62739" lon="104.170876">
        <time>2026-05-17T14:14:58Z</time>
      </trkpt>
      <trkpt lat="30.627413" lon="104.17083">
        <time>2026-05-17T14:14:59Z</time>
      </trkpt>
      <trkpt lat="30.627436" lon="104.17078">
        <time>2026-05-17T14:15:00Z</time>
      </trkpt>
      <trkpt lat="30.62746" lon="104.17072">
        <time>2026-05-17T14:15:01Z</time>
      </trkpt>
      <trkpt lat="30.627485" lon="104.17067">
        <time>2026-05-17T14:15:02Z</time>
      </trkpt>
      <trkpt lat="30.627512" lon="104.17061">
        <time>2026-05-17T14:15:03Z</time>
      </trkpt>
      <trkpt lat="30.627527" lon="104.17055">
        <time>2026-05-17T14:15:04Z</time>
      </trkpt>
      <trkpt lat="30.627542" lon="104.17049">
        <time>2026-05-17T14:15:05Z</time>
      </trkpt>
      <trkpt lat="30.627558" lon="104.170425">
        <time>2026-05-17T14:15:06Z</time>
      </trkpt>
      <trkpt lat="30.627575" lon="104.170364">
        <time>2026-05-17T14:15:07Z</time>
      </trkpt>
      <trkpt lat="30.627598" lon="104.17031">
        <time>2026-05-17T14:15:08Z</time>
      </trkpt>
      <trkpt lat="30.627625" lon="104.17026">
        <time>2026-05-17T14:15:09Z</time>
      </trkpt>
      <trkpt lat="30.627657" lon="104.1702">
        <time>2026-05-17T14:15:10Z</time>
      </trkpt>
      <trkpt lat="30.627687" lon="104.170135">
        <time>2026-05-17T14:15:11Z</time>
      </trkpt>
      <trkpt lat="30.627718" lon="104.17008">
        <time>2026-05-17T14:15:12Z</time>
      </trkpt>
      <trkpt lat="30.62775" lon="104.17002">
        <time>2026-05-17T14:15:13Z</time>
      </trkpt>
      <trkpt lat="30.627779" lon="104.16996">
        <time>2026-05-17T14:15:14Z</time>
      </trkpt>
      <trkpt lat="30.627806" lon="104.16991">
        <time>2026-05-17T14:15:15Z</time>
      </trkpt>
      <trkpt lat="30.627832" lon="104.16984">
        <time>2026-05-17T14:15:16Z</time>
      </trkpt>
      <trkpt lat="30.627857" lon="104.16978">
        <time>2026-05-17T14:15:17Z</time>
      </trkpt>
      <trkpt lat="30.62788" lon="104.169716">
        <time>2026-05-17T14:15:18Z</time>
      </trkpt>
      <trkpt lat="30.627909" lon="104.169655">
        <time>2026-05-17T14:15:19Z</time>
      </trkpt>
      <trkpt lat="30.627937" lon="104.1696">
        <time>2026-05-17T14:15:20Z</time>
      </trkpt>
      <trkpt lat="30.627966" lon="104.16955">
        <time>2026-05-17T14:15:21Z</time>
      </trkpt>
      <trkpt lat="30.628" lon="104.16949">
        <time>2026-05-17T14:15:22Z</time>
      </trkpt>
      <trkpt lat="30.628033" lon="104.169426">
        <time>2026-05-17T14:15:23Z</time>
      </trkpt>
      <trkpt lat="30.628065" lon="104.169365">
        <time>2026-05-17T14:15:24Z</time>
      </trkpt>
      <trkpt lat="30.628098" lon="104.1693">
        <time>2026-05-17T14:15:25Z</time>
      </trkpt>
      <trkpt lat="30.628124" lon="104.169235">
        <time>2026-05-17T14:15:26Z</time>
      </trkpt>
      <trkpt lat="30.628159" lon="104.169174">
        <time>2026-05-17T14:15:27Z</time>
      </trkpt>
      <trkpt lat="30.62819" lon="104.16911">
        <time>2026-05-17T14:15:28Z</time>
      </trkpt>
      <trkpt lat="30.62822" lon="104.16906">
        <time>2026-05-17T14:15:29Z</time>
      </trkpt>
      <trkpt lat="30.628254" lon="104.16899">
        <time>2026-05-17T14:15:30Z</time>
      </trkpt>
      <trkpt lat="30.628286" lon="104.16893">
        <time>2026-05-17T14:15:31Z</time>
      </trkpt>
      <trkpt lat="30.628319" lon="104.16885">
        <time>2026-05-17T14:15:32Z</time>
      </trkpt>
      <trkpt lat="30.628353" lon="104.168785">
        <time>2026-05-17T14:15:33Z</time>
      </trkpt>
      <trkpt lat="30.628387" lon="104.16872">
        <time>2026-05-17T14:15:34Z</time>
      </trkpt>
      <trkpt lat="30.628418" lon="104.16865">
        <time>2026-05-17T14:15:35Z</time>
      </trkpt>
      <trkpt lat="30.62845" lon="104.16857">
        <time>2026-05-17T14:15:36Z</time>
      </trkpt>
      <trkpt lat="30.62848" lon="104.1685">
        <time>2026-05-17T14:15:37Z</time>
      </trkpt>
      <trkpt lat="30.628517" lon="104.16843">
        <time>2026-05-17T14:15:38Z</time>
      </trkpt>
      <trkpt lat="30.628555" lon="104.16836">
        <time>2026-05-17T14:15:39Z</time>
      </trkpt>
      <trkpt lat="30.628597" lon="104.16828">
        <time>2026-05-17T14:15:40Z</time>
      </trkpt>
      <trkpt lat="30.628641" lon="104.168205">
        <time>2026-05-17T14:15:41Z</time>
      </trkpt>
      <trkpt lat="30.62869" lon="104.16814">
        <time>2026-05-17T14:15:42Z</time>
      </trkpt>
      <trkpt lat="30.628738" lon="104.16807">
        <time>2026-05-17T14:15:43Z</time>
      </trkpt>
      <trkpt lat="30.628782" lon="104.16801">
        <time>2026-05-17T14:15:44Z</time>
      </trkpt>
      <trkpt lat="30.628828" lon="104.16793">
        <time>2026-05-17T14:15:45Z</time>
      </trkpt>
      <trkpt lat="30.62888" lon="104.16786">
        <time>2026-05-17T14:15:46Z</time>
      </trkpt>
      <trkpt lat="30.628937" lon="104.16779">
        <time>2026-05-17T14:15:47Z</time>
      </trkpt>
      <trkpt lat="30.62899" lon="104.167725">
        <time>2026-05-17T14:15:48Z</time>
      </trkpt>
      <trkpt lat="30.629047" lon="104.16765">
        <time>2026-05-17T14:15:49Z</time>
      </trkpt>
      <trkpt lat="30.629105" lon="104.16759">
        <time>2026-05-17T14:15:50Z</time>
      </trkpt>
      <trkpt lat="30.629154" lon="104.167534">
        <time>2026-05-17T14:15:51Z</time>
      </trkpt>
      <trkpt lat="30.62919" lon="104.1675">
        <time>2026-05-17T14:15:52Z</time>
      </trkpt>
      <trkpt lat="30.629223" lon="104.16749">
        <time>2026-05-17T14:15:53Z</time>
      </trkpt>
      <trkpt lat="30.62926" lon="104.16748">
        <time>2026-05-17T14:15:54Z</time>
      </trkpt>
      <trkpt lat="30.62929" lon="104.16749">
        <time>2026-05-17T14:15:55Z</time>
      </trkpt>
      <trkpt lat="30.62931" lon="104.167496">
        <time>2026-05-17T14:15:56Z</time>
      </trkpt>
      <trkpt lat="30.62931" lon="104.167496">
        <time>2026-05-17T14:15:57Z</time>
      </trkpt>
      <trkpt lat="30.62931" lon="104.167496">
        <time>2026-05-17T14:15:58Z</time>
      </trkpt>
      <trkpt lat="30.62931" lon="104.167496">
        <time>2026-05-17T14:15:59Z</time>
      </trkpt>
      <trkpt lat="30.62931" lon="104.167496">
        <time>2026-05-17T14:16:00Z</time>
      </trkpt>
      <trkpt lat="30.62931" lon="104.167496">
        <time>2026-05-17T14:16:01Z</time>
      </trkpt>
      <trkpt lat="30.62931" lon="104.167496">
        <time>2026-05-17T14:16:02Z</time>
      </trkpt>
      <trkpt lat="30.62931" lon="104.167496">
        <time>2026-05-17T14:16:03Z</time>
      </trkpt>
      <trkpt lat="30.62931" lon="104.167496">
        <time>2026-05-17T14:16:04Z</time>
      </trkpt>
      <trkpt lat="30.62931" lon="104.167496">
        <time>2026-05-17T14:16:05Z</time>
      </trkpt>
      <trkpt lat="30.62931" lon="104.167496">
        <time>2026-05-17T14:16:06Z</time>
      </trkpt>
      <trkpt lat="30.62931" lon="104.167496">
        <time>2026-05-17T14:16:07Z</time>
      </trkpt>
      <trkpt lat="30.62931" lon="104.167496">
        <time>2026-05-17T14:16:08Z</time>
      </trkpt>
      <trkpt lat="30.62931" lon="104.167496">
        <time>2026-05-17T14:16:09Z</time>
      </trkpt>
      <trkpt lat="30.62931" lon="104.167496">
        <time>2026-05-17T14:16:10Z</time>
      </trkpt>
      <trkpt lat="30.62931" lon="104.167496">
        <time>2026-05-17T14:16:11Z</time>
      </trkpt>
      <trkpt lat="30.62931" lon="104.167496">
        <time>2026-05-17T14:16:12Z</time>
      </trkpt>
      <trkpt lat="30.62931" lon="104.167496">
        <time>2026-05-17T14:16:13Z</time>
      </trkpt>
      <trkpt lat="30.62931" lon="104.167496">
        <time>2026-05-17T14:16:14Z</time>
      </trkpt>
      <trkpt lat="30.62931" lon="104.167496">
        <time>2026-05-17T14:16:15Z</time>
      </trkpt>
      <trkpt lat="30.62931" lon="104.167496">
        <time>2026-05-17T14:16:16Z</time>
      </trkpt>
      <trkpt lat="30.62931" lon="104.167496">
        <time>2026-05-17T14:16:17Z</time>
      </trkpt>
      <trkpt lat="30.62931" lon="104.167496">
        <time>2026-05-17T14:16:18Z</time>
      </trkpt>
      <trkpt lat="30.62931" lon="104.167496">
        <time>2026-05-17T14:16:19Z</time>
      </trkpt>
      <trkpt lat="30.62931" lon="104.167496">
        <time>2026-05-17T14:16:20Z</time>
      </trkpt>
      <trkpt lat="30.62931" lon="104.167496">
        <time>2026-05-17T14:16:21Z</time>
      </trkpt>
      <trkpt lat="30.62931" lon="104.167496">
        <time>2026-05-17T14:16:22Z</time>
      </trkpt>
      <trkpt lat="30.62931" lon="104.167496">
        <time>2026-05-17T14:16:23Z</time>
      </trkpt>
      <trkpt lat="30.62931" lon="104.167496">
        <time>2026-05-17T14:16:24Z</time>
      </trkpt>
      <trkpt lat="30.62931" lon="104.167496">
        <time>2026-05-17T14:16:25Z</time>
      </trkpt>
      <trkpt lat="30.62931" lon="104.167496">
        <time>2026-05-17T14:16:26Z</time>
      </trkpt>
      <trkpt lat="30.62931" lon="104.167496">
        <time>2026-05-17T14:16:27Z</time>
      </trkpt>
      <trkpt lat="30.62931" lon="104.167496">
        <time>2026-05-17T14:16:28Z</time>
      </trkpt>
      <trkpt lat="30.62931" lon="104.167496">
        <time>2026-05-17T14:16:29Z</time>
      </trkpt>
      <trkpt lat="30.62931" lon="104.167496">
        <time>2026-05-17T14:16:30Z</time>
      </trkpt>
      <trkpt lat="30.62931" lon="104.167496">
        <time>2026-05-17T14:16:31Z</time>
      </trkpt>
      <trkpt lat="30.62931" lon="104.167496">
        <time>2026-05-17T14:16:32Z</time>
      </trkpt>
      <trkpt lat="30.62931" lon="104.167496">
        <time>2026-05-17T14:16:33Z</time>
      </trkpt>
      <trkpt lat="30.62931" lon="104.167496">
        <time>2026-05-17T14:16:34Z</time>
      </trkpt>
      <trkpt lat="30.62931" lon="104.167496">
        <time>2026-05-17T14:16:35Z</time>
      </trkpt>
      <trkpt lat="30.629337" lon="104.16744">
        <time>2026-05-17T14:16:36Z</time>
      </trkpt>
      <trkpt lat="30.629341" lon="104.16741">
        <time>2026-05-17T14:16:37Z</time>
      </trkpt>
      <trkpt lat="30.629341" lon="104.16737">
        <time>2026-05-17T14:16:38Z</time>
      </trkpt>
      <trkpt lat="30.629347" lon="104.16733">
        <time>2026-05-17T14:16:39Z</time>
      </trkpt>
      <trkpt lat="30.629353" lon="104.16729">
        <time>2026-05-17T14:16:40Z</time>
      </trkpt>
      <trkpt lat="30.62936" lon="104.16725">
        <time>2026-05-17T14:16:41Z</time>
      </trkpt>
      <trkpt lat="30.629372" lon="104.167206">
        <time>2026-05-17T14:16:42Z</time>
      </trkpt>
      <trkpt lat="30.62939" lon="104.167145">
        <time>2026-05-17T14:16:43Z</time>
      </trkpt>
      <trkpt lat="30.62941" lon="104.16709">
        <time>2026-05-17T14:16:44Z</time>
      </trkpt>
      <trkpt lat="30.629438" lon="104.16703">
        <time>2026-05-17T14:16:45Z</time>
      </trkpt>
      <trkpt lat="30.62947" lon="104.16698">
        <time>2026-05-17T14:16:46Z</time>
      </trkpt>
      <trkpt lat="30.629503" lon="104.16692">
        <time>2026-05-17T14:16:47Z</time>
      </trkpt>
      <trkpt lat="30.629534" lon="104.16688">
        <time>2026-05-17T14:16:48Z</time>
      </trkpt>
      <trkpt lat="30.629559" lon="104.166824">
        <time>2026-05-17T14:16:49Z</time>
      </trkpt>
      <trkpt lat="30.62958" lon="104.166756">
        <time>2026-05-17T14:16:50Z</time>
      </trkpt>
      <trkpt lat="30.6296" lon="104.166695">
        <time>2026-05-17T14:16:51Z</time>
      </trkpt>
      <trkpt lat="30.62962" lon="104.16664">
        <time>2026-05-17T14:16:52Z</time>
      </trkpt>
      <trkpt lat="30.629642" lon="104.16658">
        <time>2026-05-17T14:16:53Z</time>
      </trkpt>
      <trkpt lat="30.62967" lon="104.16651">
        <time>2026-05-17T14:16:54Z</time>
      </trkpt>
      <trkpt lat="30.629698" lon="104.16644">
        <time>2026-05-17T14:16:55Z</time>
      </trkpt>
      <trkpt lat="30.629719" lon="104.16638">
        <time>2026-05-17T14:16:56Z</time>
      </trkpt>
      <trkpt lat="30.629745" lon="104.166306">
        <time>2026-05-17T14:16:57Z</time>
      </trkpt>
      <trkpt lat="30.629772" lon="104.16623">
        <time>2026-05-17T14:16:58Z</time>
      </trkpt>
      <trkpt lat="30.629793" lon="104.16616">
        <time>2026-05-17T14:16:59Z</time>
      </trkpt>
      <trkpt lat="30.629818" lon="104.166084">
        <time>2026-05-17T14:17:00Z</time>
      </trkpt>
      <trkpt lat="30.629843" lon="104.166016">
        <time>2026-05-17T14:17:01Z</time>
      </trkpt>
      <trkpt lat="30.629866" lon="104.16595">
        <time>2026-05-17T14:17:02Z</time>
      </trkpt>
      <trkpt lat="30.629885" lon="104.165886">
        <time>2026-05-17T14:17:03Z</time>
      </trkpt>
      <trkpt lat="30.62991" lon="104.16582">
        <time>2026-05-17T14:17:04Z</time>
      </trkpt>
      <trkpt lat="30.629934" lon="104.16575">
        <time>2026-05-17T14:17:05Z</time>
      </trkpt>
      <trkpt lat="30.629961" lon="104.16568">
        <time>2026-05-17T14:17:06Z</time>
      </trkpt>
      <trkpt lat="30.629995" lon="104.1656">
        <time>2026-05-17T14:17:07Z</time>
      </trkpt>
      <trkpt lat="30.630026" lon="104.165535">
        <time>2026-05-17T14:17:08Z</time>
      </trkpt>
      <trkpt lat="30.630064" lon="104.16547">
        <time>2026-05-17T14:17:09Z</time>
      </trkpt>
      <trkpt lat="30.6301" lon="104.165405">
        <time>2026-05-17T14:17:10Z</time>
      </trkpt>
      <trkpt lat="30.630133" lon="104.165344">
        <time>2026-05-17T14:17:11Z</time>
      </trkpt>
      <trkpt lat="30.630161" lon="104.16528">
        <time>2026-05-17T14:17:12Z</time>
      </trkpt>
      <trkpt lat="30.630192" lon="104.165215">
        <time>2026-05-17T14:17:13Z</time>
      </trkpt>
      <trkpt lat="30.630219" lon="104.16516">
        <time>2026-05-17T14:17:14Z</time>
      </trkpt>
      <trkpt lat="30.630247" lon="104.165085">
        <time>2026-05-17T14:17:15Z</time>
      </trkpt>
      <trkpt lat="30.630278" lon="104.16502">
        <time>2026-05-17T14:17:16Z</time>
      </trkpt>
      <trkpt lat="30.63031" lon="104.164955">
        <time>2026-05-17T14:17:17Z</time>
      </trkpt>
      <trkpt lat="30.630342" lon="104.16489">
        <time>2026-05-17T14:17:18Z</time>
      </trkpt>
      <trkpt lat="30.63037" lon="104.16482">
        <time>2026-05-17T14:17:19Z</time>
      </trkpt>
      <trkpt lat="30.630398" lon="104.16475">
        <time>2026-05-17T14:17:20Z</time>
      </trkpt>
      <trkpt lat="30.630428" lon="104.16469">
        <time>2026-05-17T14:17:21Z</time>
      </trkpt>
      <trkpt lat="30.63046" lon="104.16462">
        <time>2026-05-17T14:17:22Z</time>
      </trkpt>
      <trkpt lat="30.630491" lon="104.16456">
        <time>2026-05-17T14:17:23Z</time>
      </trkpt>
      <trkpt lat="30.630522" lon="104.16449">
        <time>2026-05-17T14:17:24Z</time>
      </trkpt>
      <trkpt lat="30.630552" lon="104.16443">
        <time>2026-05-17T14:17:25Z</time>
      </trkpt>
      <trkpt lat="30.63058" lon="104.16437">
        <time>2026-05-17T14:17:26Z</time>
      </trkpt>
      <trkpt lat="30.630606" lon="104.1643">
        <time>2026-05-17T14:17:27Z</time>
      </trkpt>
      <trkpt lat="30.63063" lon="104.16424">
        <time>2026-05-17T14:17:28Z</time>
      </trkpt>
      <trkpt lat="30.630657" lon="104.16417">
        <time>2026-05-17T14:17:29Z</time>
      </trkpt>
      <trkpt lat="30.630686" lon="104.16411">
        <time>2026-05-17T14:17:30Z</time>
      </trkpt>
      <trkpt lat="30.630714" lon="104.16404">
        <time>2026-05-17T14:17:31Z</time>
      </trkpt>
      <trkpt lat="30.630745" lon="104.16398">
        <time>2026-05-17T14:17:32Z</time>
      </trkpt>
      <trkpt lat="30.630774" lon="104.16391">
        <time>2026-05-17T14:17:33Z</time>
      </trkpt>
      <trkpt lat="30.630802" lon="104.16384">
        <time>2026-05-17T14:17:34Z</time>
      </trkpt>
      <trkpt lat="30.630827" lon="104.16377">
        <time>2026-05-17T14:17:35Z</time>
      </trkpt>
      <trkpt lat="30.630857" lon="104.163704">
        <time>2026-05-17T14:17:36Z</time>
      </trkpt>
      <trkpt lat="30.630888" lon="104.163635">
        <time>2026-05-17T14:17:37Z</time>
      </trkpt>
      <trkpt lat="30.630919" lon="104.163574">
        <time>2026-05-17T14:17:38Z</time>
      </trkpt>
      <trkpt lat="30.63095" lon="104.163506">
        <time>2026-05-17T14:17:39Z</time>
      </trkpt>
      <trkpt lat="30.630976" lon="104.163445">
        <time>2026-05-17T14:17:40Z</time>
      </trkpt>
      <trkpt lat="30.631004" lon="104.163376">
        <time>2026-05-17T14:17:41Z</time>
      </trkpt>
      <trkpt lat="30.631039" lon="104.163315">
        <time>2026-05-17T14:17:42Z</time>
      </trkpt>
      <trkpt lat="30.63107" lon="104.163246">
        <time>2026-05-17T14:17:43Z</time>
      </trkpt>
      <trkpt lat="30.6311" lon="104.163185">
        <time>2026-05-17T14:17:44Z</time>
      </trkpt>
      <trkpt lat="30.63113" lon="104.16312">
        <time>2026-05-17T14:17:45Z</time>
      </trkpt>
      <trkpt lat="30.631163" lon="104.163055">
        <time>2026-05-17T14:17:46Z</time>
      </trkpt>
      <trkpt lat="30.631197" lon="104.16299">
        <time>2026-05-17T14:17:47Z</time>
      </trkpt>
      <trkpt lat="30.631227" lon="104.16292">
        <time>2026-05-17T14:17:48Z</time>
      </trkpt>
      <trkpt lat="30.631256" lon="104.16286">
        <time>2026-05-17T14:17:49Z</time>
      </trkpt>
      <trkpt lat="30.631287" lon="104.16279">
        <time>2026-05-17T14:17:50Z</time>
      </trkpt>
      <trkpt lat="30.631317" lon="104.16273">
        <time>2026-05-17T14:17:51Z</time>
      </trkpt>
      <trkpt lat="30.631346" lon="104.16266">
        <time>2026-05-17T14:17:52Z</time>
      </trkpt>
      <trkpt lat="30.631374" lon="104.1626">
        <time>2026-05-17T14:17:53Z</time>
      </trkpt>
      <trkpt lat="30.631403" lon="104.16254">
        <time>2026-05-17T14:17:54Z</time>
      </trkpt>
      <trkpt lat="30.631435" lon="104.162476">
        <time>2026-05-17T14:17:55Z</time>
      </trkpt>
      <trkpt lat="30.631466" lon="104.16242">
        <time>2026-05-17T14:17:56Z</time>
      </trkpt>
      <trkpt lat="30.631496" lon="104.16237">
        <time>2026-05-17T14:17:57Z</time>
      </trkpt>
      <trkpt lat="30.631525" lon="104.162315">
        <time>2026-05-17T14:17:58Z</time>
      </trkpt>
      <trkpt lat="30.631556" lon="104.16226">
        <time>2026-05-17T14:17:59Z</time>
      </trkpt>
      <trkpt lat="30.631586" lon="104.1622">
        <time>2026-05-17T14:18:00Z</time>
      </trkpt>
      <trkpt lat="30.631618" lon="104.16214">
        <time>2026-05-17T14:18:01Z</time>
      </trkpt>
      <trkpt lat="30.631653" lon="104.16207">
        <time>2026-05-17T14:18:02Z</time>
      </trkpt>
      <trkpt lat="30.631685" lon="104.16201">
        <time>2026-05-17T14:18:03Z</time>
      </trkpt>
      <trkpt lat="30.63171" lon="104.16194">
        <time>2026-05-17T14:18:04Z</time>
      </trkpt>
      <trkpt lat="30.631744" lon="104.16188">
        <time>2026-05-17T14:18:05Z</time>
      </trkpt>
      <trkpt lat="30.631773" lon="104.16183">
        <time>2026-05-17T14:18:06Z</time>
      </trkpt>
      <trkpt lat="30.631807" lon="104.161766">
        <time>2026-05-17T14:18:07Z</time>
      </trkpt>
      <trkpt lat="30.63183" lon="104.1617">
        <time>2026-05-17T14:18:08Z</time>
      </trkpt>
      <trkpt lat="30.631857" lon="104.16164">
        <time>2026-05-17T14:18:09Z</time>
      </trkpt>
      <trkpt lat="30.631887" lon="104.16158">
        <time>2026-05-17T14:18:10Z</time>
      </trkpt>
      <trkpt lat="30.631922" lon="104.16152">
        <time>2026-05-17T14:18:11Z</time>
      </trkpt>
      <trkpt lat="30.631952" lon="104.16145">
        <time>2026-05-17T14:18:12Z</time>
      </trkpt>
      <trkpt lat="30.63198" lon="104.1614">
        <time>2026-05-17T14:18:13Z</time>
      </trkpt>
      <trkpt lat="30.63201" lon="104.16134">
        <time>2026-05-17T14:18:14Z</time>
      </trkpt>
      <trkpt lat="30.632044" lon="104.16128">
        <time>2026-05-17T14:18:15Z</time>
      </trkpt>
      <trkpt lat="30.632076" lon="104.16122">
        <time>2026-05-17T14:18:16Z</time>
      </trkpt>
      <trkpt lat="30.632113" lon="104.161156">
        <time>2026-05-17T14:18:17Z</time>
      </trkpt>
      <trkpt lat="30.632147" lon="104.161095">
        <time>2026-05-17T14:18:18Z</time>
      </trkpt>
      <trkpt lat="30.63218" lon="104.16103">
        <time>2026-05-17T14:18:19Z</time>
      </trkpt>
      <trkpt lat="30.632214" lon="104.16098">
        <time>2026-05-17T14:18:20Z</time>
      </trkpt>
      <trkpt lat="30.632242" lon="104.16092">
        <time>2026-05-17T14:18:21Z</time>
      </trkpt>
      <trkpt lat="30.632275" lon="104.160866">
        <time>2026-05-17T14:18:22Z</time>
      </trkpt>
      <trkpt lat="30.632303" lon="104.160805">
        <time>2026-05-17T14:18:23Z</time>
      </trkpt>
      <trkpt lat="30.632334" lon="104.16074">
        <time>2026-05-17T14:18:24Z</time>
      </trkpt>
      <trkpt lat="30.63236" lon="104.160675">
        <time>2026-05-17T14:18:25Z</time>
      </trkpt>
      <trkpt lat="30.632387" lon="104.16061">
        <time>2026-05-17T14:18:26Z</time>
      </trkpt>
      <trkpt lat="30.632414" lon="104.160545">
        <time>2026-05-17T14:18:27Z</time>
      </trkpt>
      <trkpt lat="30.63244" lon="104.16048">
        <time>2026-05-17T14:18:28Z</time>
      </trkpt>
      <trkpt lat="30.632471" lon="104.160416">
        <time>2026-05-17T14:18:29Z</time>
      </trkpt>
      <trkpt lat="30.6325" lon="104.160355">
        <time>2026-05-17T14:18:30Z</time>
      </trkpt>
      <trkpt lat="30.632524" lon="104.16029">
        <time>2026-05-17T14:18:31Z</time>
      </trkpt>
      <trkpt lat="30.632551" lon="104.16023">
        <time>2026-05-17T14:18:32Z</time>
      </trkpt>
      <trkpt lat="30.632582" lon="104.16017">
        <time>2026-05-17T14:18:33Z</time>
      </trkpt>
      <trkpt lat="30.632612" lon="104.16011">
        <time>2026-05-17T14:18:34Z</time>
      </trkpt>
      <trkpt lat="30.632639" lon="104.16005">
        <time>2026-05-17T14:18:35Z</time>
      </trkpt>
      <trkpt lat="30.632668" lon="104.159996">
        <time>2026-05-17T14:18:36Z</time>
      </trkpt>
      <trkpt lat="30.632696" lon="104.159935">
        <time>2026-05-17T14:18:37Z</time>
      </trkpt>
      <trkpt lat="30.632723" lon="104.15988">
        <time>2026-05-17T14:18:38Z</time>
      </trkpt>
      <trkpt lat="30.632748" lon="104.15982">
        <time>2026-05-17T14:18:39Z</time>
      </trkpt>
      <trkpt lat="30.632774" lon="104.15977">
        <time>2026-05-17T14:18:40Z</time>
      </trkpt>
      <trkpt lat="30.632803" lon="104.159706">
        <time>2026-05-17T14:18:41Z</time>
      </trkpt>
      <trkpt lat="30.632833" lon="104.15965">
        <time>2026-05-17T14:18:42Z</time>
      </trkpt>
      <trkpt lat="30.632862" lon="104.15959">
        <time>2026-05-17T14:18:43Z</time>
      </trkpt>
      <trkpt lat="30.632887" lon="104.15954">
        <time>2026-05-17T14:18:44Z</time>
      </trkpt>
      <trkpt lat="30.632914" lon="104.15948">
        <time>2026-05-17T14:18:45Z</time>
      </trkpt>
      <trkpt lat="30.632942" lon="104.15942">
        <time>2026-05-17T14:18:46Z</time>
      </trkpt>
      <trkpt lat="30.632965" lon="104.15936">
        <time>2026-05-17T14:18:47Z</time>
      </trkpt>
      <trkpt lat="30.632988" lon="104.1593">
        <time>2026-05-17T14:18:48Z</time>
      </trkpt>
      <trkpt lat="30.633015" lon="104.15925">
        <time>2026-05-17T14:18:49Z</time>
      </trkpt>
      <trkpt lat="30.633041" lon="104.15919">
        <time>2026-05-17T14:18:50Z</time>
      </trkpt>
      <trkpt lat="30.633068" lon="104.159134">
        <time>2026-05-17T14:18:51Z</time>
      </trkpt>
      <trkpt lat="30.633097" lon="104.15907">
        <time>2026-05-17T14:18:52Z</time>
      </trkpt>
      <trkpt lat="30.633123" lon="104.15902">
        <time>2026-05-17T14:18:53Z</time>
      </trkpt>
      <trkpt lat="30.63315" lon="104.15896">
        <time>2026-05-17T14:18:54Z</time>
      </trkpt>
      <trkpt lat="30.633177" lon="104.158905">
        <time>2026-05-17T14:18:55Z</time>
      </trkpt>
      <trkpt lat="30.633202" lon="104.158844">
        <time>2026-05-17T14:18:56Z</time>
      </trkpt>
      <trkpt lat="30.633226" lon="104.15879">
        <time>2026-05-17T14:18:57Z</time>
      </trkpt>
      <trkpt lat="30.633251" lon="104.15873">
        <time>2026-05-17T14:18:58Z</time>
      </trkpt>
      <trkpt lat="30.633278" lon="104.158676">
        <time>2026-05-17T14:18:59Z</time>
      </trkpt>
      <trkpt lat="30.633305" lon="104.15862">
        <time>2026-05-17T14:19:00Z</time>
      </trkpt>
      <trkpt lat="30.63333" lon="104.15857">
        <time>2026-05-17T14:19:01Z</time>
      </trkpt>
      <trkpt lat="30.633354" lon="104.158516">
        <time>2026-05-17T14:19:02Z</time>
      </trkpt>
      <trkpt lat="30.633375" lon="104.15846">
        <time>2026-05-17T14:19:03Z</time>
      </trkpt>
      <trkpt lat="30.633396" lon="104.15841">
        <time>2026-05-17T14:19:04Z</time>
      </trkpt>
      <trkpt lat="30.633419" lon="104.158356">
        <time>2026-05-17T14:19:05Z</time>
      </trkpt>
      <trkpt lat="30.633438" lon="104.1583">
        <time>2026-05-17T14:19:06Z</time>
      </trkpt>
      <trkpt lat="30.633461" lon="104.15825">
        <time>2026-05-17T14:19:07Z</time>
      </trkpt>
      <trkpt lat="30.633482" lon="104.158195">
        <time>2026-05-17T14:19:08Z</time>
      </trkpt>
      <trkpt lat="30.633505" lon="104.15815">
        <time>2026-05-17T14:19:09Z</time>
      </trkpt>
      <trkpt lat="30.633526" lon="104.1581">
        <time>2026-05-17T14:19:10Z</time>
      </trkpt>
      <trkpt lat="30.633549" lon="104.15805">
        <time>2026-05-17T14:19:11Z</time>
      </trkpt>
      <trkpt lat="30.63357" lon="104.158">
        <time>2026-05-17T14:19:12Z</time>
      </trkpt>
      <trkpt lat="30.633589" lon="104.15796">
        <time>2026-05-17T14:19:13Z</time>
      </trkpt>
      <trkpt lat="30.63361" lon="104.15791">
        <time>2026-05-17T14:19:14Z</time>
      </trkpt>
      <trkpt lat="30.63363" lon="104.15786">
        <time>2026-05-17T14:19:15Z</time>
      </trkpt>
      <trkpt lat="30.633656" lon="104.157814">
        <time>2026-05-17T14:19:16Z</time>
      </trkpt>
      <trkpt lat="30.633675" lon="104.15778">
        <time>2026-05-17T14:19:17Z</time>
      </trkpt>
      <trkpt lat="30.633694" lon="104.157745">
        <time>2026-05-17T14:19:18Z</time>
      </trkpt>
      <trkpt lat="30.633718" lon="104.1577">
        <time>2026-05-17T14:19:19Z</time>
      </trkpt>
      <trkpt lat="30.633741" lon="104.15765">
        <time>2026-05-17T14:19:20Z</time>
      </trkpt>
      <trkpt lat="30.633764" lon="104.15761">
        <time>2026-05-17T14:19:21Z</time>
      </trkpt>
      <trkpt lat="30.63379" lon="104.15757">
        <time>2026-05-17T14:19:22Z</time>
      </trkpt>
      <trkpt lat="30.633812" lon="104.157524">
        <time>2026-05-17T14:19:23Z</time>
      </trkpt>
      <trkpt lat="30.633833" lon="104.15748">
        <time>2026-05-17T14:19:24Z</time>
      </trkpt>
      <trkpt lat="30.633856" lon="104.15744">
        <time>2026-05-17T14:19:25Z</time>
      </trkpt>
      <trkpt lat="30.633879" lon="104.1574">
        <time>2026-05-17T14:19:26Z</time>
      </trkpt>
      <trkpt lat="30.633902" lon="104.15737">
        <time>2026-05-17T14:19:27Z</time>
      </trkpt>
      <trkpt lat="30.633924" lon="104.15732">
        <time>2026-05-17T14:19:28Z</time>
      </trkpt>
      <trkpt lat="30.633944" lon="104.15727">
        <time>2026-05-17T14:19:29Z</time>
      </trkpt>
      <trkpt lat="30.63396" lon="104.15723">
        <time>2026-05-17T14:19:30Z</time>
      </trkpt>
      <trkpt lat="30.633978" lon="104.15719">
        <time>2026-05-17T14:19:31Z</time>
      </trkpt>
      <trkpt lat="30.633995" lon="104.15714">
        <time>2026-05-17T14:19:32Z</time>
      </trkpt>
      <trkpt lat="30.63401" lon="104.1571">
        <time>2026-05-17T14:19:33Z</time>
      </trkpt>
      <trkpt lat="30.634027" lon="104.15705">
        <time>2026-05-17T14:19:34Z</time>
      </trkpt>
      <trkpt lat="30.634045" lon="104.157">
        <time>2026-05-17T14:19:35Z</time>
      </trkpt>
      <trkpt lat="30.634066" lon="104.15695">
        <time>2026-05-17T14:19:36Z</time>
      </trkpt>
      <trkpt lat="30.63408" lon="104.1569">
        <time>2026-05-17T14:19:37Z</time>
      </trkpt>
      <trkpt lat="30.634096" lon="104.15684">
        <time>2026-05-17T14:19:38Z</time>
      </trkpt>
      <trkpt lat="30.634113" lon="104.15678">
        <time>2026-05-17T14:19:39Z</time>
      </trkpt>
      <trkpt lat="30.634134" lon="104.15672">
        <time>2026-05-17T14:19:40Z</time>
      </trkpt>
      <trkpt lat="30.634155" lon="104.15666">
        <time>2026-05-17T14:19:41Z</time>
      </trkpt>
      <trkpt lat="30.634174" lon="104.15661">
        <time>2026-05-17T14:19:42Z</time>
      </trkpt>
      <trkpt lat="30.634192" lon="104.15656">
        <time>2026-05-17T14:19:43Z</time>
      </trkpt>
      <trkpt lat="30.634212" lon="104.15651">
        <time>2026-05-17T14:19:44Z</time>
      </trkpt>
      <trkpt lat="30.634237" lon="104.156456">
        <time>2026-05-17T14:19:45Z</time>
      </trkpt>
      <trkpt lat="30.634254" lon="104.15641">
        <time>2026-05-17T14:19:46Z</time>
      </trkpt>
      <trkpt lat="30.634272" lon="104.156364">
        <time>2026-05-17T14:19:47Z</time>
      </trkpt>
      <trkpt lat="30.63429" lon="104.15632">
        <time>2026-05-17T14:19:48Z</time>
      </trkpt>
      <trkpt lat="30.634312" lon="104.15627">
        <time>2026-05-17T14:19:49Z</time>
      </trkpt>
      <trkpt lat="30.63433" lon="104.156235">
        <time>2026-05-17T14:19:50Z</time>
      </trkpt>
      <trkpt lat="30.634348" lon="104.15619">
        <time>2026-05-17T14:19:51Z</time>
      </trkpt>
      <trkpt lat="30.634361" lon="104.15614">
        <time>2026-05-17T14:19:52Z</time>
      </trkpt>
      <trkpt lat="30.634377" lon="104.1561">
        <time>2026-05-17T14:19:53Z</time>
      </trkpt>
      <trkpt lat="30.634392" lon="104.15605">
        <time>2026-05-17T14:19:54Z</time>
      </trkpt>
      <trkpt lat="30.634405" lon="104.156006">
        <time>2026-05-17T14:19:55Z</time>
      </trkpt>
      <trkpt lat="30.634422" lon="104.15597">
        <time>2026-05-17T14:19:56Z</time>
      </trkpt>
      <trkpt lat="30.634438" lon="104.15592">
        <time>2026-05-17T14:19:57Z</time>
      </trkpt>
      <trkpt lat="30.634455" lon="104.155876">
        <time>2026-05-17T14:19:58Z</time>
      </trkpt>
      <trkpt lat="30.634474" lon="104.15584">
        <time>2026-05-17T14:19:59Z</time>
      </trkpt>
      <trkpt lat="30.634497" lon="104.1558">
        <time>2026-05-17T14:20:00Z</time>
      </trkpt>
      <trkpt lat="30.634514" lon="104.155754">
        <time>2026-05-17T14:20:01Z</time>
      </trkpt>
      <trkpt lat="30.63453" lon="104.15571">
        <time>2026-05-17T14:20:02Z</time>
      </trkpt>
      <trkpt lat="30.634546" lon="104.15567">
        <time>2026-05-17T14:20:03Z</time>
      </trkpt>
      <trkpt lat="30.634563" lon="104.15563">
        <time>2026-05-17T14:20:04Z</time>
      </trkpt>
      <trkpt lat="30.63458" lon="104.155594">
        <time>2026-05-17T14:20:05Z</time>
      </trkpt>
      <trkpt lat="30.634596" lon="104.155556">
        <time>2026-05-17T14:20:06Z</time>
      </trkpt>
      <trkpt lat="30.63461" lon="104.15551">
        <time>2026-05-17T14:20:07Z</time>
      </trkpt>
      <trkpt lat="30.634623" lon="104.15547">
        <time>2026-05-17T14:20:08Z</time>
      </trkpt>
      <trkpt lat="30.634636" lon="104.15543">
        <time>2026-05-17T14:20:09Z</time>
      </trkpt>
      <trkpt lat="30.63465" lon="104.155396">
        <time>2026-05-17T14:20:10Z</time>
      </trkpt>
      <trkpt lat="30.634663" lon="104.15536">
        <time>2026-05-17T14:20:11Z</time>
      </trkpt>
      <trkpt lat="30.63468" lon="104.15533">
        <time>2026-05-17T14:20:12Z</time>
      </trkpt>
      <trkpt lat="30.634699" lon="104.15529">
        <time>2026-05-17T14:20:13Z</time>
      </trkpt>
      <trkpt lat="30.634714" lon="104.15525">
        <time>2026-05-17T14:20:14Z</time>
      </trkpt>
      <trkpt lat="30.634727" lon="104.15521">
        <time>2026-05-17T14:20:15Z</time>
      </trkpt>
      <trkpt lat="30.63474" lon="104.15518">
        <time>2026-05-17T14:20:16Z</time>
      </trkpt>
      <trkpt lat="30.634758" lon="104.15514">
        <time>2026-05-17T14:20:17Z</time>
      </trkpt>
      <trkpt lat="30.634773" lon="104.15511">
        <time>2026-05-17T14:20:18Z</time>
      </trkpt>
      <trkpt lat="30.634789" lon="104.155075">
        <time>2026-05-17T14:20:19Z</time>
      </trkpt>
      <trkpt lat="30.634802" lon="104.15505">
        <time>2026-05-17T14:20:20Z</time>
      </trkpt>
      <trkpt lat="30.634817" lon="104.15503">
        <time>2026-05-17T14:20:21Z</time>
      </trkpt>
      <trkpt lat="30.634832" lon="104.155">
        <time>2026-05-17T14:20:22Z</time>
      </trkpt>
      <trkpt lat="30.634848" lon="104.15497">
        <time>2026-05-17T14:20:23Z</time>
      </trkpt>
      <trkpt lat="30.634867" lon="104.15494">
        <time>2026-05-17T14:20:24Z</time>
      </trkpt>
      <trkpt lat="30.63489" lon="104.1549">
        <time>2026-05-17T14:20:25Z</time>
      </trkpt>
      <trkpt lat="30.63491" lon="104.15487">
        <time>2026-05-17T14:20:26Z</time>
      </trkpt>
      <trkpt lat="30.634924" lon="104.15483">
        <time>2026-05-17T14:20:27Z</time>
      </trkpt>
      <trkpt lat="30.634937" lon="104.1548">
        <time>2026-05-17T14:20:28Z</time>
      </trkpt>
      <trkpt lat="30.63495" lon="104.15477">
        <time>2026-05-17T14:20:29Z</time>
      </trkpt>
      <trkpt lat="30.634962" lon="104.15474">
        <time>2026-05-17T14:20:30Z</time>
      </trkpt>
      <trkpt lat="30.634964" lon="104.1547">
        <time>2026-05-17T14:20:31Z</time>
      </trkpt>
      <trkpt lat="30.634966" lon="104.15466">
        <time>2026-05-17T14:20:32Z</time>
      </trkpt>
      <trkpt lat="30.634972" lon="104.15463">
        <time>2026-05-17T14:20:33Z</time>
      </trkpt>
      <trkpt lat="30.634987" lon="104.1546">
        <time>2026-05-17T14:20:34Z</time>
      </trkpt>
      <trkpt lat="30.635004" lon="104.154564">
        <time>2026-05-17T14:20:35Z</time>
      </trkpt>
      <trkpt lat="30.635023" lon="104.154526">
        <time>2026-05-17T14:20:36Z</time>
      </trkpt>
      <trkpt lat="30.635044" lon="104.154495">
        <time>2026-05-17T14:20:37Z</time>
      </trkpt>
      <trkpt lat="30.635057" lon="104.154465">
        <time>2026-05-17T14:20:38Z</time>
      </trkpt>
      <trkpt lat="30.63507" lon="104.15444">
        <time>2026-05-17T14:20:39Z</time>
      </trkpt>
      <trkpt lat="30.635084" lon="104.1544">
        <time>2026-05-17T14:20:40Z</time>
      </trkpt>
      <trkpt lat="30.635098" lon="104.154366">
        <time>2026-05-17T14:20:41Z</time>
      </trkpt>
      <trkpt lat="30.63511" lon="104.154335">
        <time>2026-05-17T14:20:42Z</time>
      </trkpt>
      <trkpt lat="30.635124" lon="104.154305">
        <time>2026-05-17T14:20:43Z</time>
      </trkpt>
      <trkpt lat="30.635138" lon="104.15427">
        <time>2026-05-17T14:20:44Z</time>
      </trkpt>
      <trkpt lat="30.635153" lon="104.15423">
        <time>2026-05-17T14:20:45Z</time>
      </trkpt>
      <trkpt lat="30.635168" lon="104.154175">
        <time>2026-05-17T14:20:46Z</time>
      </trkpt>
      <trkpt lat="30.635185" lon="104.15413">
        <time>2026-05-17T14:20:47Z</time>
      </trkpt>
      <trkpt lat="30.635202" lon="104.15408">
        <time>2026-05-17T14:20:48Z</time>
      </trkpt>
      <trkpt lat="30.635216" lon="104.15403">
        <time>2026-05-17T14:20:49Z</time>
      </trkpt>
      <trkpt lat="30.63523" lon="104.15398">
        <time>2026-05-17T14:20:50Z</time>
      </trkpt>
      <trkpt lat="30.635244" lon="104.15393">
        <time>2026-05-17T14:20:51Z</time>
      </trkpt>
      <trkpt lat="30.635267" lon="104.153885">
        <time>2026-05-17T14:20:52Z</time>
      </trkpt>
      <trkpt lat="30.635283" lon="104.15383">
        <time>2026-05-17T14:20:53Z</time>
      </trkpt>
      <trkpt lat="30.635302" lon="104.15378">
        <time>2026-05-17T14:20:54Z</time>
      </trkpt>
      <trkpt lat="30.63532" lon="104.153725">
        <time>2026-05-17T14:20:55Z</time>
      </trkpt>
      <trkpt lat="30.635342" lon="104.15367">
        <time>2026-05-17T14:20:56Z</time>
      </trkpt>
      <trkpt lat="30.63536" lon="104.15361">
        <time>2026-05-17T14:20:57Z</time>
      </trkpt>
      <trkpt lat="30.635384" lon="104.15356">
        <time>2026-05-17T14:20:58Z</time>
      </trkpt>
      <trkpt lat="30.635403" lon="104.1535">
        <time>2026-05-17T14:20:59Z</time>
      </trkpt>
      <trkpt lat="30.635424" lon="104.15345">
        <time>2026-05-17T14:21:00Z</time>
      </trkpt>
      <trkpt lat="30.635447" lon="104.15339">
        <time>2026-05-17T14:21:01Z</time>
      </trkpt>
      <trkpt lat="30.635473" lon="104.153336">
        <time>2026-05-17T14:21:02Z</time>
      </trkpt>
      <trkpt lat="30.635496" lon="104.153275">
        <time>2026-05-17T14:21:03Z</time>
      </trkpt>
      <trkpt lat="30.63552" lon="104.15321">
        <time>2026-05-17T14:21:04Z</time>
      </trkpt>
      <trkpt lat="30.635546" lon="104.15315">
        <time>2026-05-17T14:21:05Z</time>
      </trkpt>
      <trkpt lat="30.635576" lon="104.15309">
        <time>2026-05-17T14:21:06Z</time>
      </trkpt>
      <trkpt lat="30.635607" lon="104.15302">
        <time>2026-05-17T14:21:07Z</time>
      </trkpt>
      <trkpt lat="30.635635" lon="104.15296">
        <time>2026-05-17T14:21:08Z</time>
      </trkpt>
      <trkpt lat="30.63566" lon="104.15289">
        <time>2026-05-17T14:21:09Z</time>
      </trkpt>
      <trkpt lat="30.635687" lon="104.152824">
        <time>2026-05-17T14:21:10Z</time>
      </trkpt>
      <trkpt lat="30.635712" lon="104.152756">
        <time>2026-05-17T14:21:11Z</time>
      </trkpt>
      <trkpt lat="30.635738" lon="104.15269">
        <time>2026-05-17T14:21:12Z</time>
      </trkpt>
      <trkpt lat="30.635769" lon="104.15261">
        <time>2026-05-17T14:21:13Z</time>
      </trkpt>
      <trkpt lat="30.635792" lon="104.15253">
        <time>2026-05-17T14:21:14Z</time>
      </trkpt>
      <trkpt lat="30.63582" lon="104.15246">
        <time>2026-05-17T14:21:15Z</time>
      </trkpt>
      <trkpt lat="30.635849" lon="104.15239">
        <time>2026-05-17T14:21:16Z</time>
      </trkpt>
      <trkpt lat="30.635878" lon="104.152306">
        <time>2026-05-17T14:21:17Z</time>
      </trkpt>
      <trkpt lat="30.635914" lon="104.15222">
        <time>2026-05-17T14:21:18Z</time>
      </trkpt>
      <trkpt lat="30.635944" lon="104.152145">
        <time>2026-05-17T14:21:19Z</time>
      </trkpt>
      <trkpt lat="30.63598" lon="104.15206">
        <time>2026-05-17T14:21:20Z</time>
      </trkpt>
      <trkpt lat="30.636015" lon="104.15197">
        <time>2026-05-17T14:21:21Z</time>
      </trkpt>
      <trkpt lat="30.636053" lon="104.15189">
        <time>2026-05-17T14:21:22Z</time>
      </trkpt>
      <trkpt lat="30.636093" lon="104.15181">
        <time>2026-05-17T14:21:23Z</time>
      </trkpt>
      <trkpt lat="30.636131" lon="104.151726">
        <time>2026-05-17T14:21:24Z</time>
      </trkpt>
      <trkpt lat="30.636173" lon="104.15164">
        <time>2026-05-17T14:21:25Z</time>
      </trkpt>
      <trkpt lat="30.636215" lon="104.15155">
        <time>2026-05-17T14:21:26Z</time>
      </trkpt>
      <trkpt lat="30.636265" lon="104.15147">
        <time>2026-05-17T14:21:27Z</time>
      </trkpt>
      <trkpt lat="30.636314" lon="104.15139">
        <time>2026-05-17T14:21:28Z</time>
      </trkpt>
      <trkpt lat="30.636364" lon="104.151306">
        <time>2026-05-17T14:21:29Z</time>
      </trkpt>
      <trkpt lat="30.636412" lon="104.15122">
        <time>2026-05-17T14:21:30Z</time>
      </trkpt>
      <trkpt lat="30.636457" lon="104.15114">
        <time>2026-05-17T14:21:31Z</time>
      </trkpt>
      <trkpt lat="30.636497" lon="104.15106">
        <time>2026-05-17T14:21:32Z</time>
      </trkpt>
      <trkpt lat="30.636538" lon="104.15098">
        <time>2026-05-17T14:21:33Z</time>
      </trkpt>
      <trkpt lat="30.636576" lon="104.150894">
        <time>2026-05-17T14:21:34Z</time>
      </trkpt>
      <trkpt lat="30.636606" lon="104.15081">
        <time>2026-05-17T14:21:35Z</time>
      </trkpt>
      <trkpt lat="30.636637" lon="104.15073">
        <time>2026-05-17T14:21:36Z</time>
      </trkpt>
      <trkpt lat="30.636665" lon="104.15065">
        <time>2026-05-17T14:21:37Z</time>
      </trkpt>
      <trkpt lat="30.636696" lon="104.15058">
        <time>2026-05-17T14:21:38Z</time>
      </trkpt>
      <trkpt lat="30.636723" lon="104.150505">
        <time>2026-05-17T14:21:39Z</time>
      </trkpt>
      <trkpt lat="30.63675" lon="104.150444">
        <time>2026-05-17T14:21:40Z</time>
      </trkpt>
      <trkpt lat="30.63677" lon="104.15038">
        <time>2026-05-17T14:21:41Z</time>
      </trkpt>
      <trkpt lat="30.636787" lon="104.15033">
        <time>2026-05-17T14:21:42Z</time>
      </trkpt>
      <trkpt lat="30.636808" lon="104.15028">
        <time>2026-05-17T14:21:43Z</time>
      </trkpt>
      <trkpt lat="30.63682" lon="104.15025">
        <time>2026-05-17T14:21:44Z</time>
      </trkpt>
      <trkpt lat="30.636835" lon="104.150215">
        <time>2026-05-17T14:21:45Z</time>
      </trkpt>
      <trkpt lat="30.63684" lon="104.150185">
        <time>2026-05-17T14:21:46Z</time>
      </trkpt>
      <trkpt lat="30.636845" lon="104.150185">
        <time>2026-05-17T14:21:47Z</time>
      </trkpt>
      <trkpt lat="30.636845" lon="104.150185">
        <time>2026-05-17T14:21:48Z</time>
      </trkpt>
      <trkpt lat="30.636845" lon="104.150185">
        <time>2026-05-17T14:21:49Z</time>
      </trkpt>
      <trkpt lat="30.636845" lon="104.150185">
        <time>2026-05-17T14:21:50Z</time>
      </trkpt>
      <trkpt lat="30.636845" lon="104.150185">
        <time>2026-05-17T14:21:51Z</time>
      </trkpt>
      <trkpt lat="30.636845" lon="104.150185">
        <time>2026-05-17T14:21:52Z</time>
      </trkpt>
      <trkpt lat="30.636845" lon="104.150185">
        <time>2026-05-17T14:21:53Z</time>
      </trkpt>
      <trkpt lat="30.636845" lon="104.150185">
        <time>2026-05-17T14:21:54Z</time>
      </trkpt>
      <trkpt lat="30.636845" lon="104.150185">
        <time>2026-05-17T14:21:55Z</time>
      </trkpt>
      <trkpt lat="30.636845" lon="104.150185">
        <time>2026-05-17T14:21:56Z</time>
      </trkpt>
      <trkpt lat="30.636845" lon="104.150185">
        <time>2026-05-17T14:21:57Z</time>
      </trkpt>
      <trkpt lat="30.636845" lon="104.150185">
        <time>2026-05-17T14:21:58Z</time>
      </trkpt>
      <trkpt lat="30.636845" lon="104.150185">
        <time>2026-05-17T14:21:59Z</time>
      </trkpt>
      <trkpt lat="30.636845" lon="104.150185">
        <time>2026-05-17T14:22:00Z</time>
      </trkpt>
      <trkpt lat="30.636845" lon="104.150185">
        <time>2026-05-17T14:22:01Z</time>
      </trkpt>
      <trkpt lat="30.636845" lon="104.150185">
        <time>2026-05-17T14:22:02Z</time>
      </trkpt>
      <trkpt lat="30.636845" lon="104.150185">
        <time>2026-05-17T14:22:03Z</time>
      </trkpt>
      <trkpt lat="30.636845" lon="104.150185">
        <time>2026-05-17T14:22:04Z</time>
      </trkpt>
      <trkpt lat="30.636845" lon="104.150185">
        <time>2026-05-17T14:22:05Z</time>
      </trkpt>
      <trkpt lat="30.636845" lon="104.150185">
        <time>2026-05-17T14:22:06Z</time>
      </trkpt>
      <trkpt lat="30.636845" lon="104.150185">
        <time>2026-05-17T14:22:07Z</time>
      </trkpt>
      <trkpt lat="30.636845" lon="104.150185">
        <time>2026-05-17T14:22:08Z</time>
      </trkpt>
      <trkpt lat="30.636845" lon="104.150185">
        <time>2026-05-17T14:22:09Z</time>
      </trkpt>
      <trkpt lat="30.636845" lon="104.150185">
        <time>2026-05-17T14:22:10Z</time>
      </trkpt>
      <trkpt lat="30.636845" lon="104.150185">
        <time>2026-05-17T14:22:11Z</time>
      </trkpt>
      <trkpt lat="30.636845" lon="104.150185">
        <time>2026-05-17T14:22:12Z</time>
      </trkpt>
      <trkpt lat="30.636845" lon="104.150185">
        <time>2026-05-17T14:22:13Z</time>
      </trkpt>
      <trkpt lat="30.636845" lon="104.150185">
        <time>2026-05-17T14:22:14Z</time>
      </trkpt>
      <trkpt lat="30.636845" lon="104.150185">
        <time>2026-05-17T14:22:15Z</time>
      </trkpt>
      <trkpt lat="30.636845" lon="104.150185">
        <time>2026-05-17T14:22:16Z</time>
      </trkpt>
      <trkpt lat="30.636845" lon="104.150185">
        <time>2026-05-17T14:22:17Z</time>
      </trkpt>
      <trkpt lat="30.636845" lon="104.150185">
        <time>2026-05-17T14:22:18Z</time>
      </trkpt>
      <trkpt lat="30.636845" lon="104.150185">
        <time>2026-05-17T14:22:19Z</time>
      </trkpt>
      <trkpt lat="30.636845" lon="104.150185">
        <time>2026-05-17T14:22:20Z</time>
      </trkpt>
      <trkpt lat="30.636845" lon="104.150185">
        <time>2026-05-17T14:22:21Z</time>
      </trkpt>
      <trkpt lat="30.636845" lon="104.150185">
        <time>2026-05-17T14:22:22Z</time>
      </trkpt>
      <trkpt lat="30.636845" lon="104.15016">
        <time>2026-05-17T14:22:23Z</time>
      </trkpt>
      <trkpt lat="30.636852" lon="104.15015">
        <time>2026-05-17T14:22:24Z</time>
      </trkpt>
      <trkpt lat="30.636858" lon="104.15013">
        <time>2026-05-17T14:22:25Z</time>
      </trkpt>
      <trkpt lat="30.636868" lon="104.150116">
        <time>2026-05-17T14:22:26Z</time>
      </trkpt>
      <trkpt lat="30.636879" lon="104.15009">
        <time>2026-05-17T14:22:27Z</time>
      </trkpt>
      <trkpt lat="30.636894" lon="104.150055">
        <time>2026-05-17T14:22:28Z</time>
      </trkpt>
      <trkpt lat="30.636908" lon="104.150024">
        <time>2026-05-17T14:22:29Z</time>
      </trkpt>
      <trkpt lat="30.636923" lon="104.14999">
        <time>2026-05-17T14:22:30Z</time>
      </trkpt>
      <trkpt lat="30.636934" lon="104.149956">
        <time>2026-05-17T14:22:31Z</time>
      </trkpt>
      <trkpt lat="30.636946" lon="104.149925">
        <time>2026-05-17T14:22:32Z</time>
      </trkpt>
      <trkpt lat="30.636953" lon="104.14989">
        <time>2026-05-17T14:22:33Z</time>
      </trkpt>
      <trkpt lat="30.636963" lon="104.14986">
        <time>2026-05-17T14:22:34Z</time>
      </trkpt>
      <trkpt lat="30.636978" lon="104.14981">
        <time>2026-05-17T14:22:35Z</time>
      </trkpt>
      <trkpt lat="30.637" lon="104.14976">
        <time>2026-05-17T14:22:36Z</time>
      </trkpt>
      <trkpt lat="30.637024" lon="104.149704">
        <time>2026-05-17T14:22:37Z</time>
      </trkpt>
      <trkpt lat="30.637047" lon="104.14966">
        <time>2026-05-17T14:22:38Z</time>
      </trkpt>
      <trkpt lat="30.637062" lon="104.14961">
        <time>2026-05-17T14:22:39Z</time>
      </trkpt>
      <trkpt lat="30.63708" lon="104.14956">
        <time>2026-05-17T14:22:40Z</time>
      </trkpt>
      <trkpt lat="30.637104" lon="104.149506">
        <time>2026-05-17T14:22:41Z</time>
      </trkpt>
      <trkpt lat="30.637121" lon="104.14946">
        <time>2026-05-17T14:22:42Z</time>
      </trkpt>
      <trkpt lat="30.637144" lon="104.149414">
        <time>2026-05-17T14:22:43Z</time>
      </trkpt>
      <trkpt lat="30.637167" lon="104.14937">
        <time>2026-05-17T14:22:44Z</time>
      </trkpt>
      <trkpt lat="30.637192" lon="104.14932">
        <time>2026-05-17T14:22:45Z</time>
      </trkpt>
      <trkpt lat="30.637228" lon="104.149284">
        <time>2026-05-17T14:22:46Z</time>
      </trkpt>
      <trkpt lat="30.637262" lon="104.14924">
        <time>2026-05-17T14:22:47Z</time>
      </trkpt>
      <trkpt lat="30.637291" lon="104.1492">
        <time>2026-05-17T14:22:48Z</time>
      </trkpt>
      <trkpt lat="30.63732" lon="104.14917">
        <time>2026-05-17T14:22:49Z</time>
      </trkpt>
      <trkpt lat="30.637358" lon="104.14913">
        <time>2026-05-17T14:22:50Z</time>
      </trkpt>
      <trkpt lat="30.637392" lon="104.14909">
        <time>2026-05-17T14:22:51Z</time>
      </trkpt>
      <trkpt lat="30.637436" lon="104.14904">
        <time>2026-05-17T14:22:52Z</time>
      </trkpt>
      <trkpt lat="30.637476" lon="104.149">
        <time>2026-05-17T14:22:53Z</time>
      </trkpt>
      <trkpt lat="30.637522" lon="104.14896">
        <time>2026-05-17T14:22:54Z</time>
      </trkpt>
      <trkpt lat="30.637566" lon="104.14892">
        <time>2026-05-17T14:22:55Z</time>
      </trkpt>
      <trkpt lat="30.637608" lon="104.14889">
        <time>2026-05-17T14:22:56Z</time>
      </trkpt>
      <trkpt lat="30.637646" lon="104.14886">
        <time>2026-05-17T14:22:57Z</time>
      </trkpt>
      <trkpt lat="30.637691" lon="104.14882">
        <time>2026-05-17T14:22:58Z</time>
      </trkpt>
      <trkpt lat="30.63774" lon="104.14879">
        <time>2026-05-17T14:22:59Z</time>
      </trkpt>
      <trkpt lat="30.637781" lon="104.14875">
        <time>2026-05-17T14:23:00Z</time>
      </trkpt>
      <trkpt lat="30.63782" lon="104.14872">
        <time>2026-05-17T14:23:01Z</time>
      </trkpt>
      <trkpt lat="30.637857" lon="104.14869">
        <time>2026-05-17T14:23:02Z</time>
      </trkpt>
      <trkpt lat="30.637896" lon="104.14866">
        <time>2026-05-17T14:23:03Z</time>
      </trkpt>
      <trkpt lat="30.637928" lon="104.14861">
        <time>2026-05-17T14:23:04Z</time>
      </trkpt>
      <trkpt lat="30.637941" lon="104.14856">
        <time>2026-05-17T14:23:05Z</time>
      </trkpt>
      <trkpt lat="30.637938" lon="104.14849">
        <time>2026-05-17T14:23:06Z</time>
      </trkpt>
      <trkpt lat="30.63791" lon="104.14843">
        <time>2026-05-17T14:23:07Z</time>
      </trkpt>
      <trkpt lat="30.637882" lon="104.14837">
        <time>2026-05-17T14:23:08Z</time>
      </trkpt>
      <trkpt lat="30.637844" lon="104.148315">
        <time>2026-05-17T14:23:09Z</time>
      </trkpt>
      <trkpt lat="30.637806" lon="104.14826">
        <time>2026-05-17T14:23:10Z</time>
      </trkpt>
      <trkpt lat="30.637772" lon="104.14822">
        <time>2026-05-17T14:23:11Z</time>
      </trkpt>
      <trkpt lat="30.63774" lon="104.14816">
        <time>2026-05-17T14:23:12Z</time>
      </trkpt>
      <trkpt lat="30.637709" lon="104.14812">
        <time>2026-05-17T14:23:13Z</time>
      </trkpt>
      <trkpt lat="30.637682" lon="104.14806">
        <time>2026-05-17T14:23:14Z</time>
      </trkpt>
      <trkpt lat="30.63766" lon="104.14802">
        <time>2026-05-17T14:23:15Z</time>
      </trkpt>
      <trkpt lat="30.637634" lon="104.147964">
        <time>2026-05-17T14:23:16Z</time>
      </trkpt>
      <trkpt lat="30.637611" lon="104.14792">
        <time>2026-05-17T14:23:17Z</time>
      </trkpt>
      <trkpt lat="30.637596" lon="104.14787">
        <time>2026-05-17T14:23:18Z</time>
      </trkpt>
      <trkpt lat="30.637583" lon="104.14782">
        <time>2026-05-17T14:23:19Z</time>
      </trkpt>
      <trkpt lat="30.637573" lon="104.147766">
        <time>2026-05-17T14:23:20Z</time>
      </trkpt>
      <trkpt lat="30.63757" lon="104.14772">
        <time>2026-05-17T14:23:21Z</time>
      </trkpt>
      <trkpt lat="30.637566" lon="104.14767">
        <time>2026-05-17T14:23:22Z</time>
      </trkpt>
      <trkpt lat="30.637564" lon="104.14761">
        <time>2026-05-17T14:23:23Z</time>
      </trkpt>
      <trkpt lat="30.637568" lon="104.14755">
        <time>2026-05-17T14:23:24Z</time>
      </trkpt>
      <trkpt lat="30.637573" lon="104.147484">
        <time>2026-05-17T14:23:25Z</time>
      </trkpt>
      <trkpt lat="30.637579" lon="104.14741">
        <time>2026-05-17T14:23:26Z</time>
      </trkpt>
      <trkpt lat="30.63758" lon="104.14735">
        <time>2026-05-17T14:23:27Z</time>
      </trkpt>
      <trkpt lat="30.637583" lon="104.14727">
        <time>2026-05-17T14:23:28Z</time>
      </trkpt>
      <trkpt lat="30.637592" lon="104.147194">
        <time>2026-05-17T14:23:29Z</time>
      </trkpt>
      <trkpt lat="30.637604" lon="104.14714">
        <time>2026-05-17T14:23:30Z</time>
      </trkpt>
      <trkpt lat="30.637615" lon="104.14708">
        <time>2026-05-17T14:23:31Z</time>
      </trkpt>
      <trkpt lat="30.637625" lon="104.14702">
        <time>2026-05-17T14:23:32Z</time>
      </trkpt>
      <trkpt lat="30.637636" lon="104.146965">
        <time>2026-05-17T14:23:33Z</time>
      </trkpt>
      <trkpt lat="30.637651" lon="104.146904">
        <time>2026-05-17T14:23:34Z</time>
      </trkpt>
      <trkpt lat="30.63767" lon="104.14685">
        <time>2026-05-17T14:23:35Z</time>
      </trkpt>
      <trkpt lat="30.637684" lon="104.14679">
        <time>2026-05-17T14:23:36Z</time>
      </trkpt>
      <trkpt lat="30.637693" lon="104.146736">
        <time>2026-05-17T14:23:37Z</time>
      </trkpt>
      <trkpt lat="30.637707" lon="104.14668">
        <time>2026-05-17T14:23:38Z</time>
      </trkpt>
      <trkpt lat="30.63772" lon="104.14663">
        <time>2026-05-17T14:23:39Z</time>
      </trkpt>
      <trkpt lat="30.637732" lon="104.14657">
        <time>2026-05-17T14:23:40Z</time>
      </trkpt>
      <trkpt lat="30.637743" lon="104.14651">
        <time>2026-05-17T14:23:41Z</time>
      </trkpt>
      <trkpt lat="30.637756" lon="104.146454">
        <time>2026-05-17T14:23:42Z</time>
      </trkpt>
      <trkpt lat="30.637766" lon="104.14639">
        <time>2026-05-17T14:23:43Z</time>
      </trkpt>
      <trkpt lat="30.637774" lon="104.14633">
        <time>2026-05-17T14:23:44Z</time>
      </trkpt>
      <trkpt lat="30.637787" lon="104.14627">
        <time>2026-05-17T14:23:45Z</time>
      </trkpt>
      <trkpt lat="30.637796" lon="104.14621">
        <time>2026-05-17T14:23:46Z</time>
      </trkpt>
      <trkpt lat="30.637806" lon="104.14615">
        <time>2026-05-17T14:23:47Z</time>
      </trkpt>
      <trkpt lat="30.637817" lon="104.14609">
        <time>2026-05-17T14:23:48Z</time>
      </trkpt>
      <trkpt lat="30.63783" lon="104.14603">
        <time>2026-05-17T14:23:49Z</time>
      </trkpt>
      <trkpt lat="30.637848" lon="104.14596">
        <time>2026-05-17T14:23:50Z</time>
      </trkpt>
      <trkpt lat="30.637865" lon="104.14588">
        <time>2026-05-17T14:23:51Z</time>
      </trkpt>
      <trkpt lat="30.637886" lon="104.14581">
        <time>2026-05-17T14:23:52Z</time>
      </trkpt>
      <trkpt lat="30.637907" lon="104.14575">
        <time>2026-05-17T14:23:53Z</time>
      </trkpt>
      <trkpt lat="30.637922" lon="104.14568">
        <time>2026-05-17T14:23:54Z</time>
      </trkpt>
      <trkpt lat="30.637938" lon="104.14563">
        <time>2026-05-17T14:23:55Z</time>
      </trkpt>
      <trkpt lat="30.637953" lon="104.14557">
        <time>2026-05-17T14:23:56Z</time>
      </trkpt>
      <trkpt lat="30.637968" lon="104.145515">
        <time>2026-05-17T14:23:57Z</time>
      </trkpt>
      <trkpt lat="30.637983" lon="104.145454">
        <time>2026-05-17T14:23:58Z</time>
      </trkpt>
      <trkpt lat="30.638" lon="104.1454">
        <time>2026-05-17T14:23:59Z</time>
      </trkpt>
      <trkpt lat="30.638016" lon="104.14534">
        <time>2026-05-17T14:24:00Z</time>
      </trkpt>
      <trkpt lat="30.638031" lon="104.14529">
        <time>2026-05-17T14:24:01Z</time>
      </trkpt>
      <trkpt lat="30.638046" lon="104.145226">
        <time>2026-05-17T14:24:02Z</time>
      </trkpt>
      <trkpt lat="30.638062" lon="104.145164">
        <time>2026-05-17T14:24:03Z</time>
      </trkpt>
      <trkpt lat="30.638075" lon="104.1451">
        <time>2026-05-17T14:24:04Z</time>
      </trkpt>
      <trkpt lat="30.63809" lon="104.14505">
        <time>2026-05-17T14:24:05Z</time>
      </trkpt>
      <trkpt lat="30.638107" lon="104.14499">
        <time>2026-05-17T14:24:06Z</time>
      </trkpt>
      <trkpt lat="30.638123" lon="104.144936">
        <time>2026-05-17T14:24:07Z</time>
      </trkpt>
      <trkpt lat="30.638134" lon="104.14488">
        <time>2026-05-17T14:24:08Z</time>
      </trkpt>
      <trkpt lat="30.638147" lon="104.14483">
        <time>2026-05-17T14:24:09Z</time>
      </trkpt>
      <trkpt lat="30.638159" lon="104.144775">
        <time>2026-05-17T14:24:10Z</time>
      </trkpt>
      <trkpt lat="30.638174" lon="104.14472">
        <time>2026-05-17T14:24:11Z</time>
      </trkpt>
      <trkpt lat="30.638187" lon="104.14467">
        <time>2026-05-17T14:24:12Z</time>
      </trkpt>
      <trkpt lat="30.638197" lon="104.14461">
        <time>2026-05-17T14:24:13Z</time>
      </trkpt>
      <trkpt lat="30.638199" lon="104.14456">
        <time>2026-05-17T14:24:14Z</time>
      </trkpt>
      <trkpt lat="30.638208" lon="104.14451">
        <time>2026-05-17T14:24:15Z</time>
      </trkpt>
      <trkpt lat="30.638214" lon="104.144455">
        <time>2026-05-17T14:24:16Z</time>
      </trkpt>
      <trkpt lat="30.638224" lon="104.144394">
        <time>2026-05-17T14:24:17Z</time>
      </trkpt>
      <trkpt lat="30.63824" lon="104.14433">
        <time>2026-05-17T14:24:18Z</time>
      </trkpt>
      <trkpt lat="30.638262" lon="104.14427">
        <time>2026-05-17T14:24:19Z</time>
      </trkpt>
      <trkpt lat="30.63828" lon="104.144196">
        <time>2026-05-17T14:24:20Z</time>
      </trkpt>
      <trkpt lat="30.638294" lon="104.144135">
        <time>2026-05-17T14:24:21Z</time>
      </trkpt>
      <trkpt lat="30.638302" lon="104.14407">
        <time>2026-05-17T14:24:22Z</time>
      </trkpt>
      <trkpt lat="30.638311" lon="104.14401">
        <time>2026-05-17T14:24:23Z</time>
      </trkpt>
      <trkpt lat="30.638323" lon="104.14396">
        <time>2026-05-17T14:24:24Z</time>
      </trkpt>
      <trkpt lat="30.638336" lon="104.143906">
        <time>2026-05-17T14:24:25Z</time>
      </trkpt>
      <trkpt lat="30.638348" lon="104.14386">
        <time>2026-05-17T14:24:26Z</time>
      </trkpt>
      <trkpt lat="30.638361" lon="104.14381">
        <time>2026-05-17T14:24:27Z</time>
      </trkpt>
      <trkpt lat="30.638372" lon="104.14375">
        <time>2026-05-17T14:24:28Z</time>
      </trkpt>
      <trkpt lat="30.638384" lon="104.14371">
        <time>2026-05-17T14:24:29Z</time>
      </trkpt>
      <trkpt lat="30.638397" lon="104.143654">
        <time>2026-05-17T14:24:30Z</time>
      </trkpt>
      <trkpt lat="30.638409" lon="104.1436">
        <time>2026-05-17T14:24:31Z</time>
      </trkpt>
      <trkpt lat="30.638418" lon="104.14355">
        <time>2026-05-17T14:24:32Z</time>
      </trkpt>
      <trkpt lat="30.638433" lon="104.14349">
        <time>2026-05-17T14:24:33Z</time>
      </trkpt>
      <trkpt lat="30.638445" lon="104.14344">
        <time>2026-05-17T14:24:34Z</time>
      </trkpt>
      <trkpt lat="30.638456" lon="104.14339">
        <time>2026-05-17T14:24:35Z</time>
      </trkpt>
      <trkpt lat="30.638468" lon="104.143326">
        <time>2026-05-17T14:24:36Z</time>
      </trkpt>
      <trkpt lat="30.63848" lon="104.14328">
        <time>2026-05-17T14:24:37Z</time>
      </trkpt>
      <trkpt lat="30.638493" lon="104.14323">
        <time>2026-05-17T14:24:38Z</time>
      </trkpt>
      <trkpt lat="30.638506" lon="104.14317">
        <time>2026-05-17T14:24:39Z</time>
      </trkpt>
      <trkpt lat="30.638517" lon="104.14312">
        <time>2026-05-17T14:24:40Z</time>
      </trkpt>
      <trkpt lat="30.63853" lon="104.143074">
        <time>2026-05-17T14:24:41Z</time>
      </trkpt>
      <trkpt lat="30.638544" lon="104.14302">
        <time>2026-05-17T14:24:42Z</time>
      </trkpt>
      <trkpt lat="30.63856" lon="104.14297">
        <time>2026-05-17T14:24:43Z</time>
      </trkpt>
      <trkpt lat="30.638575" lon="104.142914">
        <time>2026-05-17T14:24:44Z</time>
      </trkpt>
      <trkpt lat="30.63859" lon="104.14286">
        <time>2026-05-17T14:24:45Z</time>
      </trkpt>
      <trkpt lat="30.638601" lon="104.14281">
        <time>2026-05-17T14:24:46Z</time>
      </trkpt>
      <trkpt lat="30.638615" lon="104.14275">
        <time>2026-05-17T14:24:47Z</time>
      </trkpt>
      <trkpt lat="30.638628" lon="104.1427">
        <time>2026-05-17T14:24:48Z</time>
      </trkpt>
      <trkpt lat="30.638641" lon="104.142654">
        <time>2026-05-17T14:24:49Z</time>
      </trkpt>
      <trkpt lat="30.638653" lon="104.1426">
        <time>2026-05-17T14:24:50Z</time>
      </trkpt>
      <trkpt lat="30.638664" lon="104.14255">
        <time>2026-05-17T14:24:51Z</time>
      </trkpt>
      <trkpt lat="30.638678" lon="104.1425">
        <time>2026-05-17T14:24:52Z</time>
      </trkpt>
      <trkpt lat="30.63869" lon="104.14244">
        <time>2026-05-17T14:24:53Z</time>
      </trkpt>
      <trkpt lat="30.638702" lon="104.14239">
        <time>2026-05-17T14:24:54Z</time>
      </trkpt>
      <trkpt lat="30.638716" lon="104.142334">
        <time>2026-05-17T14:24:55Z</time>
      </trkpt>
      <trkpt lat="30.63873" lon="104.14227">
        <time>2026-05-17T14:24:56Z</time>
      </trkpt>
      <trkpt lat="30.638744" lon="104.14222">
        <time>2026-05-17T14:24:57Z</time>
      </trkpt>
      <trkpt lat="30.63876" lon="104.14216">
        <time>2026-05-17T14:24:58Z</time>
      </trkpt>
      <trkpt lat="30.638773" lon="104.142105">
        <time>2026-05-17T14:24:59Z</time>
      </trkpt>
      <trkpt lat="30.638786" lon="104.142044">
        <time>2026-05-17T14:25:00Z</time>
      </trkpt>
      <trkpt lat="30.6388" lon="104.14198">
        <time>2026-05-17T14:25:01Z</time>
      </trkpt>
      <trkpt lat="30.638815" lon="104.14192">
        <time>2026-05-17T14:25:02Z</time>
      </trkpt>
      <trkpt lat="30.638828" lon="104.14186">
        <time>2026-05-17T14:25:03Z</time>
      </trkpt>
      <trkpt lat="30.638844" lon="104.1418">
        <time>2026-05-17T14:25:04Z</time>
      </trkpt>
      <trkpt lat="30.638859" lon="104.14174">
        <time>2026-05-17T14:25:05Z</time>
      </trkpt>
      <trkpt lat="30.638874" lon="104.14167">
        <time>2026-05-17T14:25:06Z</time>
      </trkpt>
      <trkpt lat="30.638887" lon="104.14161">
        <time>2026-05-17T14:25:07Z</time>
      </trkpt>
      <trkpt lat="30.638903" lon="104.14153">
        <time>2026-05-17T14:25:08Z</time>
      </trkpt>
      <trkpt lat="30.63892" lon="104.141464">
        <time>2026-05-17T14:25:09Z</time>
      </trkpt>
      <trkpt lat="30.638933" lon="104.141396">
        <time>2026-05-17T14:25:10Z</time>
      </trkpt>
      <trkpt lat="30.638945" lon="104.14133">
        <time>2026-05-17T14:25:11Z</time>
      </trkpt>
      <trkpt lat="30.638956" lon="104.14126">
        <time>2026-05-17T14:25:12Z</time>
      </trkpt>
      <trkpt lat="30.638971" lon="104.14118">
        <time>2026-05-17T14:25:13Z</time>
      </trkpt>
      <trkpt lat="30.638985" lon="104.141106">
        <time>2026-05-17T14:25:14Z</time>
      </trkpt>
      <trkpt lat="30.639" lon="104.14103">
        <time>2026-05-17T14:25:15Z</time>
      </trkpt>
      <trkpt lat="30.639019" lon="104.14095">
        <time>2026-05-17T14:25:16Z</time>
      </trkpt>
      <trkpt lat="30.639036" lon="104.14088">
        <time>2026-05-17T14:25:17Z</time>
      </trkpt>
      <trkpt lat="30.639055" lon="104.14079">
        <time>2026-05-17T14:25:18Z</time>
      </trkpt>
      <trkpt lat="30.639072" lon="104.14072">
        <time>2026-05-17T14:25:19Z</time>
      </trkpt>
      <trkpt lat="30.639091" lon="104.14063">
        <time>2026-05-17T14:25:20Z</time>
      </trkpt>
      <trkpt lat="30.63911" lon="104.14055">
        <time>2026-05-17T14:25:21Z</time>
      </trkpt>
      <trkpt lat="30.639132" lon="104.140465">
        <time>2026-05-17T14:25:22Z</time>
      </trkpt>
      <trkpt lat="30.639153" lon="104.14039">
        <time>2026-05-17T14:25:23Z</time>
      </trkpt>
      <trkpt lat="30.63917" lon="104.140305">
        <time>2026-05-17T14:25:24Z</time>
      </trkpt>
      <trkpt lat="30.639187" lon="104.14022">
        <time>2026-05-17T14:25:25Z</time>
      </trkpt>
      <trkpt lat="30.639202" lon="104.14014">
        <time>2026-05-17T14:25:26Z</time>
      </trkpt>
      <trkpt lat="30.639217" lon="104.14005">
        <time>2026-05-17T14:25:27Z</time>
      </trkpt>
      <trkpt lat="30.63923" lon="104.13997">
        <time>2026-05-17T14:25:28Z</time>
      </trkpt>
      <trkpt lat="30.639244" lon="104.139885">
        <time>2026-05-17T14:25:29Z</time>
      </trkpt>
      <trkpt lat="30.63926" lon="104.13979">
        <time>2026-05-17T14:25:30Z</time>
      </trkpt>
      <trkpt lat="30.639273" lon="104.1397">
        <time>2026-05-17T14:25:31Z</time>
      </trkpt>
      <trkpt lat="30.639284" lon="104.13961">
        <time>2026-05-17T14:25:32Z</time>
      </trkpt>
      <trkpt lat="30.639297" lon="104.13951">
        <time>2026-05-17T14:25:33Z</time>
      </trkpt>
      <trkpt lat="30.63931" lon="104.13942">
        <time>2026-05-17T14:25:34Z</time>
      </trkpt>
      <trkpt lat="30.639318" lon="104.13933">
        <time>2026-05-17T14:25:35Z</time>
      </trkpt>
      <trkpt lat="30.639332" lon="104.13923">
        <time>2026-05-17T14:25:36Z</time>
      </trkpt>
      <trkpt lat="30.639347" lon="104.13913">
        <time>2026-05-17T14:25:37Z</time>
      </trkpt>
      <trkpt lat="30.639359" lon="104.13904">
        <time>2026-05-17T14:25:38Z</time>
      </trkpt>
      <trkpt lat="30.63937" lon="104.13894">
        <time>2026-05-17T14:25:39Z</time>
      </trkpt>
      <trkpt lat="30.639378" lon="104.13885">
        <time>2026-05-17T14:25:40Z</time>
      </trkpt>
      <trkpt lat="30.63938" lon="104.13875">
        <time>2026-05-17T14:25:41Z</time>
      </trkpt>
      <trkpt lat="30.639385" lon="104.138664">
        <time>2026-05-17T14:25:42Z</time>
      </trkpt>
      <trkpt lat="30.639389" lon="104.13857">
        <time>2026-05-17T14:25:43Z</time>
      </trkpt>
      <trkpt lat="30.63939" lon="104.13849">
        <time>2026-05-17T14:25:44Z</time>
      </trkpt>
      <trkpt lat="30.639395" lon="104.138405">
        <time>2026-05-17T14:25:45Z</time>
      </trkpt>
      <trkpt lat="30.6394" lon="104.13832">
        <time>2026-05-17T14:25:46Z</time>
      </trkpt>
      <trkpt lat="30.639406" lon="104.13824">
        <time>2026-05-17T14:25:47Z</time>
      </trkpt>
      <trkpt lat="30.639414" lon="104.13815">
        <time>2026-05-17T14:25:48Z</time>
      </trkpt>
      <trkpt lat="30.63943" lon="104.13808">
        <time>2026-05-17T14:25:49Z</time>
      </trkpt>
      <trkpt lat="30.639452" lon="104.13801">
        <time>2026-05-17T14:25:50Z</time>
      </trkpt>
      <trkpt lat="30.63948" lon="104.13793">
        <time>2026-05-17T14:25:51Z</time>
      </trkpt>
      <trkpt lat="30.6395" lon="104.13787">
        <time>2026-05-17T14:25:52Z</time>
      </trkpt>
      <trkpt lat="30.639519" lon="104.13782">
        <time>2026-05-17T14:25:53Z</time>
      </trkpt>
      <trkpt lat="30.639523" lon="104.13776">
        <time>2026-05-17T14:25:54Z</time>
      </trkpt>
      <trkpt lat="30.639519" lon="104.137695">
        <time>2026-05-17T14:25:55Z</time>
      </trkpt>
      <trkpt lat="30.63952" lon="104.137634">
        <time>2026-05-17T14:25:56Z</time>
      </trkpt>
      <trkpt lat="30.639515" lon="104.13758">
        <time>2026-05-17T14:25:57Z</time>
      </trkpt>
      <trkpt lat="30.639513" lon="104.13753">
        <time>2026-05-17T14:25:58Z</time>
      </trkpt>
      <trkpt lat="30.639511" lon="104.13748">
        <time>2026-05-17T14:25:59Z</time>
      </trkpt>
      <trkpt lat="30.63951" lon="104.137436">
        <time>2026-05-17T14:26:00Z</time>
      </trkpt>
      <trkpt lat="30.639511" lon="104.1374">
        <time>2026-05-17T14:26:01Z</time>
      </trkpt>
      <trkpt lat="30.639517" lon="104.13737">
        <time>2026-05-17T14:26:02Z</time>
      </trkpt>
      <trkpt lat="30.639523" lon="104.13735">
        <time>2026-05-17T14:26:03Z</time>
      </trkpt>
      <trkpt lat="30.639523" lon="104.137344">
        <time>2026-05-17T14:26:04Z</time>
      </trkpt>
      <trkpt lat="30.639523" lon="104.137344">
        <time>2026-05-17T14:26:05Z</time>
      </trkpt>
      <trkpt lat="30.639523" lon="104.137344">
        <time>2026-05-17T14:26:06Z</time>
      </trkpt>
      <trkpt lat="30.639523" lon="104.137344">
        <time>2026-05-17T14:26:07Z</time>
      </trkpt>
      <trkpt lat="30.639523" lon="104.137344">
        <time>2026-05-17T14:26:08Z</time>
      </trkpt>
      <trkpt lat="30.639523" lon="104.137344">
        <time>2026-05-17T14:26:09Z</time>
      </trkpt>
      <trkpt lat="30.639523" lon="104.137344">
        <time>2026-05-17T14:26:10Z</time>
      </trkpt>
      <trkpt lat="30.639523" lon="104.137344">
        <time>2026-05-17T14:26:11Z</time>
      </trkpt>
      <trkpt lat="30.639523" lon="104.137344">
        <time>2026-05-17T14:26:12Z</time>
      </trkpt>
      <trkpt lat="30.639523" lon="104.137344">
        <time>2026-05-17T14:26:13Z</time>
      </trkpt>
      <trkpt lat="30.639523" lon="104.137344">
        <time>2026-05-17T14:26:14Z</time>
      </trkpt>
      <trkpt lat="30.639523" lon="104.137344">
        <time>2026-05-17T14:26:15Z</time>
      </trkpt>
      <trkpt lat="30.639523" lon="104.137344">
        <time>2026-05-17T14:26:16Z</time>
      </trkpt>
      <trkpt lat="30.639523" lon="104.137344">
        <time>2026-05-17T14:26:17Z</time>
      </trkpt>
      <trkpt lat="30.639523" lon="104.137344">
        <time>2026-05-17T14:26:18Z</time>
      </trkpt>
      <trkpt lat="30.639523" lon="104.137344">
        <time>2026-05-17T14:26:19Z</time>
      </trkpt>
      <trkpt lat="30.639523" lon="104.137344">
        <time>2026-05-17T14:26:20Z</time>
      </trkpt>
      <trkpt lat="30.639523" lon="104.137344">
        <time>2026-05-17T14:26:21Z</time>
      </trkpt>
      <trkpt lat="30.639523" lon="104.137344">
        <time>2026-05-17T14:26:22Z</time>
      </trkpt>
      <trkpt lat="30.639523" lon="104.137344">
        <time>2026-05-17T14:26:23Z</time>
      </trkpt>
      <trkpt lat="30.639523" lon="104.137344">
        <time>2026-05-17T14:26:24Z</time>
      </trkpt>
      <trkpt lat="30.639523" lon="104.137344">
        <time>2026-05-17T14:26:25Z</time>
      </trkpt>
      <trkpt lat="30.639523" lon="104.137344">
        <time>2026-05-17T14:26:26Z</time>
      </trkpt>
      <trkpt lat="30.639523" lon="104.137344">
        <time>2026-05-17T14:26:27Z</time>
      </trkpt>
      <trkpt lat="30.639523" lon="104.137344">
        <time>2026-05-17T14:26:28Z</time>
      </trkpt>
      <trkpt lat="30.639523" lon="104.137344">
        <time>2026-05-17T14:26:29Z</time>
      </trkpt>
      <trkpt lat="30.639523" lon="104.137344">
        <time>2026-05-17T14:26:30Z</time>
      </trkpt>
      <trkpt lat="30.639523" lon="104.137344">
        <time>2026-05-17T14:26:31Z</time>
      </trkpt>
      <trkpt lat="30.639523" lon="104.137344">
        <time>2026-05-17T14:26:32Z</time>
      </trkpt>
      <trkpt lat="30.639523" lon="104.137344">
        <time>2026-05-17T14:26:33Z</time>
      </trkpt>
      <trkpt lat="30.639523" lon="104.137344">
        <time>2026-05-17T14:26:34Z</time>
      </trkpt>
      <trkpt lat="30.639523" lon="104.137344">
        <time>2026-05-17T14:26:35Z</time>
      </trkpt>
      <trkpt lat="30.639523" lon="104.137344">
        <time>2026-05-17T14:26:36Z</time>
      </trkpt>
      <trkpt lat="30.639523" lon="104.137344">
        <time>2026-05-17T14:26:37Z</time>
      </trkpt>
      <trkpt lat="30.639523" lon="104.137344">
        <time>2026-05-17T14:26:38Z</time>
      </trkpt>
      <trkpt lat="30.639523" lon="104.137344">
        <time>2026-05-17T14:26:39Z</time>
      </trkpt>
      <trkpt lat="30.639523" lon="104.137344">
        <time>2026-05-17T14:26:40Z</time>
      </trkpt>
      <trkpt lat="30.639523" lon="104.137344">
        <time>2026-05-17T14:26:41Z</time>
      </trkpt>
      <trkpt lat="30.639523" lon="104.137344">
        <time>2026-05-17T14:26:42Z</time>
      </trkpt>
      <trkpt lat="30.639523" lon="104.137344">
        <time>2026-05-17T14:26:43Z</time>
      </trkpt>
      <trkpt lat="30.639523" lon="104.137344">
        <time>2026-05-17T14:26:44Z</time>
      </trkpt>
      <trkpt lat="30.639523" lon="104.137344">
        <time>2026-05-17T14:26:45Z</time>
      </trkpt>
      <trkpt lat="30.639519" lon="104.13732">
        <time>2026-05-17T14:26:46Z</time>
      </trkpt>
      <trkpt lat="30.639526" lon="104.13728">
        <time>2026-05-17T14:26:47Z</time>
      </trkpt>
      <trkpt lat="30.639534" lon="104.137245">
        <time>2026-05-17T14:26:48Z</time>
      </trkpt>
      <trkpt lat="30.639544" lon="104.13719">
        <time>2026-05-17T14:26:49Z</time>
      </trkpt>
      <trkpt lat="30.639547" lon="104.13714">
        <time>2026-05-17T14:26:50Z</time>
      </trkpt>
      <trkpt lat="30.639547" lon="104.13707">
        <time>2026-05-17T14:26:51Z</time>
      </trkpt>
      <trkpt lat="30.639545" lon="104.13701">
        <time>2026-05-17T14:26:52Z</time>
      </trkpt>
      <trkpt lat="30.639542" lon="104.13695">
        <time>2026-05-17T14:26:53Z</time>
      </trkpt>
      <trkpt lat="30.639536" lon="104.13689">
        <time>2026-05-17T14:26:54Z</time>
      </trkpt>
      <trkpt lat="30.639536" lon="104.136826">
        <time>2026-05-17T14:26:55Z</time>
      </trkpt>
      <trkpt lat="30.639532" lon="104.13676">
        <time>2026-05-17T14:26:56Z</time>
      </trkpt>
      <trkpt lat="30.639524" lon="104.136696">
        <time>2026-05-17T14:26:57Z</time>
      </trkpt>
      <trkpt lat="30.639513" lon="104.136635">
        <time>2026-05-17T14:26:58Z</time>
      </trkpt>
      <trkpt lat="30.639502" lon="104.13656">
        <time>2026-05-17T14:26:59Z</time>
      </trkpt>
      <trkpt lat="30.639494" lon="104.136475">
        <time>2026-05-17T14:27:00Z</time>
      </trkpt>
      <trkpt lat="30.639484" lon="104.1364">
        <time>2026-05-17T14:27:01Z</time>
      </trkpt>
      <trkpt lat="30.63948" lon="104.136314">
        <time>2026-05-17T14:27:02Z</time>
      </trkpt>
      <trkpt lat="30.639488" lon="104.13624">
        <time>2026-05-17T14:27:03Z</time>
      </trkpt>
      <trkpt lat="30.63949" lon="104.13616">
        <time>2026-05-17T14:27:04Z</time>
      </trkpt>
      <trkpt lat="30.63949" lon="104.13609">
        <time>2026-05-17T14:27:05Z</time>
      </trkpt>
      <trkpt lat="30.63949" lon="104.13602">
        <time>2026-05-17T14:27:06Z</time>
      </trkpt>
      <trkpt lat="30.639492" lon="104.13594">
        <time>2026-05-17T14:27:07Z</time>
      </trkpt>
      <trkpt lat="30.639496" lon="104.135864">
        <time>2026-05-17T14:27:08Z</time>
      </trkpt>
      <trkpt lat="30.639502" lon="104.13578">
        <time>2026-05-17T14:27:09Z</time>
      </trkpt>
      <trkpt lat="30.639505" lon="104.135704">
        <time>2026-05-17T14:27:10Z</time>
      </trkpt>
      <trkpt lat="30.639505" lon="104.13563">
        <time>2026-05-17T14:27:11Z</time>
      </trkpt>
      <trkpt lat="30.63951" lon="104.13555">
        <time>2026-05-17T14:27:12Z</time>
      </trkpt>
      <trkpt lat="30.63952" lon="104.135475">
        <time>2026-05-17T14:27:13Z</time>
      </trkpt>
      <trkpt lat="30.639532" lon="104.1354">
        <time>2026-05-17T14:27:14Z</time>
      </trkpt>
      <trkpt lat="30.63954" lon="104.13532">
        <time>2026-05-17T14:27:15Z</time>
      </trkpt>
      <trkpt lat="30.639542" lon="104.13525">
        <time>2026-05-17T14:27:16Z</time>
      </trkpt>
      <trkpt lat="30.639544" lon="104.13516">
        <time>2026-05-17T14:27:17Z</time>
      </trkpt>
      <trkpt lat="30.639547" lon="104.135086">
        <time>2026-05-17T14:27:18Z</time>
      </trkpt>
      <trkpt lat="30.639551" lon="104.13501">
        <time>2026-05-17T14:27:19Z</time>
      </trkpt>
      <trkpt lat="30.63955" lon="104.13493">
        <time>2026-05-17T14:27:20Z</time>
      </trkpt>
      <trkpt lat="30.639544" lon="104.13486">
        <time>2026-05-17T14:27:21Z</time>
      </trkpt>
      <trkpt lat="30.639536" lon="104.13478">
        <time>2026-05-17T14:27:22Z</time>
      </trkpt>
      <trkpt lat="30.639536" lon="104.13471">
        <time>2026-05-17T14:27:23Z</time>
      </trkpt>
      <trkpt lat="30.639538" lon="104.134636">
        <time>2026-05-17T14:27:24Z</time>
      </trkpt>
      <trkpt lat="30.639538" lon="104.13456">
        <time>2026-05-17T14:27:25Z</time>
      </trkpt>
      <trkpt lat="30.639538" lon="104.13448">
        <time>2026-05-17T14:27:26Z</time>
      </trkpt>
      <trkpt lat="30.639536" lon="104.134415">
        <time>2026-05-17T14:27:27Z</time>
      </trkpt>
      <trkpt lat="30.639532" lon="104.13434">
        <time>2026-05-17T14:27:28Z</time>
      </trkpt>
      <trkpt lat="30.63953" lon="104.13427">
        <time>2026-05-17T14:27:29Z</time>
      </trkpt>
      <trkpt lat="30.63953" lon="104.13419">
        <time>2026-05-17T14:27:30Z</time>
      </trkpt>
      <trkpt lat="30.639532" lon="104.134125">
        <time>2026-05-17T14:27:31Z</time>
      </trkpt>
      <trkpt lat="30.639534" lon="104.134056">
        <time>2026-05-17T14:27:32Z</time>
      </trkpt>
      <trkpt lat="30.639534" lon="104.13398">
        <time>2026-05-17T14:27:33Z</time>
      </trkpt>
      <trkpt lat="30.639536" lon="104.13391">
        <time>2026-05-17T14:27:34Z</time>
      </trkpt>
      <trkpt lat="30.639536" lon="104.133835">
        <time>2026-05-17T14:27:35Z</time>
      </trkpt>
      <trkpt lat="30.639538" lon="104.133766">
        <time>2026-05-17T14:27:36Z</time>
      </trkpt>
      <trkpt lat="30.63954" lon="104.13369">
        <time>2026-05-17T14:27:37Z</time>
      </trkpt>
      <trkpt lat="30.639544" lon="104.13361">
        <time>2026-05-17T14:27:38Z</time>
      </trkpt>
      <trkpt lat="30.639547" lon="104.133545">
        <time>2026-05-17T14:27:39Z</time>
      </trkpt>
      <trkpt lat="30.639551" lon="104.13347">
        <time>2026-05-17T14:27:40Z</time>
      </trkpt>
      <trkpt lat="30.639553" lon="104.1334">
        <time>2026-05-17T14:27:41Z</time>
      </trkpt>
      <trkpt lat="30.639555" lon="104.13332">
        <time>2026-05-17T14:27:42Z</time>
      </trkpt>
      <trkpt lat="30.639557" lon="104.13325">
        <time>2026-05-17T14:27:43Z</time>
      </trkpt>
      <trkpt lat="30.639557" lon="104.13318">
        <time>2026-05-17T14:27:44Z</time>
      </trkpt>
      <trkpt lat="30.639557" lon="104.1331">
        <time>2026-05-17T14:27:45Z</time>
      </trkpt>
      <trkpt lat="30.639559" lon="104.133026">
        <time>2026-05-17T14:27:46Z</time>
      </trkpt>
      <trkpt lat="30.639563" lon="104.13295">
        <time>2026-05-17T14:27:47Z</time>
      </trkpt>
      <trkpt lat="30.639565" lon="104.13287">
        <time>2026-05-17T14:27:48Z</time>
      </trkpt>
      <trkpt lat="30.63957" lon="104.1328">
        <time>2026-05-17T14:27:49Z</time>
      </trkpt>
      <trkpt lat="30.639574" lon="104.13272">
        <time>2026-05-17T14:27:50Z</time>
      </trkpt>
      <trkpt lat="30.63958" lon="104.13264">
        <time>2026-05-17T14:27:51Z</time>
      </trkpt>
      <trkpt lat="30.63958" lon="104.13256">
        <time>2026-05-17T14:27:52Z</time>
      </trkpt>
      <trkpt lat="30.639584" lon="104.13248">
        <time>2026-05-17T14:27:53Z</time>
      </trkpt>
      <trkpt lat="30.639585" lon="104.13239">
        <time>2026-05-17T14:27:54Z</time>
      </trkpt>
      <trkpt lat="30.639585" lon="104.13232">
        <time>2026-05-17T14:27:55Z</time>
      </trkpt>
      <trkpt lat="30.63959" lon="104.13224">
        <time>2026-05-17T14:27:56Z</time>
      </trkpt>
      <trkpt lat="30.639593" lon="104.13216">
        <time>2026-05-17T14:27:57Z</time>
      </trkpt>
      <trkpt lat="30.639597" lon="104.13208">
        <time>2026-05-17T14:27:58Z</time>
      </trkpt>
      <trkpt lat="30.639597" lon="104.131996">
        <time>2026-05-17T14:27:59Z</time>
      </trkpt>
      <trkpt lat="30.639599" lon="104.131905">
        <time>2026-05-17T14:28:00Z</time>
      </trkpt>
      <trkpt lat="30.6396" lon="104.13182">
        <time>2026-05-17T14:28:01Z</time>
      </trkpt>
      <trkpt lat="30.6396" lon="104.13174">
        <time>2026-05-17T14:28:02Z</time>
      </trkpt>
      <trkpt lat="30.639599" lon="104.13165">
        <time>2026-05-17T14:28:03Z</time>
      </trkpt>
      <trkpt lat="30.63959" lon="104.13157">
        <time>2026-05-17T14:28:04Z</time>
      </trkpt>
      <trkpt lat="30.639582" lon="104.131485">
        <time>2026-05-17T14:28:05Z</time>
      </trkpt>
      <trkpt lat="30.639574" lon="104.13139">
        <time>2026-05-17T14:28:06Z</time>
      </trkpt>
      <trkpt lat="30.63957" lon="104.13131">
        <time>2026-05-17T14:28:07Z</time>
      </trkpt>
      <trkpt lat="30.639566" lon="104.13122">
        <time>2026-05-17T14:28:08Z</time>
      </trkpt>
      <trkpt lat="30.63956" lon="104.131134">
        <time>2026-05-17T14:28:09Z</time>
      </trkpt>
      <trkpt lat="30.639553" lon="104.13105">
        <time>2026-05-17T14:28:10Z</time>
      </trkpt>
      <trkpt lat="30.639547" lon="104.13096">
        <time>2026-05-17T14:28:11Z</time>
      </trkpt>
      <trkpt lat="30.639544" lon="104.130875">
        <time>2026-05-17T14:28:12Z</time>
      </trkpt>
      <trkpt lat="30.63954" lon="104.13078">
        <time>2026-05-17T14:28:13Z</time>
      </trkpt>
      <trkpt lat="30.639536" lon="104.1307">
        <time>2026-05-17T14:28:14Z</time>
      </trkpt>
      <trkpt lat="30.639528" lon="104.130615">
        <time>2026-05-17T14:28:15Z</time>
      </trkpt>
      <trkpt lat="30.63952" lon="104.13052">
        <time>2026-05-17T14:28:16Z</time>
      </trkpt>
      <trkpt lat="30.639513" lon="104.13044">
        <time>2026-05-17T14:28:17Z</time>
      </trkpt>
      <trkpt lat="30.639507" lon="104.13035">
        <time>2026-05-17T14:28:18Z</time>
      </trkpt>
      <trkpt lat="30.6395" lon="104.130264">
        <time>2026-05-17T14:28:19Z</time>
      </trkpt>
      <trkpt lat="30.639486" lon="104.13018">
        <time>2026-05-17T14:28:20Z</time>
      </trkpt>
      <trkpt lat="30.639473" lon="104.13009">
        <time>2026-05-17T14:28:21Z</time>
      </trkpt>
      <trkpt lat="30.639458" lon="104.130005">
        <time>2026-05-17T14:28:22Z</time>
      </trkpt>
      <trkpt lat="30.639442" lon="104.12992">
        <time>2026-05-17T14:28:23Z</time>
      </trkpt>
      <trkpt lat="30.639423" lon="104.12984">
        <time>2026-05-17T14:28:24Z</time>
      </trkpt>
      <trkpt lat="30.639404" lon="104.12975">
        <time>2026-05-17T14:28:25Z</time>
      </trkpt>
      <trkpt lat="30.63939" lon="104.12967">
        <time>2026-05-17T14:28:26Z</time>
      </trkpt>
      <trkpt lat="30.639378" lon="104.129585">
        <time>2026-05-17T14:28:27Z</time>
      </trkpt>
      <trkpt lat="30.639368" lon="104.1295">
        <time>2026-05-17T14:28:28Z</time>
      </trkpt>
      <trkpt lat="30.639355" lon="104.12942">
        <time>2026-05-17T14:28:29Z</time>
      </trkpt>
      <trkpt lat="30.639347" lon="104.12933">
        <time>2026-05-17T14:28:30Z</time>
      </trkpt>
      <trkpt lat="30.639341" lon="104.12925">
        <time>2026-05-17T14:28:31Z</time>
      </trkpt>
      <trkpt lat="30.639336" lon="104.129166">
        <time>2026-05-17T14:28:32Z</time>
      </trkpt>
      <trkpt lat="30.63933" lon="104.129074">
        <time>2026-05-17T14:28:33Z</time>
      </trkpt>
      <trkpt lat="30.639326" lon="104.129">
        <time>2026-05-17T14:28:34Z</time>
      </trkpt>
      <trkpt lat="30.639317" lon="104.12891">
        <time>2026-05-17T14:28:35Z</time>
      </trkpt>
      <trkpt lat="30.639313" lon="104.128815">
        <time>2026-05-17T14:28:36Z</time>
      </trkpt>
      <trkpt lat="30.639307" lon="104.12872">
        <time>2026-05-17T14:28:37Z</time>
      </trkpt>
      <trkpt lat="30.6393" lon="104.12863">
        <time>2026-05-17T14:28:38Z</time>
      </trkpt>
      <trkpt lat="30.639292" lon="104.12853">
        <time>2026-05-17T14:28:39Z</time>
      </trkpt>
      <trkpt lat="30.639284" lon="104.12845">
        <time>2026-05-17T14:28:40Z</time>
      </trkpt>
      <trkpt lat="30.639278" lon="104.128365">
        <time>2026-05-17T14:28:41Z</time>
      </trkpt>
      <trkpt lat="30.639273" lon="104.12826">
        <time>2026-05-17T14:28:42Z</time>
      </trkpt>
      <trkpt lat="30.639273" lon="104.12816">
        <time>2026-05-17T14:28:43Z</time>
      </trkpt>
      <trkpt lat="30.639273" lon="104.12807">
        <time>2026-05-17T14:28:44Z</time>
      </trkpt>
      <trkpt lat="30.639263" lon="104.127975">
        <time>2026-05-17T14:28:45Z</time>
      </trkpt>
      <trkpt lat="30.639252" lon="104.12788">
        <time>2026-05-17T14:28:46Z</time>
      </trkpt>
      <trkpt lat="30.639238" lon="104.12778">
        <time>2026-05-17T14:28:47Z</time>
      </trkpt>
      <trkpt lat="30.639225" lon="104.127686">
        <time>2026-05-17T14:28:48Z</time>
      </trkpt>
      <trkpt lat="30.639214" lon="104.127594">
        <time>2026-05-17T14:28:49Z</time>
      </trkpt>
      <trkpt lat="30.639206" lon="104.1275">
        <time>2026-05-17T14:28:50Z</time>
      </trkpt>
      <trkpt lat="30.639198" lon="104.12741">
        <time>2026-05-17T14:28:51Z</time>
      </trkpt>
      <trkpt lat="30.639189" lon="104.12732">
        <time>2026-05-17T14:28:52Z</time>
      </trkpt>
      <trkpt lat="30.63918" lon="104.127235">
        <time>2026-05-17T14:28:53Z</time>
      </trkpt>
      <trkpt lat="30.639166" lon="104.12715">
        <time>2026-05-17T14:28:54Z</time>
      </trkpt>
      <trkpt lat="30.639156" lon="104.12707">
        <time>2026-05-17T14:28:55Z</time>
      </trkpt>
      <trkpt lat="30.639153" lon="104.12698">
        <time>2026-05-17T14:28:56Z</time>
      </trkpt>
      <trkpt lat="30.639149" lon="104.1269">
        <time>2026-05-17T14:28:57Z</time>
      </trkpt>
      <trkpt lat="30.639145" lon="104.12682">
        <time>2026-05-17T14:28:58Z</time>
      </trkpt>
      <trkpt lat="30.639141" lon="104.12674">
        <time>2026-05-17T14:28:59Z</time>
      </trkpt>
      <trkpt lat="30.63914" lon="104.126656">
        <time>2026-05-17T14:29:00Z</time>
      </trkpt>
      <trkpt lat="30.639133" lon="104.12658">
        <time>2026-05-17T14:29:01Z</time>
      </trkpt>
      <trkpt lat="30.63913" lon="104.1265">
        <time>2026-05-17T14:29:02Z</time>
      </trkpt>
      <trkpt lat="30.639126" lon="104.126434">
        <time>2026-05-17T14:29:03Z</time>
      </trkpt>
      <trkpt lat="30.639126" lon="104.126366">
        <time>2026-05-17T14:29:04Z</time>
      </trkpt>
      <trkpt lat="30.639124" lon="104.126305">
        <time>2026-05-17T14:29:05Z</time>
      </trkpt>
      <trkpt lat="30.639124" lon="104.12623">
        <time>2026-05-17T14:29:06Z</time>
      </trkpt>
      <trkpt lat="30.639122" lon="104.12616">
        <time>2026-05-17T14:29:07Z</time>
      </trkpt>
      <trkpt lat="30.639118" lon="104.12609">
        <time>2026-05-17T14:29:08Z</time>
      </trkpt>
      <trkpt lat="30.639112" lon="104.126015">
        <time>2026-05-17T14:29:09Z</time>
      </trkpt>
      <trkpt lat="30.6391" lon="104.12594">
        <time>2026-05-17T14:29:10Z</time>
      </trkpt>
      <trkpt lat="30.639088" lon="104.12587">
        <time>2026-05-17T14:29:11Z</time>
      </trkpt>
      <trkpt lat="30.639078" lon="104.12581">
        <time>2026-05-17T14:29:12Z</time>
      </trkpt>
      <trkpt lat="30.63907" lon="104.12574">
        <time>2026-05-17T14:29:13Z</time>
      </trkpt>
      <trkpt lat="30.63906" lon="104.12567">
        <time>2026-05-17T14:29:14Z</time>
      </trkpt>
      <trkpt lat="30.639046" lon="104.1256">
        <time>2026-05-17T14:29:15Z</time>
      </trkpt>
      <trkpt lat="30.63903" lon="104.12553">
        <time>2026-05-17T14:29:16Z</time>
      </trkpt>
      <trkpt lat="30.639015" lon="104.125465">
        <time>2026-05-17T14:29:17Z</time>
      </trkpt>
      <trkpt lat="30.639002" lon="104.1254">
        <time>2026-05-17T14:29:18Z</time>
      </trkpt>
      <trkpt lat="30.63899" lon="104.125336">
        <time>2026-05-17T14:29:19Z</time>
      </trkpt>
      <trkpt lat="30.638979" lon="104.125275">
        <time>2026-05-17T14:29:20Z</time>
      </trkpt>
      <trkpt lat="30.638968" lon="104.12521">
        <time>2026-05-17T14:29:21Z</time>
      </trkpt>
      <trkpt lat="30.638956" lon="104.125145">
        <time>2026-05-17T14:29:22Z</time>
      </trkpt>
      <trkpt lat="30.638945" lon="104.12508">
        <time>2026-05-17T14:29:23Z</time>
      </trkpt>
      <trkpt lat="30.638935" lon="104.12501">
        <time>2026-05-17T14:29:24Z</time>
      </trkpt>
      <trkpt lat="30.638927" lon="104.12495">
        <time>2026-05-17T14:29:25Z</time>
      </trkpt>
      <trkpt lat="30.63892" lon="104.124886">
        <time>2026-05-17T14:29:26Z</time>
      </trkpt>
      <trkpt lat="30.638914" lon="104.12482">
        <time>2026-05-17T14:29:27Z</time>
      </trkpt>
      <trkpt lat="30.638908" lon="104.124756">
        <time>2026-05-17T14:29:28Z</time>
      </trkpt>
      <trkpt lat="30.638906" lon="104.12469">
        <time>2026-05-17T14:29:29Z</time>
      </trkpt>
      <trkpt lat="30.638906" lon="104.124626">
        <time>2026-05-17T14:29:30Z</time>
      </trkpt>
      <trkpt lat="30.638905" lon="104.124565">
        <time>2026-05-17T14:29:31Z</time>
      </trkpt>
      <trkpt lat="30.638905" lon="104.124504">
        <time>2026-05-17T14:29:32Z</time>
      </trkpt>
      <trkpt lat="30.638903" lon="104.12444">
        <time>2026-05-17T14:29:33Z</time>
      </trkpt>
      <trkpt lat="30.6389" lon="104.12438">
        <time>2026-05-17T14:29:34Z</time>
      </trkpt>
      <trkpt lat="30.638903" lon="104.12431">
        <time>2026-05-17T14:29:35Z</time>
      </trkpt>
      <trkpt lat="30.6389" lon="104.12425">
        <time>2026-05-17T14:29:36Z</time>
      </trkpt>
      <trkpt lat="30.6389" lon="104.12418">
        <time>2026-05-17T14:29:37Z</time>
      </trkpt>
      <trkpt lat="30.6389" lon="104.12412">
        <time>2026-05-17T14:29:38Z</time>
      </trkpt>
      <trkpt lat="30.6389" lon="104.124054">
        <time>2026-05-17T14:29:39Z</time>
      </trkpt>
      <trkpt lat="30.638903" lon="104.12399">
        <time>2026-05-17T14:29:40Z</time>
      </trkpt>
      <trkpt lat="30.638906" lon="104.123924">
        <time>2026-05-17T14:29:41Z</time>
      </trkpt>
      <trkpt lat="30.63891" lon="104.123856">
        <time>2026-05-17T14:29:42Z</time>
      </trkpt>
      <trkpt lat="30.638914" lon="104.12379">
        <time>2026-05-17T14:29:43Z</time>
      </trkpt>
      <trkpt lat="30.638922" lon="104.12372">
        <time>2026-05-17T14:29:44Z</time>
      </trkpt>
      <trkpt lat="30.638927" lon="104.12365">
        <time>2026-05-17T14:29:45Z</time>
      </trkpt>
      <trkpt lat="30.638935" lon="104.12358">
        <time>2026-05-17T14:29:46Z</time>
      </trkpt>
      <trkpt lat="30.63894" lon="104.12351">
        <time>2026-05-17T14:29:47Z</time>
      </trkpt>
      <trkpt lat="30.638948" lon="104.12344">
        <time>2026-05-17T14:29:48Z</time>
      </trkpt>
      <trkpt lat="30.638954" lon="104.123375">
        <time>2026-05-17T14:29:49Z</time>
      </trkpt>
      <trkpt lat="30.63896" lon="104.12331">
        <time>2026-05-17T14:29:50Z</time>
      </trkpt>
      <trkpt lat="30.638968" lon="104.123245">
        <time>2026-05-17T14:29:51Z</time>
      </trkpt>
      <trkpt lat="30.638979" lon="104.12317">
        <time>2026-05-17T14:29:52Z</time>
      </trkpt>
      <trkpt lat="30.63899" lon="104.1231">
        <time>2026-05-17T14:29:53Z</time>
      </trkpt>
      <trkpt lat="30.639004" lon="104.12303">
        <time>2026-05-17T14:29:54Z</time>
      </trkpt>
      <trkpt lat="30.639015" lon="104.12296">
        <time>2026-05-17T14:29:55Z</time>
      </trkpt>
      <trkpt lat="30.639029" lon="104.12289">
        <time>2026-05-17T14:29:56Z</time>
      </trkpt>
      <trkpt lat="30.63904" lon="104.12282">
        <time>2026-05-17T14:29:57Z</time>
      </trkpt>
      <trkpt lat="30.639051" lon="104.12275">
        <time>2026-05-17T14:29:58Z</time>
      </trkpt>
      <trkpt lat="30.639065" lon="104.12267">
        <time>2026-05-17T14:29:59Z</time>
      </trkpt>
      <trkpt lat="30.639082" lon="104.122604">
        <time>2026-05-17T14:30:00Z</time>
      </trkpt>
      <trkpt lat="30.639101" lon="104.12253">
        <time>2026-05-17T14:30:01Z</time>
      </trkpt>
      <trkpt lat="30.639122" lon="104.12245">
        <time>2026-05-17T14:30:02Z</time>
      </trkpt>
      <trkpt lat="30.639141" lon="104.12238">
        <time>2026-05-17T14:30:03Z</time>
      </trkpt>
      <trkpt lat="30.639166" lon="104.12231">
        <time>2026-05-17T14:30:04Z</time>
      </trkpt>
      <trkpt lat="30.639187" lon="104.12223">
        <time>2026-05-17T14:30:05Z</time>
      </trkpt>
      <trkpt lat="30.639208" lon="104.122154">
        <time>2026-05-17T14:30:06Z</time>
      </trkpt>
      <trkpt lat="30.639233" lon="104.12208">
        <time>2026-05-17T14:30:07Z</time>
      </trkpt>
      <trkpt lat="30.639257" lon="104.122">
        <time>2026-05-17T14:30:08Z</time>
      </trkpt>
      <trkpt lat="30.63928" lon="104.121925">
        <time>2026-05-17T14:30:09Z</time>
      </trkpt>
      <trkpt lat="30.639305" lon="104.12186">
        <time>2026-05-17T14:30:10Z</time>
      </trkpt>
      <trkpt lat="30.639332" lon="104.12178">
        <time>2026-05-17T14:30:11Z</time>
      </trkpt>
      <trkpt lat="30.639364" lon="104.121704">
        <time>2026-05-17T14:30:12Z</time>
      </trkpt>
      <trkpt lat="30.639399" lon="104.12162">
        <time>2026-05-17T14:30:13Z</time>
      </trkpt>
      <trkpt lat="30.63943" lon="104.121544">
        <time>2026-05-17T14:30:14Z</time>
      </trkpt>
      <trkpt lat="30.639465" lon="104.12147">
        <time>2026-05-17T14:30:15Z</time>
      </trkpt>
      <trkpt lat="30.63951" lon="104.1214">
        <time>2026-05-17T14:30:16Z</time>
      </trkpt>
      <trkpt lat="30.639559" lon="104.12133">
        <time>2026-05-17T14:30:17Z</time>
      </trkpt>
      <trkpt lat="30.639603" lon="104.12126">
        <time>2026-05-17T14:30:18Z</time>
      </trkpt>
      <trkpt lat="30.639643" lon="104.12119">
        <time>2026-05-17T14:30:19Z</time>
      </trkpt>
      <trkpt lat="30.639685" lon="104.121124">
        <time>2026-05-17T14:30:20Z</time>
      </trkpt>
      <trkpt lat="30.63973" lon="104.12105">
        <time>2026-05-17T14:30:21Z</time>
      </trkpt>
      <trkpt lat="30.63977" lon="104.12097">
        <time>2026-05-17T14:30:22Z</time>
      </trkpt>
      <trkpt lat="30.639803" lon="104.120895">
        <time>2026-05-17T14:30:23Z</time>
      </trkpt>
      <trkpt lat="30.63983" lon="104.12082">
        <time>2026-05-17T14:30:24Z</time>
      </trkpt>
      <trkpt lat="30.63986" lon="104.12075">
        <time>2026-05-17T14:30:25Z</time>
      </trkpt>
      <trkpt lat="30.639894" lon="104.12068">
        <time>2026-05-17T14:30:26Z</time>
      </trkpt>
      <trkpt lat="30.639933" lon="104.120605">
        <time>2026-05-17T14:30:27Z</time>
      </trkpt>
      <trkpt lat="30.63997" lon="104.12052">
        <time>2026-05-17T14:30:28Z</time>
      </trkpt>
      <trkpt lat="30.640005" lon="104.12044">
        <time>2026-05-17T14:30:29Z</time>
      </trkpt>
      <trkpt lat="30.640038" lon="104.12036">
        <time>2026-05-17T14:30:30Z</time>
      </trkpt>
      <trkpt lat="30.640072" lon="104.12029">
        <time>2026-05-17T14:30:31Z</time>
      </trkpt>
      <trkpt lat="30.640104" lon="104.12022">
        <time>2026-05-17T14:30:32Z</time>
      </trkpt>
      <trkpt lat="30.640137" lon="104.12014">
        <time>2026-05-17T14:30:33Z</time>
      </trkpt>
      <trkpt lat="30.64017" lon="104.12006">
        <time>2026-05-17T14:30:34Z</time>
      </trkpt>
      <trkpt lat="30.6402" lon="104.11999">
        <time>2026-05-17T14:30:35Z</time>
      </trkpt>
      <trkpt lat="30.64023" lon="104.11991">
        <time>2026-05-17T14:30:36Z</time>
      </trkpt>
      <trkpt lat="30.640263" lon="104.11984">
        <time>2026-05-17T14:30:37Z</time>
      </trkpt>
      <trkpt lat="30.640282" lon="104.11977">
        <time>2026-05-17T14:30:38Z</time>
      </trkpt>
      <trkpt lat="30.640308" lon="104.11969">
        <time>2026-05-17T14:30:39Z</time>
      </trkpt>
      <trkpt lat="30.640335" lon="104.11962">
        <time>2026-05-17T14:30:40Z</time>
      </trkpt>
      <trkpt lat="30.640368" lon="104.11955">
        <time>2026-05-17T14:30:41Z</time>
      </trkpt>
      <trkpt lat="30.640398" lon="104.11948">
        <time>2026-05-17T14:30:42Z</time>
      </trkpt>
      <trkpt lat="30.640429" lon="104.11941">
        <time>2026-05-17T14:30:43Z</time>
      </trkpt>
      <trkpt lat="30.64046" lon="104.11934">
        <time>2026-05-17T14:30:44Z</time>
      </trkpt>
      <trkpt lat="30.64049" lon="104.11927">
        <time>2026-05-17T14:30:45Z</time>
      </trkpt>
      <trkpt lat="30.64052" lon="104.1192">
        <time>2026-05-17T14:30:46Z</time>
      </trkpt>
      <trkpt lat="30.640549" lon="104.11913">
        <time>2026-05-17T14:30:47Z</time>
      </trkpt>
      <trkpt lat="30.64058" lon="104.119064">
        <time>2026-05-17T14:30:48Z</time>
      </trkpt>
      <trkpt lat="30.640608" lon="104.118996">
        <time>2026-05-17T14:30:49Z</time>
      </trkpt>
      <trkpt lat="30.64064" lon="104.11893">
        <time>2026-05-17T14:30:50Z</time>
      </trkpt>
      <trkpt lat="30.64067" lon="104.118866">
        <time>2026-05-17T14:30:51Z</time>
      </trkpt>
      <trkpt lat="30.640697" lon="104.118805">
        <time>2026-05-17T14:30:52Z</time>
      </trkpt>
      <trkpt lat="30.640717" lon="104.11875">
        <time>2026-05-17T14:30:53Z</time>
      </trkpt>
      <trkpt lat="30.640741" lon="104.1187">
        <time>2026-05-17T14:30:54Z</time>
      </trkpt>
      <trkpt lat="30.640768" lon="104.11864">
        <time>2026-05-17T14:30:55Z</time>
      </trkpt>
      <trkpt lat="30.640806" lon="104.11858">
        <time>2026-05-17T14:30:56Z</time>
      </trkpt>
      <trkpt lat="30.640846" lon="104.11853">
        <time>2026-05-17T14:30:57Z</time>
      </trkpt>
      <trkpt lat="30.640882" lon="104.11848">
        <time>2026-05-17T14:30:58Z</time>
      </trkpt>
      <trkpt lat="30.640915" lon="104.118416">
        <time>2026-05-17T14:30:59Z</time>
      </trkpt>
      <trkpt lat="30.640947" lon="104.118355">
        <time>2026-05-17T14:31:00Z</time>
      </trkpt>
      <trkpt lat="30.640972" lon="104.11829">
        <time>2026-05-17T14:31:01Z</time>
      </trkpt>
      <trkpt lat="30.641" lon="104.118225">
        <time>2026-05-17T14:31:02Z</time>
      </trkpt>
      <trkpt lat="30.641033" lon="104.11815">
        <time>2026-05-17T14:31:03Z</time>
      </trkpt>
      <trkpt lat="30.641064" lon="104.11808">
        <time>2026-05-17T14:31:04Z</time>
      </trkpt>
      <trkpt lat="30.641088" lon="104.11801">
        <time>2026-05-17T14:31:05Z</time>
      </trkpt>
      <trkpt lat="30.641115" lon="104.11795">
        <time>2026-05-17T14:31:06Z</time>
      </trkpt>
      <trkpt lat="30.641138" lon="104.11788">
        <time>2026-05-17T14:31:07Z</time>
      </trkpt>
      <trkpt lat="30.641163" lon="104.11783">
        <time>2026-05-17T14:31:08Z</time>
      </trkpt>
      <trkpt lat="30.64119" lon="104.11776">
        <time>2026-05-17T14:31:09Z</time>
      </trkpt>
      <trkpt lat="30.641214" lon="104.11771">
        <time>2026-05-17T14:31:10Z</time>
      </trkpt>
      <trkpt lat="30.64124" lon="104.117645">
        <time>2026-05-17T14:31:11Z</time>
      </trkpt>
      <trkpt lat="30.641262" lon="104.11759">
        <time>2026-05-17T14:31:12Z</time>
      </trkpt>
      <trkpt lat="30.641287" lon="104.11753">
        <time>2026-05-17T14:31:13Z</time>
      </trkpt>
      <trkpt lat="30.641315" lon="104.11747">
        <time>2026-05-17T14:31:14Z</time>
      </trkpt>
      <trkpt lat="30.641344" lon="104.11741">
        <time>2026-05-17T14:31:15Z</time>
      </trkpt>
      <trkpt lat="30.641376" lon="104.11735">
        <time>2026-05-17T14:31:16Z</time>
      </trkpt>
      <trkpt lat="30.64141" lon="104.117294">
        <time>2026-05-17T14:31:17Z</time>
      </trkpt>
      <trkpt lat="30.641438" lon="104.11724">
        <time>2026-05-17T14:31:18Z</time>
      </trkpt>
      <trkpt lat="30.641464" lon="104.117195">
        <time>2026-05-17T14:31:19Z</time>
      </trkpt>
      <trkpt lat="30.641493" lon="104.11715">
        <time>2026-05-17T14:31:20Z</time>
      </trkpt>
      <trkpt lat="30.641518" lon="104.1171">
        <time>2026-05-17T14:31:21Z</time>
      </trkpt>
      <trkpt lat="30.641542" lon="104.11705">
        <time>2026-05-17T14:31:22Z</time>
      </trkpt>
      <trkpt lat="30.641565" lon="104.117">
        <time>2026-05-17T14:31:23Z</time>
      </trkpt>
      <trkpt lat="30.641584" lon="104.11695">
        <time>2026-05-17T14:31:24Z</time>
      </trkpt>
      <trkpt lat="30.641607" lon="104.116905">
        <time>2026-05-17T14:31:25Z</time>
      </trkpt>
      <trkpt lat="30.64163" lon="104.11685">
        <time>2026-05-17T14:31:26Z</time>
      </trkpt>
      <trkpt lat="30.641651" lon="104.116806">
        <time>2026-05-17T14:31:27Z</time>
      </trkpt>
      <trkpt lat="30.641674" lon="104.11676">
        <time>2026-05-17T14:31:28Z</time>
      </trkpt>
      <trkpt lat="30.64169" lon="104.116714">
        <time>2026-05-17T14:31:29Z</time>
      </trkpt>
      <trkpt lat="30.641708" lon="104.11667">
        <time>2026-05-17T14:31:30Z</time>
      </trkpt>
      <trkpt lat="30.641727" lon="104.11662">
        <time>2026-05-17T14:31:31Z</time>
      </trkpt>
      <trkpt lat="30.641747" lon="104.11658">
        <time>2026-05-17T14:31:32Z</time>
      </trkpt>
      <trkpt lat="30.641766" lon="104.11653">
        <time>2026-05-17T14:31:33Z</time>
      </trkpt>
      <trkpt lat="30.641787" lon="104.11649">
        <time>2026-05-17T14:31:34Z</time>
      </trkpt>
      <trkpt lat="30.64181" lon="104.11645">
        <time>2026-05-17T14:31:35Z</time>
      </trkpt>
      <trkpt lat="30.641832" lon="104.1164">
        <time>2026-05-17T14:31:36Z</time>
      </trkpt>
      <trkpt lat="30.641851" lon="104.116356">
        <time>2026-05-17T14:31:37Z</time>
      </trkpt>
      <trkpt lat="30.641872" lon="104.11631">
        <time>2026-05-17T14:31:38Z</time>
      </trkpt>
      <trkpt lat="30.641891" lon="104.11627">
        <time>2026-05-17T14:31:39Z</time>
      </trkpt>
      <trkpt lat="30.641912" lon="104.11623">
        <time>2026-05-17T14:31:40Z</time>
      </trkpt>
      <trkpt lat="30.641932" lon="104.11618">
        <time>2026-05-17T14:31:41Z</time>
      </trkpt>
      <trkpt lat="30.641953" lon="104.116135">
        <time>2026-05-17T14:31:42Z</time>
      </trkpt>
      <trkpt lat="30.641972" lon="104.1161">
        <time>2026-05-17T14:31:43Z</time>
      </trkpt>
      <trkpt lat="30.64199" lon="104.11605">
        <time>2026-05-17T14:31:44Z</time>
      </trkpt>
      <trkpt lat="30.642008" lon="104.116005">
        <time>2026-05-17T14:31:45Z</time>
      </trkpt>
      <trkpt lat="30.642025" lon="104.11597">
        <time>2026-05-17T14:31:46Z</time>
      </trkpt>
      <trkpt lat="30.642042" lon="104.11592">
        <time>2026-05-17T14:31:47Z</time>
      </trkpt>
      <trkpt lat="30.64206" lon="104.11588">
        <time>2026-05-17T14:31:48Z</time>
      </trkpt>
      <trkpt lat="30.64208" lon="104.115845">
        <time>2026-05-17T14:31:49Z</time>
      </trkpt>
      <trkpt lat="30.642097" lon="104.115814">
        <time>2026-05-17T14:31:50Z</time>
      </trkpt>
      <trkpt lat="30.642113" lon="104.11578">
        <time>2026-05-17T14:31:51Z</time>
      </trkpt>
      <trkpt lat="30.642126" lon="104.11575">
        <time>2026-05-17T14:31:52Z</time>
      </trkpt>
      <trkpt lat="30.642143" lon="104.11572">
        <time>2026-05-17T14:31:53Z</time>
      </trkpt>
      <trkpt lat="30.642159" lon="104.1157">
        <time>2026-05-17T14:31:54Z</time>
      </trkpt>
      <trkpt lat="30.642176" lon="104.11567">
        <time>2026-05-17T14:31:55Z</time>
      </trkpt>
      <trkpt lat="30.642199" lon="104.11565">
        <time>2026-05-17T14:31:56Z</time>
      </trkpt>
      <trkpt lat="30.64222" lon="104.11562">
        <time>2026-05-17T14:31:57Z</time>
      </trkpt>
      <trkpt lat="30.642239" lon="104.11561">
        <time>2026-05-17T14:31:58Z</time>
      </trkpt>
      <trkpt lat="30.642256" lon="104.11559">
        <time>2026-05-17T14:31:59Z</time>
      </trkpt>
      <trkpt lat="30.64227" lon="104.11558">
        <time>2026-05-17T14:32:00Z</time>
      </trkpt>
      <trkpt lat="30.642282" lon="104.11556">
        <time>2026-05-17T14:32:01Z</time>
      </trkpt>
      <trkpt lat="30.642296" lon="104.115555">
        <time>2026-05-17T14:32:02Z</time>
      </trkpt>
      <trkpt lat="30.642305" lon="104.11554">
        <time>2026-05-17T14:32:03Z</time>
      </trkpt>
      <trkpt lat="30.64231" lon="104.11554">
        <time>2026-05-17T14:32:04Z</time>
      </trkpt>
      <trkpt lat="30.64231" lon="104.11554">
        <time>2026-05-17T14:32:05Z</time>
      </trkpt>
      <trkpt lat="30.64231" lon="104.11554">
        <time>2026-05-17T14:32:06Z</time>
      </trkpt>
      <trkpt lat="30.64231" lon="104.11554">
        <time>2026-05-17T14:32:07Z</time>
      </trkpt>
      <trkpt lat="30.64231" lon="104.11554">
        <time>2026-05-17T14:32:08Z</time>
      </trkpt>
      <trkpt lat="30.64231" lon="104.11554">
        <time>2026-05-17T14:32:09Z</time>
      </trkpt>
      <trkpt lat="30.64231" lon="104.11554">
        <time>2026-05-17T14:32:10Z</time>
      </trkpt>
      <trkpt lat="30.64231" lon="104.11554">
        <time>2026-05-17T14:32:11Z</time>
      </trkpt>
      <trkpt lat="30.64231" lon="104.11554">
        <time>2026-05-17T14:32:12Z</time>
      </trkpt>
      <trkpt lat="30.64231" lon="104.11554">
        <time>2026-05-17T14:32:13Z</time>
      </trkpt>
      <trkpt lat="30.64231" lon="104.11554">
        <time>2026-05-17T14:32:14Z</time>
      </trkpt>
      <trkpt lat="30.64231" lon="104.11554">
        <time>2026-05-17T14:32:15Z</time>
      </trkpt>
      <trkpt lat="30.64231" lon="104.11554">
        <time>2026-05-17T14:32:16Z</time>
      </trkpt>
      <trkpt lat="30.64231" lon="104.11554">
        <time>2026-05-17T14:32:17Z</time>
      </trkpt>
      <trkpt lat="30.64231" lon="104.11554">
        <time>2026-05-17T14:32:18Z</time>
      </trkpt>
      <trkpt lat="30.64231" lon="104.11554">
        <time>2026-05-17T14:32:19Z</time>
      </trkpt>
      <trkpt lat="30.64231" lon="104.11554">
        <time>2026-05-17T14:32:20Z</time>
      </trkpt>
      <trkpt lat="30.64231" lon="104.11554">
        <time>2026-05-17T14:32:21Z</time>
      </trkpt>
      <trkpt lat="30.64231" lon="104.11554">
        <time>2026-05-17T14:32:22Z</time>
      </trkpt>
      <trkpt lat="30.64231" lon="104.11554">
        <time>2026-05-17T14:32:23Z</time>
      </trkpt>
      <trkpt lat="30.64231" lon="104.11554">
        <time>2026-05-17T14:32:24Z</time>
      </trkpt>
      <trkpt lat="30.64231" lon="104.11554">
        <time>2026-05-17T14:32:25Z</time>
      </trkpt>
      <trkpt lat="30.64231" lon="104.11554">
        <time>2026-05-17T14:32:26Z</time>
      </trkpt>
      <trkpt lat="30.64231" lon="104.11554">
        <time>2026-05-17T14:32:27Z</time>
      </trkpt>
      <trkpt lat="30.64231" lon="104.11554">
        <time>2026-05-17T14:32:28Z</time>
      </trkpt>
      <trkpt lat="30.64231" lon="104.11554">
        <time>2026-05-17T14:32:29Z</time>
      </trkpt>
      <trkpt lat="30.64231" lon="104.11554">
        <time>2026-05-17T14:32:30Z</time>
      </trkpt>
      <trkpt lat="30.64231" lon="104.11554">
        <time>2026-05-17T14:32:31Z</time>
      </trkpt>
      <trkpt lat="30.64231" lon="104.11554">
        <time>2026-05-17T14:32:32Z</time>
      </trkpt>
      <trkpt lat="30.64231" lon="104.11554">
        <time>2026-05-17T14:32:33Z</time>
      </trkpt>
      <trkpt lat="30.64231" lon="104.11554">
        <time>2026-05-17T14:32:34Z</time>
      </trkpt>
      <trkpt lat="30.64231" lon="104.11554">
        <time>2026-05-17T14:32:35Z</time>
      </trkpt>
      <trkpt lat="30.64231" lon="104.11554">
        <time>2026-05-17T14:32:36Z</time>
      </trkpt>
      <trkpt lat="30.64231" lon="104.11554">
        <time>2026-05-17T14:32:37Z</time>
      </trkpt>
      <trkpt lat="30.64231" lon="104.11554">
        <time>2026-05-17T14:32:38Z</time>
      </trkpt>
      <trkpt lat="30.642323" lon="104.11552">
        <time>2026-05-17T14:32:39Z</time>
      </trkpt>
      <trkpt lat="30.642332" lon="104.11549">
        <time>2026-05-17T14:32:40Z</time>
      </trkpt>
      <trkpt lat="30.642345" lon="104.115456">
        <time>2026-05-17T14:32:41Z</time>
      </trkpt>
      <trkpt lat="30.64236" lon="104.11542">
        <time>2026-05-17T14:32:42Z</time>
      </trkpt>
      <trkpt lat="30.642378" lon="104.11537">
        <time>2026-05-17T14:32:43Z</time>
      </trkpt>
      <trkpt lat="30.642397" lon="104.115326">
        <time>2026-05-17T14:32:44Z</time>
      </trkpt>
      <trkpt lat="30.642418" lon="104.11528">
        <time>2026-05-17T14:32:45Z</time>
      </trkpt>
      <trkpt lat="30.642439" lon="104.11524">
        <time>2026-05-17T14:32:46Z</time>
      </trkpt>
      <trkpt lat="30.642454" lon="104.1152">
        <time>2026-05-17T14:32:47Z</time>
      </trkpt>
      <trkpt lat="30.642471" lon="104.11515">
        <time>2026-05-17T14:32:48Z</time>
      </trkpt>
      <trkpt lat="30.642494" lon="104.1151">
        <time>2026-05-17T14:32:49Z</time>
      </trkpt>
      <trkpt lat="30.642517" lon="104.11504">
        <time>2026-05-17T14:32:50Z</time>
      </trkpt>
      <trkpt lat="30.642538" lon="104.11499">
        <time>2026-05-17T14:32:51Z</time>
      </trkpt>
      <trkpt lat="30.64256" lon="104.11493">
        <time>2026-05-17T14:32:52Z</time>
      </trkpt>
      <trkpt lat="30.642586" lon="104.11487">
        <time>2026-05-17T14:32:53Z</time>
      </trkpt>
      <trkpt lat="30.642612" lon="104.1148">
        <time>2026-05-17T14:32:54Z</time>
      </trkpt>
      <trkpt lat="30.64264" lon="104.11474">
        <time>2026-05-17T14:32:55Z</time>
      </trkpt>
      <trkpt lat="30.642664" lon="104.11468">
        <time>2026-05-17T14:32:56Z</time>
      </trkpt>
      <trkpt lat="30.642689" lon="104.11462">
        <time>2026-05-17T14:32:57Z</time>
      </trkpt>
      <trkpt lat="30.642715" lon="104.114555">
        <time>2026-05-17T14:32:58Z</time>
      </trkpt>
      <trkpt lat="30.642746" lon="104.11449">
        <time>2026-05-17T14:32:59Z</time>
      </trkpt>
      <trkpt lat="30.642776" lon="104.11442">
        <time>2026-05-17T14:33:00Z</time>
      </trkpt>
      <trkpt lat="30.642809" lon="104.11434">
        <time>2026-05-17T14:33:01Z</time>
      </trkpt>
      <trkpt lat="30.642838" lon="104.11428">
        <time>2026-05-17T14:33:02Z</time>
      </trkpt>
      <trkpt lat="30.642872" lon="104.114204">
        <time>2026-05-17T14:33:03Z</time>
      </trkpt>
      <trkpt lat="30.642904" lon="104.114136">
        <time>2026-05-17T14:33:04Z</time>
      </trkpt>
      <trkpt lat="30.642939" lon="104.11407">
        <time>2026-05-17T14:33:05Z</time>
      </trkpt>
      <trkpt lat="30.642967" lon="104.114">
        <time>2026-05-17T14:33:06Z</time>
      </trkpt>
      <trkpt lat="30.642998" lon="104.11393">
        <time>2026-05-17T14:33:07Z</time>
      </trkpt>
      <trkpt lat="30.64303" lon="104.11387">
        <time>2026-05-17T14:33:08Z</time>
      </trkpt>
      <trkpt lat="30.643059" lon="104.1138">
        <time>2026-05-17T14:33:09Z</time>
      </trkpt>
      <trkpt lat="30.643084" lon="104.11374">
        <time>2026-05-17T14:33:10Z</time>
      </trkpt>
      <trkpt lat="30.643114" lon="104.11367">
        <time>2026-05-17T14:33:11Z</time>
      </trkpt>
      <trkpt lat="30.64314" lon="104.11362">
        <time>2026-05-17T14:33:12Z</time>
      </trkpt>
      <trkpt lat="30.643167" lon="104.113556">
        <time>2026-05-17T14:33:13Z</time>
      </trkpt>
      <trkpt lat="30.643198" lon="104.113495">
        <time>2026-05-17T14:33:14Z</time>
      </trkpt>
      <trkpt lat="30.643227" lon="104.11344">
        <time>2026-05-17T14:33:15Z</time>
      </trkpt>
      <trkpt lat="30.643267" lon="104.11337">
        <time>2026-05-17T14:33:16Z</time>
      </trkpt>
      <trkpt lat="30.6433" lon="104.113304">
        <time>2026-05-17T14:33:17Z</time>
      </trkpt>
      <trkpt lat="30.643333" lon="104.11324">
        <time>2026-05-17T14:33:18Z</time>
      </trkpt>
      <trkpt lat="30.643368" lon="104.11318">
        <time>2026-05-17T14:33:19Z</time>
      </trkpt>
      <trkpt lat="30.643408" lon="104.11311">
        <time>2026-05-17T14:33:20Z</time>
      </trkpt>
      <trkpt lat="30.643448" lon="104.113045">
        <time>2026-05-17T14:33:21Z</time>
      </trkpt>
      <trkpt lat="30.643478" lon="104.11298">
        <time>2026-05-17T14:33:22Z</time>
      </trkpt>
      <trkpt lat="30.643515" lon="104.11292">
        <time>2026-05-17T14:33:23Z</time>
      </trkpt>
      <trkpt lat="30.64355" lon="104.112854">
        <time>2026-05-17T14:33:24Z</time>
      </trkpt>
      <trkpt lat="30.643585" lon="104.112785">
        <time>2026-05-17T14:33:25Z</time>
      </trkpt>
      <trkpt lat="30.643623" lon="104.112724">
        <time>2026-05-17T14:33:26Z</time>
      </trkpt>
      <trkpt lat="30.643663" lon="104.112656">
        <time>2026-05-17T14:33:27Z</time>
      </trkpt>
      <trkpt lat="30.643702" lon="104.112595">
        <time>2026-05-17T14:33:28Z</time>
      </trkpt>
      <trkpt lat="30.643734" lon="104.11254">
        <time>2026-05-17T14:33:29Z</time>
      </trkpt>
      <trkpt lat="30.643766" lon="104.112495">
        <time>2026-05-17T14:33:30Z</time>
      </trkpt>
      <trkpt lat="30.643799" lon="104.11244">
        <time>2026-05-17T14:33:31Z</time>
      </trkpt>
      <trkpt lat="30.64383" lon="104.1124">
        <time>2026-05-17T14:33:32Z</time>
      </trkpt>
      <trkpt lat="30.643862" lon="104.11235">
        <time>2026-05-17T14:33:33Z</time>
      </trkpt>
      <trkpt lat="30.643888" lon="104.11232">
        <time>2026-05-17T14:33:34Z</time>
      </trkpt>
      <trkpt lat="30.643908" lon="104.1123">
        <time>2026-05-17T14:33:35Z</time>
      </trkpt>
      <trkpt lat="30.643908" lon="104.11229">
        <time>2026-05-17T14:33:36Z</time>
      </trkpt>
      <trkpt lat="30.643894" lon="104.1123">
        <time>2026-05-17T14:33:37Z</time>
      </trkpt>
      <trkpt lat="30.643894" lon="104.1123">
        <time>2026-05-17T14:33:38Z</time>
      </trkpt>
      <trkpt lat="30.643894" lon="104.1123">
        <time>2026-05-17T14:33:39Z</time>
      </trkpt>
      <trkpt lat="30.643894" lon="104.1123">
        <time>2026-05-17T14:33:40Z</time>
      </trkpt>
      <trkpt lat="30.643894" lon="104.1123">
        <time>2026-05-17T14:33:41Z</time>
      </trkpt>
      <trkpt lat="30.643894" lon="104.1123">
        <time>2026-05-17T14:33:42Z</time>
      </trkpt>
      <trkpt lat="30.643894" lon="104.1123">
        <time>2026-05-17T14:33:43Z</time>
      </trkpt>
      <trkpt lat="30.643894" lon="104.1123">
        <time>2026-05-17T14:33:44Z</time>
      </trkpt>
      <trkpt lat="30.643894" lon="104.1123">
        <time>2026-05-17T14:33:45Z</time>
      </trkpt>
      <trkpt lat="30.643894" lon="104.1123">
        <time>2026-05-17T14:33:46Z</time>
      </trkpt>
      <trkpt lat="30.643894" lon="104.1123">
        <time>2026-05-17T14:33:47Z</time>
      </trkpt>
      <trkpt lat="30.643894" lon="104.1123">
        <time>2026-05-17T14:33:48Z</time>
      </trkpt>
      <trkpt lat="30.643894" lon="104.1123">
        <time>2026-05-17T14:33:49Z</time>
      </trkpt>
      <trkpt lat="30.643894" lon="104.1123">
        <time>2026-05-17T14:33:50Z</time>
      </trkpt>
      <trkpt lat="30.643894" lon="104.1123">
        <time>2026-05-17T14:33:51Z</time>
      </trkpt>
      <trkpt lat="30.643894" lon="104.1123">
        <time>2026-05-17T14:33:52Z</time>
      </trkpt>
      <trkpt lat="30.643894" lon="104.1123">
        <time>2026-05-17T14:33:53Z</time>
      </trkpt>
      <trkpt lat="30.643894" lon="104.1123">
        <time>2026-05-17T14:33:54Z</time>
      </trkpt>
      <trkpt lat="30.643894" lon="104.1123">
        <time>2026-05-17T14:33:55Z</time>
      </trkpt>
      <trkpt lat="30.643894" lon="104.1123">
        <time>2026-05-17T14:33:56Z</time>
      </trkpt>
      <trkpt lat="30.643894" lon="104.1123">
        <time>2026-05-17T14:33:57Z</time>
      </trkpt>
      <trkpt lat="30.643894" lon="104.1123">
        <time>2026-05-17T14:33:58Z</time>
      </trkpt>
      <trkpt lat="30.643894" lon="104.1123">
        <time>2026-05-17T14:33:59Z</time>
      </trkpt>
      <trkpt lat="30.643894" lon="104.1123">
        <time>2026-05-17T14:34:00Z</time>
      </trkpt>
      <trkpt lat="30.643894" lon="104.1123">
        <time>2026-05-17T14:34:01Z</time>
      </trkpt>
      <trkpt lat="30.643894" lon="104.1123">
        <time>2026-05-17T14:34:02Z</time>
      </trkpt>
      <trkpt lat="30.643894" lon="104.1123">
        <time>2026-05-17T14:34:03Z</time>
      </trkpt>
      <trkpt lat="30.643894" lon="104.1123">
        <time>2026-05-17T14:34:04Z</time>
      </trkpt>
      <trkpt lat="30.643894" lon="104.1123">
        <time>2026-05-17T14:34:05Z</time>
      </trkpt>
      <trkpt lat="30.643894" lon="104.1123">
        <time>2026-05-17T14:34:06Z</time>
      </trkpt>
      <trkpt lat="30.643894" lon="104.1123">
        <time>2026-05-17T14:34:07Z</time>
      </trkpt>
      <trkpt lat="30.643894" lon="104.1123">
        <time>2026-05-17T14:34:08Z</time>
      </trkpt>
      <trkpt lat="30.643894" lon="104.1123">
        <time>2026-05-17T14:34:09Z</time>
      </trkpt>
      <trkpt lat="30.643894" lon="104.1123">
        <time>2026-05-17T14:34:10Z</time>
      </trkpt>
      <trkpt lat="30.643894" lon="104.1123">
        <time>2026-05-17T14:34:11Z</time>
      </trkpt>
      <trkpt lat="30.643894" lon="104.1123">
        <time>2026-05-17T14:34:12Z</time>
      </trkpt>
      <trkpt lat="30.643894" lon="104.1123">
        <time>2026-05-17T14:34:13Z</time>
      </trkpt>
      <trkpt lat="30.643894" lon="104.1123">
        <time>2026-05-17T14:34:14Z</time>
      </trkpt>
      <trkpt lat="30.643894" lon="104.1123">
        <time>2026-05-17T14:34:15Z</time>
      </trkpt>
      <trkpt lat="30.643894" lon="104.1123">
        <time>2026-05-17T14:34:16Z</time>
      </trkpt>
      <trkpt lat="30.643894" lon="104.1123">
        <time>2026-05-17T14:34:17Z</time>
      </trkpt>
      <trkpt lat="30.643894" lon="104.1123">
        <time>2026-05-17T14:34:18Z</time>
      </trkpt>
      <trkpt lat="30.643894" lon="104.1123">
        <time>2026-05-17T14:34:19Z</time>
      </trkpt>
      <trkpt lat="30.643894" lon="104.1123">
        <time>2026-05-17T14:34:20Z</time>
      </trkpt>
      <trkpt lat="30.643894" lon="104.1123">
        <time>2026-05-17T14:34:21Z</time>
      </trkpt>
      <trkpt lat="30.643892" lon="104.11225">
        <time>2026-05-17T14:34:22Z</time>
      </trkpt>
      <trkpt lat="30.643892" lon="104.11225">
        <time>2026-05-17T14:34:23Z</time>
      </trkpt>
      <trkpt lat="30.643892" lon="104.11225">
        <time>2026-05-17T14:34:24Z</time>
      </trkpt>
      <trkpt lat="30.643892" lon="104.11225">
        <time>2026-05-17T14:34:25Z</time>
      </trkpt>
      <trkpt lat="30.643892" lon="104.11225">
        <time>2026-05-17T14:34:26Z</time>
      </trkpt>
      <trkpt lat="30.643888" lon="104.11225">
        <time>2026-05-17T14:34:27Z</time>
      </trkpt>
      <trkpt lat="30.643888" lon="104.11224">
        <time>2026-05-17T14:34:28Z</time>
      </trkpt>
      <trkpt lat="30.64389" lon="104.112236">
        <time>2026-05-17T14:34:29Z</time>
      </trkpt>
      <trkpt lat="30.643892" lon="104.112236">
        <time>2026-05-17T14:34:30Z</time>
      </trkpt>
      <trkpt lat="30.643892" lon="104.11223">
        <time>2026-05-17T14:34:31Z</time>
      </trkpt>
      <trkpt lat="30.643892" lon="104.11223">
        <time>2026-05-17T14:34:32Z</time>
      </trkpt>
      <trkpt lat="30.643892" lon="104.11223">
        <time>2026-05-17T14:34:33Z</time>
      </trkpt>
      <trkpt lat="30.6439" lon="104.112236">
        <time>2026-05-17T14:34:34Z</time>
      </trkpt>
      <trkpt lat="30.643911" lon="104.11221">
        <time>2026-05-17T14:34:35Z</time>
      </trkpt>
      <trkpt lat="30.643923" lon="104.112206">
        <time>2026-05-17T14:34:36Z</time>
      </trkpt>
      <trkpt lat="30.643946" lon="104.11217">
        <time>2026-05-17T14:34:37Z</time>
      </trkpt>
      <trkpt lat="30.643965" lon="104.11213">
        <time>2026-05-17T14:34:38Z</time>
      </trkpt>
      <trkpt lat="30.643986" lon="104.112076">
        <time>2026-05-17T14:34:39Z</time>
      </trkpt>
      <trkpt lat="30.644" lon="104.11203">
        <time>2026-05-17T14:34:40Z</time>
      </trkpt>
      <trkpt lat="30.644003" lon="104.111984">
        <time>2026-05-17T14:34:41Z</time>
      </trkpt>
      <trkpt lat="30.644012" lon="104.111946">
        <time>2026-05-17T14:34:42Z</time>
      </trkpt>
      <trkpt lat="30.64402" lon="104.11191">
        <time>2026-05-17T14:34:43Z</time>
      </trkpt>
      <trkpt lat="30.644024" lon="104.11186">
        <time>2026-05-17T14:34:44Z</time>
      </trkpt>
      <trkpt lat="30.644026" lon="104.11181">
        <time>2026-05-17T14:34:45Z</time>
      </trkpt>
      <trkpt lat="30.644028" lon="104.111755">
        <time>2026-05-17T14:34:46Z</time>
      </trkpt>
      <trkpt lat="30.644037" lon="104.1117">
        <time>2026-05-17T14:34:47Z</time>
      </trkpt>
      <trkpt lat="30.644056" lon="104.11164">
        <time>2026-05-17T14:34:48Z</time>
      </trkpt>
      <trkpt lat="30.644075" lon="104.11159">
        <time>2026-05-17T14:34:49Z</time>
      </trkpt>
      <trkpt lat="30.6441" lon="104.11153">
        <time>2026-05-17T14:34:50Z</time>
      </trkpt>
      <trkpt lat="30.644121" lon="104.11148">
        <time>2026-05-17T14:34:51Z</time>
      </trkpt>
      <trkpt lat="30.644144" lon="104.111435">
        <time>2026-05-17T14:34:52Z</time>
      </trkpt>
      <trkpt lat="30.644173" lon="104.11139">
        <time>2026-05-17T14:34:53Z</time>
      </trkpt>
      <trkpt lat="30.644196" lon="104.111336">
        <time>2026-05-17T14:34:54Z</time>
      </trkpt>
      <trkpt lat="30.644218" lon="104.11128">
        <time>2026-05-17T14:34:55Z</time>
      </trkpt>
      <trkpt lat="30.644249" lon="104.11124">
        <time>2026-05-17T14:34:56Z</time>
      </trkpt>
      <trkpt lat="30.644278" lon="104.11118">
        <time>2026-05-17T14:34:57Z</time>
      </trkpt>
      <trkpt lat="30.644306" lon="104.11114">
        <time>2026-05-17T14:34:58Z</time>
      </trkpt>
      <trkpt lat="30.644331" lon="104.111084">
        <time>2026-05-17T14:34:59Z</time>
      </trkpt>
      <trkpt lat="30.644354" lon="104.11104">
        <time>2026-05-17T14:35:00Z</time>
      </trkpt>
      <trkpt lat="30.644377" lon="104.110985">
        <time>2026-05-17T14:35:01Z</time>
      </trkpt>
      <trkpt lat="30.644398" lon="104.11094">
        <time>2026-05-17T14:35:02Z</time>
      </trkpt>
      <trkpt lat="30.644423" lon="104.110886">
        <time>2026-05-17T14:35:03Z</time>
      </trkpt>
      <trkpt lat="30.64445" lon="104.11084">
        <time>2026-05-17T14:35:04Z</time>
      </trkpt>
      <trkpt lat="30.64447" lon="104.11079">
        <time>2026-05-17T14:35:05Z</time>
      </trkpt>
      <trkpt lat="30.644491" lon="104.11073">
        <time>2026-05-17T14:35:06Z</time>
      </trkpt>
      <trkpt lat="30.644514" lon="104.11068">
        <time>2026-05-17T14:35:07Z</time>
      </trkpt>
      <trkpt lat="30.644539" lon="104.11063">
        <time>2026-05-17T14:35:08Z</time>
      </trkpt>
      <trkpt lat="30.64456" lon="104.11058">
        <time>2026-05-17T14:35:09Z</time>
      </trkpt>
      <trkpt lat="30.644587" lon="104.110535">
        <time>2026-05-17T14:35:10Z</time>
      </trkpt>
      <trkpt lat="30.644613" lon="104.11048">
        <time>2026-05-17T14:35:11Z</time>
      </trkpt>
      <trkpt lat="30.64464" lon="104.110435">
        <time>2026-05-17T14:35:12Z</time>
      </trkpt>
      <trkpt lat="30.644669" lon="104.11038">
        <time>2026-05-17T14:35:13Z</time>
      </trkpt>
      <trkpt lat="30.644697" lon="104.11034">
        <time>2026-05-17T14:35:14Z</time>
      </trkpt>
      <trkpt lat="30.644726" lon="104.11028">
        <time>2026-05-17T14:35:15Z</time>
      </trkpt>
      <trkpt lat="30.644753" lon="104.11023">
        <time>2026-05-17T14:35:16Z</time>
      </trkpt>
      <trkpt lat="30.64478" lon="104.11018">
        <time>2026-05-17T14:35:17Z</time>
      </trkpt>
      <trkpt lat="30.644808" lon="104.11014">
        <time>2026-05-17T14:35:18Z</time>
      </trkpt>
      <trkpt lat="30.644836" lon="104.110085">
        <time>2026-05-17T14:35:19Z</time>
      </trkpt>
      <trkpt lat="30.644867" lon="104.11004">
        <time>2026-05-17T14:35:20Z</time>
      </trkpt>
      <trkpt lat="30.644892" lon="104.109985">
        <time>2026-05-17T14:35:21Z</time>
      </trkpt>
      <trkpt lat="30.64492" lon="104.10994">
        <time>2026-05-17T14:35:22Z</time>
      </trkpt>
      <trkpt lat="30.64495" lon="104.10989">
        <time>2026-05-17T14:35:23Z</time>
      </trkpt>
      <trkpt lat="30.64498" lon="104.10985">
        <time>2026-05-17T14:35:24Z</time>
      </trkpt>
      <trkpt lat="30.645006" lon="104.109795">
        <time>2026-05-17T14:35:25Z</time>
      </trkpt>
      <trkpt lat="30.645039" lon="104.10973">
        <time>2026-05-17T14:35:26Z</time>
      </trkpt>
      <trkpt lat="30.64507" lon="104.10969">
        <time>2026-05-17T14:35:27Z</time>
      </trkpt>
      <trkpt lat="30.645102" lon="104.109634">
        <time>2026-05-17T14:35:28Z</time>
      </trkpt>
      <trkpt lat="30.645134" lon="104.10959">
        <time>2026-05-17T14:35:29Z</time>
      </trkpt>
      <trkpt lat="30.645159" lon="104.10953">
        <time>2026-05-17T14:35:30Z</time>
      </trkpt>
      <trkpt lat="30.645178" lon="104.10947">
        <time>2026-05-17T14:35:31Z</time>
      </trkpt>
      <trkpt lat="30.645199" lon="104.10941">
        <time>2026-05-17T14:35:32Z</time>
      </trkpt>
      <trkpt lat="30.645222" lon="104.10935">
        <time>2026-05-17T14:35:33Z</time>
      </trkpt>
      <trkpt lat="30.645245" lon="104.10929">
        <time>2026-05-17T14:35:34Z</time>
      </trkpt>
      <trkpt lat="30.645266" lon="104.10923">
        <time>2026-05-17T14:35:35Z</time>
      </trkpt>
      <trkpt lat="30.645287" lon="104.10918">
        <time>2026-05-17T14:35:36Z</time>
      </trkpt>
      <trkpt lat="30.64531" lon="104.109116">
        <time>2026-05-17T14:35:37Z</time>
      </trkpt>
      <trkpt lat="30.645338" lon="104.10906">
        <time>2026-05-17T14:35:38Z</time>
      </trkpt>
      <trkpt lat="30.645367" lon="104.10901">
        <time>2026-05-17T14:35:39Z</time>
      </trkpt>
      <trkpt lat="30.645395" lon="104.108955">
        <time>2026-05-17T14:35:40Z</time>
      </trkpt>
      <trkpt lat="30.645426" lon="104.108894">
        <time>2026-05-17T14:35:41Z</time>
      </trkpt>
      <trkpt lat="30.645456" lon="104.10884">
        <time>2026-05-17T14:35:42Z</time>
      </trkpt>
      <trkpt lat="30.645487" lon="104.10879">
        <time>2026-05-17T14:35:43Z</time>
      </trkpt>
      <trkpt lat="30.645515" lon="104.10874">
        <time>2026-05-17T14:35:44Z</time>
      </trkpt>
      <trkpt lat="30.645544" lon="104.10868">
        <time>2026-05-17T14:35:45Z</time>
      </trkpt>
      <trkpt lat="30.645576" lon="104.10862">
        <time>2026-05-17T14:35:46Z</time>
      </trkpt>
      <trkpt lat="30.64561" lon="104.10857">
        <time>2026-05-17T14:35:47Z</time>
      </trkpt>
      <trkpt lat="30.645643" lon="104.108505">
        <time>2026-05-17T14:35:48Z</time>
      </trkpt>
      <trkpt lat="30.645674" lon="104.10845">
        <time>2026-05-17T14:35:49Z</time>
      </trkpt>
      <trkpt lat="30.6457" lon="104.10839">
        <time>2026-05-17T14:35:50Z</time>
      </trkpt>
      <trkpt lat="30.645718" lon="104.10833">
        <time>2026-05-17T14:35:51Z</time>
      </trkpt>
      <trkpt lat="30.645733" lon="104.10827">
        <time>2026-05-17T14:35:52Z</time>
      </trkpt>
      <trkpt lat="30.645748" lon="104.108215">
        <time>2026-05-17T14:35:53Z</time>
      </trkpt>
      <trkpt lat="30.645756" lon="104.108154">
        <time>2026-05-17T14:35:54Z</time>
      </trkpt>
      <trkpt lat="30.645767" lon="104.10809">
        <time>2026-05-17T14:35:55Z</time>
      </trkpt>
      <trkpt lat="30.645777" lon="104.108025">
        <time>2026-05-17T14:35:56Z</time>
      </trkpt>
      <trkpt lat="30.645788" lon="104.10796">
        <time>2026-05-17T14:35:57Z</time>
      </trkpt>
      <trkpt lat="30.645805" lon="104.10789">
        <time>2026-05-17T14:35:58Z</time>
      </trkpt>
      <trkpt lat="30.645834" lon="104.10781">
        <time>2026-05-17T14:35:59Z</time>
      </trkpt>
      <trkpt lat="30.64587" lon="104.10774">
        <time>2026-05-17T14:36:00Z</time>
      </trkpt>
      <trkpt lat="30.645903" lon="104.10769">
        <time>2026-05-17T14:36:01Z</time>
      </trkpt>
      <trkpt lat="30.645935" lon="104.10763">
        <time>2026-05-17T14:36:02Z</time>
      </trkpt>
      <trkpt lat="30.64596" lon="104.10755">
        <time>2026-05-17T14:36:03Z</time>
      </trkpt>
      <trkpt lat="30.645987" lon="104.107475">
        <time>2026-05-17T14:36:04Z</time>
      </trkpt>
      <trkpt lat="30.646017" lon="104.10741">
        <time>2026-05-17T14:36:05Z</time>
      </trkpt>
      <trkpt lat="30.646053" lon="104.10733">
        <time>2026-05-17T14:36:06Z</time>
      </trkpt>
      <trkpt lat="30.64609" lon="104.10726">
        <time>2026-05-17T14:36:07Z</time>
      </trkpt>
      <trkpt lat="30.646126" lon="104.1072">
        <time>2026-05-17T14:36:08Z</time>
      </trkpt>
      <trkpt lat="30.64616" lon="104.10713">
        <time>2026-05-17T14:36:09Z</time>
      </trkpt>
      <trkpt lat="30.646194" lon="104.10707">
        <time>2026-05-17T14:36:10Z</time>
      </trkpt>
      <trkpt lat="30.64623" lon="104.107">
        <time>2026-05-17T14:36:11Z</time>
      </trkpt>
      <trkpt lat="30.646267" lon="104.10693">
        <time>2026-05-17T14:36:12Z</time>
      </trkpt>
      <trkpt lat="30.646305" lon="104.106865">
        <time>2026-05-17T14:36:13Z</time>
      </trkpt>
      <trkpt lat="30.646338" lon="104.10679">
        <time>2026-05-17T14:36:14Z</time>
      </trkpt>
      <trkpt lat="30.646381" lon="104.10671">
        <time>2026-05-17T14:36:15Z</time>
      </trkpt>
      <trkpt lat="30.646408" lon="104.10666">
        <time>2026-05-17T14:36:16Z</time>
      </trkpt>
      <trkpt lat="30.646439" lon="104.1066">
        <time>2026-05-17T14:36:17Z</time>
      </trkpt>
      <trkpt lat="30.646471" lon="104.10654">
        <time>2026-05-17T14:36:18Z</time>
      </trkpt>
      <trkpt lat="30.646505" lon="104.10647">
        <time>2026-05-17T14:36:19Z</time>
      </trkpt>
      <trkpt lat="30.646536" lon="104.10641">
        <time>2026-05-17T14:36:20Z</time>
      </trkpt>
      <trkpt lat="30.646572" lon="104.10635">
        <time>2026-05-17T14:36:21Z</time>
      </trkpt>
      <trkpt lat="30.646608" lon="104.10629">
        <time>2026-05-17T14:36:22Z</time>
      </trkpt>
      <trkpt lat="30.64664" lon="104.10623">
        <time>2026-05-17T14:36:23Z</time>
      </trkpt>
      <trkpt lat="30.646667" lon="104.10617">
        <time>2026-05-17T14:36:24Z</time>
      </trkpt>
      <trkpt lat="30.646694" lon="104.10609">
        <time>2026-05-17T14:36:25Z</time>
      </trkpt>
      <trkpt lat="30.646719" lon="104.10601">
        <time>2026-05-17T14:36:26Z</time>
      </trkpt>
      <trkpt lat="30.646746" lon="104.105934">
        <time>2026-05-17T14:36:27Z</time>
      </trkpt>
      <trkpt lat="30.646772" lon="104.10585">
        <time>2026-05-17T14:36:28Z</time>
      </trkpt>
      <trkpt lat="30.646803" lon="104.105774">
        <time>2026-05-17T14:36:29Z</time>
      </trkpt>
      <trkpt lat="30.646835" lon="104.10568">
        <time>2026-05-17T14:36:30Z</time>
      </trkpt>
      <trkpt lat="30.646872" lon="104.1056">
        <time>2026-05-17T14:36:31Z</time>
      </trkpt>
      <trkpt lat="30.646912" lon="104.105515">
        <time>2026-05-17T14:36:32Z</time>
      </trkpt>
      <trkpt lat="30.646946" lon="104.105446">
        <time>2026-05-17T14:36:33Z</time>
      </trkpt>
      <trkpt lat="30.646984" lon="104.10537">
        <time>2026-05-17T14:36:34Z</time>
      </trkpt>
      <trkpt lat="30.647015" lon="104.10529">
        <time>2026-05-17T14:36:35Z</time>
      </trkpt>
      <trkpt lat="30.647049" lon="104.10522">
        <time>2026-05-17T14:36:36Z</time>
      </trkpt>
      <trkpt lat="30.647081" lon="104.10514">
        <time>2026-05-17T14:36:37Z</time>
      </trkpt>
      <trkpt lat="30.647118" lon="104.105064">
        <time>2026-05-17T14:36:38Z</time>
      </trkpt>
      <trkpt lat="30.647152" lon="104.10498">
        <time>2026-05-17T14:36:39Z</time>
      </trkpt>
      <trkpt lat="30.647184" lon="104.104904">
        <time>2026-05-17T14:36:40Z</time>
      </trkpt>
      <trkpt lat="30.647215" lon="104.104836">
        <time>2026-05-17T14:36:41Z</time>
      </trkpt>
      <trkpt lat="30.64724" lon="104.10477">
        <time>2026-05-17T14:36:42Z</time>
      </trkpt>
      <trkpt lat="30.647268" lon="104.10469">
        <time>2026-05-17T14:36:43Z</time>
      </trkpt>
      <trkpt lat="30.6473" lon="104.104614">
        <time>2026-05-17T14:36:44Z</time>
      </trkpt>
      <trkpt lat="30.647335" lon="104.104546">
        <time>2026-05-17T14:36:45Z</time>
      </trkpt>
      <trkpt lat="30.647366" lon="104.104485">
        <time>2026-05-17T14:36:46Z</time>
      </trkpt>
      <trkpt lat="30.647396" lon="104.10441">
        <time>2026-05-17T14:36:47Z</time>
      </trkpt>
      <trkpt lat="30.647427" lon="104.10435">
        <time>2026-05-17T14:36:48Z</time>
      </trkpt>
      <trkpt lat="30.647457" lon="104.10428">
        <time>2026-05-17T14:36:49Z</time>
      </trkpt>
      <trkpt lat="30.647488" lon="104.10421">
        <time>2026-05-17T14:36:50Z</time>
      </trkpt>
      <trkpt lat="30.64752" lon="104.10414">
        <time>2026-05-17T14:36:51Z</time>
      </trkpt>
      <trkpt lat="30.64755" lon="104.10408">
        <time>2026-05-17T14:36:52Z</time>
      </trkpt>
      <trkpt lat="30.647581" lon="104.10402">
        <time>2026-05-17T14:36:53Z</time>
      </trkpt>
      <trkpt lat="30.647612" lon="104.10396">
        <time>2026-05-17T14:36:54Z</time>
      </trkpt>
      <trkpt lat="30.647646" lon="104.1039">
        <time>2026-05-17T14:36:55Z</time>
      </trkpt>
      <trkpt lat="30.647676" lon="104.103836">
        <time>2026-05-17T14:36:56Z</time>
      </trkpt>
      <trkpt lat="30.647701" lon="104.10377">
        <time>2026-05-17T14:36:57Z</time>
      </trkpt>
      <trkpt lat="30.647724" lon="104.10371">
        <time>2026-05-17T14:36:58Z</time>
      </trkpt>
      <trkpt lat="30.64775" lon="104.10364">
        <time>2026-05-17T14:36:59Z</time>
      </trkpt>
      <trkpt lat="30.647774" lon="104.10357">
        <time>2026-05-17T14:37:00Z</time>
      </trkpt>
      <trkpt lat="30.647804" lon="104.10351">
        <time>2026-05-17T14:37:01Z</time>
      </trkpt>
      <trkpt lat="30.647842" lon="104.10345">
        <time>2026-05-17T14:37:02Z</time>
      </trkpt>
      <trkpt lat="30.647877" lon="104.10339">
        <time>2026-05-17T14:37:03Z</time>
      </trkpt>
      <trkpt lat="30.647911" lon="104.10334">
        <time>2026-05-17T14:37:04Z</time>
      </trkpt>
      <trkpt lat="30.647947" lon="104.103294">
        <time>2026-05-17T14:37:05Z</time>
      </trkpt>
      <trkpt lat="30.64798" lon="104.10324">
        <time>2026-05-17T14:37:06Z</time>
      </trkpt>
      <trkpt lat="30.648012" lon="104.10319">
        <time>2026-05-17T14:37:07Z</time>
      </trkpt>
      <trkpt lat="30.648046" lon="104.10313">
        <time>2026-05-17T14:37:08Z</time>
      </trkpt>
      <trkpt lat="30.64808" lon="104.10306">
        <time>2026-05-17T14:37:09Z</time>
      </trkpt>
      <trkpt lat="30.648111" lon="104.103004">
        <time>2026-05-17T14:37:10Z</time>
      </trkpt>
      <trkpt lat="30.648136" lon="104.10296">
        <time>2026-05-17T14:37:11Z</time>
      </trkpt>
      <trkpt lat="30.64816" lon="104.10291">
        <time>2026-05-17T14:37:12Z</time>
      </trkpt>
      <trkpt lat="30.648182" lon="104.10287">
        <time>2026-05-17T14:37:13Z</time>
      </trkpt>
      <trkpt lat="30.648203" lon="104.10282">
        <time>2026-05-17T14:37:14Z</time>
      </trkpt>
      <trkpt lat="30.648224" lon="104.10277">
        <time>2026-05-17T14:37:15Z</time>
      </trkpt>
      <trkpt lat="30.648249" lon="104.102715">
        <time>2026-05-17T14:37:16Z</time>
      </trkpt>
      <trkpt lat="30.648273" lon="104.102646">
        <time>2026-05-17T14:37:17Z</time>
      </trkpt>
      <trkpt lat="30.648293" lon="104.10258">
        <time>2026-05-17T14:37:18Z</time>
      </trkpt>
      <trkpt lat="30.648314" lon="104.10251">
        <time>2026-05-17T14:37:19Z</time>
      </trkpt>
      <trkpt lat="30.648338" lon="104.10245">
        <time>2026-05-17T14:37:20Z</time>
      </trkpt>
      <trkpt lat="30.648365" lon="104.10239">
        <time>2026-05-17T14:37:21Z</time>
      </trkpt>
      <trkpt lat="30.648394" lon="104.102325">
        <time>2026-05-17T14:37:22Z</time>
      </trkpt>
      <trkpt lat="30.648422" lon="104.102264">
        <time>2026-05-17T14:37:23Z</time>
      </trkpt>
      <trkpt lat="30.64845" lon="104.10221">
        <time>2026-05-17T14:37:24Z</time>
      </trkpt>
      <trkpt lat="30.648487" lon="104.102165">
        <time>2026-05-17T14:37:25Z</time>
      </trkpt>
      <trkpt lat="30.648521" lon="104.102104">
        <time>2026-05-17T14:37:26Z</time>
      </trkpt>
      <trkpt lat="30.648558" lon="104.10206">
        <time>2026-05-17T14:37:27Z</time>
      </trkpt>
      <trkpt lat="30.648594" lon="104.102005">
        <time>2026-05-17T14:37:28Z</time>
      </trkpt>
      <trkpt lat="30.648626" lon="104.101944">
        <time>2026-05-17T14:37:29Z</time>
      </trkpt>
      <trkpt lat="30.648657" lon="104.10189">
        <time>2026-05-17T14:37:30Z</time>
      </trkpt>
      <trkpt lat="30.64868" lon="104.10182">
        <time>2026-05-17T14:37:31Z</time>
      </trkpt>
      <trkpt lat="30.648705" lon="104.10176">
        <time>2026-05-17T14:37:32Z</time>
      </trkpt>
      <trkpt lat="30.648722" lon="104.1017">
        <time>2026-05-17T14:37:33Z</time>
      </trkpt>
      <trkpt lat="30.648733" lon="104.10165">
        <time>2026-05-17T14:37:34Z</time>
      </trkpt>
      <trkpt lat="30.648745" lon="104.101585">
        <time>2026-05-17T14:37:35Z</time>
      </trkpt>
      <trkpt lat="30.64876" lon="104.10153">
        <time>2026-05-17T14:37:36Z</time>
      </trkpt>
      <trkpt lat="30.648783" lon="104.10149">
        <time>2026-05-17T14:37:37Z</time>
      </trkpt>
      <trkpt lat="30.648808" lon="104.10145">
        <time>2026-05-17T14:37:38Z</time>
      </trkpt>
      <trkpt lat="30.648834" lon="104.101395">
        <time>2026-05-17T14:37:39Z</time>
      </trkpt>
      <trkpt lat="30.648865" lon="104.10133">
        <time>2026-05-17T14:37:40Z</time>
      </trkpt>
      <trkpt lat="30.648893" lon="104.101265">
        <time>2026-05-17T14:37:41Z</time>
      </trkpt>
      <trkpt lat="30.648924" lon="104.10122">
        <time>2026-05-17T14:37:42Z</time>
      </trkpt>
      <trkpt lat="30.648956" lon="104.10116">
        <time>2026-05-17T14:37:43Z</time>
      </trkpt>
      <trkpt lat="30.648987" lon="104.101105">
        <time>2026-05-17T14:37:44Z</time>
      </trkpt>
      <trkpt lat="30.64901" lon="104.10104">
        <time>2026-05-17T14:37:45Z</time>
      </trkpt>
      <trkpt lat="30.649033" lon="104.10099">
        <time>2026-05-17T14:37:46Z</time>
      </trkpt>
      <trkpt lat="30.649065" lon="104.10092">
        <time>2026-05-17T14:37:47Z</time>
      </trkpt>
      <trkpt lat="30.649097" lon="104.10085">
        <time>2026-05-17T14:37:48Z</time>
      </trkpt>
      <trkpt lat="30.649132" lon="104.10078">
        <time>2026-05-17T14:37:49Z</time>
      </trkpt>
      <trkpt lat="30.649164" lon="104.100716">
        <time>2026-05-17T14:37:50Z</time>
      </trkpt>
      <trkpt lat="30.64919" lon="104.100655">
        <time>2026-05-17T14:37:51Z</time>
      </trkpt>
      <trkpt lat="30.649218" lon="104.10059">
        <time>2026-05-17T14:37:52Z</time>
      </trkpt>
      <trkpt lat="30.649242" lon="104.100525">
        <time>2026-05-17T14:37:53Z</time>
      </trkpt>
      <trkpt lat="30.64927" lon="104.100464">
        <time>2026-05-17T14:37:54Z</time>
      </trkpt>
      <trkpt lat="30.649296" lon="104.1004">
        <time>2026-05-17T14:37:55Z</time>
      </trkpt>
      <trkpt lat="30.64932" lon="104.100334">
        <time>2026-05-17T14:37:56Z</time>
      </trkpt>
      <trkpt lat="30.649343" lon="104.10027">
        <time>2026-05-17T14:37:57Z</time>
      </trkpt>
      <trkpt lat="30.649368" lon="104.100204">
        <time>2026-05-17T14:37:58Z</time>
      </trkpt>
      <trkpt lat="30.649391" lon="104.10014">
        <time>2026-05-17T14:37:59Z</time>
      </trkpt>
      <trkpt lat="30.649414" lon="104.10008">
        <time>2026-05-17T14:38:00Z</time>
      </trkpt>
      <trkpt lat="30.649439" lon="104.10002">
        <time>2026-05-17T14:38:01Z</time>
      </trkpt>
      <trkpt lat="30.649464" lon="104.09996">
        <time>2026-05-17T14:38:02Z</time>
      </trkpt>
      <trkpt lat="30.649492" lon="104.0999">
        <time>2026-05-17T14:38:03Z</time>
      </trkpt>
      <trkpt lat="30.649519" lon="104.099846">
        <time>2026-05-17T14:38:04Z</time>
      </trkpt>
      <trkpt lat="30.649546" lon="104.09979">
        <time>2026-05-17T14:38:05Z</time>
      </trkpt>
      <trkpt lat="30.649572" lon="104.09974">
        <time>2026-05-17T14:38:06Z</time>
      </trkpt>
      <trkpt lat="30.649601" lon="104.09968">
        <time>2026-05-17T14:38:07Z</time>
      </trkpt>
      <trkpt lat="30.649635" lon="104.09962">
        <time>2026-05-17T14:38:08Z</time>
      </trkpt>
      <trkpt lat="30.649666" lon="104.09955">
        <time>2026-05-17T14:38:09Z</time>
      </trkpt>
      <trkpt lat="30.649694" lon="104.099495">
        <time>2026-05-17T14:38:10Z</time>
      </trkpt>
      <trkpt lat="30.649723" lon="104.099434">
        <time>2026-05-17T14:38:11Z</time>
      </trkpt>
      <trkpt lat="30.649755" lon="104.099365">
        <time>2026-05-17T14:38:12Z</time>
      </trkpt>
      <trkpt lat="30.649788" lon="104.0993">
        <time>2026-05-17T14:38:13Z</time>
      </trkpt>
      <trkpt lat="30.649815" lon="104.099236">
        <time>2026-05-17T14:38:14Z</time>
      </trkpt>
      <trkpt lat="30.649849" lon="104.099174">
        <time>2026-05-17T14:38:15Z</time>
      </trkpt>
      <trkpt lat="30.649885" lon="104.09911">
        <time>2026-05-17T14:38:16Z</time>
      </trkpt>
      <trkpt lat="30.649921" lon="104.09905">
        <time>2026-05-17T14:38:17Z</time>
      </trkpt>
      <trkpt lat="30.649956" lon="104.09898">
        <time>2026-05-17T14:38:18Z</time>
      </trkpt>
      <trkpt lat="30.64999" lon="104.09892">
        <time>2026-05-17T14:38:19Z</time>
      </trkpt>
      <trkpt lat="30.65002" lon="104.098854">
        <time>2026-05-17T14:38:20Z</time>
      </trkpt>
      <trkpt lat="30.650047" lon="104.09879">
        <time>2026-05-17T14:38:21Z</time>
      </trkpt>
      <trkpt lat="30.650078" lon="104.09873">
        <time>2026-05-17T14:38:22Z</time>
      </trkpt>
      <trkpt lat="30.650108" lon="104.09866">
        <time>2026-05-17T14:38:23Z</time>
      </trkpt>
      <trkpt lat="30.650139" lon="104.098595">
        <time>2026-05-17T14:38:24Z</time>
      </trkpt>
      <trkpt lat="30.650166" lon="104.098526">
        <time>2026-05-17T14:38:25Z</time>
      </trkpt>
      <trkpt lat="30.650194" lon="104.09846">
        <time>2026-05-17T14:38:26Z</time>
      </trkpt>
      <trkpt lat="30.65022" lon="104.09839">
        <time>2026-05-17T14:38:27Z</time>
      </trkpt>
      <trkpt lat="30.650251" lon="104.09833">
        <time>2026-05-17T14:38:28Z</time>
      </trkpt>
      <trkpt lat="30.650274" lon="104.09827">
        <time>2026-05-17T14:38:29Z</time>
      </trkpt>
      <trkpt lat="30.650309" lon="104.09821">
        <time>2026-05-17T14:38:30Z</time>
      </trkpt>
      <trkpt lat="30.650343" lon="104.098175">
        <time>2026-05-17T14:38:31Z</time>
      </trkpt>
      <trkpt lat="30.650393" lon="104.09815">
        <time>2026-05-17T14:38:32Z</time>
      </trkpt>
      <trkpt lat="30.650452" lon="104.09814">
        <time>2026-05-17T14:38:33Z</time>
      </trkpt>
      <trkpt lat="30.65051" lon="104.09812">
        <time>2026-05-17T14:38:34Z</time>
      </trkpt>
      <trkpt lat="30.650562" lon="104.09813">
        <time>2026-05-17T14:38:35Z</time>
      </trkpt>
      <trkpt lat="30.650606" lon="104.09815">
        <time>2026-05-17T14:38:36Z</time>
      </trkpt>
      <trkpt lat="30.650652" lon="104.0982">
        <time>2026-05-17T14:38:37Z</time>
      </trkpt>
      <trkpt lat="30.650702" lon="104.09823">
        <time>2026-05-17T14:38:38Z</time>
      </trkpt>
      <trkpt lat="30.65075" lon="104.09826">
        <time>2026-05-17T14:38:39Z</time>
      </trkpt>
      <trkpt lat="30.650795" lon="104.09828">
        <time>2026-05-17T14:38:40Z</time>
      </trkpt>
      <trkpt lat="30.65084" lon="104.098305">
        <time>2026-05-17T14:38:41Z</time>
      </trkpt>
      <trkpt lat="30.650894" lon="104.098335">
        <time>2026-05-17T14:38:42Z</time>
      </trkpt>
      <trkpt lat="30.65095" lon="104.09837">
        <time>2026-05-17T14:38:43Z</time>
      </trkpt>
      <trkpt lat="30.651" lon="104.0984">
        <time>2026-05-17T14:38:44Z</time>
      </trkpt>
      <trkpt lat="30.65105" lon="104.098434">
        <time>2026-05-17T14:38:45Z</time>
      </trkpt>
      <trkpt lat="30.6511" lon="104.09846">
        <time>2026-05-17T14:38:46Z</time>
      </trkpt>
      <trkpt lat="30.651146" lon="104.09848">
        <time>2026-05-17T14:38:47Z</time>
      </trkpt>
      <trkpt lat="30.651196" lon="104.0985">
        <time>2026-05-17T14:38:48Z</time>
      </trkpt>
      <trkpt lat="30.65124" lon="104.09853">
        <time>2026-05-17T14:38:49Z</time>
      </trkpt>
      <trkpt lat="30.651285" lon="104.09856">
        <time>2026-05-17T14:38:50Z</time>
      </trkpt>
      <trkpt lat="30.65133" lon="104.09859">
        <time>2026-05-17T14:38:51Z</time>
      </trkpt>
      <trkpt lat="30.651375" lon="104.09861">
        <time>2026-05-17T14:38:52Z</time>
      </trkpt>
      <trkpt lat="30.651419" lon="104.09863">
        <time>2026-05-17T14:38:53Z</time>
      </trkpt>
      <trkpt lat="30.651466" lon="104.098656">
        <time>2026-05-17T14:38:54Z</time>
      </trkpt>
      <trkpt lat="30.651512" lon="104.09868">
        <time>2026-05-17T14:38:55Z</time>
      </trkpt>
      <trkpt lat="30.65156" lon="104.09871">
        <time>2026-05-17T14:38:56Z</time>
      </trkpt>
      <trkpt lat="30.651608" lon="104.09873">
        <time>2026-05-17T14:38:57Z</time>
      </trkpt>
      <trkpt lat="30.651659" lon="104.098755">
        <time>2026-05-17T14:38:58Z</time>
      </trkpt>
      <trkpt lat="30.651709" lon="104.09878">
        <time>2026-05-17T14:38:59Z</time>
      </trkpt>
      <trkpt lat="30.65176" lon="104.09881">
        <time>2026-05-17T14:39:00Z</time>
      </trkpt>
      <trkpt lat="30.651817" lon="104.09884">
        <time>2026-05-17T14:39:01Z</time>
      </trkpt>
      <trkpt lat="30.651861" lon="104.09889">
        <time>2026-05-17T14:39:02Z</time>
      </trkpt>
      <trkpt lat="30.65191" lon="104.09893">
        <time>2026-05-17T14:39:03Z</time>
      </trkpt>
      <trkpt lat="30.651958" lon="104.09896">
        <time>2026-05-17T14:39:04Z</time>
      </trkpt>
      <trkpt lat="30.652006" lon="104.09899">
        <time>2026-05-17T14:39:05Z</time>
      </trkpt>
      <trkpt lat="30.652056" lon="104.09902">
        <time>2026-05-17T14:39:06Z</time>
      </trkpt>
      <trkpt lat="30.652105" lon="104.099045">
        <time>2026-05-17T14:39:07Z</time>
      </trkpt>
      <trkpt lat="30.652151" lon="104.09907">
        <time>2026-05-17T14:39:08Z</time>
      </trkpt>
      <trkpt lat="30.6522" lon="104.09909">
        <time>2026-05-17T14:39:09Z</time>
      </trkpt>
      <trkpt lat="30.652246" lon="104.09911">
        <time>2026-05-17T14:39:10Z</time>
      </trkpt>
      <trkpt lat="30.65229" lon="104.099144">
        <time>2026-05-17T14:39:11Z</time>
      </trkpt>
      <trkpt lat="30.652332" lon="104.09917">
        <time>2026-05-17T14:39:12Z</time>
      </trkpt>
      <trkpt lat="30.652376" lon="104.0992">
        <time>2026-05-17T14:39:13Z</time>
      </trkpt>
      <trkpt lat="30.652424" lon="104.09922">
        <time>2026-05-17T14:39:14Z</time>
      </trkpt>
      <trkpt lat="30.652466" lon="104.09925">
        <time>2026-05-17T14:39:15Z</time>
      </trkpt>
      <trkpt lat="30.652506" lon="104.09927">
        <time>2026-05-17T14:39:16Z</time>
      </trkpt>
      <trkpt lat="30.652552" lon="104.099304">
        <time>2026-05-17T14:39:17Z</time>
      </trkpt>
      <trkpt lat="30.652597" lon="104.09934">
        <time>2026-05-17T14:39:18Z</time>
      </trkpt>
      <trkpt lat="30.652645" lon="104.09937">
        <time>2026-05-17T14:39:19Z</time>
      </trkpt>
      <trkpt lat="30.65269" lon="104.09941">
        <time>2026-05-17T14:39:20Z</time>
      </trkpt>
      <trkpt lat="30.652735" lon="104.09944">
        <time>2026-05-17T14:39:21Z</time>
      </trkpt>
      <trkpt lat="30.652782" lon="104.09947">
        <time>2026-05-17T14:39:22Z</time>
      </trkpt>
      <trkpt lat="30.652828" lon="104.0995">
        <time>2026-05-17T14:39:23Z</time>
      </trkpt>
      <trkpt lat="30.652878" lon="104.09955">
        <time>2026-05-17T14:39:24Z</time>
      </trkpt>
      <trkpt lat="30.652927" lon="104.09959">
        <time>2026-05-17T14:39:25Z</time>
      </trkpt>
      <trkpt lat="30.652973" lon="104.09962">
        <time>2026-05-17T14:39:26Z</time>
      </trkpt>
      <trkpt lat="30.65302" lon="104.09965">
        <time>2026-05-17T14:39:27Z</time>
      </trkpt>
      <trkpt lat="30.653067" lon="104.09968">
        <time>2026-05-17T14:39:28Z</time>
      </trkpt>
      <trkpt lat="30.653109" lon="104.09971">
        <time>2026-05-17T14:39:29Z</time>
      </trkpt>
      <trkpt lat="30.653149" lon="104.09974">
        <time>2026-05-17T14:39:30Z</time>
      </trkpt>
      <trkpt lat="30.653181" lon="104.09976">
        <time>2026-05-17T14:39:31Z</time>
      </trkpt>
      <trkpt lat="30.653217" lon="104.09979">
        <time>2026-05-17T14:39:32Z</time>
      </trkpt>
      <trkpt lat="30.65326" lon="104.09982">
        <time>2026-05-17T14:39:33Z</time>
      </trkpt>
      <trkpt lat="30.653303" lon="104.09986">
        <time>2026-05-17T14:39:34Z</time>
      </trkpt>
      <trkpt lat="30.653345" lon="104.09989">
        <time>2026-05-17T14:39:35Z</time>
      </trkpt>
      <trkpt lat="30.653389" lon="104.099915">
        <time>2026-05-17T14:39:36Z</time>
      </trkpt>
      <trkpt lat="30.65343" lon="104.099945">
        <time>2026-05-17T14:39:37Z</time>
      </trkpt>
      <trkpt lat="30.653486" lon="104.099976">
        <time>2026-05-17T14:39:38Z</time>
      </trkpt>
      <trkpt lat="30.653542" lon="104.10001">
        <time>2026-05-17T14:39:39Z</time>
      </trkpt>
      <trkpt lat="30.653584" lon="104.100044">
        <time>2026-05-17T14:39:40Z</time>
      </trkpt>
      <trkpt lat="30.653631" lon="104.100075">
        <time>2026-05-17T14:39:41Z</time>
      </trkpt>
      <trkpt lat="30.653679" lon="104.100105">
        <time>2026-05-17T14:39:42Z</time>
      </trkpt>
      <trkpt lat="30.653725" lon="104.100136">
        <time>2026-05-17T14:39:43Z</time>
      </trkpt>
      <trkpt lat="30.653776" lon="104.10017">
        <time>2026-05-17T14:39:44Z</time>
      </trkpt>
      <trkpt lat="30.653826" lon="104.1002">
        <time>2026-05-17T14:39:45Z</time>
      </trkpt>
      <trkpt lat="30.653873" lon="104.10022">
        <time>2026-05-17T14:39:46Z</time>
      </trkpt>
      <trkpt lat="30.653921" lon="104.10025">
        <time>2026-05-17T14:39:47Z</time>
      </trkpt>
      <trkpt lat="30.653969" lon="104.10028">
        <time>2026-05-17T14:39:48Z</time>
      </trkpt>
      <trkpt lat="30.654016" lon="104.10031">
        <time>2026-05-17T14:39:49Z</time>
      </trkpt>
      <trkpt lat="30.654062" lon="104.10034">
        <time>2026-05-17T14:39:50Z</time>
      </trkpt>
      <trkpt lat="30.654097" lon="104.10037">
        <time>2026-05-17T14:39:51Z</time>
      </trkpt>
      <trkpt lat="30.65413" lon="104.10039">
        <time>2026-05-17T14:39:52Z</time>
      </trkpt>
      <trkpt lat="30.65416" lon="104.10041">
        <time>2026-05-17T14:39:53Z</time>
      </trkpt>
      <trkpt lat="30.654186" lon="104.10044">
        <time>2026-05-17T14:39:54Z</time>
      </trkpt>
      <trkpt lat="30.654217" lon="104.10047">
        <time>2026-05-17T14:39:55Z</time>
      </trkpt>
      <trkpt lat="30.65425" lon="104.100494">
        <time>2026-05-17T14:39:56Z</time>
      </trkpt>
      <trkpt lat="30.65429" lon="104.10052">
        <time>2026-05-17T14:39:57Z</time>
      </trkpt>
      <trkpt lat="30.65434" lon="104.10054">
        <time>2026-05-17T14:39:58Z</time>
      </trkpt>
      <trkpt lat="30.654396" lon="104.100555">
        <time>2026-05-17T14:39:59Z</time>
      </trkpt>
      <trkpt lat="30.654451" lon="104.10058">
        <time>2026-05-17T14:40:00Z</time>
      </trkpt>
      <trkpt lat="30.654503" lon="104.1006">
        <time>2026-05-17T14:40:01Z</time>
      </trkpt>
      <trkpt lat="30.654552" lon="104.100624">
        <time>2026-05-17T14:40:02Z</time>
      </trkpt>
      <trkpt lat="30.654596" lon="104.10065">
        <time>2026-05-17T14:40:03Z</time>
      </trkpt>
      <trkpt lat="30.654646" lon="104.10067">
        <time>2026-05-17T14:40:04Z</time>
      </trkpt>
      <trkpt lat="30.654696" lon="104.10069">
        <time>2026-05-17T14:40:05Z</time>
      </trkpt>
      <trkpt lat="30.654737" lon="104.100716">
        <time>2026-05-17T14:40:06Z</time>
      </trkpt>
      <trkpt lat="30.654781" lon="104.100746">
        <time>2026-05-17T14:40:07Z</time>
      </trkpt>
      <trkpt lat="30.65483" lon="104.10077">
        <time>2026-05-17T14:40:08Z</time>
      </trkpt>
      <trkpt lat="30.654877" lon="104.1008">
        <time>2026-05-17T14:40:09Z</time>
      </trkpt>
      <trkpt lat="30.654922" lon="104.10083">
        <time>2026-05-17T14:40:10Z</time>
      </trkpt>
      <trkpt lat="30.654966" lon="104.10087">
        <time>2026-05-17T14:40:11Z</time>
      </trkpt>
      <trkpt lat="30.655012" lon="104.1009">
        <time>2026-05-17T14:40:12Z</time>
      </trkpt>
      <trkpt lat="30.655056" lon="104.10092">
        <time>2026-05-17T14:40:13Z</time>
      </trkpt>
      <trkpt lat="30.655096" lon="104.100945">
        <time>2026-05-17T14:40:14Z</time>
      </trkpt>
      <trkpt lat="30.655144" lon="104.10098">
        <time>2026-05-17T14:40:15Z</time>
      </trkpt>
      <trkpt lat="30.655188" lon="104.101006">
        <time>2026-05-17T14:40:16Z</time>
      </trkpt>
      <trkpt lat="30.655226" lon="104.10102">
        <time>2026-05-17T14:40:17Z</time>
      </trkpt>
      <trkpt lat="30.655258" lon="104.10101">
        <time>2026-05-17T14:40:18Z</time>
      </trkpt>
      <trkpt lat="30.65529" lon="104.101">
        <time>2026-05-17T14:40:19Z</time>
      </trkpt>
      <trkpt lat="30.65532" lon="104.10097">
        <time>2026-05-17T14:40:20Z</time>
      </trkpt>
      <trkpt lat="30.655338" lon="104.100945">
        <time>2026-05-17T14:40:21Z</time>
      </trkpt>
      <trkpt lat="30.655355" lon="104.100914">
        <time>2026-05-17T14:40:22Z</time>
      </trkpt>
      <trkpt lat="30.655369" lon="104.10088">
        <time>2026-05-17T14:40:23Z</time>
      </trkpt>
      <trkpt lat="30.655386" lon="104.10084">
        <time>2026-05-17T14:40:24Z</time>
      </trkpt>
      <trkpt lat="30.6554" lon="104.10079">
        <time>2026-05-17T14:40:25Z</time>
      </trkpt>
      <trkpt lat="30.655416" lon="104.10075">
        <time>2026-05-17T14:40:26Z</time>
      </trkpt>
      <trkpt lat="30.655437" lon="104.100716">
        <time>2026-05-17T14:40:27Z</time>
      </trkpt>
      <trkpt lat="30.655457" lon="104.10067">
        <time>2026-05-17T14:40:28Z</time>
      </trkpt>
      <trkpt lat="30.655476" lon="104.100624">
        <time>2026-05-17T14:40:29Z</time>
      </trkpt>
      <trkpt lat="30.655497" lon="104.10057">
        <time>2026-05-17T14:40:30Z</time>
      </trkpt>
      <trkpt lat="30.65552" lon="104.10055">
        <time>2026-05-17T14:40:31Z</time>
      </trkpt>
      <trkpt lat="30.655546" lon="104.10054">
        <time>2026-05-17T14:40:32Z</time>
      </trkpt>
      <trkpt lat="30.655575" lon="104.100555">
        <time>2026-05-17T14:40:33Z</time>
      </trkpt>
      <trkpt lat="30.655605" lon="104.10056">
        <time>2026-05-17T14:40:34Z</time>
      </trkpt>
      <trkpt lat="30.655643" lon="104.10058">
        <time>2026-05-17T14:40:35Z</time>
      </trkpt>
      <trkpt lat="30.655672" lon="104.1006">
        <time>2026-05-17T14:40:36Z</time>
      </trkpt>
      <trkpt lat="30.655708" lon="104.100624">
        <time>2026-05-17T14:40:37Z</time>
      </trkpt>
      <trkpt lat="30.655745" lon="104.10065">
        <time>2026-05-17T14:40:38Z</time>
      </trkpt>
      <trkpt lat="30.65578" lon="104.100655">
        <time>2026-05-17T14:40:39Z</time>
      </trkpt>
      <trkpt lat="30.655817" lon="104.10068">
        <time>2026-05-17T14:40:40Z</time>
      </trkpt>
      <trkpt lat="30.65586" lon="104.1007">
        <time>2026-05-17T14:40:41Z</time>
      </trkpt>
      <trkpt lat="30.6559" lon="104.100716">
        <time>2026-05-17T14:40:42Z</time>
      </trkpt>
      <trkpt lat="30.65594" lon="104.10074">
        <time>2026-05-17T14:40:43Z</time>
      </trkpt>
      <trkpt lat="30.65598" lon="104.10076">
        <time>2026-05-17T14:40:44Z</time>
      </trkpt>
      <trkpt lat="30.656012" lon="104.100784">
        <time>2026-05-17T14:40:45Z</time>
      </trkpt>
      <trkpt lat="30.656042" lon="104.100815">
        <time>2026-05-17T14:40:46Z</time>
      </trkpt>
      <trkpt lat="30.65608" lon="104.100845">
        <time>2026-05-17T14:40:47Z</time>
      </trkpt>
      <trkpt lat="30.656115" lon="104.100876">
        <time>2026-05-17T14:40:48Z</time>
      </trkpt>
      <trkpt lat="30.65616" lon="104.10091">
        <time>2026-05-17T14:40:49Z</time>
      </trkpt>
      <trkpt lat="30.656202" lon="104.10093">
        <time>2026-05-17T14:40:50Z</time>
      </trkpt>
      <trkpt lat="30.656244" lon="104.10095">
        <time>2026-05-17T14:40:51Z</time>
      </trkpt>
      <trkpt lat="30.656282" lon="104.100975">
        <time>2026-05-17T14:40:52Z</time>
      </trkpt>
      <trkpt lat="30.656313" lon="104.101006">
        <time>2026-05-17T14:40:53Z</time>
      </trkpt>
      <trkpt lat="30.656343" lon="104.10103">
        <time>2026-05-17T14:40:54Z</time>
      </trkpt>
      <trkpt lat="30.656378" lon="104.10105">
        <time>2026-05-17T14:40:55Z</time>
      </trkpt>
      <trkpt lat="30.656416" lon="104.10109">
        <time>2026-05-17T14:40:56Z</time>
      </trkpt>
      <trkpt lat="30.656448" lon="104.101105">
        <time>2026-05-17T14:40:57Z</time>
      </trkpt>
      <trkpt lat="30.656483" lon="104.101135">
        <time>2026-05-17T14:40:58Z</time>
      </trkpt>
      <trkpt lat="30.656511" lon="104.101166">
        <time>2026-05-17T14:40:59Z</time>
      </trkpt>
      <trkpt lat="30.656534" lon="104.10119">
        <time>2026-05-17T14:41:00Z</time>
      </trkpt>
      <trkpt lat="30.656548" lon="104.10119">
        <time>2026-05-17T14:41:01Z</time>
      </trkpt>
      <trkpt lat="30.656551" lon="104.10119">
        <time>2026-05-17T14:41:02Z</time>
      </trkpt>
      <trkpt lat="30.656548" lon="104.10119">
        <time>2026-05-17T14:41:03Z</time>
      </trkpt>
      <trkpt lat="30.656548" lon="104.10119">
        <time>2026-05-17T14:41:04Z</time>
      </trkpt>
      <trkpt lat="30.656548" lon="104.10119">
        <time>2026-05-17T14:41:05Z</time>
      </trkpt>
      <trkpt lat="30.656548" lon="104.10119">
        <time>2026-05-17T14:41:06Z</time>
      </trkpt>
      <trkpt lat="30.656548" lon="104.10119">
        <time>2026-05-17T14:41:07Z</time>
      </trkpt>
      <trkpt lat="30.656548" lon="104.10119">
        <time>2026-05-17T14:41:08Z</time>
      </trkpt>
      <trkpt lat="30.656548" lon="104.10119">
        <time>2026-05-17T14:41:09Z</time>
      </trkpt>
      <trkpt lat="30.656548" lon="104.10119">
        <time>2026-05-17T14:41:10Z</time>
      </trkpt>
      <trkpt lat="30.656548" lon="104.10119">
        <time>2026-05-17T14:41:11Z</time>
      </trkpt>
      <trkpt lat="30.656548" lon="104.10119">
        <time>2026-05-17T14:41:12Z</time>
      </trkpt>
      <trkpt lat="30.656548" lon="104.10119">
        <time>2026-05-17T14:41:13Z</time>
      </trkpt>
      <trkpt lat="30.656548" lon="104.10119">
        <time>2026-05-17T14:41:14Z</time>
      </trkpt>
      <trkpt lat="30.656548" lon="104.10119">
        <time>2026-05-17T14:41:15Z</time>
      </trkpt>
      <trkpt lat="30.656548" lon="104.10119">
        <time>2026-05-17T14:41:16Z</time>
      </trkpt>
      <trkpt lat="30.656548" lon="104.10119">
        <time>2026-05-17T14:41:17Z</time>
      </trkpt>
      <trkpt lat="30.656548" lon="104.10119">
        <time>2026-05-17T14:41:18Z</time>
      </trkpt>
      <trkpt lat="30.656548" lon="104.10119">
        <time>2026-05-17T14:41:19Z</time>
      </trkpt>
      <trkpt lat="30.656548" lon="104.10119">
        <time>2026-05-17T14:41:20Z</time>
      </trkpt>
      <trkpt lat="30.656548" lon="104.10119">
        <time>2026-05-17T14:41:21Z</time>
      </trkpt>
      <trkpt lat="30.656548" lon="104.10119">
        <time>2026-05-17T14:41:22Z</time>
      </trkpt>
      <trkpt lat="30.656548" lon="104.10119">
        <time>2026-05-17T14:41:23Z</time>
      </trkpt>
      <trkpt lat="30.656548" lon="104.10119">
        <time>2026-05-17T14:41:24Z</time>
      </trkpt>
      <trkpt lat="30.656548" lon="104.10119">
        <time>2026-05-17T14:41:25Z</time>
      </trkpt>
      <trkpt lat="30.656548" lon="104.10119">
        <time>2026-05-17T14:41:26Z</time>
      </trkpt>
      <trkpt lat="30.656548" lon="104.10119">
        <time>2026-05-17T14:41:27Z</time>
      </trkpt>
      <trkpt lat="30.656548" lon="104.10119">
        <time>2026-05-17T14:41:28Z</time>
      </trkpt>
      <trkpt lat="30.656548" lon="104.10119">
        <time>2026-05-17T14:41:29Z</time>
      </trkpt>
      <trkpt lat="30.656548" lon="104.10119">
        <time>2026-05-17T14:41:30Z</time>
      </trkpt>
      <trkpt lat="30.656548" lon="104.10119">
        <time>2026-05-17T14:41:31Z</time>
      </trkpt>
      <trkpt lat="30.656548" lon="104.10119">
        <time>2026-05-17T14:41:32Z</time>
      </trkpt>
      <trkpt lat="30.656548" lon="104.10119">
        <time>2026-05-17T14:41:33Z</time>
      </trkpt>
      <trkpt lat="30.656542" lon="104.10119">
        <time>2026-05-17T14:41:34Z</time>
      </trkpt>
      <trkpt lat="30.656555" lon="104.10119">
        <time>2026-05-17T14:41:35Z</time>
      </trkpt>
      <trkpt lat="30.65658" lon="104.1012">
        <time>2026-05-17T14:41:36Z</time>
      </trkpt>
      <trkpt lat="30.656607" lon="104.101204">
        <time>2026-05-17T14:41:37Z</time>
      </trkpt>
      <trkpt lat="30.656637" lon="104.10121">
        <time>2026-05-17T14:41:38Z</time>
      </trkpt>
      <trkpt lat="30.656658" lon="104.10122">
        <time>2026-05-17T14:41:39Z</time>
      </trkpt>
      <trkpt lat="30.656673" lon="104.10123">
        <time>2026-05-17T14:41:40Z</time>
      </trkpt>
      <trkpt lat="30.656687" lon="104.10123">
        <time>2026-05-17T14:41:41Z</time>
      </trkpt>
      <trkpt lat="30.656702" lon="104.101234">
        <time>2026-05-17T14:41:42Z</time>
      </trkpt>
      <trkpt lat="30.65672" lon="104.10124">
        <time>2026-05-17T14:41:43Z</time>
      </trkpt>
      <trkpt lat="30.656744" lon="104.10125">
        <time>2026-05-17T14:41:44Z</time>
      </trkpt>
      <trkpt lat="30.656769" lon="104.10127">
        <time>2026-05-17T14:41:45Z</time>
      </trkpt>
      <trkpt lat="30.656782" lon="104.10129">
        <time>2026-05-17T14:41:46Z</time>
      </trkpt>
      <trkpt lat="30.6568" lon="104.101295">
        <time>2026-05-17T14:41:47Z</time>
      </trkpt>
      <trkpt lat="30.6568" lon="104.101295">
        <time>2026-05-17T14:41:48Z</time>
      </trkpt>
      <trkpt lat="30.6568" lon="104.101295">
        <time>2026-05-17T14:41:49Z</time>
      </trkpt>
      <trkpt lat="30.656815" lon="104.1013">
        <time>2026-05-17T14:41:50Z</time>
      </trkpt>
      <trkpt lat="30.656816" lon="104.1013">
        <time>2026-05-17T14:41:51Z</time>
      </trkpt>
      <trkpt lat="30.656816" lon="104.1013">
        <time>2026-05-17T14:41:52Z</time>
      </trkpt>
      <trkpt lat="30.656816" lon="104.1013">
        <time>2026-05-17T14:41:53Z</time>
      </trkpt>
      <trkpt lat="30.656816" lon="104.1013">
        <time>2026-05-17T14:41:54Z</time>
      </trkpt>
      <trkpt lat="30.656807" lon="104.101295">
        <time>2026-05-17T14:41:55Z</time>
      </trkpt>
      <trkpt lat="30.656809" lon="104.101295">
        <time>2026-05-17T14:41:56Z</time>
      </trkpt>
    </trkseg>
  </trk>
</gpx>