<?xml version="1.0" encoding="UTF-8"?>
<gpx version="1.1" creator="Go GPS Converter">
  <trk>
    <name>GPS Track</name>
    <trkseg>
      <trkpt lat="30.65647" lon="104.10104">
        <time>2026-05-29T11:21:53Z</time>
      </trkpt>
      <trkpt lat="30.656437" lon="104.10104">
        <time>2026-05-29T11:21:54Z</time>
      </trkpt>
      <trkpt lat="30.65643" lon="104.10104">
        <time>2026-05-29T11:21:55Z</time>
      </trkpt>
      <trkpt lat="30.656385" lon="104.101036">
        <time>2026-05-29T11:21:56Z</time>
      </trkpt>
      <trkpt lat="30.656338" lon="104.10102">
        <time>2026-05-29T11:21:57Z</time>
      </trkpt>
      <trkpt lat="30.656296" lon="104.101006">
        <time>2026-05-29T11:21:58Z</time>
      </trkpt>
      <trkpt lat="30.65626" lon="104.100975">
        <time>2026-05-29T11:21:59Z</time>
      </trkpt>
      <trkpt lat="30.656233" lon="104.10095">
        <time>2026-05-29T11:22:00Z</time>
      </trkpt>
      <trkpt lat="30.656208" lon="104.10092">
        <time>2026-05-29T11:22:01Z</time>
      </trkpt>
      <trkpt lat="30.656178" lon="104.1009">
        <time>2026-05-29T11:22:02Z</time>
      </trkpt>
      <trkpt lat="30.656132" lon="104.10087">
        <time>2026-05-29T11:22:03Z</time>
      </trkpt>
      <trkpt lat="30.65608" lon="104.100845">
        <time>2026-05-29T11:22:04Z</time>
      </trkpt>
      <trkpt lat="30.656029" lon="104.100815">
        <time>2026-05-29T11:22:05Z</time>
      </trkpt>
      <trkpt lat="30.65598" lon="104.100784">
        <time>2026-05-29T11:22:06Z</time>
      </trkpt>
      <trkpt lat="30.655931" lon="104.100746">
        <time>2026-05-29T11:22:07Z</time>
      </trkpt>
      <trkpt lat="30.655888" lon="104.100716">
        <time>2026-05-29T11:22:08Z</time>
      </trkpt>
      <trkpt lat="30.655846" lon="104.100685">
        <time>2026-05-29T11:22:09Z</time>
      </trkpt>
      <trkpt lat="30.655804" lon="104.100655">
        <time>2026-05-29T11:22:10Z</time>
      </trkpt>
      <trkpt lat="30.65576" lon="104.10063">
        <time>2026-05-29T11:22:11Z</time>
      </trkpt>
      <trkpt lat="30.655718" lon="104.10061">
        <time>2026-05-29T11:22:12Z</time>
      </trkpt>
      <trkpt lat="30.655678" lon="104.10058">
        <time>2026-05-29T11:22:13Z</time>
      </trkpt>
      <trkpt lat="30.65564" lon="104.10056">
        <time>2026-05-29T11:22:14Z</time>
      </trkpt>
      <trkpt lat="30.655605" lon="104.10055">
        <time>2026-05-29T11:22:15Z</time>
      </trkpt>
      <trkpt lat="30.655571" lon="104.10054">
        <time>2026-05-29T11:22:16Z</time>
      </trkpt>
      <trkpt lat="30.655542" lon="104.10055">
        <time>2026-05-29T11:22:17Z</time>
      </trkpt>
      <trkpt lat="30.655514" lon="104.10057">
        <time>2026-05-29T11:22:18Z</time>
      </trkpt>
      <trkpt lat="30.655487" lon="104.10061">
        <time>2026-05-29T11:22:19Z</time>
      </trkpt>
      <trkpt lat="30.65546" lon="104.100655">
        <time>2026-05-29T11:22:20Z</time>
      </trkpt>
      <trkpt lat="30.655432" lon="104.1007">
        <time>2026-05-29T11:22:21Z</time>
      </trkpt>
      <trkpt lat="30.655405" lon="104.10073">
        <time>2026-05-29T11:22:22Z</time>
      </trkpt>
      <trkpt lat="30.655376" lon="104.10076">
        <time>2026-05-29T11:22:23Z</time>
      </trkpt>
      <trkpt lat="30.65535" lon="104.10079">
        <time>2026-05-29T11:22:24Z</time>
      </trkpt>
      <trkpt lat="30.65533" lon="104.10082">
        <time>2026-05-29T11:22:25Z</time>
      </trkpt>
      <trkpt lat="30.655313" lon="104.100845">
        <time>2026-05-29T11:22:26Z</time>
      </trkpt>
      <trkpt lat="30.655302" lon="104.10086">
        <time>2026-05-29T11:22:27Z</time>
      </trkpt>
      <trkpt lat="30.655289" lon="104.10088">
        <time>2026-05-29T11:22:28Z</time>
      </trkpt>
      <trkpt lat="30.655272" lon="104.1009">
        <time>2026-05-29T11:22:29Z</time>
      </trkpt>
      <trkpt lat="30.655252" lon="104.100914">
        <time>2026-05-29T11:22:30Z</time>
      </trkpt>
      <trkpt lat="30.655226" lon="104.10092">
        <time>2026-05-29T11:22:31Z</time>
      </trkpt>
      <trkpt lat="30.655201" lon="104.100914">
        <time>2026-05-29T11:22:32Z</time>
      </trkpt>
      <trkpt lat="30.655174" lon="104.1009">
        <time>2026-05-29T11:22:33Z</time>
      </trkpt>
      <trkpt lat="30.655146" lon="104.100876">
        <time>2026-05-29T11:22:34Z</time>
      </trkpt>
      <trkpt lat="30.655111" lon="104.10085">
        <time>2026-05-29T11:22:35Z</time>
      </trkpt>
      <trkpt lat="30.655077" lon="104.100845">
        <time>2026-05-29T11:22:36Z</time>
      </trkpt>
      <trkpt lat="30.65504" lon="104.10083">
        <time>2026-05-29T11:22:37Z</time>
      </trkpt>
      <trkpt lat="30.655003" lon="104.100815">
        <time>2026-05-29T11:22:38Z</time>
      </trkpt>
      <trkpt lat="30.654963" lon="104.1008">
        <time>2026-05-29T11:22:39Z</time>
      </trkpt>
      <trkpt lat="30.654926" lon="104.100784">
        <time>2026-05-29T11:22:40Z</time>
      </trkpt>
      <trkpt lat="30.65489" lon="104.10076">
        <time>2026-05-29T11:22:41Z</time>
      </trkpt>
      <trkpt lat="30.654856" lon="104.100746">
        <time>2026-05-29T11:22:42Z</time>
      </trkpt>
      <trkpt lat="30.654818" lon="104.10072">
        <time>2026-05-29T11:22:43Z</time>
      </trkpt>
      <trkpt lat="30.654783" lon="104.1007">
        <time>2026-05-29T11:22:44Z</time>
      </trkpt>
      <trkpt lat="30.654749" lon="104.10068">
        <time>2026-05-29T11:22:45Z</time>
      </trkpt>
      <trkpt lat="30.654715" lon="104.100655">
        <time>2026-05-29T11:22:46Z</time>
      </trkpt>
      <trkpt lat="30.654684" lon="104.10063">
        <time>2026-05-29T11:22:47Z</time>
      </trkpt>
      <trkpt lat="30.654652" lon="104.10061">
        <time>2026-05-29T11:22:48Z</time>
      </trkpt>
      <trkpt lat="30.65462" lon="104.10059">
        <time>2026-05-29T11:22:49Z</time>
      </trkpt>
      <trkpt lat="30.65459" lon="104.10057">
        <time>2026-05-29T11:22:50Z</time>
      </trkpt>
      <trkpt lat="30.654562" lon="104.100555">
        <time>2026-05-29T11:22:51Z</time>
      </trkpt>
      <trkpt lat="30.654537" lon="104.10054">
        <time>2026-05-29T11:22:52Z</time>
      </trkpt>
      <trkpt lat="30.654514" lon="104.100525">
        <time>2026-05-29T11:22:53Z</time>
      </trkpt>
      <trkpt lat="30.654493" lon="104.10051">
        <time>2026-05-29T11:22:54Z</time>
      </trkpt>
      <trkpt lat="30.654474" lon="104.1005">
        <time>2026-05-29T11:22:55Z</time>
      </trkpt>
      <trkpt lat="30.654453" lon="104.10049">
        <time>2026-05-29T11:22:56Z</time>
      </trkpt>
      <trkpt lat="30.654434" lon="104.10048">
        <time>2026-05-29T11:22:57Z</time>
      </trkpt>
      <trkpt lat="30.654419" lon="104.10047">
        <time>2026-05-29T11:22:58Z</time>
      </trkpt>
      <trkpt lat="30.654404" lon="104.10046">
        <time>2026-05-29T11:22:59Z</time>
      </trkpt>
      <trkpt lat="30.654392" lon="104.10045">
        <time>2026-05-29T11:23:00Z</time>
      </trkpt>
      <trkpt lat="30.654379" lon="104.10044">
        <time>2026-05-29T11:23:01Z</time>
      </trkpt>
      <trkpt lat="30.654364" lon="104.10044">
        <time>2026-05-29T11:23:02Z</time>
      </trkpt>
      <trkpt lat="30.654346" lon="104.10043">
        <time>2026-05-29T11:23:03Z</time>
      </trkpt>
      <trkpt lat="30.654327" lon="104.100426">
        <time>2026-05-29T11:23:04Z</time>
      </trkpt>
      <trkpt lat="30.654306" lon="104.10042">
        <time>2026-05-29T11:23:05Z</time>
      </trkpt>
      <trkpt lat="30.654285" lon="104.100395">
        <time>2026-05-29T11:23:06Z</time>
      </trkpt>
      <trkpt lat="30.65426" lon="104.10038">
        <time>2026-05-29T11:23:07Z</time>
      </trkpt>
      <trkpt lat="30.654236" lon="104.10036">
        <time>2026-05-29T11:23:08Z</time>
      </trkpt>
      <trkpt lat="30.654203" lon="104.100334">
        <time>2026-05-29T11:23:09Z</time>
      </trkpt>
      <trkpt lat="30.654163" lon="104.10031">
        <time>2026-05-29T11:23:10Z</time>
      </trkpt>
      <trkpt lat="30.65412" lon="104.100296">
        <time>2026-05-29T11:23:11Z</time>
      </trkpt>
      <trkpt lat="30.654078" lon="104.10028">
        <time>2026-05-29T11:23:12Z</time>
      </trkpt>
      <trkpt lat="30.654034" lon="104.100266">
        <time>2026-05-29T11:23:13Z</time>
      </trkpt>
      <trkpt lat="30.653994" lon="104.100235">
        <time>2026-05-29T11:23:14Z</time>
      </trkpt>
      <trkpt lat="30.653957" lon="104.10021">
        <time>2026-05-29T11:23:15Z</time>
      </trkpt>
      <trkpt lat="30.65392" lon="104.10019">
        <time>2026-05-29T11:23:16Z</time>
      </trkpt>
      <trkpt lat="30.65388" lon="104.10016">
        <time>2026-05-29T11:23:17Z</time>
      </trkpt>
      <trkpt lat="30.65384" lon="104.10013">
        <time>2026-05-29T11:23:18Z</time>
      </trkpt>
      <trkpt lat="30.653797" lon="104.100105">
        <time>2026-05-29T11:23:19Z</time>
      </trkpt>
      <trkpt lat="30.653753" lon="104.100075">
        <time>2026-05-29T11:23:20Z</time>
      </trkpt>
      <trkpt lat="30.653664" lon="104.10001">
        <time>2026-05-29T11:23:21Z</time>
      </trkpt>
      <trkpt lat="30.653618" lon="104.09998">
        <time>2026-05-29T11:23:22Z</time>
      </trkpt>
      <trkpt lat="30.653574" lon="104.09995">
        <time>2026-05-29T11:23:23Z</time>
      </trkpt>
      <trkpt lat="30.653519" lon="104.09992">
        <time>2026-05-29T11:23:24Z</time>
      </trkpt>
      <trkpt lat="30.65347" lon="104.09989">
        <time>2026-05-29T11:23:25Z</time>
      </trkpt>
      <trkpt lat="30.65342" lon="104.09987">
        <time>2026-05-29T11:23:26Z</time>
      </trkpt>
      <trkpt lat="30.653372" lon="104.09984">
        <time>2026-05-29T11:23:27Z</time>
      </trkpt>
      <trkpt lat="30.65333" lon="104.099815">
        <time>2026-05-29T11:23:28Z</time>
      </trkpt>
      <trkpt lat="30.653269" lon="104.099785">
        <time>2026-05-29T11:23:29Z</time>
      </trkpt>
      <trkpt lat="30.65321" lon="104.099754">
        <time>2026-05-29T11:23:30Z</time>
      </trkpt>
      <trkpt lat="30.653152" lon="104.09972">
        <time>2026-05-29T11:23:31Z</time>
      </trkpt>
      <trkpt lat="30.6531" lon="104.099686">
        <time>2026-05-29T11:23:32Z</time>
      </trkpt>
      <trkpt lat="30.653044" lon="104.099655">
        <time>2026-05-29T11:23:33Z</time>
      </trkpt>
      <trkpt lat="30.652988" lon="104.09963">
        <time>2026-05-29T11:23:34Z</time>
      </trkpt>
      <trkpt lat="30.65293" lon="104.099594">
        <time>2026-05-29T11:23:35Z</time>
      </trkpt>
      <trkpt lat="30.652887" lon="104.09956">
        <time>2026-05-29T11:23:36Z</time>
      </trkpt>
      <trkpt lat="30.652838" lon="104.09953">
        <time>2026-05-29T11:23:37Z</time>
      </trkpt>
      <trkpt lat="30.652788" lon="104.0995">
        <time>2026-05-29T11:23:38Z</time>
      </trkpt>
      <trkpt lat="30.652729" lon="104.09947">
        <time>2026-05-29T11:23:39Z</time>
      </trkpt>
      <trkpt lat="30.652664" lon="104.099434">
        <time>2026-05-29T11:23:40Z</time>
      </trkpt>
      <trkpt lat="30.65261" lon="104.0994">
        <time>2026-05-29T11:23:41Z</time>
      </trkpt>
      <trkpt lat="30.652554" lon="104.09938">
        <time>2026-05-29T11:23:42Z</time>
      </trkpt>
      <trkpt lat="30.652502" lon="104.099335">
        <time>2026-05-29T11:23:43Z</time>
      </trkpt>
      <trkpt lat="30.652452" lon="104.09929">
        <time>2026-05-29T11:23:44Z</time>
      </trkpt>
      <trkpt lat="30.652397" lon="104.09925">
        <time>2026-05-29T11:23:45Z</time>
      </trkpt>
      <trkpt lat="30.652344" lon="104.09921">
        <time>2026-05-29T11:23:46Z</time>
      </trkpt>
      <trkpt lat="30.652287" lon="104.09918">
        <time>2026-05-29T11:23:47Z</time>
      </trkpt>
      <trkpt lat="30.652227" lon="104.099144">
        <time>2026-05-29T11:23:48Z</time>
      </trkpt>
      <trkpt lat="30.652168" lon="104.099106">
        <time>2026-05-29T11:23:49Z</time>
      </trkpt>
      <trkpt lat="30.652113" lon="104.09907">
        <time>2026-05-29T11:23:50Z</time>
      </trkpt>
      <trkpt lat="30.652056" lon="104.09902">
        <time>2026-05-29T11:23:51Z</time>
      </trkpt>
      <trkpt lat="30.651999" lon="104.09899">
        <time>2026-05-29T11:23:52Z</time>
      </trkpt>
      <trkpt lat="30.65194" lon="104.09895">
        <time>2026-05-29T11:23:53Z</time>
      </trkpt>
      <trkpt lat="30.651884" lon="104.09892">
        <time>2026-05-29T11:23:54Z</time>
      </trkpt>
      <trkpt lat="30.651827" lon="104.098885">
        <time>2026-05-29T11:23:55Z</time>
      </trkpt>
      <trkpt lat="30.65177" lon="104.098854">
        <time>2026-05-29T11:23:56Z</time>
      </trkpt>
      <trkpt lat="30.651714" lon="104.09882">
        <time>2026-05-29T11:23:57Z</time>
      </trkpt>
      <trkpt lat="30.651659" lon="104.098785">
        <time>2026-05-29T11:23:58Z</time>
      </trkpt>
      <trkpt lat="30.651604" lon="104.098755">
        <time>2026-05-29T11:23:59Z</time>
      </trkpt>
      <trkpt lat="30.651543" lon="104.09872">
        <time>2026-05-29T11:24:00Z</time>
      </trkpt>
      <trkpt lat="30.65149" lon="104.09868">
        <time>2026-05-29T11:24:01Z</time>
      </trkpt>
      <trkpt lat="30.651432" lon="104.09865">
        <time>2026-05-29T11:24:02Z</time>
      </trkpt>
      <trkpt lat="30.651379" lon="104.09861">
        <time>2026-05-29T11:24:03Z</time>
      </trkpt>
      <trkpt lat="30.651329" lon="104.09857">
        <time>2026-05-29T11:24:04Z</time>
      </trkpt>
      <trkpt lat="30.651268" lon="104.09853">
        <time>2026-05-29T11:24:05Z</time>
      </trkpt>
      <trkpt lat="30.651209" lon="104.0985">
        <time>2026-05-29T11:24:06Z</time>
      </trkpt>
      <trkpt lat="30.651157" lon="104.09846">
        <time>2026-05-29T11:24:07Z</time>
      </trkpt>
      <trkpt lat="30.651102" lon="104.09842">
        <time>2026-05-29T11:24:08Z</time>
      </trkpt>
      <trkpt lat="30.651052" lon="104.09838">
        <time>2026-05-29T11:24:09Z</time>
      </trkpt>
      <trkpt lat="30.65102" lon="104.09835">
        <time>2026-05-29T11:24:10Z</time>
      </trkpt>
      <trkpt lat="30.651" lon="104.09832">
        <time>2026-05-29T11:24:11Z</time>
      </trkpt>
      <trkpt lat="30.650986" lon="104.098305">
        <time>2026-05-29T11:24:12Z</time>
      </trkpt>
      <trkpt lat="30.650967" lon="104.09828">
        <time>2026-05-29T11:24:13Z</time>
      </trkpt>
      <trkpt lat="30.650942" lon="104.098274">
        <time>2026-05-29T11:24:14Z</time>
      </trkpt>
      <trkpt lat="30.65092" lon="104.09827">
        <time>2026-05-29T11:24:15Z</time>
      </trkpt>
      <trkpt lat="30.650906" lon="104.09826">
        <time>2026-05-29T11:24:16Z</time>
      </trkpt>
      <trkpt lat="30.650888" lon="104.09825">
        <time>2026-05-29T11:24:17Z</time>
      </trkpt>
      <trkpt lat="30.650867" lon="104.09824">
        <time>2026-05-29T11:24:18Z</time>
      </trkpt>
      <trkpt lat="30.650843" lon="104.09823">
        <time>2026-05-29T11:24:19Z</time>
      </trkpt>
      <trkpt lat="30.650822" lon="104.09821">
        <time>2026-05-29T11:24:20Z</time>
      </trkpt>
      <trkpt lat="30.650795" lon="104.0982">
        <time>2026-05-29T11:24:21Z</time>
      </trkpt>
      <trkpt lat="30.650766" lon="104.098175">
        <time>2026-05-29T11:24:22Z</time>
      </trkpt>
      <trkpt lat="30.650734" lon="104.09816">
        <time>2026-05-29T11:24:23Z</time>
      </trkpt>
      <trkpt lat="30.650703" lon="104.09814">
        <time>2026-05-29T11:24:24Z</time>
      </trkpt>
      <trkpt lat="30.650665" lon="104.098114">
        <time>2026-05-29T11:24:25Z</time>
      </trkpt>
      <trkpt lat="30.650627" lon="104.0981">
        <time>2026-05-29T11:24:26Z</time>
      </trkpt>
      <trkpt lat="30.65059" lon="104.09808">
        <time>2026-05-29T11:24:27Z</time>
      </trkpt>
      <trkpt lat="30.650557" lon="104.09807">
        <time>2026-05-29T11:24:28Z</time>
      </trkpt>
      <trkpt lat="30.650524" lon="104.098045">
        <time>2026-05-29T11:24:29Z</time>
      </trkpt>
      <trkpt lat="30.650486" lon="104.09803">
        <time>2026-05-29T11:24:30Z</time>
      </trkpt>
      <trkpt lat="30.650448" lon="104.098015">
        <time>2026-05-29T11:24:31Z</time>
      </trkpt>
      <trkpt lat="30.650412" lon="104.09801">
        <time>2026-05-29T11:24:32Z</time>
      </trkpt>
      <trkpt lat="30.65038" lon="104.09798">
        <time>2026-05-29T11:24:33Z</time>
      </trkpt>
      <trkpt lat="30.650349" lon="104.097946">
        <time>2026-05-29T11:24:34Z</time>
      </trkpt>
      <trkpt lat="30.650322" lon="104.097916">
        <time>2026-05-29T11:24:35Z</time>
      </trkpt>
      <trkpt lat="30.650297" lon="104.09789">
        <time>2026-05-29T11:24:36Z</time>
      </trkpt>
      <trkpt lat="30.650274" lon="104.09787">
        <time>2026-05-29T11:24:37Z</time>
      </trkpt>
      <trkpt lat="30.650251" lon="104.09785">
        <time>2026-05-29T11:24:38Z</time>
      </trkpt>
      <trkpt lat="30.650234" lon="104.097824">
        <time>2026-05-29T11:24:39Z</time>
      </trkpt>
      <trkpt lat="30.650225" lon="104.09779">
        <time>2026-05-29T11:24:40Z</time>
      </trkpt>
      <trkpt lat="30.650215" lon="104.09777">
        <time>2026-05-29T11:24:41Z</time>
      </trkpt>
      <trkpt lat="30.650208" lon="104.09775">
        <time>2026-05-29T11:24:42Z</time>
      </trkpt>
      <trkpt lat="30.650188" lon="104.09775">
        <time>2026-05-29T11:24:43Z</time>
      </trkpt>
      <trkpt lat="30.650179" lon="104.097755">
        <time>2026-05-29T11:24:44Z</time>
      </trkpt>
      <trkpt lat="30.650179" lon="104.097755">
        <time>2026-05-29T11:24:45Z</time>
      </trkpt>
      <trkpt lat="30.650179" lon="104.097755">
        <time>2026-05-29T11:24:46Z</time>
      </trkpt>
      <trkpt lat="30.650179" lon="104.097755">
        <time>2026-05-29T11:24:47Z</time>
      </trkpt>
      <trkpt lat="30.650179" lon="104.097755">
        <time>2026-05-29T11:24:48Z</time>
      </trkpt>
      <trkpt lat="30.650179" lon="104.097755">
        <time>2026-05-29T11:24:49Z</time>
      </trkpt>
      <trkpt lat="30.650179" lon="104.097755">
        <time>2026-05-29T11:24:50Z</time>
      </trkpt>
      <trkpt lat="30.650179" lon="104.097755">
        <time>2026-05-29T11:24:51Z</time>
      </trkpt>
      <trkpt lat="30.650179" lon="104.097755">
        <time>2026-05-29T11:24:52Z</time>
      </trkpt>
      <trkpt lat="30.650179" lon="104.097755">
        <time>2026-05-29T11:24:53Z</time>
      </trkpt>
      <trkpt lat="30.650179" lon="104.097755">
        <time>2026-05-29T11:24:54Z</time>
      </trkpt>
      <trkpt lat="30.650179" lon="104.097755">
        <time>2026-05-29T11:24:55Z</time>
      </trkpt>
      <trkpt lat="30.650164" lon="104.0978">
        <time>2026-05-29T11:24:56Z</time>
      </trkpt>
      <trkpt lat="30.650156" lon="104.097824">
        <time>2026-05-29T11:24:57Z</time>
      </trkpt>
      <trkpt lat="30.650148" lon="104.09785">
        <time>2026-05-29T11:24:58Z</time>
      </trkpt>
      <trkpt lat="30.650135" lon="104.09787">
        <time>2026-05-29T11:24:59Z</time>
      </trkpt>
      <trkpt lat="30.650116" lon="104.09791">
        <time>2026-05-29T11:25:00Z</time>
      </trkpt>
      <trkpt lat="30.650093" lon="104.09796">
        <time>2026-05-29T11:25:01Z</time>
      </trkpt>
      <trkpt lat="30.650072" lon="104.09801">
        <time>2026-05-29T11:25:02Z</time>
      </trkpt>
      <trkpt lat="30.650047" lon="104.09806">
        <time>2026-05-29T11:25:03Z</time>
      </trkpt>
      <trkpt lat="30.65002" lon="104.09812">
        <time>2026-05-29T11:25:04Z</time>
      </trkpt>
      <trkpt lat="30.649984" lon="104.098175">
        <time>2026-05-29T11:25:05Z</time>
      </trkpt>
      <trkpt lat="30.649954" lon="104.09822">
        <time>2026-05-29T11:25:06Z</time>
      </trkpt>
      <trkpt lat="30.649918" lon="104.09828">
        <time>2026-05-29T11:25:07Z</time>
      </trkpt>
      <trkpt lat="30.649881" lon="104.09834">
        <time>2026-05-29T11:25:08Z</time>
      </trkpt>
      <trkpt lat="30.649847" lon="104.098404">
        <time>2026-05-29T11:25:09Z</time>
      </trkpt>
      <trkpt lat="30.649813" lon="104.09848">
        <time>2026-05-29T11:25:10Z</time>
      </trkpt>
      <trkpt lat="30.649778" lon="104.09856">
        <time>2026-05-29T11:25:11Z</time>
      </trkpt>
      <trkpt lat="30.649742" lon="104.09863">
        <time>2026-05-29T11:25:12Z</time>
      </trkpt>
      <trkpt lat="30.649714" lon="104.0987">
        <time>2026-05-29T11:25:13Z</time>
      </trkpt>
      <trkpt lat="30.649677" lon="104.09877">
        <time>2026-05-29T11:25:14Z</time>
      </trkpt>
      <trkpt lat="30.649641" lon="104.09884">
        <time>2026-05-29T11:25:15Z</time>
      </trkpt>
      <trkpt lat="30.649603" lon="104.0989">
        <time>2026-05-29T11:25:16Z</time>
      </trkpt>
      <trkpt lat="30.64957" lon="104.098976">
        <time>2026-05-29T11:25:17Z</time>
      </trkpt>
      <trkpt lat="30.649532" lon="104.099045">
        <time>2026-05-29T11:25:18Z</time>
      </trkpt>
      <trkpt lat="30.649504" lon="104.0991">
        <time>2026-05-29T11:25:19Z</time>
      </trkpt>
      <trkpt lat="30.649477" lon="104.09916">
        <time>2026-05-29T11:25:20Z</time>
      </trkpt>
      <trkpt lat="30.64946" lon="104.09921">
        <time>2026-05-29T11:25:21Z</time>
      </trkpt>
      <trkpt lat="30.649443" lon="104.09926">
        <time>2026-05-29T11:25:22Z</time>
      </trkpt>
      <trkpt lat="30.649426" lon="104.099304">
        <time>2026-05-29T11:25:23Z</time>
      </trkpt>
      <trkpt lat="30.64941" lon="104.09934">
        <time>2026-05-29T11:25:24Z</time>
      </trkpt>
      <trkpt lat="30.649395" lon="104.099396">
        <time>2026-05-29T11:25:25Z</time>
      </trkpt>
      <trkpt lat="30.64938" lon="104.099464">
        <time>2026-05-29T11:25:26Z</time>
      </trkpt>
      <trkpt lat="30.649372" lon="104.09952">
        <time>2026-05-29T11:25:27Z</time>
      </trkpt>
      <trkpt lat="30.649363" lon="104.09958">
        <time>2026-05-29T11:25:28Z</time>
      </trkpt>
      <trkpt lat="30.649351" lon="104.099625">
        <time>2026-05-29T11:25:29Z</time>
      </trkpt>
      <trkpt lat="30.64933" lon="104.099686">
        <time>2026-05-29T11:25:30Z</time>
      </trkpt>
      <trkpt lat="30.649298" lon="104.09973">
        <time>2026-05-29T11:25:31Z</time>
      </trkpt>
      <trkpt lat="30.64927" lon="104.09979">
        <time>2026-05-29T11:25:32Z</time>
      </trkpt>
      <trkpt lat="30.649235" lon="104.09986">
        <time>2026-05-29T11:25:33Z</time>
      </trkpt>
      <trkpt lat="30.649199" lon="104.09993">
        <time>2026-05-29T11:25:34Z</time>
      </trkpt>
      <trkpt lat="30.649157" lon="104.09999">
        <time>2026-05-29T11:25:35Z</time>
      </trkpt>
      <trkpt lat="30.64911" lon="104.100075">
        <time>2026-05-29T11:25:36Z</time>
      </trkpt>
      <trkpt lat="30.649065" lon="104.10015">
        <time>2026-05-29T11:25:37Z</time>
      </trkpt>
      <trkpt lat="30.649025" lon="104.10023">
        <time>2026-05-29T11:25:38Z</time>
      </trkpt>
      <trkpt lat="30.648981" lon="104.100296">
        <time>2026-05-29T11:25:39Z</time>
      </trkpt>
      <trkpt lat="30.648937" lon="104.10037">
        <time>2026-05-29T11:25:40Z</time>
      </trkpt>
      <trkpt lat="30.648886" lon="104.100464">
        <time>2026-05-29T11:25:41Z</time>
      </trkpt>
      <trkpt lat="30.648848" lon="104.100555">
        <time>2026-05-29T11:25:42Z</time>
      </trkpt>
      <trkpt lat="30.648811" lon="104.10064">
        <time>2026-05-29T11:25:43Z</time>
      </trkpt>
      <trkpt lat="30.648777" lon="104.100716">
        <time>2026-05-29T11:25:44Z</time>
      </trkpt>
      <trkpt lat="30.648739" lon="104.1008">
        <time>2026-05-29T11:25:45Z</time>
      </trkpt>
      <trkpt lat="30.648703" lon="104.100876">
        <time>2026-05-29T11:25:46Z</time>
      </trkpt>
      <trkpt lat="30.648676" lon="104.100945">
        <time>2026-05-29T11:25:47Z</time>
      </trkpt>
      <trkpt lat="30.648645" lon="104.10101">
        <time>2026-05-29T11:25:48Z</time>
      </trkpt>
      <trkpt lat="30.648611" lon="104.10109">
        <time>2026-05-29T11:25:49Z</time>
      </trkpt>
      <trkpt lat="30.648582" lon="104.10116">
        <time>2026-05-29T11:25:50Z</time>
      </trkpt>
      <trkpt lat="30.648548" lon="104.101234">
        <time>2026-05-29T11:25:51Z</time>
      </trkpt>
      <trkpt lat="30.648512" lon="104.1013">
        <time>2026-05-29T11:25:52Z</time>
      </trkpt>
      <trkpt lat="30.648476" lon="104.10139">
        <time>2026-05-29T11:25:53Z</time>
      </trkpt>
      <trkpt lat="30.648443" lon="104.101456">
        <time>2026-05-29T11:25:54Z</time>
      </trkpt>
      <trkpt lat="30.64841" lon="104.10153">
        <time>2026-05-29T11:25:55Z</time>
      </trkpt>
      <trkpt lat="30.64838" lon="104.10161">
        <time>2026-05-29T11:25:56Z</time>
      </trkpt>
      <trkpt lat="30.64835" lon="104.10168">
        <time>2026-05-29T11:25:57Z</time>
      </trkpt>
      <trkpt lat="30.64832" lon="104.101746">
        <time>2026-05-29T11:25:58Z</time>
      </trkpt>
      <trkpt lat="30.648287" lon="104.10182">
        <time>2026-05-29T11:25:59Z</time>
      </trkpt>
      <trkpt lat="30.648256" lon="104.10189">
        <time>2026-05-29T11:26:00Z</time>
      </trkpt>
      <trkpt lat="30.648226" lon="104.10196">
        <time>2026-05-29T11:26:01Z</time>
      </trkpt>
      <trkpt lat="30.648188" lon="104.10204">
        <time>2026-05-29T11:26:02Z</time>
      </trkpt>
      <trkpt lat="30.648151" lon="104.10213">
        <time>2026-05-29T11:26:03Z</time>
      </trkpt>
      <trkpt lat="30.648111" lon="104.1022">
        <time>2026-05-29T11:26:04Z</time>
      </trkpt>
      <trkpt lat="30.648067" lon="104.102295">
        <time>2026-05-29T11:26:05Z</time>
      </trkpt>
      <trkpt lat="30.648026" lon="104.10238">
        <time>2026-05-29T11:26:06Z</time>
      </trkpt>
      <trkpt lat="30.64798" lon="104.102455">
        <time>2026-05-29T11:26:07Z</time>
      </trkpt>
      <trkpt lat="30.647936" lon="104.10252">
        <time>2026-05-29T11:26:08Z</time>
      </trkpt>
      <trkpt lat="30.647896" lon="104.1026">
        <time>2026-05-29T11:26:09Z</time>
      </trkpt>
      <trkpt lat="30.64786" lon="104.10268">
        <time>2026-05-29T11:26:10Z</time>
      </trkpt>
      <trkpt lat="30.647821" lon="104.102745">
        <time>2026-05-29T11:26:11Z</time>
      </trkpt>
      <trkpt lat="30.647781" lon="104.10282">
        <time>2026-05-29T11:26:12Z</time>
      </trkpt>
      <trkpt lat="30.647749" lon="104.10289">
        <time>2026-05-29T11:26:13Z</time>
      </trkpt>
      <trkpt lat="30.64771" lon="104.102974">
        <time>2026-05-29T11:26:14Z</time>
      </trkpt>
      <trkpt lat="30.64767" lon="104.10304">
        <time>2026-05-29T11:26:15Z</time>
      </trkpt>
      <trkpt lat="30.647633" lon="104.10311">
        <time>2026-05-29T11:26:16Z</time>
      </trkpt>
      <trkpt lat="30.647598" lon="104.10318">
        <time>2026-05-29T11:26:17Z</time>
      </trkpt>
      <trkpt lat="30.647566" lon="104.10326">
        <time>2026-05-29T11:26:18Z</time>
      </trkpt>
      <trkpt lat="30.64754" lon="104.103325">
        <time>2026-05-29T11:26:19Z</time>
      </trkpt>
      <trkpt lat="30.647505" lon="104.10341">
        <time>2026-05-29T11:26:20Z</time>
      </trkpt>
      <trkpt lat="30.647474" lon="104.10348">
        <time>2026-05-29T11:26:21Z</time>
      </trkpt>
      <trkpt lat="30.647446" lon="104.10355">
        <time>2026-05-29T11:26:22Z</time>
      </trkpt>
      <trkpt lat="30.647415" lon="104.10363">
        <time>2026-05-29T11:26:23Z</time>
      </trkpt>
      <trkpt lat="30.647379" lon="104.10371">
        <time>2026-05-29T11:26:24Z</time>
      </trkpt>
      <trkpt lat="30.647339" lon="104.103775">
        <time>2026-05-29T11:26:25Z</time>
      </trkpt>
      <trkpt lat="30.6473" lon="104.10385">
        <time>2026-05-29T11:26:26Z</time>
      </trkpt>
      <trkpt lat="30.647263" lon="104.10393">
        <time>2026-05-29T11:26:27Z</time>
      </trkpt>
      <trkpt lat="30.647224" lon="104.104004">
        <time>2026-05-29T11:26:28Z</time>
      </trkpt>
      <trkpt lat="30.647188" lon="104.10408">
        <time>2026-05-29T11:26:29Z</time>
      </trkpt>
      <trkpt lat="30.647154" lon="104.10416">
        <time>2026-05-29T11:26:30Z</time>
      </trkpt>
      <trkpt lat="30.647118" lon="104.10423">
        <time>2026-05-29T11:26:31Z</time>
      </trkpt>
      <trkpt lat="30.64708" lon="104.10431">
        <time>2026-05-29T11:26:32Z</time>
      </trkpt>
      <trkpt lat="30.647043" lon="104.104385">
        <time>2026-05-29T11:26:33Z</time>
      </trkpt>
      <trkpt lat="30.647003" lon="104.104454">
        <time>2026-05-29T11:26:34Z</time>
      </trkpt>
      <trkpt lat="30.646965" lon="104.10453">
        <time>2026-05-29T11:26:35Z</time>
      </trkpt>
      <trkpt lat="30.646929" lon="104.10461">
        <time>2026-05-29T11:26:36Z</time>
      </trkpt>
      <trkpt lat="30.646894" lon="104.10468">
        <time>2026-05-29T11:26:37Z</time>
      </trkpt>
      <trkpt lat="30.64686" lon="104.10475">
        <time>2026-05-29T11:26:38Z</time>
      </trkpt>
      <trkpt lat="30.646826" lon="104.10483">
        <time>2026-05-29T11:26:39Z</time>
      </trkpt>
      <trkpt lat="30.646793" lon="104.104904">
        <time>2026-05-29T11:26:40Z</time>
      </trkpt>
      <trkpt lat="30.646759" lon="104.10497">
        <time>2026-05-29T11:26:41Z</time>
      </trkpt>
      <trkpt lat="30.64672" lon="104.10504">
        <time>2026-05-29T11:26:42Z</time>
      </trkpt>
      <trkpt lat="30.646688" lon="104.10512">
        <time>2026-05-29T11:26:43Z</time>
      </trkpt>
      <trkpt lat="30.646652" lon="104.10519">
        <time>2026-05-29T11:26:44Z</time>
      </trkpt>
      <trkpt lat="30.646614" lon="104.105255">
        <time>2026-05-29T11:26:45Z</time>
      </trkpt>
      <trkpt lat="30.646578" lon="104.10532">
        <time>2026-05-29T11:26:46Z</time>
      </trkpt>
      <trkpt lat="30.646545" lon="104.10539">
        <time>2026-05-29T11:26:47Z</time>
      </trkpt>
      <trkpt lat="30.64651" lon="104.10546">
        <time>2026-05-29T11:26:48Z</time>
      </trkpt>
      <trkpt lat="30.646473" lon="104.10553">
        <time>2026-05-29T11:26:49Z</time>
      </trkpt>
      <trkpt lat="30.646437" lon="104.1056">
        <time>2026-05-29T11:26:50Z</time>
      </trkpt>
      <trkpt lat="30.646399" lon="104.105675">
        <time>2026-05-29T11:26:51Z</time>
      </trkpt>
      <trkpt lat="30.64636" lon="104.10574">
        <time>2026-05-29T11:26:52Z</time>
      </trkpt>
      <trkpt lat="30.646324" lon="104.10581">
        <time>2026-05-29T11:26:53Z</time>
      </trkpt>
      <trkpt lat="30.646288" lon="104.10589">
        <time>2026-05-29T11:26:54Z</time>
      </trkpt>
      <trkpt lat="30.646252" lon="104.10596">
        <time>2026-05-29T11:26:55Z</time>
      </trkpt>
      <trkpt lat="30.646212" lon="104.106026">
        <time>2026-05-29T11:26:56Z</time>
      </trkpt>
      <trkpt lat="30.646173" lon="104.10611">
        <time>2026-05-29T11:26:57Z</time>
      </trkpt>
      <trkpt lat="30.646137" lon="104.10618">
        <time>2026-05-29T11:26:58Z</time>
      </trkpt>
      <trkpt lat="30.646103" lon="104.10625">
        <time>2026-05-29T11:26:59Z</time>
      </trkpt>
      <trkpt lat="30.64607" lon="104.106316">
        <time>2026-05-29T11:27:00Z</time>
      </trkpt>
      <trkpt lat="30.646036" lon="104.106384">
        <time>2026-05-29T11:27:01Z</time>
      </trkpt>
      <trkpt lat="30.646008" lon="104.10645">
        <time>2026-05-29T11:27:02Z</time>
      </trkpt>
      <trkpt lat="30.645977" lon="104.10652">
        <time>2026-05-29T11:27:03Z</time>
      </trkpt>
      <trkpt lat="30.645948" lon="104.10659">
        <time>2026-05-29T11:27:04Z</time>
      </trkpt>
      <trkpt lat="30.645924" lon="104.10667">
        <time>2026-05-29T11:27:05Z</time>
      </trkpt>
      <trkpt lat="30.645895" lon="104.106735">
        <time>2026-05-29T11:27:06Z</time>
      </trkpt>
      <trkpt lat="30.645863" lon="104.106804">
        <time>2026-05-29T11:27:07Z</time>
      </trkpt>
      <trkpt lat="30.645826" lon="104.10688">
        <time>2026-05-29T11:27:08Z</time>
      </trkpt>
      <trkpt lat="30.64579" lon="104.106964">
        <time>2026-05-29T11:27:09Z</time>
      </trkpt>
      <trkpt lat="30.64576" lon="104.10705">
        <time>2026-05-29T11:27:10Z</time>
      </trkpt>
      <trkpt lat="30.645735" lon="104.1071">
        <time>2026-05-29T11:27:11Z</time>
      </trkpt>
      <trkpt lat="30.645708" lon="104.107185">
        <time>2026-05-29T11:27:12Z</time>
      </trkpt>
      <trkpt lat="30.645678" lon="104.107254">
        <time>2026-05-29T11:27:13Z</time>
      </trkpt>
      <trkpt lat="30.645645" lon="104.10733">
        <time>2026-05-29T11:27:14Z</time>
      </trkpt>
      <trkpt lat="30.64562" lon="104.1074">
        <time>2026-05-29T11:27:15Z</time>
      </trkpt>
      <trkpt lat="30.645596" lon="104.10747">
        <time>2026-05-29T11:27:16Z</time>
      </trkpt>
      <trkpt lat="30.645567" lon="104.10754">
        <time>2026-05-29T11:27:17Z</time>
      </trkpt>
      <trkpt lat="30.645538" lon="104.107605">
        <time>2026-05-29T11:27:18Z</time>
      </trkpt>
      <trkpt lat="30.64552" lon="104.10766">
        <time>2026-05-29T11:27:19Z</time>
      </trkpt>
      <trkpt lat="30.645494" lon="104.10772">
        <time>2026-05-29T11:27:20Z</time>
      </trkpt>
      <trkpt lat="30.64547" lon="104.10777">
        <time>2026-05-29T11:27:21Z</time>
      </trkpt>
      <trkpt lat="30.64545" lon="104.10783">
        <time>2026-05-29T11:27:22Z</time>
      </trkpt>
      <trkpt lat="30.645424" lon="104.10788">
        <time>2026-05-29T11:27:23Z</time>
      </trkpt>
      <trkpt lat="30.645403" lon="104.10791">
        <time>2026-05-29T11:27:24Z</time>
      </trkpt>
      <trkpt lat="30.645388" lon="104.107925">
        <time>2026-05-29T11:27:25Z</time>
      </trkpt>
      <trkpt lat="30.645382" lon="104.10794">
        <time>2026-05-29T11:27:26Z</time>
      </trkpt>
      <trkpt lat="30.645372" lon="104.107956">
        <time>2026-05-29T11:27:27Z</time>
      </trkpt>
      <trkpt lat="30.645348" lon="104.10798">
        <time>2026-05-29T11:27:28Z</time>
      </trkpt>
      <trkpt lat="30.64531" lon="104.10801">
        <time>2026-05-29T11:27:29Z</time>
      </trkpt>
      <trkpt lat="30.645275" lon="104.10804">
        <time>2026-05-29T11:27:30Z</time>
      </trkpt>
      <trkpt lat="30.645245" lon="104.10808">
        <time>2026-05-29T11:27:31Z</time>
      </trkpt>
      <trkpt lat="30.645222" lon="104.108116">
        <time>2026-05-29T11:27:32Z</time>
      </trkpt>
      <trkpt lat="30.645205" lon="104.108154">
        <time>2026-05-29T11:27:33Z</time>
      </trkpt>
      <trkpt lat="30.645184" lon="104.1082">
        <time>2026-05-29T11:27:34Z</time>
      </trkpt>
      <trkpt lat="30.64516" lon="104.10825">
        <time>2026-05-29T11:27:35Z</time>
      </trkpt>
      <trkpt lat="30.645142" lon="104.10829">
        <time>2026-05-29T11:27:36Z</time>
      </trkpt>
      <trkpt lat="30.645128" lon="104.108345">
        <time>2026-05-29T11:27:37Z</time>
      </trkpt>
      <trkpt lat="30.645111" lon="104.1084">
        <time>2026-05-29T11:27:38Z</time>
      </trkpt>
      <trkpt lat="30.645096" lon="104.10845">
        <time>2026-05-29T11:27:39Z</time>
      </trkpt>
      <trkpt lat="30.64508" lon="104.108505">
        <time>2026-05-29T11:27:40Z</time>
      </trkpt>
      <trkpt lat="30.645058" lon="104.10859">
        <time>2026-05-29T11:27:41Z</time>
      </trkpt>
      <trkpt lat="30.645039" lon="104.10867">
        <time>2026-05-29T11:27:42Z</time>
      </trkpt>
      <trkpt lat="30.645021" lon="104.10875">
        <time>2026-05-29T11:27:43Z</time>
      </trkpt>
      <trkpt lat="30.645006" lon="104.108826">
        <time>2026-05-29T11:27:44Z</time>
      </trkpt>
      <trkpt lat="30.644993" lon="104.10889">
        <time>2026-05-29T11:27:45Z</time>
      </trkpt>
      <trkpt lat="30.644981" lon="104.10895">
        <time>2026-05-29T11:27:46Z</time>
      </trkpt>
      <trkpt lat="30.644964" lon="104.10901">
        <time>2026-05-29T11:27:47Z</time>
      </trkpt>
      <trkpt lat="30.644943" lon="104.10907">
        <time>2026-05-29T11:27:48Z</time>
      </trkpt>
      <trkpt lat="30.644913" lon="104.10915">
        <time>2026-05-29T11:27:49Z</time>
      </trkpt>
      <trkpt lat="30.64489" lon="104.109215">
        <time>2026-05-29T11:27:50Z</time>
      </trkpt>
      <trkpt lat="30.644865" lon="104.10928">
        <time>2026-05-29T11:27:51Z</time>
      </trkpt>
      <trkpt lat="30.644844" lon="104.10935">
        <time>2026-05-29T11:27:52Z</time>
      </trkpt>
      <trkpt lat="30.644823" lon="104.10941">
        <time>2026-05-29T11:27:53Z</time>
      </trkpt>
      <trkpt lat="30.644794" lon="104.109474">
        <time>2026-05-29T11:27:54Z</time>
      </trkpt>
      <trkpt lat="30.644768" lon="104.109535">
        <time>2026-05-29T11:27:55Z</time>
      </trkpt>
      <trkpt lat="30.644745" lon="104.1096">
        <time>2026-05-29T11:27:56Z</time>
      </trkpt>
      <trkpt lat="30.64472" lon="104.10966">
        <time>2026-05-29T11:27:57Z</time>
      </trkpt>
      <trkpt lat="30.64469" lon="104.10971">
        <time>2026-05-29T11:27:58Z</time>
      </trkpt>
      <trkpt lat="30.644655" lon="104.10977">
        <time>2026-05-29T11:27:59Z</time>
      </trkpt>
      <trkpt lat="30.644615" lon="104.10985">
        <time>2026-05-29T11:28:00Z</time>
      </trkpt>
      <trkpt lat="30.64457" lon="104.10992">
        <time>2026-05-29T11:28:01Z</time>
      </trkpt>
      <trkpt lat="30.644527" lon="104.10998">
        <time>2026-05-29T11:28:02Z</time>
      </trkpt>
      <trkpt lat="30.644482" lon="104.11005">
        <time>2026-05-29T11:28:03Z</time>
      </trkpt>
      <trkpt lat="30.644428" lon="104.11012">
        <time>2026-05-29T11:28:04Z</time>
      </trkpt>
      <trkpt lat="30.644388" lon="104.11019">
        <time>2026-05-29T11:28:05Z</time>
      </trkpt>
      <trkpt lat="30.644344" lon="104.11026">
        <time>2026-05-29T11:28:06Z</time>
      </trkpt>
      <trkpt lat="30.644299" lon="104.11033">
        <time>2026-05-29T11:28:07Z</time>
      </trkpt>
      <trkpt lat="30.64425" lon="104.11041">
        <time>2026-05-29T11:28:08Z</time>
      </trkpt>
      <trkpt lat="30.644213" lon="104.11049">
        <time>2026-05-29T11:28:09Z</time>
      </trkpt>
      <trkpt lat="30.644175" lon="104.11056">
        <time>2026-05-29T11:28:10Z</time>
      </trkpt>
      <trkpt lat="30.644135" lon="104.11063">
        <time>2026-05-29T11:28:11Z</time>
      </trkpt>
      <trkpt lat="30.64409" lon="104.1107">
        <time>2026-05-29T11:28:12Z</time>
      </trkpt>
      <trkpt lat="30.644045" lon="104.11079">
        <time>2026-05-29T11:28:13Z</time>
      </trkpt>
      <trkpt lat="30.644003" lon="104.11087">
        <time>2026-05-29T11:28:14Z</time>
      </trkpt>
      <trkpt lat="30.643959" lon="104.110954">
        <time>2026-05-29T11:28:15Z</time>
      </trkpt>
      <trkpt lat="30.64392" lon="104.11104">
        <time>2026-05-29T11:28:16Z</time>
      </trkpt>
      <trkpt lat="30.643887" lon="104.11112">
        <time>2026-05-29T11:28:17Z</time>
      </trkpt>
      <trkpt lat="30.643852" lon="104.11121">
        <time>2026-05-29T11:28:18Z</time>
      </trkpt>
      <trkpt lat="30.643816" lon="104.1113">
        <time>2026-05-29T11:28:19Z</time>
      </trkpt>
      <trkpt lat="30.643784" lon="104.11138">
        <time>2026-05-29T11:28:20Z</time>
      </trkpt>
      <trkpt lat="30.643744" lon="104.11146">
        <time>2026-05-29T11:28:21Z</time>
      </trkpt>
      <trkpt lat="30.643702" lon="104.111534">
        <time>2026-05-29T11:28:22Z</time>
      </trkpt>
      <trkpt lat="30.643648" lon="104.111595">
        <time>2026-05-29T11:28:23Z</time>
      </trkpt>
      <trkpt lat="30.64359" lon="104.11166">
        <time>2026-05-29T11:28:24Z</time>
      </trkpt>
      <trkpt lat="30.643532" lon="104.11171">
        <time>2026-05-29T11:28:25Z</time>
      </trkpt>
      <trkpt lat="30.643475" lon="104.11177">
        <time>2026-05-29T11:28:26Z</time>
      </trkpt>
      <trkpt lat="30.643425" lon="104.11183">
        <time>2026-05-29T11:28:27Z</time>
      </trkpt>
      <trkpt lat="30.643381" lon="104.11191">
        <time>2026-05-29T11:28:28Z</time>
      </trkpt>
      <trkpt lat="30.643349" lon="104.111984">
        <time>2026-05-29T11:28:29Z</time>
      </trkpt>
      <trkpt lat="30.643324" lon="104.11206">
        <time>2026-05-29T11:28:30Z</time>
      </trkpt>
      <trkpt lat="30.643288" lon="104.11215">
        <time>2026-05-29T11:28:31Z</time>
      </trkpt>
      <trkpt lat="30.64325" lon="104.11224">
        <time>2026-05-29T11:28:32Z</time>
      </trkpt>
      <trkpt lat="30.64322" lon="104.11233">
        <time>2026-05-29T11:28:33Z</time>
      </trkpt>
      <trkpt lat="30.643187" lon="104.11241">
        <time>2026-05-29T11:28:34Z</time>
      </trkpt>
      <trkpt lat="30.643152" lon="104.11251">
        <time>2026-05-29T11:28:35Z</time>
      </trkpt>
      <trkpt lat="30.643116" lon="104.112595">
        <time>2026-05-29T11:28:36Z</time>
      </trkpt>
      <trkpt lat="30.64308" lon="104.11268">
        <time>2026-05-29T11:28:37Z</time>
      </trkpt>
      <trkpt lat="30.643044" lon="104.112755">
        <time>2026-05-29T11:28:38Z</time>
      </trkpt>
      <trkpt lat="30.643005" lon="104.11284">
        <time>2026-05-29T11:28:39Z</time>
      </trkpt>
      <trkpt lat="30.64297" lon="104.11292">
        <time>2026-05-29T11:28:40Z</time>
      </trkpt>
      <trkpt lat="30.64293" lon="104.113">
        <time>2026-05-29T11:28:41Z</time>
      </trkpt>
      <trkpt lat="30.642889" lon="104.11308">
        <time>2026-05-29T11:28:42Z</time>
      </trkpt>
      <trkpt lat="30.64285" lon="104.11317">
        <time>2026-05-29T11:28:43Z</time>
      </trkpt>
      <trkpt lat="30.642817" lon="104.11324">
        <time>2026-05-29T11:28:44Z</time>
      </trkpt>
      <trkpt lat="30.642784" lon="104.11333">
        <time>2026-05-29T11:28:45Z</time>
      </trkpt>
      <trkpt lat="30.642744" lon="104.1134">
        <time>2026-05-29T11:28:46Z</time>
      </trkpt>
      <trkpt lat="30.642706" lon="104.11348">
        <time>2026-05-29T11:28:47Z</time>
      </trkpt>
      <trkpt lat="30.642668" lon="104.11355">
        <time>2026-05-29T11:28:48Z</time>
      </trkpt>
      <trkpt lat="30.642633" lon="104.113625">
        <time>2026-05-29T11:28:49Z</time>
      </trkpt>
      <trkpt lat="30.642593" lon="104.11371">
        <time>2026-05-29T11:28:50Z</time>
      </trkpt>
      <trkpt lat="30.642553" lon="104.113785">
        <time>2026-05-29T11:28:51Z</time>
      </trkpt>
      <trkpt lat="30.642511" lon="104.11387">
        <time>2026-05-29T11:28:52Z</time>
      </trkpt>
      <trkpt lat="30.642467" lon="104.11395">
        <time>2026-05-29T11:28:53Z</time>
      </trkpt>
      <trkpt lat="30.642426" lon="104.11403">
        <time>2026-05-29T11:28:54Z</time>
      </trkpt>
      <trkpt lat="30.642384" lon="104.11411">
        <time>2026-05-29T11:28:55Z</time>
      </trkpt>
      <trkpt lat="30.64234" lon="104.11419">
        <time>2026-05-29T11:28:56Z</time>
      </trkpt>
      <trkpt lat="30.6423" lon="104.11427">
        <time>2026-05-29T11:28:57Z</time>
      </trkpt>
      <trkpt lat="30.64226" lon="104.11435">
        <time>2026-05-29T11:28:58Z</time>
      </trkpt>
      <trkpt lat="30.642218" lon="104.11443">
        <time>2026-05-29T11:28:59Z</time>
      </trkpt>
      <trkpt lat="30.642178" lon="104.11451">
        <time>2026-05-29T11:29:00Z</time>
      </trkpt>
      <trkpt lat="30.642138" lon="104.11459">
        <time>2026-05-29T11:29:01Z</time>
      </trkpt>
      <trkpt lat="30.642097" lon="104.11467">
        <time>2026-05-29T11:29:02Z</time>
      </trkpt>
      <trkpt lat="30.642057" lon="104.11475">
        <time>2026-05-29T11:29:03Z</time>
      </trkpt>
      <trkpt lat="30.64202" lon="104.11484">
        <time>2026-05-29T11:29:04Z</time>
      </trkpt>
      <trkpt lat="30.64198" lon="104.11492">
        <time>2026-05-29T11:29:05Z</time>
      </trkpt>
      <trkpt lat="30.641943" lon="104.11502">
        <time>2026-05-29T11:29:06Z</time>
      </trkpt>
      <trkpt lat="30.64191" lon="104.11512">
        <time>2026-05-29T11:29:07Z</time>
      </trkpt>
      <trkpt lat="30.64188" lon="104.11523">
        <time>2026-05-29T11:29:08Z</time>
      </trkpt>
      <trkpt lat="30.641848" lon="104.115326">
        <time>2026-05-29T11:29:09Z</time>
      </trkpt>
      <trkpt lat="30.64182" lon="104.11542">
        <time>2026-05-29T11:29:10Z</time>
      </trkpt>
      <trkpt lat="30.641794" lon="104.11552">
        <time>2026-05-29T11:29:11Z</time>
      </trkpt>
      <trkpt lat="30.641754" lon="104.1156">
        <time>2026-05-29T11:29:12Z</time>
      </trkpt>
      <trkpt lat="30.641712" lon="104.11569">
        <time>2026-05-29T11:29:13Z</time>
      </trkpt>
      <trkpt lat="30.641676" lon="104.11577">
        <time>2026-05-29T11:29:14Z</time>
      </trkpt>
      <trkpt lat="30.641636" lon="104.11586">
        <time>2026-05-29T11:29:15Z</time>
      </trkpt>
      <trkpt lat="30.641596" lon="104.11594">
        <time>2026-05-29T11:29:16Z</time>
      </trkpt>
      <trkpt lat="30.641556" lon="104.11601">
        <time>2026-05-29T11:29:17Z</time>
      </trkpt>
      <trkpt lat="30.641518" lon="104.11609">
        <time>2026-05-29T11:29:18Z</time>
      </trkpt>
      <trkpt lat="30.641478" lon="104.11617">
        <time>2026-05-29T11:29:19Z</time>
      </trkpt>
      <trkpt lat="30.64144" lon="104.11626">
        <time>2026-05-29T11:29:20Z</time>
      </trkpt>
      <trkpt lat="30.641405" lon="104.11634">
        <time>2026-05-29T11:29:21Z</time>
      </trkpt>
      <trkpt lat="30.64137" lon="104.11642">
        <time>2026-05-29T11:29:22Z</time>
      </trkpt>
      <trkpt lat="30.641342" lon="104.11649">
        <time>2026-05-29T11:29:23Z</time>
      </trkpt>
      <trkpt lat="30.64131" lon="104.11656">
        <time>2026-05-29T11:29:24Z</time>
      </trkpt>
      <trkpt lat="30.641277" lon="104.11663">
        <time>2026-05-29T11:29:25Z</time>
      </trkpt>
      <trkpt lat="30.641247" lon="104.11671">
        <time>2026-05-29T11:29:26Z</time>
      </trkpt>
      <trkpt lat="30.641214" lon="104.116776">
        <time>2026-05-29T11:29:27Z</time>
      </trkpt>
      <trkpt lat="30.641186" lon="104.116844">
        <time>2026-05-29T11:29:28Z</time>
      </trkpt>
      <trkpt lat="30.641151" lon="104.11691">
        <time>2026-05-29T11:29:29Z</time>
      </trkpt>
      <trkpt lat="30.641119" lon="104.11698">
        <time>2026-05-29T11:29:30Z</time>
      </trkpt>
      <trkpt lat="30.641087" lon="104.11704">
        <time>2026-05-29T11:29:31Z</time>
      </trkpt>
      <trkpt lat="30.64106" lon="104.117096">
        <time>2026-05-29T11:29:32Z</time>
      </trkpt>
      <trkpt lat="30.641035" lon="104.11716">
        <time>2026-05-29T11:29:33Z</time>
      </trkpt>
      <trkpt lat="30.641006" lon="104.11722">
        <time>2026-05-29T11:29:34Z</time>
      </trkpt>
      <trkpt lat="30.640978" lon="104.11727">
        <time>2026-05-29T11:29:35Z</time>
      </trkpt>
      <trkpt lat="30.640947" lon="104.117325">
        <time>2026-05-29T11:29:36Z</time>
      </trkpt>
      <trkpt lat="30.640911" lon="104.11738">
        <time>2026-05-29T11:29:37Z</time>
      </trkpt>
      <trkpt lat="30.640873" lon="104.117424">
        <time>2026-05-29T11:29:38Z</time>
      </trkpt>
      <trkpt lat="30.640842" lon="104.117485">
        <time>2026-05-29T11:29:39Z</time>
      </trkpt>
      <trkpt lat="30.640816" lon="104.117546">
        <time>2026-05-29T11:29:40Z</time>
      </trkpt>
      <trkpt lat="30.640793" lon="104.1176">
        <time>2026-05-29T11:29:41Z</time>
      </trkpt>
      <trkpt lat="30.640768" lon="104.11765">
        <time>2026-05-29T11:29:42Z</time>
      </trkpt>
      <trkpt lat="30.640747" lon="104.117714">
        <time>2026-05-29T11:29:43Z</time>
      </trkpt>
      <trkpt lat="30.640722" lon="104.11777">
        <time>2026-05-29T11:29:44Z</time>
      </trkpt>
      <trkpt lat="30.6407" lon="104.11782">
        <time>2026-05-29T11:29:45Z</time>
      </trkpt>
      <trkpt lat="30.640682" lon="104.117874">
        <time>2026-05-29T11:29:46Z</time>
      </trkpt>
      <trkpt lat="30.640661" lon="104.117935">
        <time>2026-05-29T11:29:47Z</time>
      </trkpt>
      <trkpt lat="30.640638" lon="104.11799">
        <time>2026-05-29T11:29:48Z</time>
      </trkpt>
      <trkpt lat="30.640614" lon="104.11804">
        <time>2026-05-29T11:29:49Z</time>
      </trkpt>
      <trkpt lat="30.64059" lon="104.11809">
        <time>2026-05-29T11:29:50Z</time>
      </trkpt>
      <trkpt lat="30.640566" lon="104.11813">
        <time>2026-05-29T11:29:51Z</time>
      </trkpt>
      <trkpt lat="30.640543" lon="104.11818">
        <time>2026-05-29T11:29:52Z</time>
      </trkpt>
      <trkpt lat="30.640522" lon="104.11821">
        <time>2026-05-29T11:29:53Z</time>
      </trkpt>
      <trkpt lat="30.640501" lon="104.11825">
        <time>2026-05-29T11:29:54Z</time>
      </trkpt>
      <trkpt lat="30.640486" lon="104.11828">
        <time>2026-05-29T11:29:55Z</time>
      </trkpt>
      <trkpt lat="30.64047" lon="104.1183">
        <time>2026-05-29T11:29:56Z</time>
      </trkpt>
      <trkpt lat="30.640455" lon="104.118324">
        <time>2026-05-29T11:29:57Z</time>
      </trkpt>
      <trkpt lat="30.64044" lon="104.11835">
        <time>2026-05-29T11:29:58Z</time>
      </trkpt>
      <trkpt lat="30.640427" lon="104.11838">
        <time>2026-05-29T11:29:59Z</time>
      </trkpt>
      <trkpt lat="30.640419" lon="104.11839">
        <time>2026-05-29T11:30:00Z</time>
      </trkpt>
      <trkpt lat="30.640408" lon="104.11843">
        <time>2026-05-29T11:30:01Z</time>
      </trkpt>
      <trkpt lat="30.640388" lon="104.11847">
        <time>2026-05-29T11:30:02Z</time>
      </trkpt>
      <trkpt lat="30.640368" lon="104.11852">
        <time>2026-05-29T11:30:03Z</time>
      </trkpt>
      <trkpt lat="30.640345" lon="104.118576">
        <time>2026-05-29T11:30:04Z</time>
      </trkpt>
      <trkpt lat="30.640331" lon="104.118614">
        <time>2026-05-29T11:30:05Z</time>
      </trkpt>
      <trkpt lat="30.640314" lon="104.11866">
        <time>2026-05-29T11:30:06Z</time>
      </trkpt>
      <trkpt lat="30.640285" lon="104.11872">
        <time>2026-05-29T11:30:07Z</time>
      </trkpt>
      <trkpt lat="30.640259" lon="104.11878">
        <time>2026-05-29T11:30:08Z</time>
      </trkpt>
      <trkpt lat="30.640232" lon="104.11885">
        <time>2026-05-29T11:30:09Z</time>
      </trkpt>
      <trkpt lat="30.640203" lon="104.11891">
        <time>2026-05-29T11:30:10Z</time>
      </trkpt>
      <trkpt lat="30.640171" lon="104.11897">
        <time>2026-05-29T11:30:11Z</time>
      </trkpt>
      <trkpt lat="30.640142" lon="104.11903">
        <time>2026-05-29T11:30:12Z</time>
      </trkpt>
      <trkpt lat="30.64011" lon="104.119095">
        <time>2026-05-29T11:30:13Z</time>
      </trkpt>
      <trkpt lat="30.640078" lon="104.119156">
        <time>2026-05-29T11:30:14Z</time>
      </trkpt>
      <trkpt lat="30.64005" lon="104.11922">
        <time>2026-05-29T11:30:15Z</time>
      </trkpt>
      <trkpt lat="30.64002" lon="104.119286">
        <time>2026-05-29T11:30:16Z</time>
      </trkpt>
      <trkpt lat="30.63999" lon="104.119354">
        <time>2026-05-29T11:30:17Z</time>
      </trkpt>
      <trkpt lat="30.63996" lon="104.119415">
        <time>2026-05-29T11:30:18Z</time>
      </trkpt>
      <trkpt lat="30.63993" lon="104.11948">
        <time>2026-05-29T11:30:19Z</time>
      </trkpt>
      <trkpt lat="30.639906" lon="104.11954">
        <time>2026-05-29T11:30:20Z</time>
      </trkpt>
      <trkpt lat="30.639877" lon="104.119606">
        <time>2026-05-29T11:30:21Z</time>
      </trkpt>
      <trkpt lat="30.639853" lon="104.11967">
        <time>2026-05-29T11:30:22Z</time>
      </trkpt>
      <trkpt lat="30.639818" lon="104.11972">
        <time>2026-05-29T11:30:23Z</time>
      </trkpt>
      <trkpt lat="30.639782" lon="104.119774">
        <time>2026-05-29T11:30:24Z</time>
      </trkpt>
      <trkpt lat="30.639744" lon="104.11982">
        <time>2026-05-29T11:30:25Z</time>
      </trkpt>
      <trkpt lat="30.639711" lon="104.11988">
        <time>2026-05-29T11:30:26Z</time>
      </trkpt>
      <trkpt lat="30.639685" lon="104.11994">
        <time>2026-05-29T11:30:27Z</time>
      </trkpt>
      <trkpt lat="30.639656" lon="104.119995">
        <time>2026-05-29T11:30:28Z</time>
      </trkpt>
      <trkpt lat="30.639627" lon="104.120056">
        <time>2026-05-29T11:30:29Z</time>
      </trkpt>
      <trkpt lat="30.639599" lon="104.12011">
        <time>2026-05-29T11:30:30Z</time>
      </trkpt>
      <trkpt lat="30.639574" lon="104.12016">
        <time>2026-05-29T11:30:31Z</time>
      </trkpt>
      <trkpt lat="30.63955" lon="104.12022">
        <time>2026-05-29T11:30:32Z</time>
      </trkpt>
      <trkpt lat="30.639532" lon="104.12027">
        <time>2026-05-29T11:30:33Z</time>
      </trkpt>
      <trkpt lat="30.639513" lon="104.12032">
        <time>2026-05-29T11:30:34Z</time>
      </trkpt>
      <trkpt lat="30.639492" lon="104.120384">
        <time>2026-05-29T11:30:35Z</time>
      </trkpt>
      <trkpt lat="30.639465" lon="104.12044">
        <time>2026-05-29T11:30:36Z</time>
      </trkpt>
      <trkpt lat="30.639439" lon="104.1205">
        <time>2026-05-29T11:30:37Z</time>
      </trkpt>
      <trkpt lat="30.639408" lon="104.12056">
        <time>2026-05-29T11:30:38Z</time>
      </trkpt>
      <trkpt lat="30.639378" lon="104.12062">
        <time>2026-05-29T11:30:39Z</time>
      </trkpt>
      <trkpt lat="30.639353" lon="104.12067">
        <time>2026-05-29T11:30:40Z</time>
      </trkpt>
      <trkpt lat="30.639324" lon="104.120735">
        <time>2026-05-29T11:30:41Z</time>
      </trkpt>
      <trkpt lat="30.639297" lon="104.1208">
        <time>2026-05-29T11:30:42Z</time>
      </trkpt>
      <trkpt lat="30.639265" lon="104.12087">
        <time>2026-05-29T11:30:43Z</time>
      </trkpt>
      <trkpt lat="30.639238" lon="104.12094">
        <time>2026-05-29T11:30:44Z</time>
      </trkpt>
      <trkpt lat="30.639215" lon="104.12101">
        <time>2026-05-29T11:30:45Z</time>
      </trkpt>
      <trkpt lat="30.639189" lon="104.12108">
        <time>2026-05-29T11:30:46Z</time>
      </trkpt>
      <trkpt lat="30.63916" lon="104.12114">
        <time>2026-05-29T11:30:47Z</time>
      </trkpt>
      <trkpt lat="30.639126" lon="104.12119">
        <time>2026-05-29T11:30:48Z</time>
      </trkpt>
      <trkpt lat="30.639086" lon="104.121254">
        <time>2026-05-29T11:30:49Z</time>
      </trkpt>
      <trkpt lat="30.639053" lon="104.121315">
        <time>2026-05-29T11:30:50Z</time>
      </trkpt>
      <trkpt lat="30.63902" lon="104.12138">
        <time>2026-05-29T11:30:51Z</time>
      </trkpt>
      <trkpt lat="30.638985" lon="104.12144">
        <time>2026-05-29T11:30:52Z</time>
      </trkpt>
      <trkpt lat="30.638947" lon="104.1215">
        <time>2026-05-29T11:30:53Z</time>
      </trkpt>
      <trkpt lat="30.638912" lon="104.12156">
        <time>2026-05-29T11:30:54Z</time>
      </trkpt>
      <trkpt lat="30.638891" lon="104.12161">
        <time>2026-05-29T11:30:55Z</time>
      </trkpt>
      <trkpt lat="30.638872" lon="104.12167">
        <time>2026-05-29T11:30:56Z</time>
      </trkpt>
      <trkpt lat="30.638863" lon="104.12173">
        <time>2026-05-29T11:30:57Z</time>
      </trkpt>
      <trkpt lat="30.638853" lon="104.12179">
        <time>2026-05-29T11:30:58Z</time>
      </trkpt>
      <trkpt lat="30.638859" lon="104.12185">
        <time>2026-05-29T11:30:59Z</time>
      </trkpt>
      <trkpt lat="30.638859" lon="104.12191">
        <time>2026-05-29T11:31:00Z</time>
      </trkpt>
      <trkpt lat="30.63884" lon="104.12197">
        <time>2026-05-29T11:31:01Z</time>
      </trkpt>
      <trkpt lat="30.638817" lon="104.122025">
        <time>2026-05-29T11:31:02Z</time>
      </trkpt>
      <trkpt lat="30.638786" lon="104.1221">
        <time>2026-05-29T11:31:03Z</time>
      </trkpt>
      <trkpt lat="30.638762" lon="104.12216">
        <time>2026-05-29T11:31:04Z</time>
      </trkpt>
      <trkpt lat="30.63874" lon="104.12222">
        <time>2026-05-29T11:31:05Z</time>
      </trkpt>
      <trkpt lat="30.63872" lon="104.12228">
        <time>2026-05-29T11:31:06Z</time>
      </trkpt>
      <trkpt lat="30.6387" lon="104.12232">
        <time>2026-05-29T11:31:07Z</time>
      </trkpt>
      <trkpt lat="30.638676" lon="104.122375">
        <time>2026-05-29T11:31:08Z</time>
      </trkpt>
      <trkpt lat="30.638664" lon="104.12242">
        <time>2026-05-29T11:31:09Z</time>
      </trkpt>
      <trkpt lat="30.638657" lon="104.12247">
        <time>2026-05-29T11:31:10Z</time>
      </trkpt>
      <trkpt lat="30.638672" lon="104.122505">
        <time>2026-05-29T11:31:11Z</time>
      </trkpt>
      <trkpt lat="30.63869" lon="104.12254">
        <time>2026-05-29T11:31:12Z</time>
      </trkpt>
      <trkpt lat="30.638702" lon="104.12258">
        <time>2026-05-29T11:31:13Z</time>
      </trkpt>
      <trkpt lat="30.638704" lon="104.12262">
        <time>2026-05-29T11:31:14Z</time>
      </trkpt>
      <trkpt lat="30.6387" lon="104.12266">
        <time>2026-05-29T11:31:15Z</time>
      </trkpt>
      <trkpt lat="30.63869" lon="104.12269">
        <time>2026-05-29T11:31:16Z</time>
      </trkpt>
      <trkpt lat="30.638687" lon="104.12273">
        <time>2026-05-29T11:31:17Z</time>
      </trkpt>
      <trkpt lat="30.638678" lon="104.12277">
        <time>2026-05-29T11:31:18Z</time>
      </trkpt>
      <trkpt lat="30.638666" lon="104.12282">
        <time>2026-05-29T11:31:19Z</time>
      </trkpt>
      <trkpt lat="30.638653" lon="104.12286">
        <time>2026-05-29T11:31:20Z</time>
      </trkpt>
      <trkpt lat="30.63864" lon="104.122925">
        <time>2026-05-29T11:31:21Z</time>
      </trkpt>
      <trkpt lat="30.638624" lon="104.122986">
        <time>2026-05-29T11:31:22Z</time>
      </trkpt>
      <trkpt lat="30.638617" lon="104.12305">
        <time>2026-05-29T11:31:23Z</time>
      </trkpt>
      <trkpt lat="30.638605" lon="104.123116">
        <time>2026-05-29T11:31:24Z</time>
      </trkpt>
      <trkpt lat="30.638594" lon="104.12318">
        <time>2026-05-29T11:31:25Z</time>
      </trkpt>
      <trkpt lat="30.63858" lon="104.12323">
        <time>2026-05-29T11:31:26Z</time>
      </trkpt>
      <trkpt lat="30.63857" lon="104.12328">
        <time>2026-05-29T11:31:27Z</time>
      </trkpt>
      <trkpt lat="30.638561" lon="104.12334">
        <time>2026-05-29T11:31:28Z</time>
      </trkpt>
      <trkpt lat="30.638556" lon="104.12339">
        <time>2026-05-29T11:31:29Z</time>
      </trkpt>
      <trkpt lat="30.63855" lon="104.12344">
        <time>2026-05-29T11:31:30Z</time>
      </trkpt>
      <trkpt lat="30.638544" lon="104.1235">
        <time>2026-05-29T11:31:31Z</time>
      </trkpt>
      <trkpt lat="30.638538" lon="104.12355">
        <time>2026-05-29T11:31:32Z</time>
      </trkpt>
      <trkpt lat="30.638536" lon="104.123604">
        <time>2026-05-29T11:31:33Z</time>
      </trkpt>
      <trkpt lat="30.638533" lon="104.123665">
        <time>2026-05-29T11:31:34Z</time>
      </trkpt>
      <trkpt lat="30.638525" lon="104.12372">
        <time>2026-05-29T11:31:35Z</time>
      </trkpt>
      <trkpt lat="30.638515" lon="104.12377">
        <time>2026-05-29T11:31:36Z</time>
      </trkpt>
      <trkpt lat="30.638502" lon="104.123825">
        <time>2026-05-29T11:31:37Z</time>
      </trkpt>
      <trkpt lat="30.638494" lon="104.12388">
        <time>2026-05-29T11:31:38Z</time>
      </trkpt>
      <trkpt lat="30.638493" lon="104.12394">
        <time>2026-05-29T11:31:39Z</time>
      </trkpt>
      <trkpt lat="30.638493" lon="104.12399">
        <time>2026-05-29T11:31:40Z</time>
      </trkpt>
      <trkpt lat="30.638493" lon="104.124054">
        <time>2026-05-29T11:31:41Z</time>
      </trkpt>
      <trkpt lat="30.638493" lon="104.124115">
        <time>2026-05-29T11:31:42Z</time>
      </trkpt>
      <trkpt lat="30.63849" lon="104.124176">
        <time>2026-05-29T11:31:43Z</time>
      </trkpt>
      <trkpt lat="30.638485" lon="104.12424">
        <time>2026-05-29T11:31:44Z</time>
      </trkpt>
      <trkpt lat="30.638481" lon="104.1243">
        <time>2026-05-29T11:31:45Z</time>
      </trkpt>
      <trkpt lat="30.63848" lon="104.12436">
        <time>2026-05-29T11:31:46Z</time>
      </trkpt>
      <trkpt lat="30.638477" lon="104.12442">
        <time>2026-05-29T11:31:47Z</time>
      </trkpt>
      <trkpt lat="30.63848" lon="104.12448">
        <time>2026-05-29T11:31:48Z</time>
      </trkpt>
      <trkpt lat="30.63848" lon="104.12454">
        <time>2026-05-29T11:31:49Z</time>
      </trkpt>
      <trkpt lat="30.638481" lon="104.1246">
        <time>2026-05-29T11:31:50Z</time>
      </trkpt>
      <trkpt lat="30.638485" lon="104.12467">
        <time>2026-05-29T11:31:51Z</time>
      </trkpt>
      <trkpt lat="30.638489" lon="104.12475">
        <time>2026-05-29T11:31:52Z</time>
      </trkpt>
      <trkpt lat="30.638494" lon="104.12483">
        <time>2026-05-29T11:31:53Z</time>
      </trkpt>
      <trkpt lat="30.638502" lon="104.12489">
        <time>2026-05-29T11:31:54Z</time>
      </trkpt>
      <trkpt lat="30.638508" lon="104.12496">
        <time>2026-05-29T11:31:55Z</time>
      </trkpt>
      <trkpt lat="30.638517" lon="104.12503">
        <time>2026-05-29T11:31:56Z</time>
      </trkpt>
      <trkpt lat="30.638523" lon="104.1251">
        <time>2026-05-29T11:31:57Z</time>
      </trkpt>
      <trkpt lat="30.638529" lon="104.12517">
        <time>2026-05-29T11:31:58Z</time>
      </trkpt>
      <trkpt lat="30.638536" lon="104.125244">
        <time>2026-05-29T11:31:59Z</time>
      </trkpt>
      <trkpt lat="30.638544" lon="104.12531">
        <time>2026-05-29T11:32:00Z</time>
      </trkpt>
      <trkpt lat="30.638554" lon="104.12538">
        <time>2026-05-29T11:32:01Z</time>
      </trkpt>
      <trkpt lat="30.63856" lon="104.12545">
        <time>2026-05-29T11:32:02Z</time>
      </trkpt>
      <trkpt lat="30.63857" lon="104.12553">
        <time>2026-05-29T11:32:03Z</time>
      </trkpt>
      <trkpt lat="30.638582" lon="104.12561">
        <time>2026-05-29T11:32:04Z</time>
      </trkpt>
      <trkpt lat="30.638592" lon="104.12568">
        <time>2026-05-29T11:32:05Z</time>
      </trkpt>
      <trkpt lat="30.638601" lon="104.125755">
        <time>2026-05-29T11:32:06Z</time>
      </trkpt>
      <trkpt lat="30.638609" lon="104.12583">
        <time>2026-05-29T11:32:07Z</time>
      </trkpt>
      <trkpt lat="30.63861" lon="104.12591">
        <time>2026-05-29T11:32:08Z</time>
      </trkpt>
      <trkpt lat="30.638615" lon="104.125984">
        <time>2026-05-29T11:32:09Z</time>
      </trkpt>
      <trkpt lat="30.638624" lon="104.12607">
        <time>2026-05-29T11:32:10Z</time>
      </trkpt>
      <trkpt lat="30.638634" lon="104.126144">
        <time>2026-05-29T11:32:11Z</time>
      </trkpt>
      <trkpt lat="30.638643" lon="104.12622">
        <time>2026-05-29T11:32:12Z</time>
      </trkpt>
      <trkpt lat="30.638643" lon="104.12629">
        <time>2026-05-29T11:32:13Z</time>
      </trkpt>
      <trkpt lat="30.638647" lon="104.12636">
        <time>2026-05-29T11:32:14Z</time>
      </trkpt>
      <trkpt lat="30.638647" lon="104.126434">
        <time>2026-05-29T11:32:15Z</time>
      </trkpt>
      <trkpt lat="30.638647" lon="104.1265">
        <time>2026-05-29T11:32:16Z</time>
      </trkpt>
      <trkpt lat="30.63865" lon="104.12658">
        <time>2026-05-29T11:32:17Z</time>
      </trkpt>
      <trkpt lat="30.638657" lon="104.12665">
        <time>2026-05-29T11:32:18Z</time>
      </trkpt>
      <trkpt lat="30.638664" lon="104.126724">
        <time>2026-05-29T11:32:19Z</time>
      </trkpt>
      <trkpt lat="30.638676" lon="104.12681">
        <time>2026-05-29T11:32:20Z</time>
      </trkpt>
      <trkpt lat="30.638693" lon="104.12689">
        <time>2026-05-29T11:32:21Z</time>
      </trkpt>
      <trkpt lat="30.638706" lon="104.126976">
        <time>2026-05-29T11:32:22Z</time>
      </trkpt>
      <trkpt lat="30.638723" lon="104.12705">
        <time>2026-05-29T11:32:23Z</time>
      </trkpt>
      <trkpt lat="30.638737" lon="104.12713">
        <time>2026-05-29T11:32:24Z</time>
      </trkpt>
      <trkpt lat="30.638748" lon="104.12721">
        <time>2026-05-29T11:32:25Z</time>
      </trkpt>
      <trkpt lat="30.63876" lon="104.1273">
        <time>2026-05-29T11:32:26Z</time>
      </trkpt>
      <trkpt lat="30.638771" lon="104.12738">
        <time>2026-05-29T11:32:27Z</time>
      </trkpt>
      <trkpt lat="30.638779" lon="104.127464">
        <time>2026-05-29T11:32:28Z</time>
      </trkpt>
      <trkpt lat="30.638788" lon="104.12755">
        <time>2026-05-29T11:32:29Z</time>
      </trkpt>
      <trkpt lat="30.638796" lon="104.12765">
        <time>2026-05-29T11:32:30Z</time>
      </trkpt>
      <trkpt lat="30.638805" lon="104.12775">
        <time>2026-05-29T11:32:31Z</time>
      </trkpt>
      <trkpt lat="30.638813" lon="104.12784">
        <time>2026-05-29T11:32:32Z</time>
      </trkpt>
      <trkpt lat="30.638826" lon="104.12793">
        <time>2026-05-29T11:32:33Z</time>
      </trkpt>
      <trkpt lat="30.638842" lon="104.12802">
        <time>2026-05-29T11:32:34Z</time>
      </trkpt>
      <trkpt lat="30.638851" lon="104.12811">
        <time>2026-05-29T11:32:35Z</time>
      </trkpt>
      <trkpt lat="30.638859" lon="104.128204">
        <time>2026-05-29T11:32:36Z</time>
      </trkpt>
      <trkpt lat="30.638865" lon="104.12829">
        <time>2026-05-29T11:32:37Z</time>
      </trkpt>
      <trkpt lat="30.638874" lon="104.128365">
        <time>2026-05-29T11:32:38Z</time>
      </trkpt>
      <trkpt lat="30.638884" lon="104.12845">
        <time>2026-05-29T11:32:39Z</time>
      </trkpt>
      <trkpt lat="30.63889" lon="104.128525">
        <time>2026-05-29T11:32:40Z</time>
      </trkpt>
      <trkpt lat="30.6389" lon="104.12862">
        <time>2026-05-29T11:32:41Z</time>
      </trkpt>
      <trkpt lat="30.63891" lon="104.12869">
        <time>2026-05-29T11:32:42Z</time>
      </trkpt>
      <trkpt lat="30.638905" lon="104.12878">
        <time>2026-05-29T11:32:43Z</time>
      </trkpt>
      <trkpt lat="30.638906" lon="104.128845">
        <time>2026-05-29T11:32:44Z</time>
      </trkpt>
      <trkpt lat="30.638914" lon="104.128914">
        <time>2026-05-29T11:32:45Z</time>
      </trkpt>
      <trkpt lat="30.638918" lon="104.12899">
        <time>2026-05-29T11:32:46Z</time>
      </trkpt>
      <trkpt lat="30.638922" lon="104.12906">
        <time>2026-05-29T11:32:47Z</time>
      </trkpt>
      <trkpt lat="30.638927" lon="104.12912">
        <time>2026-05-29T11:32:48Z</time>
      </trkpt>
      <trkpt lat="30.638933" lon="104.12919">
        <time>2026-05-29T11:32:49Z</time>
      </trkpt>
      <trkpt lat="30.638939" lon="104.12926">
        <time>2026-05-29T11:32:50Z</time>
      </trkpt>
      <trkpt lat="30.638945" lon="104.12932">
        <time>2026-05-29T11:32:51Z</time>
      </trkpt>
      <trkpt lat="30.638952" lon="104.12939">
        <time>2026-05-29T11:32:52Z</time>
      </trkpt>
      <trkpt lat="30.638956" lon="104.12945">
        <time>2026-05-29T11:32:53Z</time>
      </trkpt>
      <trkpt lat="30.638962" lon="104.12951">
        <time>2026-05-29T11:32:54Z</time>
      </trkpt>
      <trkpt lat="30.638968" lon="104.12957">
        <time>2026-05-29T11:32:55Z</time>
      </trkpt>
      <trkpt lat="30.638975" lon="104.12963">
        <time>2026-05-29T11:32:56Z</time>
      </trkpt>
      <trkpt lat="30.63898" lon="104.129684">
        <time>2026-05-29T11:32:57Z</time>
      </trkpt>
      <trkpt lat="30.638987" lon="104.129745">
        <time>2026-05-29T11:32:58Z</time>
      </trkpt>
      <trkpt lat="30.638992" lon="104.12981">
        <time>2026-05-29T11:32:59Z</time>
      </trkpt>
      <trkpt lat="30.638998" lon="104.12986">
        <time>2026-05-29T11:33:00Z</time>
      </trkpt>
      <trkpt lat="30.639008" lon="104.12992">
        <time>2026-05-29T11:33:01Z</time>
      </trkpt>
      <trkpt lat="30.639017" lon="104.12997">
        <time>2026-05-29T11:33:02Z</time>
      </trkpt>
      <trkpt lat="30.63903" lon="104.13003">
        <time>2026-05-29T11:33:03Z</time>
      </trkpt>
      <trkpt lat="30.639034" lon="104.13008">
        <time>2026-05-29T11:33:04Z</time>
      </trkpt>
      <trkpt lat="30.639038" lon="104.130135">
        <time>2026-05-29T11:33:05Z</time>
      </trkpt>
      <trkpt lat="30.639042" lon="104.13019">
        <time>2026-05-29T11:33:06Z</time>
      </trkpt>
      <trkpt lat="30.639044" lon="104.13025">
        <time>2026-05-29T11:33:07Z</time>
      </trkpt>
      <trkpt lat="30.639048" lon="104.13031">
        <time>2026-05-29T11:33:08Z</time>
      </trkpt>
      <trkpt lat="30.639053" lon="104.13036">
        <time>2026-05-29T11:33:09Z</time>
      </trkpt>
      <trkpt lat="30.639057" lon="104.130424">
        <time>2026-05-29T11:33:10Z</time>
      </trkpt>
      <trkpt lat="30.639061" lon="104.13048">
        <time>2026-05-29T11:33:11Z</time>
      </trkpt>
      <trkpt lat="30.639069" lon="104.13054">
        <time>2026-05-29T11:33:12Z</time>
      </trkpt>
      <trkpt lat="30.639076" lon="104.1306">
        <time>2026-05-29T11:33:13Z</time>
      </trkpt>
      <trkpt lat="30.639086" lon="104.13066">
        <time>2026-05-29T11:33:14Z</time>
      </trkpt>
      <trkpt lat="30.639093" lon="104.13073">
        <time>2026-05-29T11:33:15Z</time>
      </trkpt>
      <trkpt lat="30.6391" lon="104.1308">
        <time>2026-05-29T11:33:16Z</time>
      </trkpt>
      <trkpt lat="30.6391" lon="104.130875">
        <time>2026-05-29T11:33:17Z</time>
      </trkpt>
      <trkpt lat="30.6391" lon="104.13094">
        <time>2026-05-29T11:33:18Z</time>
      </trkpt>
      <trkpt lat="30.639105" lon="104.13101">
        <time>2026-05-29T11:33:19Z</time>
      </trkpt>
      <trkpt lat="30.639103" lon="104.13108">
        <time>2026-05-29T11:33:20Z</time>
      </trkpt>
      <trkpt lat="30.639105" lon="104.13114">
        <time>2026-05-29T11:33:21Z</time>
      </trkpt>
      <trkpt lat="30.639109" lon="104.13121">
        <time>2026-05-29T11:33:22Z</time>
      </trkpt>
      <trkpt lat="30.639112" lon="104.13127">
        <time>2026-05-29T11:33:23Z</time>
      </trkpt>
      <trkpt lat="30.63911" lon="104.131325">
        <time>2026-05-29T11:33:24Z</time>
      </trkpt>
      <trkpt lat="30.639112" lon="104.131386">
        <time>2026-05-29T11:33:25Z</time>
      </trkpt>
      <trkpt lat="30.63911" lon="104.13145">
        <time>2026-05-29T11:33:26Z</time>
      </trkpt>
      <trkpt lat="30.639112" lon="104.13151">
        <time>2026-05-29T11:33:27Z</time>
      </trkpt>
      <trkpt lat="30.63912" lon="104.13158">
        <time>2026-05-29T11:33:28Z</time>
      </trkpt>
      <trkpt lat="30.639126" lon="104.13164">
        <time>2026-05-29T11:33:29Z</time>
      </trkpt>
      <trkpt lat="30.639132" lon="104.1317">
        <time>2026-05-29T11:33:30Z</time>
      </trkpt>
      <trkpt lat="30.639132" lon="104.13176">
        <time>2026-05-29T11:33:31Z</time>
      </trkpt>
      <trkpt lat="30.639133" lon="104.13183">
        <time>2026-05-29T11:33:32Z</time>
      </trkpt>
      <trkpt lat="30.639122" lon="104.13189">
        <time>2026-05-29T11:33:33Z</time>
      </trkpt>
      <trkpt lat="30.639114" lon="104.13195">
        <time>2026-05-29T11:33:34Z</time>
      </trkpt>
      <trkpt lat="30.639109" lon="104.13201">
        <time>2026-05-29T11:33:35Z</time>
      </trkpt>
      <trkpt lat="30.639112" lon="104.13207">
        <time>2026-05-29T11:33:36Z</time>
      </trkpt>
      <trkpt lat="30.639114" lon="104.13213">
        <time>2026-05-29T11:33:37Z</time>
      </trkpt>
      <trkpt lat="30.63911" lon="104.132195">
        <time>2026-05-29T11:33:38Z</time>
      </trkpt>
      <trkpt lat="30.639105" lon="104.13225">
        <time>2026-05-29T11:33:39Z</time>
      </trkpt>
      <trkpt lat="30.639105" lon="104.13232">
        <time>2026-05-29T11:33:40Z</time>
      </trkpt>
      <trkpt lat="30.639105" lon="104.132385">
        <time>2026-05-29T11:33:41Z</time>
      </trkpt>
      <trkpt lat="30.6391" lon="104.13245">
        <time>2026-05-29T11:33:42Z</time>
      </trkpt>
      <trkpt lat="30.639103" lon="104.132515">
        <time>2026-05-29T11:33:43Z</time>
      </trkpt>
      <trkpt lat="30.639101" lon="104.13258">
        <time>2026-05-29T11:33:44Z</time>
      </trkpt>
      <trkpt lat="30.6391" lon="104.132645">
        <time>2026-05-29T11:33:45Z</time>
      </trkpt>
      <trkpt lat="30.6391" lon="104.132706">
        <time>2026-05-29T11:33:46Z</time>
      </trkpt>
      <trkpt lat="30.639097" lon="104.13277">
        <time>2026-05-29T11:33:47Z</time>
      </trkpt>
      <trkpt lat="30.6391" lon="104.13283">
        <time>2026-05-29T11:33:48Z</time>
      </trkpt>
      <trkpt lat="30.639097" lon="104.13289">
        <time>2026-05-29T11:33:49Z</time>
      </trkpt>
      <trkpt lat="30.639091" lon="104.13295">
        <time>2026-05-29T11:33:50Z</time>
      </trkpt>
      <trkpt lat="30.639084" lon="104.133">
        <time>2026-05-29T11:33:51Z</time>
      </trkpt>
      <trkpt lat="30.63908" lon="104.133064">
        <time>2026-05-29T11:33:52Z</time>
      </trkpt>
      <trkpt lat="30.639074" lon="104.133125">
        <time>2026-05-29T11:33:53Z</time>
      </trkpt>
      <trkpt lat="30.639072" lon="104.13319">
        <time>2026-05-29T11:33:54Z</time>
      </trkpt>
      <trkpt lat="30.639069" lon="104.13325">
        <time>2026-05-29T11:33:55Z</time>
      </trkpt>
      <trkpt lat="30.639061" lon="104.13331">
        <time>2026-05-29T11:33:56Z</time>
      </trkpt>
      <trkpt lat="30.63906" lon="104.13336">
        <time>2026-05-29T11:33:57Z</time>
      </trkpt>
      <trkpt lat="30.639053" lon="104.13342">
        <time>2026-05-29T11:33:58Z</time>
      </trkpt>
      <trkpt lat="30.63905" lon="104.133484">
        <time>2026-05-29T11:33:59Z</time>
      </trkpt>
      <trkpt lat="30.639046" lon="104.13356">
        <time>2026-05-29T11:34:00Z</time>
      </trkpt>
      <trkpt lat="30.639044" lon="104.13364">
        <time>2026-05-29T11:34:01Z</time>
      </trkpt>
      <trkpt lat="30.63904" lon="104.133705">
        <time>2026-05-29T11:34:02Z</time>
      </trkpt>
      <trkpt lat="30.639038" lon="104.13377">
        <time>2026-05-29T11:34:03Z</time>
      </trkpt>
      <trkpt lat="30.639038" lon="104.133835">
        <time>2026-05-29T11:34:04Z</time>
      </trkpt>
      <trkpt lat="30.639034" lon="104.1339">
        <time>2026-05-29T11:34:05Z</time>
      </trkpt>
      <trkpt lat="30.639032" lon="104.13397">
        <time>2026-05-29T11:34:06Z</time>
      </trkpt>
      <trkpt lat="30.639032" lon="104.13404">
        <time>2026-05-29T11:34:07Z</time>
      </trkpt>
      <trkpt lat="30.639029" lon="104.13411">
        <time>2026-05-29T11:34:08Z</time>
      </trkpt>
      <trkpt lat="30.63902" lon="104.13416">
        <time>2026-05-29T11:34:09Z</time>
      </trkpt>
      <trkpt lat="30.639017" lon="104.134224">
        <time>2026-05-29T11:34:10Z</time>
      </trkpt>
      <trkpt lat="30.639017" lon="104.13429">
        <time>2026-05-29T11:34:11Z</time>
      </trkpt>
      <trkpt lat="30.639019" lon="104.13435">
        <time>2026-05-29T11:34:12Z</time>
      </trkpt>
      <trkpt lat="30.639019" lon="104.134415">
        <time>2026-05-29T11:34:13Z</time>
      </trkpt>
      <trkpt lat="30.639019" lon="104.13448">
        <time>2026-05-29T11:34:14Z</time>
      </trkpt>
      <trkpt lat="30.63902" lon="104.13455">
        <time>2026-05-29T11:34:15Z</time>
      </trkpt>
      <trkpt lat="30.63902" lon="104.13461">
        <time>2026-05-29T11:34:16Z</time>
      </trkpt>
      <trkpt lat="30.639023" lon="104.13468">
        <time>2026-05-29T11:34:17Z</time>
      </trkpt>
      <trkpt lat="30.639019" lon="104.13475">
        <time>2026-05-29T11:34:18Z</time>
      </trkpt>
      <trkpt lat="30.639017" lon="104.13482">
        <time>2026-05-29T11:34:19Z</time>
      </trkpt>
      <trkpt lat="30.639013" lon="104.13488">
        <time>2026-05-29T11:34:20Z</time>
      </trkpt>
      <trkpt lat="30.639011" lon="104.13495">
        <time>2026-05-29T11:34:21Z</time>
      </trkpt>
      <trkpt lat="30.639011" lon="104.13502">
        <time>2026-05-29T11:34:22Z</time>
      </trkpt>
      <trkpt lat="30.639011" lon="104.135086">
        <time>2026-05-29T11:34:23Z</time>
      </trkpt>
      <trkpt lat="30.639011" lon="104.135155">
        <time>2026-05-29T11:34:24Z</time>
      </trkpt>
      <trkpt lat="30.639011" lon="104.13522">
        <time>2026-05-29T11:34:25Z</time>
      </trkpt>
      <trkpt lat="30.63901" lon="104.13529">
        <time>2026-05-29T11:34:26Z</time>
      </trkpt>
      <trkpt lat="30.639008" lon="104.13536">
        <time>2026-05-29T11:34:27Z</time>
      </trkpt>
      <trkpt lat="30.639004" lon="104.13543">
        <time>2026-05-29T11:34:28Z</time>
      </trkpt>
      <trkpt lat="30.639002" lon="104.1355">
        <time>2026-05-29T11:34:29Z</time>
      </trkpt>
      <trkpt lat="30.639" lon="104.135574">
        <time>2026-05-29T11:34:30Z</time>
      </trkpt>
      <trkpt lat="30.638998" lon="104.13564">
        <time>2026-05-29T11:34:31Z</time>
      </trkpt>
      <trkpt lat="30.638996" lon="104.13571">
        <time>2026-05-29T11:34:32Z</time>
      </trkpt>
      <trkpt lat="30.638996" lon="104.13578">
        <time>2026-05-29T11:34:33Z</time>
      </trkpt>
      <trkpt lat="30.638996" lon="104.13585">
        <time>2026-05-29T11:34:34Z</time>
      </trkpt>
      <trkpt lat="30.638996" lon="104.13592">
        <time>2026-05-29T11:34:35Z</time>
      </trkpt>
      <trkpt lat="30.638994" lon="104.13599">
        <time>2026-05-29T11:34:36Z</time>
      </trkpt>
      <trkpt lat="30.638994" lon="104.136055">
        <time>2026-05-29T11:34:37Z</time>
      </trkpt>
      <trkpt lat="30.638994" lon="104.136116">
        <time>2026-05-29T11:34:38Z</time>
      </trkpt>
      <trkpt lat="30.638992" lon="104.136185">
        <time>2026-05-29T11:34:39Z</time>
      </trkpt>
      <trkpt lat="30.638988" lon="104.136246">
        <time>2026-05-29T11:34:40Z</time>
      </trkpt>
      <trkpt lat="30.63898" lon="104.13631">
        <time>2026-05-29T11:34:41Z</time>
      </trkpt>
      <trkpt lat="30.638979" lon="104.136375">
        <time>2026-05-29T11:34:42Z</time>
      </trkpt>
      <trkpt lat="30.638973" lon="104.13643">
        <time>2026-05-29T11:34:43Z</time>
      </trkpt>
      <trkpt lat="30.638966" lon="104.13649">
        <time>2026-05-29T11:34:44Z</time>
      </trkpt>
      <trkpt lat="30.638956" lon="104.13654">
        <time>2026-05-29T11:34:45Z</time>
      </trkpt>
      <trkpt lat="30.63895" lon="104.1366">
        <time>2026-05-29T11:34:46Z</time>
      </trkpt>
      <trkpt lat="30.638943" lon="104.136635">
        <time>2026-05-29T11:34:47Z</time>
      </trkpt>
      <trkpt lat="30.638952" lon="104.136665">
        <time>2026-05-29T11:34:48Z</time>
      </trkpt>
      <trkpt lat="30.63897" lon="104.13669">
        <time>2026-05-29T11:34:49Z</time>
      </trkpt>
      <trkpt lat="30.638979" lon="104.13671">
        <time>2026-05-29T11:34:50Z</time>
      </trkpt>
      <trkpt lat="30.638985" lon="104.13674">
        <time>2026-05-29T11:34:51Z</time>
      </trkpt>
      <trkpt lat="30.638985" lon="104.136765">
        <time>2026-05-29T11:34:52Z</time>
      </trkpt>
      <trkpt lat="30.638983" lon="104.13678">
        <time>2026-05-29T11:34:53Z</time>
      </trkpt>
      <trkpt lat="30.638983" lon="104.13678">
        <time>2026-05-29T11:34:54Z</time>
      </trkpt>
      <trkpt lat="30.638983" lon="104.13678">
        <time>2026-05-29T11:34:55Z</time>
      </trkpt>
      <trkpt lat="30.638983" lon="104.13678">
        <time>2026-05-29T11:34:56Z</time>
      </trkpt>
      <trkpt lat="30.638983" lon="104.13678">
        <time>2026-05-29T11:34:57Z</time>
      </trkpt>
      <trkpt lat="30.638983" lon="104.13678">
        <time>2026-05-29T11:34:58Z</time>
      </trkpt>
      <trkpt lat="30.638983" lon="104.13678">
        <time>2026-05-29T11:34:59Z</time>
      </trkpt>
      <trkpt lat="30.638983" lon="104.13678">
        <time>2026-05-29T11:35:00Z</time>
      </trkpt>
      <trkpt lat="30.638983" lon="104.13678">
        <time>2026-05-29T11:35:01Z</time>
      </trkpt>
      <trkpt lat="30.638983" lon="104.13678">
        <time>2026-05-29T11:35:02Z</time>
      </trkpt>
      <trkpt lat="30.638983" lon="104.13678">
        <time>2026-05-29T11:35:03Z</time>
      </trkpt>
      <trkpt lat="30.638983" lon="104.13678">
        <time>2026-05-29T11:35:04Z</time>
      </trkpt>
      <trkpt lat="30.638983" lon="104.13678">
        <time>2026-05-29T11:35:05Z</time>
      </trkpt>
      <trkpt lat="30.638973" lon="104.13683">
        <time>2026-05-29T11:35:06Z</time>
      </trkpt>
      <trkpt lat="30.63897" lon="104.13687">
        <time>2026-05-29T11:35:07Z</time>
      </trkpt>
      <trkpt lat="30.638968" lon="104.13692">
        <time>2026-05-29T11:35:08Z</time>
      </trkpt>
      <trkpt lat="30.638968" lon="104.13696">
        <time>2026-05-29T11:35:09Z</time>
      </trkpt>
      <trkpt lat="30.638971" lon="104.13703">
        <time>2026-05-29T11:35:10Z</time>
      </trkpt>
      <trkpt lat="30.638964" lon="104.13709">
        <time>2026-05-29T11:35:11Z</time>
      </trkpt>
      <trkpt lat="30.638956" lon="104.13715">
        <time>2026-05-29T11:35:12Z</time>
      </trkpt>
      <trkpt lat="30.63895" lon="104.1372">
        <time>2026-05-29T11:35:13Z</time>
      </trkpt>
      <trkpt lat="30.638954" lon="104.137245">
        <time>2026-05-29T11:35:14Z</time>
      </trkpt>
      <trkpt lat="30.638954" lon="104.1373">
        <time>2026-05-29T11:35:15Z</time>
      </trkpt>
      <trkpt lat="30.638954" lon="104.13735">
        <time>2026-05-29T11:35:16Z</time>
      </trkpt>
      <trkpt lat="30.638948" lon="104.137405">
        <time>2026-05-29T11:35:17Z</time>
      </trkpt>
      <trkpt lat="30.638947" lon="104.13744">
        <time>2026-05-29T11:35:18Z</time>
      </trkpt>
      <trkpt lat="30.638947" lon="104.13749">
        <time>2026-05-29T11:35:19Z</time>
      </trkpt>
      <trkpt lat="30.63895" lon="104.13754">
        <time>2026-05-29T11:35:20Z</time>
      </trkpt>
      <trkpt lat="30.638962" lon="104.1376">
        <time>2026-05-29T11:35:21Z</time>
      </trkpt>
      <trkpt lat="30.63897" lon="104.137665">
        <time>2026-05-29T11:35:22Z</time>
      </trkpt>
      <trkpt lat="30.638977" lon="104.137726">
        <time>2026-05-29T11:35:23Z</time>
      </trkpt>
      <trkpt lat="30.63898" lon="104.13779">
        <time>2026-05-29T11:35:24Z</time>
      </trkpt>
      <trkpt lat="30.63898" lon="104.13786">
        <time>2026-05-29T11:35:25Z</time>
      </trkpt>
      <trkpt lat="30.638983" lon="104.137924">
        <time>2026-05-29T11:35:26Z</time>
      </trkpt>
      <trkpt lat="30.63898" lon="104.137985">
        <time>2026-05-29T11:35:27Z</time>
      </trkpt>
      <trkpt lat="30.638973" lon="104.138054">
        <time>2026-05-29T11:35:28Z</time>
      </trkpt>
      <trkpt lat="30.638964" lon="104.13812">
        <time>2026-05-29T11:35:29Z</time>
      </trkpt>
      <trkpt lat="30.638954" lon="104.13819">
        <time>2026-05-29T11:35:30Z</time>
      </trkpt>
      <trkpt lat="30.638954" lon="104.13826">
        <time>2026-05-29T11:35:31Z</time>
      </trkpt>
      <trkpt lat="30.638948" lon="104.138306">
        <time>2026-05-29T11:35:32Z</time>
      </trkpt>
      <trkpt lat="30.638945" lon="104.13836">
        <time>2026-05-29T11:35:33Z</time>
      </trkpt>
      <trkpt lat="30.638943" lon="104.13842">
        <time>2026-05-29T11:35:34Z</time>
      </trkpt>
      <trkpt lat="30.63894" lon="104.1385">
        <time>2026-05-29T11:35:35Z</time>
      </trkpt>
      <trkpt lat="30.63894" lon="104.13857">
        <time>2026-05-29T11:35:36Z</time>
      </trkpt>
      <trkpt lat="30.63894" lon="104.13866">
        <time>2026-05-29T11:35:37Z</time>
      </trkpt>
      <trkpt lat="30.63894" lon="104.13873">
        <time>2026-05-29T11:35:38Z</time>
      </trkpt>
      <trkpt lat="30.63894" lon="104.13881">
        <time>2026-05-29T11:35:39Z</time>
      </trkpt>
      <trkpt lat="30.638937" lon="104.13889">
        <time>2026-05-29T11:35:40Z</time>
      </trkpt>
      <trkpt lat="30.638927" lon="104.13898">
        <time>2026-05-29T11:35:41Z</time>
      </trkpt>
      <trkpt lat="30.63892" lon="104.13906">
        <time>2026-05-29T11:35:42Z</time>
      </trkpt>
      <trkpt lat="30.638916" lon="104.13914">
        <time>2026-05-29T11:35:43Z</time>
      </trkpt>
      <trkpt lat="30.638924" lon="104.13923">
        <time>2026-05-29T11:35:44Z</time>
      </trkpt>
      <trkpt lat="30.638927" lon="104.13931">
        <time>2026-05-29T11:35:45Z</time>
      </trkpt>
      <trkpt lat="30.638935" lon="104.139404">
        <time>2026-05-29T11:35:46Z</time>
      </trkpt>
      <trkpt lat="30.638935" lon="104.13949">
        <time>2026-05-29T11:35:47Z</time>
      </trkpt>
      <trkpt lat="30.63893" lon="104.13958">
        <time>2026-05-29T11:35:48Z</time>
      </trkpt>
      <trkpt lat="30.63892" lon="104.13966">
        <time>2026-05-29T11:35:49Z</time>
      </trkpt>
      <trkpt lat="30.63891" lon="104.13975">
        <time>2026-05-29T11:35:50Z</time>
      </trkpt>
      <trkpt lat="30.638899" lon="104.13984">
        <time>2026-05-29T11:35:51Z</time>
      </trkpt>
      <trkpt lat="30.63888" lon="104.13994">
        <time>2026-05-29T11:35:52Z</time>
      </trkpt>
      <trkpt lat="30.638863" lon="104.14003">
        <time>2026-05-29T11:35:53Z</time>
      </trkpt>
      <trkpt lat="30.63885" lon="104.140114">
        <time>2026-05-29T11:35:54Z</time>
      </trkpt>
      <trkpt lat="30.638836" lon="104.140205">
        <time>2026-05-29T11:35:55Z</time>
      </trkpt>
      <trkpt lat="30.63882" lon="104.14028">
        <time>2026-05-29T11:35:56Z</time>
      </trkpt>
      <trkpt lat="30.638802" lon="104.140366">
        <time>2026-05-29T11:35:57Z</time>
      </trkpt>
      <trkpt lat="30.638783" lon="104.14045">
        <time>2026-05-29T11:35:58Z</time>
      </trkpt>
      <trkpt lat="30.638762" lon="104.14053">
        <time>2026-05-29T11:35:59Z</time>
      </trkpt>
      <trkpt lat="30.638739" lon="104.14062">
        <time>2026-05-29T11:36:00Z</time>
      </trkpt>
      <trkpt lat="30.638716" lon="104.1407">
        <time>2026-05-29T11:36:01Z</time>
      </trkpt>
      <trkpt lat="30.6387" lon="104.140785">
        <time>2026-05-29T11:36:02Z</time>
      </trkpt>
      <trkpt lat="30.63868" lon="104.14086">
        <time>2026-05-29T11:36:03Z</time>
      </trkpt>
      <trkpt lat="30.638659" lon="104.14093">
        <time>2026-05-29T11:36:04Z</time>
      </trkpt>
      <trkpt lat="30.63864" lon="104.14099">
        <time>2026-05-29T11:36:05Z</time>
      </trkpt>
      <trkpt lat="30.638622" lon="104.14105">
        <time>2026-05-29T11:36:06Z</time>
      </trkpt>
      <trkpt lat="30.6386" lon="104.14111">
        <time>2026-05-29T11:36:07Z</time>
      </trkpt>
      <trkpt lat="30.638582" lon="104.14117">
        <time>2026-05-29T11:36:08Z</time>
      </trkpt>
      <trkpt lat="30.638569" lon="104.14122">
        <time>2026-05-29T11:36:09Z</time>
      </trkpt>
      <trkpt lat="30.638552" lon="104.14127">
        <time>2026-05-29T11:36:10Z</time>
      </trkpt>
      <trkpt lat="30.638538" lon="104.14133">
        <time>2026-05-29T11:36:11Z</time>
      </trkpt>
      <trkpt lat="30.638525" lon="104.14137">
        <time>2026-05-29T11:36:12Z</time>
      </trkpt>
      <trkpt lat="30.63851" lon="104.14142">
        <time>2026-05-29T11:36:13Z</time>
      </trkpt>
      <trkpt lat="30.638494" lon="104.14147">
        <time>2026-05-29T11:36:14Z</time>
      </trkpt>
      <trkpt lat="30.638483" lon="104.14152">
        <time>2026-05-29T11:36:15Z</time>
      </trkpt>
      <trkpt lat="30.63847" lon="104.14157">
        <time>2026-05-29T11:36:16Z</time>
      </trkpt>
      <trkpt lat="30.638454" lon="104.14162">
        <time>2026-05-29T11:36:17Z</time>
      </trkpt>
      <trkpt lat="30.63844" lon="104.14167">
        <time>2026-05-29T11:36:18Z</time>
      </trkpt>
      <trkpt lat="30.638426" lon="104.141716">
        <time>2026-05-29T11:36:19Z</time>
      </trkpt>
      <trkpt lat="30.63841" lon="104.14177">
        <time>2026-05-29T11:36:20Z</time>
      </trkpt>
      <trkpt lat="30.638397" lon="104.141815">
        <time>2026-05-29T11:36:21Z</time>
      </trkpt>
      <trkpt lat="30.638384" lon="104.14187">
        <time>2026-05-29T11:36:22Z</time>
      </trkpt>
      <trkpt lat="30.638367" lon="104.14192">
        <time>2026-05-29T11:36:23Z</time>
      </trkpt>
      <trkpt lat="30.638353" lon="104.141975">
        <time>2026-05-29T11:36:24Z</time>
      </trkpt>
      <trkpt lat="30.638344" lon="104.14204">
        <time>2026-05-29T11:36:25Z</time>
      </trkpt>
      <trkpt lat="30.63833" lon="104.14209">
        <time>2026-05-29T11:36:26Z</time>
      </trkpt>
      <trkpt lat="30.638319" lon="104.14214">
        <time>2026-05-29T11:36:27Z</time>
      </trkpt>
      <trkpt lat="30.638304" lon="104.1422">
        <time>2026-05-29T11:36:28Z</time>
      </trkpt>
      <trkpt lat="30.63829" lon="104.14226">
        <time>2026-05-29T11:36:29Z</time>
      </trkpt>
      <trkpt lat="30.638275" lon="104.14232">
        <time>2026-05-29T11:36:30Z</time>
      </trkpt>
      <trkpt lat="30.638262" lon="104.14237">
        <time>2026-05-29T11:36:31Z</time>
      </trkpt>
      <trkpt lat="30.638248" lon="104.14243">
        <time>2026-05-29T11:36:32Z</time>
      </trkpt>
      <trkpt lat="30.638235" lon="104.142494">
        <time>2026-05-29T11:36:33Z</time>
      </trkpt>
      <trkpt lat="30.63822" lon="104.14256">
        <time>2026-05-29T11:36:34Z</time>
      </trkpt>
      <trkpt lat="30.638203" lon="104.142624">
        <time>2026-05-29T11:36:35Z</time>
      </trkpt>
      <trkpt lat="30.638187" lon="104.14269">
        <time>2026-05-29T11:36:36Z</time>
      </trkpt>
      <trkpt lat="30.638172" lon="104.14275">
        <time>2026-05-29T11:36:37Z</time>
      </trkpt>
      <trkpt lat="30.638157" lon="104.14282">
        <time>2026-05-29T11:36:38Z</time>
      </trkpt>
      <trkpt lat="30.63814" lon="104.14289">
        <time>2026-05-29T11:36:39Z</time>
      </trkpt>
      <trkpt lat="30.638123" lon="104.14296">
        <time>2026-05-29T11:36:40Z</time>
      </trkpt>
      <trkpt lat="30.638105" lon="104.14303">
        <time>2026-05-29T11:36:41Z</time>
      </trkpt>
      <trkpt lat="30.638086" lon="104.1431">
        <time>2026-05-29T11:36:42Z</time>
      </trkpt>
      <trkpt lat="30.638071" lon="104.14317">
        <time>2026-05-29T11:36:43Z</time>
      </trkpt>
      <trkpt lat="30.638058" lon="104.14326">
        <time>2026-05-29T11:36:44Z</time>
      </trkpt>
      <trkpt lat="30.638042" lon="104.14333">
        <time>2026-05-29T11:36:45Z</time>
      </trkpt>
      <trkpt lat="30.638025" lon="104.1434">
        <time>2026-05-29T11:36:46Z</time>
      </trkpt>
      <trkpt lat="30.638008" lon="104.14348">
        <time>2026-05-29T11:36:47Z</time>
      </trkpt>
      <trkpt lat="30.63799" lon="104.14354">
        <time>2026-05-29T11:36:48Z</time>
      </trkpt>
      <trkpt lat="30.63798" lon="104.1436">
        <time>2026-05-29T11:36:49Z</time>
      </trkpt>
      <trkpt lat="30.637968" lon="104.14365">
        <time>2026-05-29T11:36:50Z</time>
      </trkpt>
      <trkpt lat="30.637953" lon="104.14371">
        <time>2026-05-29T11:36:51Z</time>
      </trkpt>
      <trkpt lat="30.63793" lon="104.14377">
        <time>2026-05-29T11:36:52Z</time>
      </trkpt>
      <trkpt lat="30.637907" lon="104.14384">
        <time>2026-05-29T11:36:53Z</time>
      </trkpt>
      <trkpt lat="30.637884" lon="104.1439">
        <time>2026-05-29T11:36:54Z</time>
      </trkpt>
      <trkpt lat="30.637865" lon="104.14397">
        <time>2026-05-29T11:36:55Z</time>
      </trkpt>
      <trkpt lat="30.637844" lon="104.144035">
        <time>2026-05-29T11:36:56Z</time>
      </trkpt>
      <trkpt lat="30.637827" lon="104.144104">
        <time>2026-05-29T11:36:57Z</time>
      </trkpt>
      <trkpt lat="30.637806" lon="104.14417">
        <time>2026-05-29T11:36:58Z</time>
      </trkpt>
      <trkpt lat="30.637785" lon="104.144226">
        <time>2026-05-29T11:36:59Z</time>
      </trkpt>
      <trkpt lat="30.637768" lon="104.14426">
        <time>2026-05-29T11:37:00Z</time>
      </trkpt>
      <trkpt lat="30.637758" lon="104.14429">
        <time>2026-05-29T11:37:01Z</time>
      </trkpt>
      <trkpt lat="30.637745" lon="104.14432">
        <time>2026-05-29T11:37:02Z</time>
      </trkpt>
      <trkpt lat="30.63773" lon="104.144356">
        <time>2026-05-29T11:37:03Z</time>
      </trkpt>
      <trkpt lat="30.637712" lon="104.1444">
        <time>2026-05-29T11:37:04Z</time>
      </trkpt>
      <trkpt lat="30.637697" lon="104.144455">
        <time>2026-05-29T11:37:05Z</time>
      </trkpt>
      <trkpt lat="30.637682" lon="104.14451">
        <time>2026-05-29T11:37:06Z</time>
      </trkpt>
      <trkpt lat="30.637667" lon="104.14457">
        <time>2026-05-29T11:37:07Z</time>
      </trkpt>
      <trkpt lat="30.63765" lon="104.14464">
        <time>2026-05-29T11:37:08Z</time>
      </trkpt>
      <trkpt lat="30.637629" lon="104.144714">
        <time>2026-05-29T11:37:09Z</time>
      </trkpt>
      <trkpt lat="30.637608" lon="104.14479">
        <time>2026-05-29T11:37:10Z</time>
      </trkpt>
      <trkpt lat="30.637598" lon="104.14487">
        <time>2026-05-29T11:37:11Z</time>
      </trkpt>
      <trkpt lat="30.637594" lon="104.14495">
        <time>2026-05-29T11:37:12Z</time>
      </trkpt>
      <trkpt lat="30.637587" lon="104.145035">
        <time>2026-05-29T11:37:13Z</time>
      </trkpt>
      <trkpt lat="30.63757" lon="104.14511">
        <time>2026-05-29T11:37:14Z</time>
      </trkpt>
      <trkpt lat="30.637554" lon="104.14519">
        <time>2026-05-29T11:37:15Z</time>
      </trkpt>
      <trkpt lat="30.637537" lon="104.14526">
        <time>2026-05-29T11:37:16Z</time>
      </trkpt>
      <trkpt lat="30.63752" lon="104.14534">
        <time>2026-05-29T11:37:17Z</time>
      </trkpt>
      <trkpt lat="30.637499" lon="104.145424">
        <time>2026-05-29T11:37:18Z</time>
      </trkpt>
      <trkpt lat="30.637478" lon="104.14551">
        <time>2026-05-29T11:37:19Z</time>
      </trkpt>
      <trkpt lat="30.637463" lon="104.14559">
        <time>2026-05-29T11:37:20Z</time>
      </trkpt>
      <trkpt lat="30.637442" lon="104.14567">
        <time>2026-05-29T11:37:21Z</time>
      </trkpt>
      <trkpt lat="30.63742" lon="104.14575">
        <time>2026-05-29T11:37:22Z</time>
      </trkpt>
      <trkpt lat="30.637396" lon="104.145836">
        <time>2026-05-29T11:37:23Z</time>
      </trkpt>
      <trkpt lat="30.637371" lon="104.14592">
        <time>2026-05-29T11:37:24Z</time>
      </trkpt>
      <trkpt lat="30.637348" lon="104.145996">
        <time>2026-05-29T11:37:25Z</time>
      </trkpt>
      <trkpt lat="30.637327" lon="104.14608">
        <time>2026-05-29T11:37:26Z</time>
      </trkpt>
      <trkpt lat="30.637308" lon="104.14616">
        <time>2026-05-29T11:37:27Z</time>
      </trkpt>
      <trkpt lat="30.63729" lon="104.14624">
        <time>2026-05-29T11:37:28Z</time>
      </trkpt>
      <trkpt lat="30.63727" lon="104.14632">
        <time>2026-05-29T11:37:29Z</time>
      </trkpt>
      <trkpt lat="30.637253" lon="104.146385">
        <time>2026-05-29T11:37:30Z</time>
      </trkpt>
      <trkpt lat="30.637241" lon="104.14644">
        <time>2026-05-29T11:37:31Z</time>
      </trkpt>
      <trkpt lat="30.637234" lon="104.146484">
        <time>2026-05-29T11:37:32Z</time>
      </trkpt>
      <trkpt lat="30.637224" lon="104.14652">
        <time>2026-05-29T11:37:33Z</time>
      </trkpt>
      <trkpt lat="30.63721" lon="104.14657">
        <time>2026-05-29T11:37:34Z</time>
      </trkpt>
      <trkpt lat="30.637201" lon="104.14662">
        <time>2026-05-29T11:37:35Z</time>
      </trkpt>
      <trkpt lat="30.63719" lon="104.14667">
        <time>2026-05-29T11:37:36Z</time>
      </trkpt>
      <trkpt lat="30.637177" lon="104.14671">
        <time>2026-05-29T11:37:37Z</time>
      </trkpt>
      <trkpt lat="30.637161" lon="104.14677">
        <time>2026-05-29T11:37:38Z</time>
      </trkpt>
      <trkpt lat="30.637148" lon="104.14682">
        <time>2026-05-29T11:37:39Z</time>
      </trkpt>
      <trkpt lat="30.63713" lon="104.14688">
        <time>2026-05-29T11:37:40Z</time>
      </trkpt>
      <trkpt lat="30.637117" lon="104.146935">
        <time>2026-05-29T11:37:41Z</time>
      </trkpt>
      <trkpt lat="30.637102" lon="104.146996">
        <time>2026-05-29T11:37:42Z</time>
      </trkpt>
      <trkpt lat="30.637087" lon="104.14706">
        <time>2026-05-29T11:37:43Z</time>
      </trkpt>
      <trkpt lat="30.63708" lon="104.14712">
        <time>2026-05-29T11:37:44Z</time>
      </trkpt>
      <trkpt lat="30.637066" lon="104.14719">
        <time>2026-05-29T11:37:45Z</time>
      </trkpt>
      <trkpt lat="30.63706" lon="104.147255">
        <time>2026-05-29T11:37:46Z</time>
      </trkpt>
      <trkpt lat="30.637054" lon="104.14732">
        <time>2026-05-29T11:37:47Z</time>
      </trkpt>
      <trkpt lat="30.637053" lon="104.1474">
        <time>2026-05-29T11:37:48Z</time>
      </trkpt>
      <trkpt lat="30.637045" lon="104.14747">
        <time>2026-05-29T11:37:49Z</time>
      </trkpt>
      <trkpt lat="30.637037" lon="104.14754">
        <time>2026-05-29T11:37:50Z</time>
      </trkpt>
      <trkpt lat="30.637026" lon="104.14761">
        <time>2026-05-29T11:37:51Z</time>
      </trkpt>
      <trkpt lat="30.63701" lon="104.14769">
        <time>2026-05-29T11:37:52Z</time>
      </trkpt>
      <trkpt lat="30.636995" lon="104.14776">
        <time>2026-05-29T11:37:53Z</time>
      </trkpt>
      <trkpt lat="30.636967" lon="104.147835">
        <time>2026-05-29T11:37:54Z</time>
      </trkpt>
      <trkpt lat="30.63694" lon="104.1479">
        <time>2026-05-29T11:37:55Z</time>
      </trkpt>
      <trkpt lat="30.636908" lon="104.14798">
        <time>2026-05-29T11:37:56Z</time>
      </trkpt>
      <trkpt lat="30.636868" lon="104.14805">
        <time>2026-05-29T11:37:57Z</time>
      </trkpt>
      <trkpt lat="30.636833" lon="104.14812">
        <time>2026-05-29T11:37:58Z</time>
      </trkpt>
      <trkpt lat="30.6368" lon="104.14818">
        <time>2026-05-29T11:37:59Z</time>
      </trkpt>
      <trkpt lat="30.636774" lon="104.14823">
        <time>2026-05-29T11:38:00Z</time>
      </trkpt>
      <trkpt lat="30.636745" lon="104.148285">
        <time>2026-05-29T11:38:01Z</time>
      </trkpt>
      <trkpt lat="30.636717" lon="104.14835">
        <time>2026-05-29T11:38:02Z</time>
      </trkpt>
      <trkpt lat="30.63669" lon="104.14841">
        <time>2026-05-29T11:38:03Z</time>
      </trkpt>
      <trkpt lat="30.636665" lon="104.14846">
        <time>2026-05-29T11:38:04Z</time>
      </trkpt>
      <trkpt lat="30.636635" lon="104.14851">
        <time>2026-05-29T11:38:05Z</time>
      </trkpt>
      <trkpt lat="30.636604" lon="104.148575">
        <time>2026-05-29T11:38:06Z</time>
      </trkpt>
      <trkpt lat="30.63658" lon="104.14862">
        <time>2026-05-29T11:38:07Z</time>
      </trkpt>
      <trkpt lat="30.636549" lon="104.14866">
        <time>2026-05-29T11:38:08Z</time>
      </trkpt>
      <trkpt lat="30.63652" lon="104.14869">
        <time>2026-05-29T11:38:09Z</time>
      </trkpt>
      <trkpt lat="30.636496" lon="104.14872">
        <time>2026-05-29T11:38:10Z</time>
      </trkpt>
      <trkpt lat="30.63645" lon="104.14874">
        <time>2026-05-29T11:38:11Z</time>
      </trkpt>
      <trkpt lat="30.636406" lon="104.14875">
        <time>2026-05-29T11:38:12Z</time>
      </trkpt>
      <trkpt lat="30.63636" lon="104.14876">
        <time>2026-05-29T11:38:13Z</time>
      </trkpt>
      <trkpt lat="30.636305" lon="104.14875">
        <time>2026-05-29T11:38:14Z</time>
      </trkpt>
      <trkpt lat="30.63625" lon="104.14873">
        <time>2026-05-29T11:38:15Z</time>
      </trkpt>
      <trkpt lat="30.636187" lon="104.1487">
        <time>2026-05-29T11:38:16Z</time>
      </trkpt>
      <trkpt lat="30.636114" lon="104.14865">
        <time>2026-05-29T11:38:17Z</time>
      </trkpt>
      <trkpt lat="30.63604" lon="104.1486">
        <time>2026-05-29T11:38:18Z</time>
      </trkpt>
      <trkpt lat="30.635962" lon="104.14855">
        <time>2026-05-29T11:38:19Z</time>
      </trkpt>
      <trkpt lat="30.635887" lon="104.14851">
        <time>2026-05-29T11:38:20Z</time>
      </trkpt>
      <trkpt lat="30.635818" lon="104.148476">
        <time>2026-05-29T11:38:21Z</time>
      </trkpt>
      <trkpt lat="30.635754" lon="104.148445">
        <time>2026-05-29T11:38:22Z</time>
      </trkpt>
      <trkpt lat="30.635698" lon="104.148415">
        <time>2026-05-29T11:38:23Z</time>
      </trkpt>
      <trkpt lat="30.63565" lon="104.14838">
        <time>2026-05-29T11:38:24Z</time>
      </trkpt>
      <trkpt lat="30.63561" lon="104.148346">
        <time>2026-05-29T11:38:25Z</time>
      </trkpt>
      <trkpt lat="30.63557" lon="104.148315">
        <time>2026-05-29T11:38:26Z</time>
      </trkpt>
      <trkpt lat="30.635525" lon="104.1483">
        <time>2026-05-29T11:38:27Z</time>
      </trkpt>
      <trkpt lat="30.63548" lon="104.14832">
        <time>2026-05-29T11:38:28Z</time>
      </trkpt>
      <trkpt lat="30.635456" lon="104.148384">
        <time>2026-05-29T11:38:29Z</time>
      </trkpt>
      <trkpt lat="30.635433" lon="104.148445">
        <time>2026-05-29T11:38:30Z</time>
      </trkpt>
      <trkpt lat="30.635414" lon="104.148506">
        <time>2026-05-29T11:38:31Z</time>
      </trkpt>
      <trkpt lat="30.635393" lon="104.14856">
        <time>2026-05-29T11:38:32Z</time>
      </trkpt>
      <trkpt lat="30.635374" lon="104.14862">
        <time>2026-05-29T11:38:33Z</time>
      </trkpt>
      <trkpt lat="30.635353" lon="104.14869">
        <time>2026-05-29T11:38:34Z</time>
      </trkpt>
      <trkpt lat="30.635332" lon="104.14876">
        <time>2026-05-29T11:38:35Z</time>
      </trkpt>
      <trkpt lat="30.63531" lon="104.14883">
        <time>2026-05-29T11:38:36Z</time>
      </trkpt>
      <trkpt lat="30.63529" lon="104.1489">
        <time>2026-05-29T11:38:37Z</time>
      </trkpt>
      <trkpt lat="30.635273" lon="104.14899">
        <time>2026-05-29T11:38:38Z</time>
      </trkpt>
      <trkpt lat="30.635258" lon="104.149055">
        <time>2026-05-29T11:38:39Z</time>
      </trkpt>
      <trkpt lat="30.635252" lon="104.14912">
        <time>2026-05-29T11:38:40Z</time>
      </trkpt>
      <trkpt lat="30.635244" lon="104.14917">
        <time>2026-05-29T11:38:41Z</time>
      </trkpt>
      <trkpt lat="30.635248" lon="104.14921">
        <time>2026-05-29T11:38:42Z</time>
      </trkpt>
      <trkpt lat="30.635254" lon="104.14925">
        <time>2026-05-29T11:38:43Z</time>
      </trkpt>
      <trkpt lat="30.635265" lon="104.14926">
        <time>2026-05-29T11:38:44Z</time>
      </trkpt>
      <trkpt lat="30.635284" lon="104.149284">
        <time>2026-05-29T11:38:45Z</time>
      </trkpt>
      <trkpt lat="30.635313" lon="104.1493">
        <time>2026-05-29T11:38:46Z</time>
      </trkpt>
      <trkpt lat="30.635338" lon="104.149315">
        <time>2026-05-29T11:38:47Z</time>
      </trkpt>
      <trkpt lat="30.635374" lon="104.14934">
        <time>2026-05-29T11:38:48Z</time>
      </trkpt>
      <trkpt lat="30.635406" lon="104.14935">
        <time>2026-05-29T11:38:49Z</time>
      </trkpt>
      <trkpt lat="30.63544" lon="104.14936">
        <time>2026-05-29T11:38:50Z</time>
      </trkpt>
      <trkpt lat="30.635475" lon="104.14937">
        <time>2026-05-29T11:38:51Z</time>
      </trkpt>
      <trkpt lat="30.635523" lon="104.14938">
        <time>2026-05-29T11:38:52Z</time>
      </trkpt>
      <trkpt lat="30.635576" lon="104.14941">
        <time>2026-05-29T11:38:53Z</time>
      </trkpt>
      <trkpt lat="30.635626" lon="104.14943">
        <time>2026-05-29T11:38:54Z</time>
      </trkpt>
      <trkpt lat="30.635677" lon="104.14945">
        <time>2026-05-29T11:38:55Z</time>
      </trkpt>
      <trkpt lat="30.635733" lon="104.149475">
        <time>2026-05-29T11:38:56Z</time>
      </trkpt>
      <trkpt lat="30.635784" lon="104.1495">
        <time>2026-05-29T11:38:57Z</time>
      </trkpt>
      <trkpt lat="30.635838" lon="104.14952">
        <time>2026-05-29T11:38:58Z</time>
      </trkpt>
      <trkpt lat="30.635893" lon="104.14955">
        <time>2026-05-29T11:38:59Z</time>
      </trkpt>
      <trkpt lat="30.635923" lon="104.14961">
        <time>2026-05-29T11:39:00Z</time>
      </trkpt>
      <trkpt lat="30.635956" lon="104.14967">
        <time>2026-05-29T11:39:01Z</time>
      </trkpt>
      <trkpt lat="30.635956" lon="104.14974">
        <time>2026-05-29T11:39:02Z</time>
      </trkpt>
      <trkpt lat="30.635942" lon="104.14982">
        <time>2026-05-29T11:39:03Z</time>
      </trkpt>
      <trkpt lat="30.63592" lon="104.149895">
        <time>2026-05-29T11:39:04Z</time>
      </trkpt>
      <trkpt lat="30.635895" lon="104.14997">
        <time>2026-05-29T11:39:05Z</time>
      </trkpt>
      <trkpt lat="30.63587" lon="104.150055">
        <time>2026-05-29T11:39:06Z</time>
      </trkpt>
      <trkpt lat="30.635845" lon="104.15013">
        <time>2026-05-29T11:39:07Z</time>
      </trkpt>
      <trkpt lat="30.635818" lon="104.150215">
        <time>2026-05-29T11:39:08Z</time>
      </trkpt>
      <trkpt lat="30.635796" lon="104.1503">
        <time>2026-05-29T11:39:09Z</time>
      </trkpt>
      <trkpt lat="30.635773" lon="104.150375">
        <time>2026-05-29T11:39:10Z</time>
      </trkpt>
      <trkpt lat="30.635752" lon="104.15045">
        <time>2026-05-29T11:39:11Z</time>
      </trkpt>
      <trkpt lat="30.635727" lon="104.15052">
        <time>2026-05-29T11:39:12Z</time>
      </trkpt>
      <trkpt lat="30.635698" lon="104.15059">
        <time>2026-05-29T11:39:13Z</time>
      </trkpt>
      <trkpt lat="30.635668" lon="104.150665">
        <time>2026-05-29T11:39:14Z</time>
      </trkpt>
      <trkpt lat="30.635641" lon="104.150734">
        <time>2026-05-29T11:39:15Z</time>
      </trkpt>
      <trkpt lat="30.63562" lon="104.1508">
        <time>2026-05-29T11:39:16Z</time>
      </trkpt>
      <trkpt lat="30.635601" lon="104.15086">
        <time>2026-05-29T11:39:17Z</time>
      </trkpt>
      <trkpt lat="30.63558" lon="104.150925">
        <time>2026-05-29T11:39:18Z</time>
      </trkpt>
      <trkpt lat="30.63556" lon="104.15099">
        <time>2026-05-29T11:39:19Z</time>
      </trkpt>
      <trkpt lat="30.635542" lon="104.15105">
        <time>2026-05-29T11:39:20Z</time>
      </trkpt>
      <trkpt lat="30.635525" lon="104.15109">
        <time>2026-05-29T11:39:21Z</time>
      </trkpt>
      <trkpt lat="30.6355" lon="104.151146">
        <time>2026-05-29T11:39:22Z</time>
      </trkpt>
      <trkpt lat="30.635473" lon="104.15119">
        <time>2026-05-29T11:39:23Z</time>
      </trkpt>
      <trkpt lat="30.635445" lon="104.15124">
        <time>2026-05-29T11:39:24Z</time>
      </trkpt>
      <trkpt lat="30.635426" lon="104.151276">
        <time>2026-05-29T11:39:25Z</time>
      </trkpt>
      <trkpt lat="30.63541" lon="104.15131">
        <time>2026-05-29T11:39:26Z</time>
      </trkpt>
      <trkpt lat="30.635393" lon="104.15136">
        <time>2026-05-29T11:39:27Z</time>
      </trkpt>
      <trkpt lat="30.635378" lon="104.1514">
        <time>2026-05-29T11:39:28Z</time>
      </trkpt>
      <trkpt lat="30.635363" lon="104.151436">
        <time>2026-05-29T11:39:29Z</time>
      </trkpt>
      <trkpt lat="30.63535" lon="104.15147">
        <time>2026-05-29T11:39:30Z</time>
      </trkpt>
      <trkpt lat="30.635338" lon="104.1515">
        <time>2026-05-29T11:39:31Z</time>
      </trkpt>
      <trkpt lat="30.635324" lon="104.15153">
        <time>2026-05-29T11:39:32Z</time>
      </trkpt>
      <trkpt lat="30.635311" lon="104.15155">
        <time>2026-05-29T11:39:33Z</time>
      </trkpt>
      <trkpt lat="30.635302" lon="104.15157">
        <time>2026-05-29T11:39:34Z</time>
      </trkpt>
      <trkpt lat="30.635286" lon="104.15159">
        <time>2026-05-29T11:39:35Z</time>
      </trkpt>
      <trkpt lat="30.635271" lon="104.15161">
        <time>2026-05-29T11:39:36Z</time>
      </trkpt>
      <trkpt lat="30.635256" lon="104.151634">
        <time>2026-05-29T11:39:37Z</time>
      </trkpt>
      <trkpt lat="30.635242" lon="104.15166">
        <time>2026-05-29T11:39:38Z</time>
      </trkpt>
      <trkpt lat="30.635227" lon="104.15169">
        <time>2026-05-29T11:39:39Z</time>
      </trkpt>
      <trkpt lat="30.635216" lon="104.15172">
        <time>2026-05-29T11:39:40Z</time>
      </trkpt>
      <trkpt lat="30.635204" lon="104.15174">
        <time>2026-05-29T11:39:41Z</time>
      </trkpt>
      <trkpt lat="30.635199" lon="104.151764">
        <time>2026-05-29T11:39:42Z</time>
      </trkpt>
      <trkpt lat="30.635195" lon="104.15177">
        <time>2026-05-29T11:39:43Z</time>
      </trkpt>
      <trkpt lat="30.635185" lon="104.151794">
        <time>2026-05-29T11:39:44Z</time>
      </trkpt>
      <trkpt lat="30.635178" lon="104.15182">
        <time>2026-05-29T11:39:45Z</time>
      </trkpt>
      <trkpt lat="30.635166" lon="104.15184">
        <time>2026-05-29T11:39:46Z</time>
      </trkpt>
      <trkpt lat="30.635157" lon="104.15187">
        <time>2026-05-29T11:39:47Z</time>
      </trkpt>
      <trkpt lat="30.63515" lon="104.15189">
        <time>2026-05-29T11:39:48Z</time>
      </trkpt>
      <trkpt lat="30.635138" lon="104.151924">
        <time>2026-05-29T11:39:49Z</time>
      </trkpt>
      <trkpt lat="30.63512" lon="104.151955">
        <time>2026-05-29T11:39:50Z</time>
      </trkpt>
      <trkpt lat="30.635107" lon="104.151985">
        <time>2026-05-29T11:39:51Z</time>
      </trkpt>
      <trkpt lat="30.635096" lon="104.152016">
        <time>2026-05-29T11:39:52Z</time>
      </trkpt>
      <trkpt lat="30.63508" lon="104.15204">
        <time>2026-05-29T11:39:53Z</time>
      </trkpt>
      <trkpt lat="30.635065" lon="104.15207">
        <time>2026-05-29T11:39:54Z</time>
      </trkpt>
      <trkpt lat="30.635054" lon="104.15209">
        <time>2026-05-29T11:39:55Z</time>
      </trkpt>
      <trkpt lat="30.635038" lon="104.15212">
        <time>2026-05-29T11:39:56Z</time>
      </trkpt>
      <trkpt lat="30.635025" lon="104.152145">
        <time>2026-05-29T11:39:57Z</time>
      </trkpt>
      <trkpt lat="30.635012" lon="104.152176">
        <time>2026-05-29T11:39:58Z</time>
      </trkpt>
      <trkpt lat="30.634998" lon="104.15221">
        <time>2026-05-29T11:39:59Z</time>
      </trkpt>
      <trkpt lat="30.634987" lon="104.15224">
        <time>2026-05-29T11:40:00Z</time>
      </trkpt>
      <trkpt lat="30.634974" lon="104.15227">
        <time>2026-05-29T11:40:01Z</time>
      </trkpt>
      <trkpt lat="30.634964" lon="104.152306">
        <time>2026-05-29T11:40:02Z</time>
      </trkpt>
      <trkpt lat="30.634953" lon="104.15234">
        <time>2026-05-29T11:40:03Z</time>
      </trkpt>
      <trkpt lat="30.634943" lon="104.152374">
        <time>2026-05-29T11:40:04Z</time>
      </trkpt>
      <trkpt lat="30.634933" lon="104.15241">
        <time>2026-05-29T11:40:05Z</time>
      </trkpt>
      <trkpt lat="30.634926" lon="104.15245">
        <time>2026-05-29T11:40:06Z</time>
      </trkpt>
      <trkpt lat="30.634912" lon="104.15249">
        <time>2026-05-29T11:40:07Z</time>
      </trkpt>
      <trkpt lat="30.6349" lon="104.15253">
        <time>2026-05-29T11:40:08Z</time>
      </trkpt>
      <trkpt lat="30.634882" lon="104.15257">
        <time>2026-05-29T11:40:09Z</time>
      </trkpt>
      <trkpt lat="30.634863" lon="104.15262">
        <time>2026-05-29T11:40:10Z</time>
      </trkpt>
      <trkpt lat="30.634846" lon="104.15266">
        <time>2026-05-29T11:40:11Z</time>
      </trkpt>
      <trkpt lat="30.634825" lon="104.152695">
        <time>2026-05-29T11:40:12Z</time>
      </trkpt>
      <trkpt lat="30.634804" lon="104.15273">
        <time>2026-05-29T11:40:13Z</time>
      </trkpt>
      <trkpt lat="30.63478" lon="104.15277">
        <time>2026-05-29T11:40:14Z</time>
      </trkpt>
      <trkpt lat="30.634762" lon="104.1528">
        <time>2026-05-29T11:40:15Z</time>
      </trkpt>
      <trkpt lat="30.634739" lon="104.15285">
        <time>2026-05-29T11:40:16Z</time>
      </trkpt>
      <trkpt lat="30.634716" lon="104.15289">
        <time>2026-05-29T11:40:17Z</time>
      </trkpt>
      <trkpt lat="30.634691" lon="104.15295">
        <time>2026-05-29T11:40:18Z</time>
      </trkpt>
      <trkpt lat="30.634668" lon="104.15299">
        <time>2026-05-29T11:40:19Z</time>
      </trkpt>
      <trkpt lat="30.634647" lon="104.153046">
        <time>2026-05-29T11:40:20Z</time>
      </trkpt>
      <trkpt lat="30.634623" lon="104.15309">
        <time>2026-05-29T11:40:21Z</time>
      </trkpt>
      <trkpt lat="30.6346" lon="104.153145">
        <time>2026-05-29T11:40:22Z</time>
      </trkpt>
      <trkpt lat="30.634584" lon="104.1532">
        <time>2026-05-29T11:40:23Z</time>
      </trkpt>
      <trkpt lat="30.634573" lon="104.15325">
        <time>2026-05-29T11:40:24Z</time>
      </trkpt>
      <trkpt lat="30.634562" lon="104.153305">
        <time>2026-05-29T11:40:25Z</time>
      </trkpt>
      <trkpt lat="30.634542" lon="104.153366">
        <time>2026-05-29T11:40:26Z</time>
      </trkpt>
      <trkpt lat="30.63453" lon="104.15343">
        <time>2026-05-29T11:40:27Z</time>
      </trkpt>
      <trkpt lat="30.634514" lon="104.15348">
        <time>2026-05-29T11:40:28Z</time>
      </trkpt>
      <trkpt lat="30.634497" lon="104.153534">
        <time>2026-05-29T11:40:29Z</time>
      </trkpt>
      <trkpt lat="30.634478" lon="104.15359">
        <time>2026-05-29T11:40:30Z</time>
      </trkpt>
      <trkpt lat="30.634464" lon="104.15363">
        <time>2026-05-29T11:40:31Z</time>
      </trkpt>
      <trkpt lat="30.634447" lon="104.15369">
        <time>2026-05-29T11:40:32Z</time>
      </trkpt>
      <trkpt lat="30.634424" lon="104.15375">
        <time>2026-05-29T11:40:33Z</time>
      </trkpt>
      <trkpt lat="30.634398" lon="104.15381">
        <time>2026-05-29T11:40:34Z</time>
      </trkpt>
      <trkpt lat="30.634375" lon="104.15387">
        <time>2026-05-29T11:40:35Z</time>
      </trkpt>
      <trkpt lat="30.634352" lon="104.15393">
        <time>2026-05-29T11:40:36Z</time>
      </trkpt>
      <trkpt lat="30.634329" lon="104.153984">
        <time>2026-05-29T11:40:37Z</time>
      </trkpt>
      <trkpt lat="30.634304" lon="104.15404">
        <time>2026-05-29T11:40:38Z</time>
      </trkpt>
      <trkpt lat="30.634283" lon="104.15409">
        <time>2026-05-29T11:40:39Z</time>
      </trkpt>
      <trkpt lat="30.634264" lon="104.154144">
        <time>2026-05-29T11:40:40Z</time>
      </trkpt>
      <trkpt lat="30.63424" lon="104.1542">
        <time>2026-05-29T11:40:41Z</time>
      </trkpt>
      <trkpt lat="30.63422" lon="104.15426">
        <time>2026-05-29T11:40:42Z</time>
      </trkpt>
      <trkpt lat="30.634203" lon="104.15432">
        <time>2026-05-29T11:40:43Z</time>
      </trkpt>
      <trkpt lat="30.634186" lon="104.15439">
        <time>2026-05-29T11:40:44Z</time>
      </trkpt>
      <trkpt lat="30.634172" lon="104.15445">
        <time>2026-05-29T11:40:45Z</time>
      </trkpt>
      <trkpt lat="30.634155" lon="104.15451">
        <time>2026-05-29T11:40:46Z</time>
      </trkpt>
      <trkpt lat="30.634136" lon="104.15457">
        <time>2026-05-29T11:40:47Z</time>
      </trkpt>
      <trkpt lat="30.634113" lon="104.154625">
        <time>2026-05-29T11:40:48Z</time>
      </trkpt>
      <trkpt lat="30.634092" lon="104.15468">
        <time>2026-05-29T11:40:49Z</time>
      </trkpt>
      <trkpt lat="30.63407" lon="104.15474">
        <time>2026-05-29T11:40:50Z</time>
      </trkpt>
      <trkpt lat="30.634047" lon="104.15479">
        <time>2026-05-29T11:40:51Z</time>
      </trkpt>
      <trkpt lat="30.634022" lon="104.15486">
        <time>2026-05-29T11:40:52Z</time>
      </trkpt>
      <trkpt lat="30.633993" lon="104.15492">
        <time>2026-05-29T11:40:53Z</time>
      </trkpt>
      <trkpt lat="30.633966" lon="104.15498">
        <time>2026-05-29T11:40:54Z</time>
      </trkpt>
      <trkpt lat="30.63394" lon="104.15505">
        <time>2026-05-29T11:40:55Z</time>
      </trkpt>
      <trkpt lat="30.633913" lon="104.15513">
        <time>2026-05-29T11:40:56Z</time>
      </trkpt>
      <trkpt lat="30.633888" lon="104.155205">
        <time>2026-05-29T11:40:57Z</time>
      </trkpt>
      <trkpt lat="30.633863" lon="104.15527">
        <time>2026-05-29T11:40:58Z</time>
      </trkpt>
      <trkpt lat="30.633837" lon="104.15535">
        <time>2026-05-29T11:40:59Z</time>
      </trkpt>
      <trkpt lat="30.633806" lon="104.155426">
        <time>2026-05-29T11:41:00Z</time>
      </trkpt>
      <trkpt lat="30.633776" lon="104.1555">
        <time>2026-05-29T11:41:01Z</time>
      </trkpt>
      <trkpt lat="30.633747" lon="104.15558">
        <time>2026-05-29T11:41:02Z</time>
      </trkpt>
      <trkpt lat="30.633715" lon="104.15566">
        <time>2026-05-29T11:41:03Z</time>
      </trkpt>
      <trkpt lat="30.633684" lon="104.15574">
        <time>2026-05-29T11:41:04Z</time>
      </trkpt>
      <trkpt lat="30.633657" lon="104.15582">
        <time>2026-05-29T11:41:05Z</time>
      </trkpt>
      <trkpt lat="30.633627" lon="104.15589">
        <time>2026-05-29T11:41:06Z</time>
      </trkpt>
      <trkpt lat="30.633596" lon="104.15597">
        <time>2026-05-29T11:41:07Z</time>
      </trkpt>
      <trkpt lat="30.633572" lon="104.15603">
        <time>2026-05-29T11:41:08Z</time>
      </trkpt>
      <trkpt lat="30.633554" lon="104.156075">
        <time>2026-05-29T11:41:09Z</time>
      </trkpt>
      <trkpt lat="30.63354" lon="104.15612">
        <time>2026-05-29T11:41:10Z</time>
      </trkpt>
      <trkpt lat="30.633524" lon="104.156166">
        <time>2026-05-29T11:41:11Z</time>
      </trkpt>
      <trkpt lat="30.633507" lon="104.15622">
        <time>2026-05-29T11:41:12Z</time>
      </trkpt>
      <trkpt lat="30.633484" lon="104.156265">
        <time>2026-05-29T11:41:13Z</time>
      </trkpt>
      <trkpt lat="30.633465" lon="104.15632">
        <time>2026-05-29T11:41:14Z</time>
      </trkpt>
      <trkpt lat="30.633451" lon="104.15636">
        <time>2026-05-29T11:41:15Z</time>
      </trkpt>
      <trkpt lat="30.63344" lon="104.15639">
        <time>2026-05-29T11:41:16Z</time>
      </trkpt>
      <trkpt lat="30.63342" lon="104.156425">
        <time>2026-05-29T11:41:17Z</time>
      </trkpt>
      <trkpt lat="30.633406" lon="104.156456">
        <time>2026-05-29T11:41:18Z</time>
      </trkpt>
      <trkpt lat="30.633383" lon="104.1565">
        <time>2026-05-29T11:41:19Z</time>
      </trkpt>
      <trkpt lat="30.633362" lon="104.156555">
        <time>2026-05-29T11:41:20Z</time>
      </trkpt>
      <trkpt lat="30.633339" lon="104.15661">
        <time>2026-05-29T11:41:21Z</time>
      </trkpt>
      <trkpt lat="30.633316" lon="104.15666">
        <time>2026-05-29T11:41:22Z</time>
      </trkpt>
      <trkpt lat="30.633297" lon="104.156715">
        <time>2026-05-29T11:41:23Z</time>
      </trkpt>
      <trkpt lat="30.633274" lon="104.15678">
        <time>2026-05-29T11:41:24Z</time>
      </trkpt>
      <trkpt lat="30.633251" lon="104.156845">
        <time>2026-05-29T11:41:25Z</time>
      </trkpt>
      <trkpt lat="30.633224" lon="104.156906">
        <time>2026-05-29T11:41:26Z</time>
      </trkpt>
      <trkpt lat="30.633196" lon="104.15697">
        <time>2026-05-29T11:41:27Z</time>
      </trkpt>
      <trkpt lat="30.633167" lon="104.157036">
        <time>2026-05-29T11:41:28Z</time>
      </trkpt>
      <trkpt lat="30.63313" lon="104.1571">
        <time>2026-05-29T11:41:29Z</time>
      </trkpt>
      <trkpt lat="30.633095" lon="104.157166">
        <time>2026-05-29T11:41:30Z</time>
      </trkpt>
      <trkpt lat="30.633064" lon="104.15724">
        <time>2026-05-29T11:41:31Z</time>
      </trkpt>
      <trkpt lat="30.633032" lon="104.15732">
        <time>2026-05-29T11:41:32Z</time>
      </trkpt>
      <trkpt lat="30.633001" lon="104.15739">
        <time>2026-05-29T11:41:33Z</time>
      </trkpt>
      <trkpt lat="30.63297" lon="104.15746">
        <time>2026-05-29T11:41:34Z</time>
      </trkpt>
      <trkpt lat="30.632944" lon="104.15754">
        <time>2026-05-29T11:41:35Z</time>
      </trkpt>
      <trkpt lat="30.632917" lon="104.15761">
        <time>2026-05-29T11:41:36Z</time>
      </trkpt>
      <trkpt lat="30.632883" lon="104.157684">
        <time>2026-05-29T11:41:37Z</time>
      </trkpt>
      <trkpt lat="30.63285" lon="104.157745">
        <time>2026-05-29T11:41:38Z</time>
      </trkpt>
      <trkpt lat="30.632818" lon="104.157814">
        <time>2026-05-29T11:41:39Z</time>
      </trkpt>
      <trkpt lat="30.632784" lon="104.157875">
        <time>2026-05-29T11:41:40Z</time>
      </trkpt>
      <trkpt lat="30.632746" lon="104.15793">
        <time>2026-05-29T11:41:41Z</time>
      </trkpt>
      <trkpt lat="30.632706" lon="104.15798">
        <time>2026-05-29T11:41:42Z</time>
      </trkpt>
      <trkpt lat="30.632671" lon="104.15803">
        <time>2026-05-29T11:41:43Z</time>
      </trkpt>
      <trkpt lat="30.632647" lon="104.15807">
        <time>2026-05-29T11:41:44Z</time>
      </trkpt>
      <trkpt lat="30.632627" lon="104.15812">
        <time>2026-05-29T11:41:45Z</time>
      </trkpt>
      <trkpt lat="30.632624" lon="104.158165">
        <time>2026-05-29T11:41:46Z</time>
      </trkpt>
      <trkpt lat="30.632614" lon="104.15821">
        <time>2026-05-29T11:41:47Z</time>
      </trkpt>
      <trkpt lat="30.6326" lon="104.15825">
        <time>2026-05-29T11:41:48Z</time>
      </trkpt>
      <trkpt lat="30.632582" lon="104.158295">
        <time>2026-05-29T11:41:49Z</time>
      </trkpt>
      <trkpt lat="30.632566" lon="104.15834">
        <time>2026-05-29T11:41:50Z</time>
      </trkpt>
      <trkpt lat="30.632547" lon="104.158394">
        <time>2026-05-29T11:41:51Z</time>
      </trkpt>
      <trkpt lat="30.632524" lon="104.15844">
        <time>2026-05-29T11:41:52Z</time>
      </trkpt>
      <trkpt lat="30.632498" lon="104.158485">
        <time>2026-05-29T11:41:53Z</time>
      </trkpt>
      <trkpt lat="30.632473" lon="104.15854">
        <time>2026-05-29T11:41:54Z</time>
      </trkpt>
      <trkpt lat="30.632446" lon="104.158585">
        <time>2026-05-29T11:41:55Z</time>
      </trkpt>
      <trkpt lat="30.632423" lon="104.15864">
        <time>2026-05-29T11:41:56Z</time>
      </trkpt>
      <trkpt lat="30.632399" lon="104.15869">
        <time>2026-05-29T11:41:57Z</time>
      </trkpt>
      <trkpt lat="30.63237" lon="104.158745">
        <time>2026-05-29T11:41:58Z</time>
      </trkpt>
      <trkpt lat="30.63234" lon="104.15879">
        <time>2026-05-29T11:41:59Z</time>
      </trkpt>
      <trkpt lat="30.632309" lon="104.158844">
        <time>2026-05-29T11:42:00Z</time>
      </trkpt>
      <trkpt lat="30.632275" lon="104.1589">
        <time>2026-05-29T11:42:01Z</time>
      </trkpt>
      <trkpt lat="30.632244" lon="104.15895">
        <time>2026-05-29T11:42:02Z</time>
      </trkpt>
      <trkpt lat="30.632215" lon="104.159004">
        <time>2026-05-29T11:42:03Z</time>
      </trkpt>
      <trkpt lat="30.632187" lon="104.159065">
        <time>2026-05-29T11:42:04Z</time>
      </trkpt>
      <trkpt lat="30.632158" lon="104.15913">
        <time>2026-05-29T11:42:05Z</time>
      </trkpt>
      <trkpt lat="30.632128" lon="104.15918">
        <time>2026-05-29T11:42:06Z</time>
      </trkpt>
      <trkpt lat="30.632101" lon="104.15925">
        <time>2026-05-29T11:42:07Z</time>
      </trkpt>
      <trkpt lat="30.632078" lon="104.15931">
        <time>2026-05-29T11:42:08Z</time>
      </trkpt>
      <trkpt lat="30.632057" lon="104.15937">
        <time>2026-05-29T11:42:09Z</time>
      </trkpt>
      <trkpt lat="30.63203" lon="104.15943">
        <time>2026-05-29T11:42:10Z</time>
      </trkpt>
      <trkpt lat="30.632002" lon="104.15949">
        <time>2026-05-29T11:42:11Z</time>
      </trkpt>
      <trkpt lat="30.631971" lon="104.15955">
        <time>2026-05-29T11:42:12Z</time>
      </trkpt>
      <trkpt lat="30.631943" lon="104.159615">
        <time>2026-05-29T11:42:13Z</time>
      </trkpt>
      <trkpt lat="30.631914" lon="104.159676">
        <time>2026-05-29T11:42:14Z</time>
      </trkpt>
      <trkpt lat="30.631887" lon="104.15974">
        <time>2026-05-29T11:42:15Z</time>
      </trkpt>
      <trkpt lat="30.631857" lon="104.159805">
        <time>2026-05-29T11:42:16Z</time>
      </trkpt>
      <trkpt lat="30.631824" lon="104.15986">
        <time>2026-05-29T11:42:17Z</time>
      </trkpt>
      <trkpt lat="30.63179" lon="104.15992">
        <time>2026-05-29T11:42:18Z</time>
      </trkpt>
      <trkpt lat="30.631756" lon="104.15998">
        <time>2026-05-29T11:42:19Z</time>
      </trkpt>
      <trkpt lat="30.631725" lon="104.16004">
        <time>2026-05-29T11:42:20Z</time>
      </trkpt>
      <trkpt lat="30.6317" lon="104.1601">
        <time>2026-05-29T11:42:21Z</time>
      </trkpt>
      <trkpt lat="30.631676" lon="104.160164">
        <time>2026-05-29T11:42:22Z</time>
      </trkpt>
      <trkpt lat="30.631643" lon="104.160225">
        <time>2026-05-29T11:42:23Z</time>
      </trkpt>
      <trkpt lat="30.631613" lon="104.160286">
        <time>2026-05-29T11:42:24Z</time>
      </trkpt>
      <trkpt lat="30.631584" lon="104.16035">
        <time>2026-05-29T11:42:25Z</time>
      </trkpt>
      <trkpt lat="30.631554" lon="104.16041">
        <time>2026-05-29T11:42:26Z</time>
      </trkpt>
      <trkpt lat="30.631523" lon="104.16047">
        <time>2026-05-29T11:42:27Z</time>
      </trkpt>
      <trkpt lat="30.631493" lon="104.16053">
        <time>2026-05-29T11:42:28Z</time>
      </trkpt>
      <trkpt lat="30.631464" lon="104.16059">
        <time>2026-05-29T11:42:29Z</time>
      </trkpt>
      <trkpt lat="30.631432" lon="104.16065">
        <time>2026-05-29T11:42:30Z</time>
      </trkpt>
      <trkpt lat="30.6314" lon="104.16071">
        <time>2026-05-29T11:42:31Z</time>
      </trkpt>
      <trkpt lat="30.631369" lon="104.160774">
        <time>2026-05-29T11:42:32Z</time>
      </trkpt>
      <trkpt lat="30.631336" lon="104.160835">
        <time>2026-05-29T11:42:33Z</time>
      </trkpt>
      <trkpt lat="30.631306" lon="104.1609">
        <time>2026-05-29T11:42:34Z</time>
      </trkpt>
      <trkpt lat="30.631277" lon="104.160965">
        <time>2026-05-29T11:42:35Z</time>
      </trkpt>
      <trkpt lat="30.631245" lon="104.161026">
        <time>2026-05-29T11:42:36Z</time>
      </trkpt>
      <trkpt lat="30.631214" lon="104.16109">
        <time>2026-05-29T11:42:37Z</time>
      </trkpt>
      <trkpt lat="30.631184" lon="104.16115">
        <time>2026-05-29T11:42:38Z</time>
      </trkpt>
      <trkpt lat="30.631153" lon="104.16121">
        <time>2026-05-29T11:42:39Z</time>
      </trkpt>
      <trkpt lat="30.631123" lon="104.16127">
        <time>2026-05-29T11:42:40Z</time>
      </trkpt>
      <trkpt lat="30.63109" lon="104.16133">
        <time>2026-05-29T11:42:41Z</time>
      </trkpt>
      <trkpt lat="30.631058" lon="104.161385">
        <time>2026-05-29T11:42:42Z</time>
      </trkpt>
      <trkpt lat="30.631027" lon="104.161446">
        <time>2026-05-29T11:42:43Z</time>
      </trkpt>
      <trkpt lat="30.630997" lon="104.16151">
        <time>2026-05-29T11:42:44Z</time>
      </trkpt>
      <trkpt lat="30.630966" lon="104.16157">
        <time>2026-05-29T11:42:45Z</time>
      </trkpt>
      <trkpt lat="30.630938" lon="104.16162">
        <time>2026-05-29T11:42:46Z</time>
      </trkpt>
      <trkpt lat="30.63091" lon="104.16168">
        <time>2026-05-29T11:42:47Z</time>
      </trkpt>
      <trkpt lat="30.63088" lon="104.16174">
        <time>2026-05-29T11:42:48Z</time>
      </trkpt>
      <trkpt lat="30.630854" lon="104.1618">
        <time>2026-05-29T11:42:49Z</time>
      </trkpt>
      <trkpt lat="30.630829" lon="104.16185">
        <time>2026-05-29T11:42:50Z</time>
      </trkpt>
      <trkpt lat="30.630802" lon="104.16191">
        <time>2026-05-29T11:42:51Z</time>
      </trkpt>
      <trkpt lat="30.630772" lon="104.16197">
        <time>2026-05-29T11:42:52Z</time>
      </trkpt>
      <trkpt lat="30.63074" lon="104.16203">
        <time>2026-05-29T11:42:53Z</time>
      </trkpt>
      <trkpt lat="30.630707" lon="104.1621">
        <time>2026-05-29T11:42:54Z</time>
      </trkpt>
      <trkpt lat="30.630674" lon="104.16217">
        <time>2026-05-29T11:42:55Z</time>
      </trkpt>
      <trkpt lat="30.630646" lon="104.16223">
        <time>2026-05-29T11:42:56Z</time>
      </trkpt>
      <trkpt lat="30.630615" lon="104.162285">
        <time>2026-05-29T11:42:57Z</time>
      </trkpt>
      <trkpt lat="30.630585" lon="104.16235">
        <time>2026-05-29T11:42:58Z</time>
      </trkpt>
      <trkpt lat="30.630554" lon="104.16243">
        <time>2026-05-29T11:42:59Z</time>
      </trkpt>
      <trkpt lat="30.630524" lon="104.1625">
        <time>2026-05-29T11:43:00Z</time>
      </trkpt>
      <trkpt lat="30.630487" lon="104.16257">
        <time>2026-05-29T11:43:01Z</time>
      </trkpt>
      <trkpt lat="30.63045" lon="104.162636">
        <time>2026-05-29T11:43:02Z</time>
      </trkpt>
      <trkpt lat="30.63041" lon="104.1627">
        <time>2026-05-29T11:43:03Z</time>
      </trkpt>
      <trkpt lat="30.630371" lon="104.162766">
        <time>2026-05-29T11:43:04Z</time>
      </trkpt>
      <trkpt lat="30.630335" lon="104.16283">
        <time>2026-05-29T11:43:05Z</time>
      </trkpt>
      <trkpt lat="30.630302" lon="104.162895">
        <time>2026-05-29T11:43:06Z</time>
      </trkpt>
      <trkpt lat="30.630268" lon="104.16296">
        <time>2026-05-29T11:43:07Z</time>
      </trkpt>
      <trkpt lat="30.630236" lon="104.163025">
        <time>2026-05-29T11:43:08Z</time>
      </trkpt>
      <trkpt lat="30.630203" lon="104.16309">
        <time>2026-05-29T11:43:09Z</time>
      </trkpt>
      <trkpt lat="30.63017" lon="104.16317">
        <time>2026-05-29T11:43:10Z</time>
      </trkpt>
      <trkpt lat="30.630138" lon="104.16324">
        <time>2026-05-29T11:43:11Z</time>
      </trkpt>
      <trkpt lat="30.630104" lon="104.16331">
        <time>2026-05-29T11:43:12Z</time>
      </trkpt>
      <trkpt lat="30.630068" lon="104.163376">
        <time>2026-05-29T11:43:13Z</time>
      </trkpt>
      <trkpt lat="30.63003" lon="104.16345">
        <time>2026-05-29T11:43:14Z</time>
      </trkpt>
      <trkpt lat="30.629995" lon="104.16353">
        <time>2026-05-29T11:43:15Z</time>
      </trkpt>
      <trkpt lat="30.62996" lon="104.163605">
        <time>2026-05-29T11:43:16Z</time>
      </trkpt>
      <trkpt lat="30.62992" lon="104.16367">
        <time>2026-05-29T11:43:17Z</time>
      </trkpt>
      <trkpt lat="30.62988" lon="104.16375">
        <time>2026-05-29T11:43:18Z</time>
      </trkpt>
      <trkpt lat="30.629845" lon="104.163826">
        <time>2026-05-29T11:43:19Z</time>
      </trkpt>
      <trkpt lat="30.629808" lon="104.1639">
        <time>2026-05-29T11:43:20Z</time>
      </trkpt>
      <trkpt lat="30.629772" lon="104.16398">
        <time>2026-05-29T11:43:21Z</time>
      </trkpt>
      <trkpt lat="30.629736" lon="104.16405">
        <time>2026-05-29T11:43:22Z</time>
      </trkpt>
      <trkpt lat="30.6297" lon="104.16412">
        <time>2026-05-29T11:43:23Z</time>
      </trkpt>
      <trkpt lat="30.629663" lon="104.1642">
        <time>2026-05-29T11:43:24Z</time>
      </trkpt>
      <trkpt lat="30.629627" lon="104.16427">
        <time>2026-05-29T11:43:25Z</time>
      </trkpt>
      <trkpt lat="30.629591" lon="104.164345">
        <time>2026-05-29T11:43:26Z</time>
      </trkpt>
      <trkpt lat="30.629553" lon="104.16442">
        <time>2026-05-29T11:43:27Z</time>
      </trkpt>
      <trkpt lat="30.629519" lon="104.16449">
        <time>2026-05-29T11:43:28Z</time>
      </trkpt>
      <trkpt lat="30.629484" lon="104.164566">
        <time>2026-05-29T11:43:29Z</time>
      </trkpt>
      <trkpt lat="30.629448" lon="104.16464">
        <time>2026-05-29T11:43:30Z</time>
      </trkpt>
      <trkpt lat="30.629412" lon="104.16472">
        <time>2026-05-29T11:43:31Z</time>
      </trkpt>
      <trkpt lat="30.629375" lon="104.16479">
        <time>2026-05-29T11:43:32Z</time>
      </trkpt>
      <trkpt lat="30.629335" lon="104.16486">
        <time>2026-05-29T11:43:33Z</time>
      </trkpt>
      <trkpt lat="30.629297" lon="104.16494">
        <time>2026-05-29T11:43:34Z</time>
      </trkpt>
      <trkpt lat="30.62926" lon="104.165016">
        <time>2026-05-29T11:43:35Z</time>
      </trkpt>
      <trkpt lat="30.62922" lon="104.16509">
        <time>2026-05-29T11:43:36Z</time>
      </trkpt>
      <trkpt lat="30.629183" lon="104.16517">
        <time>2026-05-29T11:43:37Z</time>
      </trkpt>
      <trkpt lat="30.629143" lon="104.165245">
        <time>2026-05-29T11:43:38Z</time>
      </trkpt>
      <trkpt lat="30.629105" lon="104.16532">
        <time>2026-05-29T11:43:39Z</time>
      </trkpt>
      <trkpt lat="30.629066" lon="104.1654">
        <time>2026-05-29T11:43:40Z</time>
      </trkpt>
      <trkpt lat="30.629026" lon="104.165474">
        <time>2026-05-29T11:43:41Z</time>
      </trkpt>
      <trkpt lat="30.628988" lon="104.16555">
        <time>2026-05-29T11:43:42Z</time>
      </trkpt>
      <trkpt lat="30.62895" lon="104.16563">
        <time>2026-05-29T11:43:43Z</time>
      </trkpt>
      <trkpt lat="30.628912" lon="104.165695">
        <time>2026-05-29T11:43:44Z</time>
      </trkpt>
      <trkpt lat="30.628874" lon="104.165764">
        <time>2026-05-29T11:43:45Z</time>
      </trkpt>
      <trkpt lat="30.628838" lon="104.16583">
        <time>2026-05-29T11:43:46Z</time>
      </trkpt>
      <trkpt lat="30.628796" lon="104.16591">
        <time>2026-05-29T11:43:47Z</time>
      </trkpt>
      <trkpt lat="30.628744" lon="104.16597">
        <time>2026-05-29T11:43:48Z</time>
      </trkpt>
      <trkpt lat="30.628698" lon="104.16604">
        <time>2026-05-29T11:43:49Z</time>
      </trkpt>
      <trkpt lat="30.628654" lon="104.16611">
        <time>2026-05-29T11:43:50Z</time>
      </trkpt>
      <trkpt lat="30.628613" lon="104.16617">
        <time>2026-05-29T11:43:51Z</time>
      </trkpt>
      <trkpt lat="30.628572" lon="104.16623">
        <time>2026-05-29T11:43:52Z</time>
      </trkpt>
      <trkpt lat="30.628532" lon="104.16629">
        <time>2026-05-29T11:43:53Z</time>
      </trkpt>
      <trkpt lat="30.628496" lon="104.16634">
        <time>2026-05-29T11:43:54Z</time>
      </trkpt>
      <trkpt lat="30.62846" lon="104.166405">
        <time>2026-05-29T11:43:55Z</time>
      </trkpt>
      <trkpt lat="30.628426" lon="104.16646">
        <time>2026-05-29T11:43:56Z</time>
      </trkpt>
      <trkpt lat="30.628399" lon="104.166504">
        <time>2026-05-29T11:43:57Z</time>
      </trkpt>
      <trkpt lat="30.628372" lon="104.16656">
        <time>2026-05-29T11:43:58Z</time>
      </trkpt>
      <trkpt lat="30.628345" lon="104.1666">
        <time>2026-05-29T11:43:59Z</time>
      </trkpt>
      <trkpt lat="30.628325" lon="104.16665">
        <time>2026-05-29T11:44:00Z</time>
      </trkpt>
      <trkpt lat="30.628305" lon="104.16669">
        <time>2026-05-29T11:44:01Z</time>
      </trkpt>
      <trkpt lat="30.628283" lon="104.166725">
        <time>2026-05-29T11:44:02Z</time>
      </trkpt>
      <trkpt lat="30.628265" lon="104.16677">
        <time>2026-05-29T11:44:03Z</time>
      </trkpt>
      <trkpt lat="30.628252" lon="104.166824">
        <time>2026-05-29T11:44:04Z</time>
      </trkpt>
      <trkpt lat="30.628244" lon="104.16688">
        <time>2026-05-29T11:44:05Z</time>
      </trkpt>
      <trkpt lat="30.628239" lon="104.16692">
        <time>2026-05-29T11:44:06Z</time>
      </trkpt>
      <trkpt lat="30.62823" lon="104.16697">
        <time>2026-05-29T11:44:07Z</time>
      </trkpt>
      <trkpt lat="30.628216" lon="104.167015">
        <time>2026-05-29T11:44:08Z</time>
      </trkpt>
      <trkpt lat="30.6282" lon="104.16705">
        <time>2026-05-29T11:44:09Z</time>
      </trkpt>
      <trkpt lat="30.628183" lon="104.16709">
        <time>2026-05-29T11:44:10Z</time>
      </trkpt>
      <trkpt lat="30.628166" lon="104.16714">
        <time>2026-05-29T11:44:11Z</time>
      </trkpt>
      <trkpt lat="30.628149" lon="104.16718">
        <time>2026-05-29T11:44:12Z</time>
      </trkpt>
      <trkpt lat="30.62813" lon="104.16724">
        <time>2026-05-29T11:44:13Z</time>
      </trkpt>
      <trkpt lat="30.628117" lon="104.16728">
        <time>2026-05-29T11:44:14Z</time>
      </trkpt>
      <trkpt lat="30.628103" lon="104.16732">
        <time>2026-05-29T11:44:15Z</time>
      </trkpt>
      <trkpt lat="30.62809" lon="104.167366">
        <time>2026-05-29T11:44:16Z</time>
      </trkpt>
      <trkpt lat="30.628077" lon="104.16741">
        <time>2026-05-29T11:44:17Z</time>
      </trkpt>
      <trkpt lat="30.628063" lon="104.16745">
        <time>2026-05-29T11:44:18Z</time>
      </trkpt>
      <trkpt lat="30.628042" lon="104.1675">
        <time>2026-05-29T11:44:19Z</time>
      </trkpt>
      <trkpt lat="30.62801" lon="104.16754">
        <time>2026-05-29T11:44:20Z</time>
      </trkpt>
      <trkpt lat="30.62798" lon="104.16759">
        <time>2026-05-29T11:44:21Z</time>
      </trkpt>
      <trkpt lat="30.62795" lon="104.167625">
        <time>2026-05-29T11:44:22Z</time>
      </trkpt>
      <trkpt lat="30.627922" lon="104.16767">
        <time>2026-05-29T11:44:23Z</time>
      </trkpt>
      <trkpt lat="30.6279" lon="104.16771">
        <time>2026-05-29T11:44:24Z</time>
      </trkpt>
      <trkpt lat="30.627878" lon="104.16775">
        <time>2026-05-29T11:44:25Z</time>
      </trkpt>
      <trkpt lat="30.627855" lon="104.16779">
        <time>2026-05-29T11:44:26Z</time>
      </trkpt>
      <trkpt lat="30.62783" lon="104.16783">
        <time>2026-05-29T11:44:27Z</time>
      </trkpt>
      <trkpt lat="30.627806" lon="104.16787">
        <time>2026-05-29T11:44:28Z</time>
      </trkpt>
      <trkpt lat="30.62778" lon="104.167915">
        <time>2026-05-29T11:44:29Z</time>
      </trkpt>
      <trkpt lat="30.627756" lon="104.16796">
        <time>2026-05-29T11:44:30Z</time>
      </trkpt>
      <trkpt lat="30.627735" lon="104.168">
        <time>2026-05-29T11:44:31Z</time>
      </trkpt>
      <trkpt lat="30.627714" lon="104.16804">
        <time>2026-05-29T11:44:32Z</time>
      </trkpt>
      <trkpt lat="30.627693" lon="104.168076">
        <time>2026-05-29T11:44:33Z</time>
      </trkpt>
      <trkpt lat="30.627674" lon="104.168106">
        <time>2026-05-29T11:44:34Z</time>
      </trkpt>
      <trkpt lat="30.627655" lon="104.16815">
        <time>2026-05-29T11:44:35Z</time>
      </trkpt>
      <trkpt lat="30.627636" lon="104.16818">
        <time>2026-05-29T11:44:36Z</time>
      </trkpt>
      <trkpt lat="30.62761" lon="104.16822">
        <time>2026-05-29T11:44:37Z</time>
      </trkpt>
      <trkpt lat="30.627584" lon="104.16826">
        <time>2026-05-29T11:44:38Z</time>
      </trkpt>
      <trkpt lat="30.627565" lon="104.168304">
        <time>2026-05-29T11:44:39Z</time>
      </trkpt>
      <trkpt lat="30.627546" lon="104.168335">
        <time>2026-05-29T11:44:40Z</time>
      </trkpt>
      <trkpt lat="30.62753" lon="104.16838">
        <time>2026-05-29T11:44:41Z</time>
      </trkpt>
      <trkpt lat="30.627514" lon="104.16841">
        <time>2026-05-29T11:44:42Z</time>
      </trkpt>
      <trkpt lat="30.6275" lon="104.16845">
        <time>2026-05-29T11:44:43Z</time>
      </trkpt>
      <trkpt lat="30.627483" lon="104.16849">
        <time>2026-05-29T11:44:44Z</time>
      </trkpt>
      <trkpt lat="30.627468" lon="104.16853">
        <time>2026-05-29T11:44:45Z</time>
      </trkpt>
      <trkpt lat="30.627453" lon="104.16857">
        <time>2026-05-29T11:44:46Z</time>
      </trkpt>
      <trkpt lat="30.627438" lon="104.16862">
        <time>2026-05-29T11:44:47Z</time>
      </trkpt>
      <trkpt lat="30.627419" lon="104.16866">
        <time>2026-05-29T11:44:48Z</time>
      </trkpt>
      <trkpt lat="30.627396" lon="104.1687">
        <time>2026-05-29T11:44:49Z</time>
      </trkpt>
      <trkpt lat="30.62737" lon="104.16874">
        <time>2026-05-29T11:44:50Z</time>
      </trkpt>
      <trkpt lat="30.627344" lon="104.168785">
        <time>2026-05-29T11:44:51Z</time>
      </trkpt>
      <trkpt lat="30.627316" lon="104.16883">
        <time>2026-05-29T11:44:52Z</time>
      </trkpt>
      <trkpt lat="30.62729" lon="104.168884">
        <time>2026-05-29T11:44:53Z</time>
      </trkpt>
      <trkpt lat="30.627266" lon="104.16893">
        <time>2026-05-29T11:44:54Z</time>
      </trkpt>
      <trkpt lat="30.627241" lon="104.16898">
        <time>2026-05-29T11:44:55Z</time>
      </trkpt>
      <trkpt lat="30.627218" lon="104.16904">
        <time>2026-05-29T11:44:56Z</time>
      </trkpt>
      <trkpt lat="30.62719" lon="104.16909">
        <time>2026-05-29T11:44:57Z</time>
      </trkpt>
      <trkpt lat="30.627165" lon="104.16914">
        <time>2026-05-29T11:44:58Z</time>
      </trkpt>
      <trkpt lat="30.627138" lon="104.1692">
        <time>2026-05-29T11:44:59Z</time>
      </trkpt>
      <trkpt lat="30.62711" lon="104.16925">
        <time>2026-05-29T11:45:00Z</time>
      </trkpt>
      <trkpt lat="30.627083" lon="104.169304">
        <time>2026-05-29T11:45:01Z</time>
      </trkpt>
      <trkpt lat="30.627052" lon="104.16936">
        <time>2026-05-29T11:45:02Z</time>
      </trkpt>
      <trkpt lat="30.627016" lon="104.16941">
        <time>2026-05-29T11:45:03Z</time>
      </trkpt>
      <trkpt lat="30.626986" lon="104.169464">
        <time>2026-05-29T11:45:04Z</time>
      </trkpt>
      <trkpt lat="30.626953" lon="104.16952">
        <time>2026-05-29T11:45:05Z</time>
      </trkpt>
      <trkpt lat="30.626923" lon="104.16957">
        <time>2026-05-29T11:45:06Z</time>
      </trkpt>
      <trkpt lat="30.626896" lon="104.169624">
        <time>2026-05-29T11:45:07Z</time>
      </trkpt>
      <trkpt lat="30.626873" lon="104.169685">
        <time>2026-05-29T11:45:08Z</time>
      </trkpt>
      <trkpt lat="30.626848" lon="104.16974">
        <time>2026-05-29T11:45:09Z</time>
      </trkpt>
      <trkpt lat="30.626825" lon="104.16979">
        <time>2026-05-29T11:45:10Z</time>
      </trkpt>
      <trkpt lat="30.626802" lon="104.16985">
        <time>2026-05-29T11:45:11Z</time>
      </trkpt>
      <trkpt lat="30.626778" lon="104.16991">
        <time>2026-05-29T11:45:12Z</time>
      </trkpt>
      <trkpt lat="30.62675" lon="104.16995">
        <time>2026-05-29T11:45:13Z</time>
      </trkpt>
      <trkpt lat="30.626719" lon="104.170006">
        <time>2026-05-29T11:45:14Z</time>
      </trkpt>
      <trkpt lat="30.626684" lon="104.17005">
        <time>2026-05-29T11:45:15Z</time>
      </trkpt>
      <trkpt lat="30.626648" lon="104.1701">
        <time>2026-05-29T11:45:16Z</time>
      </trkpt>
      <trkpt lat="30.626617" lon="104.17014">
        <time>2026-05-29T11:45:17Z</time>
      </trkpt>
      <trkpt lat="30.62659" lon="104.1702">
        <time>2026-05-29T11:45:18Z</time>
      </trkpt>
      <trkpt lat="30.626566" lon="104.17026">
        <time>2026-05-29T11:45:19Z</time>
      </trkpt>
      <trkpt lat="30.62654" lon="104.17031">
        <time>2026-05-29T11:45:20Z</time>
      </trkpt>
      <trkpt lat="30.626514" lon="104.170364">
        <time>2026-05-29T11:45:21Z</time>
      </trkpt>
      <trkpt lat="30.626488" lon="104.17042">
        <time>2026-05-29T11:45:22Z</time>
      </trkpt>
      <trkpt lat="30.626465" lon="104.17048">
        <time>2026-05-29T11:45:23Z</time>
      </trkpt>
      <trkpt lat="30.626446" lon="104.17053">
        <time>2026-05-29T11:45:24Z</time>
      </trkpt>
      <trkpt lat="30.626429" lon="104.17059">
        <time>2026-05-29T11:45:25Z</time>
      </trkpt>
      <trkpt lat="30.62641" lon="104.170654">
        <time>2026-05-29T11:45:26Z</time>
      </trkpt>
      <trkpt lat="30.626389" lon="104.170715">
        <time>2026-05-29T11:45:27Z</time>
      </trkpt>
      <trkpt lat="30.626364" lon="104.17077">
        <time>2026-05-29T11:45:28Z</time>
      </trkpt>
      <trkpt lat="30.62634" lon="104.17083">
        <time>2026-05-29T11:45:29Z</time>
      </trkpt>
      <trkpt lat="30.626316" lon="104.17088">
        <time>2026-05-29T11:45:30Z</time>
      </trkpt>
      <trkpt lat="30.626293" lon="104.170944">
        <time>2026-05-29T11:45:31Z</time>
      </trkpt>
      <trkpt lat="30.626274" lon="104.171005">
        <time>2026-05-29T11:45:32Z</time>
      </trkpt>
      <trkpt lat="30.626247" lon="104.171074">
        <time>2026-05-29T11:45:33Z</time>
      </trkpt>
      <trkpt lat="30.626226" lon="104.171135">
        <time>2026-05-29T11:45:34Z</time>
      </trkpt>
      <trkpt lat="30.62621" lon="104.1712">
        <time>2026-05-29T11:45:35Z</time>
      </trkpt>
      <trkpt lat="30.626186" lon="104.171265">
        <time>2026-05-29T11:45:36Z</time>
      </trkpt>
      <trkpt lat="30.626163" lon="104.17133">
        <time>2026-05-29T11:45:37Z</time>
      </trkpt>
      <trkpt lat="30.62614" lon="104.171394">
        <time>2026-05-29T11:45:38Z</time>
      </trkpt>
      <trkpt lat="30.62612" lon="104.17146">
        <time>2026-05-29T11:45:39Z</time>
      </trkpt>
      <trkpt lat="30.626099" lon="104.17153">
        <time>2026-05-29T11:45:40Z</time>
      </trkpt>
      <trkpt lat="30.626078" lon="104.17159">
        <time>2026-05-29T11:45:41Z</time>
      </trkpt>
      <trkpt lat="30.62606" lon="104.17166">
        <time>2026-05-29T11:45:42Z</time>
      </trkpt>
      <trkpt lat="30.626041" lon="104.17173">
        <time>2026-05-29T11:45:43Z</time>
      </trkpt>
      <trkpt lat="30.626022" lon="104.1718">
        <time>2026-05-29T11:45:44Z</time>
      </trkpt>
      <trkpt lat="30.625998" lon="104.17186">
        <time>2026-05-29T11:45:45Z</time>
      </trkpt>
      <trkpt lat="30.625977" lon="104.17193">
        <time>2026-05-29T11:45:46Z</time>
      </trkpt>
      <trkpt lat="30.625952" lon="104.172">
        <time>2026-05-29T11:45:47Z</time>
      </trkpt>
      <trkpt lat="30.625927" lon="104.17206">
        <time>2026-05-29T11:45:48Z</time>
      </trkpt>
      <trkpt lat="30.625904" lon="104.17213">
        <time>2026-05-29T11:45:49Z</time>
      </trkpt>
      <trkpt lat="30.625877" lon="104.172195">
        <time>2026-05-29T11:45:50Z</time>
      </trkpt>
      <trkpt lat="30.625854" lon="104.172264">
        <time>2026-05-29T11:45:51Z</time>
      </trkpt>
      <trkpt lat="30.625828" lon="104.17233">
        <time>2026-05-29T11:45:52Z</time>
      </trkpt>
      <trkpt lat="30.6258" lon="104.1724">
        <time>2026-05-29T11:45:53Z</time>
      </trkpt>
      <trkpt lat="30.62577" lon="104.17247">
        <time>2026-05-29T11:45:54Z</time>
      </trkpt>
      <trkpt lat="30.625746" lon="104.17255">
        <time>2026-05-29T11:45:55Z</time>
      </trkpt>
      <trkpt lat="30.62572" lon="104.172615">
        <time>2026-05-29T11:45:56Z</time>
      </trkpt>
      <trkpt lat="30.625698" lon="104.17269">
        <time>2026-05-29T11:45:57Z</time>
      </trkpt>
      <trkpt lat="30.625679" lon="104.17276">
        <time>2026-05-29T11:45:58Z</time>
      </trkpt>
      <trkpt lat="30.625654" lon="104.17284">
        <time>2026-05-29T11:45:59Z</time>
      </trkpt>
      <trkpt lat="30.625631" lon="104.17291">
        <time>2026-05-29T11:46:00Z</time>
      </trkpt>
      <trkpt lat="30.625607" lon="104.17298">
        <time>2026-05-29T11:46:01Z</time>
      </trkpt>
      <trkpt lat="30.62558" lon="104.17305">
        <time>2026-05-29T11:46:02Z</time>
      </trkpt>
      <trkpt lat="30.625553" lon="104.17312">
        <time>2026-05-29T11:46:03Z</time>
      </trkpt>
      <trkpt lat="30.625523" lon="104.17319">
        <time>2026-05-29T11:46:04Z</time>
      </trkpt>
      <trkpt lat="30.62549" lon="104.173256">
        <time>2026-05-29T11:46:05Z</time>
      </trkpt>
      <trkpt lat="30.625462" lon="104.173325">
        <time>2026-05-29T11:46:06Z</time>
      </trkpt>
      <trkpt lat="30.625433" lon="104.17339">
        <time>2026-05-29T11:46:07Z</time>
      </trkpt>
      <trkpt lat="30.625406" lon="104.17347">
        <time>2026-05-29T11:46:08Z</time>
      </trkpt>
      <trkpt lat="30.625383" lon="104.17354">
        <time>2026-05-29T11:46:09Z</time>
      </trkpt>
      <trkpt lat="30.625359" lon="104.173615">
        <time>2026-05-29T11:46:10Z</time>
      </trkpt>
      <trkpt lat="30.625334" lon="104.17368">
        <time>2026-05-29T11:46:11Z</time>
      </trkpt>
      <trkpt lat="30.625307" lon="104.17375">
        <time>2026-05-29T11:46:12Z</time>
      </trkpt>
      <trkpt lat="30.62528" lon="104.17383">
        <time>2026-05-29T11:46:13Z</time>
      </trkpt>
      <trkpt lat="30.625254" lon="104.1739">
        <time>2026-05-29T11:46:14Z</time>
      </trkpt>
      <trkpt lat="30.625229" lon="104.173965">
        <time>2026-05-29T11:46:15Z</time>
      </trkpt>
      <trkpt lat="30.625202" lon="104.17404">
        <time>2026-05-29T11:46:16Z</time>
      </trkpt>
      <trkpt lat="30.625174" lon="104.17411">
        <time>2026-05-29T11:46:17Z</time>
      </trkpt>
      <trkpt lat="30.625145" lon="104.17419">
        <time>2026-05-29T11:46:18Z</time>
      </trkpt>
      <trkpt lat="30.625118" lon="104.174255">
        <time>2026-05-29T11:46:19Z</time>
      </trkpt>
      <trkpt lat="30.625093" lon="104.17433">
        <time>2026-05-29T11:46:20Z</time>
      </trkpt>
      <trkpt lat="30.625069" lon="104.17441">
        <time>2026-05-29T11:46:21Z</time>
      </trkpt>
      <trkpt lat="30.625044" lon="104.17448">
        <time>2026-05-29T11:46:22Z</time>
      </trkpt>
      <trkpt lat="30.62501" lon="104.174545">
        <time>2026-05-29T11:46:23Z</time>
      </trkpt>
      <trkpt lat="30.62498" lon="104.174614">
        <time>2026-05-29T11:46:24Z</time>
      </trkpt>
      <trkpt lat="30.624952" lon="104.17469">
        <time>2026-05-29T11:46:25Z</time>
      </trkpt>
      <trkpt lat="30.624928" lon="104.17477">
        <time>2026-05-29T11:46:26Z</time>
      </trkpt>
      <trkpt lat="30.6249" lon="104.174835">
        <time>2026-05-29T11:46:27Z</time>
      </trkpt>
      <trkpt lat="30.624874" lon="104.17491">
        <time>2026-05-29T11:46:28Z</time>
      </trkpt>
      <trkpt lat="30.62485" lon="104.17499">
        <time>2026-05-29T11:46:29Z</time>
      </trkpt>
      <trkpt lat="30.624826" lon="104.175064">
        <time>2026-05-29T11:46:30Z</time>
      </trkpt>
      <trkpt lat="30.624804" lon="104.17515">
        <time>2026-05-29T11:46:31Z</time>
      </trkpt>
      <trkpt lat="30.62478" lon="104.175224">
        <time>2026-05-29T11:46:32Z</time>
      </trkpt>
      <trkpt lat="30.624754" lon="104.17529">
        <time>2026-05-29T11:46:33Z</time>
      </trkpt>
      <trkpt lat="30.624727" lon="104.17537">
        <time>2026-05-29T11:46:34Z</time>
      </trkpt>
      <trkpt lat="30.624699" lon="104.175446">
        <time>2026-05-29T11:46:35Z</time>
      </trkpt>
      <trkpt lat="30.624666" lon="104.175514">
        <time>2026-05-29T11:46:36Z</time>
      </trkpt>
      <trkpt lat="30.624638" lon="104.17559">
        <time>2026-05-29T11:46:37Z</time>
      </trkpt>
      <trkpt lat="30.62461" lon="104.17567">
        <time>2026-05-29T11:46:38Z</time>
      </trkpt>
      <trkpt lat="30.624584" lon="104.17574">
        <time>2026-05-29T11:46:39Z</time>
      </trkpt>
      <trkpt lat="30.624556" lon="104.17583">
        <time>2026-05-29T11:46:40Z</time>
      </trkpt>
      <trkpt lat="30.624529" lon="104.1759">
        <time>2026-05-29T11:46:41Z</time>
      </trkpt>
      <trkpt lat="30.624502" lon="104.17598">
        <time>2026-05-29T11:46:42Z</time>
      </trkpt>
      <trkpt lat="30.624474" lon="104.176056">
        <time>2026-05-29T11:46:43Z</time>
      </trkpt>
      <trkpt lat="30.624447" lon="104.17614">
        <time>2026-05-29T11:46:44Z</time>
      </trkpt>
      <trkpt lat="30.624418" lon="104.176216">
        <time>2026-05-29T11:46:45Z</time>
      </trkpt>
      <trkpt lat="30.62439" lon="104.1763">
        <time>2026-05-29T11:46:46Z</time>
      </trkpt>
      <trkpt lat="30.624361" lon="104.17638">
        <time>2026-05-29T11:46:47Z</time>
      </trkpt>
      <trkpt lat="30.624332" lon="104.17646">
        <time>2026-05-29T11:46:48Z</time>
      </trkpt>
      <trkpt lat="30.624306" lon="104.176544">
        <time>2026-05-29T11:46:49Z</time>
      </trkpt>
      <trkpt lat="30.624275" lon="104.17663">
        <time>2026-05-29T11:46:50Z</time>
      </trkpt>
      <trkpt lat="30.624247" lon="104.176704">
        <time>2026-05-29T11:46:51Z</time>
      </trkpt>
      <trkpt lat="30.624218" lon="104.17679">
        <time>2026-05-29T11:46:52Z</time>
      </trkpt>
      <trkpt lat="30.62419" lon="104.17687">
        <time>2026-05-29T11:46:53Z</time>
      </trkpt>
      <trkpt lat="30.624159" lon="104.176956">
        <time>2026-05-29T11:46:54Z</time>
      </trkpt>
      <trkpt lat="30.62413" lon="104.17704">
        <time>2026-05-29T11:46:55Z</time>
      </trkpt>
      <trkpt lat="30.6241" lon="104.17712">
        <time>2026-05-29T11:46:56Z</time>
      </trkpt>
      <trkpt lat="30.62407" lon="104.1772">
        <time>2026-05-29T11:46:57Z</time>
      </trkpt>
      <trkpt lat="30.624043" lon="104.177284">
        <time>2026-05-29T11:46:58Z</time>
      </trkpt>
      <trkpt lat="30.624012" lon="104.17737">
        <time>2026-05-29T11:46:59Z</time>
      </trkpt>
      <trkpt lat="30.623981" lon="104.17745">
        <time>2026-05-29T11:47:00Z</time>
      </trkpt>
      <trkpt lat="30.623951" lon="104.177536">
        <time>2026-05-29T11:47:01Z</time>
      </trkpt>
      <trkpt lat="30.623922" lon="104.17762">
        <time>2026-05-29T11:47:02Z</time>
      </trkpt>
      <trkpt lat="30.623894" lon="104.17771">
        <time>2026-05-29T11:47:03Z</time>
      </trkpt>
      <trkpt lat="30.623865" lon="104.177795">
        <time>2026-05-29T11:47:04Z</time>
      </trkpt>
      <trkpt lat="30.623835" lon="104.17788">
        <time>2026-05-29T11:47:05Z</time>
      </trkpt>
      <trkpt lat="30.623804" lon="104.177956">
        <time>2026-05-29T11:47:06Z</time>
      </trkpt>
      <trkpt lat="30.623772" lon="104.17804">
        <time>2026-05-29T11:47:07Z</time>
      </trkpt>
      <trkpt lat="30.623741" lon="104.178116">
        <time>2026-05-29T11:47:08Z</time>
      </trkpt>
      <trkpt lat="30.623713" lon="104.1782">
        <time>2026-05-29T11:47:09Z</time>
      </trkpt>
      <trkpt lat="30.623684" lon="104.178276">
        <time>2026-05-29T11:47:10Z</time>
      </trkpt>
      <trkpt lat="30.62366" lon="104.17835">
        <time>2026-05-29T11:47:11Z</time>
      </trkpt>
      <trkpt lat="30.623632" lon="104.17843">
        <time>2026-05-29T11:47:12Z</time>
      </trkpt>
      <trkpt lat="30.623604" lon="104.1785">
        <time>2026-05-29T11:47:13Z</time>
      </trkpt>
      <trkpt lat="30.623577" lon="104.17857">
        <time>2026-05-29T11:47:14Z</time>
      </trkpt>
      <trkpt lat="30.623549" lon="104.17865">
        <time>2026-05-29T11:47:15Z</time>
      </trkpt>
      <trkpt lat="30.623522" lon="104.17872">
        <time>2026-05-29T11:47:16Z</time>
      </trkpt>
      <trkpt lat="30.623499" lon="104.178795">
        <time>2026-05-29T11:47:17Z</time>
      </trkpt>
      <trkpt lat="30.623476" lon="104.17886">
        <time>2026-05-29T11:47:18Z</time>
      </trkpt>
      <trkpt lat="30.623451" lon="104.17893">
        <time>2026-05-29T11:47:19Z</time>
      </trkpt>
      <trkpt lat="30.623423" lon="104.179">
        <time>2026-05-29T11:47:20Z</time>
      </trkpt>
      <trkpt lat="30.623396" lon="104.17907">
        <time>2026-05-29T11:47:21Z</time>
      </trkpt>
      <trkpt lat="30.62337" lon="104.17914">
        <time>2026-05-29T11:47:22Z</time>
      </trkpt>
      <trkpt lat="30.623344" lon="104.17921">
        <time>2026-05-29T11:47:23Z</time>
      </trkpt>
      <trkpt lat="30.623322" lon="104.179276">
        <time>2026-05-29T11:47:24Z</time>
      </trkpt>
      <trkpt lat="30.6233" lon="104.179344">
        <time>2026-05-29T11:47:25Z</time>
      </trkpt>
      <trkpt lat="30.623278" lon="104.17941">
        <time>2026-05-29T11:47:26Z</time>
      </trkpt>
      <trkpt lat="30.623259" lon="104.17948">
        <time>2026-05-29T11:47:27Z</time>
      </trkpt>
      <trkpt lat="30.623238" lon="104.17954">
        <time>2026-05-29T11:47:28Z</time>
      </trkpt>
      <trkpt lat="30.62321" lon="104.17961">
        <time>2026-05-29T11:47:29Z</time>
      </trkpt>
      <trkpt lat="30.623188" lon="104.17967">
        <time>2026-05-29T11:47:30Z</time>
      </trkpt>
      <trkpt lat="30.623167" lon="104.17973">
        <time>2026-05-29T11:47:31Z</time>
      </trkpt>
      <trkpt lat="30.623144" lon="104.179794">
        <time>2026-05-29T11:47:32Z</time>
      </trkpt>
      <trkpt lat="30.623125" lon="104.179855">
        <time>2026-05-29T11:47:33Z</time>
      </trkpt>
      <trkpt lat="30.623104" lon="104.17992">
        <time>2026-05-29T11:47:34Z</time>
      </trkpt>
      <trkpt lat="30.623083" lon="104.17997">
        <time>2026-05-29T11:47:35Z</time>
      </trkpt>
      <trkpt lat="30.623062" lon="104.18002">
        <time>2026-05-29T11:47:36Z</time>
      </trkpt>
      <trkpt lat="30.623037" lon="104.18007">
        <time>2026-05-29T11:47:37Z</time>
      </trkpt>
      <trkpt lat="30.62301" lon="104.18012">
        <time>2026-05-29T11:47:38Z</time>
      </trkpt>
      <trkpt lat="30.622986" lon="104.18017">
        <time>2026-05-29T11:47:39Z</time>
      </trkpt>
      <trkpt lat="30.622963" lon="104.18022">
        <time>2026-05-29T11:47:40Z</time>
      </trkpt>
      <trkpt lat="30.622944" lon="104.180275">
        <time>2026-05-29T11:47:41Z</time>
      </trkpt>
      <trkpt lat="30.622925" lon="104.18032">
        <time>2026-05-29T11:47:42Z</time>
      </trkpt>
      <trkpt lat="30.62291" lon="104.180374">
        <time>2026-05-29T11:47:43Z</time>
      </trkpt>
      <trkpt lat="30.622894" lon="104.18042">
        <time>2026-05-29T11:47:44Z</time>
      </trkpt>
      <trkpt lat="30.622879" lon="104.18047">
        <time>2026-05-29T11:47:45Z</time>
      </trkpt>
      <trkpt lat="30.622866" lon="104.18053">
        <time>2026-05-29T11:47:46Z</time>
      </trkpt>
      <trkpt lat="30.622854" lon="104.18058">
        <time>2026-05-29T11:47:47Z</time>
      </trkpt>
      <trkpt lat="30.62284" lon="104.180626">
        <time>2026-05-29T11:47:48Z</time>
      </trkpt>
      <trkpt lat="30.622828" lon="104.18067">
        <time>2026-05-29T11:47:49Z</time>
      </trkpt>
      <trkpt lat="30.622818" lon="104.18071">
        <time>2026-05-29T11:47:50Z</time>
      </trkpt>
      <trkpt lat="30.6228" lon="104.180756">
        <time>2026-05-29T11:47:51Z</time>
      </trkpt>
      <trkpt lat="30.622787" lon="104.1808">
        <time>2026-05-29T11:47:52Z</time>
      </trkpt>
      <trkpt lat="30.622774" lon="104.18085">
        <time>2026-05-29T11:47:53Z</time>
      </trkpt>
      <trkpt lat="30.622757" lon="104.18089">
        <time>2026-05-29T11:47:54Z</time>
      </trkpt>
      <trkpt lat="30.62274" lon="104.18094">
        <time>2026-05-29T11:47:55Z</time>
      </trkpt>
      <trkpt lat="30.62272" lon="104.18099">
        <time>2026-05-29T11:47:56Z</time>
      </trkpt>
      <trkpt lat="30.622696" lon="104.18104">
        <time>2026-05-29T11:47:57Z</time>
      </trkpt>
      <trkpt lat="30.622677" lon="104.18109">
        <time>2026-05-29T11:47:58Z</time>
      </trkpt>
      <trkpt lat="30.622656" lon="104.181145">
        <time>2026-05-29T11:47:59Z</time>
      </trkpt>
      <trkpt lat="30.622639" lon="104.1812">
        <time>2026-05-29T11:48:00Z</time>
      </trkpt>
      <trkpt lat="30.622618" lon="104.18125">
        <time>2026-05-29T11:48:01Z</time>
      </trkpt>
      <trkpt lat="30.6226" lon="104.181305">
        <time>2026-05-29T11:48:02Z</time>
      </trkpt>
      <trkpt lat="30.622581" lon="104.18135">
        <time>2026-05-29T11:48:03Z</time>
      </trkpt>
      <trkpt lat="30.622562" lon="104.181404">
        <time>2026-05-29T11:48:04Z</time>
      </trkpt>
      <trkpt lat="30.622543" lon="104.18146">
        <time>2026-05-29T11:48:05Z</time>
      </trkpt>
      <trkpt lat="30.622524" lon="104.18151">
        <time>2026-05-29T11:48:06Z</time>
      </trkpt>
      <trkpt lat="30.622503" lon="104.181564">
        <time>2026-05-29T11:48:07Z</time>
      </trkpt>
      <trkpt lat="30.622486" lon="104.18162">
        <time>2026-05-29T11:48:08Z</time>
      </trkpt>
      <trkpt lat="30.622469" lon="104.18168">
        <time>2026-05-29T11:48:09Z</time>
      </trkpt>
      <trkpt lat="30.622446" lon="104.181725">
        <time>2026-05-29T11:48:10Z</time>
      </trkpt>
      <trkpt lat="30.622427" lon="104.181786">
        <time>2026-05-29T11:48:11Z</time>
      </trkpt>
      <trkpt lat="30.622406" lon="104.18184">
        <time>2026-05-29T11:48:12Z</time>
      </trkpt>
      <trkpt lat="30.622387" lon="104.1819">
        <time>2026-05-29T11:48:13Z</time>
      </trkpt>
      <trkpt lat="30.622366" lon="104.18195">
        <time>2026-05-29T11:48:14Z</time>
      </trkpt>
      <trkpt lat="30.622343" lon="104.182014">
        <time>2026-05-29T11:48:15Z</time>
      </trkpt>
      <trkpt lat="30.622324" lon="104.182076">
        <time>2026-05-29T11:48:16Z</time>
      </trkpt>
      <trkpt lat="30.622305" lon="104.18214">
        <time>2026-05-29T11:48:17Z</time>
      </trkpt>
      <trkpt lat="30.622286" lon="104.18219">
        <time>2026-05-29T11:48:18Z</time>
      </trkpt>
      <trkpt lat="30.62227" lon="104.18226">
        <time>2026-05-29T11:48:19Z</time>
      </trkpt>
      <trkpt lat="30.622253" lon="104.18232">
        <time>2026-05-29T11:48:20Z</time>
      </trkpt>
      <trkpt lat="30.622238" lon="104.18238">
        <time>2026-05-29T11:48:21Z</time>
      </trkpt>
      <trkpt lat="30.622223" lon="104.18244">
        <time>2026-05-29T11:48:22Z</time>
      </trkpt>
      <trkpt lat="30.622206" lon="104.1825">
        <time>2026-05-29T11:48:23Z</time>
      </trkpt>
      <trkpt lat="30.622192" lon="104.18256">
        <time>2026-05-29T11:48:24Z</time>
      </trkpt>
      <trkpt lat="30.622175" lon="104.18263">
        <time>2026-05-29T11:48:25Z</time>
      </trkpt>
      <trkpt lat="30.62216" lon="104.1827">
        <time>2026-05-29T11:48:26Z</time>
      </trkpt>
      <trkpt lat="30.62214" lon="104.18277">
        <time>2026-05-29T11:48:27Z</time>
      </trkpt>
      <trkpt lat="30.622126" lon="104.18283">
        <time>2026-05-29T11:48:28Z</time>
      </trkpt>
      <trkpt lat="30.622108" lon="104.1829">
        <time>2026-05-29T11:48:29Z</time>
      </trkpt>
      <trkpt lat="30.622095" lon="104.18297">
        <time>2026-05-29T11:48:30Z</time>
      </trkpt>
      <trkpt lat="30.622076" lon="104.183044">
        <time>2026-05-29T11:48:31Z</time>
      </trkpt>
      <trkpt lat="30.622059" lon="104.18311">
        <time>2026-05-29T11:48:32Z</time>
      </trkpt>
      <trkpt lat="30.622038" lon="104.18319">
        <time>2026-05-29T11:48:33Z</time>
      </trkpt>
      <trkpt lat="30.62202" lon="104.183266">
        <time>2026-05-29T11:48:34Z</time>
      </trkpt>
      <trkpt lat="30.622004" lon="104.18334">
        <time>2026-05-29T11:48:35Z</time>
      </trkpt>
      <trkpt lat="30.621984" lon="104.18342">
        <time>2026-05-29T11:48:36Z</time>
      </trkpt>
      <trkpt lat="30.621965" lon="104.183495">
        <time>2026-05-29T11:48:37Z</time>
      </trkpt>
      <trkpt lat="30.621943" lon="104.18357">
        <time>2026-05-29T11:48:38Z</time>
      </trkpt>
      <trkpt lat="30.621923" lon="104.18365">
        <time>2026-05-29T11:48:39Z</time>
      </trkpt>
      <trkpt lat="30.621902" lon="104.18373">
        <time>2026-05-29T11:48:40Z</time>
      </trkpt>
      <trkpt lat="30.621883" lon="104.18381">
        <time>2026-05-29T11:48:41Z</time>
      </trkpt>
      <trkpt lat="30.621862" lon="104.18388">
        <time>2026-05-29T11:48:42Z</time>
      </trkpt>
      <trkpt lat="30.621843" lon="104.18396">
        <time>2026-05-29T11:48:43Z</time>
      </trkpt>
      <trkpt lat="30.621824" lon="104.184044">
        <time>2026-05-29T11:48:44Z</time>
      </trkpt>
      <trkpt lat="30.621801" lon="104.18412">
        <time>2026-05-29T11:48:45Z</time>
      </trkpt>
      <trkpt lat="30.621782" lon="104.184204">
        <time>2026-05-29T11:48:46Z</time>
      </trkpt>
      <trkpt lat="30.62176" lon="104.18428">
        <time>2026-05-29T11:48:47Z</time>
      </trkpt>
      <trkpt lat="30.621742" lon="104.18436">
        <time>2026-05-29T11:48:48Z</time>
      </trkpt>
      <trkpt lat="30.621723" lon="104.18444">
        <time>2026-05-29T11:48:49Z</time>
      </trkpt>
      <trkpt lat="30.621704" lon="104.184525">
        <time>2026-05-29T11:48:50Z</time>
      </trkpt>
      <trkpt lat="30.621681" lon="104.1846">
        <time>2026-05-29T11:48:51Z</time>
      </trkpt>
      <trkpt lat="30.62166" lon="104.184685">
        <time>2026-05-29T11:48:52Z</time>
      </trkpt>
      <trkpt lat="30.62164" lon="104.18477">
        <time>2026-05-29T11:48:53Z</time>
      </trkpt>
      <trkpt lat="30.621618" lon="104.184845">
        <time>2026-05-29T11:48:54Z</time>
      </trkpt>
      <trkpt lat="30.6216" lon="104.18493">
        <time>2026-05-29T11:48:55Z</time>
      </trkpt>
      <trkpt lat="30.62158" lon="104.18501">
        <time>2026-05-29T11:48:56Z</time>
      </trkpt>
      <trkpt lat="30.621561" lon="104.18509">
        <time>2026-05-29T11:48:57Z</time>
      </trkpt>
      <trkpt lat="30.621544" lon="104.18517">
        <time>2026-05-29T11:48:58Z</time>
      </trkpt>
      <trkpt lat="30.621525" lon="104.18525">
        <time>2026-05-29T11:48:59Z</time>
      </trkpt>
      <trkpt lat="30.621511" lon="104.18533">
        <time>2026-05-29T11:49:00Z</time>
      </trkpt>
      <trkpt lat="30.621496" lon="104.18542">
        <time>2026-05-29T11:49:01Z</time>
      </trkpt>
      <trkpt lat="30.62148" lon="104.1855">
        <time>2026-05-29T11:49:02Z</time>
      </trkpt>
      <trkpt lat="30.621466" lon="104.18558">
        <time>2026-05-29T11:49:03Z</time>
      </trkpt>
      <trkpt lat="30.621447" lon="104.18566">
        <time>2026-05-29T11:49:04Z</time>
      </trkpt>
      <trkpt lat="30.62143" lon="104.185745">
        <time>2026-05-29T11:49:05Z</time>
      </trkpt>
      <trkpt lat="30.621414" lon="104.18583">
        <time>2026-05-29T11:49:06Z</time>
      </trkpt>
      <trkpt lat="30.621395" lon="104.185905">
        <time>2026-05-29T11:49:07Z</time>
      </trkpt>
      <trkpt lat="30.62138" lon="104.18599">
        <time>2026-05-29T11:49:08Z</time>
      </trkpt>
      <trkpt lat="30.621374" lon="104.186066">
        <time>2026-05-29T11:49:09Z</time>
      </trkpt>
      <trkpt lat="30.621376" lon="104.18615">
        <time>2026-05-29T11:49:10Z</time>
      </trkpt>
      <trkpt lat="30.621374" lon="104.18623">
        <time>2026-05-29T11:49:11Z</time>
      </trkpt>
      <trkpt lat="30.621359" lon="104.18632">
        <time>2026-05-29T11:49:12Z</time>
      </trkpt>
      <trkpt lat="30.621342" lon="104.1864">
        <time>2026-05-29T11:49:13Z</time>
      </trkpt>
      <trkpt lat="30.621326" lon="104.18649">
        <time>2026-05-29T11:49:14Z</time>
      </trkpt>
      <trkpt lat="30.621311" lon="104.18658">
        <time>2026-05-29T11:49:15Z</time>
      </trkpt>
      <trkpt lat="30.621296" lon="104.18666">
        <time>2026-05-29T11:49:16Z</time>
      </trkpt>
      <trkpt lat="30.621283" lon="104.186745">
        <time>2026-05-29T11:49:17Z</time>
      </trkpt>
      <trkpt lat="30.62127" lon="104.18683">
        <time>2026-05-29T11:49:18Z</time>
      </trkpt>
      <trkpt lat="30.621252" lon="104.18692">
        <time>2026-05-29T11:49:19Z</time>
      </trkpt>
      <trkpt lat="30.621239" lon="104.187004">
        <time>2026-05-29T11:49:20Z</time>
      </trkpt>
      <trkpt lat="30.621223" lon="104.18709">
        <time>2026-05-29T11:49:21Z</time>
      </trkpt>
      <trkpt lat="30.621206" lon="104.18718">
        <time>2026-05-29T11:49:22Z</time>
      </trkpt>
      <trkpt lat="30.621191" lon="104.18726">
        <time>2026-05-29T11:49:23Z</time>
      </trkpt>
      <trkpt lat="30.621178" lon="104.187355">
        <time>2026-05-29T11:49:24Z</time>
      </trkpt>
      <trkpt lat="30.621164" lon="104.18744">
        <time>2026-05-29T11:49:25Z</time>
      </trkpt>
      <trkpt lat="30.621151" lon="104.18752">
        <time>2026-05-29T11:49:26Z</time>
      </trkpt>
      <trkpt lat="30.621136" lon="104.187614">
        <time>2026-05-29T11:49:27Z</time>
      </trkpt>
      <trkpt lat="30.621119" lon="104.1877">
        <time>2026-05-29T11:49:28Z</time>
      </trkpt>
      <trkpt lat="30.621103" lon="104.18778">
        <time>2026-05-29T11:49:29Z</time>
      </trkpt>
      <trkpt lat="30.621084" lon="104.18787">
        <time>2026-05-29T11:49:30Z</time>
      </trkpt>
      <trkpt lat="30.621069" lon="104.18795">
        <time>2026-05-29T11:49:31Z</time>
      </trkpt>
      <trkpt lat="30.621058" lon="104.18804">
        <time>2026-05-29T11:49:32Z</time>
      </trkpt>
      <trkpt lat="30.621054" lon="104.188126">
        <time>2026-05-29T11:49:33Z</time>
      </trkpt>
      <trkpt lat="30.621056" lon="104.18822">
        <time>2026-05-29T11:49:34Z</time>
      </trkpt>
      <trkpt lat="30.62106" lon="104.18831">
        <time>2026-05-29T11:49:35Z</time>
      </trkpt>
      <trkpt lat="30.621054" lon="104.18839">
        <time>2026-05-29T11:49:36Z</time>
      </trkpt>
      <trkpt lat="30.621042" lon="104.188484">
        <time>2026-05-29T11:49:37Z</time>
      </trkpt>
      <trkpt lat="30.62103" lon="104.18857">
        <time>2026-05-29T11:49:38Z</time>
      </trkpt>
      <trkpt lat="30.621016" lon="104.18866">
        <time>2026-05-29T11:49:39Z</time>
      </trkpt>
      <trkpt lat="30.621002" lon="104.18874">
        <time>2026-05-29T11:49:40Z</time>
      </trkpt>
      <trkpt lat="30.620985" lon="104.18882">
        <time>2026-05-29T11:49:41Z</time>
      </trkpt>
      <trkpt lat="30.62097" lon="104.1889">
        <time>2026-05-29T11:49:42Z</time>
      </trkpt>
      <trkpt lat="30.620955" lon="104.18899">
        <time>2026-05-29T11:49:43Z</time>
      </trkpt>
      <trkpt lat="30.62094" lon="104.18907">
        <time>2026-05-29T11:49:44Z</time>
      </trkpt>
      <trkpt lat="30.620926" lon="104.18915">
        <time>2026-05-29T11:49:45Z</time>
      </trkpt>
      <trkpt lat="30.62091" lon="104.18923">
        <time>2026-05-29T11:49:46Z</time>
      </trkpt>
      <trkpt lat="30.620897" lon="104.18931">
        <time>2026-05-29T11:49:47Z</time>
      </trkpt>
      <trkpt lat="30.620882" lon="104.189384">
        <time>2026-05-29T11:49:48Z</time>
      </trkpt>
      <trkpt lat="30.620867" lon="104.18946">
        <time>2026-05-29T11:49:49Z</time>
      </trkpt>
      <trkpt lat="30.620853" lon="104.18954">
        <time>2026-05-29T11:49:50Z</time>
      </trkpt>
      <trkpt lat="30.620838" lon="104.189606">
        <time>2026-05-29T11:49:51Z</time>
      </trkpt>
      <trkpt lat="30.620825" lon="104.18968">
        <time>2026-05-29T11:49:52Z</time>
      </trkpt>
      <trkpt lat="30.62081" lon="104.18975">
        <time>2026-05-29T11:49:53Z</time>
      </trkpt>
      <trkpt lat="30.620796" lon="104.18982">
        <time>2026-05-29T11:49:54Z</time>
      </trkpt>
      <trkpt lat="30.62078" lon="104.18989">
        <time>2026-05-29T11:49:55Z</time>
      </trkpt>
      <trkpt lat="30.620768" lon="104.189964">
        <time>2026-05-29T11:49:56Z</time>
      </trkpt>
      <trkpt lat="30.620754" lon="104.19003">
        <time>2026-05-29T11:49:57Z</time>
      </trkpt>
      <trkpt lat="30.62074" lon="104.19011">
        <time>2026-05-29T11:49:58Z</time>
      </trkpt>
      <trkpt lat="30.620726" lon="104.19018">
        <time>2026-05-29T11:49:59Z</time>
      </trkpt>
      <trkpt lat="30.62071" lon="104.19026">
        <time>2026-05-29T11:50:00Z</time>
      </trkpt>
      <trkpt lat="30.620695" lon="104.19033">
        <time>2026-05-29T11:50:01Z</time>
      </trkpt>
      <trkpt lat="30.62068" lon="104.19041">
        <time>2026-05-29T11:50:02Z</time>
      </trkpt>
      <trkpt lat="30.62066" lon="104.19048">
        <time>2026-05-29T11:50:03Z</time>
      </trkpt>
      <trkpt lat="30.620647" lon="104.19056">
        <time>2026-05-29T11:50:04Z</time>
      </trkpt>
      <trkpt lat="30.620634" lon="104.190636">
        <time>2026-05-29T11:50:05Z</time>
      </trkpt>
      <trkpt lat="30.620619" lon="104.190704">
        <time>2026-05-29T11:50:06Z</time>
      </trkpt>
      <trkpt lat="30.620604" lon="104.19078">
        <time>2026-05-29T11:50:07Z</time>
      </trkpt>
      <trkpt lat="30.620588" lon="104.19086">
        <time>2026-05-29T11:50:08Z</time>
      </trkpt>
      <trkpt lat="30.620571" lon="104.190926">
        <time>2026-05-29T11:50:09Z</time>
      </trkpt>
      <trkpt lat="30.620556" lon="104.191">
        <time>2026-05-29T11:50:10Z</time>
      </trkpt>
      <trkpt lat="30.620543" lon="104.19108">
        <time>2026-05-29T11:50:11Z</time>
      </trkpt>
      <trkpt lat="30.62053" lon="104.19115">
        <time>2026-05-29T11:50:12Z</time>
      </trkpt>
      <trkpt lat="30.620516" lon="104.19122">
        <time>2026-05-29T11:50:13Z</time>
      </trkpt>
      <trkpt lat="30.6205" lon="104.191284">
        <time>2026-05-29T11:50:14Z</time>
      </trkpt>
      <trkpt lat="30.620485" lon="104.19135">
        <time>2026-05-29T11:50:15Z</time>
      </trkpt>
      <trkpt lat="30.620472" lon="104.19142">
        <time>2026-05-29T11:50:16Z</time>
      </trkpt>
      <trkpt lat="30.620457" lon="104.19149">
        <time>2026-05-29T11:50:17Z</time>
      </trkpt>
      <trkpt lat="30.620441" lon="104.19156">
        <time>2026-05-29T11:50:18Z</time>
      </trkpt>
      <trkpt lat="30.620426" lon="104.19163">
        <time>2026-05-29T11:50:19Z</time>
      </trkpt>
      <trkpt lat="30.620415" lon="104.1917">
        <time>2026-05-29T11:50:20Z</time>
      </trkpt>
      <trkpt lat="30.620401" lon="104.19177">
        <time>2026-05-29T11:50:21Z</time>
      </trkpt>
      <trkpt lat="30.620386" lon="104.19185">
        <time>2026-05-29T11:50:22Z</time>
      </trkpt>
      <trkpt lat="30.620373" lon="104.19191">
        <time>2026-05-29T11:50:23Z</time>
      </trkpt>
      <trkpt lat="30.620358" lon="104.191986">
        <time>2026-05-29T11:50:24Z</time>
      </trkpt>
      <trkpt lat="30.620346" lon="104.19206">
        <time>2026-05-29T11:50:25Z</time>
      </trkpt>
      <trkpt lat="30.620333" lon="104.19214">
        <time>2026-05-29T11:50:26Z</time>
      </trkpt>
      <trkpt lat="30.620317" lon="104.192215">
        <time>2026-05-29T11:50:27Z</time>
      </trkpt>
      <trkpt lat="30.620302" lon="104.19228">
        <time>2026-05-29T11:50:28Z</time>
      </trkpt>
      <trkpt lat="30.620283" lon="104.19235">
        <time>2026-05-29T11:50:29Z</time>
      </trkpt>
      <trkpt lat="30.620266" lon="104.19243">
        <time>2026-05-29T11:50:30Z</time>
      </trkpt>
      <trkpt lat="30.62025" lon="104.1925">
        <time>2026-05-29T11:50:31Z</time>
      </trkpt>
      <trkpt lat="30.620234" lon="104.19256">
        <time>2026-05-29T11:50:32Z</time>
      </trkpt>
      <trkpt lat="30.620214" lon="104.192635">
        <time>2026-05-29T11:50:33Z</time>
      </trkpt>
      <trkpt lat="30.6202" lon="104.1927">
        <time>2026-05-29T11:50:34Z</time>
      </trkpt>
      <trkpt lat="30.620186" lon="104.19277">
        <time>2026-05-29T11:50:35Z</time>
      </trkpt>
      <trkpt lat="30.620173" lon="104.19284">
        <time>2026-05-29T11:50:36Z</time>
      </trkpt>
      <trkpt lat="30.620157" lon="104.19291">
        <time>2026-05-29T11:50:37Z</time>
      </trkpt>
      <trkpt lat="30.62014" lon="104.19297">
        <time>2026-05-29T11:50:38Z</time>
      </trkpt>
      <trkpt lat="30.62012" lon="104.19304">
        <time>2026-05-29T11:50:39Z</time>
      </trkpt>
      <trkpt lat="30.620098" lon="104.193115">
        <time>2026-05-29T11:50:40Z</time>
      </trkpt>
      <trkpt lat="30.62008" lon="104.19318">
        <time>2026-05-29T11:50:41Z</time>
      </trkpt>
      <trkpt lat="30.620064" lon="104.193245">
        <time>2026-05-29T11:50:42Z</time>
      </trkpt>
      <trkpt lat="30.620047" lon="104.19331">
        <time>2026-05-29T11:50:43Z</time>
      </trkpt>
      <trkpt lat="30.620031" lon="104.19338">
        <time>2026-05-29T11:50:44Z</time>
      </trkpt>
      <trkpt lat="30.620014" lon="104.19345">
        <time>2026-05-29T11:50:45Z</time>
      </trkpt>
      <trkpt lat="30.619997" lon="104.19352">
        <time>2026-05-29T11:50:46Z</time>
      </trkpt>
      <trkpt lat="30.61998" lon="104.19359">
        <time>2026-05-29T11:50:47Z</time>
      </trkpt>
      <trkpt lat="30.619963" lon="104.19366">
        <time>2026-05-29T11:50:48Z</time>
      </trkpt>
      <trkpt lat="30.619946" lon="104.193726">
        <time>2026-05-29T11:50:49Z</time>
      </trkpt>
      <trkpt lat="30.619926" lon="104.1938">
        <time>2026-05-29T11:50:50Z</time>
      </trkpt>
      <trkpt lat="30.61991" lon="104.19387">
        <time>2026-05-29T11:50:51Z</time>
      </trkpt>
      <trkpt lat="30.619896" lon="104.19394">
        <time>2026-05-29T11:50:52Z</time>
      </trkpt>
      <trkpt lat="30.619877" lon="104.19401">
        <time>2026-05-29T11:50:53Z</time>
      </trkpt>
      <trkpt lat="30.619856" lon="104.194084">
        <time>2026-05-29T11:50:54Z</time>
      </trkpt>
      <trkpt lat="30.619843" lon="104.19415">
        <time>2026-05-29T11:50:55Z</time>
      </trkpt>
      <trkpt lat="30.619823" lon="104.19422">
        <time>2026-05-29T11:50:56Z</time>
      </trkpt>
      <trkpt lat="30.61981" lon="104.1943">
        <time>2026-05-29T11:50:57Z</time>
      </trkpt>
      <trkpt lat="30.619797" lon="104.19437">
        <time>2026-05-29T11:50:58Z</time>
      </trkpt>
      <trkpt lat="30.619785" lon="104.19443">
        <time>2026-05-29T11:50:59Z</time>
      </trkpt>
      <trkpt lat="30.619776" lon="104.1945">
        <time>2026-05-29T11:51:00Z</time>
      </trkpt>
      <trkpt lat="30.619766" lon="104.19457">
        <time>2026-05-29T11:51:01Z</time>
      </trkpt>
      <trkpt lat="30.619759" lon="104.19463">
        <time>2026-05-29T11:51:02Z</time>
      </trkpt>
      <trkpt lat="30.61975" lon="104.19471">
        <time>2026-05-29T11:51:03Z</time>
      </trkpt>
      <trkpt lat="30.619747" lon="104.19479">
        <time>2026-05-29T11:51:04Z</time>
      </trkpt>
      <trkpt lat="30.619747" lon="104.19488">
        <time>2026-05-29T11:51:05Z</time>
      </trkpt>
      <trkpt lat="30.61975" lon="104.19495">
        <time>2026-05-29T11:51:06Z</time>
      </trkpt>
      <trkpt lat="30.61975" lon="104.19502">
        <time>2026-05-29T11:51:07Z</time>
      </trkpt>
      <trkpt lat="30.61975" lon="104.1951">
        <time>2026-05-29T11:51:08Z</time>
      </trkpt>
      <trkpt lat="30.619747" lon="104.19518">
        <time>2026-05-29T11:51:09Z</time>
      </trkpt>
      <trkpt lat="30.619741" lon="104.19527">
        <time>2026-05-29T11:51:10Z</time>
      </trkpt>
      <trkpt lat="30.619747" lon="104.19536">
        <time>2026-05-29T11:51:11Z</time>
      </trkpt>
      <trkpt lat="30.619743" lon="104.19544">
        <time>2026-05-29T11:51:12Z</time>
      </trkpt>
      <trkpt lat="30.619736" lon="104.19552">
        <time>2026-05-29T11:51:13Z</time>
      </trkpt>
      <trkpt lat="30.619726" lon="104.195595">
        <time>2026-05-29T11:51:14Z</time>
      </trkpt>
      <trkpt lat="30.619715" lon="104.19566">
        <time>2026-05-29T11:51:15Z</time>
      </trkpt>
      <trkpt lat="30.619698" lon="104.19573">
        <time>2026-05-29T11:51:16Z</time>
      </trkpt>
      <trkpt lat="30.619684" lon="104.19579">
        <time>2026-05-29T11:51:17Z</time>
      </trkpt>
      <trkpt lat="30.619677" lon="104.195854">
        <time>2026-05-29T11:51:18Z</time>
      </trkpt>
      <trkpt lat="30.619678" lon="104.195915">
        <time>2026-05-29T11:51:19Z</time>
      </trkpt>
      <trkpt lat="30.619682" lon="104.19598">
        <time>2026-05-29T11:51:20Z</time>
      </trkpt>
      <trkpt lat="30.619682" lon="104.19604">
        <time>2026-05-29T11:51:21Z</time>
      </trkpt>
      <trkpt lat="30.619684" lon="104.1961">
        <time>2026-05-29T11:51:22Z</time>
      </trkpt>
      <trkpt lat="30.619677" lon="104.19615">
        <time>2026-05-29T11:51:23Z</time>
      </trkpt>
      <trkpt lat="30.619661" lon="104.19621">
        <time>2026-05-29T11:51:24Z</time>
      </trkpt>
      <trkpt lat="30.619646" lon="104.19627">
        <time>2026-05-29T11:51:25Z</time>
      </trkpt>
      <trkpt lat="30.619644" lon="104.19633">
        <time>2026-05-29T11:51:26Z</time>
      </trkpt>
      <trkpt lat="30.619633" lon="104.19639">
        <time>2026-05-29T11:51:27Z</time>
      </trkpt>
      <trkpt lat="30.61963" lon="104.19644">
        <time>2026-05-29T11:51:28Z</time>
      </trkpt>
      <trkpt lat="30.619629" lon="104.196495">
        <time>2026-05-29T11:51:29Z</time>
      </trkpt>
      <trkpt lat="30.619617" lon="104.19655">
        <time>2026-05-29T11:51:30Z</time>
      </trkpt>
      <trkpt lat="30.61959" lon="104.1966">
        <time>2026-05-29T11:51:31Z</time>
      </trkpt>
      <trkpt lat="30.61958" lon="104.19667">
        <time>2026-05-29T11:51:32Z</time>
      </trkpt>
      <trkpt lat="30.61957" lon="104.19673">
        <time>2026-05-29T11:51:33Z</time>
      </trkpt>
      <trkpt lat="30.619564" lon="104.196785">
        <time>2026-05-29T11:51:34Z</time>
      </trkpt>
      <trkpt lat="30.619556" lon="104.19685">
        <time>2026-05-29T11:51:35Z</time>
      </trkpt>
      <trkpt lat="30.619267" lon="104.19785">
        <time>2026-05-29T11:51:50Z</time>
      </trkpt>
      <trkpt lat="30.619228" lon="104.197945">
        <time>2026-05-29T11:51:51Z</time>
      </trkpt>
      <trkpt lat="30.6192" lon="104.19802">
        <time>2026-05-29T11:51:52Z</time>
      </trkpt>
      <trkpt lat="30.619171" lon="104.1981">
        <time>2026-05-29T11:51:53Z</time>
      </trkpt>
      <trkpt lat="30.619146" lon="104.198166">
        <time>2026-05-29T11:51:54Z</time>
      </trkpt>
      <trkpt lat="30.619112" lon="104.19824">
        <time>2026-05-29T11:51:55Z</time>
      </trkpt>
      <trkpt lat="30.619076" lon="104.198326">
        <time>2026-05-29T11:51:56Z</time>
      </trkpt>
      <trkpt lat="30.61904" lon="104.19841">
        <time>2026-05-29T11:51:57Z</time>
      </trkpt>
      <trkpt lat="30.619" lon="104.198524">
        <time>2026-05-29T11:51:58Z</time>
      </trkpt>
      <trkpt lat="30.618969" lon="104.198654">
        <time>2026-05-29T11:51:59Z</time>
      </trkpt>
      <trkpt lat="30.618942" lon="104.19878">
        <time>2026-05-29T11:52:00Z</time>
      </trkpt>
      <trkpt lat="30.618916" lon="104.19889">
        <time>2026-05-29T11:52:01Z</time>
      </trkpt>
      <trkpt lat="30.618889" lon="104.199">
        <time>2026-05-29T11:52:02Z</time>
      </trkpt>
      <trkpt lat="30.618864" lon="104.199104">
        <time>2026-05-29T11:52:03Z</time>
      </trkpt>
      <trkpt lat="30.618843" lon="104.199196">
        <time>2026-05-29T11:52:04Z</time>
      </trkpt>
      <trkpt lat="30.618824" lon="104.19929">
        <time>2026-05-29T11:52:05Z</time>
      </trkpt>
      <trkpt lat="30.618805" lon="104.19937">
        <time>2026-05-29T11:52:06Z</time>
      </trkpt>
      <trkpt lat="30.618786" lon="104.19947">
        <time>2026-05-29T11:52:07Z</time>
      </trkpt>
      <trkpt lat="30.618763" lon="104.19957">
        <time>2026-05-29T11:52:08Z</time>
      </trkpt>
      <trkpt lat="30.618746" lon="104.19966">
        <time>2026-05-29T11:52:09Z</time>
      </trkpt>
      <trkpt lat="30.618729" lon="104.199745">
        <time>2026-05-29T11:52:10Z</time>
      </trkpt>
      <trkpt lat="30.618711" lon="104.19982">
        <time>2026-05-29T11:52:11Z</time>
      </trkpt>
      <trkpt lat="30.618694" lon="104.199905">
        <time>2026-05-29T11:52:12Z</time>
      </trkpt>
      <trkpt lat="30.61868" lon="104.2">
        <time>2026-05-29T11:52:13Z</time>
      </trkpt>
      <trkpt lat="30.61867" lon="104.20008">
        <time>2026-05-29T11:52:14Z</time>
      </trkpt>
      <trkpt lat="30.618656" lon="104.20017">
        <time>2026-05-29T11:52:15Z</time>
      </trkpt>
      <trkpt lat="30.618645" lon="104.20027">
        <time>2026-05-29T11:52:16Z</time>
      </trkpt>
      <trkpt lat="30.61863" lon="104.20036">
        <time>2026-05-29T11:52:17Z</time>
      </trkpt>
      <trkpt lat="30.618616" lon="104.20045">
        <time>2026-05-29T11:52:18Z</time>
      </trkpt>
      <trkpt lat="30.618607" lon="104.20054">
        <time>2026-05-29T11:52:19Z</time>
      </trkpt>
      <trkpt lat="30.618593" lon="104.200615">
        <time>2026-05-29T11:52:20Z</time>
      </trkpt>
      <trkpt lat="30.618574" lon="104.2007">
        <time>2026-05-29T11:52:21Z</time>
      </trkpt>
      <trkpt lat="30.618553" lon="104.20078">
        <time>2026-05-29T11:52:22Z</time>
      </trkpt>
      <trkpt lat="30.618538" lon="104.200874">
        <time>2026-05-29T11:52:23Z</time>
      </trkpt>
      <trkpt lat="30.618523" lon="104.20097">
        <time>2026-05-29T11:52:24Z</time>
      </trkpt>
      <trkpt lat="30.618507" lon="104.20107">
        <time>2026-05-29T11:52:25Z</time>
      </trkpt>
      <trkpt lat="30.618494" lon="104.201164">
        <time>2026-05-29T11:52:26Z</time>
      </trkpt>
      <trkpt lat="30.618483" lon="104.20126">
        <time>2026-05-29T11:52:27Z</time>
      </trkpt>
      <trkpt lat="30.61847" lon="104.20136">
        <time>2026-05-29T11:52:28Z</time>
      </trkpt>
      <trkpt lat="30.618454" lon="104.201454">
        <time>2026-05-29T11:52:29Z</time>
      </trkpt>
      <trkpt lat="30.618443" lon="104.20155">
        <time>2026-05-29T11:52:30Z</time>
      </trkpt>
      <trkpt lat="30.618423" lon="104.20165">
        <time>2026-05-29T11:52:31Z</time>
      </trkpt>
      <trkpt lat="30.618406" lon="104.20176">
        <time>2026-05-29T11:52:32Z</time>
      </trkpt>
      <trkpt lat="30.618393" lon="104.201866">
        <time>2026-05-29T11:52:33Z</time>
      </trkpt>
      <trkpt lat="30.618382" lon="104.201965">
        <time>2026-05-29T11:52:34Z</time>
      </trkpt>
      <trkpt lat="30.618372" lon="104.202065">
        <time>2026-05-29T11:52:35Z</time>
      </trkpt>
      <trkpt lat="30.61836" lon="104.20216">
        <time>2026-05-29T11:52:36Z</time>
      </trkpt>
      <trkpt lat="30.61835" lon="104.202255">
        <time>2026-05-29T11:52:37Z</time>
      </trkpt>
      <trkpt lat="30.618336" lon="104.20235">
        <time>2026-05-29T11:52:38Z</time>
      </trkpt>
      <trkpt lat="30.618324" lon="104.202446">
        <time>2026-05-29T11:52:39Z</time>
      </trkpt>
      <trkpt lat="30.618315" lon="104.20256">
        <time>2026-05-29T11:52:40Z</time>
      </trkpt>
      <trkpt lat="30.618303" lon="104.20267">
        <time>2026-05-29T11:52:41Z</time>
      </trkpt>
      <trkpt lat="30.618288" lon="104.202774">
        <time>2026-05-29T11:52:42Z</time>
      </trkpt>
      <trkpt lat="30.618275" lon="104.20287">
        <time>2026-05-29T11:52:43Z</time>
      </trkpt>
      <trkpt lat="30.61826" lon="104.20298">
        <time>2026-05-29T11:52:44Z</time>
      </trkpt>
      <trkpt lat="30.618244" lon="104.20309">
        <time>2026-05-29T11:52:45Z</time>
      </trkpt>
      <trkpt lat="30.618223" lon="104.2032">
        <time>2026-05-29T11:52:46Z</time>
      </trkpt>
      <trkpt lat="30.618212" lon="104.20331">
        <time>2026-05-29T11:52:47Z</time>
      </trkpt>
      <trkpt lat="30.618198" lon="104.203415">
        <time>2026-05-29T11:52:48Z</time>
      </trkpt>
      <trkpt lat="30.618185" lon="104.20352">
        <time>2026-05-29T11:52:49Z</time>
      </trkpt>
      <trkpt lat="30.618176" lon="104.20364">
        <time>2026-05-29T11:52:50Z</time>
      </trkpt>
      <trkpt lat="30.618164" lon="104.20376">
        <time>2026-05-29T11:52:51Z</time>
      </trkpt>
      <trkpt lat="30.618156" lon="104.20387">
        <time>2026-05-29T11:52:52Z</time>
      </trkpt>
      <trkpt lat="30.618149" lon="104.20399">
        <time>2026-05-29T11:52:53Z</time>
      </trkpt>
      <trkpt lat="30.61814" lon="104.20409">
        <time>2026-05-29T11:52:54Z</time>
      </trkpt>
      <trkpt lat="30.618126" lon="104.204185">
        <time>2026-05-29T11:52:55Z</time>
      </trkpt>
      <trkpt lat="30.618113" lon="104.20429">
        <time>2026-05-29T11:52:56Z</time>
      </trkpt>
      <trkpt lat="30.618101" lon="104.20439">
        <time>2026-05-29T11:52:57Z</time>
      </trkpt>
      <trkpt lat="30.618093" lon="104.20448">
        <time>2026-05-29T11:52:58Z</time>
      </trkpt>
      <trkpt lat="30.618078" lon="104.20459">
        <time>2026-05-29T11:52:59Z</time>
      </trkpt>
      <trkpt lat="30.618057" lon="104.20469">
        <time>2026-05-29T11:53:00Z</time>
      </trkpt>
      <trkpt lat="30.61804" lon="104.20479">
        <time>2026-05-29T11:53:01Z</time>
      </trkpt>
      <trkpt lat="30.618027" lon="104.20489">
        <time>2026-05-29T11:53:02Z</time>
      </trkpt>
      <trkpt lat="30.618011" lon="104.20498">
        <time>2026-05-29T11:53:03Z</time>
      </trkpt>
      <trkpt lat="30.618002" lon="104.20507">
        <time>2026-05-29T11:53:04Z</time>
      </trkpt>
      <trkpt lat="30.617992" lon="104.20516">
        <time>2026-05-29T11:53:05Z</time>
      </trkpt>
      <trkpt lat="30.61798" lon="104.205246">
        <time>2026-05-29T11:53:06Z</time>
      </trkpt>
      <trkpt lat="30.617968" lon="104.20532">
        <time>2026-05-29T11:53:07Z</time>
      </trkpt>
      <trkpt lat="30.617956" lon="104.2054">
        <time>2026-05-29T11:53:08Z</time>
      </trkpt>
      <trkpt lat="30.61794" lon="104.205475">
        <time>2026-05-29T11:53:09Z</time>
      </trkpt>
      <trkpt lat="30.617926" lon="104.20556">
        <time>2026-05-29T11:53:10Z</time>
      </trkpt>
      <trkpt lat="30.617916" lon="104.205635">
        <time>2026-05-29T11:53:11Z</time>
      </trkpt>
      <trkpt lat="30.61791" lon="104.20572">
        <time>2026-05-29T11:53:12Z</time>
      </trkpt>
      <trkpt lat="30.617905" lon="104.2058">
        <time>2026-05-29T11:53:13Z</time>
      </trkpt>
      <trkpt lat="30.617895" lon="104.20587">
        <time>2026-05-29T11:53:14Z</time>
      </trkpt>
      <trkpt lat="30.617882" lon="104.205956">
        <time>2026-05-29T11:53:15Z</time>
      </trkpt>
      <trkpt lat="30.617868" lon="104.20603">
        <time>2026-05-29T11:53:16Z</time>
      </trkpt>
      <trkpt lat="30.617857" lon="104.20611">
        <time>2026-05-29T11:53:17Z</time>
      </trkpt>
      <trkpt lat="30.617847" lon="104.20618">
        <time>2026-05-29T11:53:18Z</time>
      </trkpt>
      <trkpt lat="30.61784" lon="104.206245">
        <time>2026-05-29T11:53:19Z</time>
      </trkpt>
      <trkpt lat="30.617832" lon="104.206314">
        <time>2026-05-29T11:53:20Z</time>
      </trkpt>
      <trkpt lat="30.617817" lon="104.20638">
        <time>2026-05-29T11:53:21Z</time>
      </trkpt>
      <trkpt lat="30.617805" lon="104.20645">
        <time>2026-05-29T11:53:22Z</time>
      </trkpt>
      <trkpt lat="30.617796" lon="104.20652">
        <time>2026-05-29T11:53:23Z</time>
      </trkpt>
      <trkpt lat="30.61779" lon="104.2066">
        <time>2026-05-29T11:53:24Z</time>
      </trkpt>
      <trkpt lat="30.617783" lon="104.20668">
        <time>2026-05-29T11:53:25Z</time>
      </trkpt>
      <trkpt lat="30.617767" lon="104.206764">
        <time>2026-05-29T11:53:26Z</time>
      </trkpt>
      <trkpt lat="30.617752" lon="104.20683">
        <time>2026-05-29T11:53:27Z</time>
      </trkpt>
      <trkpt lat="30.617737" lon="104.20691">
        <time>2026-05-29T11:53:28Z</time>
      </trkpt>
      <trkpt lat="30.617727" lon="104.20698">
        <time>2026-05-29T11:53:29Z</time>
      </trkpt>
      <trkpt lat="30.617716" lon="104.20705">
        <time>2026-05-29T11:53:30Z</time>
      </trkpt>
      <trkpt lat="30.617706" lon="104.20712">
        <time>2026-05-29T11:53:31Z</time>
      </trkpt>
      <trkpt lat="30.617695" lon="104.20719">
        <time>2026-05-29T11:53:32Z</time>
      </trkpt>
      <trkpt lat="30.617685" lon="104.20726">
        <time>2026-05-29T11:53:33Z</time>
      </trkpt>
      <trkpt lat="30.617674" lon="104.20733">
        <time>2026-05-29T11:53:34Z</time>
      </trkpt>
      <trkpt lat="30.617662" lon="104.2074">
        <time>2026-05-29T11:53:35Z</time>
      </trkpt>
      <trkpt lat="30.61766" lon="104.207466">
        <time>2026-05-29T11:53:36Z</time>
      </trkpt>
      <trkpt lat="30.617655" lon="104.207535">
        <time>2026-05-29T11:53:37Z</time>
      </trkpt>
      <trkpt lat="30.617647" lon="104.207596">
        <time>2026-05-29T11:53:38Z</time>
      </trkpt>
      <trkpt lat="30.617636" lon="104.20766">
        <time>2026-05-29T11:53:39Z</time>
      </trkpt>
      <trkpt lat="30.617626" lon="104.20772">
        <time>2026-05-29T11:53:40Z</time>
      </trkpt>
      <trkpt lat="30.617613" lon="104.20779">
        <time>2026-05-29T11:53:41Z</time>
      </trkpt>
      <trkpt lat="30.6176" lon="104.20785">
        <time>2026-05-29T11:53:42Z</time>
      </trkpt>
      <trkpt lat="30.61759" lon="104.20789">
        <time>2026-05-29T11:53:43Z</time>
      </trkpt>
      <trkpt lat="30.617582" lon="104.20795">
        <time>2026-05-29T11:53:44Z</time>
      </trkpt>
      <trkpt lat="30.61757" lon="104.20799">
        <time>2026-05-29T11:53:45Z</time>
      </trkpt>
      <trkpt lat="30.617565" lon="104.20805">
        <time>2026-05-29T11:53:46Z</time>
      </trkpt>
      <trkpt lat="30.617558" lon="104.20813">
        <time>2026-05-29T11:53:47Z</time>
      </trkpt>
      <trkpt lat="30.617546" lon="104.208206">
        <time>2026-05-29T11:53:48Z</time>
      </trkpt>
      <trkpt lat="30.617537" lon="104.20828">
        <time>2026-05-29T11:53:49Z</time>
      </trkpt>
      <trkpt lat="30.617523" lon="104.20834">
        <time>2026-05-29T11:53:50Z</time>
      </trkpt>
      <trkpt lat="30.617512" lon="104.208405">
        <time>2026-05-29T11:53:51Z</time>
      </trkpt>
      <trkpt lat="30.617495" lon="104.20846">
        <time>2026-05-29T11:53:52Z</time>
      </trkpt>
      <trkpt lat="30.617483" lon="104.20851">
        <time>2026-05-29T11:53:53Z</time>
      </trkpt>
      <trkpt lat="30.617468" lon="104.20858">
        <time>2026-05-29T11:53:54Z</time>
      </trkpt>
      <trkpt lat="30.61745" lon="104.208664">
        <time>2026-05-29T11:53:55Z</time>
      </trkpt>
      <trkpt lat="30.617437" lon="104.20875">
        <time>2026-05-29T11:53:56Z</time>
      </trkpt>
      <trkpt lat="30.617424" lon="104.20883">
        <time>2026-05-29T11:53:57Z</time>
      </trkpt>
      <trkpt lat="30.617405" lon="104.2089">
        <time>2026-05-29T11:53:58Z</time>
      </trkpt>
      <trkpt lat="30.61739" lon="104.20897">
        <time>2026-05-29T11:53:59Z</time>
      </trkpt>
      <trkpt lat="30.617373" lon="104.20904">
        <time>2026-05-29T11:54:00Z</time>
      </trkpt>
      <trkpt lat="30.61736" lon="104.20911">
        <time>2026-05-29T11:54:01Z</time>
      </trkpt>
      <trkpt lat="30.617346" lon="104.20919">
        <time>2026-05-29T11:54:02Z</time>
      </trkpt>
      <trkpt lat="30.617329" lon="104.20927">
        <time>2026-05-29T11:54:03Z</time>
      </trkpt>
      <trkpt lat="30.617315" lon="104.20934">
        <time>2026-05-29T11:54:04Z</time>
      </trkpt>
      <trkpt lat="30.617306" lon="104.20942">
        <time>2026-05-29T11:54:05Z</time>
      </trkpt>
      <trkpt lat="30.617287" lon="104.20948">
        <time>2026-05-29T11:54:06Z</time>
      </trkpt>
      <trkpt lat="30.61727" lon="104.20956">
        <time>2026-05-29T11:54:07Z</time>
      </trkpt>
      <trkpt lat="30.617252" lon="104.209625">
        <time>2026-05-29T11:54:08Z</time>
      </trkpt>
      <trkpt lat="30.617237" lon="104.209694">
        <time>2026-05-29T11:54:09Z</time>
      </trkpt>
      <trkpt lat="30.61722" lon="104.20976">
        <time>2026-05-29T11:54:10Z</time>
      </trkpt>
      <trkpt lat="30.617203" lon="104.20983">
        <time>2026-05-29T11:54:11Z</time>
      </trkpt>
      <trkpt lat="30.617188" lon="104.20991">
        <time>2026-05-29T11:54:12Z</time>
      </trkpt>
      <trkpt lat="30.617172" lon="104.209984">
        <time>2026-05-29T11:54:13Z</time>
      </trkpt>
      <trkpt lat="30.617153" lon="104.21005">
        <time>2026-05-29T11:54:14Z</time>
      </trkpt>
      <trkpt lat="30.617134" lon="104.21012">
        <time>2026-05-29T11:54:15Z</time>
      </trkpt>
      <trkpt lat="30.617115" lon="104.21019">
        <time>2026-05-29T11:54:16Z</time>
      </trkpt>
      <trkpt lat="30.617102" lon="104.21024">
        <time>2026-05-29T11:54:17Z</time>
      </trkpt>
      <trkpt lat="30.617085" lon="104.21031">
        <time>2026-05-29T11:54:18Z</time>
      </trkpt>
      <trkpt lat="30.617067" lon="104.21037">
        <time>2026-05-29T11:54:19Z</time>
      </trkpt>
      <trkpt lat="30.617052" lon="104.21044">
        <time>2026-05-29T11:54:20Z</time>
      </trkpt>
      <trkpt lat="30.617035" lon="104.21051">
        <time>2026-05-29T11:54:21Z</time>
      </trkpt>
      <trkpt lat="30.617016" lon="104.21057">
        <time>2026-05-29T11:54:22Z</time>
      </trkpt>
      <trkpt lat="30.617002" lon="104.21063">
        <time>2026-05-29T11:54:23Z</time>
      </trkpt>
      <trkpt lat="30.616985" lon="104.21069">
        <time>2026-05-29T11:54:24Z</time>
      </trkpt>
      <trkpt lat="30.61697" lon="104.21075">
        <time>2026-05-29T11:54:25Z</time>
      </trkpt>
      <trkpt lat="30.616957" lon="104.2108">
        <time>2026-05-29T11:54:26Z</time>
      </trkpt>
      <trkpt lat="30.616943" lon="104.21086">
        <time>2026-05-29T11:54:27Z</time>
      </trkpt>
      <trkpt lat="30.616934" lon="104.21091">
        <time>2026-05-29T11:54:28Z</time>
      </trkpt>
      <trkpt lat="30.616924" lon="104.21096">
        <time>2026-05-29T11:54:29Z</time>
      </trkpt>
      <trkpt lat="30.61691" lon="104.21101">
        <time>2026-05-29T11:54:30Z</time>
      </trkpt>
      <trkpt lat="30.6169" lon="104.21107">
        <time>2026-05-29T11:54:31Z</time>
      </trkpt>
      <trkpt lat="30.616884" lon="104.21112">
        <time>2026-05-29T11:54:32Z</time>
      </trkpt>
      <trkpt lat="30.61687" lon="104.21116">
        <time>2026-05-29T11:54:33Z</time>
      </trkpt>
      <trkpt lat="30.616856" lon="104.21121">
        <time>2026-05-29T11:54:34Z</time>
      </trkpt>
      <trkpt lat="30.616848" lon="104.21125">
        <time>2026-05-29T11:54:35Z</time>
      </trkpt>
      <trkpt lat="30.616842" lon="104.21129">
        <time>2026-05-29T11:54:36Z</time>
      </trkpt>
      <trkpt lat="30.616833" lon="104.21133">
        <time>2026-05-29T11:54:37Z</time>
      </trkpt>
      <trkpt lat="30.616821" lon="104.21137">
        <time>2026-05-29T11:54:38Z</time>
      </trkpt>
      <trkpt lat="30.616804" lon="104.211426">
        <time>2026-05-29T11:54:39Z</time>
      </trkpt>
      <trkpt lat="30.616787" lon="104.21147">
        <time>2026-05-29T11:54:40Z</time>
      </trkpt>
      <trkpt lat="30.616774" lon="104.21151">
        <time>2026-05-29T11:54:41Z</time>
      </trkpt>
      <trkpt lat="30.61676" lon="104.21154">
        <time>2026-05-29T11:54:42Z</time>
      </trkpt>
      <trkpt lat="30.61675" lon="104.211555">
        <time>2026-05-29T11:54:43Z</time>
      </trkpt>
      <trkpt lat="30.616741" lon="104.21156">
        <time>2026-05-29T11:54:44Z</time>
      </trkpt>
      <trkpt lat="30.61674" lon="104.21156">
        <time>2026-05-29T11:54:45Z</time>
      </trkpt>
      <trkpt lat="30.616732" lon="104.211586">
        <time>2026-05-29T11:54:46Z</time>
      </trkpt>
      <trkpt lat="30.616724" lon="104.21161">
        <time>2026-05-29T11:54:47Z</time>
      </trkpt>
      <trkpt lat="30.616718" lon="104.21163">
        <time>2026-05-29T11:54:48Z</time>
      </trkpt>
      <trkpt lat="30.616705" lon="104.21168">
        <time>2026-05-29T11:54:49Z</time>
      </trkpt>
      <trkpt lat="30.616686" lon="104.21172">
        <time>2026-05-29T11:54:50Z</time>
      </trkpt>
      <trkpt lat="30.61667" lon="104.21176">
        <time>2026-05-29T11:54:51Z</time>
      </trkpt>
      <trkpt lat="30.616653" lon="104.211815">
        <time>2026-05-29T11:54:52Z</time>
      </trkpt>
      <trkpt lat="30.61664" lon="104.21185">
        <time>2026-05-29T11:54:53Z</time>
      </trkpt>
      <trkpt lat="30.61662" lon="104.2119">
        <time>2026-05-29T11:54:54Z</time>
      </trkpt>
      <trkpt lat="30.616596" lon="104.211945">
        <time>2026-05-29T11:54:55Z</time>
      </trkpt>
      <trkpt lat="30.616573" lon="104.21208">
        <time>2026-05-29T11:54:56Z</time>
      </trkpt>
      <trkpt lat="30.616554" lon="104.21213">
        <time>2026-05-29T11:54:57Z</time>
      </trkpt>
      <trkpt lat="30.616535" lon="104.21217">
        <time>2026-05-29T11:54:58Z</time>
      </trkpt>
      <trkpt lat="30.616518" lon="104.21221">
        <time>2026-05-29T11:54:59Z</time>
      </trkpt>
      <trkpt lat="30.616497" lon="104.212265">
        <time>2026-05-29T11:55:00Z</time>
      </trkpt>
      <trkpt lat="30.616478" lon="104.212326">
        <time>2026-05-29T11:55:01Z</time>
      </trkpt>
      <trkpt lat="30.61646" lon="104.21239">
        <time>2026-05-29T11:55:02Z</time>
      </trkpt>
      <trkpt lat="30.616442" lon="104.21245">
        <time>2026-05-29T11:55:03Z</time>
      </trkpt>
      <trkpt lat="30.616428" lon="104.21252">
        <time>2026-05-29T11:55:04Z</time>
      </trkpt>
      <trkpt lat="30.61641" lon="104.21258">
        <time>2026-05-29T11:55:05Z</time>
      </trkpt>
      <trkpt lat="30.616394" lon="104.21263">
        <time>2026-05-29T11:55:06Z</time>
      </trkpt>
      <trkpt lat="30.616377" lon="104.212685">
        <time>2026-05-29T11:55:07Z</time>
      </trkpt>
      <trkpt lat="30.61637" lon="104.21272">
        <time>2026-05-29T11:55:08Z</time>
      </trkpt>
      <trkpt lat="30.616358" lon="104.21277">
        <time>2026-05-29T11:55:09Z</time>
      </trkpt>
      <trkpt lat="30.616348" lon="104.212814">
        <time>2026-05-29T11:55:10Z</time>
      </trkpt>
      <trkpt lat="30.616337" lon="104.21286">
        <time>2026-05-29T11:55:11Z</time>
      </trkpt>
      <trkpt lat="30.616316" lon="104.21292">
        <time>2026-05-29T11:55:12Z</time>
      </trkpt>
      <trkpt lat="30.616295" lon="104.212975">
        <time>2026-05-29T11:55:13Z</time>
      </trkpt>
      <trkpt lat="30.61627" lon="104.213036">
        <time>2026-05-29T11:55:14Z</time>
      </trkpt>
      <trkpt lat="30.61625" lon="104.21309">
        <time>2026-05-29T11:55:15Z</time>
      </trkpt>
      <trkpt lat="30.616226" lon="104.21314">
        <time>2026-05-29T11:55:16Z</time>
      </trkpt>
      <trkpt lat="30.61621" lon="104.21319">
        <time>2026-05-29T11:55:17Z</time>
      </trkpt>
      <trkpt lat="30.616194" lon="104.213234">
        <time>2026-05-29T11:55:18Z</time>
      </trkpt>
      <trkpt lat="30.61618" lon="104.21328">
        <time>2026-05-29T11:55:19Z</time>
      </trkpt>
      <trkpt lat="30.616156" lon="104.21334">
        <time>2026-05-29T11:55:20Z</time>
      </trkpt>
      <trkpt lat="30.61613" lon="104.21341">
        <time>2026-05-29T11:55:21Z</time>
      </trkpt>
      <trkpt lat="30.616114" lon="104.21347">
        <time>2026-05-29T11:55:22Z</time>
      </trkpt>
      <trkpt lat="30.616093" lon="104.21353">
        <time>2026-05-29T11:55:23Z</time>
      </trkpt>
      <trkpt lat="30.616074" lon="104.21359">
        <time>2026-05-29T11:55:24Z</time>
      </trkpt>
      <trkpt lat="30.616055" lon="104.213646">
        <time>2026-05-29T11:55:25Z</time>
      </trkpt>
      <trkpt lat="30.616034" lon="104.21371">
        <time>2026-05-29T11:55:26Z</time>
      </trkpt>
      <trkpt lat="30.616013" lon="104.21376">
        <time>2026-05-29T11:55:27Z</time>
      </trkpt>
      <trkpt lat="30.615992" lon="104.213806">
        <time>2026-05-29T11:55:28Z</time>
      </trkpt>
      <trkpt lat="30.615974" lon="104.21386">
        <time>2026-05-29T11:55:29Z</time>
      </trkpt>
      <trkpt lat="30.615967" lon="104.213905">
        <time>2026-05-29T11:55:30Z</time>
      </trkpt>
      <trkpt lat="30.61595" lon="104.21394">
        <time>2026-05-29T11:55:31Z</time>
      </trkpt>
      <trkpt lat="30.615932" lon="104.214">
        <time>2026-05-29T11:55:32Z</time>
      </trkpt>
      <trkpt lat="30.615906" lon="104.21405">
        <time>2026-05-29T11:55:33Z</time>
      </trkpt>
      <trkpt lat="30.615875" lon="104.2141">
        <time>2026-05-29T11:55:34Z</time>
      </trkpt>
      <trkpt lat="30.615847" lon="104.21416">
        <time>2026-05-29T11:55:35Z</time>
      </trkpt>
      <trkpt lat="30.61582" lon="104.21421">
        <time>2026-05-29T11:55:36Z</time>
      </trkpt>
      <trkpt lat="30.615797" lon="104.21426">
        <time>2026-05-29T11:55:37Z</time>
      </trkpt>
      <trkpt lat="30.615776" lon="104.21432">
        <time>2026-05-29T11:55:38Z</time>
      </trkpt>
      <trkpt lat="30.615744" lon="104.21438">
        <time>2026-05-29T11:55:39Z</time>
      </trkpt>
      <trkpt lat="30.615715" lon="104.21444">
        <time>2026-05-29T11:55:40Z</time>
      </trkpt>
      <trkpt lat="30.61569" lon="104.214485">
        <time>2026-05-29T11:55:41Z</time>
      </trkpt>
      <trkpt lat="30.615673" lon="104.21452">
        <time>2026-05-29T11:55:42Z</time>
      </trkpt>
      <trkpt lat="30.615652" lon="104.214554">
        <time>2026-05-29T11:55:43Z</time>
      </trkpt>
      <trkpt lat="30.615637" lon="104.21458">
        <time>2026-05-29T11:55:44Z</time>
      </trkpt>
      <trkpt lat="30.615637" lon="104.21458">
        <time>2026-05-29T11:55:45Z</time>
      </trkpt>
      <trkpt lat="30.615637" lon="104.21458">
        <time>2026-05-29T11:55:46Z</time>
      </trkpt>
      <trkpt lat="30.615637" lon="104.21458">
        <time>2026-05-29T11:55:47Z</time>
      </trkpt>
      <trkpt lat="30.615637" lon="104.21458">
        <time>2026-05-29T11:55:48Z</time>
      </trkpt>
      <trkpt lat="30.615637" lon="104.21458">
        <time>2026-05-29T11:55:49Z</time>
      </trkpt>
      <trkpt lat="30.615637" lon="104.21458">
        <time>2026-05-29T11:55:50Z</time>
      </trkpt>
      <trkpt lat="30.615637" lon="104.21458">
        <time>2026-05-29T11:55:51Z</time>
      </trkpt>
      <trkpt lat="30.615587" lon="104.2146">
        <time>2026-05-29T11:55:52Z</time>
      </trkpt>
      <trkpt lat="30.615562" lon="104.21461">
        <time>2026-05-29T11:55:53Z</time>
      </trkpt>
      <trkpt lat="30.61554" lon="104.214615">
        <time>2026-05-29T11:55:54Z</time>
      </trkpt>
      <trkpt lat="30.615507" lon="104.21464">
        <time>2026-05-29T11:55:55Z</time>
      </trkpt>
      <trkpt lat="30.61547" lon="104.21466">
        <time>2026-05-29T11:55:56Z</time>
      </trkpt>
      <trkpt lat="30.615452" lon="104.21469">
        <time>2026-05-29T11:55:57Z</time>
      </trkpt>
      <trkpt lat="30.615435" lon="104.21474">
        <time>2026-05-29T11:55:58Z</time>
      </trkpt>
      <trkpt lat="30.615417" lon="104.21478">
        <time>2026-05-29T11:55:59Z</time>
      </trkpt>
      <trkpt lat="30.615393" lon="104.214836">
        <time>2026-05-29T11:56:00Z</time>
      </trkpt>
      <trkpt lat="30.615372" lon="104.21489">
        <time>2026-05-29T11:56:01Z</time>
      </trkpt>
      <trkpt lat="30.61535" lon="104.21494">
        <time>2026-05-29T11:56:02Z</time>
      </trkpt>
      <trkpt lat="30.615326" lon="104.215004">
        <time>2026-05-29T11:56:03Z</time>
      </trkpt>
      <trkpt lat="30.615305" lon="104.21507">
        <time>2026-05-29T11:56:04Z</time>
      </trkpt>
      <trkpt lat="30.61528" lon="104.21514">
        <time>2026-05-29T11:56:05Z</time>
      </trkpt>
      <trkpt lat="30.61526" lon="104.21521">
        <time>2026-05-29T11:56:06Z</time>
      </trkpt>
      <trkpt lat="30.615234" lon="104.21528">
        <time>2026-05-29T11:56:07Z</time>
      </trkpt>
      <trkpt lat="30.615211" lon="104.21534">
        <time>2026-05-29T11:56:08Z</time>
      </trkpt>
      <trkpt lat="30.61519" lon="104.215416">
        <time>2026-05-29T11:56:09Z</time>
      </trkpt>
      <trkpt lat="30.615168" lon="104.215485">
        <time>2026-05-29T11:56:10Z</time>
      </trkpt>
      <trkpt lat="30.615143" lon="104.21556">
        <time>2026-05-29T11:56:11Z</time>
      </trkpt>
      <trkpt lat="30.615122" lon="104.21563">
        <time>2026-05-29T11:56:12Z</time>
      </trkpt>
      <trkpt lat="30.615099" lon="104.215706">
        <time>2026-05-29T11:56:13Z</time>
      </trkpt>
      <trkpt lat="30.615076" lon="104.21578">
        <time>2026-05-29T11:56:14Z</time>
      </trkpt>
      <trkpt lat="30.615053" lon="104.215866">
        <time>2026-05-29T11:56:15Z</time>
      </trkpt>
      <trkpt lat="30.61503" lon="104.21594">
        <time>2026-05-29T11:56:16Z</time>
      </trkpt>
      <trkpt lat="30.615004" lon="104.21603">
        <time>2026-05-29T11:56:17Z</time>
      </trkpt>
      <trkpt lat="30.614979" lon="104.2161">
        <time>2026-05-29T11:56:18Z</time>
      </trkpt>
      <trkpt lat="30.614952" lon="104.21619">
        <time>2026-05-29T11:56:19Z</time>
      </trkpt>
      <trkpt lat="30.614925" lon="104.21627">
        <time>2026-05-29T11:56:20Z</time>
      </trkpt>
      <trkpt lat="30.6149" lon="104.21635">
        <time>2026-05-29T11:56:21Z</time>
      </trkpt>
      <trkpt lat="30.614874" lon="104.21643">
        <time>2026-05-29T11:56:22Z</time>
      </trkpt>
      <trkpt lat="30.614845" lon="104.216515">
        <time>2026-05-29T11:56:23Z</time>
      </trkpt>
      <trkpt lat="30.614815" lon="104.2166">
        <time>2026-05-29T11:56:24Z</time>
      </trkpt>
      <trkpt lat="30.61479" lon="104.21669">
        <time>2026-05-29T11:56:25Z</time>
      </trkpt>
      <trkpt lat="30.614765" lon="104.216774">
        <time>2026-05-29T11:56:26Z</time>
      </trkpt>
      <trkpt lat="30.614738" lon="104.21686">
        <time>2026-05-29T11:56:27Z</time>
      </trkpt>
      <trkpt lat="30.614712" lon="104.21694">
        <time>2026-05-29T11:56:28Z</time>
      </trkpt>
      <trkpt lat="30.614685" lon="104.217026">
        <time>2026-05-29T11:56:29Z</time>
      </trkpt>
      <trkpt lat="30.614658" lon="104.21711">
        <time>2026-05-29T11:56:30Z</time>
      </trkpt>
      <trkpt lat="30.61463" lon="104.2172">
        <time>2026-05-29T11:56:31Z</time>
      </trkpt>
      <trkpt lat="30.614605" lon="104.217285">
        <time>2026-05-29T11:56:32Z</time>
      </trkpt>
      <trkpt lat="30.61458" lon="104.21738">
        <time>2026-05-29T11:56:33Z</time>
      </trkpt>
      <trkpt lat="30.614553" lon="104.21746">
        <time>2026-05-29T11:56:34Z</time>
      </trkpt>
      <trkpt lat="30.614529" lon="104.217545">
        <time>2026-05-29T11:56:35Z</time>
      </trkpt>
      <trkpt lat="30.614502" lon="104.21763">
        <time>2026-05-29T11:56:36Z</time>
      </trkpt>
      <trkpt lat="30.614477" lon="104.21772">
        <time>2026-05-29T11:56:37Z</time>
      </trkpt>
      <trkpt lat="30.614454" lon="104.217804">
        <time>2026-05-29T11:56:38Z</time>
      </trkpt>
      <trkpt lat="30.61443" lon="104.217896">
        <time>2026-05-29T11:56:39Z</time>
      </trkpt>
      <trkpt lat="30.614408" lon="104.21798">
        <time>2026-05-29T11:56:40Z</time>
      </trkpt>
      <trkpt lat="30.614386" lon="104.21806">
        <time>2026-05-29T11:56:41Z</time>
      </trkpt>
      <trkpt lat="30.614365" lon="104.218155">
        <time>2026-05-29T11:56:42Z</time>
      </trkpt>
      <trkpt lat="30.614342" lon="104.21824">
        <time>2026-05-29T11:56:43Z</time>
      </trkpt>
      <trkpt lat="30.61432" lon="104.21832">
        <time>2026-05-29T11:56:44Z</time>
      </trkpt>
      <trkpt lat="30.614302" lon="104.21841">
        <time>2026-05-29T11:56:45Z</time>
      </trkpt>
      <trkpt lat="30.614283" lon="104.21848">
        <time>2026-05-29T11:56:46Z</time>
      </trkpt>
      <trkpt lat="30.614265" lon="104.218575">
        <time>2026-05-29T11:56:47Z</time>
      </trkpt>
      <trkpt lat="30.61425" lon="104.21866">
        <time>2026-05-29T11:56:48Z</time>
      </trkpt>
      <trkpt lat="30.614235" lon="104.21874">
        <time>2026-05-29T11:56:49Z</time>
      </trkpt>
      <trkpt lat="30.614222" lon="104.21882">
        <time>2026-05-29T11:56:50Z</time>
      </trkpt>
      <trkpt lat="30.614208" lon="104.2189">
        <time>2026-05-29T11:56:51Z</time>
      </trkpt>
      <trkpt lat="30.614193" lon="104.21898">
        <time>2026-05-29T11:56:52Z</time>
      </trkpt>
      <trkpt lat="30.614178" lon="104.21906">
        <time>2026-05-29T11:56:53Z</time>
      </trkpt>
      <trkpt lat="30.614162" lon="104.21914">
        <time>2026-05-29T11:56:54Z</time>
      </trkpt>
      <trkpt lat="30.614145" lon="104.21922">
        <time>2026-05-29T11:56:55Z</time>
      </trkpt>
      <trkpt lat="30.61413" lon="104.2193">
        <time>2026-05-29T11:56:56Z</time>
      </trkpt>
      <trkpt lat="30.614113" lon="104.21938">
        <time>2026-05-29T11:56:57Z</time>
      </trkpt>
      <trkpt lat="30.614098" lon="104.21946">
        <time>2026-05-29T11:56:58Z</time>
      </trkpt>
      <trkpt lat="30.614082" lon="104.21954">
        <time>2026-05-29T11:56:59Z</time>
      </trkpt>
      <trkpt lat="30.614065" lon="104.21962">
        <time>2026-05-29T11:57:00Z</time>
      </trkpt>
      <trkpt lat="30.614048" lon="104.2197">
        <time>2026-05-29T11:57:01Z</time>
      </trkpt>
      <trkpt lat="30.614033" lon="104.21978">
        <time>2026-05-29T11:57:02Z</time>
      </trkpt>
      <trkpt lat="30.614017" lon="104.219864">
        <time>2026-05-29T11:57:03Z</time>
      </trkpt>
      <trkpt lat="30.614004" lon="104.21995">
        <time>2026-05-29T11:57:04Z</time>
      </trkpt>
      <trkpt lat="30.61399" lon="104.220024">
        <time>2026-05-29T11:57:05Z</time>
      </trkpt>
      <trkpt lat="30.613977" lon="104.22011">
        <time>2026-05-29T11:57:06Z</time>
      </trkpt>
      <trkpt lat="30.613962" lon="104.22019">
        <time>2026-05-29T11:57:07Z</time>
      </trkpt>
      <trkpt lat="30.613949" lon="104.22027">
        <time>2026-05-29T11:57:08Z</time>
      </trkpt>
      <trkpt lat="30.613934" lon="104.22035">
        <time>2026-05-29T11:57:09Z</time>
      </trkpt>
      <trkpt lat="30.61391" lon="104.22052">
        <time>2026-05-29T11:57:11Z</time>
      </trkpt>
      <trkpt lat="30.6139" lon="104.2206">
        <time>2026-05-29T11:57:12Z</time>
      </trkpt>
      <trkpt lat="30.613888" lon="104.22068">
        <time>2026-05-29T11:57:13Z</time>
      </trkpt>
      <trkpt lat="30.613878" lon="104.22076">
        <time>2026-05-29T11:57:14Z</time>
      </trkpt>
      <trkpt lat="30.613867" lon="104.22083">
        <time>2026-05-29T11:57:15Z</time>
      </trkpt>
      <trkpt lat="30.613855" lon="104.22091">
        <time>2026-05-29T11:57:16Z</time>
      </trkpt>
      <trkpt lat="30.613846" lon="104.220985">
        <time>2026-05-29T11:57:17Z</time>
      </trkpt>
      <trkpt lat="30.613834" lon="104.22106">
        <time>2026-05-29T11:57:18Z</time>
      </trkpt>
      <trkpt lat="30.613821" lon="104.22114">
        <time>2026-05-29T11:57:19Z</time>
      </trkpt>
      <trkpt lat="30.61381" lon="104.221214">
        <time>2026-05-29T11:57:20Z</time>
      </trkpt>
      <trkpt lat="30.6138" lon="104.22128">
        <time>2026-05-29T11:57:21Z</time>
      </trkpt>
      <trkpt lat="30.613787" lon="104.22136">
        <time>2026-05-29T11:57:22Z</time>
      </trkpt>
      <trkpt lat="30.61377" lon="104.221436">
        <time>2026-05-29T11:57:23Z</time>
      </trkpt>
      <trkpt lat="30.613756" lon="104.221504">
        <time>2026-05-29T11:57:24Z</time>
      </trkpt>
      <trkpt lat="30.613747" lon="104.22158">
        <time>2026-05-29T11:57:25Z</time>
      </trkpt>
      <trkpt lat="30.613737" lon="104.22166">
        <time>2026-05-29T11:57:26Z</time>
      </trkpt>
      <trkpt lat="30.613728" lon="104.22173">
        <time>2026-05-29T11:57:27Z</time>
      </trkpt>
      <trkpt lat="30.613716" lon="104.22181">
        <time>2026-05-29T11:57:28Z</time>
      </trkpt>
      <trkpt lat="30.613707" lon="104.221886">
        <time>2026-05-29T11:57:29Z</time>
      </trkpt>
      <trkpt lat="30.613697" lon="104.22197">
        <time>2026-05-29T11:57:30Z</time>
      </trkpt>
      <trkpt lat="30.613688" lon="104.222046">
        <time>2026-05-29T11:57:31Z</time>
      </trkpt>
      <trkpt lat="30.613676" lon="104.22213">
        <time>2026-05-29T11:57:32Z</time>
      </trkpt>
      <trkpt lat="30.613665" lon="104.222206">
        <time>2026-05-29T11:57:33Z</time>
      </trkpt>
      <trkpt lat="30.613655" lon="104.22229">
        <time>2026-05-29T11:57:34Z</time>
      </trkpt>
      <trkpt lat="30.613646" lon="104.22237">
        <time>2026-05-29T11:57:35Z</time>
      </trkpt>
      <trkpt lat="30.613634" lon="104.22244">
        <time>2026-05-29T11:57:36Z</time>
      </trkpt>
      <trkpt lat="30.61362" lon="104.22252">
        <time>2026-05-29T11:57:37Z</time>
      </trkpt>
      <trkpt lat="30.613611" lon="104.222595">
        <time>2026-05-29T11:57:38Z</time>
      </trkpt>
      <trkpt lat="30.613602" lon="104.22268">
        <time>2026-05-29T11:57:39Z</time>
      </trkpt>
      <trkpt lat="30.613592" lon="104.222755">
        <time>2026-05-29T11:57:40Z</time>
      </trkpt>
      <trkpt lat="30.613583" lon="104.22283">
        <time>2026-05-29T11:57:41Z</time>
      </trkpt>
      <trkpt lat="30.613571" lon="104.2229">
        <time>2026-05-29T11:57:42Z</time>
      </trkpt>
      <trkpt lat="30.613556" lon="104.22298">
        <time>2026-05-29T11:57:43Z</time>
      </trkpt>
      <trkpt lat="30.613544" lon="104.22305">
        <time>2026-05-29T11:57:44Z</time>
      </trkpt>
      <trkpt lat="30.613535" lon="104.22312">
        <time>2026-05-29T11:57:45Z</time>
      </trkpt>
      <trkpt lat="30.613525" lon="104.22319">
        <time>2026-05-29T11:57:46Z</time>
      </trkpt>
      <trkpt lat="30.613516" lon="104.22326">
        <time>2026-05-29T11:57:47Z</time>
      </trkpt>
      <trkpt lat="30.613504" lon="104.22333">
        <time>2026-05-29T11:57:48Z</time>
      </trkpt>
      <trkpt lat="30.613495" lon="104.2234">
        <time>2026-05-29T11:57:49Z</time>
      </trkpt>
      <trkpt lat="30.613485" lon="104.223465">
        <time>2026-05-29T11:57:50Z</time>
      </trkpt>
      <trkpt lat="30.613476" lon="104.22353">
        <time>2026-05-29T11:57:51Z</time>
      </trkpt>
      <trkpt lat="30.613464" lon="104.223595">
        <time>2026-05-29T11:57:52Z</time>
      </trkpt>
      <trkpt lat="30.613455" lon="104.22366">
        <time>2026-05-29T11:57:53Z</time>
      </trkpt>
      <trkpt lat="30.613447" lon="104.22373">
        <time>2026-05-29T11:57:54Z</time>
      </trkpt>
      <trkpt lat="30.613438" lon="104.2238">
        <time>2026-05-29T11:57:55Z</time>
      </trkpt>
      <trkpt lat="30.61343" lon="104.22387">
        <time>2026-05-29T11:57:56Z</time>
      </trkpt>
      <trkpt lat="30.613419" lon="104.22394">
        <time>2026-05-29T11:57:57Z</time>
      </trkpt>
      <trkpt lat="30.61341" lon="104.224">
        <time>2026-05-29T11:57:58Z</time>
      </trkpt>
      <trkpt lat="30.613403" lon="104.22407">
        <time>2026-05-29T11:57:59Z</time>
      </trkpt>
      <trkpt lat="30.613394" lon="104.22414">
        <time>2026-05-29T11:58:00Z</time>
      </trkpt>
      <trkpt lat="30.613384" lon="104.224205">
        <time>2026-05-29T11:58:01Z</time>
      </trkpt>
      <trkpt lat="30.61337" lon="104.22427">
        <time>2026-05-29T11:58:02Z</time>
      </trkpt>
      <trkpt lat="30.613361" lon="104.22434">
        <time>2026-05-29T11:58:03Z</time>
      </trkpt>
      <trkpt lat="30.613352" lon="104.2244">
        <time>2026-05-29T11:58:04Z</time>
      </trkpt>
      <trkpt lat="30.613342" lon="104.224464">
        <time>2026-05-29T11:58:05Z</time>
      </trkpt>
      <trkpt lat="30.613335" lon="104.224525">
        <time>2026-05-29T11:58:06Z</time>
      </trkpt>
      <trkpt lat="30.613329" lon="104.22458">
        <time>2026-05-29T11:58:07Z</time>
      </trkpt>
      <trkpt lat="30.613317" lon="104.22464">
        <time>2026-05-29T11:58:08Z</time>
      </trkpt>
      <trkpt lat="30.613308" lon="104.2247">
        <time>2026-05-29T11:58:09Z</time>
      </trkpt>
      <trkpt lat="30.613295" lon="104.22476">
        <time>2026-05-29T11:58:10Z</time>
      </trkpt>
      <trkpt lat="30.613283" lon="104.22482">
        <time>2026-05-29T11:58:11Z</time>
      </trkpt>
      <trkpt lat="30.613274" lon="104.22488">
        <time>2026-05-29T11:58:12Z</time>
      </trkpt>
      <trkpt lat="30.613262" lon="104.22494">
        <time>2026-05-29T11:58:13Z</time>
      </trkpt>
      <trkpt lat="30.61325" lon="104.225">
        <time>2026-05-29T11:58:14Z</time>
      </trkpt>
      <trkpt lat="30.613243" lon="104.22505">
        <time>2026-05-29T11:58:15Z</time>
      </trkpt>
      <trkpt lat="30.613237" lon="104.225105">
        <time>2026-05-29T11:58:16Z</time>
      </trkpt>
      <trkpt lat="30.613228" lon="104.22516">
        <time>2026-05-29T11:58:17Z</time>
      </trkpt>
      <trkpt lat="30.613216" lon="104.22521">
        <time>2026-05-29T11:58:18Z</time>
      </trkpt>
      <trkpt lat="30.613207" lon="104.225266">
        <time>2026-05-29T11:58:19Z</time>
      </trkpt>
      <trkpt lat="30.613197" lon="104.22533">
        <time>2026-05-29T11:58:20Z</time>
      </trkpt>
      <trkpt lat="30.613186" lon="104.22539">
        <time>2026-05-29T11:58:21Z</time>
      </trkpt>
      <trkpt lat="30.613176" lon="104.22545">
        <time>2026-05-29T11:58:22Z</time>
      </trkpt>
      <trkpt lat="30.613167" lon="104.2255">
        <time>2026-05-29T11:58:23Z</time>
      </trkpt>
      <trkpt lat="30.61316" lon="104.225555">
        <time>2026-05-29T11:58:24Z</time>
      </trkpt>
      <trkpt lat="30.613148" lon="104.22561">
        <time>2026-05-29T11:58:25Z</time>
      </trkpt>
      <trkpt lat="30.61314" lon="104.22566">
        <time>2026-05-29T11:58:26Z</time>
      </trkpt>
      <trkpt lat="30.61313" lon="104.225716">
        <time>2026-05-29T11:58:27Z</time>
      </trkpt>
      <trkpt lat="30.613121" lon="104.22576">
        <time>2026-05-29T11:58:28Z</time>
      </trkpt>
      <trkpt lat="30.613113" lon="104.225815">
        <time>2026-05-29T11:58:29Z</time>
      </trkpt>
      <trkpt lat="30.613104" lon="104.22587">
        <time>2026-05-29T11:58:30Z</time>
      </trkpt>
      <trkpt lat="30.613094" lon="104.22592">
        <time>2026-05-29T11:58:31Z</time>
      </trkpt>
      <trkpt lat="30.613083" lon="104.225975">
        <time>2026-05-29T11:58:32Z</time>
      </trkpt>
      <trkpt lat="30.613073" lon="104.22603">
        <time>2026-05-29T11:58:33Z</time>
      </trkpt>
      <trkpt lat="30.613062" lon="104.226074">
        <time>2026-05-29T11:58:34Z</time>
      </trkpt>
      <trkpt lat="30.613052" lon="104.22613">
        <time>2026-05-29T11:58:35Z</time>
      </trkpt>
      <trkpt lat="30.61304" lon="104.22619">
        <time>2026-05-29T11:58:36Z</time>
      </trkpt>
      <trkpt lat="30.613028" lon="104.226234">
        <time>2026-05-29T11:58:37Z</time>
      </trkpt>
      <trkpt lat="30.613018" lon="104.226295">
        <time>2026-05-29T11:58:38Z</time>
      </trkpt>
      <trkpt lat="30.612993" lon="104.2264">
        <time>2026-05-29T11:58:40Z</time>
      </trkpt>
      <trkpt lat="30.612982" lon="104.226456">
        <time>2026-05-29T11:58:41Z</time>
      </trkpt>
      <trkpt lat="30.612968" lon="104.22651">
        <time>2026-05-29T11:58:42Z</time>
      </trkpt>
      <trkpt lat="30.612957" lon="104.22657">
        <time>2026-05-29T11:58:43Z</time>
      </trkpt>
      <trkpt lat="30.612938" lon="104.22662">
        <time>2026-05-29T11:58:44Z</time>
      </trkpt>
      <trkpt lat="30.61292" lon="104.226685">
        <time>2026-05-29T11:58:45Z</time>
      </trkpt>
      <trkpt lat="30.6129" lon="104.22674">
        <time>2026-05-29T11:58:46Z</time>
      </trkpt>
      <trkpt lat="30.612886" lon="104.22679">
        <time>2026-05-29T11:58:47Z</time>
      </trkpt>
      <trkpt lat="30.612871" lon="104.22685">
        <time>2026-05-29T11:58:48Z</time>
      </trkpt>
      <trkpt lat="30.612856" lon="104.22691">
        <time>2026-05-29T11:58:49Z</time>
      </trkpt>
      <trkpt lat="30.612843" lon="104.22697">
        <time>2026-05-29T11:58:50Z</time>
      </trkpt>
      <trkpt lat="30.612833" lon="104.22703">
        <time>2026-05-29T11:58:51Z</time>
      </trkpt>
      <trkpt lat="30.612823" lon="104.22709">
        <time>2026-05-29T11:58:52Z</time>
      </trkpt>
      <trkpt lat="30.612816" lon="104.22715">
        <time>2026-05-29T11:58:53Z</time>
      </trkpt>
      <trkpt lat="30.612804" lon="104.22721">
        <time>2026-05-29T11:58:54Z</time>
      </trkpt>
      <trkpt lat="30.612793" lon="104.22727">
        <time>2026-05-29T11:58:55Z</time>
      </trkpt>
      <trkpt lat="30.612782" lon="104.22733">
        <time>2026-05-29T11:58:56Z</time>
      </trkpt>
      <trkpt lat="30.612764" lon="104.227394">
        <time>2026-05-29T11:58:57Z</time>
      </trkpt>
      <trkpt lat="30.61275" lon="104.227455">
        <time>2026-05-29T11:58:58Z</time>
      </trkpt>
      <trkpt lat="30.612732" lon="104.227516">
        <time>2026-05-29T11:58:59Z</time>
      </trkpt>
      <trkpt lat="30.612719" lon="104.22758">
        <time>2026-05-29T11:59:00Z</time>
      </trkpt>
      <trkpt lat="30.612701" lon="104.22764">
        <time>2026-05-29T11:59:01Z</time>
      </trkpt>
      <trkpt lat="30.612684" lon="104.22771">
        <time>2026-05-29T11:59:02Z</time>
      </trkpt>
      <trkpt lat="30.612667" lon="104.22777">
        <time>2026-05-29T11:59:03Z</time>
      </trkpt>
      <trkpt lat="30.612654" lon="104.22783">
        <time>2026-05-29T11:59:04Z</time>
      </trkpt>
      <trkpt lat="30.612635" lon="104.22789">
        <time>2026-05-29T11:59:05Z</time>
      </trkpt>
      <trkpt lat="30.61262" lon="104.22795">
        <time>2026-05-29T11:59:06Z</time>
      </trkpt>
      <trkpt lat="30.6126" lon="104.22802">
        <time>2026-05-29T11:59:07Z</time>
      </trkpt>
      <trkpt lat="30.612581" lon="104.22808">
        <time>2026-05-29T11:59:08Z</time>
      </trkpt>
      <trkpt lat="30.61256" lon="104.22815">
        <time>2026-05-29T11:59:09Z</time>
      </trkpt>
      <trkpt lat="30.612543" lon="104.22822">
        <time>2026-05-29T11:59:10Z</time>
      </trkpt>
      <trkpt lat="30.612528" lon="104.22828">
        <time>2026-05-29T11:59:11Z</time>
      </trkpt>
      <trkpt lat="30.612513" lon="104.22835">
        <time>2026-05-29T11:59:12Z</time>
      </trkpt>
      <trkpt lat="30.612492" lon="104.22842">
        <time>2026-05-29T11:59:13Z</time>
      </trkpt>
      <trkpt lat="30.612473" lon="104.228485">
        <time>2026-05-29T11:59:14Z</time>
      </trkpt>
      <trkpt lat="30.61245" lon="104.22855">
        <time>2026-05-29T11:59:15Z</time>
      </trkpt>
      <trkpt lat="30.612432" lon="104.22863">
        <time>2026-05-29T11:59:16Z</time>
      </trkpt>
      <trkpt lat="30.612411" lon="104.2287">
        <time>2026-05-29T11:59:17Z</time>
      </trkpt>
      <trkpt lat="30.612392" lon="104.22877">
        <time>2026-05-29T11:59:18Z</time>
      </trkpt>
      <trkpt lat="30.612375" lon="104.22884">
        <time>2026-05-29T11:59:19Z</time>
      </trkpt>
      <trkpt lat="30.612356" lon="104.22891">
        <time>2026-05-29T11:59:20Z</time>
      </trkpt>
      <trkpt lat="30.612339" lon="104.22898">
        <time>2026-05-29T11:59:21Z</time>
      </trkpt>
      <trkpt lat="30.612318" lon="104.22905">
        <time>2026-05-29T11:59:22Z</time>
      </trkpt>
      <trkpt lat="30.612299" lon="104.229126">
        <time>2026-05-29T11:59:23Z</time>
      </trkpt>
      <trkpt lat="30.612276" lon="104.2292">
        <time>2026-05-29T11:59:24Z</time>
      </trkpt>
      <trkpt lat="30.612257" lon="104.22927">
        <time>2026-05-29T11:59:25Z</time>
      </trkpt>
      <trkpt lat="30.612236" lon="104.22934">
        <time>2026-05-29T11:59:26Z</time>
      </trkpt>
      <trkpt lat="30.612215" lon="104.229416">
        <time>2026-05-29T11:59:27Z</time>
      </trkpt>
      <trkpt lat="30.612196" lon="104.229485">
        <time>2026-05-29T11:59:28Z</time>
      </trkpt>
      <trkpt lat="30.612179" lon="104.22956">
        <time>2026-05-29T11:59:29Z</time>
      </trkpt>
      <trkpt lat="30.61216" lon="104.22963">
        <time>2026-05-29T11:59:30Z</time>
      </trkpt>
      <trkpt lat="30.61214" lon="104.2297">
        <time>2026-05-29T11:59:31Z</time>
      </trkpt>
      <trkpt lat="30.612122" lon="104.229774">
        <time>2026-05-29T11:59:32Z</time>
      </trkpt>
      <trkpt lat="30.612103" lon="104.22984">
        <time>2026-05-29T11:59:33Z</time>
      </trkpt>
      <trkpt lat="30.612085" lon="104.22991">
        <time>2026-05-29T11:59:34Z</time>
      </trkpt>
      <trkpt lat="30.612064" lon="104.22998">
        <time>2026-05-29T11:59:35Z</time>
      </trkpt>
      <trkpt lat="30.612045" lon="104.23006">
        <time>2026-05-29T11:59:36Z</time>
      </trkpt>
      <trkpt lat="30.612026" lon="104.230125">
        <time>2026-05-29T11:59:37Z</time>
      </trkpt>
      <trkpt lat="30.61201" lon="104.230194">
        <time>2026-05-29T11:59:38Z</time>
      </trkpt>
      <trkpt lat="30.611988" lon="104.23026">
        <time>2026-05-29T11:59:39Z</time>
      </trkpt>
      <trkpt lat="30.61197" lon="104.23034">
        <time>2026-05-29T11:59:40Z</time>
      </trkpt>
      <trkpt lat="30.61195" lon="104.23041">
        <time>2026-05-29T11:59:41Z</time>
      </trkpt>
      <trkpt lat="30.61193" lon="104.23048">
        <time>2026-05-29T11:59:42Z</time>
      </trkpt>
      <trkpt lat="30.61191" lon="104.230545">
        <time>2026-05-29T11:59:43Z</time>
      </trkpt>
      <trkpt lat="30.61189" lon="104.23062">
        <time>2026-05-29T11:59:44Z</time>
      </trkpt>
      <trkpt lat="30.611872" lon="104.23069">
        <time>2026-05-29T11:59:45Z</time>
      </trkpt>
      <trkpt lat="30.61185" lon="104.23077">
        <time>2026-05-29T11:59:46Z</time>
      </trkpt>
      <trkpt lat="30.611832" lon="104.230835">
        <time>2026-05-29T11:59:47Z</time>
      </trkpt>
      <trkpt lat="30.611813" lon="104.23091">
        <time>2026-05-29T11:59:48Z</time>
      </trkpt>
      <trkpt lat="30.611794" lon="104.23098">
        <time>2026-05-29T11:59:49Z</time>
      </trkpt>
      <trkpt lat="30.611774" lon="104.23106">
        <time>2026-05-29T11:59:50Z</time>
      </trkpt>
      <trkpt lat="30.611755" lon="104.23113">
        <time>2026-05-29T11:59:51Z</time>
      </trkpt>
      <trkpt lat="30.611734" lon="104.23121">
        <time>2026-05-29T11:59:52Z</time>
      </trkpt>
      <trkpt lat="30.611713" lon="104.23128">
        <time>2026-05-29T11:59:53Z</time>
      </trkpt>
      <trkpt lat="30.611694" lon="104.23135">
        <time>2026-05-29T11:59:54Z</time>
      </trkpt>
      <trkpt lat="30.611675" lon="104.23143">
        <time>2026-05-29T11:59:55Z</time>
      </trkpt>
      <trkpt lat="30.611656" lon="104.2315">
        <time>2026-05-29T11:59:56Z</time>
      </trkpt>
      <trkpt lat="30.611637" lon="104.23157">
        <time>2026-05-29T11:59:57Z</time>
      </trkpt>
      <trkpt lat="30.611616" lon="104.23164">
        <time>2026-05-29T11:59:58Z</time>
      </trkpt>
      <trkpt lat="30.611599" lon="104.23171">
        <time>2026-05-29T11:59:59Z</time>
      </trkpt>
      <trkpt lat="30.611578" lon="104.23179">
        <time>2026-05-29T12:00:00Z</time>
      </trkpt>
      <trkpt lat="30.611557" lon="104.23186">
        <time>2026-05-29T12:00:01Z</time>
      </trkpt>
      <trkpt lat="30.611534" lon="104.231926">
        <time>2026-05-29T12:00:02Z</time>
      </trkpt>
      <trkpt lat="30.61151" lon="104.231995">
        <time>2026-05-29T12:00:03Z</time>
      </trkpt>
      <trkpt lat="30.611488" lon="104.23206">
        <time>2026-05-29T12:00:04Z</time>
      </trkpt>
      <trkpt lat="30.61147" lon="104.23214">
        <time>2026-05-29T12:00:05Z</time>
      </trkpt>
      <trkpt lat="30.611452" lon="104.2322">
        <time>2026-05-29T12:00:06Z</time>
      </trkpt>
      <trkpt lat="30.611433" lon="104.23228">
        <time>2026-05-29T12:00:07Z</time>
      </trkpt>
      <trkpt lat="30.611416" lon="104.232346">
        <time>2026-05-29T12:00:08Z</time>
      </trkpt>
      <trkpt lat="30.611403" lon="104.232414">
        <time>2026-05-29T12:00:09Z</time>
      </trkpt>
      <trkpt lat="30.611387" lon="104.23248">
        <time>2026-05-29T12:00:10Z</time>
      </trkpt>
      <trkpt lat="30.611374" lon="104.23255">
        <time>2026-05-29T12:00:11Z</time>
      </trkpt>
      <trkpt lat="30.611357" lon="104.23262">
        <time>2026-05-29T12:00:12Z</time>
      </trkpt>
      <trkpt lat="30.611338" lon="104.23268">
        <time>2026-05-29T12:00:13Z</time>
      </trkpt>
      <trkpt lat="30.611319" lon="104.23275">
        <time>2026-05-29T12:00:14Z</time>
      </trkpt>
      <trkpt lat="30.611298" lon="104.23282">
        <time>2026-05-29T12:00:15Z</time>
      </trkpt>
      <trkpt lat="30.611284" lon="104.23288">
        <time>2026-05-29T12:00:16Z</time>
      </trkpt>
      <trkpt lat="30.611263" lon="104.23295">
        <time>2026-05-29T12:00:17Z</time>
      </trkpt>
      <trkpt lat="30.611244" lon="104.23301">
        <time>2026-05-29T12:00:18Z</time>
      </trkpt>
      <trkpt lat="30.611229" lon="104.23308">
        <time>2026-05-29T12:00:19Z</time>
      </trkpt>
      <trkpt lat="30.611212" lon="104.23314">
        <time>2026-05-29T12:00:20Z</time>
      </trkpt>
      <trkpt lat="30.611193" lon="104.2332">
        <time>2026-05-29T12:00:21Z</time>
      </trkpt>
      <trkpt lat="30.611176" lon="104.23326">
        <time>2026-05-29T12:00:22Z</time>
      </trkpt>
      <trkpt lat="30.611158" lon="104.23332">
        <time>2026-05-29T12:00:23Z</time>
      </trkpt>
      <trkpt lat="30.611143" lon="104.23338">
        <time>2026-05-29T12:00:24Z</time>
      </trkpt>
      <trkpt lat="30.611126" lon="104.23345">
        <time>2026-05-29T12:00:25Z</time>
      </trkpt>
      <trkpt lat="30.611109" lon="104.23351">
        <time>2026-05-29T12:00:26Z</time>
      </trkpt>
      <trkpt lat="30.611092" lon="104.233574">
        <time>2026-05-29T12:00:27Z</time>
      </trkpt>
      <trkpt lat="30.611074" lon="104.233635">
        <time>2026-05-29T12:00:28Z</time>
      </trkpt>
      <trkpt lat="30.611057" lon="104.2337">
        <time>2026-05-29T12:00:29Z</time>
      </trkpt>
      <trkpt lat="30.611038" lon="104.233765">
        <time>2026-05-29T12:00:30Z</time>
      </trkpt>
      <trkpt lat="30.611021" lon="104.233826">
        <time>2026-05-29T12:00:31Z</time>
      </trkpt>
      <trkpt lat="30.611006" lon="104.23389">
        <time>2026-05-29T12:00:32Z</time>
      </trkpt>
      <trkpt lat="30.610985" lon="104.23395">
        <time>2026-05-29T12:00:33Z</time>
      </trkpt>
      <trkpt lat="30.610966" lon="104.23401">
        <time>2026-05-29T12:00:34Z</time>
      </trkpt>
      <trkpt lat="30.61095" lon="104.23407">
        <time>2026-05-29T12:00:35Z</time>
      </trkpt>
      <trkpt lat="30.610933" lon="104.23413">
        <time>2026-05-29T12:00:36Z</time>
      </trkpt>
      <trkpt lat="30.610914" lon="104.23419">
        <time>2026-05-29T12:00:37Z</time>
      </trkpt>
      <trkpt lat="30.610897" lon="104.23425">
        <time>2026-05-29T12:00:38Z</time>
      </trkpt>
      <trkpt lat="30.61088" lon="104.23431">
        <time>2026-05-29T12:00:39Z</time>
      </trkpt>
      <trkpt lat="30.610863" lon="104.23437">
        <time>2026-05-29T12:00:40Z</time>
      </trkpt>
      <trkpt lat="30.610844" lon="104.23443">
        <time>2026-05-29T12:00:41Z</time>
      </trkpt>
      <trkpt lat="30.610826" lon="104.23448">
        <time>2026-05-29T12:00:42Z</time>
      </trkpt>
      <trkpt lat="30.610807" lon="104.23454">
        <time>2026-05-29T12:00:43Z</time>
      </trkpt>
      <trkpt lat="30.610792" lon="104.2346">
        <time>2026-05-29T12:00:44Z</time>
      </trkpt>
      <trkpt lat="30.610775" lon="104.23465">
        <time>2026-05-29T12:00:45Z</time>
      </trkpt>
      <trkpt lat="30.610756" lon="104.23471">
        <time>2026-05-29T12:00:46Z</time>
      </trkpt>
      <trkpt lat="30.610739" lon="104.234764">
        <time>2026-05-29T12:00:47Z</time>
      </trkpt>
      <trkpt lat="30.61072" lon="104.23482">
        <time>2026-05-29T12:00:48Z</time>
      </trkpt>
      <trkpt lat="30.610703" lon="104.23488">
        <time>2026-05-29T12:00:49Z</time>
      </trkpt>
      <trkpt lat="30.610685" lon="104.23493">
        <time>2026-05-29T12:00:50Z</time>
      </trkpt>
      <trkpt lat="30.610666" lon="104.234985">
        <time>2026-05-29T12:00:51Z</time>
      </trkpt>
      <trkpt lat="30.610645" lon="104.23505">
        <time>2026-05-29T12:00:52Z</time>
      </trkpt>
      <trkpt lat="30.610624" lon="104.2351">
        <time>2026-05-29T12:00:53Z</time>
      </trkpt>
      <trkpt lat="30.610605" lon="104.23515">
        <time>2026-05-29T12:00:54Z</time>
      </trkpt>
      <trkpt lat="30.610586" lon="104.235214">
        <time>2026-05-29T12:00:55Z</time>
      </trkpt>
      <trkpt lat="30.610569" lon="104.23527">
        <time>2026-05-29T12:00:56Z</time>
      </trkpt>
      <trkpt lat="30.610548" lon="104.23533">
        <time>2026-05-29T12:00:57Z</time>
      </trkpt>
      <trkpt lat="30.610527" lon="104.23539">
        <time>2026-05-29T12:00:58Z</time>
      </trkpt>
      <trkpt lat="30.610504" lon="104.23544">
        <time>2026-05-29T12:00:59Z</time>
      </trkpt>
      <trkpt lat="30.610481" lon="104.235504">
        <time>2026-05-29T12:01:00Z</time>
      </trkpt>
      <trkpt lat="30.61046" lon="104.235565">
        <time>2026-05-29T12:01:01Z</time>
      </trkpt>
      <trkpt lat="30.610437" lon="104.23562">
        <time>2026-05-29T12:01:02Z</time>
      </trkpt>
      <trkpt lat="30.610415" lon="104.23568">
        <time>2026-05-29T12:01:03Z</time>
      </trkpt>
      <trkpt lat="30.610392" lon="104.23574">
        <time>2026-05-29T12:01:04Z</time>
      </trkpt>
      <trkpt lat="30.610369" lon="104.2358">
        <time>2026-05-29T12:01:05Z</time>
      </trkpt>
      <trkpt lat="30.610344" lon="104.23586">
        <time>2026-05-29T12:01:06Z</time>
      </trkpt>
      <trkpt lat="30.61032" lon="104.23592">
        <time>2026-05-29T12:01:07Z</time>
      </trkpt>
      <trkpt lat="30.610296" lon="104.23598">
        <time>2026-05-29T12:01:08Z</time>
      </trkpt>
      <trkpt lat="30.610273" lon="104.23604">
        <time>2026-05-29T12:01:09Z</time>
      </trkpt>
      <trkpt lat="30.610247" lon="104.23611">
        <time>2026-05-29T12:01:10Z</time>
      </trkpt>
      <trkpt lat="30.61022" lon="104.23617">
        <time>2026-05-29T12:01:11Z</time>
      </trkpt>
      <trkpt lat="30.610195" lon="104.23623">
        <time>2026-05-29T12:01:12Z</time>
      </trkpt>
      <trkpt lat="30.610168" lon="104.23629">
        <time>2026-05-29T12:01:13Z</time>
      </trkpt>
      <trkpt lat="30.610144" lon="104.23636">
        <time>2026-05-29T12:01:14Z</time>
      </trkpt>
      <trkpt lat="30.610117" lon="104.23643">
        <time>2026-05-29T12:01:15Z</time>
      </trkpt>
      <trkpt lat="30.610088" lon="104.23649">
        <time>2026-05-29T12:01:16Z</time>
      </trkpt>
      <trkpt lat="30.61006" lon="104.236565">
        <time>2026-05-29T12:01:17Z</time>
      </trkpt>
      <trkpt lat="30.61003" lon="104.23663">
        <time>2026-05-29T12:01:18Z</time>
      </trkpt>
      <trkpt lat="30.609999" lon="104.2367">
        <time>2026-05-29T12:01:19Z</time>
      </trkpt>
      <trkpt lat="30.609966" lon="104.23678">
        <time>2026-05-29T12:01:20Z</time>
      </trkpt>
      <trkpt lat="30.609936" lon="104.236855">
        <time>2026-05-29T12:01:21Z</time>
      </trkpt>
      <trkpt lat="30.609907" lon="104.23692">
        <time>2026-05-29T12:01:22Z</time>
      </trkpt>
      <trkpt lat="30.609873" lon="104.237">
        <time>2026-05-29T12:01:23Z</time>
      </trkpt>
      <trkpt lat="30.60984" lon="104.237076">
        <time>2026-05-29T12:01:24Z</time>
      </trkpt>
      <trkpt lat="30.609806" lon="104.23715">
        <time>2026-05-29T12:01:25Z</time>
      </trkpt>
      <trkpt lat="30.609776" lon="104.23723">
        <time>2026-05-29T12:01:26Z</time>
      </trkpt>
      <trkpt lat="30.609743" lon="104.2373">
        <time>2026-05-29T12:01:27Z</time>
      </trkpt>
      <trkpt lat="30.609709" lon="104.23737">
        <time>2026-05-29T12:01:28Z</time>
      </trkpt>
      <trkpt lat="30.609674" lon="104.23746">
        <time>2026-05-29T12:01:29Z</time>
      </trkpt>
      <trkpt lat="30.60964" lon="104.23753">
        <time>2026-05-29T12:01:30Z</time>
      </trkpt>
      <trkpt lat="30.609604" lon="104.2376">
        <time>2026-05-29T12:01:31Z</time>
      </trkpt>
      <trkpt lat="30.60957" lon="104.237686">
        <time>2026-05-29T12:01:32Z</time>
      </trkpt>
      <trkpt lat="30.609537" lon="104.23776">
        <time>2026-05-29T12:01:33Z</time>
      </trkpt>
      <trkpt lat="30.6095" lon="104.23785">
        <time>2026-05-29T12:01:34Z</time>
      </trkpt>
      <trkpt lat="30.609465" lon="104.23792">
        <time>2026-05-29T12:01:35Z</time>
      </trkpt>
      <trkpt lat="30.609432" lon="104.23801">
        <time>2026-05-29T12:01:36Z</time>
      </trkpt>
      <trkpt lat="30.609402" lon="104.23809">
        <time>2026-05-29T12:01:37Z</time>
      </trkpt>
      <trkpt lat="30.60937" lon="104.23817">
        <time>2026-05-29T12:01:38Z</time>
      </trkpt>
      <trkpt lat="30.609335" lon="104.23825">
        <time>2026-05-29T12:01:39Z</time>
      </trkpt>
      <trkpt lat="30.609303" lon="104.238335">
        <time>2026-05-29T12:01:40Z</time>
      </trkpt>
      <trkpt lat="30.609264" lon="104.23842">
        <time>2026-05-29T12:01:41Z</time>
      </trkpt>
      <trkpt lat="30.60923" lon="104.2385">
        <time>2026-05-29T12:01:42Z</time>
      </trkpt>
      <trkpt lat="30.609194" lon="104.23859">
        <time>2026-05-29T12:01:43Z</time>
      </trkpt>
      <trkpt lat="30.609161" lon="104.23867">
        <time>2026-05-29T12:01:44Z</time>
      </trkpt>
      <trkpt lat="30.609127" lon="104.23875">
        <time>2026-05-29T12:01:45Z</time>
      </trkpt>
      <trkpt lat="30.609087" lon="104.23884">
        <time>2026-05-29T12:01:46Z</time>
      </trkpt>
      <trkpt lat="30.60905" lon="104.23892">
        <time>2026-05-29T12:01:47Z</time>
      </trkpt>
      <trkpt lat="30.609015" lon="104.239006">
        <time>2026-05-29T12:01:48Z</time>
      </trkpt>
      <trkpt lat="30.608978" lon="104.23909">
        <time>2026-05-29T12:01:49Z</time>
      </trkpt>
      <trkpt lat="30.608942" lon="104.23917">
        <time>2026-05-29T12:01:50Z</time>
      </trkpt>
      <trkpt lat="30.608902" lon="104.23926">
        <time>2026-05-29T12:01:51Z</time>
      </trkpt>
      <trkpt lat="30.608866" lon="104.23933">
        <time>2026-05-29T12:01:52Z</time>
      </trkpt>
      <trkpt lat="30.608831" lon="104.23941">
        <time>2026-05-29T12:01:53Z</time>
      </trkpt>
      <trkpt lat="30.608793" lon="104.239494">
        <time>2026-05-29T12:01:54Z</time>
      </trkpt>
      <trkpt lat="30.608755" lon="104.23958">
        <time>2026-05-29T12:01:55Z</time>
      </trkpt>
      <trkpt lat="30.60872" lon="104.239655">
        <time>2026-05-29T12:01:56Z</time>
      </trkpt>
      <trkpt lat="30.608685" lon="104.23973">
        <time>2026-05-29T12:01:57Z</time>
      </trkpt>
      <trkpt lat="30.60865" lon="104.239815">
        <time>2026-05-29T12:01:58Z</time>
      </trkpt>
      <trkpt lat="30.608616" lon="104.23989">
        <time>2026-05-29T12:01:59Z</time>
      </trkpt>
      <trkpt lat="30.608583" lon="104.23997">
        <time>2026-05-29T12:02:00Z</time>
      </trkpt>
      <trkpt lat="30.60855" lon="104.24005">
        <time>2026-05-29T12:02:01Z</time>
      </trkpt>
      <trkpt lat="30.608515" lon="104.24013">
        <time>2026-05-29T12:02:02Z</time>
      </trkpt>
      <trkpt lat="30.60848" lon="104.24021">
        <time>2026-05-29T12:02:03Z</time>
      </trkpt>
      <trkpt lat="30.60845" lon="104.24028">
        <time>2026-05-29T12:02:04Z</time>
      </trkpt>
      <trkpt lat="30.60842" lon="104.24036">
        <time>2026-05-29T12:02:05Z</time>
      </trkpt>
      <trkpt lat="30.608389" lon="104.240425">
        <time>2026-05-29T12:02:06Z</time>
      </trkpt>
      <trkpt lat="30.608358" lon="104.24049">
        <time>2026-05-29T12:02:07Z</time>
      </trkpt>
      <trkpt lat="30.608326" lon="104.24057">
        <time>2026-05-29T12:02:08Z</time>
      </trkpt>
      <trkpt lat="30.608297" lon="104.24064">
        <time>2026-05-29T12:02:09Z</time>
      </trkpt>
      <trkpt lat="30.608267" lon="104.24071">
        <time>2026-05-29T12:02:10Z</time>
      </trkpt>
      <trkpt lat="30.608234" lon="104.240776">
        <time>2026-05-29T12:02:11Z</time>
      </trkpt>
      <trkpt lat="30.608206" lon="104.240845">
        <time>2026-05-29T12:02:12Z</time>
      </trkpt>
      <trkpt lat="30.608177" lon="104.240906">
        <time>2026-05-29T12:02:13Z</time>
      </trkpt>
      <trkpt lat="30.60815" lon="104.240974">
        <time>2026-05-29T12:02:14Z</time>
      </trkpt>
      <trkpt lat="30.608124" lon="104.24104">
        <time>2026-05-29T12:02:15Z</time>
      </trkpt>
      <trkpt lat="30.608097" lon="104.24111">
        <time>2026-05-29T12:02:16Z</time>
      </trkpt>
      <trkpt lat="30.608067" lon="104.24118">
        <time>2026-05-29T12:02:17Z</time>
      </trkpt>
      <trkpt lat="30.608038" lon="104.24125">
        <time>2026-05-29T12:02:18Z</time>
      </trkpt>
      <trkpt lat="30.60801" lon="104.24131">
        <time>2026-05-29T12:02:19Z</time>
      </trkpt>
      <trkpt lat="30.607983" lon="104.24138">
        <time>2026-05-29T12:02:20Z</time>
      </trkpt>
      <trkpt lat="30.607956" lon="104.24145">
        <time>2026-05-29T12:02:21Z</time>
      </trkpt>
      <trkpt lat="30.60793" lon="104.24151">
        <time>2026-05-29T12:02:22Z</time>
      </trkpt>
      <trkpt lat="30.607899" lon="104.24158">
        <time>2026-05-29T12:02:23Z</time>
      </trkpt>
      <trkpt lat="30.607868" lon="104.24165">
        <time>2026-05-29T12:02:24Z</time>
      </trkpt>
      <trkpt lat="30.607838" lon="104.241714">
        <time>2026-05-29T12:02:25Z</time>
      </trkpt>
      <trkpt lat="30.60781" lon="104.24178">
        <time>2026-05-29T12:02:26Z</time>
      </trkpt>
      <trkpt lat="30.607784" lon="104.241844">
        <time>2026-05-29T12:02:27Z</time>
      </trkpt>
      <trkpt lat="30.607756" lon="104.241905">
        <time>2026-05-29T12:02:28Z</time>
      </trkpt>
      <trkpt lat="30.607727" lon="104.24197">
        <time>2026-05-29T12:02:29Z</time>
      </trkpt>
      <trkpt lat="30.6077" lon="104.24203">
        <time>2026-05-29T12:02:30Z</time>
      </trkpt>
      <trkpt lat="30.607672" lon="104.242096">
        <time>2026-05-29T12:02:31Z</time>
      </trkpt>
      <trkpt lat="30.607641" lon="104.242165">
        <time>2026-05-29T12:02:32Z</time>
      </trkpt>
      <trkpt lat="30.607615" lon="104.24222">
        <time>2026-05-29T12:02:33Z</time>
      </trkpt>
      <trkpt lat="30.607588" lon="104.24229">
        <time>2026-05-29T12:02:34Z</time>
      </trkpt>
      <trkpt lat="30.607557" lon="104.242355">
        <time>2026-05-29T12:02:35Z</time>
      </trkpt>
      <trkpt lat="30.607529" lon="104.24243">
        <time>2026-05-29T12:02:36Z</time>
      </trkpt>
      <trkpt lat="30.607498" lon="104.2425">
        <time>2026-05-29T12:02:37Z</time>
      </trkpt>
      <trkpt lat="30.607462" lon="104.24258">
        <time>2026-05-29T12:02:38Z</time>
      </trkpt>
      <trkpt lat="30.60743" lon="104.242645">
        <time>2026-05-29T12:02:39Z</time>
      </trkpt>
      <trkpt lat="30.6074" lon="104.242714">
        <time>2026-05-29T12:02:40Z</time>
      </trkpt>
      <trkpt lat="30.607367" lon="104.24278">
        <time>2026-05-29T12:02:41Z</time>
      </trkpt>
      <trkpt lat="30.607332" lon="104.24284">
        <time>2026-05-29T12:02:42Z</time>
      </trkpt>
      <trkpt lat="30.6073" lon="104.24291">
        <time>2026-05-29T12:02:43Z</time>
      </trkpt>
      <trkpt lat="30.607267" lon="104.24297">
        <time>2026-05-29T12:02:44Z</time>
      </trkpt>
      <trkpt lat="30.607235" lon="104.243034">
        <time>2026-05-29T12:02:45Z</time>
      </trkpt>
      <trkpt lat="30.6072" lon="104.243095">
        <time>2026-05-29T12:02:46Z</time>
      </trkpt>
      <trkpt lat="30.607162" lon="104.24316">
        <time>2026-05-29T12:02:47Z</time>
      </trkpt>
      <trkpt lat="30.607124" lon="104.24321">
        <time>2026-05-29T12:02:48Z</time>
      </trkpt>
      <trkpt lat="30.60709" lon="104.24328">
        <time>2026-05-29T12:02:49Z</time>
      </trkpt>
      <trkpt lat="30.607056" lon="104.24333">
        <time>2026-05-29T12:02:50Z</time>
      </trkpt>
      <trkpt lat="30.607018" lon="104.24339">
        <time>2026-05-29T12:02:51Z</time>
      </trkpt>
      <trkpt lat="30.606981" lon="104.24346">
        <time>2026-05-29T12:02:52Z</time>
      </trkpt>
      <trkpt lat="30.606947" lon="104.24352">
        <time>2026-05-29T12:02:53Z</time>
      </trkpt>
      <trkpt lat="30.606913" lon="104.24358">
        <time>2026-05-29T12:02:54Z</time>
      </trkpt>
      <trkpt lat="30.60688" lon="104.243645">
        <time>2026-05-29T12:02:55Z</time>
      </trkpt>
      <trkpt lat="30.606846" lon="104.243706">
        <time>2026-05-29T12:02:56Z</time>
      </trkpt>
      <trkpt lat="30.606815" lon="104.24377">
        <time>2026-05-29T12:02:57Z</time>
      </trkpt>
      <trkpt lat="30.60678" lon="104.24383">
        <time>2026-05-29T12:02:58Z</time>
      </trkpt>
      <trkpt lat="30.606747" lon="104.24388">
        <time>2026-05-29T12:02:59Z</time>
      </trkpt>
      <trkpt lat="30.606714" lon="104.24394">
        <time>2026-05-29T12:03:00Z</time>
      </trkpt>
      <trkpt lat="30.60668" lon="104.244">
        <time>2026-05-29T12:03:01Z</time>
      </trkpt>
      <trkpt lat="30.606647" lon="104.24406">
        <time>2026-05-29T12:03:02Z</time>
      </trkpt>
      <trkpt lat="30.606617" lon="104.24412">
        <time>2026-05-29T12:03:03Z</time>
      </trkpt>
      <trkpt lat="30.606583" lon="104.24418">
        <time>2026-05-29T12:03:04Z</time>
      </trkpt>
      <trkpt lat="30.606548" lon="104.24423">
        <time>2026-05-29T12:03:05Z</time>
      </trkpt>
      <trkpt lat="30.606514" lon="104.244286">
        <time>2026-05-29T12:03:06Z</time>
      </trkpt>
      <trkpt lat="30.60648" lon="104.24434">
        <time>2026-05-29T12:03:07Z</time>
      </trkpt>
      <trkpt lat="30.606447" lon="104.2444">
        <time>2026-05-29T12:03:08Z</time>
      </trkpt>
      <trkpt lat="30.60641" lon="104.24445">
        <time>2026-05-29T12:03:09Z</time>
      </trkpt>
      <trkpt lat="30.606375" lon="104.244514">
        <time>2026-05-29T12:03:10Z</time>
      </trkpt>
      <trkpt lat="30.606342" lon="104.24457">
        <time>2026-05-29T12:03:11Z</time>
      </trkpt>
      <trkpt lat="30.606308" lon="104.24462">
        <time>2026-05-29T12:03:12Z</time>
      </trkpt>
      <trkpt lat="30.606277" lon="104.24468">
        <time>2026-05-29T12:03:13Z</time>
      </trkpt>
      <trkpt lat="30.606243" lon="104.24474">
        <time>2026-05-29T12:03:14Z</time>
      </trkpt>
      <trkpt lat="30.606213" lon="104.2448">
        <time>2026-05-29T12:03:15Z</time>
      </trkpt>
      <trkpt lat="30.606182" lon="104.24486">
        <time>2026-05-29T12:03:16Z</time>
      </trkpt>
      <trkpt lat="30.606148" lon="104.24493">
        <time>2026-05-29T12:03:17Z</time>
      </trkpt>
      <trkpt lat="30.606113" lon="104.244995">
        <time>2026-05-29T12:03:18Z</time>
      </trkpt>
      <trkpt lat="30.606077" lon="104.24506">
        <time>2026-05-29T12:03:19Z</time>
      </trkpt>
      <trkpt lat="30.60604" lon="104.24513">
        <time>2026-05-29T12:03:20Z</time>
      </trkpt>
      <trkpt lat="30.605999" lon="104.2452">
        <time>2026-05-29T12:03:21Z</time>
      </trkpt>
      <trkpt lat="30.605959" lon="104.24528">
        <time>2026-05-29T12:03:22Z</time>
      </trkpt>
      <trkpt lat="30.605917" lon="104.245346">
        <time>2026-05-29T12:03:23Z</time>
      </trkpt>
      <trkpt lat="30.605877" lon="104.245415">
        <time>2026-05-29T12:03:24Z</time>
      </trkpt>
      <trkpt lat="30.605835" lon="104.24549">
        <time>2026-05-29T12:03:25Z</time>
      </trkpt>
      <trkpt lat="30.605791" lon="104.24557">
        <time>2026-05-29T12:03:26Z</time>
      </trkpt>
      <trkpt lat="30.60575" lon="104.24564">
        <time>2026-05-29T12:03:27Z</time>
      </trkpt>
      <trkpt lat="30.60571" lon="104.24571">
        <time>2026-05-29T12:03:28Z</time>
      </trkpt>
      <trkpt lat="30.605665" lon="104.24579">
        <time>2026-05-29T12:03:29Z</time>
      </trkpt>
      <trkpt lat="30.605623" lon="104.24586">
        <time>2026-05-29T12:03:30Z</time>
      </trkpt>
      <trkpt lat="30.605583" lon="104.24593">
        <time>2026-05-29T12:03:31Z</time>
      </trkpt>
      <trkpt lat="30.605541" lon="104.246">
        <time>2026-05-29T12:03:32Z</time>
      </trkpt>
      <trkpt lat="30.6055" lon="104.24608">
        <time>2026-05-29T12:03:33Z</time>
      </trkpt>
      <trkpt lat="30.605455" lon="104.24615">
        <time>2026-05-29T12:03:34Z</time>
      </trkpt>
      <trkpt lat="30.60541" lon="104.24622">
        <time>2026-05-29T12:03:35Z</time>
      </trkpt>
      <trkpt lat="30.605366" lon="104.24629">
        <time>2026-05-29T12:03:36Z</time>
      </trkpt>
      <trkpt lat="30.60532" lon="104.24637">
        <time>2026-05-29T12:03:37Z</time>
      </trkpt>
      <trkpt lat="30.605274" lon="104.246445">
        <time>2026-05-29T12:03:38Z</time>
      </trkpt>
      <trkpt lat="30.605234" lon="104.24651">
        <time>2026-05-29T12:03:39Z</time>
      </trkpt>
      <trkpt lat="30.605188" lon="104.24659">
        <time>2026-05-29T12:03:40Z</time>
      </trkpt>
      <trkpt lat="30.605143" lon="104.246666">
        <time>2026-05-29T12:03:41Z</time>
      </trkpt>
      <trkpt lat="30.605097" lon="104.24674">
        <time>2026-05-29T12:03:42Z</time>
      </trkpt>
      <trkpt lat="30.605053" lon="104.24682">
        <time>2026-05-29T12:03:43Z</time>
      </trkpt>
      <trkpt lat="30.605011" lon="104.24689">
        <time>2026-05-29T12:03:44Z</time>
      </trkpt>
      <trkpt lat="30.60497" lon="104.24696">
        <time>2026-05-29T12:03:45Z</time>
      </trkpt>
      <trkpt lat="30.604927" lon="104.24704">
        <time>2026-05-29T12:03:46Z</time>
      </trkpt>
      <trkpt lat="30.604883" lon="104.24711">
        <time>2026-05-29T12:03:47Z</time>
      </trkpt>
      <trkpt lat="30.604837" lon="104.247185">
        <time>2026-05-29T12:03:48Z</time>
      </trkpt>
      <trkpt lat="30.604794" lon="104.24725">
        <time>2026-05-29T12:03:49Z</time>
      </trkpt>
      <trkpt lat="30.60475" lon="104.24733">
        <time>2026-05-29T12:03:50Z</time>
      </trkpt>
      <trkpt lat="30.604708" lon="104.2474">
        <time>2026-05-29T12:03:51Z</time>
      </trkpt>
      <trkpt lat="30.604666" lon="104.247475">
        <time>2026-05-29T12:03:52Z</time>
      </trkpt>
      <trkpt lat="30.604622" lon="104.24755">
        <time>2026-05-29T12:03:53Z</time>
      </trkpt>
      <trkpt lat="30.604578" lon="104.24762">
        <time>2026-05-29T12:03:54Z</time>
      </trkpt>
      <trkpt lat="30.604534" lon="104.247696">
        <time>2026-05-29T12:03:55Z</time>
      </trkpt>
      <trkpt lat="30.604492" lon="104.247765">
        <time>2026-05-29T12:03:56Z</time>
      </trkpt>
      <trkpt lat="30.604448" lon="104.24784">
        <time>2026-05-29T12:03:57Z</time>
      </trkpt>
      <trkpt lat="30.604404" lon="104.24791">
        <time>2026-05-29T12:03:58Z</time>
      </trkpt>
      <trkpt lat="30.60436" lon="104.24798">
        <time>2026-05-29T12:03:59Z</time>
      </trkpt>
      <trkpt lat="30.604319" lon="104.24805">
        <time>2026-05-29T12:04:00Z</time>
      </trkpt>
      <trkpt lat="30.60428" lon="104.248116">
        <time>2026-05-29T12:04:01Z</time>
      </trkpt>
      <trkpt lat="30.60424" lon="104.248184">
        <time>2026-05-29T12:04:02Z</time>
      </trkpt>
      <trkpt lat="30.604198" lon="104.24825">
        <time>2026-05-29T12:04:03Z</time>
      </trkpt>
      <trkpt lat="30.604158" lon="104.24832">
        <time>2026-05-29T12:04:04Z</time>
      </trkpt>
      <trkpt lat="30.604115" lon="104.24839">
        <time>2026-05-29T12:04:05Z</time>
      </trkpt>
      <trkpt lat="30.604073" lon="104.24845">
        <time>2026-05-29T12:04:06Z</time>
      </trkpt>
      <trkpt lat="30.604033" lon="104.24851">
        <time>2026-05-29T12:04:07Z</time>
      </trkpt>
      <trkpt lat="30.603994" lon="104.24858">
        <time>2026-05-29T12:04:08Z</time>
      </trkpt>
      <trkpt lat="30.603958" lon="104.24864">
        <time>2026-05-29T12:04:09Z</time>
      </trkpt>
      <trkpt lat="30.603924" lon="104.248695">
        <time>2026-05-29T12:04:10Z</time>
      </trkpt>
      <trkpt lat="30.60389" lon="104.24876">
        <time>2026-05-29T12:04:11Z</time>
      </trkpt>
      <trkpt lat="30.603855" lon="104.24881">
        <time>2026-05-29T12:04:12Z</time>
      </trkpt>
      <trkpt lat="30.60382" lon="104.24887">
        <time>2026-05-29T12:04:13Z</time>
      </trkpt>
      <trkpt lat="30.603788" lon="104.24893">
        <time>2026-05-29T12:04:14Z</time>
      </trkpt>
      <trkpt lat="30.603756" lon="104.24899">
        <time>2026-05-29T12:04:15Z</time>
      </trkpt>
      <trkpt lat="30.603718" lon="104.249054">
        <time>2026-05-29T12:04:16Z</time>
      </trkpt>
      <trkpt lat="30.603685" lon="104.24911">
        <time>2026-05-29T12:04:17Z</time>
      </trkpt>
      <trkpt lat="30.603655" lon="104.24916">
        <time>2026-05-29T12:04:18Z</time>
      </trkpt>
      <trkpt lat="30.60362" lon="104.24922">
        <time>2026-05-29T12:04:19Z</time>
      </trkpt>
      <trkpt lat="30.603582" lon="104.24928">
        <time>2026-05-29T12:04:20Z</time>
      </trkpt>
      <trkpt lat="30.603548" lon="104.249344">
        <time>2026-05-29T12:04:21Z</time>
      </trkpt>
      <trkpt lat="30.60351" lon="104.249405">
        <time>2026-05-29T12:04:22Z</time>
      </trkpt>
      <trkpt lat="30.603474" lon="104.249466">
        <time>2026-05-29T12:04:23Z</time>
      </trkpt>
      <trkpt lat="30.603437" lon="104.24952">
        <time>2026-05-29T12:04:24Z</time>
      </trkpt>
      <trkpt lat="30.6034" lon="104.24958">
        <time>2026-05-29T12:04:25Z</time>
      </trkpt>
      <trkpt lat="30.603363" lon="104.24964">
        <time>2026-05-29T12:04:26Z</time>
      </trkpt>
      <trkpt lat="30.603327" lon="104.2497">
        <time>2026-05-29T12:04:27Z</time>
      </trkpt>
      <trkpt lat="30.60329" lon="104.249756">
        <time>2026-05-29T12:04:28Z</time>
      </trkpt>
      <trkpt lat="30.603254" lon="104.24982">
        <time>2026-05-29T12:04:29Z</time>
      </trkpt>
      <trkpt lat="30.603222" lon="104.24987">
        <time>2026-05-29T12:04:30Z</time>
      </trkpt>
      <trkpt lat="30.603188" lon="104.24993">
        <time>2026-05-29T12:04:31Z</time>
      </trkpt>
      <trkpt lat="30.603155" lon="104.249985">
        <time>2026-05-29T12:04:32Z</time>
      </trkpt>
      <trkpt lat="30.60312" lon="104.250046">
        <time>2026-05-29T12:04:33Z</time>
      </trkpt>
      <trkpt lat="30.603086" lon="104.2501">
        <time>2026-05-29T12:04:34Z</time>
      </trkpt>
      <trkpt lat="30.603052" lon="104.25016">
        <time>2026-05-29T12:04:35Z</time>
      </trkpt>
      <trkpt lat="30.603018" lon="104.25022">
        <time>2026-05-29T12:04:36Z</time>
      </trkpt>
      <trkpt lat="30.602983" lon="104.250275">
        <time>2026-05-29T12:04:37Z</time>
      </trkpt>
      <trkpt lat="30.602947" lon="104.250336">
        <time>2026-05-29T12:04:38Z</time>
      </trkpt>
      <trkpt lat="30.602911" lon="104.2504">
        <time>2026-05-29T12:04:39Z</time>
      </trkpt>
      <trkpt lat="30.602875" lon="104.250465">
        <time>2026-05-29T12:04:40Z</time>
      </trkpt>
      <trkpt lat="30.602839" lon="104.25053">
        <time>2026-05-29T12:04:41Z</time>
      </trkpt>
      <trkpt lat="30.602798" lon="104.25059">
        <time>2026-05-29T12:04:42Z</time>
      </trkpt>
      <trkpt lat="30.60276" lon="104.250656">
        <time>2026-05-29T12:04:43Z</time>
      </trkpt>
      <trkpt lat="30.602722" lon="104.250725">
        <time>2026-05-29T12:04:44Z</time>
      </trkpt>
      <trkpt lat="30.602684" lon="104.250786">
        <time>2026-05-29T12:04:45Z</time>
      </trkpt>
      <trkpt lat="30.602642" lon="104.250854">
        <time>2026-05-29T12:04:46Z</time>
      </trkpt>
      <trkpt lat="30.602604" lon="104.250916">
        <time>2026-05-29T12:04:47Z</time>
      </trkpt>
      <trkpt lat="30.602566" lon="104.250984">
        <time>2026-05-29T12:04:48Z</time>
      </trkpt>
      <trkpt lat="30.602526" lon="104.25105">
        <time>2026-05-29T12:04:49Z</time>
      </trkpt>
      <trkpt lat="30.602486" lon="104.25112">
        <time>2026-05-29T12:04:50Z</time>
      </trkpt>
      <trkpt lat="30.602446" lon="104.25119">
        <time>2026-05-29T12:04:51Z</time>
      </trkpt>
      <trkpt lat="30.602406" lon="104.25126">
        <time>2026-05-29T12:04:52Z</time>
      </trkpt>
      <trkpt lat="30.602364" lon="104.251335">
        <time>2026-05-29T12:04:53Z</time>
      </trkpt>
      <trkpt lat="30.602324" lon="104.2514">
        <time>2026-05-29T12:04:54Z</time>
      </trkpt>
      <trkpt lat="30.602283" lon="104.25147">
        <time>2026-05-29T12:04:55Z</time>
      </trkpt>
      <trkpt lat="30.602243" lon="104.25155">
        <time>2026-05-29T12:04:56Z</time>
      </trkpt>
      <trkpt lat="30.602205" lon="104.25162">
        <time>2026-05-29T12:04:57Z</time>
      </trkpt>
      <trkpt lat="30.602167" lon="104.25169">
        <time>2026-05-29T12:04:58Z</time>
      </trkpt>
      <trkpt lat="30.602129" lon="104.25177">
        <time>2026-05-29T12:04:59Z</time>
      </trkpt>
      <trkpt lat="30.602087" lon="104.25185">
        <time>2026-05-29T12:05:00Z</time>
      </trkpt>
      <trkpt lat="30.602047" lon="104.251915">
        <time>2026-05-29T12:05:01Z</time>
      </trkpt>
      <trkpt lat="30.602007" lon="104.25199">
        <time>2026-05-29T12:05:02Z</time>
      </trkpt>
      <trkpt lat="30.601967" lon="104.252075">
        <time>2026-05-29T12:05:03Z</time>
      </trkpt>
      <trkpt lat="30.601925" lon="104.25215">
        <time>2026-05-29T12:05:04Z</time>
      </trkpt>
      <trkpt lat="30.601885" lon="104.25223">
        <time>2026-05-29T12:05:05Z</time>
      </trkpt>
      <trkpt lat="30.601847" lon="104.252304">
        <time>2026-05-29T12:05:06Z</time>
      </trkpt>
      <trkpt lat="30.601809" lon="104.25238">
        <time>2026-05-29T12:05:07Z</time>
      </trkpt>
      <trkpt lat="30.60177" lon="104.252464">
        <time>2026-05-29T12:05:08Z</time>
      </trkpt>
      <trkpt lat="30.601732" lon="104.25254">
        <time>2026-05-29T12:05:09Z</time>
      </trkpt>
      <trkpt lat="30.601694" lon="104.252625">
        <time>2026-05-29T12:05:10Z</time>
      </trkpt>
      <trkpt lat="30.601656" lon="104.25271">
        <time>2026-05-29T12:05:11Z</time>
      </trkpt>
      <trkpt lat="30.601618" lon="104.252785">
        <time>2026-05-29T12:05:12Z</time>
      </trkpt>
      <trkpt lat="30.60158" lon="104.25287">
        <time>2026-05-29T12:05:13Z</time>
      </trkpt>
      <trkpt lat="30.601542" lon="104.25295">
        <time>2026-05-29T12:05:14Z</time>
      </trkpt>
      <trkpt lat="30.601505" lon="104.25303">
        <time>2026-05-29T12:05:15Z</time>
      </trkpt>
      <trkpt lat="30.601469" lon="104.25311">
        <time>2026-05-29T12:05:16Z</time>
      </trkpt>
      <trkpt lat="30.60143" lon="104.2532">
        <time>2026-05-29T12:05:17Z</time>
      </trkpt>
      <trkpt lat="30.601397" lon="104.25328">
        <time>2026-05-29T12:05:18Z</time>
      </trkpt>
      <trkpt lat="30.60136" lon="104.253365">
        <time>2026-05-29T12:05:19Z</time>
      </trkpt>
      <trkpt lat="30.601324" lon="104.253456">
        <time>2026-05-29T12:05:20Z</time>
      </trkpt>
      <trkpt lat="30.60129" lon="104.25354">
        <time>2026-05-29T12:05:21Z</time>
      </trkpt>
      <trkpt lat="30.601255" lon="104.25363">
        <time>2026-05-29T12:05:22Z</time>
      </trkpt>
      <trkpt lat="30.60122" lon="104.253716">
        <time>2026-05-29T12:05:23Z</time>
      </trkpt>
      <trkpt lat="30.601185" lon="104.25381">
        <time>2026-05-29T12:05:24Z</time>
      </trkpt>
      <trkpt lat="30.60115" lon="104.2539">
        <time>2026-05-29T12:05:25Z</time>
      </trkpt>
      <trkpt lat="30.601118" lon="104.253975">
        <time>2026-05-29T12:05:26Z</time>
      </trkpt>
      <trkpt lat="30.601086" lon="104.25407">
        <time>2026-05-29T12:05:27Z</time>
      </trkpt>
      <trkpt lat="30.60105" lon="104.25415">
        <time>2026-05-29T12:05:28Z</time>
      </trkpt>
      <trkpt lat="30.60102" lon="104.25424">
        <time>2026-05-29T12:05:29Z</time>
      </trkpt>
      <trkpt lat="30.600983" lon="104.25433">
        <time>2026-05-29T12:05:30Z</time>
      </trkpt>
      <trkpt lat="30.60095" lon="104.25444">
        <time>2026-05-29T12:05:31Z</time>
      </trkpt>
      <trkpt lat="30.600916" lon="104.25455">
        <time>2026-05-29T12:05:32Z</time>
      </trkpt>
      <trkpt lat="30.600874" lon="104.254654">
        <time>2026-05-29T12:05:33Z</time>
      </trkpt>
      <trkpt lat="30.600838" lon="104.25476">
        <time>2026-05-29T12:05:34Z</time>
      </trkpt>
      <trkpt lat="30.600805" lon="104.254875">
        <time>2026-05-29T12:05:35Z</time>
      </trkpt>
      <trkpt lat="30.60077" lon="104.25498">
        <time>2026-05-29T12:05:36Z</time>
      </trkpt>
      <trkpt lat="30.600737" lon="104.2551">
        <time>2026-05-29T12:05:37Z</time>
      </trkpt>
      <trkpt lat="30.600704" lon="104.2552">
        <time>2026-05-29T12:05:38Z</time>
      </trkpt>
      <trkpt lat="30.600674" lon="104.25531">
        <time>2026-05-29T12:05:39Z</time>
      </trkpt>
      <trkpt lat="30.600643" lon="104.25542">
        <time>2026-05-29T12:05:40Z</time>
      </trkpt>
      <trkpt lat="30.60061" lon="104.25552">
        <time>2026-05-29T12:05:41Z</time>
      </trkpt>
      <trkpt lat="30.600584" lon="104.25564">
        <time>2026-05-29T12:05:42Z</time>
      </trkpt>
      <trkpt lat="30.600554" lon="104.25575">
        <time>2026-05-29T12:05:43Z</time>
      </trkpt>
      <trkpt lat="30.600523" lon="104.25586">
        <time>2026-05-29T12:05:44Z</time>
      </trkpt>
      <trkpt lat="30.600494" lon="104.25597">
        <time>2026-05-29T12:05:45Z</time>
      </trkpt>
      <trkpt lat="30.600466" lon="104.25608">
        <time>2026-05-29T12:05:46Z</time>
      </trkpt>
      <trkpt lat="30.60044" lon="104.256195">
        <time>2026-05-29T12:05:47Z</time>
      </trkpt>
      <trkpt lat="30.600414" lon="104.2563">
        <time>2026-05-29T12:05:48Z</time>
      </trkpt>
      <trkpt lat="30.600388" lon="104.25642">
        <time>2026-05-29T12:05:49Z</time>
      </trkpt>
      <trkpt lat="30.60036" lon="104.25653">
        <time>2026-05-29T12:05:50Z</time>
      </trkpt>
      <trkpt lat="30.600338" lon="104.256645">
        <time>2026-05-29T12:05:51Z</time>
      </trkpt>
      <trkpt lat="30.600313" lon="104.25675">
        <time>2026-05-29T12:05:52Z</time>
      </trkpt>
      <trkpt lat="30.600292" lon="104.25686">
        <time>2026-05-29T12:05:53Z</time>
      </trkpt>
      <trkpt lat="30.600271" lon="104.25696">
        <time>2026-05-29T12:05:54Z</time>
      </trkpt>
      <trkpt lat="30.600252" lon="104.257065">
        <time>2026-05-29T12:05:55Z</time>
      </trkpt>
      <trkpt lat="30.600233" lon="104.257164">
        <time>2026-05-29T12:05:56Z</time>
      </trkpt>
      <trkpt lat="30.600212" lon="104.257256">
        <time>2026-05-29T12:05:57Z</time>
      </trkpt>
      <trkpt lat="30.600193" lon="104.257355">
        <time>2026-05-29T12:05:58Z</time>
      </trkpt>
      <trkpt lat="30.600182" lon="104.25745">
        <time>2026-05-29T12:05:59Z</time>
      </trkpt>
      <trkpt lat="30.600168" lon="104.25754">
        <time>2026-05-29T12:06:00Z</time>
      </trkpt>
      <trkpt lat="30.600151" lon="104.25764">
        <time>2026-05-29T12:06:01Z</time>
      </trkpt>
      <trkpt lat="30.600136" lon="104.25773">
        <time>2026-05-29T12:06:02Z</time>
      </trkpt>
      <trkpt lat="30.600122" lon="104.25782">
        <time>2026-05-29T12:06:03Z</time>
      </trkpt>
      <trkpt lat="30.60011" lon="104.25791">
        <time>2026-05-29T12:06:04Z</time>
      </trkpt>
      <trkpt lat="30.600096" lon="104.258">
        <time>2026-05-29T12:06:05Z</time>
      </trkpt>
      <trkpt lat="30.600082" lon="104.258095">
        <time>2026-05-29T12:06:06Z</time>
      </trkpt>
      <trkpt lat="30.60007" lon="104.25819">
        <time>2026-05-29T12:06:07Z</time>
      </trkpt>
      <trkpt lat="30.600058" lon="104.25828">
        <time>2026-05-29T12:06:08Z</time>
      </trkpt>
      <trkpt lat="30.600044" lon="104.25837">
        <time>2026-05-29T12:06:09Z</time>
      </trkpt>
      <trkpt lat="30.60003" lon="104.25845">
        <time>2026-05-29T12:06:10Z</time>
      </trkpt>
      <trkpt lat="30.600021" lon="104.25854">
        <time>2026-05-29T12:06:11Z</time>
      </trkpt>
      <trkpt lat="30.60001" lon="104.25862">
        <time>2026-05-29T12:06:12Z</time>
      </trkpt>
      <trkpt lat="30.599995" lon="104.258705">
        <time>2026-05-29T12:06:13Z</time>
      </trkpt>
      <trkpt lat="30.599983" lon="104.2588">
        <time>2026-05-29T12:06:14Z</time>
      </trkpt>
      <trkpt lat="30.599977" lon="104.25888">
        <time>2026-05-29T12:06:15Z</time>
      </trkpt>
      <trkpt lat="30.59997" lon="104.258965">
        <time>2026-05-29T12:06:16Z</time>
      </trkpt>
      <trkpt lat="30.599964" lon="104.25905">
        <time>2026-05-29T12:06:17Z</time>
      </trkpt>
      <trkpt lat="30.59996" lon="104.259125">
        <time>2026-05-29T12:06:18Z</time>
      </trkpt>
      <trkpt lat="30.599955" lon="104.25921">
        <time>2026-05-29T12:06:19Z</time>
      </trkpt>
      <trkpt lat="30.59995" lon="104.25929">
        <time>2026-05-29T12:06:20Z</time>
      </trkpt>
      <trkpt lat="30.599945" lon="104.25937">
        <time>2026-05-29T12:06:21Z</time>
      </trkpt>
      <trkpt lat="30.599937" lon="104.25945">
        <time>2026-05-29T12:06:22Z</time>
      </trkpt>
      <trkpt lat="30.599932" lon="104.25953">
        <time>2026-05-29T12:06:23Z</time>
      </trkpt>
      <trkpt lat="30.599926" lon="104.25961">
        <time>2026-05-29T12:06:24Z</time>
      </trkpt>
      <trkpt lat="30.599922" lon="104.2597">
        <time>2026-05-29T12:06:25Z</time>
      </trkpt>
      <trkpt lat="30.599916" lon="104.25977">
        <time>2026-05-29T12:06:26Z</time>
      </trkpt>
      <trkpt lat="30.599913" lon="104.25985">
        <time>2026-05-29T12:06:27Z</time>
      </trkpt>
      <trkpt lat="30.599907" lon="104.25993">
        <time>2026-05-29T12:06:28Z</time>
      </trkpt>
      <trkpt lat="30.599903" lon="104.26001">
        <time>2026-05-29T12:06:29Z</time>
      </trkpt>
      <trkpt lat="30.599901" lon="104.260086">
        <time>2026-05-29T12:06:30Z</time>
      </trkpt>
      <trkpt lat="30.5999" lon="104.26016">
        <time>2026-05-29T12:06:31Z</time>
      </trkpt>
      <trkpt lat="30.599897" lon="104.26025">
        <time>2026-05-29T12:06:32Z</time>
      </trkpt>
      <trkpt lat="30.599892" lon="104.26032">
        <time>2026-05-29T12:06:33Z</time>
      </trkpt>
      <trkpt lat="30.599886" lon="104.26041">
        <time>2026-05-29T12:06:34Z</time>
      </trkpt>
      <trkpt lat="30.599884" lon="104.26049">
        <time>2026-05-29T12:06:35Z</time>
      </trkpt>
      <trkpt lat="30.59988" lon="104.260574">
        <time>2026-05-29T12:06:36Z</time>
      </trkpt>
      <trkpt lat="30.599876" lon="104.26066">
        <time>2026-05-29T12:06:37Z</time>
      </trkpt>
      <trkpt lat="30.599873" lon="104.260735">
        <time>2026-05-29T12:06:38Z</time>
      </trkpt>
      <trkpt lat="30.599869" lon="104.26081">
        <time>2026-05-29T12:06:39Z</time>
      </trkpt>
      <trkpt lat="30.599863" lon="104.260895">
        <time>2026-05-29T12:06:40Z</time>
      </trkpt>
      <trkpt lat="30.59986" lon="104.26097">
        <time>2026-05-29T12:06:41Z</time>
      </trkpt>
      <trkpt lat="30.599857" lon="104.261055">
        <time>2026-05-29T12:06:42Z</time>
      </trkpt>
      <trkpt lat="30.599854" lon="104.26113">
        <time>2026-05-29T12:06:43Z</time>
      </trkpt>
      <trkpt lat="30.599848" lon="104.261215">
        <time>2026-05-29T12:06:44Z</time>
      </trkpt>
      <trkpt lat="30.599844" lon="104.26129">
        <time>2026-05-29T12:06:45Z</time>
      </trkpt>
      <trkpt lat="30.59984" lon="104.261375">
        <time>2026-05-29T12:06:46Z</time>
      </trkpt>
      <trkpt lat="30.599834" lon="104.26145">
        <time>2026-05-29T12:06:47Z</time>
      </trkpt>
      <trkpt lat="30.599833" lon="104.261536">
        <time>2026-05-29T12:06:48Z</time>
      </trkpt>
      <trkpt lat="30.59983" lon="104.261604">
        <time>2026-05-29T12:06:49Z</time>
      </trkpt>
      <trkpt lat="30.599829" lon="104.26168">
        <time>2026-05-29T12:06:50Z</time>
      </trkpt>
      <trkpt lat="30.599825" lon="104.261765">
        <time>2026-05-29T12:06:51Z</time>
      </trkpt>
      <trkpt lat="30.59982" lon="104.26184">
        <time>2026-05-29T12:06:52Z</time>
      </trkpt>
      <trkpt lat="30.59982" lon="104.26192">
        <time>2026-05-29T12:06:53Z</time>
      </trkpt>
      <trkpt lat="30.599817" lon="104.26199">
        <time>2026-05-29T12:06:54Z</time>
      </trkpt>
      <trkpt lat="30.599813" lon="104.26207">
        <time>2026-05-29T12:06:55Z</time>
      </trkpt>
      <trkpt lat="30.599808" lon="104.262146">
        <time>2026-05-29T12:06:56Z</time>
      </trkpt>
      <trkpt lat="30.599806" lon="104.26223">
        <time>2026-05-29T12:06:57Z</time>
      </trkpt>
      <trkpt lat="30.599804" lon="104.26231">
        <time>2026-05-29T12:06:58Z</time>
      </trkpt>
      <trkpt lat="30.599796" lon="104.26239">
        <time>2026-05-29T12:06:59Z</time>
      </trkpt>
      <trkpt lat="30.599792" lon="104.262474">
        <time>2026-05-29T12:07:00Z</time>
      </trkpt>
      <trkpt lat="30.599787" lon="104.26256">
        <time>2026-05-29T12:07:01Z</time>
      </trkpt>
      <trkpt lat="30.599781" lon="104.26264">
        <time>2026-05-29T12:07:02Z</time>
      </trkpt>
      <trkpt lat="30.599781" lon="104.26272">
        <time>2026-05-29T12:07:03Z</time>
      </trkpt>
      <trkpt lat="30.59978" lon="104.262794">
        <time>2026-05-29T12:07:04Z</time>
      </trkpt>
      <trkpt lat="30.599773" lon="104.26287">
        <time>2026-05-29T12:07:05Z</time>
      </trkpt>
      <trkpt lat="30.599766" lon="104.26295">
        <time>2026-05-29T12:07:06Z</time>
      </trkpt>
      <trkpt lat="30.599762" lon="104.26302">
        <time>2026-05-29T12:07:07Z</time>
      </trkpt>
      <trkpt lat="30.599756" lon="104.26309">
        <time>2026-05-29T12:07:08Z</time>
      </trkpt>
      <trkpt lat="30.599752" lon="104.26317">
        <time>2026-05-29T12:07:09Z</time>
      </trkpt>
      <trkpt lat="30.599749" lon="104.263245">
        <time>2026-05-29T12:07:10Z</time>
      </trkpt>
      <trkpt lat="30.599745" lon="104.26331">
        <time>2026-05-29T12:07:11Z</time>
      </trkpt>
      <trkpt lat="30.59974" lon="104.26338">
        <time>2026-05-29T12:07:12Z</time>
      </trkpt>
      <trkpt lat="30.599733" lon="104.26346">
        <time>2026-05-29T12:07:13Z</time>
      </trkpt>
      <trkpt lat="30.59973" lon="104.26353">
        <time>2026-05-29T12:07:14Z</time>
      </trkpt>
      <trkpt lat="30.599726" lon="104.263596">
        <time>2026-05-29T12:07:15Z</time>
      </trkpt>
      <trkpt lat="30.599724" lon="104.263664">
        <time>2026-05-29T12:07:16Z</time>
      </trkpt>
      <trkpt lat="30.59972" lon="104.26373">
        <time>2026-05-29T12:07:17Z</time>
      </trkpt>
      <trkpt lat="30.599714" lon="104.2638">
        <time>2026-05-29T12:07:18Z</time>
      </trkpt>
      <trkpt lat="30.599714" lon="104.26387">
        <time>2026-05-29T12:07:19Z</time>
      </trkpt>
      <trkpt lat="30.599712" lon="104.26393">
        <time>2026-05-29T12:07:20Z</time>
      </trkpt>
      <trkpt lat="30.59971" lon="104.26399">
        <time>2026-05-29T12:07:21Z</time>
      </trkpt>
      <trkpt lat="30.599707" lon="104.26406">
        <time>2026-05-29T12:07:22Z</time>
      </trkpt>
      <trkpt lat="30.5997" lon="104.26412">
        <time>2026-05-29T12:07:23Z</time>
      </trkpt>
      <trkpt lat="30.599699" lon="104.26418">
        <time>2026-05-29T12:07:24Z</time>
      </trkpt>
      <trkpt lat="30.599693" lon="104.264244">
        <time>2026-05-29T12:07:25Z</time>
      </trkpt>
      <trkpt lat="30.599691" lon="104.264305">
        <time>2026-05-29T12:07:26Z</time>
      </trkpt>
      <trkpt lat="30.599688" lon="104.26436">
        <time>2026-05-29T12:07:27Z</time>
      </trkpt>
      <trkpt lat="30.599688" lon="104.26442">
        <time>2026-05-29T12:07:28Z</time>
      </trkpt>
      <trkpt lat="30.599686" lon="104.26448">
        <time>2026-05-29T12:07:29Z</time>
      </trkpt>
      <trkpt lat="30.599684" lon="104.26454">
        <time>2026-05-29T12:07:30Z</time>
      </trkpt>
      <trkpt lat="30.599678" lon="104.264595">
        <time>2026-05-29T12:07:31Z</time>
      </trkpt>
      <trkpt lat="30.599669" lon="104.264656">
        <time>2026-05-29T12:07:32Z</time>
      </trkpt>
      <trkpt lat="30.59966" lon="104.26472">
        <time>2026-05-29T12:07:33Z</time>
      </trkpt>
      <trkpt lat="30.59966" lon="104.26477">
        <time>2026-05-29T12:07:34Z</time>
      </trkpt>
      <trkpt lat="30.599665" lon="104.26483">
        <time>2026-05-29T12:07:35Z</time>
      </trkpt>
      <trkpt lat="30.599663" lon="104.26489">
        <time>2026-05-29T12:07:36Z</time>
      </trkpt>
      <trkpt lat="30.59966" lon="104.26495">
        <time>2026-05-29T12:07:37Z</time>
      </trkpt>
      <trkpt lat="30.599659" lon="104.265015">
        <time>2026-05-29T12:07:38Z</time>
      </trkpt>
      <trkpt lat="30.599655" lon="104.265076">
        <time>2026-05-29T12:07:39Z</time>
      </trkpt>
      <trkpt lat="30.599651" lon="104.26514">
        <time>2026-05-29T12:07:40Z</time>
      </trkpt>
      <trkpt lat="30.599648" lon="104.265205">
        <time>2026-05-29T12:07:41Z</time>
      </trkpt>
      <trkpt lat="30.599646" lon="104.26527">
        <time>2026-05-29T12:07:42Z</time>
      </trkpt>
      <trkpt lat="30.599646" lon="104.26533">
        <time>2026-05-29T12:07:43Z</time>
      </trkpt>
      <trkpt lat="30.599642" lon="104.265396">
        <time>2026-05-29T12:07:44Z</time>
      </trkpt>
      <trkpt lat="30.59964" lon="104.26546">
        <time>2026-05-29T12:07:45Z</time>
      </trkpt>
      <trkpt lat="30.599634" lon="104.26552">
        <time>2026-05-29T12:07:46Z</time>
      </trkpt>
      <trkpt lat="30.599632" lon="104.26559">
        <time>2026-05-29T12:07:47Z</time>
      </trkpt>
      <trkpt lat="30.599627" lon="104.26565">
        <time>2026-05-29T12:07:48Z</time>
      </trkpt>
      <trkpt lat="30.599625" lon="104.26572">
        <time>2026-05-29T12:07:49Z</time>
      </trkpt>
      <trkpt lat="30.59962" lon="104.265785">
        <time>2026-05-29T12:07:50Z</time>
      </trkpt>
      <trkpt lat="30.599619" lon="104.26585">
        <time>2026-05-29T12:07:51Z</time>
      </trkpt>
      <trkpt lat="30.599615" lon="104.265915">
        <time>2026-05-29T12:07:52Z</time>
      </trkpt>
      <trkpt lat="30.599611" lon="104.265976">
        <time>2026-05-29T12:07:53Z</time>
      </trkpt>
      <trkpt lat="30.599607" lon="104.266045">
        <time>2026-05-29T12:07:54Z</time>
      </trkpt>
      <trkpt lat="30.599606" lon="104.26611">
        <time>2026-05-29T12:07:55Z</time>
      </trkpt>
      <trkpt lat="30.599604" lon="104.26618">
        <time>2026-05-29T12:07:56Z</time>
      </trkpt>
      <trkpt lat="30.599602" lon="104.26625">
        <time>2026-05-29T12:07:57Z</time>
      </trkpt>
      <trkpt lat="30.599596" lon="104.26632">
        <time>2026-05-29T12:07:58Z</time>
      </trkpt>
      <trkpt lat="30.599592" lon="104.26639">
        <time>2026-05-29T12:07:59Z</time>
      </trkpt>
      <trkpt lat="30.599586" lon="104.26646">
        <time>2026-05-29T12:08:00Z</time>
      </trkpt>
      <trkpt lat="30.599583" lon="104.266525">
        <time>2026-05-29T12:08:01Z</time>
      </trkpt>
      <trkpt lat="30.59958" lon="104.26659">
        <time>2026-05-29T12:08:02Z</time>
      </trkpt>
      <trkpt lat="30.599579" lon="104.266655">
        <time>2026-05-29T12:08:03Z</time>
      </trkpt>
      <trkpt lat="30.599577" lon="104.266716">
        <time>2026-05-29T12:08:04Z</time>
      </trkpt>
      <trkpt lat="30.599579" lon="104.26678">
        <time>2026-05-29T12:08:05Z</time>
      </trkpt>
      <trkpt lat="30.599577" lon="104.26684">
        <time>2026-05-29T12:08:06Z</time>
      </trkpt>
      <trkpt lat="30.599573" lon="104.2669">
        <time>2026-05-29T12:08:07Z</time>
      </trkpt>
      <trkpt lat="30.59957" lon="104.26696">
        <time>2026-05-29T12:08:08Z</time>
      </trkpt>
      <trkpt lat="30.599566" lon="104.26702">
        <time>2026-05-29T12:08:09Z</time>
      </trkpt>
      <trkpt lat="30.599562" lon="104.26708">
        <time>2026-05-29T12:08:10Z</time>
      </trkpt>
      <trkpt lat="30.59956" lon="104.26714">
        <time>2026-05-29T12:08:11Z</time>
      </trkpt>
      <trkpt lat="30.599558" lon="104.26721">
        <time>2026-05-29T12:08:12Z</time>
      </trkpt>
      <trkpt lat="30.599556" lon="104.26727">
        <time>2026-05-29T12:08:13Z</time>
      </trkpt>
      <trkpt lat="30.599554" lon="104.267334">
        <time>2026-05-29T12:08:14Z</time>
      </trkpt>
      <trkpt lat="30.59955" lon="104.2674">
        <time>2026-05-29T12:08:15Z</time>
      </trkpt>
      <trkpt lat="30.599546" lon="104.26746">
        <time>2026-05-29T12:08:16Z</time>
      </trkpt>
      <trkpt lat="30.599545" lon="104.26753">
        <time>2026-05-29T12:08:17Z</time>
      </trkpt>
      <trkpt lat="30.599543" lon="104.2676">
        <time>2026-05-29T12:08:18Z</time>
      </trkpt>
      <trkpt lat="30.599539" lon="104.26767">
        <time>2026-05-29T12:08:19Z</time>
      </trkpt>
      <trkpt lat="30.599535" lon="104.26774">
        <time>2026-05-29T12:08:20Z</time>
      </trkpt>
      <trkpt lat="30.599531" lon="104.26781">
        <time>2026-05-29T12:08:21Z</time>
      </trkpt>
      <trkpt lat="30.59953" lon="104.26788">
        <time>2026-05-29T12:08:22Z</time>
      </trkpt>
      <trkpt lat="30.599527" lon="104.26795">
        <time>2026-05-29T12:08:23Z</time>
      </trkpt>
      <trkpt lat="30.599522" lon="104.26803">
        <time>2026-05-29T12:08:24Z</time>
      </trkpt>
      <trkpt lat="30.599516" lon="104.268105">
        <time>2026-05-29T12:08:25Z</time>
      </trkpt>
      <trkpt lat="30.599514" lon="104.26818">
        <time>2026-05-29T12:08:26Z</time>
      </trkpt>
      <trkpt lat="30.59951" lon="104.26826">
        <time>2026-05-29T12:08:27Z</time>
      </trkpt>
      <trkpt lat="30.599506" lon="104.26833">
        <time>2026-05-29T12:08:28Z</time>
      </trkpt>
      <trkpt lat="30.599504" lon="104.26841">
        <time>2026-05-29T12:08:29Z</time>
      </trkpt>
      <trkpt lat="30.5995" lon="104.26849">
        <time>2026-05-29T12:08:30Z</time>
      </trkpt>
      <trkpt lat="30.599495" lon="104.26858">
        <time>2026-05-29T12:08:31Z</time>
      </trkpt>
      <trkpt lat="30.59949" lon="104.26866">
        <time>2026-05-29T12:08:32Z</time>
      </trkpt>
      <trkpt lat="30.599483" lon="104.268745">
        <time>2026-05-29T12:08:33Z</time>
      </trkpt>
      <trkpt lat="30.599476" lon="104.26882">
        <time>2026-05-29T12:08:34Z</time>
      </trkpt>
      <trkpt lat="30.599468" lon="104.268906">
        <time>2026-05-29T12:08:35Z</time>
      </trkpt>
      <trkpt lat="30.599463" lon="104.26898">
        <time>2026-05-29T12:08:36Z</time>
      </trkpt>
      <trkpt lat="30.599457" lon="104.269066">
        <time>2026-05-29T12:08:37Z</time>
      </trkpt>
      <trkpt lat="30.599451" lon="104.26915">
        <time>2026-05-29T12:08:38Z</time>
      </trkpt>
      <trkpt lat="30.599445" lon="104.26923">
        <time>2026-05-29T12:08:39Z</time>
      </trkpt>
      <trkpt lat="30.599436" lon="104.26932">
        <time>2026-05-29T12:08:40Z</time>
      </trkpt>
      <trkpt lat="30.599424" lon="104.2694">
        <time>2026-05-29T12:08:41Z</time>
      </trkpt>
      <trkpt lat="30.599417" lon="104.26949">
        <time>2026-05-29T12:08:42Z</time>
      </trkpt>
      <trkpt lat="30.59941" lon="104.26958">
        <time>2026-05-29T12:08:43Z</time>
      </trkpt>
      <trkpt lat="30.599403" lon="104.26967">
        <time>2026-05-29T12:08:44Z</time>
      </trkpt>
      <trkpt lat="30.599396" lon="104.26976">
        <time>2026-05-29T12:08:45Z</time>
      </trkpt>
      <trkpt lat="30.59939" lon="104.26985">
        <time>2026-05-29T12:08:46Z</time>
      </trkpt>
      <trkpt lat="30.599384" lon="104.269936">
        <time>2026-05-29T12:08:47Z</time>
      </trkpt>
      <trkpt lat="30.599379" lon="104.27003">
        <time>2026-05-29T12:08:48Z</time>
      </trkpt>
      <trkpt lat="30.599371" lon="104.27012">
        <time>2026-05-29T12:08:49Z</time>
      </trkpt>
      <trkpt lat="30.599358" lon="104.27021">
        <time>2026-05-29T12:08:50Z</time>
      </trkpt>
      <trkpt lat="30.599346" lon="104.2703">
        <time>2026-05-29T12:08:51Z</time>
      </trkpt>
      <trkpt lat="30.599335" lon="104.27039">
        <time>2026-05-29T12:08:52Z</time>
      </trkpt>
      <trkpt lat="30.599325" lon="104.270485">
        <time>2026-05-29T12:08:53Z</time>
      </trkpt>
      <trkpt lat="30.599314" lon="104.27058">
        <time>2026-05-29T12:08:54Z</time>
      </trkpt>
      <trkpt lat="30.5993" lon="104.27066">
        <time>2026-05-29T12:08:55Z</time>
      </trkpt>
      <trkpt lat="30.59929" lon="104.270744">
        <time>2026-05-29T12:08:56Z</time>
      </trkpt>
      <trkpt lat="30.599281" lon="104.270836">
        <time>2026-05-29T12:08:57Z</time>
      </trkpt>
      <trkpt lat="30.59927" lon="104.27092">
        <time>2026-05-29T12:08:58Z</time>
      </trkpt>
      <trkpt lat="30.599258" lon="104.271">
        <time>2026-05-29T12:08:59Z</time>
      </trkpt>
      <trkpt lat="30.599247" lon="104.271095">
        <time>2026-05-29T12:09:00Z</time>
      </trkpt>
      <trkpt lat="30.599237" lon="104.27117">
        <time>2026-05-29T12:09:01Z</time>
      </trkpt>
      <trkpt lat="30.599226" lon="104.271255">
        <time>2026-05-29T12:09:02Z</time>
      </trkpt>
      <trkpt lat="30.599215" lon="104.27134">
        <time>2026-05-29T12:09:03Z</time>
      </trkpt>
      <trkpt lat="30.599203" lon="104.27142">
        <time>2026-05-29T12:09:04Z</time>
      </trkpt>
      <trkpt lat="30.59919" lon="104.27151">
        <time>2026-05-29T12:09:05Z</time>
      </trkpt>
      <trkpt lat="30.599173" lon="104.27159">
        <time>2026-05-29T12:09:06Z</time>
      </trkpt>
      <trkpt lat="30.599163" lon="104.271675">
        <time>2026-05-29T12:09:07Z</time>
      </trkpt>
      <trkpt lat="30.599152" lon="104.27176">
        <time>2026-05-29T12:09:08Z</time>
      </trkpt>
      <trkpt lat="30.599138" lon="104.27184">
        <time>2026-05-29T12:09:09Z</time>
      </trkpt>
      <trkpt lat="30.599125" lon="104.27193">
        <time>2026-05-29T12:09:10Z</time>
      </trkpt>
      <trkpt lat="30.599112" lon="104.272">
        <time>2026-05-29T12:09:11Z</time>
      </trkpt>
      <trkpt lat="30.599096" lon="104.27209">
        <time>2026-05-29T12:09:12Z</time>
      </trkpt>
      <trkpt lat="30.599081" lon="104.27216">
        <time>2026-05-29T12:09:13Z</time>
      </trkpt>
      <trkpt lat="30.599066" lon="104.27225">
        <time>2026-05-29T12:09:14Z</time>
      </trkpt>
      <trkpt lat="30.599052" lon="104.27233">
        <time>2026-05-29T12:09:15Z</time>
      </trkpt>
      <trkpt lat="30.59904" lon="104.27241">
        <time>2026-05-29T12:09:16Z</time>
      </trkpt>
      <trkpt lat="30.599026" lon="104.27249">
        <time>2026-05-29T12:09:17Z</time>
      </trkpt>
      <trkpt lat="30.599014" lon="104.27257">
        <time>2026-05-29T12:09:18Z</time>
      </trkpt>
      <trkpt lat="30.598999" lon="104.272644">
        <time>2026-05-29T12:09:19Z</time>
      </trkpt>
      <trkpt lat="30.598986" lon="104.27273">
        <time>2026-05-29T12:09:20Z</time>
      </trkpt>
      <trkpt lat="30.59897" lon="104.272804">
        <time>2026-05-29T12:09:21Z</time>
      </trkpt>
      <trkpt lat="30.598957" lon="104.27288">
        <time>2026-05-29T12:09:22Z</time>
      </trkpt>
      <trkpt lat="30.598944" lon="104.272964">
        <time>2026-05-29T12:09:23Z</time>
      </trkpt>
      <trkpt lat="30.59893" lon="104.27305">
        <time>2026-05-29T12:09:24Z</time>
      </trkpt>
      <trkpt lat="30.598915" lon="104.273125">
        <time>2026-05-29T12:09:25Z</time>
      </trkpt>
      <trkpt lat="30.598902" lon="104.27321">
        <time>2026-05-29T12:09:26Z</time>
      </trkpt>
      <trkpt lat="30.598888" lon="104.273285">
        <time>2026-05-29T12:09:27Z</time>
      </trkpt>
      <trkpt lat="30.598871" lon="104.27337">
        <time>2026-05-29T12:09:28Z</time>
      </trkpt>
      <trkpt lat="30.598858" lon="104.27345">
        <time>2026-05-29T12:09:29Z</time>
      </trkpt>
      <trkpt lat="30.598845" lon="104.27353">
        <time>2026-05-29T12:09:30Z</time>
      </trkpt>
      <trkpt lat="30.59883" lon="104.273605">
        <time>2026-05-29T12:09:31Z</time>
      </trkpt>
      <trkpt lat="30.598816" lon="104.273674">
        <time>2026-05-29T12:09:32Z</time>
      </trkpt>
      <trkpt lat="30.598804" lon="104.27374">
        <time>2026-05-29T12:09:33Z</time>
      </trkpt>
      <trkpt lat="30.59879" lon="104.27381">
        <time>2026-05-29T12:09:34Z</time>
      </trkpt>
      <trkpt lat="30.598776" lon="104.27388">
        <time>2026-05-29T12:09:35Z</time>
      </trkpt>
      <trkpt lat="30.598764" lon="104.27395">
        <time>2026-05-29T12:09:36Z</time>
      </trkpt>
      <trkpt lat="30.59875" lon="104.27402">
        <time>2026-05-29T12:09:37Z</time>
      </trkpt>
      <trkpt lat="30.598738" lon="104.274086">
        <time>2026-05-29T12:09:38Z</time>
      </trkpt>
      <trkpt lat="30.598724" lon="104.27415">
        <time>2026-05-29T12:09:39Z</time>
      </trkpt>
      <trkpt lat="30.598711" lon="104.274216">
        <time>2026-05-29T12:09:40Z</time>
      </trkpt>
      <trkpt lat="30.598698" lon="104.27428">
        <time>2026-05-29T12:09:41Z</time>
      </trkpt>
      <trkpt lat="30.598684" lon="104.274345">
        <time>2026-05-29T12:09:42Z</time>
      </trkpt>
      <trkpt lat="30.598673" lon="104.274414">
        <time>2026-05-29T12:09:43Z</time>
      </trkpt>
      <trkpt lat="30.598661" lon="104.27448">
        <time>2026-05-29T12:09:44Z</time>
      </trkpt>
      <trkpt lat="30.598648" lon="104.27455">
        <time>2026-05-29T12:09:45Z</time>
      </trkpt>
      <trkpt lat="30.598635" lon="104.27462">
        <time>2026-05-29T12:09:46Z</time>
      </trkpt>
      <trkpt lat="30.598623" lon="104.27468">
        <time>2026-05-29T12:09:47Z</time>
      </trkpt>
      <trkpt lat="30.598612" lon="104.27475">
        <time>2026-05-29T12:09:48Z</time>
      </trkpt>
      <trkpt lat="30.598602" lon="104.27482">
        <time>2026-05-29T12:09:49Z</time>
      </trkpt>
      <trkpt lat="30.598589" lon="104.27489">
        <time>2026-05-29T12:09:50Z</time>
      </trkpt>
      <trkpt lat="30.598577" lon="104.274956">
        <time>2026-05-29T12:09:51Z</time>
      </trkpt>
      <trkpt lat="30.598564" lon="104.275024">
        <time>2026-05-29T12:09:52Z</time>
      </trkpt>
      <trkpt lat="30.598549" lon="104.27509">
        <time>2026-05-29T12:09:53Z</time>
      </trkpt>
      <trkpt lat="30.598534" lon="104.27516">
        <time>2026-05-29T12:09:54Z</time>
      </trkpt>
      <trkpt lat="30.598518" lon="104.27524">
        <time>2026-05-29T12:09:55Z</time>
      </trkpt>
      <trkpt lat="30.598505" lon="104.27531">
        <time>2026-05-29T12:09:56Z</time>
      </trkpt>
      <trkpt lat="30.598494" lon="104.275375">
        <time>2026-05-29T12:09:57Z</time>
      </trkpt>
      <trkpt lat="30.598482" lon="104.275444">
        <time>2026-05-29T12:09:58Z</time>
      </trkpt>
      <trkpt lat="30.59847" lon="104.27551">
        <time>2026-05-29T12:09:59Z</time>
      </trkpt>
      <trkpt lat="30.59846" lon="104.27558">
        <time>2026-05-29T12:10:00Z</time>
      </trkpt>
      <trkpt lat="30.598446" lon="104.27565">
        <time>2026-05-29T12:10:01Z</time>
      </trkpt>
      <trkpt lat="30.598434" lon="104.27572">
        <time>2026-05-29T12:10:02Z</time>
      </trkpt>
      <trkpt lat="30.59842" lon="104.27579">
        <time>2026-05-29T12:10:03Z</time>
      </trkpt>
      <trkpt lat="30.598406" lon="104.275856">
        <time>2026-05-29T12:10:04Z</time>
      </trkpt>
      <trkpt lat="30.598394" lon="104.27592">
        <time>2026-05-29T12:10:05Z</time>
      </trkpt>
      <trkpt lat="30.598383" lon="104.275986">
        <time>2026-05-29T12:10:06Z</time>
      </trkpt>
      <trkpt lat="30.59837" lon="104.276054">
        <time>2026-05-29T12:10:07Z</time>
      </trkpt>
      <trkpt lat="30.598358" lon="104.27612">
        <time>2026-05-29T12:10:08Z</time>
      </trkpt>
      <trkpt lat="30.598345" lon="104.27619">
        <time>2026-05-29T12:10:09Z</time>
      </trkpt>
      <trkpt lat="30.598331" lon="104.27626">
        <time>2026-05-29T12:10:10Z</time>
      </trkpt>
      <trkpt lat="30.598316" lon="104.27633">
        <time>2026-05-29T12:10:11Z</time>
      </trkpt>
      <trkpt lat="30.598303" lon="104.2764">
        <time>2026-05-29T12:10:12Z</time>
      </trkpt>
      <trkpt lat="30.59829" lon="104.27647">
        <time>2026-05-29T12:10:13Z</time>
      </trkpt>
      <trkpt lat="30.598276" lon="104.276535">
        <time>2026-05-29T12:10:14Z</time>
      </trkpt>
      <trkpt lat="30.598263" lon="104.2766">
        <time>2026-05-29T12:10:15Z</time>
      </trkpt>
      <trkpt lat="30.598251" lon="104.27667">
        <time>2026-05-29T12:10:16Z</time>
      </trkpt>
      <trkpt lat="30.59824" lon="104.27674">
        <time>2026-05-29T12:10:17Z</time>
      </trkpt>
      <trkpt lat="30.598227" lon="104.27681">
        <time>2026-05-29T12:10:18Z</time>
      </trkpt>
      <trkpt lat="30.598215" lon="104.27688">
        <time>2026-05-29T12:10:19Z</time>
      </trkpt>
      <trkpt lat="30.598206" lon="104.27695">
        <time>2026-05-29T12:10:20Z</time>
      </trkpt>
      <trkpt lat="30.598192" lon="104.277016">
        <time>2026-05-29T12:10:21Z</time>
      </trkpt>
      <trkpt lat="30.598179" lon="104.277084">
        <time>2026-05-29T12:10:22Z</time>
      </trkpt>
      <trkpt lat="30.598166" lon="104.27715">
        <time>2026-05-29T12:10:23Z</time>
      </trkpt>
      <trkpt lat="30.598154" lon="104.27722">
        <time>2026-05-29T12:10:24Z</time>
      </trkpt>
      <trkpt lat="30.59814" lon="104.27729">
        <time>2026-05-29T12:10:25Z</time>
      </trkpt>
      <trkpt lat="30.59813" lon="104.27736">
        <time>2026-05-29T12:10:26Z</time>
      </trkpt>
      <trkpt lat="30.598116" lon="104.27743">
        <time>2026-05-29T12:10:27Z</time>
      </trkpt>
      <trkpt lat="30.598103" lon="104.2775">
        <time>2026-05-29T12:10:28Z</time>
      </trkpt>
      <trkpt lat="30.59809" lon="104.277565">
        <time>2026-05-29T12:10:29Z</time>
      </trkpt>
      <trkpt lat="30.598076" lon="104.27763">
        <time>2026-05-29T12:10:30Z</time>
      </trkpt>
      <trkpt lat="30.598064" lon="104.2777">
        <time>2026-05-29T12:10:31Z</time>
      </trkpt>
      <trkpt lat="30.598051" lon="104.27777">
        <time>2026-05-29T12:10:32Z</time>
      </trkpt>
      <trkpt lat="30.598038" lon="104.27784">
        <time>2026-05-29T12:10:33Z</time>
      </trkpt>
      <trkpt lat="30.598024" lon="104.27791">
        <time>2026-05-29T12:10:34Z</time>
      </trkpt>
      <trkpt lat="30.598013" lon="104.27798">
        <time>2026-05-29T12:10:35Z</time>
      </trkpt>
      <trkpt lat="30.598" lon="104.278046">
        <time>2026-05-29T12:10:36Z</time>
      </trkpt>
      <trkpt lat="30.597988" lon="104.27812">
        <time>2026-05-29T12:10:37Z</time>
      </trkpt>
      <trkpt lat="30.597975" lon="104.27819">
        <time>2026-05-29T12:10:38Z</time>
      </trkpt>
      <trkpt lat="30.597961" lon="104.27826">
        <time>2026-05-29T12:10:39Z</time>
      </trkpt>
      <trkpt lat="30.597946" lon="104.27833">
        <time>2026-05-29T12:10:40Z</time>
      </trkpt>
      <trkpt lat="30.597933" lon="104.278404">
        <time>2026-05-29T12:10:41Z</time>
      </trkpt>
      <trkpt lat="30.597921" lon="104.27847">
        <time>2026-05-29T12:10:42Z</time>
      </trkpt>
      <trkpt lat="30.597908" lon="104.27855">
        <time>2026-05-29T12:10:43Z</time>
      </trkpt>
      <trkpt lat="30.597893" lon="104.27862">
        <time>2026-05-29T12:10:44Z</time>
      </trkpt>
      <trkpt lat="30.59788" lon="104.278694">
        <time>2026-05-29T12:10:45Z</time>
      </trkpt>
      <trkpt lat="30.597864" lon="104.27877">
        <time>2026-05-29T12:10:46Z</time>
      </trkpt>
      <trkpt lat="30.59785" lon="104.27884">
        <time>2026-05-29T12:10:47Z</time>
      </trkpt>
      <trkpt lat="30.59784" lon="104.278915">
        <time>2026-05-29T12:10:48Z</time>
      </trkpt>
      <trkpt lat="30.597826" lon="104.27899">
        <time>2026-05-29T12:10:49Z</time>
      </trkpt>
      <trkpt lat="30.597813" lon="104.27906">
        <time>2026-05-29T12:10:50Z</time>
      </trkpt>
      <trkpt lat="30.5978" lon="104.27914">
        <time>2026-05-29T12:10:51Z</time>
      </trkpt>
      <trkpt lat="30.597786" lon="104.27921">
        <time>2026-05-29T12:10:52Z</time>
      </trkpt>
      <trkpt lat="30.597773" lon="104.27928">
        <time>2026-05-29T12:10:53Z</time>
      </trkpt>
      <trkpt lat="30.59776" lon="104.27936">
        <time>2026-05-29T12:10:54Z</time>
      </trkpt>
      <trkpt lat="30.597746" lon="104.279434">
        <time>2026-05-29T12:10:55Z</time>
      </trkpt>
      <trkpt lat="30.597733" lon="104.2795">
        <time>2026-05-29T12:10:56Z</time>
      </trkpt>
      <trkpt lat="30.59772" lon="104.27958">
        <time>2026-05-29T12:10:57Z</time>
      </trkpt>
      <trkpt lat="30.597708" lon="104.279655">
        <time>2026-05-29T12:10:58Z</time>
      </trkpt>
      <trkpt lat="30.597696" lon="104.27973">
        <time>2026-05-29T12:10:59Z</time>
      </trkpt>
      <trkpt lat="30.597687" lon="104.27981">
        <time>2026-05-29T12:11:00Z</time>
      </trkpt>
      <trkpt lat="30.597675" lon="104.279884">
        <time>2026-05-29T12:11:01Z</time>
      </trkpt>
      <trkpt lat="30.597664" lon="104.27996">
        <time>2026-05-29T12:11:02Z</time>
      </trkpt>
      <trkpt lat="30.597652" lon="104.28004">
        <time>2026-05-29T12:11:03Z</time>
      </trkpt>
      <trkpt lat="30.597641" lon="104.28011">
        <time>2026-05-29T12:11:04Z</time>
      </trkpt>
      <trkpt lat="30.597633" lon="104.2802">
        <time>2026-05-29T12:11:05Z</time>
      </trkpt>
      <trkpt lat="30.597624" lon="104.28027">
        <time>2026-05-29T12:11:06Z</time>
      </trkpt>
      <trkpt lat="30.597612" lon="104.28034">
        <time>2026-05-29T12:11:07Z</time>
      </trkpt>
      <trkpt lat="30.5976" lon="104.28042">
        <time>2026-05-29T12:11:08Z</time>
      </trkpt>
      <trkpt lat="30.597593" lon="104.280495">
        <time>2026-05-29T12:11:09Z</time>
      </trkpt>
      <trkpt lat="30.597586" lon="104.28057">
        <time>2026-05-29T12:11:10Z</time>
      </trkpt>
      <trkpt lat="30.597576" lon="104.28065">
        <time>2026-05-29T12:11:11Z</time>
      </trkpt>
      <trkpt lat="30.597569" lon="104.28072">
        <time>2026-05-29T12:11:12Z</time>
      </trkpt>
      <trkpt lat="30.597559" lon="104.2808">
        <time>2026-05-29T12:11:13Z</time>
      </trkpt>
      <trkpt lat="30.59755" lon="104.28088">
        <time>2026-05-29T12:11:14Z</time>
      </trkpt>
      <trkpt lat="30.597546" lon="104.28096">
        <time>2026-05-29T12:11:15Z</time>
      </trkpt>
      <trkpt lat="30.59754" lon="104.28104">
        <time>2026-05-29T12:11:16Z</time>
      </trkpt>
      <trkpt lat="30.597534" lon="104.28111">
        <time>2026-05-29T12:11:17Z</time>
      </trkpt>
      <trkpt lat="30.59753" lon="104.28119">
        <time>2026-05-29T12:11:18Z</time>
      </trkpt>
      <trkpt lat="30.597523" lon="104.281265">
        <time>2026-05-29T12:11:19Z</time>
      </trkpt>
      <trkpt lat="30.597519" lon="104.28134">
        <time>2026-05-29T12:11:20Z</time>
      </trkpt>
      <trkpt lat="30.597511" lon="104.281425">
        <time>2026-05-29T12:11:21Z</time>
      </trkpt>
      <trkpt lat="30.597507" lon="104.2815">
        <time>2026-05-29T12:11:22Z</time>
      </trkpt>
      <trkpt lat="30.597502" lon="104.28158">
        <time>2026-05-29T12:11:23Z</time>
      </trkpt>
      <trkpt lat="30.597498" lon="104.281654">
        <time>2026-05-29T12:11:24Z</time>
      </trkpt>
      <trkpt lat="30.597496" lon="104.28173">
        <time>2026-05-29T12:11:25Z</time>
      </trkpt>
      <trkpt lat="30.597492" lon="104.28181">
        <time>2026-05-29T12:11:26Z</time>
      </trkpt>
      <trkpt lat="30.597488" lon="104.28188">
        <time>2026-05-29T12:11:27Z</time>
      </trkpt>
      <trkpt lat="30.597485" lon="104.28196">
        <time>2026-05-29T12:11:28Z</time>
      </trkpt>
      <trkpt lat="30.59748" lon="104.28203">
        <time>2026-05-29T12:11:29Z</time>
      </trkpt>
      <trkpt lat="30.59748" lon="104.282104">
        <time>2026-05-29T12:11:30Z</time>
      </trkpt>
      <trkpt lat="30.597477" lon="104.28218">
        <time>2026-05-29T12:11:31Z</time>
      </trkpt>
      <trkpt lat="30.597475" lon="104.28226">
        <time>2026-05-29T12:11:32Z</time>
      </trkpt>
      <trkpt lat="30.597473" lon="104.282326">
        <time>2026-05-29T12:11:33Z</time>
      </trkpt>
      <trkpt lat="30.597473" lon="104.2824">
        <time>2026-05-29T12:11:34Z</time>
      </trkpt>
      <trkpt lat="30.597471" lon="104.28248">
        <time>2026-05-29T12:11:35Z</time>
      </trkpt>
      <trkpt lat="30.597471" lon="104.28255">
        <time>2026-05-29T12:11:36Z</time>
      </trkpt>
      <trkpt lat="30.597471" lon="104.28262">
        <time>2026-05-29T12:11:37Z</time>
      </trkpt>
      <trkpt lat="30.597471" lon="104.28269">
        <time>2026-05-29T12:11:38Z</time>
      </trkpt>
      <trkpt lat="30.597471" lon="104.28277">
        <time>2026-05-29T12:11:39Z</time>
      </trkpt>
      <trkpt lat="30.597473" lon="104.28284">
        <time>2026-05-29T12:11:40Z</time>
      </trkpt>
      <trkpt lat="30.597473" lon="104.28291">
        <time>2026-05-29T12:11:41Z</time>
      </trkpt>
      <trkpt lat="30.597473" lon="104.28299">
        <time>2026-05-29T12:11:42Z</time>
      </trkpt>
      <trkpt lat="30.597475" lon="104.28306">
        <time>2026-05-29T12:11:43Z</time>
      </trkpt>
      <trkpt lat="30.597477" lon="104.283134">
        <time>2026-05-29T12:11:44Z</time>
      </trkpt>
      <trkpt lat="30.597479" lon="104.2832">
        <time>2026-05-29T12:11:45Z</time>
      </trkpt>
      <trkpt lat="30.59748" lon="104.28328">
        <time>2026-05-29T12:11:46Z</time>
      </trkpt>
      <trkpt lat="30.59748" lon="104.283356">
        <time>2026-05-29T12:11:47Z</time>
      </trkpt>
      <trkpt lat="30.597483" lon="104.28343">
        <time>2026-05-29T12:11:48Z</time>
      </trkpt>
      <trkpt lat="30.597485" lon="104.2835">
        <time>2026-05-29T12:11:49Z</time>
      </trkpt>
      <trkpt lat="30.597486" lon="104.28358">
        <time>2026-05-29T12:11:50Z</time>
      </trkpt>
      <trkpt lat="30.597486" lon="104.28365">
        <time>2026-05-29T12:11:51Z</time>
      </trkpt>
      <trkpt lat="30.597488" lon="104.28372">
        <time>2026-05-29T12:11:52Z</time>
      </trkpt>
      <trkpt lat="30.59749" lon="104.2838">
        <time>2026-05-29T12:11:53Z</time>
      </trkpt>
      <trkpt lat="30.597492" lon="104.28387">
        <time>2026-05-29T12:11:54Z</time>
      </trkpt>
      <trkpt lat="30.597492" lon="104.28394">
        <time>2026-05-29T12:11:55Z</time>
      </trkpt>
      <trkpt lat="30.597492" lon="104.28402">
        <time>2026-05-29T12:11:56Z</time>
      </trkpt>
      <trkpt lat="30.597494" lon="104.284096">
        <time>2026-05-29T12:11:57Z</time>
      </trkpt>
      <trkpt lat="30.597496" lon="104.28417">
        <time>2026-05-29T12:11:58Z</time>
      </trkpt>
      <trkpt lat="30.5975" lon="104.28425">
        <time>2026-05-29T12:11:59Z</time>
      </trkpt>
      <trkpt lat="30.597502" lon="104.28432">
        <time>2026-05-29T12:12:00Z</time>
      </trkpt>
      <trkpt lat="30.597504" lon="104.28439">
        <time>2026-05-29T12:12:01Z</time>
      </trkpt>
      <trkpt lat="30.597504" lon="104.28447">
        <time>2026-05-29T12:12:02Z</time>
      </trkpt>
      <trkpt lat="30.597504" lon="104.284546">
        <time>2026-05-29T12:12:03Z</time>
      </trkpt>
      <trkpt lat="30.597506" lon="104.28462">
        <time>2026-05-29T12:12:04Z</time>
      </trkpt>
      <trkpt lat="30.597507" lon="104.2847">
        <time>2026-05-29T12:12:05Z</time>
      </trkpt>
      <trkpt lat="30.59751" lon="104.284775">
        <time>2026-05-29T12:12:06Z</time>
      </trkpt>
      <trkpt lat="30.597511" lon="104.28485">
        <time>2026-05-29T12:12:07Z</time>
      </trkpt>
      <trkpt lat="30.597513" lon="104.28493">
        <time>2026-05-29T12:12:08Z</time>
      </trkpt>
      <trkpt lat="30.597513" lon="104.285">
        <time>2026-05-29T12:12:09Z</time>
      </trkpt>
      <trkpt lat="30.597517" lon="104.28508">
        <time>2026-05-29T12:12:10Z</time>
      </trkpt>
      <trkpt lat="30.59752" lon="104.28516">
        <time>2026-05-29T12:12:11Z</time>
      </trkpt>
      <trkpt lat="30.59752" lon="104.28524">
        <time>2026-05-29T12:12:12Z</time>
      </trkpt>
      <trkpt lat="30.59752" lon="104.28532">
        <time>2026-05-29T12:12:13Z</time>
      </trkpt>
      <trkpt lat="30.59752" lon="104.28539">
        <time>2026-05-29T12:12:14Z</time>
      </trkpt>
      <trkpt lat="30.59752" lon="104.28547">
        <time>2026-05-29T12:12:15Z</time>
      </trkpt>
      <trkpt lat="30.597525" lon="104.285545">
        <time>2026-05-29T12:12:16Z</time>
      </trkpt>
      <trkpt lat="30.597527" lon="104.28562">
        <time>2026-05-29T12:12:17Z</time>
      </trkpt>
      <trkpt lat="30.597528" lon="104.2857">
        <time>2026-05-29T12:12:18Z</time>
      </trkpt>
      <trkpt lat="30.59753" lon="104.285774">
        <time>2026-05-29T12:12:19Z</time>
      </trkpt>
      <trkpt lat="30.597532" lon="104.28585">
        <time>2026-05-29T12:12:20Z</time>
      </trkpt>
      <trkpt lat="30.597532" lon="104.28593">
        <time>2026-05-29T12:12:21Z</time>
      </trkpt>
      <trkpt lat="30.597536" lon="104.286">
        <time>2026-05-29T12:12:22Z</time>
      </trkpt>
      <trkpt lat="30.597536" lon="104.28607">
        <time>2026-05-29T12:12:23Z</time>
      </trkpt>
      <trkpt lat="30.59754" lon="104.28615">
        <time>2026-05-29T12:12:24Z</time>
      </trkpt>
      <trkpt lat="30.59754" lon="104.286224">
        <time>2026-05-29T12:12:25Z</time>
      </trkpt>
      <trkpt lat="30.597538" lon="104.2863">
        <time>2026-05-29T12:12:26Z</time>
      </trkpt>
      <trkpt lat="30.597534" lon="104.28638">
        <time>2026-05-29T12:12:27Z</time>
      </trkpt>
      <trkpt lat="30.597532" lon="104.286446">
        <time>2026-05-29T12:12:28Z</time>
      </trkpt>
      <trkpt lat="30.597534" lon="104.28652">
        <time>2026-05-29T12:12:29Z</time>
      </trkpt>
      <trkpt lat="30.597538" lon="104.28659">
        <time>2026-05-29T12:12:30Z</time>
      </trkpt>
      <trkpt lat="30.59754" lon="104.28667">
        <time>2026-05-29T12:12:31Z</time>
      </trkpt>
      <trkpt lat="30.597542" lon="104.286736">
        <time>2026-05-29T12:12:32Z</time>
      </trkpt>
      <trkpt lat="30.597546" lon="104.286804">
        <time>2026-05-29T12:12:33Z</time>
      </trkpt>
      <trkpt lat="30.59755" lon="104.28687">
        <time>2026-05-29T12:12:34Z</time>
      </trkpt>
      <trkpt lat="30.59755" lon="104.28695">
        <time>2026-05-29T12:12:35Z</time>
      </trkpt>
      <trkpt lat="30.597551" lon="104.28702">
        <time>2026-05-29T12:12:36Z</time>
      </trkpt>
      <trkpt lat="30.597555" lon="104.28709">
        <time>2026-05-29T12:12:37Z</time>
      </trkpt>
      <trkpt lat="30.597557" lon="104.287155">
        <time>2026-05-29T12:12:38Z</time>
      </trkpt>
      <trkpt lat="30.597559" lon="104.28723">
        <time>2026-05-29T12:12:39Z</time>
      </trkpt>
      <trkpt lat="30.59756" lon="104.2873">
        <time>2026-05-29T12:12:40Z</time>
      </trkpt>
      <trkpt lat="30.59756" lon="104.28737">
        <time>2026-05-29T12:12:41Z</time>
      </trkpt>
      <trkpt lat="30.59756" lon="104.28744">
        <time>2026-05-29T12:12:42Z</time>
      </trkpt>
      <trkpt lat="30.597563" lon="104.287506">
        <time>2026-05-29T12:12:43Z</time>
      </trkpt>
      <trkpt lat="30.597563" lon="104.287575">
        <time>2026-05-29T12:12:44Z</time>
      </trkpt>
      <trkpt lat="30.597567" lon="104.28764">
        <time>2026-05-29T12:12:45Z</time>
      </trkpt>
      <trkpt lat="30.597569" lon="104.28771">
        <time>2026-05-29T12:12:46Z</time>
      </trkpt>
      <trkpt lat="30.59757" lon="104.28777">
        <time>2026-05-29T12:12:47Z</time>
      </trkpt>
      <trkpt lat="30.597572" lon="104.28784">
        <time>2026-05-29T12:12:48Z</time>
      </trkpt>
      <trkpt lat="30.597574" lon="104.28791">
        <time>2026-05-29T12:12:49Z</time>
      </trkpt>
      <trkpt lat="30.597574" lon="104.28798">
        <time>2026-05-29T12:12:50Z</time>
      </trkpt>
      <trkpt lat="30.597574" lon="104.28805">
        <time>2026-05-29T12:12:51Z</time>
      </trkpt>
      <trkpt lat="30.597574" lon="104.28812">
        <time>2026-05-29T12:12:52Z</time>
      </trkpt>
      <trkpt lat="30.597578" lon="104.288185">
        <time>2026-05-29T12:12:53Z</time>
      </trkpt>
      <trkpt lat="30.59758" lon="104.28825">
        <time>2026-05-29T12:12:54Z</time>
      </trkpt>
      <trkpt lat="30.597582" lon="104.288315">
        <time>2026-05-29T12:12:55Z</time>
      </trkpt>
      <trkpt lat="30.597584" lon="104.28838">
        <time>2026-05-29T12:12:56Z</time>
      </trkpt>
      <trkpt lat="30.597586" lon="104.28845">
        <time>2026-05-29T12:12:57Z</time>
      </trkpt>
      <trkpt lat="30.597588" lon="104.28852">
        <time>2026-05-29T12:12:58Z</time>
      </trkpt>
      <trkpt lat="30.597588" lon="104.2886">
        <time>2026-05-29T12:12:59Z</time>
      </trkpt>
      <trkpt lat="30.59759" lon="104.28866">
        <time>2026-05-29T12:13:00Z</time>
      </trkpt>
      <trkpt lat="30.597591" lon="104.288734">
        <time>2026-05-29T12:13:01Z</time>
      </trkpt>
      <trkpt lat="30.597593" lon="104.2888">
        <time>2026-05-29T12:13:02Z</time>
      </trkpt>
      <trkpt lat="30.597597" lon="104.28887">
        <time>2026-05-29T12:13:03Z</time>
      </trkpt>
      <trkpt lat="30.5976" lon="104.28894">
        <time>2026-05-29T12:13:04Z</time>
      </trkpt>
      <trkpt lat="30.5976" lon="104.28901">
        <time>2026-05-29T12:13:05Z</time>
      </trkpt>
      <trkpt lat="30.5976" lon="104.28908">
        <time>2026-05-29T12:13:06Z</time>
      </trkpt>
      <trkpt lat="30.5976" lon="104.28915">
        <time>2026-05-29T12:13:07Z</time>
      </trkpt>
      <trkpt lat="30.597603" lon="104.289215">
        <time>2026-05-29T12:13:08Z</time>
      </trkpt>
      <trkpt lat="30.597603" lon="104.28928">
        <time>2026-05-29T12:13:09Z</time>
      </trkpt>
      <trkpt lat="30.597605" lon="104.28935">
        <time>2026-05-29T12:13:10Z</time>
      </trkpt>
      <trkpt lat="30.597607" lon="104.28941">
        <time>2026-05-29T12:13:11Z</time>
      </trkpt>
      <trkpt lat="30.597609" lon="104.28948">
        <time>2026-05-29T12:13:12Z</time>
      </trkpt>
      <trkpt lat="30.597609" lon="104.28955">
        <time>2026-05-29T12:13:13Z</time>
      </trkpt>
      <trkpt lat="30.59761" lon="104.28961">
        <time>2026-05-29T12:13:14Z</time>
      </trkpt>
      <trkpt lat="30.597612" lon="104.28968">
        <time>2026-05-29T12:13:15Z</time>
      </trkpt>
      <trkpt lat="30.597612" lon="104.28974">
        <time>2026-05-29T12:13:16Z</time>
      </trkpt>
      <trkpt lat="30.597614" lon="104.2898">
        <time>2026-05-29T12:13:17Z</time>
      </trkpt>
      <trkpt lat="30.597618" lon="104.28986">
        <time>2026-05-29T12:13:18Z</time>
      </trkpt>
      <trkpt lat="30.597618" lon="104.289925">
        <time>2026-05-29T12:13:19Z</time>
      </trkpt>
      <trkpt lat="30.597618" lon="104.28998">
        <time>2026-05-29T12:13:20Z</time>
      </trkpt>
      <trkpt lat="30.59762" lon="104.29004">
        <time>2026-05-29T12:13:21Z</time>
      </trkpt>
      <trkpt lat="30.597622" lon="104.2901">
        <time>2026-05-29T12:13:22Z</time>
      </trkpt>
      <trkpt lat="30.597624" lon="104.29016">
        <time>2026-05-29T12:13:23Z</time>
      </trkpt>
      <trkpt lat="30.597626" lon="104.290215">
        <time>2026-05-29T12:13:24Z</time>
      </trkpt>
      <trkpt lat="30.597626" lon="104.290276">
        <time>2026-05-29T12:13:25Z</time>
      </trkpt>
      <trkpt lat="30.597626" lon="104.29034">
        <time>2026-05-29T12:13:26Z</time>
      </trkpt>
      <trkpt lat="30.597628" lon="104.2904">
        <time>2026-05-29T12:13:27Z</time>
      </trkpt>
      <trkpt lat="30.59763" lon="104.29046">
        <time>2026-05-29T12:13:28Z</time>
      </trkpt>
      <trkpt lat="30.597631" lon="104.29052">
        <time>2026-05-29T12:13:29Z</time>
      </trkpt>
      <trkpt lat="30.597631" lon="104.29058">
        <time>2026-05-29T12:13:30Z</time>
      </trkpt>
      <trkpt lat="30.597633" lon="104.29064">
        <time>2026-05-29T12:13:31Z</time>
      </trkpt>
      <trkpt lat="30.597633" lon="104.2907">
        <time>2026-05-29T12:13:32Z</time>
      </trkpt>
      <trkpt lat="30.597635" lon="104.29077">
        <time>2026-05-29T12:13:33Z</time>
      </trkpt>
      <trkpt lat="30.597637" lon="104.29083">
        <time>2026-05-29T12:13:34Z</time>
      </trkpt>
      <trkpt lat="30.59764" lon="104.29089">
        <time>2026-05-29T12:13:35Z</time>
      </trkpt>
      <trkpt lat="30.59764" lon="104.29096">
        <time>2026-05-29T12:13:36Z</time>
      </trkpt>
      <trkpt lat="30.59764" lon="104.29102">
        <time>2026-05-29T12:13:37Z</time>
      </trkpt>
      <trkpt lat="30.59764" lon="104.29109">
        <time>2026-05-29T12:13:38Z</time>
      </trkpt>
      <trkpt lat="30.597641" lon="104.29116">
        <time>2026-05-29T12:13:39Z</time>
      </trkpt>
      <trkpt lat="30.597645" lon="104.29122">
        <time>2026-05-29T12:13:40Z</time>
      </trkpt>
      <trkpt lat="30.597647" lon="104.29129">
        <time>2026-05-29T12:13:41Z</time>
      </trkpt>
      <trkpt lat="30.597649" lon="104.29135">
        <time>2026-05-29T12:13:42Z</time>
      </trkpt>
      <trkpt lat="30.59765" lon="104.29142">
        <time>2026-05-29T12:13:43Z</time>
      </trkpt>
      <trkpt lat="30.59765" lon="104.29149">
        <time>2026-05-29T12:13:44Z</time>
      </trkpt>
      <trkpt lat="30.597652" lon="104.29155">
        <time>2026-05-29T12:13:45Z</time>
      </trkpt>
      <trkpt lat="30.59766" lon="104.29162">
        <time>2026-05-29T12:13:46Z</time>
      </trkpt>
      <trkpt lat="30.597662" lon="104.29168">
        <time>2026-05-29T12:13:47Z</time>
      </trkpt>
      <trkpt lat="30.597662" lon="104.29174">
        <time>2026-05-29T12:13:48Z</time>
      </trkpt>
      <trkpt lat="30.597662" lon="104.2918">
        <time>2026-05-29T12:13:49Z</time>
      </trkpt>
      <trkpt lat="30.597664" lon="104.29187">
        <time>2026-05-29T12:13:50Z</time>
      </trkpt>
      <trkpt lat="30.597664" lon="104.29193">
        <time>2026-05-29T12:13:51Z</time>
      </trkpt>
      <trkpt lat="30.597664" lon="104.29199">
        <time>2026-05-29T12:13:52Z</time>
      </trkpt>
      <trkpt lat="30.597666" lon="104.292046">
        <time>2026-05-29T12:13:53Z</time>
      </trkpt>
      <trkpt lat="30.597666" lon="104.29211">
        <time>2026-05-29T12:13:54Z</time>
      </trkpt>
      <trkpt lat="30.597666" lon="104.29217">
        <time>2026-05-29T12:13:55Z</time>
      </trkpt>
      <trkpt lat="30.597668" lon="104.29223">
        <time>2026-05-29T12:13:56Z</time>
      </trkpt>
      <trkpt lat="30.597668" lon="104.29228">
        <time>2026-05-29T12:13:57Z</time>
      </trkpt>
      <trkpt lat="30.597668" lon="104.29234">
        <time>2026-05-29T12:13:58Z</time>
      </trkpt>
      <trkpt lat="30.597668" lon="104.2924">
        <time>2026-05-29T12:13:59Z</time>
      </trkpt>
      <trkpt lat="30.597668" lon="104.29246">
        <time>2026-05-29T12:14:00Z</time>
      </trkpt>
      <trkpt lat="30.597668" lon="104.29252">
        <time>2026-05-29T12:14:01Z</time>
      </trkpt>
      <trkpt lat="30.597666" lon="104.29257">
        <time>2026-05-29T12:14:02Z</time>
      </trkpt>
      <trkpt lat="30.597666" lon="104.29263">
        <time>2026-05-29T12:14:03Z</time>
      </trkpt>
      <trkpt lat="30.597666" lon="104.292694">
        <time>2026-05-29T12:14:04Z</time>
      </trkpt>
      <trkpt lat="30.597666" lon="104.292755">
        <time>2026-05-29T12:14:05Z</time>
      </trkpt>
      <trkpt lat="30.597672" lon="104.29281">
        <time>2026-05-29T12:14:06Z</time>
      </trkpt>
      <trkpt lat="30.59768" lon="104.29287">
        <time>2026-05-29T12:14:07Z</time>
      </trkpt>
      <trkpt lat="30.59768" lon="104.29293">
        <time>2026-05-29T12:14:08Z</time>
      </trkpt>
      <trkpt lat="30.597673" lon="104.29299">
        <time>2026-05-29T12:14:09Z</time>
      </trkpt>
      <trkpt lat="30.597672" lon="104.29305">
        <time>2026-05-29T12:14:10Z</time>
      </trkpt>
      <trkpt lat="30.597666" lon="104.29311">
        <time>2026-05-29T12:14:11Z</time>
      </trkpt>
      <trkpt lat="30.597664" lon="104.293175">
        <time>2026-05-29T12:14:12Z</time>
      </trkpt>
      <trkpt lat="30.597662" lon="104.293236">
        <time>2026-05-29T12:14:13Z</time>
      </trkpt>
      <trkpt lat="30.597662" lon="104.2933">
        <time>2026-05-29T12:14:14Z</time>
      </trkpt>
      <trkpt lat="30.597662" lon="104.293365">
        <time>2026-05-29T12:14:15Z</time>
      </trkpt>
      <trkpt lat="30.597662" lon="104.29343">
        <time>2026-05-29T12:14:16Z</time>
      </trkpt>
      <trkpt lat="30.597662" lon="104.29349">
        <time>2026-05-29T12:14:17Z</time>
      </trkpt>
      <trkpt lat="30.597664" lon="104.29355">
        <time>2026-05-29T12:14:18Z</time>
      </trkpt>
      <trkpt lat="30.597666" lon="104.29361">
        <time>2026-05-29T12:14:19Z</time>
      </trkpt>
      <trkpt lat="30.597666" lon="104.29368">
        <time>2026-05-29T12:14:20Z</time>
      </trkpt>
      <trkpt lat="30.597666" lon="104.29374">
        <time>2026-05-29T12:14:21Z</time>
      </trkpt>
      <trkpt lat="30.597668" lon="104.2938">
        <time>2026-05-29T12:14:22Z</time>
      </trkpt>
      <trkpt lat="30.597668" lon="104.29386">
        <time>2026-05-29T12:14:23Z</time>
      </trkpt>
      <trkpt lat="30.59767" lon="104.29393">
        <time>2026-05-29T12:14:24Z</time>
      </trkpt>
      <trkpt lat="30.597672" lon="104.29399">
        <time>2026-05-29T12:14:25Z</time>
      </trkpt>
      <trkpt lat="30.597672" lon="104.29405">
        <time>2026-05-29T12:14:26Z</time>
      </trkpt>
      <trkpt lat="30.597672" lon="104.29411">
        <time>2026-05-29T12:14:27Z</time>
      </trkpt>
      <trkpt lat="30.597672" lon="104.294174">
        <time>2026-05-29T12:14:28Z</time>
      </trkpt>
      <trkpt lat="30.597673" lon="104.294235">
        <time>2026-05-29T12:14:29Z</time>
      </trkpt>
      <trkpt lat="30.597675" lon="104.2943">
        <time>2026-05-29T12:14:30Z</time>
      </trkpt>
      <trkpt lat="30.597677" lon="104.29436">
        <time>2026-05-29T12:14:31Z</time>
      </trkpt>
      <trkpt lat="30.597675" lon="104.29442">
        <time>2026-05-29T12:14:32Z</time>
      </trkpt>
      <trkpt lat="30.597672" lon="104.29449">
        <time>2026-05-29T12:14:33Z</time>
      </trkpt>
      <trkpt lat="30.59767" lon="104.29455">
        <time>2026-05-29T12:14:34Z</time>
      </trkpt>
      <trkpt lat="30.597668" lon="104.29462">
        <time>2026-05-29T12:14:35Z</time>
      </trkpt>
      <trkpt lat="30.597666" lon="104.29468">
        <time>2026-05-29T12:14:36Z</time>
      </trkpt>
      <trkpt lat="30.597662" lon="104.29475">
        <time>2026-05-29T12:14:37Z</time>
      </trkpt>
      <trkpt lat="30.597658" lon="104.29481">
        <time>2026-05-29T12:14:38Z</time>
      </trkpt>
      <trkpt lat="30.597656" lon="104.29487">
        <time>2026-05-29T12:14:39Z</time>
      </trkpt>
      <trkpt lat="30.597658" lon="104.29494">
        <time>2026-05-29T12:14:40Z</time>
      </trkpt>
      <trkpt lat="30.597656" lon="104.295">
        <time>2026-05-29T12:14:41Z</time>
      </trkpt>
      <trkpt lat="30.597652" lon="104.29507">
        <time>2026-05-29T12:14:42Z</time>
      </trkpt>
      <trkpt lat="30.597649" lon="104.295135">
        <time>2026-05-29T12:14:43Z</time>
      </trkpt>
      <trkpt lat="30.597641" lon="104.295204">
        <time>2026-05-29T12:14:44Z</time>
      </trkpt>
      <trkpt lat="30.597637" lon="104.29527">
        <time>2026-05-29T12:14:45Z</time>
      </trkpt>
      <trkpt lat="30.59763" lon="104.29534">
        <time>2026-05-29T12:14:46Z</time>
      </trkpt>
      <trkpt lat="30.597626" lon="104.29541">
        <time>2026-05-29T12:14:47Z</time>
      </trkpt>
      <trkpt lat="30.59762" lon="104.29548">
        <time>2026-05-29T12:14:48Z</time>
      </trkpt>
      <trkpt lat="30.597616" lon="104.29555">
        <time>2026-05-29T12:14:49Z</time>
      </trkpt>
      <trkpt lat="30.59761" lon="104.295616">
        <time>2026-05-29T12:14:50Z</time>
      </trkpt>
      <trkpt lat="30.5976" lon="104.295685">
        <time>2026-05-29T12:14:51Z</time>
      </trkpt>
      <trkpt lat="30.597593" lon="104.29575">
        <time>2026-05-29T12:14:52Z</time>
      </trkpt>
      <trkpt lat="30.597586" lon="104.29583">
        <time>2026-05-29T12:14:53Z</time>
      </trkpt>
      <trkpt lat="30.597578" lon="104.2959">
        <time>2026-05-29T12:14:54Z</time>
      </trkpt>
      <trkpt lat="30.59757" lon="104.29597">
        <time>2026-05-29T12:14:55Z</time>
      </trkpt>
      <trkpt lat="30.59756" lon="104.296036">
        <time>2026-05-29T12:14:56Z</time>
      </trkpt>
      <trkpt lat="30.597551" lon="104.296104">
        <time>2026-05-29T12:14:57Z</time>
      </trkpt>
      <trkpt lat="30.597544" lon="104.29617">
        <time>2026-05-29T12:14:58Z</time>
      </trkpt>
      <trkpt lat="30.597534" lon="104.29624">
        <time>2026-05-29T12:14:59Z</time>
      </trkpt>
      <trkpt lat="30.597528" lon="104.29631">
        <time>2026-05-29T12:15:00Z</time>
      </trkpt>
      <trkpt lat="30.597519" lon="104.29638">
        <time>2026-05-29T12:15:01Z</time>
      </trkpt>
      <trkpt lat="30.597507" lon="104.29645">
        <time>2026-05-29T12:15:02Z</time>
      </trkpt>
      <trkpt lat="30.597498" lon="104.29652">
        <time>2026-05-29T12:15:03Z</time>
      </trkpt>
      <trkpt lat="30.59749" lon="104.296585">
        <time>2026-05-29T12:15:04Z</time>
      </trkpt>
      <trkpt lat="30.59748" lon="104.29665">
        <time>2026-05-29T12:15:05Z</time>
      </trkpt>
      <trkpt lat="30.597467" lon="104.296715">
        <time>2026-05-29T12:15:06Z</time>
      </trkpt>
      <trkpt lat="30.597454" lon="104.29678">
        <time>2026-05-29T12:15:07Z</time>
      </trkpt>
      <trkpt lat="30.59744" lon="104.29685">
        <time>2026-05-29T12:15:08Z</time>
      </trkpt>
      <trkpt lat="30.597431" lon="104.29691">
        <time>2026-05-29T12:15:09Z</time>
      </trkpt>
      <trkpt lat="30.59742" lon="104.29698">
        <time>2026-05-29T12:15:10Z</time>
      </trkpt>
      <trkpt lat="30.597406" lon="104.29705">
        <time>2026-05-29T12:15:11Z</time>
      </trkpt>
      <trkpt lat="30.597395" lon="104.29711">
        <time>2026-05-29T12:15:12Z</time>
      </trkpt>
      <trkpt lat="30.597385" lon="104.29718">
        <time>2026-05-29T12:15:13Z</time>
      </trkpt>
      <trkpt lat="30.597372" lon="104.29725">
        <time>2026-05-29T12:15:14Z</time>
      </trkpt>
      <trkpt lat="30.59736" lon="104.29731">
        <time>2026-05-29T12:15:15Z</time>
      </trkpt>
      <trkpt lat="30.597345" lon="104.29738">
        <time>2026-05-29T12:15:16Z</time>
      </trkpt>
      <trkpt lat="30.59733" lon="104.29745">
        <time>2026-05-29T12:15:17Z</time>
      </trkpt>
      <trkpt lat="30.597319" lon="104.297516">
        <time>2026-05-29T12:15:18Z</time>
      </trkpt>
      <trkpt lat="30.597301" lon="104.29758">
        <time>2026-05-29T12:15:19Z</time>
      </trkpt>
      <trkpt lat="30.597284" lon="104.297646">
        <time>2026-05-29T12:15:20Z</time>
      </trkpt>
      <trkpt lat="30.59727" lon="104.297714">
        <time>2026-05-29T12:15:21Z</time>
      </trkpt>
      <trkpt lat="30.597256" lon="104.29778">
        <time>2026-05-29T12:15:22Z</time>
      </trkpt>
      <trkpt lat="30.597239" lon="104.29785">
        <time>2026-05-29T12:15:23Z</time>
      </trkpt>
      <trkpt lat="30.597221" lon="104.29791">
        <time>2026-05-29T12:15:24Z</time>
      </trkpt>
      <trkpt lat="30.597206" lon="104.29798">
        <time>2026-05-29T12:15:25Z</time>
      </trkpt>
      <trkpt lat="30.597189" lon="104.29805">
        <time>2026-05-29T12:15:26Z</time>
      </trkpt>
      <trkpt lat="30.59717" lon="104.29811">
        <time>2026-05-29T12:15:27Z</time>
      </trkpt>
      <trkpt lat="30.597153" lon="104.29817">
        <time>2026-05-29T12:15:28Z</time>
      </trkpt>
      <trkpt lat="30.597137" lon="104.29824">
        <time>2026-05-29T12:15:29Z</time>
      </trkpt>
      <trkpt lat="30.597118" lon="104.2983">
        <time>2026-05-29T12:15:30Z</time>
      </trkpt>
      <trkpt lat="30.597101" lon="104.29837">
        <time>2026-05-29T12:15:31Z</time>
      </trkpt>
      <trkpt lat="30.597082" lon="104.29843">
        <time>2026-05-29T12:15:32Z</time>
      </trkpt>
      <trkpt lat="30.597063" lon="104.29849">
        <time>2026-05-29T12:15:33Z</time>
      </trkpt>
      <trkpt lat="30.597046" lon="104.29855">
        <time>2026-05-29T12:15:34Z</time>
      </trkpt>
      <trkpt lat="30.59703" lon="104.298615">
        <time>2026-05-29T12:15:35Z</time>
      </trkpt>
      <trkpt lat="30.597012" lon="104.29868">
        <time>2026-05-29T12:15:36Z</time>
      </trkpt>
      <trkpt lat="30.596992" lon="104.29875">
        <time>2026-05-29T12:15:37Z</time>
      </trkpt>
      <trkpt lat="30.596973" lon="104.29881">
        <time>2026-05-29T12:15:38Z</time>
      </trkpt>
      <trkpt lat="30.596958" lon="104.298874">
        <time>2026-05-29T12:15:39Z</time>
      </trkpt>
      <trkpt lat="30.59694" lon="104.298935">
        <time>2026-05-29T12:15:40Z</time>
      </trkpt>
      <trkpt lat="30.59692" lon="104.29899">
        <time>2026-05-29T12:15:41Z</time>
      </trkpt>
      <trkpt lat="30.5969" lon="104.29904">
        <time>2026-05-29T12:15:42Z</time>
      </trkpt>
      <trkpt lat="30.596884" lon="104.2991">
        <time>2026-05-29T12:15:43Z</time>
      </trkpt>
      <trkpt lat="30.596865" lon="104.29916">
        <time>2026-05-29T12:15:44Z</time>
      </trkpt>
      <trkpt lat="30.596848" lon="104.29921">
        <time>2026-05-29T12:15:45Z</time>
      </trkpt>
      <trkpt lat="30.596832" lon="104.29926">
        <time>2026-05-29T12:15:46Z</time>
      </trkpt>
      <trkpt lat="30.596813" lon="104.29932">
        <time>2026-05-29T12:15:47Z</time>
      </trkpt>
      <trkpt lat="30.596798" lon="104.299355">
        <time>2026-05-29T12:15:48Z</time>
      </trkpt>
      <trkpt lat="30.596785" lon="104.2994">
        <time>2026-05-29T12:15:49Z</time>
      </trkpt>
      <trkpt lat="30.596771" lon="104.299446">
        <time>2026-05-29T12:15:50Z</time>
      </trkpt>
      <trkpt lat="30.596762" lon="104.299484">
        <time>2026-05-29T12:15:51Z</time>
      </trkpt>
      <trkpt lat="30.596752" lon="104.299515">
        <time>2026-05-29T12:15:52Z</time>
      </trkpt>
      <trkpt lat="30.596739" lon="104.29955">
        <time>2026-05-29T12:15:53Z</time>
      </trkpt>
      <trkpt lat="30.596727" lon="104.29958">
        <time>2026-05-29T12:15:54Z</time>
      </trkpt>
      <trkpt lat="30.596714" lon="104.29962">
        <time>2026-05-29T12:15:55Z</time>
      </trkpt>
      <trkpt lat="30.596699" lon="104.29967">
        <time>2026-05-29T12:15:56Z</time>
      </trkpt>
      <trkpt lat="30.596687" lon="104.299706">
        <time>2026-05-29T12:15:57Z</time>
      </trkpt>
      <trkpt lat="30.596676" lon="104.29974">
        <time>2026-05-29T12:15:58Z</time>
      </trkpt>
      <trkpt lat="30.596664" lon="104.29979">
        <time>2026-05-29T12:15:59Z</time>
      </trkpt>
      <trkpt lat="30.59665" lon="104.29982">
        <time>2026-05-29T12:16:00Z</time>
      </trkpt>
      <trkpt lat="30.596634" lon="104.29985">
        <time>2026-05-29T12:16:01Z</time>
      </trkpt>
      <trkpt lat="30.596611" lon="104.299866">
        <time>2026-05-29T12:16:02Z</time>
      </trkpt>
      <trkpt lat="30.596596" lon="104.29987">
        <time>2026-05-29T12:16:03Z</time>
      </trkpt>
      <trkpt lat="30.596596" lon="104.29987">
        <time>2026-05-29T12:16:04Z</time>
      </trkpt>
      <trkpt lat="30.596596" lon="104.29987">
        <time>2026-05-29T12:16:05Z</time>
      </trkpt>
      <trkpt lat="30.596596" lon="104.29987">
        <time>2026-05-29T12:16:06Z</time>
      </trkpt>
      <trkpt lat="30.596596" lon="104.29987">
        <time>2026-05-29T12:16:07Z</time>
      </trkpt>
      <trkpt lat="30.596596" lon="104.29987">
        <time>2026-05-29T12:16:08Z</time>
      </trkpt>
      <trkpt lat="30.596596" lon="104.29987">
        <time>2026-05-29T12:16:09Z</time>
      </trkpt>
      <trkpt lat="30.596596" lon="104.29987">
        <time>2026-05-29T12:16:10Z</time>
      </trkpt>
      <trkpt lat="30.596596" lon="104.29987">
        <time>2026-05-29T12:16:11Z</time>
      </trkpt>
      <trkpt lat="30.59655" lon="104.29987">
        <time>2026-05-29T12:16:12Z</time>
      </trkpt>
      <trkpt lat="30.59653" lon="104.29988">
        <time>2026-05-29T12:16:13Z</time>
      </trkpt>
      <trkpt lat="30.596514" lon="104.29988">
        <time>2026-05-29T12:16:14Z</time>
      </trkpt>
      <trkpt lat="30.596498" lon="104.29989">
        <time>2026-05-29T12:16:15Z</time>
      </trkpt>
      <trkpt lat="30.596487" lon="104.299904">
        <time>2026-05-29T12:16:16Z</time>
      </trkpt>
      <trkpt lat="30.596478" lon="104.299904">
        <time>2026-05-29T12:16:17Z</time>
      </trkpt>
      <trkpt lat="30.596478" lon="104.299904">
        <time>2026-05-29T12:16:18Z</time>
      </trkpt>
      <trkpt lat="30.596476" lon="104.29991">
        <time>2026-05-29T12:16:19Z</time>
      </trkpt>
      <trkpt lat="30.596466" lon="104.29992">
        <time>2026-05-29T12:16:20Z</time>
      </trkpt>
      <trkpt lat="30.59646" lon="104.299934">
        <time>2026-05-29T12:16:21Z</time>
      </trkpt>
      <trkpt lat="30.596455" lon="104.29995">
        <time>2026-05-29T12:16:22Z</time>
      </trkpt>
      <trkpt lat="30.59645" lon="104.29997">
        <time>2026-05-29T12:16:23Z</time>
      </trkpt>
      <trkpt lat="30.596445" lon="104.299995">
        <time>2026-05-29T12:16:24Z</time>
      </trkpt>
      <trkpt lat="30.596437" lon="104.30001">
        <time>2026-05-29T12:16:25Z</time>
      </trkpt>
      <trkpt lat="30.596436" lon="104.300026">
        <time>2026-05-29T12:16:26Z</time>
      </trkpt>
      <trkpt lat="30.596434" lon="104.30004">
        <time>2026-05-29T12:16:27Z</time>
      </trkpt>
      <trkpt lat="30.59643" lon="104.30005">
        <time>2026-05-29T12:16:28Z</time>
      </trkpt>
      <trkpt lat="30.596428" lon="104.30006">
        <time>2026-05-29T12:16:29Z</time>
      </trkpt>
      <trkpt lat="30.596874" lon="104.300385">
        <time>2026-05-29T12:17:13Z</time>
      </trkpt>
      <trkpt lat="30.59686" lon="104.30036">
        <time>2026-05-29T12:17:14Z</time>
      </trkpt>
      <trkpt lat="30.59684" lon="104.300316">
        <time>2026-05-29T12:17:15Z</time>
      </trkpt>
      <trkpt lat="30.59684" lon="104.300316">
        <time>2026-05-29T12:17:16Z</time>
      </trkpt>
      <trkpt lat="30.59684" lon="104.300316">
        <time>2026-05-29T12:17:17Z</time>
      </trkpt>
      <trkpt lat="30.59684" lon="104.300316">
        <time>2026-05-29T12:17:18Z</time>
      </trkpt>
      <trkpt lat="30.59684" lon="104.300316">
        <time>2026-05-29T12:17:19Z</time>
      </trkpt>
      <trkpt lat="30.59684" lon="104.300316">
        <time>2026-05-29T12:17:20Z</time>
      </trkpt>
      <trkpt lat="30.59684" lon="104.300316">
        <time>2026-05-29T12:17:21Z</time>
      </trkpt>
      <trkpt lat="30.59684" lon="104.300316">
        <time>2026-05-29T12:17:22Z</time>
      </trkpt>
      <trkpt lat="30.59684" lon="104.300316">
        <time>2026-05-29T12:17:23Z</time>
      </trkpt>
      <trkpt lat="30.596867" lon="104.30029">
        <time>2026-05-29T12:17:24Z</time>
      </trkpt>
      <trkpt lat="30.59689" lon="104.30028">
        <time>2026-05-29T12:17:25Z</time>
      </trkpt>
      <trkpt lat="30.596907" lon="104.30026">
        <time>2026-05-29T12:17:26Z</time>
      </trkpt>
      <trkpt lat="30.596907" lon="104.30026">
        <time>2026-05-29T12:17:27Z</time>
      </trkpt>
      <trkpt lat="30.596907" lon="104.30026">
        <time>2026-05-29T12:17:28Z</time>
      </trkpt>
      <trkpt lat="30.596907" lon="104.30026">
        <time>2026-05-29T12:17:29Z</time>
      </trkpt>
      <trkpt lat="30.596907" lon="104.30026">
        <time>2026-05-29T12:17:30Z</time>
      </trkpt>
      <trkpt lat="30.596907" lon="104.30026">
        <time>2026-05-29T12:17:31Z</time>
      </trkpt>
      <trkpt lat="30.596907" lon="104.30026">
        <time>2026-05-29T12:17:32Z</time>
      </trkpt>
      <trkpt lat="30.596949" lon="104.30022">
        <time>2026-05-29T12:17:33Z</time>
      </trkpt>
      <trkpt lat="30.596947" lon="104.3002">
        <time>2026-05-29T12:17:34Z</time>
      </trkpt>
      <trkpt lat="30.596952" lon="104.30017">
        <time>2026-05-29T12:17:35Z</time>
      </trkpt>
      <trkpt lat="30.596973" lon="104.300125">
        <time>2026-05-29T12:17:36Z</time>
      </trkpt>
      <trkpt lat="30.596996" lon="104.30008">
        <time>2026-05-29T12:17:37Z</time>
      </trkpt>
      <trkpt lat="30.597017" lon="104.30003">
        <time>2026-05-29T12:17:38Z</time>
      </trkpt>
      <trkpt lat="30.597036" lon="104.299995">
        <time>2026-05-29T12:17:39Z</time>
      </trkpt>
      <trkpt lat="30.59706" lon="104.29996">
        <time>2026-05-29T12:17:40Z</time>
      </trkpt>
      <trkpt lat="30.597078" lon="104.29992">
        <time>2026-05-29T12:17:41Z</time>
      </trkpt>
      <trkpt lat="30.5971" lon="104.29988">
        <time>2026-05-29T12:17:42Z</time>
      </trkpt>
      <trkpt lat="30.597124" lon="104.29984">
        <time>2026-05-29T12:17:43Z</time>
      </trkpt>
      <trkpt lat="30.59715" lon="104.299805">
        <time>2026-05-29T12:17:44Z</time>
      </trkpt>
      <trkpt lat="30.597176" lon="104.29976">
        <time>2026-05-29T12:17:45Z</time>
      </trkpt>
      <trkpt lat="30.597198" lon="104.29971">
        <time>2026-05-29T12:17:46Z</time>
      </trkpt>
      <trkpt lat="30.597223" lon="104.299675">
        <time>2026-05-29T12:17:47Z</time>
      </trkpt>
      <trkpt lat="30.597252" lon="104.29963">
        <time>2026-05-29T12:17:48Z</time>
      </trkpt>
      <trkpt lat="30.597282" lon="104.2996">
        <time>2026-05-29T12:17:49Z</time>
      </trkpt>
      <trkpt lat="30.597313" lon="104.29955">
        <time>2026-05-29T12:17:50Z</time>
      </trkpt>
      <trkpt lat="30.597345" lon="104.2995">
        <time>2026-05-29T12:17:51Z</time>
      </trkpt>
      <trkpt lat="30.597374" lon="104.29945">
        <time>2026-05-29T12:17:52Z</time>
      </trkpt>
      <trkpt lat="30.597403" lon="104.29941">
        <time>2026-05-29T12:17:53Z</time>
      </trkpt>
      <trkpt lat="30.597433" lon="104.29936">
        <time>2026-05-29T12:17:54Z</time>
      </trkpt>
      <trkpt lat="30.597464" lon="104.29931">
        <time>2026-05-29T12:17:55Z</time>
      </trkpt>
      <trkpt lat="30.597488" lon="104.29926">
        <time>2026-05-29T12:17:56Z</time>
      </trkpt>
      <trkpt lat="30.59752" lon="104.29921">
        <time>2026-05-29T12:17:57Z</time>
      </trkpt>
      <trkpt lat="30.597548" lon="104.29916">
        <time>2026-05-29T12:17:58Z</time>
      </trkpt>
      <trkpt lat="30.597578" lon="104.2991">
        <time>2026-05-29T12:17:59Z</time>
      </trkpt>
      <trkpt lat="30.597609" lon="104.29905">
        <time>2026-05-29T12:18:00Z</time>
      </trkpt>
      <trkpt lat="30.597637" lon="104.298996">
        <time>2026-05-29T12:18:01Z</time>
      </trkpt>
      <trkpt lat="30.597668" lon="104.29894">
        <time>2026-05-29T12:18:02Z</time>
      </trkpt>
      <trkpt lat="30.597702" lon="104.29888">
        <time>2026-05-29T12:18:03Z</time>
      </trkpt>
      <trkpt lat="30.597733" lon="104.29883">
        <time>2026-05-29T12:18:04Z</time>
      </trkpt>
      <trkpt lat="30.59776" lon="104.298775">
        <time>2026-05-29T12:18:05Z</time>
      </trkpt>
      <trkpt lat="30.597786" lon="104.29871">
        <time>2026-05-29T12:18:06Z</time>
      </trkpt>
      <trkpt lat="30.597815" lon="104.29865">
        <time>2026-05-29T12:18:07Z</time>
      </trkpt>
      <trkpt lat="30.597845" lon="104.29859">
        <time>2026-05-29T12:18:08Z</time>
      </trkpt>
      <trkpt lat="30.597874" lon="104.29853">
        <time>2026-05-29T12:18:09Z</time>
      </trkpt>
      <trkpt lat="30.597902" lon="104.29846">
        <time>2026-05-29T12:18:10Z</time>
      </trkpt>
      <trkpt lat="30.597925" lon="104.2984">
        <time>2026-05-29T12:18:11Z</time>
      </trkpt>
      <trkpt lat="30.597944" lon="104.29833">
        <time>2026-05-29T12:18:12Z</time>
      </trkpt>
      <trkpt lat="30.597965" lon="104.29827">
        <time>2026-05-29T12:18:13Z</time>
      </trkpt>
      <trkpt lat="30.597988" lon="104.29821">
        <time>2026-05-29T12:18:14Z</time>
      </trkpt>
      <trkpt lat="30.598011" lon="104.29814">
        <time>2026-05-29T12:18:15Z</time>
      </trkpt>
      <trkpt lat="30.598036" lon="104.29808">
        <time>2026-05-29T12:18:16Z</time>
      </trkpt>
      <trkpt lat="30.598057" lon="104.29802">
        <time>2026-05-29T12:18:17Z</time>
      </trkpt>
      <trkpt lat="30.598078" lon="104.29795">
        <time>2026-05-29T12:18:18Z</time>
      </trkpt>
      <trkpt lat="30.598103" lon="104.29789">
        <time>2026-05-29T12:18:19Z</time>
      </trkpt>
      <trkpt lat="30.598122" lon="104.29782">
        <time>2026-05-29T12:18:20Z</time>
      </trkpt>
      <trkpt lat="30.59814" lon="104.29775">
        <time>2026-05-29T12:18:21Z</time>
      </trkpt>
      <trkpt lat="30.598158" lon="104.29769">
        <time>2026-05-29T12:18:22Z</time>
      </trkpt>
      <trkpt lat="30.598179" lon="104.29762">
        <time>2026-05-29T12:18:23Z</time>
      </trkpt>
      <trkpt lat="30.598194" lon="104.297554">
        <time>2026-05-29T12:18:24Z</time>
      </trkpt>
      <trkpt lat="30.598213" lon="104.29749">
        <time>2026-05-29T12:18:25Z</time>
      </trkpt>
      <trkpt lat="30.59823" lon="104.297424">
        <time>2026-05-29T12:18:26Z</time>
      </trkpt>
      <trkpt lat="30.598244" lon="104.297356">
        <time>2026-05-29T12:18:27Z</time>
      </trkpt>
      <trkpt lat="30.598257" lon="104.29729">
        <time>2026-05-29T12:18:28Z</time>
      </trkpt>
      <trkpt lat="30.598265" lon="104.29722">
        <time>2026-05-29T12:18:29Z</time>
      </trkpt>
      <trkpt lat="30.598278" lon="104.29715">
        <time>2026-05-29T12:18:30Z</time>
      </trkpt>
      <trkpt lat="30.59829" lon="104.29708">
        <time>2026-05-29T12:18:31Z</time>
      </trkpt>
      <trkpt lat="30.598309" lon="104.29702">
        <time>2026-05-29T12:18:32Z</time>
      </trkpt>
      <trkpt lat="30.598326" lon="104.29695">
        <time>2026-05-29T12:18:33Z</time>
      </trkpt>
      <trkpt lat="30.598341" lon="104.29689">
        <time>2026-05-29T12:18:34Z</time>
      </trkpt>
      <trkpt lat="30.598356" lon="104.296814">
        <time>2026-05-29T12:18:35Z</time>
      </trkpt>
      <trkpt lat="30.59837" lon="104.296745">
        <time>2026-05-29T12:18:36Z</time>
      </trkpt>
      <trkpt lat="30.598383" lon="104.29668">
        <time>2026-05-29T12:18:37Z</time>
      </trkpt>
      <trkpt lat="30.598396" lon="104.2966">
        <time>2026-05-29T12:18:38Z</time>
      </trkpt>
      <trkpt lat="30.598415" lon="104.296524">
        <time>2026-05-29T12:18:39Z</time>
      </trkpt>
      <trkpt lat="30.598433" lon="104.296455">
        <time>2026-05-29T12:18:40Z</time>
      </trkpt>
      <trkpt lat="30.598455" lon="104.29637">
        <time>2026-05-29T12:18:41Z</time>
      </trkpt>
      <trkpt lat="30.59848" lon="104.29629">
        <time>2026-05-29T12:18:42Z</time>
      </trkpt>
      <trkpt lat="30.598501" lon="104.29621">
        <time>2026-05-29T12:18:43Z</time>
      </trkpt>
      <trkpt lat="30.598516" lon="104.29613">
        <time>2026-05-29T12:18:44Z</time>
      </trkpt>
      <trkpt lat="30.598536" lon="104.29605">
        <time>2026-05-29T12:18:45Z</time>
      </trkpt>
      <trkpt lat="30.598553" lon="104.29597">
        <time>2026-05-29T12:18:46Z</time>
      </trkpt>
      <trkpt lat="30.59857" lon="104.29588">
        <time>2026-05-29T12:18:47Z</time>
      </trkpt>
      <trkpt lat="30.598577" lon="104.29581">
        <time>2026-05-29T12:18:48Z</time>
      </trkpt>
      <trkpt lat="30.598585" lon="104.29573">
        <time>2026-05-29T12:18:49Z</time>
      </trkpt>
      <trkpt lat="30.59859" lon="104.295654">
        <time>2026-05-29T12:18:50Z</time>
      </trkpt>
      <trkpt lat="30.5986" lon="104.29558">
        <time>2026-05-29T12:18:51Z</time>
      </trkpt>
      <trkpt lat="30.598606" lon="104.2955">
        <time>2026-05-29T12:18:52Z</time>
      </trkpt>
      <trkpt lat="30.598614" lon="104.29541">
        <time>2026-05-29T12:18:53Z</time>
      </trkpt>
      <trkpt lat="30.598627" lon="104.29532">
        <time>2026-05-29T12:18:54Z</time>
      </trkpt>
      <trkpt lat="30.59863" lon="104.29523">
        <time>2026-05-29T12:18:55Z</time>
      </trkpt>
      <trkpt lat="30.598635" lon="104.29514">
        <time>2026-05-29T12:18:56Z</time>
      </trkpt>
      <trkpt lat="30.598633" lon="104.29506">
        <time>2026-05-29T12:18:57Z</time>
      </trkpt>
      <trkpt lat="30.598633" lon="104.294975">
        <time>2026-05-29T12:18:58Z</time>
      </trkpt>
      <trkpt lat="30.598629" lon="104.29489">
        <time>2026-05-29T12:18:59Z</time>
      </trkpt>
      <trkpt lat="30.598623" lon="104.294815">
        <time>2026-05-29T12:19:00Z</time>
      </trkpt>
      <trkpt lat="30.598618" lon="104.29473">
        <time>2026-05-29T12:19:01Z</time>
      </trkpt>
      <trkpt lat="30.598614" lon="104.294655">
        <time>2026-05-29T12:19:02Z</time>
      </trkpt>
      <trkpt lat="30.598612" lon="104.29457">
        <time>2026-05-29T12:19:03Z</time>
      </trkpt>
      <trkpt lat="30.59861" lon="104.294495">
        <time>2026-05-29T12:19:04Z</time>
      </trkpt>
      <trkpt lat="30.598608" lon="104.29442">
        <time>2026-05-29T12:19:05Z</time>
      </trkpt>
      <trkpt lat="30.598608" lon="104.29435">
        <time>2026-05-29T12:19:06Z</time>
      </trkpt>
      <trkpt lat="30.598604" lon="104.29429">
        <time>2026-05-29T12:19:07Z</time>
      </trkpt>
      <trkpt lat="30.598604" lon="104.29422">
        <time>2026-05-29T12:19:08Z</time>
      </trkpt>
      <trkpt lat="30.598604" lon="104.29415">
        <time>2026-05-29T12:19:09Z</time>
      </trkpt>
      <trkpt lat="30.598604" lon="104.29408">
        <time>2026-05-29T12:19:10Z</time>
      </trkpt>
      <trkpt lat="30.598604" lon="104.294014">
        <time>2026-05-29T12:19:11Z</time>
      </trkpt>
      <trkpt lat="30.598604" lon="104.293945">
        <time>2026-05-29T12:19:12Z</time>
      </trkpt>
      <trkpt lat="30.598604" lon="104.29388">
        <time>2026-05-29T12:19:13Z</time>
      </trkpt>
      <trkpt lat="30.598604" lon="104.2938">
        <time>2026-05-29T12:19:14Z</time>
      </trkpt>
      <trkpt lat="30.5986" lon="104.293724">
        <time>2026-05-29T12:19:15Z</time>
      </trkpt>
      <trkpt lat="30.598598" lon="104.29364">
        <time>2026-05-29T12:19:16Z</time>
      </trkpt>
      <trkpt lat="30.598598" lon="104.293564">
        <time>2026-05-29T12:19:17Z</time>
      </trkpt>
      <trkpt lat="30.598598" lon="104.29349">
        <time>2026-05-29T12:19:18Z</time>
      </trkpt>
      <trkpt lat="30.5986" lon="104.29341">
        <time>2026-05-29T12:19:19Z</time>
      </trkpt>
      <trkpt lat="30.598604" lon="104.293335">
        <time>2026-05-29T12:19:20Z</time>
      </trkpt>
      <trkpt lat="30.598606" lon="104.29326">
        <time>2026-05-29T12:19:21Z</time>
      </trkpt>
      <trkpt lat="30.598608" lon="104.29318">
        <time>2026-05-29T12:19:22Z</time>
      </trkpt>
      <trkpt lat="30.598612" lon="104.293106">
        <time>2026-05-29T12:19:23Z</time>
      </trkpt>
      <trkpt lat="30.598612" lon="104.29303">
        <time>2026-05-29T12:19:24Z</time>
      </trkpt>
      <trkpt lat="30.59861" lon="104.29295">
        <time>2026-05-29T12:19:25Z</time>
      </trkpt>
      <trkpt lat="30.598606" lon="104.29287">
        <time>2026-05-29T12:19:26Z</time>
      </trkpt>
      <trkpt lat="30.598602" lon="104.29279">
        <time>2026-05-29T12:19:27Z</time>
      </trkpt>
      <trkpt lat="30.598597" lon="104.29272">
        <time>2026-05-29T12:19:28Z</time>
      </trkpt>
      <trkpt lat="30.59859" lon="104.29263">
        <time>2026-05-29T12:19:29Z</time>
      </trkpt>
      <trkpt lat="30.598587" lon="104.29255">
        <time>2026-05-29T12:19:30Z</time>
      </trkpt>
      <trkpt lat="30.598581" lon="104.29246">
        <time>2026-05-29T12:19:31Z</time>
      </trkpt>
      <trkpt lat="30.598576" lon="104.29237">
        <time>2026-05-29T12:19:32Z</time>
      </trkpt>
      <trkpt lat="30.598566" lon="104.292305">
        <time>2026-05-29T12:19:33Z</time>
      </trkpt>
      <trkpt lat="30.598555" lon="104.29224">
        <time>2026-05-29T12:19:34Z</time>
      </trkpt>
      <trkpt lat="30.598541" lon="104.292175">
        <time>2026-05-29T12:19:35Z</time>
      </trkpt>
      <trkpt lat="30.598532" lon="104.29214">
        <time>2026-05-29T12:19:36Z</time>
      </trkpt>
      <trkpt lat="30.598518" lon="104.29208">
        <time>2026-05-29T12:19:37Z</time>
      </trkpt>
      <trkpt lat="30.598507" lon="104.29204">
        <time>2026-05-29T12:19:38Z</time>
      </trkpt>
      <trkpt lat="30.598495" lon="104.291985">
        <time>2026-05-29T12:19:39Z</time>
      </trkpt>
      <trkpt lat="30.598482" lon="104.29195">
        <time>2026-05-29T12:19:40Z</time>
      </trkpt>
      <trkpt lat="30.59847" lon="104.29191">
        <time>2026-05-29T12:19:41Z</time>
      </trkpt>
      <trkpt lat="30.598463" lon="104.29188">
        <time>2026-05-29T12:19:42Z</time>
      </trkpt>
      <trkpt lat="30.598455" lon="104.29185">
        <time>2026-05-29T12:19:43Z</time>
      </trkpt>
      <trkpt lat="30.59845" lon="104.2918">
        <time>2026-05-29T12:19:44Z</time>
      </trkpt>
      <trkpt lat="30.598444" lon="104.291756">
        <time>2026-05-29T12:19:45Z</time>
      </trkpt>
      <trkpt lat="30.598442" lon="104.29171">
        <time>2026-05-29T12:19:46Z</time>
      </trkpt>
      <trkpt lat="30.598436" lon="104.29167">
        <time>2026-05-29T12:19:47Z</time>
      </trkpt>
      <trkpt lat="30.598427" lon="104.291626">
        <time>2026-05-29T12:19:48Z</time>
      </trkpt>
      <trkpt lat="30.598413" lon="104.29159">
        <time>2026-05-29T12:19:49Z</time>
      </trkpt>
      <trkpt lat="30.598394" lon="104.29155">
        <time>2026-05-29T12:19:50Z</time>
      </trkpt>
      <trkpt lat="30.598377" lon="104.29151">
        <time>2026-05-29T12:19:51Z</time>
      </trkpt>
      <trkpt lat="30.59836" lon="104.29147">
        <time>2026-05-29T12:19:52Z</time>
      </trkpt>
      <trkpt lat="30.598352" lon="104.291435">
        <time>2026-05-29T12:19:53Z</time>
      </trkpt>
      <trkpt lat="30.59835" lon="104.2914">
        <time>2026-05-29T12:19:54Z</time>
      </trkpt>
      <trkpt lat="30.598349" lon="104.29135">
        <time>2026-05-29T12:19:55Z</time>
      </trkpt>
      <trkpt lat="30.598349" lon="104.291306">
        <time>2026-05-29T12:19:56Z</time>
      </trkpt>
      <trkpt lat="30.598349" lon="104.29126">
        <time>2026-05-29T12:19:57Z</time>
      </trkpt>
      <trkpt lat="30.59835" lon="104.29122">
        <time>2026-05-29T12:19:58Z</time>
      </trkpt>
      <trkpt lat="30.59835" lon="104.29117">
        <time>2026-05-29T12:19:59Z</time>
      </trkpt>
      <trkpt lat="30.59835" lon="104.29112">
        <time>2026-05-29T12:20:00Z</time>
      </trkpt>
      <trkpt lat="30.59835" lon="104.29107">
        <time>2026-05-29T12:20:01Z</time>
      </trkpt>
      <trkpt lat="30.59835" lon="104.29102">
        <time>2026-05-29T12:20:02Z</time>
      </trkpt>
      <trkpt lat="30.598347" lon="104.29097">
        <time>2026-05-29T12:20:03Z</time>
      </trkpt>
      <trkpt lat="30.598345" lon="104.29092">
        <time>2026-05-29T12:20:04Z</time>
      </trkpt>
      <trkpt lat="30.598343" lon="104.29086">
        <time>2026-05-29T12:20:05Z</time>
      </trkpt>
      <trkpt lat="30.598341" lon="104.29081">
        <time>2026-05-29T12:20:06Z</time>
      </trkpt>
      <trkpt lat="30.59834" lon="104.29076">
        <time>2026-05-29T12:20:07Z</time>
      </trkpt>
      <trkpt lat="30.59834" lon="104.290695">
        <time>2026-05-29T12:20:08Z</time>
      </trkpt>
      <trkpt lat="30.598335" lon="104.29064">
        <time>2026-05-29T12:20:09Z</time>
      </trkpt>
      <trkpt lat="30.598335" lon="104.29058">
        <time>2026-05-29T12:20:10Z</time>
      </trkpt>
      <trkpt lat="30.598335" lon="104.29052">
        <time>2026-05-29T12:20:11Z</time>
      </trkpt>
      <trkpt lat="30.598335" lon="104.29046">
        <time>2026-05-29T12:20:12Z</time>
      </trkpt>
      <trkpt lat="30.598333" lon="104.2904">
        <time>2026-05-29T12:20:13Z</time>
      </trkpt>
      <trkpt lat="30.598328" lon="104.29034">
        <time>2026-05-29T12:20:14Z</time>
      </trkpt>
      <trkpt lat="30.598326" lon="104.290276">
        <time>2026-05-29T12:20:15Z</time>
      </trkpt>
      <trkpt lat="30.598324" lon="104.290215">
        <time>2026-05-29T12:20:16Z</time>
      </trkpt>
      <trkpt lat="30.598322" lon="104.290146">
        <time>2026-05-29T12:20:17Z</time>
      </trkpt>
      <trkpt lat="30.598318" lon="104.290085">
        <time>2026-05-29T12:20:18Z</time>
      </trkpt>
      <trkpt lat="30.598316" lon="104.290016">
        <time>2026-05-29T12:20:19Z</time>
      </trkpt>
      <trkpt lat="30.598316" lon="104.28995">
        <time>2026-05-29T12:20:20Z</time>
      </trkpt>
      <trkpt lat="30.598318" lon="104.28987">
        <time>2026-05-29T12:20:21Z</time>
      </trkpt>
      <trkpt lat="30.598316" lon="104.289795">
        <time>2026-05-29T12:20:22Z</time>
      </trkpt>
      <trkpt lat="30.598314" lon="104.28972">
        <time>2026-05-29T12:20:23Z</time>
      </trkpt>
      <trkpt lat="30.598312" lon="104.28964">
        <time>2026-05-29T12:20:24Z</time>
      </trkpt>
      <trkpt lat="30.59831" lon="104.289566">
        <time>2026-05-29T12:20:25Z</time>
      </trkpt>
      <trkpt lat="30.598309" lon="104.28949">
        <time>2026-05-29T12:20:26Z</time>
      </trkpt>
      <trkpt lat="30.598307" lon="104.28941">
        <time>2026-05-29T12:20:27Z</time>
      </trkpt>
      <trkpt lat="30.598307" lon="104.28934">
        <time>2026-05-29T12:20:28Z</time>
      </trkpt>
      <trkpt lat="30.598305" lon="104.28927">
        <time>2026-05-29T12:20:29Z</time>
      </trkpt>
      <trkpt lat="30.5983" lon="104.289185">
        <time>2026-05-29T12:20:30Z</time>
      </trkpt>
      <trkpt lat="30.5983" lon="104.28911">
        <time>2026-05-29T12:20:31Z</time>
      </trkpt>
      <trkpt lat="30.598299" lon="104.28903">
        <time>2026-05-29T12:20:32Z</time>
      </trkpt>
      <trkpt lat="30.598297" lon="104.288956">
        <time>2026-05-29T12:20:33Z</time>
      </trkpt>
      <trkpt lat="30.598297" lon="104.28889">
        <time>2026-05-29T12:20:34Z</time>
      </trkpt>
      <trkpt lat="30.598295" lon="104.28881">
        <time>2026-05-29T12:20:35Z</time>
      </trkpt>
      <trkpt lat="30.598293" lon="104.28874">
        <time>2026-05-29T12:20:36Z</time>
      </trkpt>
      <trkpt lat="30.598295" lon="104.288666">
        <time>2026-05-29T12:20:37Z</time>
      </trkpt>
      <trkpt lat="30.598297" lon="104.2886">
        <time>2026-05-29T12:20:38Z</time>
      </trkpt>
      <trkpt lat="30.598291" lon="104.28851">
        <time>2026-05-29T12:20:39Z</time>
      </trkpt>
      <trkpt lat="30.59829" lon="104.28844">
        <time>2026-05-29T12:20:40Z</time>
      </trkpt>
      <trkpt lat="30.59829" lon="104.28835">
        <time>2026-05-29T12:20:41Z</time>
      </trkpt>
      <trkpt lat="30.598291" lon="104.28828">
        <time>2026-05-29T12:20:42Z</time>
      </trkpt>
      <trkpt lat="30.598291" lon="104.2882">
        <time>2026-05-29T12:20:43Z</time>
      </trkpt>
      <trkpt lat="30.598293" lon="104.28812">
        <time>2026-05-29T12:20:44Z</time>
      </trkpt>
      <trkpt lat="30.598295" lon="104.28803">
        <time>2026-05-29T12:20:45Z</time>
      </trkpt>
      <trkpt lat="30.598293" lon="104.28795">
        <time>2026-05-29T12:20:46Z</time>
      </trkpt>
      <trkpt lat="30.59829" lon="104.287865">
        <time>2026-05-29T12:20:47Z</time>
      </trkpt>
      <trkpt lat="30.598288" lon="104.28779">
        <time>2026-05-29T12:20:48Z</time>
      </trkpt>
      <trkpt lat="30.598286" lon="104.287704">
        <time>2026-05-29T12:20:49Z</time>
      </trkpt>
      <trkpt lat="30.598282" lon="104.28763">
        <time>2026-05-29T12:20:50Z</time>
      </trkpt>
      <trkpt lat="30.598278" lon="104.287544">
        <time>2026-05-29T12:20:51Z</time>
      </trkpt>
      <trkpt lat="30.598274" lon="104.28746">
        <time>2026-05-29T12:20:52Z</time>
      </trkpt>
      <trkpt lat="30.598272" lon="104.287384">
        <time>2026-05-29T12:20:53Z</time>
      </trkpt>
      <trkpt lat="30.59827" lon="104.2873">
        <time>2026-05-29T12:20:54Z</time>
      </trkpt>
      <trkpt lat="30.598269" lon="104.287224">
        <time>2026-05-29T12:20:55Z</time>
      </trkpt>
      <trkpt lat="30.598267" lon="104.28714">
        <time>2026-05-29T12:20:56Z</time>
      </trkpt>
      <trkpt lat="30.598263" lon="104.28706">
        <time>2026-05-29T12:20:57Z</time>
      </trkpt>
      <trkpt lat="30.59826" lon="104.28698">
        <time>2026-05-29T12:20:58Z</time>
      </trkpt>
      <trkpt lat="30.598259" lon="104.286896">
        <time>2026-05-29T12:20:59Z</time>
      </trkpt>
      <trkpt lat="30.598259" lon="104.28681">
        <time>2026-05-29T12:21:00Z</time>
      </trkpt>
      <trkpt lat="30.598255" lon="104.286736">
        <time>2026-05-29T12:21:01Z</time>
      </trkpt>
      <trkpt lat="30.598251" lon="104.28665">
        <time>2026-05-29T12:21:02Z</time>
      </trkpt>
      <trkpt lat="30.59825" lon="104.28657">
        <time>2026-05-29T12:21:03Z</time>
      </trkpt>
      <trkpt lat="30.59825" lon="104.28648">
        <time>2026-05-29T12:21:04Z</time>
      </trkpt>
      <trkpt lat="30.59825" lon="104.28641">
        <time>2026-05-29T12:21:05Z</time>
      </trkpt>
      <trkpt lat="30.598248" lon="104.28632">
        <time>2026-05-29T12:21:06Z</time>
      </trkpt>
      <trkpt lat="30.598244" lon="104.28624">
        <time>2026-05-29T12:21:07Z</time>
      </trkpt>
      <trkpt lat="30.59824" lon="104.286156">
        <time>2026-05-29T12:21:08Z</time>
      </trkpt>
      <trkpt lat="30.598238" lon="104.28607">
        <time>2026-05-29T12:21:09Z</time>
      </trkpt>
      <trkpt lat="30.598238" lon="104.28599">
        <time>2026-05-29T12:21:10Z</time>
      </trkpt>
      <trkpt lat="30.598234" lon="104.28591">
        <time>2026-05-29T12:21:11Z</time>
      </trkpt>
      <trkpt lat="30.598234" lon="104.28583">
        <time>2026-05-29T12:21:12Z</time>
      </trkpt>
      <trkpt lat="30.598232" lon="104.28574">
        <time>2026-05-29T12:21:13Z</time>
      </trkpt>
      <trkpt lat="30.59823" lon="104.28566">
        <time>2026-05-29T12:21:14Z</time>
      </trkpt>
      <trkpt lat="30.598228" lon="104.28558">
        <time>2026-05-29T12:21:15Z</time>
      </trkpt>
      <trkpt lat="30.598225" lon="104.2855">
        <time>2026-05-29T12:21:16Z</time>
      </trkpt>
      <trkpt lat="30.598223" lon="104.28542">
        <time>2026-05-29T12:21:17Z</time>
      </trkpt>
      <trkpt lat="30.59822" lon="104.28535">
        <time>2026-05-29T12:21:18Z</time>
      </trkpt>
      <trkpt lat="30.59822" lon="104.28527">
        <time>2026-05-29T12:21:19Z</time>
      </trkpt>
      <trkpt lat="30.598219" lon="104.285194">
        <time>2026-05-29T12:21:20Z</time>
      </trkpt>
      <trkpt lat="30.598217" lon="104.28512">
        <time>2026-05-29T12:21:21Z</time>
      </trkpt>
      <trkpt lat="30.598215" lon="104.28504">
        <time>2026-05-29T12:21:22Z</time>
      </trkpt>
      <trkpt lat="30.598215" lon="104.284966">
        <time>2026-05-29T12:21:23Z</time>
      </trkpt>
      <trkpt lat="30.598215" lon="104.28489">
        <time>2026-05-29T12:21:24Z</time>
      </trkpt>
      <trkpt lat="30.598213" lon="104.28481">
        <time>2026-05-29T12:21:25Z</time>
      </trkpt>
      <trkpt lat="30.598211" lon="104.28474">
        <time>2026-05-29T12:21:26Z</time>
      </trkpt>
      <trkpt lat="30.59821" lon="104.28467">
        <time>2026-05-29T12:21:27Z</time>
      </trkpt>
      <trkpt lat="30.598207" lon="104.28459">
        <time>2026-05-29T12:21:28Z</time>
      </trkpt>
      <trkpt lat="30.598206" lon="104.284515">
        <time>2026-05-29T12:21:29Z</time>
      </trkpt>
      <trkpt lat="30.598206" lon="104.28445">
        <time>2026-05-29T12:21:30Z</time>
      </trkpt>
      <trkpt lat="30.5982" lon="104.28438">
        <time>2026-05-29T12:21:31Z</time>
      </trkpt>
      <trkpt lat="30.598198" lon="104.28431">
        <time>2026-05-29T12:21:32Z</time>
      </trkpt>
      <trkpt lat="30.598198" lon="104.28423">
        <time>2026-05-29T12:21:33Z</time>
      </trkpt>
      <trkpt lat="30.598196" lon="104.28417">
        <time>2026-05-29T12:21:34Z</time>
      </trkpt>
      <trkpt lat="30.598196" lon="104.2841">
        <time>2026-05-29T12:21:35Z</time>
      </trkpt>
      <trkpt lat="30.598196" lon="104.284035">
        <time>2026-05-29T12:21:36Z</time>
      </trkpt>
      <trkpt lat="30.598196" lon="104.283966">
        <time>2026-05-29T12:21:37Z</time>
      </trkpt>
      <trkpt lat="30.598194" lon="104.2839">
        <time>2026-05-29T12:21:38Z</time>
      </trkpt>
      <trkpt lat="30.598192" lon="104.28383">
        <time>2026-05-29T12:21:39Z</time>
      </trkpt>
      <trkpt lat="30.598192" lon="104.28376">
        <time>2026-05-29T12:21:40Z</time>
      </trkpt>
      <trkpt lat="30.59819" lon="104.28368">
        <time>2026-05-29T12:21:41Z</time>
      </trkpt>
      <trkpt lat="30.59819" lon="104.283615">
        <time>2026-05-29T12:21:42Z</time>
      </trkpt>
      <trkpt lat="30.598186" lon="104.28355">
        <time>2026-05-29T12:21:43Z</time>
      </trkpt>
      <trkpt lat="30.598185" lon="104.28348">
        <time>2026-05-29T12:21:44Z</time>
      </trkpt>
      <trkpt lat="30.598185" lon="104.2834">
        <time>2026-05-29T12:21:45Z</time>
      </trkpt>
      <trkpt lat="30.598186" lon="104.28333">
        <time>2026-05-29T12:21:46Z</time>
      </trkpt>
      <trkpt lat="30.598183" lon="104.283264">
        <time>2026-05-29T12:21:47Z</time>
      </trkpt>
      <trkpt lat="30.598183" lon="104.283195">
        <time>2026-05-29T12:21:48Z</time>
      </trkpt>
      <trkpt lat="30.59818" lon="104.28313">
        <time>2026-05-29T12:21:49Z</time>
      </trkpt>
      <trkpt lat="30.59818" lon="104.28306">
        <time>2026-05-29T12:21:50Z</time>
      </trkpt>
      <trkpt lat="30.59818" lon="104.28299">
        <time>2026-05-29T12:21:51Z</time>
      </trkpt>
      <trkpt lat="30.598179" lon="104.28292">
        <time>2026-05-29T12:21:52Z</time>
      </trkpt>
      <trkpt lat="30.598179" lon="104.28286">
        <time>2026-05-29T12:21:53Z</time>
      </trkpt>
      <trkpt lat="30.598177" lon="104.28279">
        <time>2026-05-29T12:21:54Z</time>
      </trkpt>
      <trkpt lat="30.598179" lon="104.28273">
        <time>2026-05-29T12:21:55Z</time>
      </trkpt>
      <trkpt lat="30.598179" lon="104.28266">
        <time>2026-05-29T12:21:56Z</time>
      </trkpt>
      <trkpt lat="30.598177" lon="104.2826">
        <time>2026-05-29T12:21:57Z</time>
      </trkpt>
      <trkpt lat="30.598177" lon="104.28253">
        <time>2026-05-29T12:21:58Z</time>
      </trkpt>
      <trkpt lat="30.598177" lon="104.28246">
        <time>2026-05-29T12:21:59Z</time>
      </trkpt>
      <trkpt lat="30.598177" lon="104.2824">
        <time>2026-05-29T12:22:00Z</time>
      </trkpt>
      <trkpt lat="30.598177" lon="104.28234">
        <time>2026-05-29T12:22:01Z</time>
      </trkpt>
      <trkpt lat="30.598175" lon="104.28227">
        <time>2026-05-29T12:22:02Z</time>
      </trkpt>
      <trkpt lat="30.598177" lon="104.2822">
        <time>2026-05-29T12:22:03Z</time>
      </trkpt>
      <trkpt lat="30.598179" lon="104.282135">
        <time>2026-05-29T12:22:04Z</time>
      </trkpt>
      <trkpt lat="30.59818" lon="104.28207">
        <time>2026-05-29T12:22:05Z</time>
      </trkpt>
      <trkpt lat="30.59818" lon="104.28199">
        <time>2026-05-29T12:22:06Z</time>
      </trkpt>
      <trkpt lat="30.598183" lon="104.28192">
        <time>2026-05-29T12:22:07Z</time>
      </trkpt>
      <trkpt lat="30.598186" lon="104.28185">
        <time>2026-05-29T12:22:08Z</time>
      </trkpt>
      <trkpt lat="30.59819" lon="104.281784">
        <time>2026-05-29T12:22:09Z</time>
      </trkpt>
      <trkpt lat="30.598194" lon="104.281715">
        <time>2026-05-29T12:22:10Z</time>
      </trkpt>
      <trkpt lat="30.598204" lon="104.28165">
        <time>2026-05-29T12:22:11Z</time>
      </trkpt>
      <trkpt lat="30.598215" lon="104.28158">
        <time>2026-05-29T12:22:12Z</time>
      </trkpt>
      <trkpt lat="30.598225" lon="104.28151">
        <time>2026-05-29T12:22:13Z</time>
      </trkpt>
      <trkpt lat="30.598234" lon="104.28144">
        <time>2026-05-29T12:22:14Z</time>
      </trkpt>
      <trkpt lat="30.598244" lon="104.28137">
        <time>2026-05-29T12:22:15Z</time>
      </trkpt>
      <trkpt lat="30.598248" lon="104.2813">
        <time>2026-05-29T12:22:16Z</time>
      </trkpt>
      <trkpt lat="30.598251" lon="104.28124">
        <time>2026-05-29T12:22:17Z</time>
      </trkpt>
      <trkpt lat="30.598253" lon="104.28117">
        <time>2026-05-29T12:22:18Z</time>
      </trkpt>
      <trkpt lat="30.598257" lon="104.28111">
        <time>2026-05-29T12:22:19Z</time>
      </trkpt>
      <trkpt lat="30.598257" lon="104.281044">
        <time>2026-05-29T12:22:20Z</time>
      </trkpt>
      <trkpt lat="30.598257" lon="104.28098">
        <time>2026-05-29T12:22:21Z</time>
      </trkpt>
      <trkpt lat="30.598257" lon="104.28092">
        <time>2026-05-29T12:22:22Z</time>
      </trkpt>
      <trkpt lat="30.598257" lon="104.28085">
        <time>2026-05-29T12:22:23Z</time>
      </trkpt>
      <trkpt lat="30.59826" lon="104.28079">
        <time>2026-05-29T12:22:24Z</time>
      </trkpt>
      <trkpt lat="30.59827" lon="104.28072">
        <time>2026-05-29T12:22:25Z</time>
      </trkpt>
      <trkpt lat="30.598276" lon="104.280655">
        <time>2026-05-29T12:22:26Z</time>
      </trkpt>
      <trkpt lat="30.598284" lon="104.28059">
        <time>2026-05-29T12:22:27Z</time>
      </trkpt>
      <trkpt lat="30.598291" lon="104.28051">
        <time>2026-05-29T12:22:28Z</time>
      </trkpt>
      <trkpt lat="30.5983" lon="104.28044">
        <time>2026-05-29T12:22:29Z</time>
      </trkpt>
      <trkpt lat="30.598312" lon="104.280365">
        <time>2026-05-29T12:22:30Z</time>
      </trkpt>
      <trkpt lat="30.598322" lon="104.28028">
        <time>2026-05-29T12:22:31Z</time>
      </trkpt>
      <trkpt lat="30.598333" lon="104.280205">
        <time>2026-05-29T12:22:32Z</time>
      </trkpt>
      <trkpt lat="30.598345" lon="104.28013">
        <time>2026-05-29T12:22:33Z</time>
      </trkpt>
      <trkpt lat="30.598356" lon="104.28005">
        <time>2026-05-29T12:22:34Z</time>
      </trkpt>
      <trkpt lat="30.598368" lon="104.279976">
        <time>2026-05-29T12:22:35Z</time>
      </trkpt>
      <trkpt lat="30.59838" lon="104.2799">
        <time>2026-05-29T12:22:36Z</time>
      </trkpt>
      <trkpt lat="30.598392" lon="104.27982">
        <time>2026-05-29T12:22:37Z</time>
      </trkpt>
      <trkpt lat="30.598406" lon="104.27975">
        <time>2026-05-29T12:22:38Z</time>
      </trkpt>
      <trkpt lat="30.598417" lon="104.27967">
        <time>2026-05-29T12:22:39Z</time>
      </trkpt>
      <trkpt lat="30.598425" lon="104.279594">
        <time>2026-05-29T12:22:40Z</time>
      </trkpt>
      <trkpt lat="30.598436" lon="104.27952">
        <time>2026-05-29T12:22:41Z</time>
      </trkpt>
      <trkpt lat="30.598452" lon="104.27945">
        <time>2026-05-29T12:22:42Z</time>
      </trkpt>
      <trkpt lat="30.598465" lon="104.27937">
        <time>2026-05-29T12:22:43Z</time>
      </trkpt>
      <trkpt lat="30.598473" lon="104.2793">
        <time>2026-05-29T12:22:44Z</time>
      </trkpt>
      <trkpt lat="30.598486" lon="104.27923">
        <time>2026-05-29T12:22:45Z</time>
      </trkpt>
      <trkpt lat="30.598497" lon="104.27916">
        <time>2026-05-29T12:22:46Z</time>
      </trkpt>
      <trkpt lat="30.598513" lon="104.27909">
        <time>2026-05-29T12:22:47Z</time>
      </trkpt>
      <trkpt lat="30.598528" lon="104.27902">
        <time>2026-05-29T12:22:48Z</time>
      </trkpt>
      <trkpt lat="30.598541" lon="104.27895">
        <time>2026-05-29T12:22:49Z</time>
      </trkpt>
      <trkpt lat="30.598553" lon="104.278885">
        <time>2026-05-29T12:22:50Z</time>
      </trkpt>
      <trkpt lat="30.598564" lon="104.27882">
        <time>2026-05-29T12:22:51Z</time>
      </trkpt>
      <trkpt lat="30.598577" lon="104.27875">
        <time>2026-05-29T12:22:52Z</time>
      </trkpt>
      <trkpt lat="30.59859" lon="104.27867">
        <time>2026-05-29T12:22:53Z</time>
      </trkpt>
      <trkpt lat="30.598602" lon="104.2786">
        <time>2026-05-29T12:22:54Z</time>
      </trkpt>
      <trkpt lat="30.598618" lon="104.27853">
        <time>2026-05-29T12:22:55Z</time>
      </trkpt>
      <trkpt lat="30.598633" lon="104.27846">
        <time>2026-05-29T12:22:56Z</time>
      </trkpt>
      <trkpt lat="30.598648" lon="104.27838">
        <time>2026-05-29T12:22:57Z</time>
      </trkpt>
      <trkpt lat="30.598661" lon="104.27831">
        <time>2026-05-29T12:22:58Z</time>
      </trkpt>
      <trkpt lat="30.598675" lon="104.27824">
        <time>2026-05-29T12:22:59Z</time>
      </trkpt>
      <trkpt lat="30.598688" lon="104.27816">
        <time>2026-05-29T12:23:00Z</time>
      </trkpt>
      <trkpt lat="30.598701" lon="104.27808">
        <time>2026-05-29T12:23:01Z</time>
      </trkpt>
      <trkpt lat="30.598713" lon="104.278015">
        <time>2026-05-29T12:23:02Z</time>
      </trkpt>
      <trkpt lat="30.598726" lon="104.27794">
        <time>2026-05-29T12:23:03Z</time>
      </trkpt>
      <trkpt lat="30.598742" lon="104.27786">
        <time>2026-05-29T12:23:04Z</time>
      </trkpt>
      <trkpt lat="30.598755" lon="104.27779">
        <time>2026-05-29T12:23:05Z</time>
      </trkpt>
      <trkpt lat="30.598768" lon="104.27771">
        <time>2026-05-29T12:23:06Z</time>
      </trkpt>
      <trkpt lat="30.598785" lon="104.27763">
        <time>2026-05-29T12:23:07Z</time>
      </trkpt>
      <trkpt lat="30.5988" lon="104.27756">
        <time>2026-05-29T12:23:08Z</time>
      </trkpt>
      <trkpt lat="30.598812" lon="104.27748">
        <time>2026-05-29T12:23:09Z</time>
      </trkpt>
      <trkpt lat="30.598825" lon="104.277405">
        <time>2026-05-29T12:23:10Z</time>
      </trkpt>
      <trkpt lat="30.59884" lon="104.27733">
        <time>2026-05-29T12:23:11Z</time>
      </trkpt>
      <trkpt lat="30.598858" lon="104.27725">
        <time>2026-05-29T12:23:12Z</time>
      </trkpt>
      <trkpt lat="30.598871" lon="104.277176">
        <time>2026-05-29T12:23:13Z</time>
      </trkpt>
      <trkpt lat="30.59888" lon="104.27709">
        <time>2026-05-29T12:23:14Z</time>
      </trkpt>
      <trkpt lat="30.598894" lon="104.277016">
        <time>2026-05-29T12:23:15Z</time>
      </trkpt>
      <trkpt lat="30.598911" lon="104.27694">
        <time>2026-05-29T12:23:16Z</time>
      </trkpt>
      <trkpt lat="30.598928" lon="104.276855">
        <time>2026-05-29T12:23:17Z</time>
      </trkpt>
      <trkpt lat="30.598944" lon="104.27677">
        <time>2026-05-29T12:23:18Z</time>
      </trkpt>
      <trkpt lat="30.598959" lon="104.276695">
        <time>2026-05-29T12:23:19Z</time>
      </trkpt>
      <trkpt lat="30.598974" lon="104.2766">
        <time>2026-05-29T12:23:20Z</time>
      </trkpt>
      <trkpt lat="30.59899" lon="104.27652">
        <time>2026-05-29T12:23:21Z</time>
      </trkpt>
      <trkpt lat="30.599005" lon="104.276436">
        <time>2026-05-29T12:23:22Z</time>
      </trkpt>
      <trkpt lat="30.59902" lon="104.276344">
        <time>2026-05-29T12:23:23Z</time>
      </trkpt>
      <trkpt lat="30.59904" lon="104.27626">
        <time>2026-05-29T12:23:24Z</time>
      </trkpt>
      <trkpt lat="30.599056" lon="104.27617">
        <time>2026-05-29T12:23:25Z</time>
      </trkpt>
      <trkpt lat="30.599073" lon="104.276085">
        <time>2026-05-29T12:23:26Z</time>
      </trkpt>
      <trkpt lat="30.59909" lon="104.27599">
        <time>2026-05-29T12:23:27Z</time>
      </trkpt>
      <trkpt lat="30.599106" lon="104.2759">
        <time>2026-05-29T12:23:28Z</time>
      </trkpt>
      <trkpt lat="30.59912" lon="104.27581">
        <time>2026-05-29T12:23:29Z</time>
      </trkpt>
      <trkpt lat="30.599138" lon="104.27573">
        <time>2026-05-29T12:23:30Z</time>
      </trkpt>
      <trkpt lat="30.599155" lon="104.275635">
        <time>2026-05-29T12:23:31Z</time>
      </trkpt>
      <trkpt lat="30.59917" lon="104.27554">
        <time>2026-05-29T12:23:32Z</time>
      </trkpt>
      <trkpt lat="30.599186" lon="104.27546">
        <time>2026-05-29T12:23:33Z</time>
      </trkpt>
      <trkpt lat="30.599201" lon="104.27537">
        <time>2026-05-29T12:23:34Z</time>
      </trkpt>
      <trkpt lat="30.599218" lon="104.275276">
        <time>2026-05-29T12:23:35Z</time>
      </trkpt>
      <trkpt lat="30.599236" lon="104.275185">
        <time>2026-05-29T12:23:36Z</time>
      </trkpt>
      <trkpt lat="30.59925" lon="104.27509">
        <time>2026-05-29T12:23:37Z</time>
      </trkpt>
      <trkpt lat="30.599268" lon="104.275">
        <time>2026-05-29T12:23:38Z</time>
      </trkpt>
      <trkpt lat="30.599287" lon="104.27491">
        <time>2026-05-29T12:23:39Z</time>
      </trkpt>
      <trkpt lat="30.599304" lon="104.27482">
        <time>2026-05-29T12:23:40Z</time>
      </trkpt>
      <trkpt lat="30.599318" lon="104.27473">
        <time>2026-05-29T12:23:41Z</time>
      </trkpt>
      <trkpt lat="30.599333" lon="104.27463">
        <time>2026-05-29T12:23:42Z</time>
      </trkpt>
      <trkpt lat="30.59935" lon="104.274536">
        <time>2026-05-29T12:23:43Z</time>
      </trkpt>
      <trkpt lat="30.599367" lon="104.274445">
        <time>2026-05-29T12:23:44Z</time>
      </trkpt>
      <trkpt lat="30.599384" lon="104.27435">
        <time>2026-05-29T12:23:45Z</time>
      </trkpt>
      <trkpt lat="30.599401" lon="104.274254">
        <time>2026-05-29T12:23:46Z</time>
      </trkpt>
      <trkpt lat="30.59942" lon="104.27416">
        <time>2026-05-29T12:23:47Z</time>
      </trkpt>
      <trkpt lat="30.599436" lon="104.27407">
        <time>2026-05-29T12:23:48Z</time>
      </trkpt>
      <trkpt lat="30.599453" lon="104.27398">
        <time>2026-05-29T12:23:49Z</time>
      </trkpt>
      <trkpt lat="30.59947" lon="104.27389">
        <time>2026-05-29T12:23:50Z</time>
      </trkpt>
      <trkpt lat="30.599487" lon="104.2738">
        <time>2026-05-29T12:23:51Z</time>
      </trkpt>
      <trkpt lat="30.599503" lon="104.27371">
        <time>2026-05-29T12:23:52Z</time>
      </trkpt>
      <trkpt lat="30.59952" lon="104.27362">
        <time>2026-05-29T12:23:53Z</time>
      </trkpt>
      <trkpt lat="30.599537" lon="104.27354">
        <time>2026-05-29T12:23:54Z</time>
      </trkpt>
      <trkpt lat="30.599554" lon="104.273445">
        <time>2026-05-29T12:23:55Z</time>
      </trkpt>
      <trkpt lat="30.599567" lon="104.27336">
        <time>2026-05-29T12:23:56Z</time>
      </trkpt>
      <trkpt lat="30.599585" lon="104.27328">
        <time>2026-05-29T12:23:57Z</time>
      </trkpt>
      <trkpt lat="30.5996" lon="104.273186">
        <time>2026-05-29T12:23:58Z</time>
      </trkpt>
      <trkpt lat="30.599615" lon="104.2731">
        <time>2026-05-29T12:23:59Z</time>
      </trkpt>
      <trkpt lat="30.599632" lon="104.27301">
        <time>2026-05-29T12:24:00Z</time>
      </trkpt>
      <trkpt lat="30.599648" lon="104.27293">
        <time>2026-05-29T12:24:01Z</time>
      </trkpt>
      <trkpt lat="30.599663" lon="104.272835">
        <time>2026-05-29T12:24:02Z</time>
      </trkpt>
      <trkpt lat="30.59968" lon="104.27275">
        <time>2026-05-29T12:24:03Z</time>
      </trkpt>
      <trkpt lat="30.599695" lon="104.27266">
        <time>2026-05-29T12:24:04Z</time>
      </trkpt>
      <trkpt lat="30.599712" lon="104.272575">
        <time>2026-05-29T12:24:05Z</time>
      </trkpt>
      <trkpt lat="30.599726" lon="104.272484">
        <time>2026-05-29T12:24:06Z</time>
      </trkpt>
      <trkpt lat="30.599743" lon="104.27239">
        <time>2026-05-29T12:24:07Z</time>
      </trkpt>
      <trkpt lat="30.599758" lon="104.2723">
        <time>2026-05-29T12:24:08Z</time>
      </trkpt>
      <trkpt lat="30.599771" lon="104.27221">
        <time>2026-05-29T12:24:09Z</time>
      </trkpt>
      <trkpt lat="30.599785" lon="104.27212">
        <time>2026-05-29T12:24:10Z</time>
      </trkpt>
      <trkpt lat="30.5998" lon="104.27203">
        <time>2026-05-29T12:24:11Z</time>
      </trkpt>
      <trkpt lat="30.599817" lon="104.27194">
        <time>2026-05-29T12:24:12Z</time>
      </trkpt>
      <trkpt lat="30.599829" lon="104.27186">
        <time>2026-05-29T12:24:13Z</time>
      </trkpt>
      <trkpt lat="30.599838" lon="104.27177">
        <time>2026-05-29T12:24:14Z</time>
      </trkpt>
      <trkpt lat="30.599852" lon="104.27168">
        <time>2026-05-29T12:24:15Z</time>
      </trkpt>
      <trkpt lat="30.599863" lon="104.2716">
        <time>2026-05-29T12:24:16Z</time>
      </trkpt>
      <trkpt lat="30.599876" lon="104.271515">
        <time>2026-05-29T12:24:17Z</time>
      </trkpt>
      <trkpt lat="30.599886" lon="104.27142">
        <time>2026-05-29T12:24:18Z</time>
      </trkpt>
      <trkpt lat="30.599901" lon="104.27134">
        <time>2026-05-29T12:24:19Z</time>
      </trkpt>
      <trkpt lat="30.599915" lon="104.271255">
        <time>2026-05-29T12:24:20Z</time>
      </trkpt>
      <trkpt lat="30.599928" lon="104.27117">
        <time>2026-05-29T12:24:21Z</time>
      </trkpt>
      <trkpt lat="30.599937" lon="104.27108">
        <time>2026-05-29T12:24:22Z</time>
      </trkpt>
      <trkpt lat="30.599949" lon="104.271">
        <time>2026-05-29T12:24:23Z</time>
      </trkpt>
      <trkpt lat="30.599958" lon="104.27091">
        <time>2026-05-29T12:24:24Z</time>
      </trkpt>
      <trkpt lat="30.599968" lon="104.27083">
        <time>2026-05-29T12:24:25Z</time>
      </trkpt>
      <trkpt lat="30.599977" lon="104.270744">
        <time>2026-05-29T12:24:26Z</time>
      </trkpt>
      <trkpt lat="30.599989" lon="104.27066">
        <time>2026-05-29T12:24:27Z</time>
      </trkpt>
      <trkpt lat="30.599998" lon="104.27058">
        <time>2026-05-29T12:24:28Z</time>
      </trkpt>
      <trkpt lat="30.60001" lon="104.27049">
        <time>2026-05-29T12:24:29Z</time>
      </trkpt>
      <trkpt lat="30.60002" lon="104.27041">
        <time>2026-05-29T12:24:30Z</time>
      </trkpt>
      <trkpt lat="30.60003" lon="104.270325">
        <time>2026-05-29T12:24:31Z</time>
      </trkpt>
      <trkpt lat="30.600042" lon="104.27024">
        <time>2026-05-29T12:24:32Z</time>
      </trkpt>
      <trkpt lat="30.600052" lon="104.27016">
        <time>2026-05-29T12:24:33Z</time>
      </trkpt>
      <trkpt lat="30.600061" lon="104.27007">
        <time>2026-05-29T12:24:34Z</time>
      </trkpt>
      <trkpt lat="30.60007" lon="104.26998">
        <time>2026-05-29T12:24:35Z</time>
      </trkpt>
      <trkpt lat="30.600079" lon="104.2699">
        <time>2026-05-29T12:24:36Z</time>
      </trkpt>
      <trkpt lat="30.600084" lon="104.26981">
        <time>2026-05-29T12:24:37Z</time>
      </trkpt>
      <trkpt lat="30.600094" lon="104.26974">
        <time>2026-05-29T12:24:38Z</time>
      </trkpt>
      <trkpt lat="30.600101" lon="104.26965">
        <time>2026-05-29T12:24:39Z</time>
      </trkpt>
      <trkpt lat="30.600107" lon="104.26958">
        <time>2026-05-29T12:24:40Z</time>
      </trkpt>
      <trkpt lat="30.600113" lon="104.26949">
        <time>2026-05-29T12:24:41Z</time>
      </trkpt>
      <trkpt lat="30.600122" lon="104.26942">
        <time>2026-05-29T12:24:42Z</time>
      </trkpt>
      <trkpt lat="30.600132" lon="104.26933">
        <time>2026-05-29T12:24:43Z</time>
      </trkpt>
      <trkpt lat="30.600138" lon="104.26926">
        <time>2026-05-29T12:24:44Z</time>
      </trkpt>
      <trkpt lat="30.600143" lon="104.26918">
        <time>2026-05-29T12:24:45Z</time>
      </trkpt>
      <trkpt lat="30.60015" lon="104.2691">
        <time>2026-05-29T12:24:46Z</time>
      </trkpt>
      <trkpt lat="30.600157" lon="104.26902">
        <time>2026-05-29T12:24:47Z</time>
      </trkpt>
      <trkpt lat="30.600163" lon="104.268936">
        <time>2026-05-29T12:24:48Z</time>
      </trkpt>
      <trkpt lat="30.600168" lon="104.26886">
        <time>2026-05-29T12:24:49Z</time>
      </trkpt>
      <trkpt lat="30.600176" lon="104.26878">
        <time>2026-05-29T12:24:50Z</time>
      </trkpt>
      <trkpt lat="30.60018" lon="104.26871">
        <time>2026-05-29T12:24:51Z</time>
      </trkpt>
      <trkpt lat="30.600185" lon="104.26863">
        <time>2026-05-29T12:24:52Z</time>
      </trkpt>
      <trkpt lat="30.60019" lon="104.268555">
        <time>2026-05-29T12:24:53Z</time>
      </trkpt>
      <trkpt lat="30.600193" lon="104.26848">
        <time>2026-05-29T12:24:54Z</time>
      </trkpt>
      <trkpt lat="30.600197" lon="104.2684">
        <time>2026-05-29T12:24:55Z</time>
      </trkpt>
      <trkpt lat="30.600203" lon="104.26833">
        <time>2026-05-29T12:24:56Z</time>
      </trkpt>
      <trkpt lat="30.600208" lon="104.26826">
        <time>2026-05-29T12:24:57Z</time>
      </trkpt>
      <trkpt lat="30.600212" lon="104.26818">
        <time>2026-05-29T12:24:58Z</time>
      </trkpt>
      <trkpt lat="30.600216" lon="104.268105">
        <time>2026-05-29T12:24:59Z</time>
      </trkpt>
      <trkpt lat="30.600222" lon="104.268036">
        <time>2026-05-29T12:25:00Z</time>
      </trkpt>
      <trkpt lat="30.600224" lon="104.26796">
        <time>2026-05-29T12:25:01Z</time>
      </trkpt>
      <trkpt lat="30.600225" lon="104.26789">
        <time>2026-05-29T12:25:02Z</time>
      </trkpt>
      <trkpt lat="30.60023" lon="104.267815">
        <time>2026-05-29T12:25:03Z</time>
      </trkpt>
      <trkpt lat="30.600233" lon="104.267746">
        <time>2026-05-29T12:25:04Z</time>
      </trkpt>
      <trkpt lat="30.600239" lon="104.26767">
        <time>2026-05-29T12:25:05Z</time>
      </trkpt>
      <trkpt lat="30.60024" lon="104.2676">
        <time>2026-05-29T12:25:06Z</time>
      </trkpt>
      <trkpt lat="30.600243" lon="104.26753">
        <time>2026-05-29T12:25:07Z</time>
      </trkpt>
      <trkpt lat="30.600243" lon="104.267456">
        <time>2026-05-29T12:25:08Z</time>
      </trkpt>
      <trkpt lat="30.600246" lon="104.26739">
        <time>2026-05-29T12:25:09Z</time>
      </trkpt>
      <trkpt lat="30.600252" lon="104.26731">
        <time>2026-05-29T12:25:10Z</time>
      </trkpt>
      <trkpt lat="30.600254" lon="104.267235">
        <time>2026-05-29T12:25:11Z</time>
      </trkpt>
      <trkpt lat="30.600258" lon="104.26716">
        <time>2026-05-29T12:25:12Z</time>
      </trkpt>
      <trkpt lat="30.60026" lon="104.26708">
        <time>2026-05-29T12:25:13Z</time>
      </trkpt>
      <trkpt lat="30.600262" lon="104.267006">
        <time>2026-05-29T12:25:14Z</time>
      </trkpt>
      <trkpt lat="30.600264" lon="104.26693">
        <time>2026-05-29T12:25:15Z</time>
      </trkpt>
      <trkpt lat="30.600264" lon="104.266846">
        <time>2026-05-29T12:25:16Z</time>
      </trkpt>
      <trkpt lat="30.600267" lon="104.26676">
        <time>2026-05-29T12:25:17Z</time>
      </trkpt>
      <trkpt lat="30.600271" lon="104.266685">
        <time>2026-05-29T12:25:18Z</time>
      </trkpt>
      <trkpt lat="30.600279" lon="104.2666">
        <time>2026-05-29T12:25:19Z</time>
      </trkpt>
      <trkpt lat="30.600285" lon="104.26652">
        <time>2026-05-29T12:25:20Z</time>
      </trkpt>
      <trkpt lat="30.600292" lon="104.26643">
        <time>2026-05-29T12:25:21Z</time>
      </trkpt>
      <trkpt lat="30.600296" lon="104.26634">
        <time>2026-05-29T12:25:22Z</time>
      </trkpt>
      <trkpt lat="30.600302" lon="104.26626">
        <time>2026-05-29T12:25:23Z</time>
      </trkpt>
      <trkpt lat="30.600304" lon="104.26617">
        <time>2026-05-29T12:25:24Z</time>
      </trkpt>
      <trkpt lat="30.600307" lon="104.26608">
        <time>2026-05-29T12:25:25Z</time>
      </trkpt>
      <trkpt lat="30.600307" lon="104.26599">
        <time>2026-05-29T12:25:26Z</time>
      </trkpt>
      <trkpt lat="30.600311" lon="104.2659">
        <time>2026-05-29T12:25:27Z</time>
      </trkpt>
      <trkpt lat="30.600317" lon="104.265816">
        <time>2026-05-29T12:25:28Z</time>
      </trkpt>
      <trkpt lat="30.600323" lon="104.265724">
        <time>2026-05-29T12:25:29Z</time>
      </trkpt>
      <trkpt lat="30.600328" lon="104.26563">
        <time>2026-05-29T12:25:30Z</time>
      </trkpt>
      <trkpt lat="30.600332" lon="104.26554">
        <time>2026-05-29T12:25:31Z</time>
      </trkpt>
      <trkpt lat="30.600338" lon="104.26545">
        <time>2026-05-29T12:25:32Z</time>
      </trkpt>
      <trkpt lat="30.600346" lon="104.26536">
        <time>2026-05-29T12:25:33Z</time>
      </trkpt>
      <trkpt lat="30.60035" lon="104.26526">
        <time>2026-05-29T12:25:34Z</time>
      </trkpt>
      <trkpt lat="30.600355" lon="104.26517">
        <time>2026-05-29T12:25:35Z</time>
      </trkpt>
      <trkpt lat="30.60036" lon="104.265076">
        <time>2026-05-29T12:25:36Z</time>
      </trkpt>
      <trkpt lat="30.600365" lon="104.264984">
        <time>2026-05-29T12:25:37Z</time>
      </trkpt>
      <trkpt lat="30.60037" lon="104.264885">
        <time>2026-05-29T12:25:38Z</time>
      </trkpt>
      <trkpt lat="30.600374" lon="104.26479">
        <time>2026-05-29T12:25:39Z</time>
      </trkpt>
      <trkpt lat="30.600378" lon="104.2647">
        <time>2026-05-29T12:25:40Z</time>
      </trkpt>
      <trkpt lat="30.600384" lon="104.2646">
        <time>2026-05-29T12:25:41Z</time>
      </trkpt>
      <trkpt lat="30.600388" lon="104.26451">
        <time>2026-05-29T12:25:42Z</time>
      </trkpt>
      <trkpt lat="30.600391" lon="104.26441">
        <time>2026-05-29T12:25:43Z</time>
      </trkpt>
      <trkpt lat="30.600395" lon="104.26432">
        <time>2026-05-29T12:25:44Z</time>
      </trkpt>
      <trkpt lat="30.600399" lon="104.26422">
        <time>2026-05-29T12:25:45Z</time>
      </trkpt>
      <trkpt lat="30.600403" lon="104.26413">
        <time>2026-05-29T12:25:46Z</time>
      </trkpt>
      <trkpt lat="30.600409" lon="104.26404">
        <time>2026-05-29T12:25:47Z</time>
      </trkpt>
      <trkpt lat="30.600412" lon="104.26394">
        <time>2026-05-29T12:25:48Z</time>
      </trkpt>
      <trkpt lat="30.600414" lon="104.26385">
        <time>2026-05-29T12:25:49Z</time>
      </trkpt>
      <trkpt lat="30.60042" lon="104.26375">
        <time>2026-05-29T12:25:50Z</time>
      </trkpt>
      <trkpt lat="30.600426" lon="104.26366">
        <time>2026-05-29T12:25:51Z</time>
      </trkpt>
      <trkpt lat="30.600428" lon="104.26356">
        <time>2026-05-29T12:25:52Z</time>
      </trkpt>
      <trkpt lat="30.600433" lon="104.263466">
        <time>2026-05-29T12:25:53Z</time>
      </trkpt>
      <trkpt lat="30.60044" lon="104.263374">
        <time>2026-05-29T12:25:54Z</time>
      </trkpt>
      <trkpt lat="30.600445" lon="104.263275">
        <time>2026-05-29T12:25:55Z</time>
      </trkpt>
      <trkpt lat="30.60045" lon="104.26318">
        <time>2026-05-29T12:25:56Z</time>
      </trkpt>
      <trkpt lat="30.600454" lon="104.26309">
        <time>2026-05-29T12:25:57Z</time>
      </trkpt>
      <trkpt lat="30.60046" lon="104.26299">
        <time>2026-05-29T12:25:58Z</time>
      </trkpt>
      <trkpt lat="30.600464" lon="104.2629">
        <time>2026-05-29T12:25:59Z</time>
      </trkpt>
      <trkpt lat="30.600468" lon="104.26281">
        <time>2026-05-29T12:26:00Z</time>
      </trkpt>
      <trkpt lat="30.600473" lon="104.26272">
        <time>2026-05-29T12:26:01Z</time>
      </trkpt>
      <trkpt lat="30.600477" lon="104.26263">
        <time>2026-05-29T12:26:02Z</time>
      </trkpt>
      <trkpt lat="30.600481" lon="104.262535">
        <time>2026-05-29T12:26:03Z</time>
      </trkpt>
      <trkpt lat="30.600487" lon="104.26244">
        <time>2026-05-29T12:26:04Z</time>
      </trkpt>
      <trkpt lat="30.600492" lon="104.26235">
        <time>2026-05-29T12:26:05Z</time>
      </trkpt>
      <trkpt lat="30.600494" lon="104.26226">
        <time>2026-05-29T12:26:06Z</time>
      </trkpt>
      <trkpt lat="30.6005" lon="104.26218">
        <time>2026-05-29T12:26:07Z</time>
      </trkpt>
      <trkpt lat="30.600504" lon="104.262085">
        <time>2026-05-29T12:26:08Z</time>
      </trkpt>
      <trkpt lat="30.600506" lon="104.262">
        <time>2026-05-29T12:26:09Z</time>
      </trkpt>
      <trkpt lat="30.600508" lon="104.26191">
        <time>2026-05-29T12:26:10Z</time>
      </trkpt>
      <trkpt lat="30.600513" lon="104.261826">
        <time>2026-05-29T12:26:11Z</time>
      </trkpt>
      <trkpt lat="30.60052" lon="104.26174">
        <time>2026-05-29T12:26:12Z</time>
      </trkpt>
      <trkpt lat="30.600521" lon="104.26166">
        <time>2026-05-29T12:26:13Z</time>
      </trkpt>
      <trkpt lat="30.600525" lon="104.261566">
        <time>2026-05-29T12:26:14Z</time>
      </trkpt>
      <trkpt lat="30.600529" lon="104.26148">
        <time>2026-05-29T12:26:15Z</time>
      </trkpt>
      <trkpt lat="30.600533" lon="104.2614">
        <time>2026-05-29T12:26:16Z</time>
      </trkpt>
      <trkpt lat="30.600536" lon="104.261314">
        <time>2026-05-29T12:26:17Z</time>
      </trkpt>
      <trkpt lat="30.600538" lon="104.26124">
        <time>2026-05-29T12:26:18Z</time>
      </trkpt>
      <trkpt lat="30.600544" lon="104.261154">
        <time>2026-05-29T12:26:19Z</time>
      </trkpt>
      <trkpt lat="30.600548" lon="104.26107">
        <time>2026-05-29T12:26:20Z</time>
      </trkpt>
      <trkpt lat="30.600552" lon="104.260994">
        <time>2026-05-29T12:26:21Z</time>
      </trkpt>
      <trkpt lat="30.600557" lon="104.26091">
        <time>2026-05-29T12:26:22Z</time>
      </trkpt>
      <trkpt lat="30.60056" lon="104.26083">
        <time>2026-05-29T12:26:23Z</time>
      </trkpt>
      <trkpt lat="30.600563" lon="104.26076">
        <time>2026-05-29T12:26:24Z</time>
      </trkpt>
      <trkpt lat="30.600565" lon="104.26068">
        <time>2026-05-29T12:26:25Z</time>
      </trkpt>
      <trkpt lat="30.600569" lon="104.260605">
        <time>2026-05-29T12:26:26Z</time>
      </trkpt>
      <trkpt lat="30.600573" lon="104.26053">
        <time>2026-05-29T12:26:27Z</time>
      </trkpt>
      <trkpt lat="30.600574" lon="104.26045">
        <time>2026-05-29T12:26:28Z</time>
      </trkpt>
      <trkpt lat="30.600582" lon="104.260376">
        <time>2026-05-29T12:26:29Z</time>
      </trkpt>
      <trkpt lat="30.600586" lon="104.2603">
        <time>2026-05-29T12:26:30Z</time>
      </trkpt>
      <trkpt lat="30.600594" lon="104.26023">
        <time>2026-05-29T12:26:31Z</time>
      </trkpt>
      <trkpt lat="30.6006" lon="104.260155">
        <time>2026-05-29T12:26:32Z</time>
      </trkpt>
      <trkpt lat="30.600603" lon="104.260086">
        <time>2026-05-29T12:26:33Z</time>
      </trkpt>
      <trkpt lat="30.600607" lon="104.26001">
        <time>2026-05-29T12:26:34Z</time>
      </trkpt>
      <trkpt lat="30.60061" lon="104.25994">
        <time>2026-05-29T12:26:35Z</time>
      </trkpt>
      <trkpt lat="30.600615" lon="104.25987">
        <time>2026-05-29T12:26:36Z</time>
      </trkpt>
      <trkpt lat="30.600618" lon="104.259796">
        <time>2026-05-29T12:26:37Z</time>
      </trkpt>
      <trkpt lat="30.60062" lon="104.25973">
        <time>2026-05-29T12:26:38Z</time>
      </trkpt>
      <trkpt lat="30.600624" lon="104.25966">
        <time>2026-05-29T12:26:39Z</time>
      </trkpt>
      <trkpt lat="30.600626" lon="104.25958">
        <time>2026-05-29T12:26:40Z</time>
      </trkpt>
      <trkpt lat="30.600632" lon="104.259514">
        <time>2026-05-29T12:26:41Z</time>
      </trkpt>
      <trkpt lat="30.600636" lon="104.259445">
        <time>2026-05-29T12:26:42Z</time>
      </trkpt>
      <trkpt lat="30.60064" lon="104.25937">
        <time>2026-05-29T12:26:43Z</time>
      </trkpt>
      <trkpt lat="30.600643" lon="104.2593">
        <time>2026-05-29T12:26:44Z</time>
      </trkpt>
      <trkpt lat="30.60065" lon="104.259224">
        <time>2026-05-29T12:26:45Z</time>
      </trkpt>
      <trkpt lat="30.600657" lon="104.259155">
        <time>2026-05-29T12:26:46Z</time>
      </trkpt>
      <trkpt lat="30.600664" lon="104.25909">
        <time>2026-05-29T12:26:47Z</time>
      </trkpt>
      <trkpt lat="30.60067" lon="104.25901">
        <time>2026-05-29T12:26:48Z</time>
      </trkpt>
      <trkpt lat="30.600677" lon="104.25894">
        <time>2026-05-29T12:26:49Z</time>
      </trkpt>
      <trkpt lat="30.600685" lon="104.258865">
        <time>2026-05-29T12:26:50Z</time>
      </trkpt>
      <trkpt lat="30.600693" lon="104.2588">
        <time>2026-05-29T12:26:51Z</time>
      </trkpt>
      <trkpt lat="30.600702" lon="104.25872">
        <time>2026-05-29T12:26:52Z</time>
      </trkpt>
      <trkpt lat="30.60071" lon="104.25865">
        <time>2026-05-29T12:26:53Z</time>
      </trkpt>
      <trkpt lat="30.600718" lon="104.258575">
        <time>2026-05-29T12:26:54Z</time>
      </trkpt>
      <trkpt lat="30.600729" lon="104.2585">
        <time>2026-05-29T12:26:55Z</time>
      </trkpt>
      <trkpt lat="30.600737" lon="104.25843">
        <time>2026-05-29T12:26:56Z</time>
      </trkpt>
      <trkpt lat="30.600746" lon="104.258354">
        <time>2026-05-29T12:26:57Z</time>
      </trkpt>
      <trkpt lat="30.600758" lon="104.25828">
        <time>2026-05-29T12:26:58Z</time>
      </trkpt>
      <trkpt lat="30.600763" lon="104.2582">
        <time>2026-05-29T12:26:59Z</time>
      </trkpt>
      <trkpt lat="30.60077" lon="104.25813">
        <time>2026-05-29T12:27:00Z</time>
      </trkpt>
      <trkpt lat="30.600782" lon="104.25806">
        <time>2026-05-29T12:27:01Z</time>
      </trkpt>
      <trkpt lat="30.600796" lon="104.25798">
        <time>2026-05-29T12:27:02Z</time>
      </trkpt>
      <trkpt lat="30.600805" lon="104.257904">
        <time>2026-05-29T12:27:03Z</time>
      </trkpt>
      <trkpt lat="30.600817" lon="104.257835">
        <time>2026-05-29T12:27:04Z</time>
      </trkpt>
      <trkpt lat="30.600828" lon="104.25776">
        <time>2026-05-29T12:27:05Z</time>
      </trkpt>
      <trkpt lat="30.60084" lon="104.25768">
        <time>2026-05-29T12:27:06Z</time>
      </trkpt>
      <trkpt lat="30.600855" lon="104.25761">
        <time>2026-05-29T12:27:07Z</time>
      </trkpt>
      <trkpt lat="30.600868" lon="104.25753">
        <time>2026-05-29T12:27:08Z</time>
      </trkpt>
      <trkpt lat="30.600882" lon="104.257454">
        <time>2026-05-29T12:27:09Z</time>
      </trkpt>
      <trkpt lat="30.600895" lon="104.257385">
        <time>2026-05-29T12:27:10Z</time>
      </trkpt>
      <trkpt lat="30.600908" lon="104.25731">
        <time>2026-05-29T12:27:11Z</time>
      </trkpt>
      <trkpt lat="30.600922" lon="104.25724">
        <time>2026-05-29T12:27:12Z</time>
      </trkpt>
      <trkpt lat="30.600937" lon="104.257164">
        <time>2026-05-29T12:27:13Z</time>
      </trkpt>
      <trkpt lat="30.600952" lon="104.257095">
        <time>2026-05-29T12:27:14Z</time>
      </trkpt>
      <trkpt lat="30.600965" lon="104.25702">
        <time>2026-05-29T12:27:15Z</time>
      </trkpt>
      <trkpt lat="30.60098" lon="104.25695">
        <time>2026-05-29T12:27:16Z</time>
      </trkpt>
      <trkpt lat="30.600994" lon="104.256874">
        <time>2026-05-29T12:27:17Z</time>
      </trkpt>
      <trkpt lat="30.60101" lon="104.256805">
        <time>2026-05-29T12:27:18Z</time>
      </trkpt>
      <trkpt lat="30.601025" lon="104.25673">
        <time>2026-05-29T12:27:19Z</time>
      </trkpt>
      <trkpt lat="30.601044" lon="104.25666">
        <time>2026-05-29T12:27:20Z</time>
      </trkpt>
      <trkpt lat="30.601065" lon="104.25659">
        <time>2026-05-29T12:27:21Z</time>
      </trkpt>
      <trkpt lat="30.601088" lon="104.25652">
        <time>2026-05-29T12:27:22Z</time>
      </trkpt>
      <trkpt lat="30.601109" lon="104.25646">
        <time>2026-05-29T12:27:23Z</time>
      </trkpt>
      <trkpt lat="30.601128" lon="104.25639">
        <time>2026-05-29T12:27:24Z</time>
      </trkpt>
      <trkpt lat="30.601147" lon="104.256325">
        <time>2026-05-29T12:27:25Z</time>
      </trkpt>
      <trkpt lat="30.601166" lon="104.25626">
        <time>2026-05-29T12:27:26Z</time>
      </trkpt>
      <trkpt lat="30.60118" lon="104.256195">
        <time>2026-05-29T12:27:27Z</time>
      </trkpt>
      <trkpt lat="30.601192" lon="104.25613">
        <time>2026-05-29T12:27:28Z</time>
      </trkpt>
      <trkpt lat="30.601208" lon="104.256065">
        <time>2026-05-29T12:27:29Z</time>
      </trkpt>
      <trkpt lat="30.601223" lon="104.256">
        <time>2026-05-29T12:27:30Z</time>
      </trkpt>
      <trkpt lat="30.601238" lon="104.255936">
        <time>2026-05-29T12:27:31Z</time>
      </trkpt>
      <trkpt lat="30.601252" lon="104.25587">
        <time>2026-05-29T12:27:32Z</time>
      </trkpt>
      <trkpt lat="30.601267" lon="104.255806">
        <time>2026-05-29T12:27:33Z</time>
      </trkpt>
      <trkpt lat="30.601282" lon="104.255745">
        <time>2026-05-29T12:27:34Z</time>
      </trkpt>
      <trkpt lat="30.601297" lon="104.255684">
        <time>2026-05-29T12:27:35Z</time>
      </trkpt>
      <trkpt lat="30.601313" lon="104.25562">
        <time>2026-05-29T12:27:36Z</time>
      </trkpt>
      <trkpt lat="30.601328" lon="104.25556">
        <time>2026-05-29T12:27:37Z</time>
      </trkpt>
      <trkpt lat="30.601345" lon="104.25549">
        <time>2026-05-29T12:27:38Z</time>
      </trkpt>
      <trkpt lat="30.601362" lon="104.25543">
        <time>2026-05-29T12:27:39Z</time>
      </trkpt>
      <trkpt lat="30.601381" lon="104.25537">
        <time>2026-05-29T12:27:40Z</time>
      </trkpt>
      <trkpt lat="30.6014" lon="104.25531">
        <time>2026-05-29T12:27:41Z</time>
      </trkpt>
      <trkpt lat="30.60142" lon="104.25525">
        <time>2026-05-29T12:27:42Z</time>
      </trkpt>
      <trkpt lat="30.601439" lon="104.25519">
        <time>2026-05-29T12:27:43Z</time>
      </trkpt>
      <trkpt lat="30.601458" lon="104.25513">
        <time>2026-05-29T12:27:44Z</time>
      </trkpt>
      <trkpt lat="30.60148" lon="104.25506">
        <time>2026-05-29T12:27:45Z</time>
      </trkpt>
      <trkpt lat="30.601501" lon="104.255">
        <time>2026-05-29T12:27:46Z</time>
      </trkpt>
      <trkpt lat="30.601522" lon="104.25494">
        <time>2026-05-29T12:27:47Z</time>
      </trkpt>
      <trkpt lat="30.601542" lon="104.254875">
        <time>2026-05-29T12:27:48Z</time>
      </trkpt>
      <trkpt lat="30.60156" lon="104.254814">
        <time>2026-05-29T12:27:49Z</time>
      </trkpt>
      <trkpt lat="30.60158" lon="104.25475">
        <time>2026-05-29T12:27:50Z</time>
      </trkpt>
      <trkpt lat="30.601603" lon="104.25469">
        <time>2026-05-29T12:27:51Z</time>
      </trkpt>
      <trkpt lat="30.601625" lon="104.25463">
        <time>2026-05-29T12:27:52Z</time>
      </trkpt>
      <trkpt lat="30.601646" lon="104.25457">
        <time>2026-05-29T12:27:53Z</time>
      </trkpt>
      <trkpt lat="30.60167" lon="104.25451">
        <time>2026-05-29T12:27:54Z</time>
      </trkpt>
      <trkpt lat="30.601694" lon="104.25445">
        <time>2026-05-29T12:27:55Z</time>
      </trkpt>
      <trkpt lat="30.601715" lon="104.25439">
        <time>2026-05-29T12:27:56Z</time>
      </trkpt>
      <trkpt lat="30.601738" lon="104.254326">
        <time>2026-05-29T12:27:57Z</time>
      </trkpt>
      <trkpt lat="30.60176" lon="104.254265">
        <time>2026-05-29T12:27:58Z</time>
      </trkpt>
      <trkpt lat="30.601782" lon="104.25421">
        <time>2026-05-29T12:27:59Z</time>
      </trkpt>
      <trkpt lat="30.601803" lon="104.25415">
        <time>2026-05-29T12:28:00Z</time>
      </trkpt>
      <trkpt lat="30.601826" lon="104.2541">
        <time>2026-05-29T12:28:01Z</time>
      </trkpt>
      <trkpt lat="30.601847" lon="104.25404">
        <time>2026-05-29T12:28:02Z</time>
      </trkpt>
      <trkpt lat="30.60187" lon="104.25398">
        <time>2026-05-29T12:28:03Z</time>
      </trkpt>
      <trkpt lat="30.601892" lon="104.25392">
        <time>2026-05-29T12:28:04Z</time>
      </trkpt>
      <trkpt lat="30.60192" lon="104.25387">
        <time>2026-05-29T12:28:05Z</time>
      </trkpt>
      <trkpt lat="30.601942" lon="104.25381">
        <time>2026-05-29T12:28:06Z</time>
      </trkpt>
      <trkpt lat="30.601965" lon="104.25375">
        <time>2026-05-29T12:28:07Z</time>
      </trkpt>
      <trkpt lat="30.601988" lon="104.25369">
        <time>2026-05-29T12:28:08Z</time>
      </trkpt>
      <trkpt lat="30.60201" lon="104.25364">
        <time>2026-05-29T12:28:09Z</time>
      </trkpt>
      <trkpt lat="30.602034" lon="104.25358">
        <time>2026-05-29T12:28:10Z</time>
      </trkpt>
      <trkpt lat="30.602058" lon="104.253525">
        <time>2026-05-29T12:28:11Z</time>
      </trkpt>
      <trkpt lat="30.602085" lon="104.25347">
        <time>2026-05-29T12:28:12Z</time>
      </trkpt>
      <trkpt lat="30.60211" lon="104.25341">
        <time>2026-05-29T12:28:13Z</time>
      </trkpt>
      <trkpt lat="30.602135" lon="104.25336">
        <time>2026-05-29T12:28:14Z</time>
      </trkpt>
      <trkpt lat="30.60216" lon="104.253296">
        <time>2026-05-29T12:28:15Z</time>
      </trkpt>
      <trkpt lat="30.602184" lon="104.25324">
        <time>2026-05-29T12:28:16Z</time>
      </trkpt>
      <trkpt lat="30.602211" lon="104.25318">
        <time>2026-05-29T12:28:17Z</time>
      </trkpt>
      <trkpt lat="30.602238" lon="104.25313">
        <time>2026-05-29T12:28:18Z</time>
      </trkpt>
      <trkpt lat="30.602264" lon="104.25307">
        <time>2026-05-29T12:28:19Z</time>
      </trkpt>
      <trkpt lat="30.602291" lon="104.253006">
        <time>2026-05-29T12:28:20Z</time>
      </trkpt>
      <trkpt lat="30.602318" lon="104.25295">
        <time>2026-05-29T12:28:21Z</time>
      </trkpt>
      <trkpt lat="30.602346" lon="104.25289">
        <time>2026-05-29T12:28:22Z</time>
      </trkpt>
      <trkpt lat="30.602375" lon="104.25283">
        <time>2026-05-29T12:28:23Z</time>
      </trkpt>
      <trkpt lat="30.602406" lon="104.25278">
        <time>2026-05-29T12:28:24Z</time>
      </trkpt>
      <trkpt lat="30.602434" lon="104.252716">
        <time>2026-05-29T12:28:25Z</time>
      </trkpt>
      <trkpt lat="30.602465" lon="104.252655">
        <time>2026-05-29T12:28:26Z</time>
      </trkpt>
      <trkpt lat="30.602495" lon="104.252594">
        <time>2026-05-29T12:28:27Z</time>
      </trkpt>
      <trkpt lat="30.602526" lon="104.25254">
        <time>2026-05-29T12:28:28Z</time>
      </trkpt>
      <trkpt lat="30.602554" lon="104.25248">
        <time>2026-05-29T12:28:29Z</time>
      </trkpt>
      <trkpt lat="30.602585" lon="104.25242">
        <time>2026-05-29T12:28:30Z</time>
      </trkpt>
      <trkpt lat="30.602617" lon="104.25236">
        <time>2026-05-29T12:28:31Z</time>
      </trkpt>
      <trkpt lat="30.602648" lon="104.2523">
        <time>2026-05-29T12:28:32Z</time>
      </trkpt>
      <trkpt lat="30.60268" lon="104.25224">
        <time>2026-05-29T12:28:33Z</time>
      </trkpt>
      <trkpt lat="30.602713" lon="104.25218">
        <time>2026-05-29T12:28:34Z</time>
      </trkpt>
      <trkpt lat="30.602747" lon="104.25212">
        <time>2026-05-29T12:28:35Z</time>
      </trkpt>
      <trkpt lat="30.60278" lon="104.25206">
        <time>2026-05-29T12:28:36Z</time>
      </trkpt>
      <trkpt lat="30.602814" lon="104.252">
        <time>2026-05-29T12:28:37Z</time>
      </trkpt>
      <trkpt lat="30.602846" lon="104.25194">
        <time>2026-05-29T12:28:38Z</time>
      </trkpt>
      <trkpt lat="30.60288" lon="104.25188">
        <time>2026-05-29T12:28:39Z</time>
      </trkpt>
      <trkpt lat="30.602917" lon="104.251816">
        <time>2026-05-29T12:28:40Z</time>
      </trkpt>
      <trkpt lat="30.60295" lon="104.251755">
        <time>2026-05-29T12:28:41Z</time>
      </trkpt>
      <trkpt lat="30.602987" lon="104.25169">
        <time>2026-05-29T12:28:42Z</time>
      </trkpt>
      <trkpt lat="30.603022" lon="104.25163">
        <time>2026-05-29T12:28:43Z</time>
      </trkpt>
      <trkpt lat="30.603058" lon="104.25157">
        <time>2026-05-29T12:28:44Z</time>
      </trkpt>
      <trkpt lat="30.603094" lon="104.25151">
        <time>2026-05-29T12:28:45Z</time>
      </trkpt>
      <trkpt lat="30.60313" lon="104.25145">
        <time>2026-05-29T12:28:46Z</time>
      </trkpt>
      <trkpt lat="30.603165" lon="104.25139">
        <time>2026-05-29T12:28:47Z</time>
      </trkpt>
      <trkpt lat="30.6032" lon="104.25132">
        <time>2026-05-29T12:28:48Z</time>
      </trkpt>
      <trkpt lat="30.60324" lon="104.25126">
        <time>2026-05-29T12:28:49Z</time>
      </trkpt>
      <trkpt lat="30.603275" lon="104.251205">
        <time>2026-05-29T12:28:50Z</time>
      </trkpt>
      <trkpt lat="30.603312" lon="104.251144">
        <time>2026-05-29T12:28:51Z</time>
      </trkpt>
      <trkpt lat="30.603348" lon="104.25108">
        <time>2026-05-29T12:28:52Z</time>
      </trkpt>
      <trkpt lat="30.603384" lon="104.25102">
        <time>2026-05-29T12:28:53Z</time>
      </trkpt>
      <trkpt lat="30.60342" lon="104.25096">
        <time>2026-05-29T12:28:54Z</time>
      </trkpt>
      <trkpt lat="30.603455" lon="104.2509">
        <time>2026-05-29T12:28:55Z</time>
      </trkpt>
      <trkpt lat="30.60349" lon="104.25084">
        <time>2026-05-29T12:28:56Z</time>
      </trkpt>
      <trkpt lat="30.60353" lon="104.25078">
        <time>2026-05-29T12:28:57Z</time>
      </trkpt>
      <trkpt lat="30.603565" lon="104.25072">
        <time>2026-05-29T12:28:58Z</time>
      </trkpt>
      <trkpt lat="30.603603" lon="104.250656">
        <time>2026-05-29T12:28:59Z</time>
      </trkpt>
      <trkpt lat="30.603638" lon="104.250595">
        <time>2026-05-29T12:29:00Z</time>
      </trkpt>
      <trkpt lat="30.603676" lon="104.250534">
        <time>2026-05-29T12:29:01Z</time>
      </trkpt>
      <trkpt lat="30.603712" lon="104.25047">
        <time>2026-05-29T12:29:02Z</time>
      </trkpt>
      <trkpt lat="30.603748" lon="104.25041">
        <time>2026-05-29T12:29:03Z</time>
      </trkpt>
      <trkpt lat="30.603785" lon="104.25035">
        <time>2026-05-29T12:29:04Z</time>
      </trkpt>
      <trkpt lat="30.60382" lon="104.25029">
        <time>2026-05-29T12:29:05Z</time>
      </trkpt>
      <trkpt lat="30.603859" lon="104.25023">
        <time>2026-05-29T12:29:06Z</time>
      </trkpt>
      <trkpt lat="30.603895" lon="104.25017">
        <time>2026-05-29T12:29:07Z</time>
      </trkpt>
      <trkpt lat="30.603931" lon="104.25011">
        <time>2026-05-29T12:29:08Z</time>
      </trkpt>
      <trkpt lat="30.60397" lon="104.25005">
        <time>2026-05-29T12:29:09Z</time>
      </trkpt>
      <trkpt lat="30.604008" lon="104.25">
        <time>2026-05-29T12:29:10Z</time>
      </trkpt>
      <trkpt lat="30.604046" lon="104.24994">
        <time>2026-05-29T12:29:11Z</time>
      </trkpt>
      <trkpt lat="30.604082" lon="104.24988">
        <time>2026-05-29T12:29:12Z</time>
      </trkpt>
      <trkpt lat="30.604116" lon="104.24982">
        <time>2026-05-29T12:29:13Z</time>
      </trkpt>
      <trkpt lat="30.60415" lon="104.249756">
        <time>2026-05-29T12:29:14Z</time>
      </trkpt>
      <trkpt lat="30.604185" lon="104.249695">
        <time>2026-05-29T12:29:15Z</time>
      </trkpt>
      <trkpt lat="30.604218" lon="104.24963">
        <time>2026-05-29T12:29:16Z</time>
      </trkpt>
      <trkpt lat="30.604254" lon="104.24957">
        <time>2026-05-29T12:29:17Z</time>
      </trkpt>
      <trkpt lat="30.604288" lon="104.249504">
        <time>2026-05-29T12:29:18Z</time>
      </trkpt>
      <trkpt lat="30.604326" lon="104.24944">
        <time>2026-05-29T12:29:19Z</time>
      </trkpt>
      <trkpt lat="30.604364" lon="104.24938">
        <time>2026-05-29T12:29:20Z</time>
      </trkpt>
      <trkpt lat="30.604404" lon="104.24932">
        <time>2026-05-29T12:29:21Z</time>
      </trkpt>
      <trkpt lat="30.604443" lon="104.24926">
        <time>2026-05-29T12:29:22Z</time>
      </trkpt>
      <trkpt lat="30.604479" lon="104.2492">
        <time>2026-05-29T12:29:23Z</time>
      </trkpt>
      <trkpt lat="30.604511" lon="104.24913">
        <time>2026-05-29T12:29:24Z</time>
      </trkpt>
      <trkpt lat="30.604548" lon="104.24907">
        <time>2026-05-29T12:29:25Z</time>
      </trkpt>
      <trkpt lat="30.604586" lon="104.249">
        <time>2026-05-29T12:29:26Z</time>
      </trkpt>
      <trkpt lat="30.604622" lon="104.24894">
        <time>2026-05-29T12:29:27Z</time>
      </trkpt>
      <trkpt lat="30.604658" lon="104.24888">
        <time>2026-05-29T12:29:28Z</time>
      </trkpt>
      <trkpt lat="30.604692" lon="104.24882">
        <time>2026-05-29T12:29:29Z</time>
      </trkpt>
      <trkpt lat="30.604729" lon="104.24876">
        <time>2026-05-29T12:29:30Z</time>
      </trkpt>
      <trkpt lat="30.604763" lon="104.2487">
        <time>2026-05-29T12:29:31Z</time>
      </trkpt>
      <trkpt lat="30.6048" lon="104.24864">
        <time>2026-05-29T12:29:32Z</time>
      </trkpt>
      <trkpt lat="30.604832" lon="104.24858">
        <time>2026-05-29T12:29:33Z</time>
      </trkpt>
      <trkpt lat="30.604866" lon="104.24853">
        <time>2026-05-29T12:29:34Z</time>
      </trkpt>
      <trkpt lat="30.6049" lon="104.248474">
        <time>2026-05-29T12:29:35Z</time>
      </trkpt>
      <trkpt lat="30.604933" lon="104.24841">
        <time>2026-05-29T12:29:36Z</time>
      </trkpt>
      <trkpt lat="30.604967" lon="104.24836">
        <time>2026-05-29T12:29:37Z</time>
      </trkpt>
      <trkpt lat="30.605" lon="104.2483">
        <time>2026-05-29T12:29:38Z</time>
      </trkpt>
      <trkpt lat="30.605034" lon="104.248245">
        <time>2026-05-29T12:29:39Z</time>
      </trkpt>
      <trkpt lat="30.605064" lon="104.24819">
        <time>2026-05-29T12:29:40Z</time>
      </trkpt>
      <trkpt lat="30.605099" lon="104.24814">
        <time>2026-05-29T12:29:41Z</time>
      </trkpt>
      <trkpt lat="30.60513" lon="104.248085">
        <time>2026-05-29T12:29:42Z</time>
      </trkpt>
      <trkpt lat="30.605162" lon="104.24803">
        <time>2026-05-29T12:29:43Z</time>
      </trkpt>
      <trkpt lat="30.605194" lon="104.24798">
        <time>2026-05-29T12:29:44Z</time>
      </trkpt>
      <trkpt lat="30.605227" lon="104.247925">
        <time>2026-05-29T12:29:45Z</time>
      </trkpt>
      <trkpt lat="30.60526" lon="104.24787">
        <time>2026-05-29T12:29:46Z</time>
      </trkpt>
      <trkpt lat="30.605293" lon="104.24782">
        <time>2026-05-29T12:29:47Z</time>
      </trkpt>
      <trkpt lat="30.605326" lon="104.247765">
        <time>2026-05-29T12:29:48Z</time>
      </trkpt>
      <trkpt lat="30.605354" lon="104.2477">
        <time>2026-05-29T12:29:49Z</time>
      </trkpt>
      <trkpt lat="30.605385" lon="104.24766">
        <time>2026-05-29T12:29:50Z</time>
      </trkpt>
      <trkpt lat="30.60542" lon="104.247604">
        <time>2026-05-29T12:29:51Z</time>
      </trkpt>
      <trkpt lat="30.60545" lon="104.24755">
        <time>2026-05-29T12:29:52Z</time>
      </trkpt>
      <trkpt lat="30.605478" lon="104.247505">
        <time>2026-05-29T12:29:53Z</time>
      </trkpt>
      <trkpt lat="30.605509" lon="104.24745">
        <time>2026-05-29T12:29:54Z</time>
      </trkpt>
      <trkpt lat="30.605537" lon="104.2474">
        <time>2026-05-29T12:29:55Z</time>
      </trkpt>
      <trkpt lat="30.605568" lon="104.247345">
        <time>2026-05-29T12:29:56Z</time>
      </trkpt>
      <trkpt lat="30.605598" lon="104.24729">
        <time>2026-05-29T12:29:57Z</time>
      </trkpt>
      <trkpt lat="30.605625" lon="104.24724">
        <time>2026-05-29T12:29:58Z</time>
      </trkpt>
      <trkpt lat="30.605656" lon="104.247185">
        <time>2026-05-29T12:29:59Z</time>
      </trkpt>
      <trkpt lat="30.605688" lon="104.24714">
        <time>2026-05-29T12:30:00Z</time>
      </trkpt>
      <trkpt lat="30.60572" lon="104.247086">
        <time>2026-05-29T12:30:01Z</time>
      </trkpt>
      <trkpt lat="30.605753" lon="104.24703">
        <time>2026-05-29T12:30:02Z</time>
      </trkpt>
      <trkpt lat="30.605787" lon="104.24698">
        <time>2026-05-29T12:30:03Z</time>
      </trkpt>
      <trkpt lat="30.60582" lon="104.246925">
        <time>2026-05-29T12:30:04Z</time>
      </trkpt>
      <trkpt lat="30.605856" lon="104.24687">
        <time>2026-05-29T12:30:05Z</time>
      </trkpt>
      <trkpt lat="30.605885" lon="104.24682">
        <time>2026-05-29T12:30:06Z</time>
      </trkpt>
      <trkpt lat="30.605915" lon="104.246765">
        <time>2026-05-29T12:30:07Z</time>
      </trkpt>
      <trkpt lat="30.605946" lon="104.24671">
        <time>2026-05-29T12:30:08Z</time>
      </trkpt>
      <trkpt lat="30.605974" lon="104.246666">
        <time>2026-05-29T12:30:09Z</time>
      </trkpt>
      <trkpt lat="30.606003" lon="104.24662">
        <time>2026-05-29T12:30:10Z</time>
      </trkpt>
      <trkpt lat="30.606031" lon="104.24657">
        <time>2026-05-29T12:30:11Z</time>
      </trkpt>
      <trkpt lat="30.606062" lon="104.24652">
        <time>2026-05-29T12:30:12Z</time>
      </trkpt>
      <trkpt lat="30.606092" lon="104.246475">
        <time>2026-05-29T12:30:13Z</time>
      </trkpt>
      <trkpt lat="30.60612" lon="104.24642">
        <time>2026-05-29T12:30:14Z</time>
      </trkpt>
      <trkpt lat="30.60615" lon="104.24637">
        <time>2026-05-29T12:30:15Z</time>
      </trkpt>
      <trkpt lat="30.60618" lon="104.246315">
        <time>2026-05-29T12:30:16Z</time>
      </trkpt>
      <trkpt lat="30.606213" lon="104.24626">
        <time>2026-05-29T12:30:17Z</time>
      </trkpt>
      <trkpt lat="30.606243" lon="104.2462">
        <time>2026-05-29T12:30:18Z</time>
      </trkpt>
      <trkpt lat="30.60628" lon="104.24614">
        <time>2026-05-29T12:30:19Z</time>
      </trkpt>
      <trkpt lat="30.606318" lon="104.246086">
        <time>2026-05-29T12:30:20Z</time>
      </trkpt>
      <trkpt lat="30.606358" lon="104.24602">
        <time>2026-05-29T12:30:21Z</time>
      </trkpt>
      <trkpt lat="30.60641" lon="104.24594">
        <time>2026-05-29T12:30:22Z</time>
      </trkpt>
      <trkpt lat="30.606457" lon="104.24588">
        <time>2026-05-29T12:30:23Z</time>
      </trkpt>
      <trkpt lat="30.606503" lon="104.24582">
        <time>2026-05-29T12:30:24Z</time>
      </trkpt>
      <trkpt lat="30.606546" lon="104.24576">
        <time>2026-05-29T12:30:25Z</time>
      </trkpt>
      <trkpt lat="30.606585" lon="104.24569">
        <time>2026-05-29T12:30:26Z</time>
      </trkpt>
      <trkpt lat="30.606623" lon="104.24563">
        <time>2026-05-29T12:30:27Z</time>
      </trkpt>
      <trkpt lat="30.60666" lon="104.24557">
        <time>2026-05-29T12:30:28Z</time>
      </trkpt>
      <trkpt lat="30.606699" lon="104.245514">
        <time>2026-05-29T12:30:29Z</time>
      </trkpt>
      <trkpt lat="30.606733" lon="104.24545">
        <time>2026-05-29T12:30:30Z</time>
      </trkpt>
      <trkpt lat="30.60677" lon="104.24539">
        <time>2026-05-29T12:30:31Z</time>
      </trkpt>
      <trkpt lat="30.606802" lon="104.24534">
        <time>2026-05-29T12:30:32Z</time>
      </trkpt>
      <trkpt lat="30.606834" lon="104.24528">
        <time>2026-05-29T12:30:33Z</time>
      </trkpt>
      <trkpt lat="30.606869" lon="104.245224">
        <time>2026-05-29T12:30:34Z</time>
      </trkpt>
      <trkpt lat="30.6069" lon="104.24517">
        <time>2026-05-29T12:30:35Z</time>
      </trkpt>
      <trkpt lat="30.606934" lon="104.24511">
        <time>2026-05-29T12:30:36Z</time>
      </trkpt>
      <trkpt lat="30.606964" lon="104.245056">
        <time>2026-05-29T12:30:37Z</time>
      </trkpt>
      <trkpt lat="30.606997" lon="104.245">
        <time>2026-05-29T12:30:38Z</time>
      </trkpt>
      <trkpt lat="30.60703" lon="104.24495">
        <time>2026-05-29T12:30:39Z</time>
      </trkpt>
      <trkpt lat="30.607065" lon="104.244896">
        <time>2026-05-29T12:30:40Z</time>
      </trkpt>
      <trkpt lat="30.607096" lon="104.24484">
        <time>2026-05-29T12:30:41Z</time>
      </trkpt>
      <trkpt lat="30.607126" lon="104.24478">
        <time>2026-05-29T12:30:42Z</time>
      </trkpt>
      <trkpt lat="30.607159" lon="104.24473">
        <time>2026-05-29T12:30:43Z</time>
      </trkpt>
      <trkpt lat="30.60719" lon="104.244675">
        <time>2026-05-29T12:30:44Z</time>
      </trkpt>
      <trkpt lat="30.60722" lon="104.24463">
        <time>2026-05-29T12:30:45Z</time>
      </trkpt>
      <trkpt lat="30.607248" lon="104.244576">
        <time>2026-05-29T12:30:46Z</time>
      </trkpt>
      <trkpt lat="30.607275" lon="104.24452">
        <time>2026-05-29T12:30:47Z</time>
      </trkpt>
      <trkpt lat="30.6073" lon="104.24446">
        <time>2026-05-29T12:30:48Z</time>
      </trkpt>
      <trkpt lat="30.607327" lon="104.2444">
        <time>2026-05-29T12:30:49Z</time>
      </trkpt>
      <trkpt lat="30.607357" lon="104.24434">
        <time>2026-05-29T12:30:50Z</time>
      </trkpt>
      <trkpt lat="30.60739" lon="104.24427">
        <time>2026-05-29T12:30:51Z</time>
      </trkpt>
      <trkpt lat="30.607424" lon="104.24421">
        <time>2026-05-29T12:30:52Z</time>
      </trkpt>
      <trkpt lat="30.607456" lon="104.24415">
        <time>2026-05-29T12:30:53Z</time>
      </trkpt>
      <trkpt lat="30.607489" lon="104.24409">
        <time>2026-05-29T12:30:54Z</time>
      </trkpt>
      <trkpt lat="30.607521" lon="104.244026">
        <time>2026-05-29T12:30:55Z</time>
      </trkpt>
      <trkpt lat="30.607553" lon="104.243965">
        <time>2026-05-29T12:30:56Z</time>
      </trkpt>
      <trkpt lat="30.607588" lon="104.243904">
        <time>2026-05-29T12:30:57Z</time>
      </trkpt>
      <trkpt lat="30.607624" lon="104.24384">
        <time>2026-05-29T12:30:58Z</time>
      </trkpt>
      <trkpt lat="30.607655" lon="104.243774">
        <time>2026-05-29T12:30:59Z</time>
      </trkpt>
      <trkpt lat="30.607687" lon="104.24371">
        <time>2026-05-29T12:31:00Z</time>
      </trkpt>
      <trkpt lat="30.607718" lon="104.24365">
        <time>2026-05-29T12:31:01Z</time>
      </trkpt>
      <trkpt lat="30.60775" lon="104.24359">
        <time>2026-05-29T12:31:02Z</time>
      </trkpt>
      <trkpt lat="30.607784" lon="104.24352">
        <time>2026-05-29T12:31:03Z</time>
      </trkpt>
      <trkpt lat="30.607815" lon="104.24346">
        <time>2026-05-29T12:31:04Z</time>
      </trkpt>
      <trkpt lat="30.60785" lon="104.24339">
        <time>2026-05-29T12:31:05Z</time>
      </trkpt>
      <trkpt lat="30.607878" lon="104.24333">
        <time>2026-05-29T12:31:06Z</time>
      </trkpt>
      <trkpt lat="30.60791" lon="104.24327">
        <time>2026-05-29T12:31:07Z</time>
      </trkpt>
      <trkpt lat="30.60794" lon="104.2432">
        <time>2026-05-29T12:31:08Z</time>
      </trkpt>
      <trkpt lat="30.607971" lon="104.24314">
        <time>2026-05-29T12:31:09Z</time>
      </trkpt>
      <trkpt lat="30.608002" lon="104.24307">
        <time>2026-05-29T12:31:10Z</time>
      </trkpt>
      <trkpt lat="30.608032" lon="104.24301">
        <time>2026-05-29T12:31:11Z</time>
      </trkpt>
      <trkpt lat="30.608063" lon="104.24295">
        <time>2026-05-29T12:31:12Z</time>
      </trkpt>
      <trkpt lat="30.608097" lon="104.24288">
        <time>2026-05-29T12:31:13Z</time>
      </trkpt>
      <trkpt lat="30.608128" lon="104.24281">
        <time>2026-05-29T12:31:14Z</time>
      </trkpt>
      <trkpt lat="30.608162" lon="104.242744">
        <time>2026-05-29T12:31:15Z</time>
      </trkpt>
      <trkpt lat="30.608196" lon="104.24267">
        <time>2026-05-29T12:31:16Z</time>
      </trkpt>
      <trkpt lat="30.608229" lon="104.24259">
        <time>2026-05-29T12:31:17Z</time>
      </trkpt>
      <trkpt lat="30.608261" lon="104.242516">
        <time>2026-05-29T12:31:18Z</time>
      </trkpt>
      <trkpt lat="30.608294" lon="104.24245">
        <time>2026-05-29T12:31:19Z</time>
      </trkpt>
      <trkpt lat="30.608328" lon="104.24237">
        <time>2026-05-29T12:31:20Z</time>
      </trkpt>
      <trkpt lat="30.608362" lon="104.242294">
        <time>2026-05-29T12:31:21Z</time>
      </trkpt>
      <trkpt lat="30.608395" lon="104.24222">
        <time>2026-05-29T12:31:22Z</time>
      </trkpt>
      <trkpt lat="30.608435" lon="104.24215">
        <time>2026-05-29T12:31:23Z</time>
      </trkpt>
      <trkpt lat="30.608473" lon="104.24208">
        <time>2026-05-29T12:31:24Z</time>
      </trkpt>
      <trkpt lat="30.60851" lon="104.24201">
        <time>2026-05-29T12:31:25Z</time>
      </trkpt>
      <trkpt lat="30.608538" lon="104.24195">
        <time>2026-05-29T12:31:26Z</time>
      </trkpt>
      <trkpt lat="30.608562" lon="104.24189">
        <time>2026-05-29T12:31:27Z</time>
      </trkpt>
      <trkpt lat="30.60859" lon="104.24184">
        <time>2026-05-29T12:31:28Z</time>
      </trkpt>
      <trkpt lat="30.60861" lon="104.24178">
        <time>2026-05-29T12:31:29Z</time>
      </trkpt>
      <trkpt lat="30.608627" lon="104.24174">
        <time>2026-05-29T12:31:30Z</time>
      </trkpt>
      <trkpt lat="30.60864" lon="104.24169">
        <time>2026-05-29T12:31:31Z</time>
      </trkpt>
      <trkpt lat="30.608652" lon="104.24165">
        <time>2026-05-29T12:31:32Z</time>
      </trkpt>
      <trkpt lat="30.608664" lon="104.2416">
        <time>2026-05-29T12:31:33Z</time>
      </trkpt>
      <trkpt lat="30.608677" lon="104.241554">
        <time>2026-05-29T12:31:34Z</time>
      </trkpt>
      <trkpt lat="30.608694" lon="104.2415">
        <time>2026-05-29T12:31:35Z</time>
      </trkpt>
      <trkpt lat="30.608719" lon="104.24145">
        <time>2026-05-29T12:31:36Z</time>
      </trkpt>
      <trkpt lat="30.608742" lon="104.241394">
        <time>2026-05-29T12:31:37Z</time>
      </trkpt>
      <trkpt lat="30.608767" lon="104.24134">
        <time>2026-05-29T12:31:38Z</time>
      </trkpt>
      <trkpt lat="30.60879" lon="104.24129">
        <time>2026-05-29T12:31:39Z</time>
      </trkpt>
      <trkpt lat="30.608816" lon="104.24123">
        <time>2026-05-29T12:31:40Z</time>
      </trkpt>
      <trkpt lat="30.608847" lon="104.241165">
        <time>2026-05-29T12:31:41Z</time>
      </trkpt>
      <trkpt lat="30.608877" lon="104.241104">
        <time>2026-05-29T12:31:42Z</time>
      </trkpt>
      <trkpt lat="30.608904" lon="104.241035">
        <time>2026-05-29T12:31:43Z</time>
      </trkpt>
      <trkpt lat="30.608932" lon="104.24097">
        <time>2026-05-29T12:31:44Z</time>
      </trkpt>
      <trkpt lat="30.60896" lon="104.2409">
        <time>2026-05-29T12:31:45Z</time>
      </trkpt>
      <trkpt lat="30.60899" lon="104.24083">
        <time>2026-05-29T12:31:46Z</time>
      </trkpt>
      <trkpt lat="30.60902" lon="104.24076">
        <time>2026-05-29T12:31:47Z</time>
      </trkpt>
      <trkpt lat="30.60905" lon="104.24069">
        <time>2026-05-29T12:31:48Z</time>
      </trkpt>
      <trkpt lat="30.60908" lon="104.24062">
        <time>2026-05-29T12:31:49Z</time>
      </trkpt>
      <trkpt lat="30.60911" lon="104.24055">
        <time>2026-05-29T12:31:50Z</time>
      </trkpt>
      <trkpt lat="30.609142" lon="104.24048">
        <time>2026-05-29T12:31:51Z</time>
      </trkpt>
      <trkpt lat="30.609173" lon="104.2404">
        <time>2026-05-29T12:31:52Z</time>
      </trkpt>
      <trkpt lat="30.609203" lon="104.24033">
        <time>2026-05-29T12:31:53Z</time>
      </trkpt>
      <trkpt lat="30.609234" lon="104.240265">
        <time>2026-05-29T12:31:54Z</time>
      </trkpt>
      <trkpt lat="30.609262" lon="104.24019">
        <time>2026-05-29T12:31:55Z</time>
      </trkpt>
      <trkpt lat="30.609295" lon="104.24012">
        <time>2026-05-29T12:31:56Z</time>
      </trkpt>
      <trkpt lat="30.609327" lon="104.24004">
        <time>2026-05-29T12:31:57Z</time>
      </trkpt>
      <trkpt lat="30.609358" lon="104.239975">
        <time>2026-05-29T12:31:58Z</time>
      </trkpt>
      <trkpt lat="30.60939" lon="104.2399">
        <time>2026-05-29T12:31:59Z</time>
      </trkpt>
      <trkpt lat="30.60942" lon="104.23983">
        <time>2026-05-29T12:32:00Z</time>
      </trkpt>
      <trkpt lat="30.609447" lon="104.23976">
        <time>2026-05-29T12:32:01Z</time>
      </trkpt>
      <trkpt lat="30.609478" lon="104.239685">
        <time>2026-05-29T12:32:02Z</time>
      </trkpt>
      <trkpt lat="30.609509" lon="104.23962">
        <time>2026-05-29T12:32:03Z</time>
      </trkpt>
      <trkpt lat="30.609537" lon="104.23955">
        <time>2026-05-29T12:32:04Z</time>
      </trkpt>
      <trkpt lat="30.609566" lon="104.23949">
        <time>2026-05-29T12:32:05Z</time>
      </trkpt>
      <trkpt lat="30.609592" lon="104.23942">
        <time>2026-05-29T12:32:06Z</time>
      </trkpt>
      <trkpt lat="30.609623" lon="104.23936">
        <time>2026-05-29T12:32:07Z</time>
      </trkpt>
      <trkpt lat="30.609653" lon="104.23929">
        <time>2026-05-29T12:32:08Z</time>
      </trkpt>
      <trkpt lat="30.60968" lon="104.23922">
        <time>2026-05-29T12:32:09Z</time>
      </trkpt>
      <trkpt lat="30.609709" lon="104.23916">
        <time>2026-05-29T12:32:10Z</time>
      </trkpt>
      <trkpt lat="30.609737" lon="104.2391">
        <time>2026-05-29T12:32:11Z</time>
      </trkpt>
      <trkpt lat="30.609764" lon="104.23904">
        <time>2026-05-29T12:32:12Z</time>
      </trkpt>
      <trkpt lat="30.60979" lon="104.238976">
        <time>2026-05-29T12:32:13Z</time>
      </trkpt>
      <trkpt lat="30.609818" lon="104.238914">
        <time>2026-05-29T12:32:14Z</time>
      </trkpt>
      <trkpt lat="30.609842" lon="104.23885">
        <time>2026-05-29T12:32:15Z</time>
      </trkpt>
      <trkpt lat="30.609867" lon="104.2388">
        <time>2026-05-29T12:32:16Z</time>
      </trkpt>
      <trkpt lat="30.609888" lon="104.23874">
        <time>2026-05-29T12:32:17Z</time>
      </trkpt>
      <trkpt lat="30.609913" lon="104.238686">
        <time>2026-05-29T12:32:18Z</time>
      </trkpt>
      <trkpt lat="30.609936" lon="104.238625">
        <time>2026-05-29T12:32:19Z</time>
      </trkpt>
      <trkpt lat="30.609962" lon="104.23857">
        <time>2026-05-29T12:32:20Z</time>
      </trkpt>
      <trkpt lat="30.609983" lon="104.23852">
        <time>2026-05-29T12:32:21Z</time>
      </trkpt>
      <trkpt lat="30.610006" lon="104.23847">
        <time>2026-05-29T12:32:22Z</time>
      </trkpt>
      <trkpt lat="30.610033" lon="104.23842">
        <time>2026-05-29T12:32:23Z</time>
      </trkpt>
      <trkpt lat="30.610056" lon="104.23837">
        <time>2026-05-29T12:32:24Z</time>
      </trkpt>
      <trkpt lat="30.610079" lon="104.23832">
        <time>2026-05-29T12:32:25Z</time>
      </trkpt>
      <trkpt lat="30.610098" lon="104.23827">
        <time>2026-05-29T12:32:26Z</time>
      </trkpt>
      <trkpt lat="30.61012" lon="104.23822">
        <time>2026-05-29T12:32:27Z</time>
      </trkpt>
      <trkpt lat="30.610144" lon="104.238174">
        <time>2026-05-29T12:32:28Z</time>
      </trkpt>
      <trkpt lat="30.610167" lon="104.23812">
        <time>2026-05-29T12:32:29Z</time>
      </trkpt>
      <trkpt lat="30.610188" lon="104.238075">
        <time>2026-05-29T12:32:30Z</time>
      </trkpt>
      <trkpt lat="30.610212" lon="104.23802">
        <time>2026-05-29T12:32:31Z</time>
      </trkpt>
      <trkpt lat="30.61023" lon="104.237976">
        <time>2026-05-29T12:32:32Z</time>
      </trkpt>
      <trkpt lat="30.610249" lon="104.23792">
        <time>2026-05-29T12:32:33Z</time>
      </trkpt>
      <trkpt lat="30.610266" lon="104.23787">
        <time>2026-05-29T12:32:34Z</time>
      </trkpt>
      <trkpt lat="30.610289" lon="104.23782">
        <time>2026-05-29T12:32:35Z</time>
      </trkpt>
      <trkpt lat="30.610308" lon="104.23777">
        <time>2026-05-29T12:32:36Z</time>
      </trkpt>
      <trkpt lat="30.61033" lon="104.237724">
        <time>2026-05-29T12:32:37Z</time>
      </trkpt>
      <trkpt lat="30.610352" lon="104.23768">
        <time>2026-05-29T12:32:38Z</time>
      </trkpt>
      <trkpt lat="30.610373" lon="104.23763">
        <time>2026-05-29T12:32:39Z</time>
      </trkpt>
      <trkpt lat="30.61039" lon="104.23759">
        <time>2026-05-29T12:32:40Z</time>
      </trkpt>
      <trkpt lat="30.610413" lon="104.23753">
        <time>2026-05-29T12:32:41Z</time>
      </trkpt>
      <trkpt lat="30.61043" lon="104.23749">
        <time>2026-05-29T12:32:42Z</time>
      </trkpt>
      <trkpt lat="30.610453" lon="104.23744">
        <time>2026-05-29T12:32:43Z</time>
      </trkpt>
      <trkpt lat="30.610476" lon="104.2374">
        <time>2026-05-29T12:32:44Z</time>
      </trkpt>
      <trkpt lat="30.610497" lon="104.23735">
        <time>2026-05-29T12:32:45Z</time>
      </trkpt>
      <trkpt lat="30.610516" lon="104.2373">
        <time>2026-05-29T12:32:46Z</time>
      </trkpt>
      <trkpt lat="30.610535" lon="104.23725">
        <time>2026-05-29T12:32:47Z</time>
      </trkpt>
      <trkpt lat="30.610556" lon="104.237206">
        <time>2026-05-29T12:32:48Z</time>
      </trkpt>
      <trkpt lat="30.610575" lon="104.23715">
        <time>2026-05-29T12:32:49Z</time>
      </trkpt>
      <trkpt lat="30.610596" lon="104.23711">
        <time>2026-05-29T12:32:50Z</time>
      </trkpt>
      <trkpt lat="30.610617" lon="104.23706">
        <time>2026-05-29T12:32:51Z</time>
      </trkpt>
      <trkpt lat="30.610636" lon="104.237015">
        <time>2026-05-29T12:32:52Z</time>
      </trkpt>
      <trkpt lat="30.610659" lon="104.23696">
        <time>2026-05-29T12:32:53Z</time>
      </trkpt>
      <trkpt lat="30.61068" lon="104.236916">
        <time>2026-05-29T12:32:54Z</time>
      </trkpt>
      <trkpt lat="30.610703" lon="104.23686">
        <time>2026-05-29T12:32:55Z</time>
      </trkpt>
      <trkpt lat="30.610723" lon="104.23681">
        <time>2026-05-29T12:32:56Z</time>
      </trkpt>
      <trkpt lat="30.610746" lon="104.236755">
        <time>2026-05-29T12:32:57Z</time>
      </trkpt>
      <trkpt lat="30.61077" lon="104.23671">
        <time>2026-05-29T12:32:58Z</time>
      </trkpt>
      <trkpt lat="30.61079" lon="104.23666">
        <time>2026-05-29T12:32:59Z</time>
      </trkpt>
      <trkpt lat="30.610811" lon="104.2366">
        <time>2026-05-29T12:33:00Z</time>
      </trkpt>
      <trkpt lat="30.610834" lon="104.23655">
        <time>2026-05-29T12:33:01Z</time>
      </trkpt>
      <trkpt lat="30.610857" lon="104.236496">
        <time>2026-05-29T12:33:02Z</time>
      </trkpt>
      <trkpt lat="30.610878" lon="104.23644">
        <time>2026-05-29T12:33:03Z</time>
      </trkpt>
      <trkpt lat="30.6109" lon="104.23639">
        <time>2026-05-29T12:33:04Z</time>
      </trkpt>
      <trkpt lat="30.61092" lon="104.23633">
        <time>2026-05-29T12:33:05Z</time>
      </trkpt>
      <trkpt lat="30.61094" lon="104.236275">
        <time>2026-05-29T12:33:06Z</time>
      </trkpt>
      <trkpt lat="30.610964" lon="104.23622">
        <time>2026-05-29T12:33:07Z</time>
      </trkpt>
      <trkpt lat="30.610985" lon="104.23617">
        <time>2026-05-29T12:33:08Z</time>
      </trkpt>
      <trkpt lat="30.611006" lon="104.236115">
        <time>2026-05-29T12:33:09Z</time>
      </trkpt>
      <trkpt lat="30.611029" lon="104.23605">
        <time>2026-05-29T12:33:10Z</time>
      </trkpt>
      <trkpt lat="30.611048" lon="104.236">
        <time>2026-05-29T12:33:11Z</time>
      </trkpt>
      <trkpt lat="30.611069" lon="104.23594">
        <time>2026-05-29T12:33:12Z</time>
      </trkpt>
      <trkpt lat="30.61109" lon="104.235886">
        <time>2026-05-29T12:33:13Z</time>
      </trkpt>
      <trkpt lat="30.611113" lon="104.235825">
        <time>2026-05-29T12:33:14Z</time>
      </trkpt>
      <trkpt lat="30.611134" lon="104.23576">
        <time>2026-05-29T12:33:15Z</time>
      </trkpt>
      <trkpt lat="30.611153" lon="104.2357">
        <time>2026-05-29T12:33:16Z</time>
      </trkpt>
      <trkpt lat="30.611174" lon="104.23565">
        <time>2026-05-29T12:33:17Z</time>
      </trkpt>
      <trkpt lat="30.611193" lon="104.23559">
        <time>2026-05-29T12:33:18Z</time>
      </trkpt>
      <trkpt lat="30.611216" lon="104.23553">
        <time>2026-05-29T12:33:19Z</time>
      </trkpt>
      <trkpt lat="30.611238" lon="104.235466">
        <time>2026-05-29T12:33:20Z</time>
      </trkpt>
      <trkpt lat="30.61126" lon="104.235405">
        <time>2026-05-29T12:33:21Z</time>
      </trkpt>
      <trkpt lat="30.61128" lon="104.235344">
        <time>2026-05-29T12:33:22Z</time>
      </trkpt>
      <trkpt lat="30.6113" lon="104.23528">
        <time>2026-05-29T12:33:23Z</time>
      </trkpt>
      <trkpt lat="30.611322" lon="104.23522">
        <time>2026-05-29T12:33:24Z</time>
      </trkpt>
      <trkpt lat="30.611343" lon="104.23516">
        <time>2026-05-29T12:33:25Z</time>
      </trkpt>
      <trkpt lat="30.611362" lon="104.23509">
        <time>2026-05-29T12:33:26Z</time>
      </trkpt>
      <trkpt lat="30.611385" lon="104.23502">
        <time>2026-05-29T12:33:27Z</time>
      </trkpt>
      <trkpt lat="30.611406" lon="104.234955">
        <time>2026-05-29T12:33:28Z</time>
      </trkpt>
      <trkpt lat="30.61143" lon="104.23489">
        <time>2026-05-29T12:33:29Z</time>
      </trkpt>
      <trkpt lat="30.611452" lon="104.23482">
        <time>2026-05-29T12:33:30Z</time>
      </trkpt>
      <trkpt lat="30.611475" lon="104.23475">
        <time>2026-05-29T12:33:31Z</time>
      </trkpt>
      <trkpt lat="30.611496" lon="104.23468">
        <time>2026-05-29T12:33:32Z</time>
      </trkpt>
      <trkpt lat="30.611519" lon="104.234604">
        <time>2026-05-29T12:33:33Z</time>
      </trkpt>
      <trkpt lat="30.611542" lon="104.234535">
        <time>2026-05-29T12:33:34Z</time>
      </trkpt>
      <trkpt lat="30.611563" lon="104.23446">
        <time>2026-05-29T12:33:35Z</time>
      </trkpt>
      <trkpt lat="30.611586" lon="104.23438">
        <time>2026-05-29T12:33:36Z</time>
      </trkpt>
      <trkpt lat="30.611605" lon="104.23431">
        <time>2026-05-29T12:33:37Z</time>
      </trkpt>
      <trkpt lat="30.611626" lon="104.23424">
        <time>2026-05-29T12:33:38Z</time>
      </trkpt>
      <trkpt lat="30.611647" lon="104.23416">
        <time>2026-05-29T12:33:39Z</time>
      </trkpt>
      <trkpt lat="30.611671" lon="104.234085">
        <time>2026-05-29T12:33:40Z</time>
      </trkpt>
      <trkpt lat="30.611694" lon="104.23402">
        <time>2026-05-29T12:33:41Z</time>
      </trkpt>
      <trkpt lat="30.61172" lon="104.23394">
        <time>2026-05-29T12:33:42Z</time>
      </trkpt>
      <trkpt lat="30.611744" lon="104.233864">
        <time>2026-05-29T12:33:43Z</time>
      </trkpt>
      <trkpt lat="30.611765" lon="104.23379">
        <time>2026-05-29T12:33:44Z</time>
      </trkpt>
      <trkpt lat="30.611786" lon="104.23371">
        <time>2026-05-29T12:33:45Z</time>
      </trkpt>
      <trkpt lat="30.611805" lon="104.233635">
        <time>2026-05-29T12:33:46Z</time>
      </trkpt>
      <trkpt lat="30.611826" lon="104.23355">
        <time>2026-05-29T12:33:47Z</time>
      </trkpt>
      <trkpt lat="30.611843" lon="104.233475">
        <time>2026-05-29T12:33:48Z</time>
      </trkpt>
      <trkpt lat="30.611862" lon="104.2334">
        <time>2026-05-29T12:33:49Z</time>
      </trkpt>
      <trkpt lat="30.611881" lon="104.233315">
        <time>2026-05-29T12:33:50Z</time>
      </trkpt>
      <trkpt lat="30.611904" lon="104.23324">
        <time>2026-05-29T12:33:51Z</time>
      </trkpt>
      <trkpt lat="30.611923" lon="104.23316">
        <time>2026-05-29T12:33:52Z</time>
      </trkpt>
      <trkpt lat="30.611946" lon="104.23308">
        <time>2026-05-29T12:33:53Z</time>
      </trkpt>
      <trkpt lat="30.611969" lon="104.233">
        <time>2026-05-29T12:33:54Z</time>
      </trkpt>
      <trkpt lat="30.611988" lon="104.23292">
        <time>2026-05-29T12:33:55Z</time>
      </trkpt>
      <trkpt lat="30.61201" lon="104.23284">
        <time>2026-05-29T12:33:56Z</time>
      </trkpt>
      <trkpt lat="30.612032" lon="104.23276">
        <time>2026-05-29T12:33:57Z</time>
      </trkpt>
      <trkpt lat="30.612053" lon="104.23268">
        <time>2026-05-29T12:33:58Z</time>
      </trkpt>
      <trkpt lat="30.612076" lon="104.2326">
        <time>2026-05-29T12:33:59Z</time>
      </trkpt>
      <trkpt lat="30.612097" lon="104.23251">
        <time>2026-05-29T12:34:00Z</time>
      </trkpt>
      <trkpt lat="30.61212" lon="104.23244">
        <time>2026-05-29T12:34:01Z</time>
      </trkpt>
      <trkpt lat="30.612143" lon="104.23235">
        <time>2026-05-29T12:34:02Z</time>
      </trkpt>
      <trkpt lat="30.612164" lon="104.23228">
        <time>2026-05-29T12:34:03Z</time>
      </trkpt>
      <trkpt lat="30.612183" lon="104.23219">
        <time>2026-05-29T12:34:04Z</time>
      </trkpt>
      <trkpt lat="30.612206" lon="104.23212">
        <time>2026-05-29T12:34:05Z</time>
      </trkpt>
      <trkpt lat="30.612226" lon="104.23204">
        <time>2026-05-29T12:34:06Z</time>
      </trkpt>
      <trkpt lat="30.612247" lon="104.231964">
        <time>2026-05-29T12:34:07Z</time>
      </trkpt>
      <trkpt lat="30.61227" lon="104.231895">
        <time>2026-05-29T12:34:08Z</time>
      </trkpt>
      <trkpt lat="30.612291" lon="104.23182">
        <time>2026-05-29T12:34:09Z</time>
      </trkpt>
      <trkpt lat="30.612314" lon="104.23174">
        <time>2026-05-29T12:34:10Z</time>
      </trkpt>
      <trkpt lat="30.612335" lon="104.231674">
        <time>2026-05-29T12:34:11Z</time>
      </trkpt>
      <trkpt lat="30.612354" lon="104.2316">
        <time>2026-05-29T12:34:12Z</time>
      </trkpt>
      <trkpt lat="30.612373" lon="104.23153">
        <time>2026-05-29T12:34:13Z</time>
      </trkpt>
      <trkpt lat="30.612392" lon="104.23145">
        <time>2026-05-29T12:34:14Z</time>
      </trkpt>
      <trkpt lat="30.612411" lon="104.23138">
        <time>2026-05-29T12:34:15Z</time>
      </trkpt>
      <trkpt lat="30.612432" lon="104.23131">
        <time>2026-05-29T12:34:16Z</time>
      </trkpt>
      <trkpt lat="30.612453" lon="104.23123">
        <time>2026-05-29T12:34:17Z</time>
      </trkpt>
      <trkpt lat="30.612473" lon="104.23116">
        <time>2026-05-29T12:34:18Z</time>
      </trkpt>
      <trkpt lat="30.612492" lon="104.23109">
        <time>2026-05-29T12:34:19Z</time>
      </trkpt>
      <trkpt lat="30.61251" lon="104.23102">
        <time>2026-05-29T12:34:20Z</time>
      </trkpt>
      <trkpt lat="30.61253" lon="104.23094">
        <time>2026-05-29T12:34:21Z</time>
      </trkpt>
      <trkpt lat="30.612549" lon="104.23087">
        <time>2026-05-29T12:34:22Z</time>
      </trkpt>
      <trkpt lat="30.612566" lon="104.230804">
        <time>2026-05-29T12:34:23Z</time>
      </trkpt>
      <trkpt lat="30.612585" lon="104.23074">
        <time>2026-05-29T12:34:24Z</time>
      </trkpt>
      <trkpt lat="30.612604" lon="104.230675">
        <time>2026-05-29T12:34:25Z</time>
      </trkpt>
      <trkpt lat="30.612621" lon="104.23061">
        <time>2026-05-29T12:34:26Z</time>
      </trkpt>
      <trkpt lat="30.612638" lon="104.23055">
        <time>2026-05-29T12:34:27Z</time>
      </trkpt>
      <trkpt lat="30.612656" lon="104.23049">
        <time>2026-05-29T12:34:28Z</time>
      </trkpt>
      <trkpt lat="30.61267" lon="104.23043">
        <time>2026-05-29T12:34:29Z</time>
      </trkpt>
      <trkpt lat="30.612688" lon="104.23037">
        <time>2026-05-29T12:34:30Z</time>
      </trkpt>
      <trkpt lat="30.612701" lon="104.230316">
        <time>2026-05-29T12:34:31Z</time>
      </trkpt>
      <trkpt lat="30.612715" lon="104.23026">
        <time>2026-05-29T12:34:32Z</time>
      </trkpt>
      <trkpt lat="30.612732" lon="104.2302">
        <time>2026-05-29T12:34:33Z</time>
      </trkpt>
      <trkpt lat="30.612747" lon="104.23015">
        <time>2026-05-29T12:34:34Z</time>
      </trkpt>
      <trkpt lat="30.612762" lon="104.230095">
        <time>2026-05-29T12:34:35Z</time>
      </trkpt>
      <trkpt lat="30.612776" lon="104.23004">
        <time>2026-05-29T12:34:36Z</time>
      </trkpt>
      <trkpt lat="30.61279" lon="104.22998">
        <time>2026-05-29T12:34:37Z</time>
      </trkpt>
      <trkpt lat="30.612806" lon="104.22993">
        <time>2026-05-29T12:34:38Z</time>
      </trkpt>
      <trkpt lat="30.612823" lon="104.22987">
        <time>2026-05-29T12:34:39Z</time>
      </trkpt>
      <trkpt lat="30.612839" lon="104.22981">
        <time>2026-05-29T12:34:40Z</time>
      </trkpt>
      <trkpt lat="30.612856" lon="104.22976">
        <time>2026-05-29T12:34:41Z</time>
      </trkpt>
      <trkpt lat="30.61287" lon="104.229706">
        <time>2026-05-29T12:34:42Z</time>
      </trkpt>
      <trkpt lat="30.612883" lon="104.229645">
        <time>2026-05-29T12:34:43Z</time>
      </trkpt>
      <trkpt lat="30.612902" lon="104.22959">
        <time>2026-05-29T12:34:44Z</time>
      </trkpt>
      <trkpt lat="30.612919" lon="104.22953">
        <time>2026-05-29T12:34:45Z</time>
      </trkpt>
      <trkpt lat="30.612934" lon="104.22948">
        <time>2026-05-29T12:34:46Z</time>
      </trkpt>
      <trkpt lat="30.61295" lon="104.229416">
        <time>2026-05-29T12:34:47Z</time>
      </trkpt>
      <trkpt lat="30.612967" lon="104.229355">
        <time>2026-05-29T12:34:48Z</time>
      </trkpt>
      <trkpt lat="30.612982" lon="104.2293">
        <time>2026-05-29T12:34:49Z</time>
      </trkpt>
      <trkpt lat="30.612999" lon="104.22924">
        <time>2026-05-29T12:34:50Z</time>
      </trkpt>
      <trkpt lat="30.613014" lon="104.22918">
        <time>2026-05-29T12:34:51Z</time>
      </trkpt>
      <trkpt lat="30.61303" lon="104.229126">
        <time>2026-05-29T12:34:52Z</time>
      </trkpt>
      <trkpt lat="30.613045" lon="104.229065">
        <time>2026-05-29T12:34:53Z</time>
      </trkpt>
      <trkpt lat="30.61306" lon="104.22901">
        <time>2026-05-29T12:34:54Z</time>
      </trkpt>
      <trkpt lat="30.613075" lon="104.22895">
        <time>2026-05-29T12:34:55Z</time>
      </trkpt>
      <trkpt lat="30.61309" lon="104.2289">
        <time>2026-05-29T12:34:56Z</time>
      </trkpt>
      <trkpt lat="30.613106" lon="104.228836">
        <time>2026-05-29T12:34:57Z</time>
      </trkpt>
      <trkpt lat="30.613121" lon="104.22878">
        <time>2026-05-29T12:34:58Z</time>
      </trkpt>
      <trkpt lat="30.613136" lon="104.22872">
        <time>2026-05-29T12:34:59Z</time>
      </trkpt>
      <trkpt lat="30.613153" lon="104.22866">
        <time>2026-05-29T12:35:00Z</time>
      </trkpt>
      <trkpt lat="30.61317" lon="104.2286">
        <time>2026-05-29T12:35:01Z</time>
      </trkpt>
      <trkpt lat="30.613186" lon="104.22854">
        <time>2026-05-29T12:35:02Z</time>
      </trkpt>
      <trkpt lat="30.613201" lon="104.22848">
        <time>2026-05-29T12:35:03Z</time>
      </trkpt>
      <trkpt lat="30.613216" lon="104.22842">
        <time>2026-05-29T12:35:04Z</time>
      </trkpt>
      <trkpt lat="30.613235" lon="104.228355">
        <time>2026-05-29T12:35:05Z</time>
      </trkpt>
      <trkpt lat="30.613253" lon="104.228294">
        <time>2026-05-29T12:35:06Z</time>
      </trkpt>
      <trkpt lat="30.61327" lon="104.228226">
        <time>2026-05-29T12:35:07Z</time>
      </trkpt>
      <trkpt lat="30.613285" lon="104.228165">
        <time>2026-05-29T12:35:08Z</time>
      </trkpt>
      <trkpt lat="30.613302" lon="104.2281">
        <time>2026-05-29T12:35:09Z</time>
      </trkpt>
      <trkpt lat="30.613317" lon="104.22804">
        <time>2026-05-29T12:35:10Z</time>
      </trkpt>
      <trkpt lat="30.613335" lon="104.22798">
        <time>2026-05-29T12:35:11Z</time>
      </trkpt>
      <trkpt lat="30.613352" lon="104.22792">
        <time>2026-05-29T12:35:12Z</time>
      </trkpt>
      <trkpt lat="30.613369" lon="104.22786">
        <time>2026-05-29T12:35:13Z</time>
      </trkpt>
      <trkpt lat="30.613384" lon="104.2278">
        <time>2026-05-29T12:35:14Z</time>
      </trkpt>
      <trkpt lat="30.6134" lon="104.22774">
        <time>2026-05-29T12:35:15Z</time>
      </trkpt>
      <trkpt lat="30.613417" lon="104.22768">
        <time>2026-05-29T12:35:16Z</time>
      </trkpt>
      <trkpt lat="30.61343" lon="104.227615">
        <time>2026-05-29T12:35:17Z</time>
      </trkpt>
      <trkpt lat="30.613447" lon="104.227554">
        <time>2026-05-29T12:35:18Z</time>
      </trkpt>
      <trkpt lat="30.613462" lon="104.22749">
        <time>2026-05-29T12:35:19Z</time>
      </trkpt>
      <trkpt lat="30.613476" lon="104.22743">
        <time>2026-05-29T12:35:20Z</time>
      </trkpt>
      <trkpt lat="30.613491" lon="104.22737">
        <time>2026-05-29T12:35:21Z</time>
      </trkpt>
      <trkpt lat="30.613504" lon="104.22732">
        <time>2026-05-29T12:35:22Z</time>
      </trkpt>
      <trkpt lat="30.61352" lon="104.22726">
        <time>2026-05-29T12:35:23Z</time>
      </trkpt>
      <trkpt lat="30.613537" lon="104.227196">
        <time>2026-05-29T12:35:24Z</time>
      </trkpt>
      <trkpt lat="30.613552" lon="104.227135">
        <time>2026-05-29T12:35:25Z</time>
      </trkpt>
      <trkpt lat="30.613565" lon="104.22707">
        <time>2026-05-29T12:35:26Z</time>
      </trkpt>
      <trkpt lat="30.61358" lon="104.22701">
        <time>2026-05-29T12:35:27Z</time>
      </trkpt>
      <trkpt lat="30.613594" lon="104.22695">
        <time>2026-05-29T12:35:28Z</time>
      </trkpt>
      <trkpt lat="30.613607" lon="104.22689">
        <time>2026-05-29T12:35:29Z</time>
      </trkpt>
      <trkpt lat="30.61362" lon="104.22683">
        <time>2026-05-29T12:35:30Z</time>
      </trkpt>
      <trkpt lat="30.613634" lon="104.22676">
        <time>2026-05-29T12:35:31Z</time>
      </trkpt>
      <trkpt lat="30.613647" lon="104.2267">
        <time>2026-05-29T12:35:32Z</time>
      </trkpt>
      <trkpt lat="30.613663" lon="104.22664">
        <time>2026-05-29T12:35:33Z</time>
      </trkpt>
      <trkpt lat="30.613676" lon="104.22657">
        <time>2026-05-29T12:35:34Z</time>
      </trkpt>
      <trkpt lat="30.613688" lon="104.2265">
        <time>2026-05-29T12:35:35Z</time>
      </trkpt>
      <trkpt lat="30.6137" lon="104.22644">
        <time>2026-05-29T12:35:36Z</time>
      </trkpt>
      <trkpt lat="30.613714" lon="104.22637">
        <time>2026-05-29T12:35:37Z</time>
      </trkpt>
      <trkpt lat="30.613728" lon="104.22631">
        <time>2026-05-29T12:35:38Z</time>
      </trkpt>
      <trkpt lat="30.61374" lon="104.22624">
        <time>2026-05-29T12:35:39Z</time>
      </trkpt>
      <trkpt lat="30.613754" lon="104.22617">
        <time>2026-05-29T12:35:40Z</time>
      </trkpt>
      <trkpt lat="30.61377" lon="104.226105">
        <time>2026-05-29T12:35:41Z</time>
      </trkpt>
      <trkpt lat="30.613785" lon="104.226036">
        <time>2026-05-29T12:35:42Z</time>
      </trkpt>
      <trkpt lat="30.6138" lon="104.22596">
        <time>2026-05-29T12:35:43Z</time>
      </trkpt>
      <trkpt lat="30.613813" lon="104.22589">
        <time>2026-05-29T12:35:44Z</time>
      </trkpt>
      <trkpt lat="30.613827" lon="104.225815">
        <time>2026-05-29T12:35:45Z</time>
      </trkpt>
      <trkpt lat="30.61384" lon="104.225746">
        <time>2026-05-29T12:35:46Z</time>
      </trkpt>
      <trkpt lat="30.613853" lon="104.22567">
        <time>2026-05-29T12:35:47Z</time>
      </trkpt>
      <trkpt lat="30.613867" lon="104.2256">
        <time>2026-05-29T12:35:48Z</time>
      </trkpt>
      <trkpt lat="30.61388" lon="104.225525">
        <time>2026-05-29T12:35:49Z</time>
      </trkpt>
      <trkpt lat="30.61389" lon="104.22545">
        <time>2026-05-29T12:35:50Z</time>
      </trkpt>
      <trkpt lat="30.613903" lon="104.22537">
        <time>2026-05-29T12:35:51Z</time>
      </trkpt>
      <trkpt lat="30.613914" lon="104.225296">
        <time>2026-05-29T12:35:52Z</time>
      </trkpt>
      <trkpt lat="30.613928" lon="104.22522">
        <time>2026-05-29T12:35:53Z</time>
      </trkpt>
      <trkpt lat="30.613941" lon="104.225136">
        <time>2026-05-29T12:35:54Z</time>
      </trkpt>
      <trkpt lat="30.613955" lon="104.22506">
        <time>2026-05-29T12:35:55Z</time>
      </trkpt>
      <trkpt lat="30.613966" lon="104.224976">
        <time>2026-05-29T12:35:56Z</time>
      </trkpt>
      <trkpt lat="30.61398" lon="104.2249">
        <time>2026-05-29T12:35:57Z</time>
      </trkpt>
      <trkpt lat="30.61399" lon="104.224815">
        <time>2026-05-29T12:35:58Z</time>
      </trkpt>
      <trkpt lat="30.614004" lon="104.22473">
        <time>2026-05-29T12:35:59Z</time>
      </trkpt>
      <trkpt lat="30.614017" lon="104.224655">
        <time>2026-05-29T12:36:00Z</time>
      </trkpt>
      <trkpt lat="30.614029" lon="104.22457">
        <time>2026-05-29T12:36:01Z</time>
      </trkpt>
      <trkpt lat="30.614042" lon="104.22449">
        <time>2026-05-29T12:36:02Z</time>
      </trkpt>
      <trkpt lat="30.614054" lon="104.224396">
        <time>2026-05-29T12:36:03Z</time>
      </trkpt>
      <trkpt lat="30.614065" lon="104.22431">
        <time>2026-05-29T12:36:04Z</time>
      </trkpt>
      <trkpt lat="30.614077" lon="104.22423">
        <time>2026-05-29T12:36:05Z</time>
      </trkpt>
      <trkpt lat="30.61409" lon="104.22414">
        <time>2026-05-29T12:36:06Z</time>
      </trkpt>
      <trkpt lat="30.614101" lon="104.22405">
        <time>2026-05-29T12:36:07Z</time>
      </trkpt>
      <trkpt lat="30.614115" lon="104.22396">
        <time>2026-05-29T12:36:08Z</time>
      </trkpt>
      <trkpt lat="30.614126" lon="104.22388">
        <time>2026-05-29T12:36:09Z</time>
      </trkpt>
      <trkpt lat="30.614141" lon="104.223785">
        <time>2026-05-29T12:36:10Z</time>
      </trkpt>
      <trkpt lat="30.614153" lon="104.223694">
        <time>2026-05-29T12:36:11Z</time>
      </trkpt>
      <trkpt lat="30.614166" lon="104.2236">
        <time>2026-05-29T12:36:12Z</time>
      </trkpt>
      <trkpt lat="30.614182" lon="104.22351">
        <time>2026-05-29T12:36:13Z</time>
      </trkpt>
      <trkpt lat="30.614195" lon="104.22342">
        <time>2026-05-29T12:36:14Z</time>
      </trkpt>
      <trkpt lat="30.614208" lon="104.223335">
        <time>2026-05-29T12:36:15Z</time>
      </trkpt>
      <trkpt lat="30.614222" lon="104.22324">
        <time>2026-05-29T12:36:16Z</time>
      </trkpt>
      <trkpt lat="30.614235" lon="104.22315">
        <time>2026-05-29T12:36:17Z</time>
      </trkpt>
      <trkpt lat="30.614248" lon="104.22307">
        <time>2026-05-29T12:36:18Z</time>
      </trkpt>
      <trkpt lat="30.61426" lon="104.222984">
        <time>2026-05-29T12:36:19Z</time>
      </trkpt>
      <trkpt lat="30.614273" lon="104.22289">
        <time>2026-05-29T12:36:20Z</time>
      </trkpt>
      <trkpt lat="30.614288" lon="104.2228">
        <time>2026-05-29T12:36:21Z</time>
      </trkpt>
      <trkpt lat="30.614302" lon="104.22271">
        <time>2026-05-29T12:36:22Z</time>
      </trkpt>
      <trkpt lat="30.614313" lon="104.22262">
        <time>2026-05-29T12:36:23Z</time>
      </trkpt>
      <trkpt lat="30.614325" lon="104.222534">
        <time>2026-05-29T12:36:24Z</time>
      </trkpt>
      <trkpt lat="30.614336" lon="104.22245">
        <time>2026-05-29T12:36:25Z</time>
      </trkpt>
      <trkpt lat="30.61435" lon="104.22236">
        <time>2026-05-29T12:36:26Z</time>
      </trkpt>
      <trkpt lat="30.61436" lon="104.222275">
        <time>2026-05-29T12:36:27Z</time>
      </trkpt>
      <trkpt lat="30.614374" lon="104.22219">
        <time>2026-05-29T12:36:28Z</time>
      </trkpt>
      <trkpt lat="30.614386" lon="104.22211">
        <time>2026-05-29T12:36:29Z</time>
      </trkpt>
      <trkpt lat="30.614395" lon="104.22203">
        <time>2026-05-29T12:36:30Z</time>
      </trkpt>
      <trkpt lat="30.614407" lon="104.221954">
        <time>2026-05-29T12:36:31Z</time>
      </trkpt>
      <trkpt lat="30.614414" lon="104.22188">
        <time>2026-05-29T12:36:32Z</time>
      </trkpt>
      <trkpt lat="30.614428" lon="104.2218">
        <time>2026-05-29T12:36:33Z</time>
      </trkpt>
      <trkpt lat="30.614439" lon="104.221725">
        <time>2026-05-29T12:36:34Z</time>
      </trkpt>
      <trkpt lat="30.614458" lon="104.22166">
        <time>2026-05-29T12:36:35Z</time>
      </trkpt>
      <trkpt lat="30.614475" lon="104.22158">
        <time>2026-05-29T12:36:36Z</time>
      </trkpt>
      <trkpt lat="30.61449" lon="104.22151">
        <time>2026-05-29T12:36:37Z</time>
      </trkpt>
      <trkpt lat="30.614506" lon="104.22144">
        <time>2026-05-29T12:36:38Z</time>
      </trkpt>
      <trkpt lat="30.614517" lon="104.221375">
        <time>2026-05-29T12:36:39Z</time>
      </trkpt>
      <trkpt lat="30.614527" lon="104.2213">
        <time>2026-05-29T12:36:40Z</time>
      </trkpt>
      <trkpt lat="30.61453" lon="104.22123">
        <time>2026-05-29T12:36:41Z</time>
      </trkpt>
      <trkpt lat="30.614532" lon="104.22117">
        <time>2026-05-29T12:36:42Z</time>
      </trkpt>
      <trkpt lat="30.614534" lon="104.2211">
        <time>2026-05-29T12:36:43Z</time>
      </trkpt>
      <trkpt lat="30.61454" lon="104.22103">
        <time>2026-05-29T12:36:44Z</time>
      </trkpt>
      <trkpt lat="30.614546" lon="104.22097">
        <time>2026-05-29T12:36:45Z</time>
      </trkpt>
      <trkpt lat="30.61456" lon="104.2209">
        <time>2026-05-29T12:36:46Z</time>
      </trkpt>
      <trkpt lat="30.614569" lon="104.22083">
        <time>2026-05-29T12:36:47Z</time>
      </trkpt>
      <trkpt lat="30.614576" lon="104.22077">
        <time>2026-05-29T12:36:48Z</time>
      </trkpt>
      <trkpt lat="30.614586" lon="104.2207">
        <time>2026-05-29T12:36:49Z</time>
      </trkpt>
      <trkpt lat="30.614595" lon="104.220634">
        <time>2026-05-29T12:36:50Z</time>
      </trkpt>
      <trkpt lat="30.614607" lon="104.220566">
        <time>2026-05-29T12:36:51Z</time>
      </trkpt>
      <trkpt lat="30.614618" lon="104.220505">
        <time>2026-05-29T12:36:52Z</time>
      </trkpt>
      <trkpt lat="30.614628" lon="104.220436">
        <time>2026-05-29T12:36:53Z</time>
      </trkpt>
      <trkpt lat="30.61464" lon="104.22037">
        <time>2026-05-29T12:36:54Z</time>
      </trkpt>
      <trkpt lat="30.61465" lon="104.2203">
        <time>2026-05-29T12:36:55Z</time>
      </trkpt>
      <trkpt lat="30.61466" lon="104.22024">
        <time>2026-05-29T12:36:56Z</time>
      </trkpt>
      <trkpt lat="30.614672" lon="104.22017">
        <time>2026-05-29T12:36:57Z</time>
      </trkpt>
      <trkpt lat="30.614681" lon="104.22011">
        <time>2026-05-29T12:36:58Z</time>
      </trkpt>
      <trkpt lat="30.61469" lon="104.22004">
        <time>2026-05-29T12:36:59Z</time>
      </trkpt>
      <trkpt lat="30.614704" lon="104.21997">
        <time>2026-05-29T12:37:00Z</time>
      </trkpt>
      <trkpt lat="30.614717" lon="104.21991">
        <time>2026-05-29T12:37:01Z</time>
      </trkpt>
      <trkpt lat="30.61473" lon="104.21985">
        <time>2026-05-29T12:37:02Z</time>
      </trkpt>
      <trkpt lat="30.614742" lon="104.21978">
        <time>2026-05-29T12:37:03Z</time>
      </trkpt>
      <trkpt lat="30.614756" lon="104.21972">
        <time>2026-05-29T12:37:04Z</time>
      </trkpt>
      <trkpt lat="30.614765" lon="104.21966">
        <time>2026-05-29T12:37:05Z</time>
      </trkpt>
      <trkpt lat="30.614779" lon="104.2196">
        <time>2026-05-29T12:37:06Z</time>
      </trkpt>
      <trkpt lat="30.61479" lon="104.219536">
        <time>2026-05-29T12:37:07Z</time>
      </trkpt>
      <trkpt lat="30.614803" lon="104.219475">
        <time>2026-05-29T12:37:08Z</time>
      </trkpt>
      <trkpt lat="30.614817" lon="104.21941">
        <time>2026-05-29T12:37:09Z</time>
      </trkpt>
      <trkpt lat="30.61483" lon="104.21935">
        <time>2026-05-29T12:37:10Z</time>
      </trkpt>
      <trkpt lat="30.614841" lon="104.219284">
        <time>2026-05-29T12:37:11Z</time>
      </trkpt>
      <trkpt lat="30.614851" lon="104.21922">
        <time>2026-05-29T12:37:12Z</time>
      </trkpt>
      <trkpt lat="30.614862" lon="104.219154">
        <time>2026-05-29T12:37:13Z</time>
      </trkpt>
      <trkpt lat="30.61488" lon="104.21909">
        <time>2026-05-29T12:37:14Z</time>
      </trkpt>
      <trkpt lat="30.614895" lon="104.219025">
        <time>2026-05-29T12:37:15Z</time>
      </trkpt>
      <trkpt lat="30.614908" lon="104.21896">
        <time>2026-05-29T12:37:16Z</time>
      </trkpt>
      <trkpt lat="30.614912" lon="104.21888">
        <time>2026-05-29T12:37:17Z</time>
      </trkpt>
      <trkpt lat="30.61492" lon="104.218796">
        <time>2026-05-29T12:37:18Z</time>
      </trkpt>
      <trkpt lat="30.614937" lon="104.218704">
        <time>2026-05-29T12:37:19Z</time>
      </trkpt>
      <trkpt lat="30.614956" lon="104.21861">
        <time>2026-05-29T12:37:20Z</time>
      </trkpt>
      <trkpt lat="30.614975" lon="104.21853">
        <time>2026-05-29T12:37:21Z</time>
      </trkpt>
      <trkpt lat="30.614994" lon="104.218445">
        <time>2026-05-29T12:37:22Z</time>
      </trkpt>
      <trkpt lat="30.615015" lon="104.21837">
        <time>2026-05-29T12:37:23Z</time>
      </trkpt>
      <trkpt lat="30.615034" lon="104.21829">
        <time>2026-05-29T12:37:24Z</time>
      </trkpt>
      <trkpt lat="30.615057" lon="104.218216">
        <time>2026-05-29T12:37:25Z</time>
      </trkpt>
      <trkpt lat="30.615078" lon="104.21814">
        <time>2026-05-29T12:37:26Z</time>
      </trkpt>
      <trkpt lat="30.615097" lon="104.21806">
        <time>2026-05-29T12:37:27Z</time>
      </trkpt>
      <trkpt lat="30.615114" lon="104.21799">
        <time>2026-05-29T12:37:28Z</time>
      </trkpt>
      <trkpt lat="30.615135" lon="104.21791">
        <time>2026-05-29T12:37:29Z</time>
      </trkpt>
      <trkpt lat="30.615154" lon="104.217834">
        <time>2026-05-29T12:37:30Z</time>
      </trkpt>
      <trkpt lat="30.615175" lon="104.21776">
        <time>2026-05-29T12:37:31Z</time>
      </trkpt>
      <trkpt lat="30.615194" lon="104.21768">
        <time>2026-05-29T12:37:32Z</time>
      </trkpt>
      <trkpt lat="30.615215" lon="104.21761">
        <time>2026-05-29T12:37:33Z</time>
      </trkpt>
      <trkpt lat="30.615236" lon="104.21754">
        <time>2026-05-29T12:37:34Z</time>
      </trkpt>
      <trkpt lat="30.61526" lon="104.21747">
        <time>2026-05-29T12:37:35Z</time>
      </trkpt>
      <trkpt lat="30.615282" lon="104.21739">
        <time>2026-05-29T12:37:36Z</time>
      </trkpt>
      <trkpt lat="30.615303" lon="104.21732">
        <time>2026-05-29T12:37:37Z</time>
      </trkpt>
      <trkpt lat="30.615324" lon="104.217255">
        <time>2026-05-29T12:37:38Z</time>
      </trkpt>
      <trkpt lat="30.615343" lon="104.21719">
        <time>2026-05-29T12:37:39Z</time>
      </trkpt>
      <trkpt lat="30.615364" lon="104.217125">
        <time>2026-05-29T12:37:40Z</time>
      </trkpt>
      <trkpt lat="30.615385" lon="104.21706">
        <time>2026-05-29T12:37:41Z</time>
      </trkpt>
      <trkpt lat="30.615404" lon="104.21699">
        <time>2026-05-29T12:37:42Z</time>
      </trkpt>
      <trkpt lat="30.615423" lon="104.21693">
        <time>2026-05-29T12:37:43Z</time>
      </trkpt>
      <trkpt lat="30.615444" lon="104.21686">
        <time>2026-05-29T12:37:44Z</time>
      </trkpt>
      <trkpt lat="30.615463" lon="104.2168">
        <time>2026-05-29T12:37:45Z</time>
      </trkpt>
      <trkpt lat="30.615484" lon="104.21673">
        <time>2026-05-29T12:37:46Z</time>
      </trkpt>
      <trkpt lat="30.615503" lon="104.21667">
        <time>2026-05-29T12:37:47Z</time>
      </trkpt>
      <trkpt lat="30.615522" lon="104.2166">
        <time>2026-05-29T12:37:48Z</time>
      </trkpt>
      <trkpt lat="30.615543" lon="104.21654">
        <time>2026-05-29T12:37:49Z</time>
      </trkpt>
      <trkpt lat="30.615564" lon="104.21648">
        <time>2026-05-29T12:37:50Z</time>
      </trkpt>
      <trkpt lat="30.615583" lon="104.216415">
        <time>2026-05-29T12:37:51Z</time>
      </trkpt>
      <trkpt lat="30.615602" lon="104.216354">
        <time>2026-05-29T12:37:52Z</time>
      </trkpt>
      <trkpt lat="30.615622" lon="104.216286">
        <time>2026-05-29T12:37:53Z</time>
      </trkpt>
      <trkpt lat="30.615639" lon="104.216225">
        <time>2026-05-29T12:37:54Z</time>
      </trkpt>
      <trkpt lat="30.615656" lon="104.21616">
        <time>2026-05-29T12:37:55Z</time>
      </trkpt>
      <trkpt lat="30.615671" lon="104.21611">
        <time>2026-05-29T12:37:56Z</time>
      </trkpt>
      <trkpt lat="30.615688" lon="104.21605">
        <time>2026-05-29T12:37:57Z</time>
      </trkpt>
      <trkpt lat="30.615707" lon="104.21599">
        <time>2026-05-29T12:37:58Z</time>
      </trkpt>
      <trkpt lat="30.615723" lon="104.215935">
        <time>2026-05-29T12:37:59Z</time>
      </trkpt>
      <trkpt lat="30.61574" lon="104.21588">
        <time>2026-05-29T12:38:00Z</time>
      </trkpt>
      <trkpt lat="30.615757" lon="104.21583">
        <time>2026-05-29T12:38:01Z</time>
      </trkpt>
      <trkpt lat="30.615772" lon="104.21578">
        <time>2026-05-29T12:38:02Z</time>
      </trkpt>
      <trkpt lat="30.615788" lon="104.21573">
        <time>2026-05-29T12:38:03Z</time>
      </trkpt>
      <trkpt lat="30.615803" lon="104.215675">
        <time>2026-05-29T12:38:04Z</time>
      </trkpt>
      <trkpt lat="30.615818" lon="104.21562">
        <time>2026-05-29T12:38:05Z</time>
      </trkpt>
      <trkpt lat="30.615833" lon="104.21557">
        <time>2026-05-29T12:38:06Z</time>
      </trkpt>
      <trkpt lat="30.615849" lon="104.21552">
        <time>2026-05-29T12:38:07Z</time>
      </trkpt>
      <trkpt lat="30.615862" lon="104.21548">
        <time>2026-05-29T12:38:08Z</time>
      </trkpt>
      <trkpt lat="30.615875" lon="104.21543">
        <time>2026-05-29T12:38:09Z</time>
      </trkpt>
      <trkpt lat="30.615892" lon="104.215385">
        <time>2026-05-29T12:38:10Z</time>
      </trkpt>
      <trkpt lat="30.615906" lon="104.21534">
        <time>2026-05-29T12:38:11Z</time>
      </trkpt>
      <trkpt lat="30.615921" lon="104.215294">
        <time>2026-05-29T12:38:12Z</time>
      </trkpt>
      <trkpt lat="30.615934" lon="104.21524">
        <time>2026-05-29T12:38:13Z</time>
      </trkpt>
      <trkpt lat="30.61595" lon="104.215195">
        <time>2026-05-29T12:38:14Z</time>
      </trkpt>
      <trkpt lat="30.615965" lon="104.21514">
        <time>2026-05-29T12:38:15Z</time>
      </trkpt>
      <trkpt lat="30.61598" lon="104.215096">
        <time>2026-05-29T12:38:16Z</time>
      </trkpt>
      <trkpt lat="30.615995" lon="104.21505">
        <time>2026-05-29T12:38:17Z</time>
      </trkpt>
      <trkpt lat="30.616013" lon="104.215004">
        <time>2026-05-29T12:38:18Z</time>
      </trkpt>
      <trkpt lat="30.61603" lon="104.21495">
        <time>2026-05-29T12:38:19Z</time>
      </trkpt>
      <trkpt lat="30.616045" lon="104.2149">
        <time>2026-05-29T12:38:20Z</time>
      </trkpt>
      <trkpt lat="30.61606" lon="104.21484">
        <time>2026-05-29T12:38:21Z</time>
      </trkpt>
      <trkpt lat="30.616076" lon="104.21479">
        <time>2026-05-29T12:38:22Z</time>
      </trkpt>
      <trkpt lat="30.616089" lon="104.21474">
        <time>2026-05-29T12:38:23Z</time>
      </trkpt>
      <trkpt lat="30.616098" lon="104.214676">
        <time>2026-05-29T12:38:24Z</time>
      </trkpt>
      <trkpt lat="30.61611" lon="104.21462">
        <time>2026-05-29T12:38:25Z</time>
      </trkpt>
      <trkpt lat="30.616123" lon="104.21457">
        <time>2026-05-29T12:38:26Z</time>
      </trkpt>
      <trkpt lat="30.616135" lon="104.214516">
        <time>2026-05-29T12:38:27Z</time>
      </trkpt>
      <trkpt lat="30.616146" lon="104.21446">
        <time>2026-05-29T12:38:28Z</time>
      </trkpt>
      <trkpt lat="30.616158" lon="104.21441">
        <time>2026-05-29T12:38:29Z</time>
      </trkpt>
      <trkpt lat="30.616165" lon="104.214355">
        <time>2026-05-29T12:38:30Z</time>
      </trkpt>
      <trkpt lat="30.616175" lon="104.2143">
        <time>2026-05-29T12:38:31Z</time>
      </trkpt>
      <trkpt lat="30.616186" lon="104.21426">
        <time>2026-05-29T12:38:32Z</time>
      </trkpt>
      <trkpt lat="30.616194" lon="104.214226">
        <time>2026-05-29T12:38:33Z</time>
      </trkpt>
      <trkpt lat="30.616198" lon="104.21418">
        <time>2026-05-29T12:38:34Z</time>
      </trkpt>
      <trkpt lat="30.6162" lon="104.21414">
        <time>2026-05-29T12:38:35Z</time>
      </trkpt>
      <trkpt lat="30.616198" lon="104.2141">
        <time>2026-05-29T12:38:36Z</time>
      </trkpt>
      <trkpt lat="30.616203" lon="104.21406">
        <time>2026-05-29T12:38:37Z</time>
      </trkpt>
      <trkpt lat="30.61621" lon="104.214005">
        <time>2026-05-29T12:38:38Z</time>
      </trkpt>
      <trkpt lat="30.61625" lon="104.213844">
        <time>2026-05-29T12:38:41Z</time>
      </trkpt>
      <trkpt lat="30.616884" lon="104.21188">
        <time>2026-05-29T12:39:12Z</time>
      </trkpt>
      <trkpt lat="30.61691" lon="104.21179">
        <time>2026-05-29T12:39:13Z</time>
      </trkpt>
      <trkpt lat="30.61691" lon="104.21175">
        <time>2026-05-29T12:39:14Z</time>
      </trkpt>
      <trkpt lat="30.61694" lon="104.21167">
        <time>2026-05-29T12:39:15Z</time>
      </trkpt>
      <trkpt lat="30.616972" lon="104.211586">
        <time>2026-05-29T12:39:16Z</time>
      </trkpt>
      <trkpt lat="30.617014" lon="104.21151">
        <time>2026-05-29T12:39:17Z</time>
      </trkpt>
      <trkpt lat="30.617033" lon="104.21142">
        <time>2026-05-29T12:39:18Z</time>
      </trkpt>
      <trkpt lat="30.61706" lon="104.21133">
        <time>2026-05-29T12:39:19Z</time>
      </trkpt>
      <trkpt lat="30.617086" lon="104.21124">
        <time>2026-05-29T12:39:20Z</time>
      </trkpt>
      <trkpt lat="30.61711" lon="104.21117">
        <time>2026-05-29T12:39:21Z</time>
      </trkpt>
      <trkpt lat="30.61714" lon="104.211105">
        <time>2026-05-29T12:39:22Z</time>
      </trkpt>
      <trkpt lat="30.617172" lon="104.21102">
        <time>2026-05-29T12:39:23Z</time>
      </trkpt>
      <trkpt lat="30.617214" lon="104.210915">
        <time>2026-05-29T12:39:24Z</time>
      </trkpt>
      <trkpt lat="30.617245" lon="104.21083">
        <time>2026-05-29T12:39:25Z</time>
      </trkpt>
      <trkpt lat="30.617268" lon="104.21075">
        <time>2026-05-29T12:39:26Z</time>
      </trkpt>
      <trkpt lat="30.617294" lon="104.210655">
        <time>2026-05-29T12:39:27Z</time>
      </trkpt>
      <trkpt lat="30.61732" lon="104.21056">
        <time>2026-05-29T12:39:28Z</time>
      </trkpt>
      <trkpt lat="30.617342" lon="104.21047">
        <time>2026-05-29T12:39:29Z</time>
      </trkpt>
      <trkpt lat="30.61737" lon="104.21039">
        <time>2026-05-29T12:39:30Z</time>
      </trkpt>
      <trkpt lat="30.617393" lon="104.21029">
        <time>2026-05-29T12:39:31Z</time>
      </trkpt>
      <trkpt lat="30.617416" lon="104.2102">
        <time>2026-05-29T12:39:32Z</time>
      </trkpt>
      <trkpt lat="30.61744" lon="104.210106">
        <time>2026-05-29T12:39:33Z</time>
      </trkpt>
      <trkpt lat="30.617464" lon="104.210014">
        <time>2026-05-29T12:39:34Z</time>
      </trkpt>
      <trkpt lat="30.617487" lon="104.20992">
        <time>2026-05-29T12:39:35Z</time>
      </trkpt>
      <trkpt lat="30.617508" lon="104.20983">
        <time>2026-05-29T12:39:36Z</time>
      </trkpt>
      <trkpt lat="30.617529" lon="104.20974">
        <time>2026-05-29T12:39:37Z</time>
      </trkpt>
      <trkpt lat="30.617552" lon="104.209656">
        <time>2026-05-29T12:39:38Z</time>
      </trkpt>
      <trkpt lat="30.617575" lon="104.20959">
        <time>2026-05-29T12:39:39Z</time>
      </trkpt>
      <trkpt lat="30.617598" lon="104.2095">
        <time>2026-05-29T12:39:40Z</time>
      </trkpt>
      <trkpt lat="30.61762" lon="104.209435">
        <time>2026-05-29T12:39:41Z</time>
      </trkpt>
      <trkpt lat="30.617641" lon="104.209366">
        <time>2026-05-29T12:39:42Z</time>
      </trkpt>
      <trkpt lat="30.617666" lon="104.20929">
        <time>2026-05-29T12:39:43Z</time>
      </trkpt>
      <trkpt lat="30.61769" lon="104.209206">
        <time>2026-05-29T12:39:44Z</time>
      </trkpt>
      <trkpt lat="30.61771" lon="104.20913">
        <time>2026-05-29T12:39:45Z</time>
      </trkpt>
      <trkpt lat="30.617727" lon="104.20905">
        <time>2026-05-29T12:39:46Z</time>
      </trkpt>
      <trkpt lat="30.61773" lon="104.20899">
        <time>2026-05-29T12:39:47Z</time>
      </trkpt>
      <trkpt lat="30.617743" lon="104.208916">
        <time>2026-05-29T12:39:48Z</time>
      </trkpt>
      <trkpt lat="30.617756" lon="104.208824">
        <time>2026-05-29T12:39:49Z</time>
      </trkpt>
      <trkpt lat="30.617777" lon="104.20875">
        <time>2026-05-29T12:39:50Z</time>
      </trkpt>
      <trkpt lat="30.617792" lon="104.20869">
        <time>2026-05-29T12:39:51Z</time>
      </trkpt>
      <trkpt lat="30.617796" lon="104.208626">
        <time>2026-05-29T12:39:52Z</time>
      </trkpt>
      <trkpt lat="30.617802" lon="104.20855">
        <time>2026-05-29T12:39:53Z</time>
      </trkpt>
      <trkpt lat="30.617811" lon="104.20847">
        <time>2026-05-29T12:39:54Z</time>
      </trkpt>
      <trkpt lat="30.617825" lon="104.2084">
        <time>2026-05-29T12:39:55Z</time>
      </trkpt>
      <trkpt lat="30.617838" lon="104.20831">
        <time>2026-05-29T12:39:56Z</time>
      </trkpt>
      <trkpt lat="30.617847" lon="104.20824">
        <time>2026-05-29T12:39:57Z</time>
      </trkpt>
      <trkpt lat="30.617857" lon="104.20817">
        <time>2026-05-29T12:39:58Z</time>
      </trkpt>
      <trkpt lat="30.61787" lon="104.2081">
        <time>2026-05-29T12:39:59Z</time>
      </trkpt>
      <trkpt lat="30.617884" lon="104.20802">
        <time>2026-05-29T12:40:00Z</time>
      </trkpt>
      <trkpt lat="30.617893" lon="104.20795">
        <time>2026-05-29T12:40:01Z</time>
      </trkpt>
      <trkpt lat="30.6179" lon="104.20787">
        <time>2026-05-29T12:40:02Z</time>
      </trkpt>
      <trkpt lat="30.617908" lon="104.2078">
        <time>2026-05-29T12:40:03Z</time>
      </trkpt>
      <trkpt lat="30.617918" lon="104.207726">
        <time>2026-05-29T12:40:04Z</time>
      </trkpt>
      <trkpt lat="30.617928" lon="104.20765">
        <time>2026-05-29T12:40:05Z</time>
      </trkpt>
      <trkpt lat="30.617933" lon="104.20755">
        <time>2026-05-29T12:40:06Z</time>
      </trkpt>
      <trkpt lat="30.61794" lon="104.20745">
        <time>2026-05-29T12:40:07Z</time>
      </trkpt>
      <trkpt lat="30.617952" lon="104.207375">
        <time>2026-05-29T12:40:08Z</time>
      </trkpt>
      <trkpt lat="30.617968" lon="104.2073">
        <time>2026-05-29T12:40:09Z</time>
      </trkpt>
      <trkpt lat="30.617987" lon="104.20721">
        <time>2026-05-29T12:40:10Z</time>
      </trkpt>
      <trkpt lat="30.618004" lon="104.20712">
        <time>2026-05-29T12:40:11Z</time>
      </trkpt>
      <trkpt lat="30.618013" lon="104.20702">
        <time>2026-05-29T12:40:12Z</time>
      </trkpt>
      <trkpt lat="30.61802" lon="104.20693">
        <time>2026-05-29T12:40:13Z</time>
      </trkpt>
      <trkpt lat="30.618027" lon="104.20684">
        <time>2026-05-29T12:40:14Z</time>
      </trkpt>
      <trkpt lat="30.618036" lon="104.20675">
        <time>2026-05-29T12:40:15Z</time>
      </trkpt>
      <trkpt lat="30.618042" lon="104.206665">
        <time>2026-05-29T12:40:16Z</time>
      </trkpt>
      <trkpt lat="30.618052" lon="104.20658">
        <time>2026-05-29T12:40:17Z</time>
      </trkpt>
      <trkpt lat="30.618063" lon="104.20649">
        <time>2026-05-29T12:40:18Z</time>
      </trkpt>
      <trkpt lat="30.618067" lon="104.2064">
        <time>2026-05-29T12:40:19Z</time>
      </trkpt>
      <trkpt lat="30.61807" lon="104.206314">
        <time>2026-05-29T12:40:20Z</time>
      </trkpt>
      <trkpt lat="30.61808" lon="104.20622">
        <time>2026-05-29T12:40:21Z</time>
      </trkpt>
      <trkpt lat="30.618086" lon="104.20613">
        <time>2026-05-29T12:40:22Z</time>
      </trkpt>
      <trkpt lat="30.618103" lon="104.20605">
        <time>2026-05-29T12:40:23Z</time>
      </trkpt>
      <trkpt lat="30.61811" lon="104.20596">
        <time>2026-05-29T12:40:24Z</time>
      </trkpt>
      <trkpt lat="30.618113" lon="104.20588">
        <time>2026-05-29T12:40:25Z</time>
      </trkpt>
      <trkpt lat="30.618124" lon="104.205795">
        <time>2026-05-29T12:40:26Z</time>
      </trkpt>
      <trkpt lat="30.618132" lon="104.2057">
        <time>2026-05-29T12:40:27Z</time>
      </trkpt>
      <trkpt lat="30.61814" lon="104.20561">
        <time>2026-05-29T12:40:28Z</time>
      </trkpt>
      <trkpt lat="30.618149" lon="104.20553">
        <time>2026-05-29T12:40:29Z</time>
      </trkpt>
      <trkpt lat="30.618156" lon="104.205444">
        <time>2026-05-29T12:40:30Z</time>
      </trkpt>
      <trkpt lat="30.618168" lon="104.20536">
        <time>2026-05-29T12:40:31Z</time>
      </trkpt>
      <trkpt lat="30.618177" lon="104.20527">
        <time>2026-05-29T12:40:32Z</time>
      </trkpt>
      <trkpt lat="30.61819" lon="104.205185">
        <time>2026-05-29T12:40:33Z</time>
      </trkpt>
      <trkpt lat="30.618204" lon="104.20511">
        <time>2026-05-29T12:40:34Z</time>
      </trkpt>
      <trkpt lat="30.618216" lon="104.20503">
        <time>2026-05-29T12:40:35Z</time>
      </trkpt>
      <trkpt lat="30.618225" lon="104.204956">
        <time>2026-05-29T12:40:36Z</time>
      </trkpt>
      <trkpt lat="30.618233" lon="104.20488">
        <time>2026-05-29T12:40:37Z</time>
      </trkpt>
      <trkpt lat="30.618238" lon="104.2048">
        <time>2026-05-29T12:40:38Z</time>
      </trkpt>
      <trkpt lat="30.618244" lon="104.20473">
        <time>2026-05-29T12:40:39Z</time>
      </trkpt>
      <trkpt lat="30.618248" lon="104.204666">
        <time>2026-05-29T12:40:40Z</time>
      </trkpt>
      <trkpt lat="30.618258" lon="104.2046">
        <time>2026-05-29T12:40:41Z</time>
      </trkpt>
      <trkpt lat="30.618267" lon="104.20453">
        <time>2026-05-29T12:40:42Z</time>
      </trkpt>
      <trkpt lat="30.618275" lon="104.20445">
        <time>2026-05-29T12:40:43Z</time>
      </trkpt>
      <trkpt lat="30.618286" lon="104.204384">
        <time>2026-05-29T12:40:44Z</time>
      </trkpt>
      <trkpt lat="30.618298" lon="104.204315">
        <time>2026-05-29T12:40:45Z</time>
      </trkpt>
      <trkpt lat="30.618305" lon="104.204254">
        <time>2026-05-29T12:40:46Z</time>
      </trkpt>
      <trkpt lat="30.618319" lon="104.20419">
        <time>2026-05-29T12:40:47Z</time>
      </trkpt>
      <trkpt lat="30.618336" lon="104.20414">
        <time>2026-05-29T12:40:48Z</time>
      </trkpt>
      <trkpt lat="30.61835" lon="104.2041">
        <time>2026-05-29T12:40:49Z</time>
      </trkpt>
      <trkpt lat="30.618362" lon="104.20405">
        <time>2026-05-29T12:40:50Z</time>
      </trkpt>
      <trkpt lat="30.618374" lon="104.203995">
        <time>2026-05-29T12:40:51Z</time>
      </trkpt>
      <trkpt lat="30.618456" lon="104.20339">
        <time>2026-05-29T12:41:03Z</time>
      </trkpt>
      <trkpt lat="30.618492" lon="104.203354">
        <time>2026-05-29T12:41:04Z</time>
      </trkpt>
      <trkpt lat="30.618517" lon="104.20332">
        <time>2026-05-29T12:41:05Z</time>
      </trkpt>
      <trkpt lat="30.61852" lon="104.20327">
        <time>2026-05-29T12:41:06Z</time>
      </trkpt>
      <trkpt lat="30.61852" lon="104.203224">
        <time>2026-05-29T12:41:07Z</time>
      </trkpt>
      <trkpt lat="30.61852" lon="104.20316">
        <time>2026-05-29T12:41:08Z</time>
      </trkpt>
      <trkpt lat="30.618507" lon="104.203094">
        <time>2026-05-29T12:41:09Z</time>
      </trkpt>
      <trkpt lat="30.618507" lon="104.20305">
        <time>2026-05-29T12:41:10Z</time>
      </trkpt>
      <trkpt lat="30.618513" lon="104.203">
        <time>2026-05-29T12:41:11Z</time>
      </trkpt>
      <trkpt lat="30.61852" lon="104.20294">
        <time>2026-05-29T12:41:12Z</time>
      </trkpt>
      <trkpt lat="30.618525" lon="104.20289">
        <time>2026-05-29T12:41:13Z</time>
      </trkpt>
      <trkpt lat="30.618534" lon="104.20283">
        <time>2026-05-29T12:41:14Z</time>
      </trkpt>
      <trkpt lat="30.618546" lon="104.202774">
        <time>2026-05-29T12:41:15Z</time>
      </trkpt>
      <trkpt lat="30.61856" lon="104.20273">
        <time>2026-05-29T12:41:16Z</time>
      </trkpt>
      <trkpt lat="30.61858" lon="104.202675">
        <time>2026-05-29T12:41:17Z</time>
      </trkpt>
      <trkpt lat="30.618595" lon="104.20262">
        <time>2026-05-29T12:41:18Z</time>
      </trkpt>
      <trkpt lat="30.618607" lon="104.20257">
        <time>2026-05-29T12:41:19Z</time>
      </trkpt>
      <trkpt lat="30.618626" lon="104.202515">
        <time>2026-05-29T12:41:20Z</time>
      </trkpt>
      <trkpt lat="30.61864" lon="104.202446">
        <time>2026-05-29T12:41:21Z</time>
      </trkpt>
      <trkpt lat="30.618654" lon="104.202385">
        <time>2026-05-29T12:41:22Z</time>
      </trkpt>
      <trkpt lat="30.618658" lon="104.20232">
        <time>2026-05-29T12:41:23Z</time>
      </trkpt>
      <trkpt lat="30.618662" lon="104.20224">
        <time>2026-05-29T12:41:24Z</time>
      </trkpt>
      <trkpt lat="30.61866" lon="104.20217">
        <time>2026-05-29T12:41:25Z</time>
      </trkpt>
      <trkpt lat="30.61866" lon="104.202095">
        <time>2026-05-29T12:41:26Z</time>
      </trkpt>
      <trkpt lat="30.61866" lon="104.20203">
        <time>2026-05-29T12:41:27Z</time>
      </trkpt>
      <trkpt lat="30.618664" lon="104.20195">
        <time>2026-05-29T12:41:28Z</time>
      </trkpt>
      <trkpt lat="30.618664" lon="104.2019">
        <time>2026-05-29T12:41:29Z</time>
      </trkpt>
      <trkpt lat="30.618666" lon="104.20184">
        <time>2026-05-29T12:41:30Z</time>
      </trkpt>
      <trkpt lat="30.618668" lon="104.20178">
        <time>2026-05-29T12:41:31Z</time>
      </trkpt>
      <trkpt lat="30.618668" lon="104.20173">
        <time>2026-05-29T12:41:32Z</time>
      </trkpt>
      <trkpt lat="30.618673" lon="104.20168">
        <time>2026-05-29T12:41:33Z</time>
      </trkpt>
      <trkpt lat="30.618681" lon="104.20163">
        <time>2026-05-29T12:41:34Z</time>
      </trkpt>
      <trkpt lat="30.618687" lon="104.201584">
        <time>2026-05-29T12:41:35Z</time>
      </trkpt>
      <trkpt lat="30.618692" lon="104.20153">
        <time>2026-05-29T12:41:36Z</time>
      </trkpt>
      <trkpt lat="30.6187" lon="104.20148">
        <time>2026-05-29T12:41:37Z</time>
      </trkpt>
      <trkpt lat="30.618702" lon="104.20145">
        <time>2026-05-29T12:41:38Z</time>
      </trkpt>
      <trkpt lat="30.61871" lon="104.20141">
        <time>2026-05-29T12:41:39Z</time>
      </trkpt>
      <trkpt lat="30.61872" lon="104.20137">
        <time>2026-05-29T12:41:40Z</time>
      </trkpt>
      <trkpt lat="30.618725" lon="104.20133">
        <time>2026-05-29T12:41:41Z</time>
      </trkpt>
      <trkpt lat="30.618734" lon="104.20128">
        <time>2026-05-29T12:41:42Z</time>
      </trkpt>
      <trkpt lat="30.61874" lon="104.20124">
        <time>2026-05-29T12:41:43Z</time>
      </trkpt>
      <trkpt lat="30.618746" lon="104.2012">
        <time>2026-05-29T12:41:44Z</time>
      </trkpt>
      <trkpt lat="30.61875" lon="104.20117">
        <time>2026-05-29T12:41:45Z</time>
      </trkpt>
      <trkpt lat="30.618752" lon="104.20115">
        <time>2026-05-29T12:41:46Z</time>
      </trkpt>
      <trkpt lat="30.61876" lon="104.20113">
        <time>2026-05-29T12:41:47Z</time>
      </trkpt>
      <trkpt lat="30.618769" lon="104.20111">
        <time>2026-05-29T12:41:48Z</time>
      </trkpt>
      <trkpt lat="30.618784" lon="104.20109">
        <time>2026-05-29T12:41:49Z</time>
      </trkpt>
      <trkpt lat="30.618792" lon="104.20107">
        <time>2026-05-29T12:41:50Z</time>
      </trkpt>
      <trkpt lat="30.618797" lon="104.20105">
        <time>2026-05-29T12:41:51Z</time>
      </trkpt>
      <trkpt lat="30.618803" lon="104.20103">
        <time>2026-05-29T12:41:52Z</time>
      </trkpt>
      <trkpt lat="30.618813" lon="104.201004">
        <time>2026-05-29T12:41:53Z</time>
      </trkpt>
      <trkpt lat="30.618824" lon="104.20099">
        <time>2026-05-29T12:41:54Z</time>
      </trkpt>
      <trkpt lat="30.618834" lon="104.200966">
        <time>2026-05-29T12:41:55Z</time>
      </trkpt>
      <trkpt lat="30.61884" lon="104.20095">
        <time>2026-05-29T12:41:56Z</time>
      </trkpt>
      <trkpt lat="30.618845" lon="104.20093">
        <time>2026-05-29T12:41:57Z</time>
      </trkpt>
      <trkpt lat="30.618856" lon="104.200905">
        <time>2026-05-29T12:41:58Z</time>
      </trkpt>
      <trkpt lat="30.618866" lon="104.20087">
        <time>2026-05-29T12:41:59Z</time>
      </trkpt>
      <trkpt lat="30.618872" lon="104.20083">
        <time>2026-05-29T12:42:00Z</time>
      </trkpt>
      <trkpt lat="30.618877" lon="104.20079">
        <time>2026-05-29T12:42:01Z</time>
      </trkpt>
      <trkpt lat="30.61888" lon="104.200745">
        <time>2026-05-29T12:42:02Z</time>
      </trkpt>
      <trkpt lat="30.618887" lon="104.20069">
        <time>2026-05-29T12:42:03Z</time>
      </trkpt>
      <trkpt lat="30.618893" lon="104.20063">
        <time>2026-05-29T12:42:04Z</time>
      </trkpt>
      <trkpt lat="30.618889" lon="104.20057">
        <time>2026-05-29T12:42:05Z</time>
      </trkpt>
      <trkpt lat="30.618885" lon="104.20051">
        <time>2026-05-29T12:42:06Z</time>
      </trkpt>
      <trkpt lat="30.61889" lon="104.20046">
        <time>2026-05-29T12:42:07Z</time>
      </trkpt>
      <trkpt lat="30.618893" lon="104.20042">
        <time>2026-05-29T12:42:08Z</time>
      </trkpt>
      <trkpt lat="30.618898" lon="104.200386">
        <time>2026-05-29T12:42:09Z</time>
      </trkpt>
      <trkpt lat="30.618893" lon="104.20036">
        <time>2026-05-29T12:42:10Z</time>
      </trkpt>
      <trkpt lat="30.618902" lon="104.200325">
        <time>2026-05-29T12:42:11Z</time>
      </trkpt>
      <trkpt lat="30.618927" lon="104.20029">
        <time>2026-05-29T12:42:12Z</time>
      </trkpt>
      <trkpt lat="30.618952" lon="104.20024">
        <time>2026-05-29T12:42:13Z</time>
      </trkpt>
      <trkpt lat="30.61897" lon="104.2002">
        <time>2026-05-29T12:42:14Z</time>
      </trkpt>
      <trkpt lat="30.618982" lon="104.200165">
        <time>2026-05-29T12:42:15Z</time>
      </trkpt>
      <trkpt lat="30.618984" lon="104.20012">
        <time>2026-05-29T12:42:16Z</time>
      </trkpt>
      <trkpt lat="30.618988" lon="104.20008">
        <time>2026-05-29T12:42:17Z</time>
      </trkpt>
      <trkpt lat="30.618996" lon="104.20004">
        <time>2026-05-29T12:42:18Z</time>
      </trkpt>
      <trkpt lat="30.619007" lon="104.200005">
        <time>2026-05-29T12:42:19Z</time>
      </trkpt>
      <trkpt lat="30.619015" lon="104.19996">
        <time>2026-05-29T12:42:20Z</time>
      </trkpt>
      <trkpt lat="30.619026" lon="104.19991">
        <time>2026-05-29T12:42:21Z</time>
      </trkpt>
      <trkpt lat="30.619041" lon="104.19987">
        <time>2026-05-29T12:42:22Z</time>
      </trkpt>
      <trkpt lat="30.61905" lon="104.19982">
        <time>2026-05-29T12:42:23Z</time>
      </trkpt>
      <trkpt lat="30.619047" lon="104.19977">
        <time>2026-05-29T12:42:24Z</time>
      </trkpt>
      <trkpt lat="30.619047" lon="104.19972">
        <time>2026-05-29T12:42:25Z</time>
      </trkpt>
      <trkpt lat="30.619045" lon="104.199684">
        <time>2026-05-29T12:42:26Z</time>
      </trkpt>
      <trkpt lat="30.61905" lon="104.19964">
        <time>2026-05-29T12:42:27Z</time>
      </trkpt>
      <trkpt lat="30.619057" lon="104.19961">
        <time>2026-05-29T12:42:28Z</time>
      </trkpt>
      <trkpt lat="30.619066" lon="104.19956">
        <time>2026-05-29T12:42:29Z</time>
      </trkpt>
      <trkpt lat="30.619076" lon="104.19952">
        <time>2026-05-29T12:42:30Z</time>
      </trkpt>
      <trkpt lat="30.619081" lon="104.19948">
        <time>2026-05-29T12:42:31Z</time>
      </trkpt>
      <trkpt lat="30.61909" lon="104.19944">
        <time>2026-05-29T12:42:32Z</time>
      </trkpt>
      <trkpt lat="30.619102" lon="104.1994">
        <time>2026-05-29T12:42:33Z</time>
      </trkpt>
      <trkpt lat="30.619112" lon="104.199356">
        <time>2026-05-29T12:42:34Z</time>
      </trkpt>
      <trkpt lat="30.619123" lon="104.19932">
        <time>2026-05-29T12:42:35Z</time>
      </trkpt>
      <trkpt lat="30.619135" lon="104.19927">
        <time>2026-05-29T12:42:36Z</time>
      </trkpt>
      <trkpt lat="30.619148" lon="104.19923">
        <time>2026-05-29T12:42:37Z</time>
      </trkpt>
      <trkpt lat="30.619164" lon="104.19917">
        <time>2026-05-29T12:42:38Z</time>
      </trkpt>
      <trkpt lat="30.619175" lon="104.199104">
        <time>2026-05-29T12:42:39Z</time>
      </trkpt>
      <trkpt lat="30.619183" lon="104.19904">
        <time>2026-05-29T12:42:40Z</time>
      </trkpt>
      <trkpt lat="30.619196" lon="104.19898">
        <time>2026-05-29T12:42:41Z</time>
      </trkpt>
      <trkpt lat="30.619205" lon="104.19892">
        <time>2026-05-29T12:42:42Z</time>
      </trkpt>
      <trkpt lat="30.619213" lon="104.198875">
        <time>2026-05-29T12:42:43Z</time>
      </trkpt>
      <trkpt lat="30.61923" lon="104.198814">
        <time>2026-05-29T12:42:44Z</time>
      </trkpt>
      <trkpt lat="30.619251" lon="104.198746">
        <time>2026-05-29T12:42:45Z</time>
      </trkpt>
      <trkpt lat="30.619267" lon="104.19869">
        <time>2026-05-29T12:42:46Z</time>
      </trkpt>
      <trkpt lat="30.61928" lon="104.19864">
        <time>2026-05-29T12:42:47Z</time>
      </trkpt>
      <trkpt lat="30.619287" lon="104.1986">
        <time>2026-05-29T12:42:48Z</time>
      </trkpt>
      <trkpt lat="30.619291" lon="104.198555">
        <time>2026-05-29T12:42:49Z</time>
      </trkpt>
      <trkpt lat="30.619305" lon="104.19849">
        <time>2026-05-29T12:42:50Z</time>
      </trkpt>
      <trkpt lat="30.61932" lon="104.19845">
        <time>2026-05-29T12:42:51Z</time>
      </trkpt>
      <trkpt lat="30.619337" lon="104.1984">
        <time>2026-05-29T12:42:52Z</time>
      </trkpt>
      <trkpt lat="30.619352" lon="104.19836">
        <time>2026-05-29T12:42:53Z</time>
      </trkpt>
      <trkpt lat="30.619368" lon="104.19831">
        <time>2026-05-29T12:42:54Z</time>
      </trkpt>
      <trkpt lat="30.61939" lon="104.198265">
        <time>2026-05-29T12:42:55Z</time>
      </trkpt>
      <trkpt lat="30.619408" lon="104.19822">
        <time>2026-05-29T12:42:56Z</time>
      </trkpt>
      <trkpt lat="30.619427" lon="104.19817">
        <time>2026-05-29T12:42:57Z</time>
      </trkpt>
      <trkpt lat="30.619444" lon="104.198135">
        <time>2026-05-29T12:42:58Z</time>
      </trkpt>
      <trkpt lat="30.619463" lon="104.19808">
        <time>2026-05-29T12:42:59Z</time>
      </trkpt>
      <trkpt lat="30.619486" lon="104.19804">
        <time>2026-05-29T12:43:00Z</time>
      </trkpt>
      <trkpt lat="30.6195" lon="104.19797">
        <time>2026-05-29T12:43:01Z</time>
      </trkpt>
      <trkpt lat="30.619513" lon="104.19791">
        <time>2026-05-29T12:43:02Z</time>
      </trkpt>
      <trkpt lat="30.619526" lon="104.197845">
        <time>2026-05-29T12:43:03Z</time>
      </trkpt>
      <trkpt lat="30.61954" lon="104.19779">
        <time>2026-05-29T12:43:04Z</time>
      </trkpt>
      <trkpt lat="30.619556" lon="104.197716">
        <time>2026-05-29T12:43:05Z</time>
      </trkpt>
      <trkpt lat="30.61957" lon="104.19765">
        <time>2026-05-29T12:43:06Z</time>
      </trkpt>
      <trkpt lat="30.619585" lon="104.19756">
        <time>2026-05-29T12:43:07Z</time>
      </trkpt>
      <trkpt lat="30.619602" lon="104.1975">
        <time>2026-05-29T12:43:08Z</time>
      </trkpt>
      <trkpt lat="30.619625" lon="104.19743">
        <time>2026-05-29T12:43:09Z</time>
      </trkpt>
      <trkpt lat="30.619642" lon="104.19738">
        <time>2026-05-29T12:43:10Z</time>
      </trkpt>
      <trkpt lat="30.619665" lon="104.19732">
        <time>2026-05-29T12:43:11Z</time>
      </trkpt>
      <trkpt lat="30.619684" lon="104.19727">
        <time>2026-05-29T12:43:12Z</time>
      </trkpt>
      <trkpt lat="30.619694" lon="104.19722">
        <time>2026-05-29T12:43:13Z</time>
      </trkpt>
      <trkpt lat="30.619707" lon="104.19717">
        <time>2026-05-29T12:43:14Z</time>
      </trkpt>
      <trkpt lat="30.619715" lon="104.19712">
        <time>2026-05-29T12:43:15Z</time>
      </trkpt>
      <trkpt lat="30.619724" lon="104.19708">
        <time>2026-05-29T12:43:16Z</time>
      </trkpt>
      <trkpt lat="30.619736" lon="104.19704">
        <time>2026-05-29T12:43:17Z</time>
      </trkpt>
      <trkpt lat="30.619751" lon="104.19698">
        <time>2026-05-29T12:43:18Z</time>
      </trkpt>
      <trkpt lat="30.61977" lon="104.19693">
        <time>2026-05-29T12:43:19Z</time>
      </trkpt>
      <trkpt lat="30.619785" lon="104.19686">
        <time>2026-05-29T12:43:20Z</time>
      </trkpt>
      <trkpt lat="30.619797" lon="104.19681">
        <time>2026-05-29T12:43:21Z</time>
      </trkpt>
      <trkpt lat="30.619808" lon="104.196754">
        <time>2026-05-29T12:43:22Z</time>
      </trkpt>
      <trkpt lat="30.619816" lon="104.1967">
        <time>2026-05-29T12:43:23Z</time>
      </trkpt>
      <trkpt lat="30.619822" lon="104.196655">
        <time>2026-05-29T12:43:24Z</time>
      </trkpt>
      <trkpt lat="30.61983" lon="104.19661">
        <time>2026-05-29T12:43:25Z</time>
      </trkpt>
      <trkpt lat="30.61983" lon="104.19656">
        <time>2026-05-29T12:43:26Z</time>
      </trkpt>
      <trkpt lat="30.61983" lon="104.196526">
        <time>2026-05-29T12:43:27Z</time>
      </trkpt>
      <trkpt lat="30.61983" lon="104.19649">
        <time>2026-05-29T12:43:28Z</time>
      </trkpt>
      <trkpt lat="30.61983" lon="104.19646">
        <time>2026-05-29T12:43:29Z</time>
      </trkpt>
      <trkpt lat="30.61983" lon="104.19643">
        <time>2026-05-29T12:43:30Z</time>
      </trkpt>
      <trkpt lat="30.619835" lon="104.19638">
        <time>2026-05-29T12:43:31Z</time>
      </trkpt>
      <trkpt lat="30.619843" lon="104.196335">
        <time>2026-05-29T12:43:32Z</time>
      </trkpt>
      <trkpt lat="30.619848" lon="104.19628">
        <time>2026-05-29T12:43:33Z</time>
      </trkpt>
      <trkpt lat="30.61985" lon="104.19623">
        <time>2026-05-29T12:43:34Z</time>
      </trkpt>
      <trkpt lat="30.619843" lon="104.19615">
        <time>2026-05-29T12:43:36Z</time>
      </trkpt>
      <trkpt lat="30.619839" lon="104.19613">
        <time>2026-05-29T12:43:37Z</time>
      </trkpt>
      <trkpt lat="30.619844" lon="104.196075">
        <time>2026-05-29T12:43:38Z</time>
      </trkpt>
      <trkpt lat="30.619852" lon="104.19603">
        <time>2026-05-29T12:43:39Z</time>
      </trkpt>
      <trkpt lat="30.619865" lon="104.19598">
        <time>2026-05-29T12:43:40Z</time>
      </trkpt>
      <trkpt lat="30.619917" lon="104.19579">
        <time>2026-05-29T12:43:41Z</time>
      </trkpt>
      <trkpt lat="30.62082" lon="104.19299">
        <time>2026-05-29T12:44:28Z</time>
      </trkpt>
      <trkpt lat="30.620846" lon="104.192924">
        <time>2026-05-29T12:44:29Z</time>
      </trkpt>
      <trkpt lat="30.620848" lon="104.192825">
        <time>2026-05-29T12:44:30Z</time>
      </trkpt>
      <trkpt lat="30.62087" lon="104.192764">
        <time>2026-05-29T12:44:31Z</time>
      </trkpt>
      <trkpt lat="30.620884" lon="104.19269">
        <time>2026-05-29T12:44:32Z</time>
      </trkpt>
      <trkpt lat="30.620895" lon="104.19261">
        <time>2026-05-29T12:44:33Z</time>
      </trkpt>
      <trkpt lat="30.620909" lon="104.19254">
        <time>2026-05-29T12:44:34Z</time>
      </trkpt>
      <trkpt lat="30.620922" lon="104.192474">
        <time>2026-05-29T12:44:35Z</time>
      </trkpt>
      <trkpt lat="30.620935" lon="104.192406">
        <time>2026-05-29T12:44:36Z</time>
      </trkpt>
      <trkpt lat="30.62095" lon="104.19234">
        <time>2026-05-29T12:44:37Z</time>
      </trkpt>
      <trkpt lat="30.620962" lon="104.19227">
        <time>2026-05-29T12:44:38Z</time>
      </trkpt>
      <trkpt lat="30.620974" lon="104.1922">
        <time>2026-05-29T12:44:39Z</time>
      </trkpt>
      <trkpt lat="30.620985" lon="104.19212">
        <time>2026-05-29T12:44:40Z</time>
      </trkpt>
      <trkpt lat="30.621004" lon="104.192055">
        <time>2026-05-29T12:44:41Z</time>
      </trkpt>
      <trkpt lat="30.621023" lon="104.19199">
        <time>2026-05-29T12:44:42Z</time>
      </trkpt>
      <trkpt lat="30.621044" lon="104.19192">
        <time>2026-05-29T12:44:43Z</time>
      </trkpt>
      <trkpt lat="30.62106" lon="104.19185">
        <time>2026-05-29T12:44:44Z</time>
      </trkpt>
      <trkpt lat="30.621077" lon="104.19178">
        <time>2026-05-29T12:44:45Z</time>
      </trkpt>
      <trkpt lat="30.621092" lon="104.1917">
        <time>2026-05-29T12:44:46Z</time>
      </trkpt>
      <trkpt lat="30.621107" lon="104.191635">
        <time>2026-05-29T12:44:47Z</time>
      </trkpt>
      <trkpt lat="30.621119" lon="104.19156">
        <time>2026-05-29T12:44:48Z</time>
      </trkpt>
      <trkpt lat="30.621134" lon="104.19149">
        <time>2026-05-29T12:44:49Z</time>
      </trkpt>
      <trkpt lat="30.62115" lon="104.191414">
        <time>2026-05-29T12:44:50Z</time>
      </trkpt>
      <trkpt lat="30.621162" lon="104.191345">
        <time>2026-05-29T12:44:51Z</time>
      </trkpt>
      <trkpt lat="30.621178" lon="104.19127">
        <time>2026-05-29T12:44:52Z</time>
      </trkpt>
      <trkpt lat="30.621195" lon="104.19119">
        <time>2026-05-29T12:44:53Z</time>
      </trkpt>
      <trkpt lat="30.621208" lon="104.191124">
        <time>2026-05-29T12:44:54Z</time>
      </trkpt>
      <trkpt lat="30.621225" lon="104.191055">
        <time>2026-05-29T12:44:55Z</time>
      </trkpt>
      <trkpt lat="30.621243" lon="104.19098">
        <time>2026-05-29T12:44:56Z</time>
      </trkpt>
      <trkpt lat="30.621258" lon="104.19091">
        <time>2026-05-29T12:44:57Z</time>
      </trkpt>
      <trkpt lat="30.621277" lon="104.190834">
        <time>2026-05-29T12:44:58Z</time>
      </trkpt>
      <trkpt lat="30.621296" lon="104.19076">
        <time>2026-05-29T12:44:59Z</time>
      </trkpt>
      <trkpt lat="30.621311" lon="104.19069">
        <time>2026-05-29T12:45:00Z</time>
      </trkpt>
      <trkpt lat="30.621332" lon="104.19061">
        <time>2026-05-29T12:45:01Z</time>
      </trkpt>
      <trkpt lat="30.621347" lon="104.19054">
        <time>2026-05-29T12:45:02Z</time>
      </trkpt>
      <trkpt lat="30.62136" lon="104.19046">
        <time>2026-05-29T12:45:03Z</time>
      </trkpt>
      <trkpt lat="30.621376" lon="104.190384">
        <time>2026-05-29T12:45:04Z</time>
      </trkpt>
      <trkpt lat="30.621393" lon="104.19031">
        <time>2026-05-29T12:45:05Z</time>
      </trkpt>
      <trkpt lat="30.621408" lon="104.19023">
        <time>2026-05-29T12:45:06Z</time>
      </trkpt>
      <trkpt lat="30.621424" lon="104.190155">
        <time>2026-05-29T12:45:07Z</time>
      </trkpt>
      <trkpt lat="30.62144" lon="104.19008">
        <time>2026-05-29T12:45:08Z</time>
      </trkpt>
      <trkpt lat="30.621454" lon="104.189995">
        <time>2026-05-29T12:45:09Z</time>
      </trkpt>
      <trkpt lat="30.62147" lon="104.18992">
        <time>2026-05-29T12:45:10Z</time>
      </trkpt>
      <trkpt lat="30.621483" lon="104.18985">
        <time>2026-05-29T12:45:11Z</time>
      </trkpt>
      <trkpt lat="30.621498" lon="104.18977">
        <time>2026-05-29T12:45:12Z</time>
      </trkpt>
      <trkpt lat="30.621515" lon="104.18969">
        <time>2026-05-29T12:45:13Z</time>
      </trkpt>
      <trkpt lat="30.62153" lon="104.18961">
        <time>2026-05-29T12:45:14Z</time>
      </trkpt>
      <trkpt lat="30.621548" lon="104.18954">
        <time>2026-05-29T12:45:15Z</time>
      </trkpt>
      <trkpt lat="30.621565" lon="104.18946">
        <time>2026-05-29T12:45:16Z</time>
      </trkpt>
      <trkpt lat="30.621584" lon="104.18938">
        <time>2026-05-29T12:45:17Z</time>
      </trkpt>
      <trkpt lat="30.621601" lon="104.1893">
        <time>2026-05-29T12:45:18Z</time>
      </trkpt>
      <trkpt lat="30.621618" lon="104.189224">
        <time>2026-05-29T12:45:19Z</time>
      </trkpt>
      <trkpt lat="30.621635" lon="104.18915">
        <time>2026-05-29T12:45:20Z</time>
      </trkpt>
      <trkpt lat="30.62165" lon="104.189064">
        <time>2026-05-29T12:45:21Z</time>
      </trkpt>
      <trkpt lat="30.621666" lon="104.18898">
        <time>2026-05-29T12:45:22Z</time>
      </trkpt>
      <trkpt lat="30.621677" lon="104.1889">
        <time>2026-05-29T12:45:23Z</time>
      </trkpt>
      <trkpt lat="30.621693" lon="104.18882">
        <time>2026-05-29T12:45:24Z</time>
      </trkpt>
      <trkpt lat="30.621708" lon="104.18874">
        <time>2026-05-29T12:45:25Z</time>
      </trkpt>
      <trkpt lat="30.621725" lon="104.18866">
        <time>2026-05-29T12:45:26Z</time>
      </trkpt>
      <trkpt lat="30.62174" lon="104.18858">
        <time>2026-05-29T12:45:27Z</time>
      </trkpt>
      <trkpt lat="30.621758" lon="104.18851">
        <time>2026-05-29T12:45:28Z</time>
      </trkpt>
      <trkpt lat="30.62177" lon="104.18843">
        <time>2026-05-29T12:45:29Z</time>
      </trkpt>
      <trkpt lat="30.621784" lon="104.188354">
        <time>2026-05-29T12:45:30Z</time>
      </trkpt>
      <trkpt lat="30.6218" lon="104.18828">
        <time>2026-05-29T12:45:31Z</time>
      </trkpt>
      <trkpt lat="30.621815" lon="104.18821">
        <time>2026-05-29T12:45:32Z</time>
      </trkpt>
      <trkpt lat="30.62183" lon="104.18814">
        <time>2026-05-29T12:45:33Z</time>
      </trkpt>
      <trkpt lat="30.621841" lon="104.188065">
        <time>2026-05-29T12:45:34Z</time>
      </trkpt>
      <trkpt lat="30.621855" lon="104.188">
        <time>2026-05-29T12:45:35Z</time>
      </trkpt>
      <trkpt lat="30.62187" lon="104.187935">
        <time>2026-05-29T12:45:36Z</time>
      </trkpt>
      <trkpt lat="30.621885" lon="104.18787">
        <time>2026-05-29T12:45:37Z</time>
      </trkpt>
      <trkpt lat="30.621899" lon="104.1878">
        <time>2026-05-29T12:45:38Z</time>
      </trkpt>
      <trkpt lat="30.62191" lon="104.18774">
        <time>2026-05-29T12:45:39Z</time>
      </trkpt>
      <trkpt lat="30.621922" lon="104.18767">
        <time>2026-05-29T12:45:40Z</time>
      </trkpt>
      <trkpt lat="30.621937" lon="104.18761">
        <time>2026-05-29T12:45:41Z</time>
      </trkpt>
      <trkpt lat="30.62195" lon="104.18754">
        <time>2026-05-29T12:45:42Z</time>
      </trkpt>
      <trkpt lat="30.621964" lon="104.18748">
        <time>2026-05-29T12:45:43Z</time>
      </trkpt>
      <trkpt lat="30.621975" lon="104.187416">
        <time>2026-05-29T12:45:44Z</time>
      </trkpt>
      <trkpt lat="30.621988" lon="104.18736">
        <time>2026-05-29T12:45:45Z</time>
      </trkpt>
      <trkpt lat="30.622002" lon="104.1873">
        <time>2026-05-29T12:45:46Z</time>
      </trkpt>
      <trkpt lat="30.622013" lon="104.18725">
        <time>2026-05-29T12:45:47Z</time>
      </trkpt>
      <trkpt lat="30.622023" lon="104.187195">
        <time>2026-05-29T12:45:48Z</time>
      </trkpt>
      <trkpt lat="30.622034" lon="104.18713">
        <time>2026-05-29T12:45:49Z</time>
      </trkpt>
      <trkpt lat="30.622044" lon="104.18708">
        <time>2026-05-29T12:45:50Z</time>
      </trkpt>
      <trkpt lat="30.622055" lon="104.18702">
        <time>2026-05-29T12:45:51Z</time>
      </trkpt>
      <trkpt lat="30.622065" lon="104.186966">
        <time>2026-05-29T12:45:52Z</time>
      </trkpt>
      <trkpt lat="30.622072" lon="104.186905">
        <time>2026-05-29T12:45:53Z</time>
      </trkpt>
      <trkpt lat="30.622076" lon="104.186844">
        <time>2026-05-29T12:45:54Z</time>
      </trkpt>
      <trkpt lat="30.622084" lon="104.18678">
        <time>2026-05-29T12:45:55Z</time>
      </trkpt>
      <trkpt lat="30.622091" lon="104.18672">
        <time>2026-05-29T12:45:56Z</time>
      </trkpt>
      <trkpt lat="30.6221" lon="104.18667">
        <time>2026-05-29T12:45:57Z</time>
      </trkpt>
      <trkpt lat="30.622112" lon="104.1866">
        <time>2026-05-29T12:45:58Z</time>
      </trkpt>
      <trkpt lat="30.622122" lon="104.18654">
        <time>2026-05-29T12:45:59Z</time>
      </trkpt>
      <trkpt lat="30.622131" lon="104.18648">
        <time>2026-05-29T12:46:00Z</time>
      </trkpt>
      <trkpt lat="30.622145" lon="104.18642">
        <time>2026-05-29T12:46:01Z</time>
      </trkpt>
      <trkpt lat="30.622156" lon="104.18635">
        <time>2026-05-29T12:46:02Z</time>
      </trkpt>
      <trkpt lat="30.622168" lon="104.18629">
        <time>2026-05-29T12:46:03Z</time>
      </trkpt>
      <trkpt lat="30.62218" lon="104.186226">
        <time>2026-05-29T12:46:04Z</time>
      </trkpt>
      <trkpt lat="30.622192" lon="104.18616">
        <time>2026-05-29T12:46:05Z</time>
      </trkpt>
      <trkpt lat="30.622204" lon="104.18609">
        <time>2026-05-29T12:46:06Z</time>
      </trkpt>
      <trkpt lat="30.622217" lon="104.18602">
        <time>2026-05-29T12:46:07Z</time>
      </trkpt>
      <trkpt lat="30.622232" lon="104.18595">
        <time>2026-05-29T12:46:08Z</time>
      </trkpt>
      <trkpt lat="30.622248" lon="104.18589">
        <time>2026-05-29T12:46:09Z</time>
      </trkpt>
      <trkpt lat="30.62226" lon="104.18582">
        <time>2026-05-29T12:46:10Z</time>
      </trkpt>
      <trkpt lat="30.622272" lon="104.18575">
        <time>2026-05-29T12:46:11Z</time>
      </trkpt>
      <trkpt lat="30.622284" lon="104.18569">
        <time>2026-05-29T12:46:12Z</time>
      </trkpt>
      <trkpt lat="30.622297" lon="104.18563">
        <time>2026-05-29T12:46:13Z</time>
      </trkpt>
      <trkpt lat="30.62231" lon="104.18556">
        <time>2026-05-29T12:46:14Z</time>
      </trkpt>
      <trkpt lat="30.622322" lon="104.1855">
        <time>2026-05-29T12:46:15Z</time>
      </trkpt>
      <trkpt lat="30.622335" lon="104.18543">
        <time>2026-05-29T12:46:16Z</time>
      </trkpt>
      <trkpt lat="30.62235" lon="104.18536">
        <time>2026-05-29T12:46:17Z</time>
      </trkpt>
      <trkpt lat="30.622364" lon="104.185295">
        <time>2026-05-29T12:46:18Z</time>
      </trkpt>
      <trkpt lat="30.622377" lon="104.18523">
        <time>2026-05-29T12:46:19Z</time>
      </trkpt>
      <trkpt lat="30.62239" lon="104.18516">
        <time>2026-05-29T12:46:20Z</time>
      </trkpt>
      <trkpt lat="30.622406" lon="104.18509">
        <time>2026-05-29T12:46:21Z</time>
      </trkpt>
      <trkpt lat="30.622417" lon="104.18502">
        <time>2026-05-29T12:46:22Z</time>
      </trkpt>
      <trkpt lat="30.62243" lon="104.18496">
        <time>2026-05-29T12:46:23Z</time>
      </trkpt>
      <trkpt lat="30.622442" lon="104.1849">
        <time>2026-05-29T12:46:24Z</time>
      </trkpt>
      <trkpt lat="30.622454" lon="104.18483">
        <time>2026-05-29T12:46:25Z</time>
      </trkpt>
      <trkpt lat="30.622463" lon="104.18477">
        <time>2026-05-29T12:46:26Z</time>
      </trkpt>
      <trkpt lat="30.622475" lon="104.18471">
        <time>2026-05-29T12:46:27Z</time>
      </trkpt>
      <trkpt lat="30.622486" lon="104.184654">
        <time>2026-05-29T12:46:28Z</time>
      </trkpt>
      <trkpt lat="30.6225" lon="104.18459">
        <time>2026-05-29T12:46:29Z</time>
      </trkpt>
      <trkpt lat="30.622515" lon="104.184525">
        <time>2026-05-29T12:46:30Z</time>
      </trkpt>
      <trkpt lat="30.622526" lon="104.18446">
        <time>2026-05-29T12:46:31Z</time>
      </trkpt>
      <trkpt lat="30.622538" lon="104.18441">
        <time>2026-05-29T12:46:32Z</time>
      </trkpt>
      <trkpt lat="30.62255" lon="104.18435">
        <time>2026-05-29T12:46:33Z</time>
      </trkpt>
      <trkpt lat="30.622562" lon="104.18429">
        <time>2026-05-29T12:46:34Z</time>
      </trkpt>
      <trkpt lat="30.622576" lon="104.18423">
        <time>2026-05-29T12:46:35Z</time>
      </trkpt>
      <trkpt lat="30.622587" lon="104.18417">
        <time>2026-05-29T12:46:36Z</time>
      </trkpt>
      <trkpt lat="30.622599" lon="104.18411">
        <time>2026-05-29T12:46:37Z</time>
      </trkpt>
      <trkpt lat="30.622612" lon="104.18406">
        <time>2026-05-29T12:46:38Z</time>
      </trkpt>
      <trkpt lat="30.622625" lon="104.184">
        <time>2026-05-29T12:46:39Z</time>
      </trkpt>
      <trkpt lat="30.622635" lon="104.183945">
        <time>2026-05-29T12:46:40Z</time>
      </trkpt>
      <trkpt lat="30.622646" lon="104.18389">
        <time>2026-05-29T12:46:41Z</time>
      </trkpt>
      <trkpt lat="30.622658" lon="104.18384">
        <time>2026-05-29T12:46:42Z</time>
      </trkpt>
      <trkpt lat="30.622671" lon="104.18379">
        <time>2026-05-29T12:46:43Z</time>
      </trkpt>
      <trkpt lat="30.622683" lon="104.18374">
        <time>2026-05-29T12:46:44Z</time>
      </trkpt>
      <trkpt lat="30.622694" lon="104.183685">
        <time>2026-05-29T12:46:45Z</time>
      </trkpt>
      <trkpt lat="30.622705" lon="104.18363">
        <time>2026-05-29T12:46:46Z</time>
      </trkpt>
      <trkpt lat="30.622719" lon="104.183586">
        <time>2026-05-29T12:46:47Z</time>
      </trkpt>
      <trkpt lat="30.622732" lon="104.18353">
        <time>2026-05-29T12:46:48Z</time>
      </trkpt>
      <trkpt lat="30.622747" lon="104.18348">
        <time>2026-05-29T12:46:49Z</time>
      </trkpt>
      <trkpt lat="30.62276" lon="104.183426">
        <time>2026-05-29T12:46:50Z</time>
      </trkpt>
      <trkpt lat="30.622774" lon="104.18337">
        <time>2026-05-29T12:46:51Z</time>
      </trkpt>
      <trkpt lat="30.622787" lon="104.18332">
        <time>2026-05-29T12:46:52Z</time>
      </trkpt>
      <trkpt lat="30.622799" lon="104.183266">
        <time>2026-05-29T12:46:53Z</time>
      </trkpt>
      <trkpt lat="30.622812" lon="104.18321">
        <time>2026-05-29T12:46:54Z</time>
      </trkpt>
      <trkpt lat="30.622826" lon="104.18316">
        <time>2026-05-29T12:46:55Z</time>
      </trkpt>
      <trkpt lat="30.62284" lon="104.183105">
        <time>2026-05-29T12:46:56Z</time>
      </trkpt>
      <trkpt lat="30.622854" lon="104.18306">
        <time>2026-05-29T12:46:57Z</time>
      </trkpt>
      <trkpt lat="30.622868" lon="104.18301">
        <time>2026-05-29T12:46:58Z</time>
      </trkpt>
      <trkpt lat="30.62288" lon="104.18295">
        <time>2026-05-29T12:46:59Z</time>
      </trkpt>
      <trkpt lat="30.622894" lon="104.1829">
        <time>2026-05-29T12:47:00Z</time>
      </trkpt>
      <trkpt lat="30.622908" lon="104.182846">
        <time>2026-05-29T12:47:01Z</time>
      </trkpt>
      <trkpt lat="30.622921" lon="104.18279">
        <time>2026-05-29T12:47:02Z</time>
      </trkpt>
      <trkpt lat="30.622936" lon="104.18274">
        <time>2026-05-29T12:47:03Z</time>
      </trkpt>
      <trkpt lat="30.62295" lon="104.18269">
        <time>2026-05-29T12:47:04Z</time>
      </trkpt>
      <trkpt lat="30.622963" lon="104.18264">
        <time>2026-05-29T12:47:05Z</time>
      </trkpt>
      <trkpt lat="30.622976" lon="104.18258">
        <time>2026-05-29T12:47:06Z</time>
      </trkpt>
      <trkpt lat="30.622993" lon="104.182526">
        <time>2026-05-29T12:47:07Z</time>
      </trkpt>
      <trkpt lat="30.623009" lon="104.18247">
        <time>2026-05-29T12:47:08Z</time>
      </trkpt>
      <trkpt lat="30.623026" lon="104.18242">
        <time>2026-05-29T12:47:09Z</time>
      </trkpt>
      <trkpt lat="30.62304" lon="104.182365">
        <time>2026-05-29T12:47:10Z</time>
      </trkpt>
      <trkpt lat="30.623056" lon="104.182304">
        <time>2026-05-29T12:47:11Z</time>
      </trkpt>
      <trkpt lat="30.623075" lon="104.18225">
        <time>2026-05-29T12:47:12Z</time>
      </trkpt>
      <trkpt lat="30.623095" lon="104.18219">
        <time>2026-05-29T12:47:13Z</time>
      </trkpt>
      <trkpt lat="30.623114" lon="104.18213">
        <time>2026-05-29T12:47:14Z</time>
      </trkpt>
      <trkpt lat="30.62313" lon="104.18207">
        <time>2026-05-29T12:47:15Z</time>
      </trkpt>
      <trkpt lat="30.62315" lon="104.18201">
        <time>2026-05-29T12:47:16Z</time>
      </trkpt>
      <trkpt lat="30.623169" lon="104.181946">
        <time>2026-05-29T12:47:17Z</time>
      </trkpt>
      <trkpt lat="30.623188" lon="104.181885">
        <time>2026-05-29T12:47:18Z</time>
      </trkpt>
      <trkpt lat="30.623207" lon="104.18182">
        <time>2026-05-29T12:47:19Z</time>
      </trkpt>
      <trkpt lat="30.623226" lon="104.181755">
        <time>2026-05-29T12:47:20Z</time>
      </trkpt>
      <trkpt lat="30.623247" lon="104.181694">
        <time>2026-05-29T12:47:21Z</time>
      </trkpt>
      <trkpt lat="30.62327" lon="104.181625">
        <time>2026-05-29T12:47:22Z</time>
      </trkpt>
      <trkpt lat="30.623293" lon="104.181564">
        <time>2026-05-29T12:47:23Z</time>
      </trkpt>
      <trkpt lat="30.623316" lon="104.181496">
        <time>2026-05-29T12:47:24Z</time>
      </trkpt>
      <trkpt lat="30.62334" lon="104.18143">
        <time>2026-05-29T12:47:25Z</time>
      </trkpt>
      <trkpt lat="30.623363" lon="104.18136">
        <time>2026-05-29T12:47:26Z</time>
      </trkpt>
      <trkpt lat="30.623388" lon="104.18129">
        <time>2026-05-29T12:47:27Z</time>
      </trkpt>
      <trkpt lat="30.623413" lon="104.18122">
        <time>2026-05-29T12:47:28Z</time>
      </trkpt>
      <trkpt lat="30.623438" lon="104.181145">
        <time>2026-05-29T12:47:29Z</time>
      </trkpt>
      <trkpt lat="30.623463" lon="104.181076">
        <time>2026-05-29T12:47:30Z</time>
      </trkpt>
      <trkpt lat="30.623487" lon="104.181">
        <time>2026-05-29T12:47:31Z</time>
      </trkpt>
      <trkpt lat="30.623512" lon="104.18092">
        <time>2026-05-29T12:47:32Z</time>
      </trkpt>
      <trkpt lat="30.623539" lon="104.18085">
        <time>2026-05-29T12:47:33Z</time>
      </trkpt>
      <trkpt lat="30.623566" lon="104.18077">
        <time>2026-05-29T12:47:34Z</time>
      </trkpt>
      <trkpt lat="30.623592" lon="104.180695">
        <time>2026-05-29T12:47:35Z</time>
      </trkpt>
      <trkpt lat="30.62362" lon="104.18062">
        <time>2026-05-29T12:47:36Z</time>
      </trkpt>
      <trkpt lat="30.623646" lon="104.180534">
        <time>2026-05-29T12:47:37Z</time>
      </trkpt>
      <trkpt lat="30.623676" lon="104.18046">
        <time>2026-05-29T12:47:38Z</time>
      </trkpt>
      <trkpt lat="30.623703" lon="104.180374">
        <time>2026-05-29T12:47:39Z</time>
      </trkpt>
      <trkpt lat="30.623734" lon="104.18029">
        <time>2026-05-29T12:47:40Z</time>
      </trkpt>
      <trkpt lat="30.623795" lon="104.18013">
        <time>2026-05-29T12:47:42Z</time>
      </trkpt>
      <trkpt lat="30.623823" lon="104.18005">
        <time>2026-05-29T12:47:43Z</time>
      </trkpt>
      <trkpt lat="30.623854" lon="104.17997">
        <time>2026-05-29T12:47:44Z</time>
      </trkpt>
      <trkpt lat="30.623882" lon="104.179886">
        <time>2026-05-29T12:47:45Z</time>
      </trkpt>
      <trkpt lat="30.62391" lon="104.1798">
        <time>2026-05-29T12:47:46Z</time>
      </trkpt>
      <trkpt lat="30.62394" lon="104.17972">
        <time>2026-05-29T12:47:47Z</time>
      </trkpt>
      <trkpt lat="30.62397" lon="104.179634">
        <time>2026-05-29T12:47:48Z</time>
      </trkpt>
      <trkpt lat="30.624002" lon="104.17955">
        <time>2026-05-29T12:47:49Z</time>
      </trkpt>
      <trkpt lat="30.624031" lon="104.179474">
        <time>2026-05-29T12:47:50Z</time>
      </trkpt>
      <trkpt lat="30.624063" lon="104.17939">
        <time>2026-05-29T12:47:51Z</time>
      </trkpt>
      <trkpt lat="30.624094" lon="104.179306">
        <time>2026-05-29T12:47:52Z</time>
      </trkpt>
      <trkpt lat="30.624123" lon="104.17922">
        <time>2026-05-29T12:47:53Z</time>
      </trkpt>
      <trkpt lat="30.624153" lon="104.17914">
        <time>2026-05-29T12:47:54Z</time>
      </trkpt>
      <trkpt lat="30.624184" lon="104.179054">
        <time>2026-05-29T12:47:55Z</time>
      </trkpt>
      <trkpt lat="30.624214" lon="104.17897">
        <time>2026-05-29T12:47:56Z</time>
      </trkpt>
      <trkpt lat="30.624247" lon="104.17889">
        <time>2026-05-29T12:47:57Z</time>
      </trkpt>
      <trkpt lat="30.624279" lon="104.178795">
        <time>2026-05-29T12:47:58Z</time>
      </trkpt>
      <trkpt lat="30.624308" lon="104.17872">
        <time>2026-05-29T12:47:59Z</time>
      </trkpt>
      <trkpt lat="30.62434" lon="104.178635">
        <time>2026-05-29T12:48:00Z</time>
      </trkpt>
      <trkpt lat="30.62437" lon="104.17855">
        <time>2026-05-29T12:48:01Z</time>
      </trkpt>
      <trkpt lat="30.6244" lon="104.17847">
        <time>2026-05-29T12:48:02Z</time>
      </trkpt>
      <trkpt lat="30.624428" lon="104.17838">
        <time>2026-05-29T12:48:03Z</time>
      </trkpt>
      <trkpt lat="30.624456" lon="104.17831">
        <time>2026-05-29T12:48:04Z</time>
      </trkpt>
      <trkpt lat="30.624483" lon="104.17823">
        <time>2026-05-29T12:48:05Z</time>
      </trkpt>
      <trkpt lat="30.624512" lon="104.178154">
        <time>2026-05-29T12:48:06Z</time>
      </trkpt>
      <trkpt lat="30.62454" lon="104.17808">
        <time>2026-05-29T12:48:07Z</time>
      </trkpt>
      <trkpt lat="30.624565" lon="104.17801">
        <time>2026-05-29T12:48:08Z</time>
      </trkpt>
      <trkpt lat="30.624592" lon="104.17793">
        <time>2026-05-29T12:48:09Z</time>
      </trkpt>
      <trkpt lat="30.624617" lon="104.177864">
        <time>2026-05-29T12:48:10Z</time>
      </trkpt>
      <trkpt lat="30.624641" lon="104.177795">
        <time>2026-05-29T12:48:11Z</time>
      </trkpt>
      <trkpt lat="30.624666" lon="104.177734">
        <time>2026-05-29T12:48:12Z</time>
      </trkpt>
      <trkpt lat="30.624691" lon="104.177666">
        <time>2026-05-29T12:48:13Z</time>
      </trkpt>
      <trkpt lat="30.624716" lon="104.177605">
        <time>2026-05-29T12:48:14Z</time>
      </trkpt>
      <trkpt lat="30.624739" lon="104.17754">
        <time>2026-05-29T12:48:15Z</time>
      </trkpt>
      <trkpt lat="30.624762" lon="104.17749">
        <time>2026-05-29T12:48:16Z</time>
      </trkpt>
      <trkpt lat="30.624783" lon="104.17743">
        <time>2026-05-29T12:48:17Z</time>
      </trkpt>
      <trkpt lat="30.624805" lon="104.17737">
        <time>2026-05-29T12:48:18Z</time>
      </trkpt>
      <trkpt lat="30.624823" lon="104.177315">
        <time>2026-05-29T12:48:19Z</time>
      </trkpt>
      <trkpt lat="30.624842" lon="104.17726">
        <time>2026-05-29T12:48:20Z</time>
      </trkpt>
      <trkpt lat="30.62486" lon="104.17721">
        <time>2026-05-29T12:48:21Z</time>
      </trkpt>
      <trkpt lat="30.624878" lon="104.17715">
        <time>2026-05-29T12:48:22Z</time>
      </trkpt>
      <trkpt lat="30.624897" lon="104.17709">
        <time>2026-05-29T12:48:23Z</time>
      </trkpt>
      <trkpt lat="30.624916" lon="104.17704">
        <time>2026-05-29T12:48:24Z</time>
      </trkpt>
      <trkpt lat="30.624937" lon="104.176994">
        <time>2026-05-29T12:48:25Z</time>
      </trkpt>
      <trkpt lat="30.624954" lon="104.17693">
        <time>2026-05-29T12:48:26Z</time>
      </trkpt>
      <trkpt lat="30.624973" lon="104.17688">
        <time>2026-05-29T12:48:27Z</time>
      </trkpt>
      <trkpt lat="30.624994" lon="104.17683">
        <time>2026-05-29T12:48:28Z</time>
      </trkpt>
      <trkpt lat="30.625015" lon="104.17677">
        <time>2026-05-29T12:48:29Z</time>
      </trkpt>
      <trkpt lat="30.625034" lon="104.17672">
        <time>2026-05-29T12:48:30Z</time>
      </trkpt>
      <trkpt lat="30.625053" lon="104.17667">
        <time>2026-05-29T12:48:31Z</time>
      </trkpt>
      <trkpt lat="30.625072" lon="104.17661">
        <time>2026-05-29T12:48:32Z</time>
      </trkpt>
      <trkpt lat="30.62509" lon="104.17656">
        <time>2026-05-29T12:48:33Z</time>
      </trkpt>
      <trkpt lat="30.625113" lon="104.176506">
        <time>2026-05-29T12:48:34Z</time>
      </trkpt>
      <trkpt lat="30.625132" lon="104.17645">
        <time>2026-05-29T12:48:35Z</time>
      </trkpt>
      <trkpt lat="30.625153" lon="104.1764">
        <time>2026-05-29T12:48:36Z</time>
      </trkpt>
      <trkpt lat="30.62517" lon="104.17634">
        <time>2026-05-29T12:48:37Z</time>
      </trkpt>
      <trkpt lat="30.62519" lon="104.176285">
        <time>2026-05-29T12:48:38Z</time>
      </trkpt>
      <trkpt lat="30.625214" lon="104.17624">
        <time>2026-05-29T12:48:39Z</time>
      </trkpt>
      <trkpt lat="30.625237" lon="104.176186">
        <time>2026-05-29T12:48:40Z</time>
      </trkpt>
      <trkpt lat="30.625265" lon="104.17614">
        <time>2026-05-29T12:48:41Z</time>
      </trkpt>
      <trkpt lat="30.625292" lon="104.176094">
        <time>2026-05-29T12:48:42Z</time>
      </trkpt>
      <trkpt lat="30.625317" lon="104.17605">
        <time>2026-05-29T12:48:43Z</time>
      </trkpt>
      <trkpt lat="30.62534" lon="104.175995">
        <time>2026-05-29T12:48:44Z</time>
      </trkpt>
      <trkpt lat="30.62536" lon="104.17595">
        <time>2026-05-29T12:48:45Z</time>
      </trkpt>
      <trkpt lat="30.625378" lon="104.175896">
        <time>2026-05-29T12:48:46Z</time>
      </trkpt>
      <trkpt lat="30.625399" lon="104.17584">
        <time>2026-05-29T12:48:47Z</time>
      </trkpt>
      <trkpt lat="30.62542" lon="104.1758">
        <time>2026-05-29T12:48:48Z</time>
      </trkpt>
      <trkpt lat="30.625443" lon="104.17574">
        <time>2026-05-29T12:48:49Z</time>
      </trkpt>
      <trkpt lat="30.62546" lon="104.17568">
        <time>2026-05-29T12:48:50Z</time>
      </trkpt>
      <trkpt lat="30.62548" lon="104.17563">
        <time>2026-05-29T12:48:51Z</time>
      </trkpt>
      <trkpt lat="30.6255" lon="104.175575">
        <time>2026-05-29T12:48:52Z</time>
      </trkpt>
      <trkpt lat="30.62552" lon="104.175514">
        <time>2026-05-29T12:48:53Z</time>
      </trkpt>
      <trkpt lat="30.625542" lon="104.17545">
        <time>2026-05-29T12:48:54Z</time>
      </trkpt>
      <trkpt lat="30.62556" lon="104.1754">
        <time>2026-05-29T12:48:55Z</time>
      </trkpt>
      <trkpt lat="30.625582" lon="104.17534">
        <time>2026-05-29T12:48:56Z</time>
      </trkpt>
      <trkpt lat="30.625603" lon="104.175285">
        <time>2026-05-29T12:48:57Z</time>
      </trkpt>
      <trkpt lat="30.625626" lon="104.17523">
        <time>2026-05-29T12:48:58Z</time>
      </trkpt>
      <trkpt lat="30.625645" lon="104.17518">
        <time>2026-05-29T12:48:59Z</time>
      </trkpt>
      <trkpt lat="30.625664" lon="104.175125">
        <time>2026-05-29T12:49:00Z</time>
      </trkpt>
      <trkpt lat="30.62568" lon="104.17507">
        <time>2026-05-29T12:49:01Z</time>
      </trkpt>
      <trkpt lat="30.625702" lon="104.17502">
        <time>2026-05-29T12:49:02Z</time>
      </trkpt>
      <trkpt lat="30.625721" lon="104.174965">
        <time>2026-05-29T12:49:03Z</time>
      </trkpt>
      <trkpt lat="30.625742" lon="104.17491">
        <time>2026-05-29T12:49:04Z</time>
      </trkpt>
      <trkpt lat="30.62576" lon="104.174866">
        <time>2026-05-29T12:49:05Z</time>
      </trkpt>
      <trkpt lat="30.625776" lon="104.17481">
        <time>2026-05-29T12:49:06Z</time>
      </trkpt>
      <trkpt lat="30.6258" lon="104.17476">
        <time>2026-05-29T12:49:07Z</time>
      </trkpt>
      <trkpt lat="30.625816" lon="104.17471">
        <time>2026-05-29T12:49:08Z</time>
      </trkpt>
      <trkpt lat="30.625835" lon="104.17466">
        <time>2026-05-29T12:49:09Z</time>
      </trkpt>
      <trkpt lat="30.62585" lon="104.174614">
        <time>2026-05-29T12:49:10Z</time>
      </trkpt>
      <trkpt lat="30.625866" lon="104.17456">
        <time>2026-05-29T12:49:11Z</time>
      </trkpt>
      <trkpt lat="30.625885" lon="104.174515">
        <time>2026-05-29T12:49:12Z</time>
      </trkpt>
      <trkpt lat="30.625904" lon="104.17446">
        <time>2026-05-29T12:49:13Z</time>
      </trkpt>
      <trkpt lat="30.625923" lon="104.17441">
        <time>2026-05-29T12:49:14Z</time>
      </trkpt>
      <trkpt lat="30.625942" lon="104.174355">
        <time>2026-05-29T12:49:15Z</time>
      </trkpt>
      <trkpt lat="30.625957" lon="104.17431">
        <time>2026-05-29T12:49:16Z</time>
      </trkpt>
      <trkpt lat="30.625975" lon="104.17426">
        <time>2026-05-29T12:49:17Z</time>
      </trkpt>
      <trkpt lat="30.625996" lon="104.17422">
        <time>2026-05-29T12:49:18Z</time>
      </trkpt>
      <trkpt lat="30.62601" lon="104.17417">
        <time>2026-05-29T12:49:19Z</time>
      </trkpt>
      <trkpt lat="30.62603" lon="104.17412">
        <time>2026-05-29T12:49:20Z</time>
      </trkpt>
      <trkpt lat="30.626045" lon="104.17407">
        <time>2026-05-29T12:49:21Z</time>
      </trkpt>
      <trkpt lat="30.62606" lon="104.17403">
        <time>2026-05-29T12:49:22Z</time>
      </trkpt>
      <trkpt lat="30.62608" lon="104.17398">
        <time>2026-05-29T12:49:23Z</time>
      </trkpt>
      <trkpt lat="30.626099" lon="104.173935">
        <time>2026-05-29T12:49:24Z</time>
      </trkpt>
      <trkpt lat="30.626116" lon="104.17389">
        <time>2026-05-29T12:49:25Z</time>
      </trkpt>
      <trkpt lat="30.626133" lon="104.17384">
        <time>2026-05-29T12:49:26Z</time>
      </trkpt>
      <trkpt lat="30.62615" lon="104.1738">
        <time>2026-05-29T12:49:27Z</time>
      </trkpt>
      <trkpt lat="30.62617" lon="104.17375">
        <time>2026-05-29T12:49:28Z</time>
      </trkpt>
      <trkpt lat="30.626186" lon="104.173706">
        <time>2026-05-29T12:49:29Z</time>
      </trkpt>
      <trkpt lat="30.626202" lon="104.17366">
        <time>2026-05-29T12:49:30Z</time>
      </trkpt>
      <trkpt lat="30.626219" lon="104.17361">
        <time>2026-05-29T12:49:31Z</time>
      </trkpt>
      <trkpt lat="30.626234" lon="104.17357">
        <time>2026-05-29T12:49:32Z</time>
      </trkpt>
      <trkpt lat="30.62625" lon="104.17352">
        <time>2026-05-29T12:49:33Z</time>
      </trkpt>
      <trkpt lat="30.62627" lon="104.173485">
        <time>2026-05-29T12:49:34Z</time>
      </trkpt>
      <trkpt lat="30.62629" lon="104.17345">
        <time>2026-05-29T12:49:35Z</time>
      </trkpt>
      <trkpt lat="30.626305" lon="104.17339">
        <time>2026-05-29T12:49:36Z</time>
      </trkpt>
      <trkpt lat="30.626326" lon="104.17335">
        <time>2026-05-29T12:49:37Z</time>
      </trkpt>
      <trkpt lat="30.626345" lon="104.1733">
        <time>2026-05-29T12:49:38Z</time>
      </trkpt>
      <trkpt lat="30.626366" lon="104.173256">
        <time>2026-05-29T12:49:39Z</time>
      </trkpt>
      <trkpt lat="30.626379" lon="104.17321">
        <time>2026-05-29T12:49:40Z</time>
      </trkpt>
      <trkpt lat="30.626394" lon="104.17317">
        <time>2026-05-29T12:49:41Z</time>
      </trkpt>
      <trkpt lat="30.626413" lon="104.17313">
        <time>2026-05-29T12:49:42Z</time>
      </trkpt>
      <trkpt lat="30.62643" lon="104.17308">
        <time>2026-05-29T12:49:43Z</time>
      </trkpt>
      <trkpt lat="30.626446" lon="104.173035">
        <time>2026-05-29T12:49:44Z</time>
      </trkpt>
      <trkpt lat="30.62646" lon="104.17299">
        <time>2026-05-29T12:49:45Z</time>
      </trkpt>
      <trkpt lat="30.626472" lon="104.17294">
        <time>2026-05-29T12:49:46Z</time>
      </trkpt>
      <trkpt lat="30.626488" lon="104.1729">
        <time>2026-05-29T12:49:47Z</time>
      </trkpt>
      <trkpt lat="30.626505" lon="104.17286">
        <time>2026-05-29T12:49:48Z</time>
      </trkpt>
      <trkpt lat="30.626522" lon="104.17281">
        <time>2026-05-29T12:49:49Z</time>
      </trkpt>
      <trkpt lat="30.62654" lon="104.17277">
        <time>2026-05-29T12:49:50Z</time>
      </trkpt>
      <trkpt lat="30.626554" lon="104.17272">
        <time>2026-05-29T12:49:51Z</time>
      </trkpt>
      <trkpt lat="30.626572" lon="104.172676">
        <time>2026-05-29T12:49:52Z</time>
      </trkpt>
      <trkpt lat="30.62659" lon="104.17263">
        <time>2026-05-29T12:49:53Z</time>
      </trkpt>
      <trkpt lat="30.62661" lon="104.172585">
        <time>2026-05-29T12:49:54Z</time>
      </trkpt>
      <trkpt lat="30.626629" lon="104.17254">
        <time>2026-05-29T12:49:55Z</time>
      </trkpt>
      <trkpt lat="30.626646" lon="104.17249">
        <time>2026-05-29T12:49:56Z</time>
      </trkpt>
      <trkpt lat="30.626663" lon="104.17244">
        <time>2026-05-29T12:49:57Z</time>
      </trkpt>
      <trkpt lat="30.626684" lon="104.17239">
        <time>2026-05-29T12:49:58Z</time>
      </trkpt>
      <trkpt lat="30.626703" lon="104.17234">
        <time>2026-05-29T12:49:59Z</time>
      </trkpt>
      <trkpt lat="30.626722" lon="104.172295">
        <time>2026-05-29T12:50:00Z</time>
      </trkpt>
      <trkpt lat="30.62674" lon="104.17224">
        <time>2026-05-29T12:50:01Z</time>
      </trkpt>
      <trkpt lat="30.62676" lon="104.172195">
        <time>2026-05-29T12:50:02Z</time>
      </trkpt>
      <trkpt lat="30.626781" lon="104.17214">
        <time>2026-05-29T12:50:03Z</time>
      </trkpt>
      <trkpt lat="30.626799" lon="104.17209">
        <time>2026-05-29T12:50:04Z</time>
      </trkpt>
      <trkpt lat="30.626814" lon="104.172035">
        <time>2026-05-29T12:50:05Z</time>
      </trkpt>
      <trkpt lat="30.62683" lon="104.17199">
        <time>2026-05-29T12:50:06Z</time>
      </trkpt>
      <trkpt lat="30.626846" lon="104.171936">
        <time>2026-05-29T12:50:07Z</time>
      </trkpt>
      <trkpt lat="30.626863" lon="104.17188">
        <time>2026-05-29T12:50:08Z</time>
      </trkpt>
      <trkpt lat="30.626879" lon="104.17183">
        <time>2026-05-29T12:50:09Z</time>
      </trkpt>
      <trkpt lat="30.626896" lon="104.171776">
        <time>2026-05-29T12:50:10Z</time>
      </trkpt>
      <trkpt lat="30.626917" lon="104.17173">
        <time>2026-05-29T12:50:11Z</time>
      </trkpt>
      <trkpt lat="30.626944" lon="104.171684">
        <time>2026-05-29T12:50:12Z</time>
      </trkpt>
      <trkpt lat="30.62697" lon="104.17164">
        <time>2026-05-29T12:50:13Z</time>
      </trkpt>
      <trkpt lat="30.626997" lon="104.17159">
        <time>2026-05-29T12:50:14Z</time>
      </trkpt>
      <trkpt lat="30.627026" lon="104.17155">
        <time>2026-05-29T12:50:15Z</time>
      </trkpt>
      <trkpt lat="30.627052" lon="104.1715">
        <time>2026-05-29T12:50:16Z</time>
      </trkpt>
      <trkpt lat="30.627079" lon="104.171455">
        <time>2026-05-29T12:50:17Z</time>
      </trkpt>
      <trkpt lat="30.627106" lon="104.17141">
        <time>2026-05-29T12:50:18Z</time>
      </trkpt>
      <trkpt lat="30.627132" lon="104.171364">
        <time>2026-05-29T12:50:19Z</time>
      </trkpt>
      <trkpt lat="30.627163" lon="104.17131">
        <time>2026-05-29T12:50:20Z</time>
      </trkpt>
      <trkpt lat="30.627188" lon="104.17126">
        <time>2026-05-29T12:50:21Z</time>
      </trkpt>
      <trkpt lat="30.627213" lon="104.1712">
        <time>2026-05-29T12:50:22Z</time>
      </trkpt>
      <trkpt lat="30.627235" lon="104.17116">
        <time>2026-05-29T12:50:23Z</time>
      </trkpt>
      <trkpt lat="30.627258" lon="104.171104">
        <time>2026-05-29T12:50:24Z</time>
      </trkpt>
      <trkpt lat="30.62728" lon="104.17104">
        <time>2026-05-29T12:50:25Z</time>
      </trkpt>
      <trkpt lat="30.627302" lon="104.17099">
        <time>2026-05-29T12:50:26Z</time>
      </trkpt>
      <trkpt lat="30.627321" lon="104.17094">
        <time>2026-05-29T12:50:27Z</time>
      </trkpt>
      <trkpt lat="30.627344" lon="104.17088">
        <time>2026-05-29T12:50:28Z</time>
      </trkpt>
      <trkpt lat="30.627369" lon="104.17083">
        <time>2026-05-29T12:50:29Z</time>
      </trkpt>
      <trkpt lat="30.62739" lon="104.17078">
        <time>2026-05-29T12:50:30Z</time>
      </trkpt>
      <trkpt lat="30.62741" lon="104.17072">
        <time>2026-05-29T12:50:31Z</time>
      </trkpt>
      <trkpt lat="30.627432" lon="104.17066">
        <time>2026-05-29T12:50:32Z</time>
      </trkpt>
      <trkpt lat="30.627453" lon="104.17061">
        <time>2026-05-29T12:50:33Z</time>
      </trkpt>
      <trkpt lat="30.627476" lon="104.17055">
        <time>2026-05-29T12:50:34Z</time>
      </trkpt>
      <trkpt lat="30.627499" lon="104.170494">
        <time>2026-05-29T12:50:35Z</time>
      </trkpt>
      <trkpt lat="30.627522" lon="104.17043">
        <time>2026-05-29T12:50:36Z</time>
      </trkpt>
      <trkpt lat="30.627544" lon="104.170364">
        <time>2026-05-29T12:50:37Z</time>
      </trkpt>
      <trkpt lat="30.62757" lon="104.1703">
        <time>2026-05-29T12:50:38Z</time>
      </trkpt>
      <trkpt lat="30.6276" lon="104.17024">
        <time>2026-05-29T12:50:39Z</time>
      </trkpt>
      <trkpt lat="30.627632" lon="104.17018">
        <time>2026-05-29T12:50:40Z</time>
      </trkpt>
      <trkpt lat="30.627663" lon="104.17013">
        <time>2026-05-29T12:50:41Z</time>
      </trkpt>
      <trkpt lat="30.627695" lon="104.17007">
        <time>2026-05-29T12:50:42Z</time>
      </trkpt>
      <trkpt lat="30.62772" lon="104.17001">
        <time>2026-05-29T12:50:43Z</time>
      </trkpt>
      <trkpt lat="30.62774" lon="104.16996">
        <time>2026-05-29T12:50:44Z</time>
      </trkpt>
      <trkpt lat="30.627766" lon="104.1699">
        <time>2026-05-29T12:50:45Z</time>
      </trkpt>
      <trkpt lat="30.627792" lon="104.16983">
        <time>2026-05-29T12:50:46Z</time>
      </trkpt>
      <trkpt lat="30.62782" lon="104.16977">
        <time>2026-05-29T12:50:47Z</time>
      </trkpt>
      <trkpt lat="30.627846" lon="104.16971">
        <time>2026-05-29T12:50:48Z</time>
      </trkpt>
      <trkpt lat="30.627874" lon="104.16965">
        <time>2026-05-29T12:50:49Z</time>
      </trkpt>
      <trkpt lat="30.627905" lon="104.169586">
        <time>2026-05-29T12:50:50Z</time>
      </trkpt>
      <trkpt lat="30.627937" lon="104.169525">
        <time>2026-05-29T12:50:51Z</time>
      </trkpt>
      <trkpt lat="30.627968" lon="104.16946">
        <time>2026-05-29T12:50:52Z</time>
      </trkpt>
      <trkpt lat="30.628002" lon="104.169395">
        <time>2026-05-29T12:50:53Z</time>
      </trkpt>
      <trkpt lat="30.628033" lon="104.16933">
        <time>2026-05-29T12:50:54Z</time>
      </trkpt>
      <trkpt lat="30.628069" lon="104.16926">
        <time>2026-05-29T12:50:55Z</time>
      </trkpt>
      <trkpt lat="30.628105" lon="104.1692">
        <time>2026-05-29T12:50:56Z</time>
      </trkpt>
      <trkpt lat="30.62814" lon="104.16913">
        <time>2026-05-29T12:50:57Z</time>
      </trkpt>
      <trkpt lat="30.628178" lon="104.16907">
        <time>2026-05-29T12:50:58Z</time>
      </trkpt>
      <trkpt lat="30.628214" lon="104.16901">
        <time>2026-05-29T12:50:59Z</time>
      </trkpt>
      <trkpt lat="30.628248" lon="104.16894">
        <time>2026-05-29T12:51:00Z</time>
      </trkpt>
      <trkpt lat="30.628283" lon="104.16888">
        <time>2026-05-29T12:51:01Z</time>
      </trkpt>
      <trkpt lat="30.628315" lon="104.16881">
        <time>2026-05-29T12:51:02Z</time>
      </trkpt>
      <trkpt lat="30.62835" lon="104.16874">
        <time>2026-05-29T12:51:03Z</time>
      </trkpt>
      <trkpt lat="30.628382" lon="104.16868">
        <time>2026-05-29T12:51:04Z</time>
      </trkpt>
      <trkpt lat="30.628412" lon="104.16861">
        <time>2026-05-29T12:51:05Z</time>
      </trkpt>
      <trkpt lat="30.628445" lon="104.16854">
        <time>2026-05-29T12:51:06Z</time>
      </trkpt>
      <trkpt lat="30.628479" lon="104.16847">
        <time>2026-05-29T12:51:07Z</time>
      </trkpt>
      <trkpt lat="30.628508" lon="104.1684">
        <time>2026-05-29T12:51:08Z</time>
      </trkpt>
      <trkpt lat="30.628542" lon="104.168335">
        <time>2026-05-29T12:51:09Z</time>
      </trkpt>
      <trkpt lat="30.628578" lon="104.16827">
        <time>2026-05-29T12:51:10Z</time>
      </trkpt>
      <trkpt lat="30.628618" lon="104.168205">
        <time>2026-05-29T12:51:11Z</time>
      </trkpt>
      <trkpt lat="30.628656" lon="104.168144">
        <time>2026-05-29T12:51:12Z</time>
      </trkpt>
      <trkpt lat="30.628696" lon="104.16808">
        <time>2026-05-29T12:51:13Z</time>
      </trkpt>
      <trkpt lat="30.628736" lon="104.16802">
        <time>2026-05-29T12:51:14Z</time>
      </trkpt>
      <trkpt lat="30.628778" lon="104.16796">
        <time>2026-05-29T12:51:15Z</time>
      </trkpt>
      <trkpt lat="30.628817" lon="104.1679">
        <time>2026-05-29T12:51:16Z</time>
      </trkpt>
      <trkpt lat="30.628855" lon="104.16785">
        <time>2026-05-29T12:51:17Z</time>
      </trkpt>
      <trkpt lat="30.628895" lon="104.16779">
        <time>2026-05-29T12:51:18Z</time>
      </trkpt>
      <trkpt lat="30.62894" lon="104.16775">
        <time>2026-05-29T12:51:19Z</time>
      </trkpt>
      <trkpt lat="30.628983" lon="104.1677">
        <time>2026-05-29T12:51:20Z</time>
      </trkpt>
      <trkpt lat="30.62903" lon="104.167656">
        <time>2026-05-29T12:51:21Z</time>
      </trkpt>
      <trkpt lat="30.62907" lon="104.16762">
        <time>2026-05-29T12:51:22Z</time>
      </trkpt>
      <trkpt lat="30.629103" lon="104.16758">
        <time>2026-05-29T12:51:23Z</time>
      </trkpt>
      <trkpt lat="30.629133" lon="104.16754">
        <time>2026-05-29T12:51:24Z</time>
      </trkpt>
      <trkpt lat="30.629158" lon="104.16751">
        <time>2026-05-29T12:51:25Z</time>
      </trkpt>
      <trkpt lat="30.629179" lon="104.167496">
        <time>2026-05-29T12:51:26Z</time>
      </trkpt>
      <trkpt lat="30.62918" lon="104.16749">
        <time>2026-05-29T12:51:27Z</time>
      </trkpt>
      <trkpt lat="30.62918" lon="104.167496">
        <time>2026-05-29T12:51:28Z</time>
      </trkpt>
      <trkpt lat="30.62918" lon="104.1675">
        <time>2026-05-29T12:51:29Z</time>
      </trkpt>
      <trkpt lat="30.62918" lon="104.1675">
        <time>2026-05-29T12:51:30Z</time>
      </trkpt>
      <trkpt lat="30.62918" lon="104.1675">
        <time>2026-05-29T12:51:31Z</time>
      </trkpt>
      <trkpt lat="30.62918" lon="104.1675">
        <time>2026-05-29T12:51:32Z</time>
      </trkpt>
      <trkpt lat="30.62918" lon="104.1675">
        <time>2026-05-29T12:51:33Z</time>
      </trkpt>
      <trkpt lat="30.62918" lon="104.1675">
        <time>2026-05-29T12:51:34Z</time>
      </trkpt>
      <trkpt lat="30.62918" lon="104.1675">
        <time>2026-05-29T12:51:35Z</time>
      </trkpt>
      <trkpt lat="30.62918" lon="104.1675">
        <time>2026-05-29T12:51:36Z</time>
      </trkpt>
      <trkpt lat="30.62918" lon="104.1675">
        <time>2026-05-29T12:51:37Z</time>
      </trkpt>
      <trkpt lat="30.62918" lon="104.1675">
        <time>2026-05-29T12:51:38Z</time>
      </trkpt>
      <trkpt lat="30.62918" lon="104.1675">
        <time>2026-05-29T12:51:39Z</time>
      </trkpt>
      <trkpt lat="30.62918" lon="104.1675">
        <time>2026-05-29T12:51:40Z</time>
      </trkpt>
      <trkpt lat="30.62918" lon="104.1675">
        <time>2026-05-29T12:51:41Z</time>
      </trkpt>
      <trkpt lat="30.62918" lon="104.1675">
        <time>2026-05-29T12:51:42Z</time>
      </trkpt>
      <trkpt lat="30.62918" lon="104.1675">
        <time>2026-05-29T12:51:43Z</time>
      </trkpt>
      <trkpt lat="30.62918" lon="104.1675">
        <time>2026-05-29T12:51:44Z</time>
      </trkpt>
      <trkpt lat="30.62918" lon="104.1675">
        <time>2026-05-29T12:51:45Z</time>
      </trkpt>
      <trkpt lat="30.62918" lon="104.1675">
        <time>2026-05-29T12:51:46Z</time>
      </trkpt>
      <trkpt lat="30.62918" lon="104.1675">
        <time>2026-05-29T12:51:47Z</time>
      </trkpt>
      <trkpt lat="30.62918" lon="104.1675">
        <time>2026-05-29T12:51:48Z</time>
      </trkpt>
      <trkpt lat="30.62918" lon="104.1675">
        <time>2026-05-29T12:51:49Z</time>
      </trkpt>
      <trkpt lat="30.62918" lon="104.1675">
        <time>2026-05-29T12:51:50Z</time>
      </trkpt>
      <trkpt lat="30.62918" lon="104.1675">
        <time>2026-05-29T12:51:51Z</time>
      </trkpt>
      <trkpt lat="30.62918" lon="104.1675">
        <time>2026-05-29T12:51:52Z</time>
      </trkpt>
      <trkpt lat="30.62918" lon="104.1675">
        <time>2026-05-29T12:51:53Z</time>
      </trkpt>
      <trkpt lat="30.62918" lon="104.1675">
        <time>2026-05-29T12:51:54Z</time>
      </trkpt>
      <trkpt lat="30.62918" lon="104.1675">
        <time>2026-05-29T12:51:55Z</time>
      </trkpt>
      <trkpt lat="30.62918" lon="104.1675">
        <time>2026-05-29T12:51:56Z</time>
      </trkpt>
      <trkpt lat="30.62918" lon="104.1675">
        <time>2026-05-29T12:51:57Z</time>
      </trkpt>
      <trkpt lat="30.62918" lon="104.1675">
        <time>2026-05-29T12:51:58Z</time>
      </trkpt>
      <trkpt lat="30.62918" lon="104.1675">
        <time>2026-05-29T12:51:59Z</time>
      </trkpt>
      <trkpt lat="30.62918" lon="104.1675">
        <time>2026-05-29T12:52:00Z</time>
      </trkpt>
      <trkpt lat="30.62918" lon="104.1675">
        <time>2026-05-29T12:52:01Z</time>
      </trkpt>
      <trkpt lat="30.62918" lon="104.1675">
        <time>2026-05-29T12:52:02Z</time>
      </trkpt>
      <trkpt lat="30.62918" lon="104.1675">
        <time>2026-05-29T12:52:03Z</time>
      </trkpt>
      <trkpt lat="30.62918" lon="104.1675">
        <time>2026-05-29T12:52:04Z</time>
      </trkpt>
      <trkpt lat="30.62918" lon="104.1675">
        <time>2026-05-29T12:52:05Z</time>
      </trkpt>
      <trkpt lat="30.62918" lon="104.1675">
        <time>2026-05-29T12:52:06Z</time>
      </trkpt>
      <trkpt lat="30.62918" lon="104.1675">
        <time>2026-05-29T12:52:07Z</time>
      </trkpt>
      <trkpt lat="30.62918" lon="104.1675">
        <time>2026-05-29T12:52:08Z</time>
      </trkpt>
      <trkpt lat="30.629187" lon="104.16749">
        <time>2026-05-29T12:52:09Z</time>
      </trkpt>
      <trkpt lat="30.629204" lon="104.16749">
        <time>2026-05-29T12:52:10Z</time>
      </trkpt>
      <trkpt lat="30.62923" lon="104.16746">
        <time>2026-05-29T12:52:11Z</time>
      </trkpt>
      <trkpt lat="30.62926" lon="104.16743">
        <time>2026-05-29T12:52:12Z</time>
      </trkpt>
      <trkpt lat="30.629282" lon="104.16737">
        <time>2026-05-29T12:52:13Z</time>
      </trkpt>
      <trkpt lat="30.629313" lon="104.16733">
        <time>2026-05-29T12:52:14Z</time>
      </trkpt>
      <trkpt lat="30.629341" lon="104.167274">
        <time>2026-05-29T12:52:15Z</time>
      </trkpt>
      <trkpt lat="30.629366" lon="104.16723">
        <time>2026-05-29T12:52:16Z</time>
      </trkpt>
      <trkpt lat="30.629393" lon="104.16718">
        <time>2026-05-29T12:52:17Z</time>
      </trkpt>
      <trkpt lat="30.629417" lon="104.16714">
        <time>2026-05-29T12:52:18Z</time>
      </trkpt>
      <trkpt lat="30.629444" lon="104.16708">
        <time>2026-05-29T12:52:19Z</time>
      </trkpt>
      <trkpt lat="30.629469" lon="104.16703">
        <time>2026-05-29T12:52:20Z</time>
      </trkpt>
      <trkpt lat="30.62949" lon="104.166985">
        <time>2026-05-29T12:52:21Z</time>
      </trkpt>
      <trkpt lat="30.629509" lon="104.16694">
        <time>2026-05-29T12:52:22Z</time>
      </trkpt>
      <trkpt lat="30.629536" lon="104.16688">
        <time>2026-05-29T12:52:23Z</time>
      </trkpt>
      <trkpt lat="30.629559" lon="104.16682">
        <time>2026-05-29T12:52:24Z</time>
      </trkpt>
      <trkpt lat="30.629578" lon="104.16675">
        <time>2026-05-29T12:52:25Z</time>
      </trkpt>
      <trkpt lat="30.629602" lon="104.16668">
        <time>2026-05-29T12:52:26Z</time>
      </trkpt>
      <trkpt lat="30.629633" lon="104.16662">
        <time>2026-05-29T12:52:27Z</time>
      </trkpt>
      <trkpt lat="30.629662" lon="104.16655">
        <time>2026-05-29T12:52:28Z</time>
      </trkpt>
      <trkpt lat="30.62969" lon="104.16648">
        <time>2026-05-29T12:52:29Z</time>
      </trkpt>
      <trkpt lat="30.629715" lon="104.16641">
        <time>2026-05-29T12:52:30Z</time>
      </trkpt>
      <trkpt lat="30.629732" lon="104.16635">
        <time>2026-05-29T12:52:31Z</time>
      </trkpt>
      <trkpt lat="30.629751" lon="104.166275">
        <time>2026-05-29T12:52:32Z</time>
      </trkpt>
      <trkpt lat="30.629774" lon="104.16621">
        <time>2026-05-29T12:52:33Z</time>
      </trkpt>
      <trkpt lat="30.629795" lon="104.16614">
        <time>2026-05-29T12:52:34Z</time>
      </trkpt>
      <trkpt lat="30.629812" lon="104.16607">
        <time>2026-05-29T12:52:35Z</time>
      </trkpt>
      <trkpt lat="30.629827" lon="104.166">
        <time>2026-05-29T12:52:36Z</time>
      </trkpt>
      <trkpt lat="30.629845" lon="104.16593">
        <time>2026-05-29T12:52:37Z</time>
      </trkpt>
      <trkpt lat="30.62986" lon="104.16587">
        <time>2026-05-29T12:52:38Z</time>
      </trkpt>
      <trkpt lat="30.629879" lon="104.1658">
        <time>2026-05-29T12:52:39Z</time>
      </trkpt>
      <trkpt lat="30.6299" lon="104.16573">
        <time>2026-05-29T12:52:40Z</time>
      </trkpt>
      <trkpt lat="30.629921" lon="104.16567">
        <time>2026-05-29T12:52:41Z</time>
      </trkpt>
      <trkpt lat="30.629946" lon="104.16561">
        <time>2026-05-29T12:52:42Z</time>
      </trkpt>
      <trkpt lat="30.629972" lon="104.16556">
        <time>2026-05-29T12:52:43Z</time>
      </trkpt>
      <trkpt lat="30.630003" lon="104.165504">
        <time>2026-05-29T12:52:44Z</time>
      </trkpt>
      <trkpt lat="30.630035" lon="104.16545">
        <time>2026-05-29T12:52:45Z</time>
      </trkpt>
      <trkpt lat="30.630066" lon="104.165405">
        <time>2026-05-29T12:52:46Z</time>
      </trkpt>
      <trkpt lat="30.6301" lon="104.16536">
        <time>2026-05-29T12:52:47Z</time>
      </trkpt>
      <trkpt lat="30.630125" lon="104.165306">
        <time>2026-05-29T12:52:48Z</time>
      </trkpt>
      <trkpt lat="30.630144" lon="104.16525">
        <time>2026-05-29T12:52:49Z</time>
      </trkpt>
      <trkpt lat="30.630167" lon="104.16519">
        <time>2026-05-29T12:52:50Z</time>
      </trkpt>
      <trkpt lat="30.630192" lon="104.16514">
        <time>2026-05-29T12:52:51Z</time>
      </trkpt>
      <trkpt lat="30.630219" lon="104.16508">
        <time>2026-05-29T12:52:52Z</time>
      </trkpt>
      <trkpt lat="30.630243" lon="104.16502">
        <time>2026-05-29T12:52:53Z</time>
      </trkpt>
      <trkpt lat="30.630268" lon="104.16497">
        <time>2026-05-29T12:52:54Z</time>
      </trkpt>
      <trkpt lat="30.630295" lon="104.16492">
        <time>2026-05-29T12:52:55Z</time>
      </trkpt>
      <trkpt lat="30.630323" lon="104.164856">
        <time>2026-05-29T12:52:56Z</time>
      </trkpt>
      <trkpt lat="30.630352" lon="104.164795">
        <time>2026-05-29T12:52:57Z</time>
      </trkpt>
      <trkpt lat="30.630377" lon="104.16474">
        <time>2026-05-29T12:52:58Z</time>
      </trkpt>
      <trkpt lat="30.630405" lon="104.16469">
        <time>2026-05-29T12:52:59Z</time>
      </trkpt>
      <trkpt lat="30.630436" lon="104.16463">
        <time>2026-05-29T12:53:00Z</time>
      </trkpt>
      <trkpt lat="30.630463" lon="104.16457">
        <time>2026-05-29T12:53:01Z</time>
      </trkpt>
      <trkpt lat="30.630491" lon="104.16451">
        <time>2026-05-29T12:53:02Z</time>
      </trkpt>
      <trkpt lat="30.63052" lon="104.16445">
        <time>2026-05-29T12:53:03Z</time>
      </trkpt>
      <trkpt lat="30.630548" lon="104.1644">
        <time>2026-05-29T12:53:04Z</time>
      </trkpt>
      <trkpt lat="30.630575" lon="104.16434">
        <time>2026-05-29T12:53:05Z</time>
      </trkpt>
      <trkpt lat="30.630602" lon="104.164276">
        <time>2026-05-29T12:53:06Z</time>
      </trkpt>
      <trkpt lat="30.630629" lon="104.164215">
        <time>2026-05-29T12:53:07Z</time>
      </trkpt>
      <trkpt lat="30.630651" lon="104.164154">
        <time>2026-05-29T12:53:08Z</time>
      </trkpt>
      <trkpt lat="30.630674" lon="104.1641">
        <time>2026-05-29T12:53:09Z</time>
      </trkpt>
      <trkpt lat="30.6307" lon="104.16404">
        <time>2026-05-29T12:53:10Z</time>
      </trkpt>
      <trkpt lat="30.630726" lon="104.16399">
        <time>2026-05-29T12:53:11Z</time>
      </trkpt>
      <trkpt lat="30.63075" lon="104.16393">
        <time>2026-05-29T12:53:12Z</time>
      </trkpt>
      <trkpt lat="30.630775" lon="104.16387">
        <time>2026-05-29T12:53:13Z</time>
      </trkpt>
      <trkpt lat="30.630798" lon="104.16382">
        <time>2026-05-29T12:53:14Z</time>
      </trkpt>
      <trkpt lat="30.630823" lon="104.16376">
        <time>2026-05-29T12:53:15Z</time>
      </trkpt>
      <trkpt lat="30.630846" lon="104.1637">
        <time>2026-05-29T12:53:16Z</time>
      </trkpt>
      <trkpt lat="30.63087" lon="104.163635">
        <time>2026-05-29T12:53:17Z</time>
      </trkpt>
      <trkpt lat="30.630896" lon="104.16358">
        <time>2026-05-29T12:53:18Z</time>
      </trkpt>
      <trkpt lat="30.630922" lon="104.16352">
        <time>2026-05-29T12:53:19Z</time>
      </trkpt>
      <trkpt lat="30.630949" lon="104.16347">
        <time>2026-05-29T12:53:20Z</time>
      </trkpt>
      <trkpt lat="30.630974" lon="104.163414">
        <time>2026-05-29T12:53:21Z</time>
      </trkpt>
      <trkpt lat="30.630997" lon="104.16335">
        <time>2026-05-29T12:53:22Z</time>
      </trkpt>
      <trkpt lat="30.631023" lon="104.1633">
        <time>2026-05-29T12:53:23Z</time>
      </trkpt>
      <trkpt lat="30.631054" lon="104.16325">
        <time>2026-05-29T12:53:24Z</time>
      </trkpt>
      <trkpt lat="30.631083" lon="104.1632">
        <time>2026-05-29T12:53:25Z</time>
      </trkpt>
      <trkpt lat="30.631111" lon="104.16315">
        <time>2026-05-29T12:53:26Z</time>
      </trkpt>
      <trkpt lat="30.631136" lon="104.16309">
        <time>2026-05-29T12:53:27Z</time>
      </trkpt>
      <trkpt lat="30.63116" lon="104.16303">
        <time>2026-05-29T12:53:28Z</time>
      </trkpt>
      <trkpt lat="30.631184" lon="104.16298">
        <time>2026-05-29T12:53:29Z</time>
      </trkpt>
      <trkpt lat="30.63121" lon="104.16292">
        <time>2026-05-29T12:53:30Z</time>
      </trkpt>
      <trkpt lat="30.631239" lon="104.162865">
        <time>2026-05-29T12:53:31Z</time>
      </trkpt>
      <trkpt lat="30.631268" lon="104.16281">
        <time>2026-05-29T12:53:32Z</time>
      </trkpt>
      <trkpt lat="30.631294" lon="104.16276">
        <time>2026-05-29T12:53:33Z</time>
      </trkpt>
      <trkpt lat="30.63132" lon="104.162704">
        <time>2026-05-29T12:53:34Z</time>
      </trkpt>
      <trkpt lat="30.631344" lon="104.16264">
        <time>2026-05-29T12:53:35Z</time>
      </trkpt>
      <trkpt lat="30.631367" lon="104.16259">
        <time>2026-05-29T12:53:36Z</time>
      </trkpt>
      <trkpt lat="30.631392" lon="104.16254">
        <time>2026-05-29T12:53:37Z</time>
      </trkpt>
      <trkpt lat="30.631418" lon="104.16248">
        <time>2026-05-29T12:53:38Z</time>
      </trkpt>
      <trkpt lat="30.631447" lon="104.16243">
        <time>2026-05-29T12:53:39Z</time>
      </trkpt>
      <trkpt lat="30.631475" lon="104.16238">
        <time>2026-05-29T12:53:40Z</time>
      </trkpt>
      <trkpt lat="30.631502" lon="104.16233">
        <time>2026-05-29T12:53:41Z</time>
      </trkpt>
      <trkpt lat="30.63153" lon="104.16228">
        <time>2026-05-29T12:53:42Z</time>
      </trkpt>
      <trkpt lat="30.631557" lon="104.162224">
        <time>2026-05-29T12:53:43Z</time>
      </trkpt>
      <trkpt lat="30.63159" lon="104.16217">
        <time>2026-05-29T12:53:44Z</time>
      </trkpt>
      <trkpt lat="30.631618" lon="104.16212">
        <time>2026-05-29T12:53:45Z</time>
      </trkpt>
      <trkpt lat="30.631649" lon="104.162056">
        <time>2026-05-29T12:53:46Z</time>
      </trkpt>
      <trkpt lat="30.631676" lon="104.161995">
        <time>2026-05-29T12:53:47Z</time>
      </trkpt>
      <trkpt lat="30.631702" lon="104.16194">
        <time>2026-05-29T12:53:48Z</time>
      </trkpt>
      <trkpt lat="30.63173" lon="104.16189">
        <time>2026-05-29T12:53:49Z</time>
      </trkpt>
      <trkpt lat="30.631762" lon="104.16183">
        <time>2026-05-29T12:53:50Z</time>
      </trkpt>
      <trkpt lat="30.631792" lon="104.16177">
        <time>2026-05-29T12:53:51Z</time>
      </trkpt>
      <trkpt lat="30.631823" lon="104.16172">
        <time>2026-05-29T12:53:52Z</time>
      </trkpt>
      <trkpt lat="30.63185" lon="104.16166">
        <time>2026-05-29T12:53:53Z</time>
      </trkpt>
      <trkpt lat="30.631874" lon="104.1616">
        <time>2026-05-29T12:53:54Z</time>
      </trkpt>
      <trkpt lat="30.631905" lon="104.16154">
        <time>2026-05-29T12:53:55Z</time>
      </trkpt>
      <trkpt lat="30.631937" lon="104.16148">
        <time>2026-05-29T12:53:56Z</time>
      </trkpt>
      <trkpt lat="30.631966" lon="104.16142">
        <time>2026-05-29T12:53:57Z</time>
      </trkpt>
      <trkpt lat="30.631994" lon="104.16137">
        <time>2026-05-29T12:53:58Z</time>
      </trkpt>
      <trkpt lat="30.632023" lon="104.16131">
        <time>2026-05-29T12:53:59Z</time>
      </trkpt>
      <trkpt lat="30.632051" lon="104.161255">
        <time>2026-05-29T12:54:00Z</time>
      </trkpt>
      <trkpt lat="30.632084" lon="104.161194">
        <time>2026-05-29T12:54:01Z</time>
      </trkpt>
      <trkpt lat="30.632118" lon="104.16113">
        <time>2026-05-29T12:54:02Z</time>
      </trkpt>
      <trkpt lat="30.632154" lon="104.16108">
        <time>2026-05-29T12:54:03Z</time>
      </trkpt>
      <trkpt lat="30.632187" lon="104.161026">
        <time>2026-05-29T12:54:04Z</time>
      </trkpt>
      <trkpt lat="30.632217" lon="104.160965">
        <time>2026-05-29T12:54:05Z</time>
      </trkpt>
      <trkpt lat="30.632248" lon="104.16091">
        <time>2026-05-29T12:54:06Z</time>
      </trkpt>
      <trkpt lat="30.632275" lon="104.16085">
        <time>2026-05-29T12:54:07Z</time>
      </trkpt>
      <trkpt lat="30.632303" lon="104.16079">
        <time>2026-05-29T12:54:08Z</time>
      </trkpt>
      <trkpt lat="30.63233" lon="104.160736">
        <time>2026-05-29T12:54:09Z</time>
      </trkpt>
      <trkpt lat="30.632357" lon="104.160675">
        <time>2026-05-29T12:54:10Z</time>
      </trkpt>
      <trkpt lat="30.632378" lon="104.160614">
        <time>2026-05-29T12:54:11Z</time>
      </trkpt>
      <trkpt lat="30.6324" lon="104.16055">
        <time>2026-05-29T12:54:12Z</time>
      </trkpt>
      <trkpt lat="30.632423" lon="104.160484">
        <time>2026-05-29T12:54:13Z</time>
      </trkpt>
      <trkpt lat="30.632452" lon="104.16042">
        <time>2026-05-29T12:54:14Z</time>
      </trkpt>
      <trkpt lat="30.632483" lon="104.16037">
        <time>2026-05-29T12:54:15Z</time>
      </trkpt>
      <trkpt lat="30.63251" lon="104.16031">
        <time>2026-05-29T12:54:16Z</time>
      </trkpt>
      <trkpt lat="30.632536" lon="104.16025">
        <time>2026-05-29T12:54:17Z</time>
      </trkpt>
      <trkpt lat="30.632565" lon="104.16019">
        <time>2026-05-29T12:54:18Z</time>
      </trkpt>
      <trkpt lat="30.632593" lon="104.160126">
        <time>2026-05-29T12:54:19Z</time>
      </trkpt>
      <trkpt lat="30.632624" lon="104.16007">
        <time>2026-05-29T12:54:20Z</time>
      </trkpt>
      <trkpt lat="30.632654" lon="104.16001">
        <time>2026-05-29T12:54:21Z</time>
      </trkpt>
      <trkpt lat="30.63268" lon="104.15995">
        <time>2026-05-29T12:54:22Z</time>
      </trkpt>
      <trkpt lat="30.63271" lon="104.15989">
        <time>2026-05-29T12:54:23Z</time>
      </trkpt>
      <trkpt lat="30.632736" lon="104.15983">
        <time>2026-05-29T12:54:24Z</time>
      </trkpt>
      <trkpt lat="30.632765" lon="104.15977">
        <time>2026-05-29T12:54:25Z</time>
      </trkpt>
      <trkpt lat="30.632795" lon="104.15971">
        <time>2026-05-29T12:54:26Z</time>
      </trkpt>
      <trkpt lat="30.632824" lon="104.15965">
        <time>2026-05-29T12:54:27Z</time>
      </trkpt>
      <trkpt lat="30.632853" lon="104.15959">
        <time>2026-05-29T12:54:28Z</time>
      </trkpt>
      <trkpt lat="30.63288" lon="104.15953">
        <time>2026-05-29T12:54:29Z</time>
      </trkpt>
      <trkpt lat="30.632908" lon="104.15947">
        <time>2026-05-29T12:54:30Z</time>
      </trkpt>
      <trkpt lat="30.632936" lon="104.15942">
        <time>2026-05-29T12:54:31Z</time>
      </trkpt>
      <trkpt lat="30.632963" lon="104.159355">
        <time>2026-05-29T12:54:32Z</time>
      </trkpt>
      <trkpt lat="30.63299" lon="104.159294">
        <time>2026-05-29T12:54:33Z</time>
      </trkpt>
      <trkpt lat="30.633018" lon="104.15923">
        <time>2026-05-29T12:54:34Z</time>
      </trkpt>
      <trkpt lat="30.633049" lon="104.15917">
        <time>2026-05-29T12:54:35Z</time>
      </trkpt>
      <trkpt lat="30.633076" lon="104.15911">
        <time>2026-05-29T12:54:36Z</time>
      </trkpt>
      <trkpt lat="30.633106" lon="104.15905">
        <time>2026-05-29T12:54:37Z</time>
      </trkpt>
      <trkpt lat="30.633135" lon="104.15899">
        <time>2026-05-29T12:54:38Z</time>
      </trkpt>
      <trkpt lat="30.633165" lon="104.15892">
        <time>2026-05-29T12:54:39Z</time>
      </trkpt>
      <trkpt lat="30.633194" lon="104.15886">
        <time>2026-05-29T12:54:40Z</time>
      </trkpt>
      <trkpt lat="30.633223" lon="104.1588">
        <time>2026-05-29T12:54:41Z</time>
      </trkpt>
      <trkpt lat="30.633255" lon="104.15873">
        <time>2026-05-29T12:54:42Z</time>
      </trkpt>
      <trkpt lat="30.633287" lon="104.15866">
        <time>2026-05-29T12:54:43Z</time>
      </trkpt>
      <trkpt lat="30.63332" lon="104.1586">
        <time>2026-05-29T12:54:44Z</time>
      </trkpt>
      <trkpt lat="30.633347" lon="104.15854">
        <time>2026-05-29T12:54:45Z</time>
      </trkpt>
      <trkpt lat="30.633373" lon="104.158485">
        <time>2026-05-29T12:54:46Z</time>
      </trkpt>
      <trkpt lat="30.6334" lon="104.158424">
        <time>2026-05-29T12:54:47Z</time>
      </trkpt>
      <trkpt lat="30.633425" lon="104.15836">
        <time>2026-05-29T12:54:48Z</time>
      </trkpt>
      <trkpt lat="30.63345" lon="104.1583">
        <time>2026-05-29T12:54:49Z</time>
      </trkpt>
      <trkpt lat="30.633472" lon="104.15824">
        <time>2026-05-29T12:54:50Z</time>
      </trkpt>
      <trkpt lat="30.633493" lon="104.15818">
        <time>2026-05-29T12:54:51Z</time>
      </trkpt>
      <trkpt lat="30.633516" lon="104.15812">
        <time>2026-05-29T12:54:52Z</time>
      </trkpt>
      <trkpt lat="30.63354" lon="104.15806">
        <time>2026-05-29T12:54:53Z</time>
      </trkpt>
      <trkpt lat="30.633564" lon="104.158005">
        <time>2026-05-29T12:54:54Z</time>
      </trkpt>
      <trkpt lat="30.633587" lon="104.15794">
        <time>2026-05-29T12:54:55Z</time>
      </trkpt>
      <trkpt lat="30.63361" lon="104.15789">
        <time>2026-05-29T12:54:56Z</time>
      </trkpt>
      <trkpt lat="30.63363" lon="104.157845">
        <time>2026-05-29T12:54:57Z</time>
      </trkpt>
      <trkpt lat="30.633652" lon="104.1578">
        <time>2026-05-29T12:54:58Z</time>
      </trkpt>
      <trkpt lat="30.633675" lon="104.157745">
        <time>2026-05-29T12:54:59Z</time>
      </trkpt>
      <trkpt lat="30.633698" lon="104.15769">
        <time>2026-05-29T12:55:00Z</time>
      </trkpt>
      <trkpt lat="30.633717" lon="104.157646">
        <time>2026-05-29T12:55:01Z</time>
      </trkpt>
      <trkpt lat="30.633736" lon="104.1576">
        <time>2026-05-29T12:55:02Z</time>
      </trkpt>
      <trkpt lat="30.633757" lon="104.15755">
        <time>2026-05-29T12:55:03Z</time>
      </trkpt>
      <trkpt lat="30.633778" lon="104.1575">
        <time>2026-05-29T12:55:04Z</time>
      </trkpt>
      <trkpt lat="30.633797" lon="104.157455">
        <time>2026-05-29T12:55:05Z</time>
      </trkpt>
      <trkpt lat="30.633818" lon="104.15741">
        <time>2026-05-29T12:55:06Z</time>
      </trkpt>
      <trkpt lat="30.63384" lon="104.15737">
        <time>2026-05-29T12:55:07Z</time>
      </trkpt>
      <trkpt lat="30.633862" lon="104.15733">
        <time>2026-05-29T12:55:08Z</time>
      </trkpt>
      <trkpt lat="30.633884" lon="104.1573">
        <time>2026-05-29T12:55:09Z</time>
      </trkpt>
      <trkpt lat="30.633904" lon="104.157265">
        <time>2026-05-29T12:55:10Z</time>
      </trkpt>
      <trkpt lat="30.633917" lon="104.15723">
        <time>2026-05-29T12:55:11Z</time>
      </trkpt>
      <trkpt lat="30.633932" lon="104.157196">
        <time>2026-05-29T12:55:12Z</time>
      </trkpt>
      <trkpt lat="30.633945" lon="104.15716">
        <time>2026-05-29T12:55:13Z</time>
      </trkpt>
      <trkpt lat="30.633959" lon="104.15713">
        <time>2026-05-29T12:55:14Z</time>
      </trkpt>
      <trkpt lat="30.633974" lon="104.1571">
        <time>2026-05-29T12:55:15Z</time>
      </trkpt>
      <trkpt lat="30.633986" lon="104.15707">
        <time>2026-05-29T12:55:16Z</time>
      </trkpt>
      <trkpt lat="30.633997" lon="104.157036">
        <time>2026-05-29T12:55:17Z</time>
      </trkpt>
      <trkpt lat="30.63401" lon="104.15701">
        <time>2026-05-29T12:55:18Z</time>
      </trkpt>
      <trkpt lat="30.63402" lon="104.15699">
        <time>2026-05-29T12:55:19Z</time>
      </trkpt>
      <trkpt lat="30.63403" lon="104.15696">
        <time>2026-05-29T12:55:20Z</time>
      </trkpt>
      <trkpt lat="30.63404" lon="104.156944">
        <time>2026-05-29T12:55:21Z</time>
      </trkpt>
      <trkpt lat="30.634048" lon="104.15691">
        <time>2026-05-29T12:55:22Z</time>
      </trkpt>
      <trkpt lat="30.634054" lon="104.15689">
        <time>2026-05-29T12:55:23Z</time>
      </trkpt>
      <trkpt lat="30.634058" lon="104.15687">
        <time>2026-05-29T12:55:24Z</time>
      </trkpt>
      <trkpt lat="30.634064" lon="104.156845">
        <time>2026-05-29T12:55:25Z</time>
      </trkpt>
      <trkpt lat="30.634071" lon="104.156815">
        <time>2026-05-29T12:55:26Z</time>
      </trkpt>
      <trkpt lat="30.63408" lon="104.156784">
        <time>2026-05-29T12:55:27Z</time>
      </trkpt>
      <trkpt lat="30.634089" lon="104.15675">
        <time>2026-05-29T12:55:28Z</time>
      </trkpt>
      <trkpt lat="30.634102" lon="104.15672">
        <time>2026-05-29T12:55:29Z</time>
      </trkpt>
      <trkpt lat="30.634117" lon="104.15669">
        <time>2026-05-29T12:55:30Z</time>
      </trkpt>
      <trkpt lat="30.63413" lon="104.15666">
        <time>2026-05-29T12:55:31Z</time>
      </trkpt>
      <trkpt lat="30.634146" lon="104.156624">
        <time>2026-05-29T12:55:32Z</time>
      </trkpt>
      <trkpt lat="30.63416" lon="104.15659">
        <time>2026-05-29T12:55:33Z</time>
      </trkpt>
      <trkpt lat="30.63417" lon="104.156555">
        <time>2026-05-29T12:55:34Z</time>
      </trkpt>
      <trkpt lat="30.634186" lon="104.156525">
        <time>2026-05-29T12:55:35Z</time>
      </trkpt>
      <trkpt lat="30.6342" lon="104.156494">
        <time>2026-05-29T12:55:36Z</time>
      </trkpt>
      <trkpt lat="30.634216" lon="104.15646">
        <time>2026-05-29T12:55:37Z</time>
      </trkpt>
      <trkpt lat="30.634228" lon="104.15643">
        <time>2026-05-29T12:55:38Z</time>
      </trkpt>
      <trkpt lat="30.634241" lon="104.1564">
        <time>2026-05-29T12:55:39Z</time>
      </trkpt>
      <trkpt lat="30.634256" lon="104.15637">
        <time>2026-05-29T12:55:40Z</time>
      </trkpt>
      <trkpt lat="30.63428" lon="104.15633">
        <time>2026-05-29T12:55:41Z</time>
      </trkpt>
      <trkpt lat="30.6343" lon="104.15628">
        <time>2026-05-29T12:55:42Z</time>
      </trkpt>
      <trkpt lat="30.634315" lon="104.156235">
        <time>2026-05-29T12:55:43Z</time>
      </trkpt>
      <trkpt lat="30.63433" lon="104.15618">
        <time>2026-05-29T12:55:44Z</time>
      </trkpt>
      <trkpt lat="30.634354" lon="104.156136">
        <time>2026-05-29T12:55:45Z</time>
      </trkpt>
      <trkpt lat="30.634375" lon="104.15608">
        <time>2026-05-29T12:55:46Z</time>
      </trkpt>
      <trkpt lat="30.634398" lon="104.15603">
        <time>2026-05-29T12:55:47Z</time>
      </trkpt>
      <trkpt lat="30.63442" lon="104.15598">
        <time>2026-05-29T12:55:48Z</time>
      </trkpt>
      <trkpt lat="30.634441" lon="104.15592">
        <time>2026-05-29T12:55:49Z</time>
      </trkpt>
      <trkpt lat="30.634466" lon="104.15587">
        <time>2026-05-29T12:55:50Z</time>
      </trkpt>
      <trkpt lat="30.634483" lon="104.15581">
        <time>2026-05-29T12:55:51Z</time>
      </trkpt>
      <trkpt lat="30.634502" lon="104.155754">
        <time>2026-05-29T12:55:52Z</time>
      </trkpt>
      <trkpt lat="30.634523" lon="104.15571">
        <time>2026-05-29T12:55:53Z</time>
      </trkpt>
      <trkpt lat="30.634537" lon="104.15567">
        <time>2026-05-29T12:55:54Z</time>
      </trkpt>
      <trkpt lat="30.634554" lon="104.155624">
        <time>2026-05-29T12:55:55Z</time>
      </trkpt>
      <trkpt lat="30.634571" lon="104.15559">
        <time>2026-05-29T12:55:56Z</time>
      </trkpt>
      <trkpt lat="30.63459" lon="104.155556">
        <time>2026-05-29T12:55:57Z</time>
      </trkpt>
      <trkpt lat="30.634604" lon="104.15551">
        <time>2026-05-29T12:55:58Z</time>
      </trkpt>
      <trkpt lat="30.634617" lon="104.15548">
        <time>2026-05-29T12:55:59Z</time>
      </trkpt>
      <trkpt lat="30.634628" lon="104.15544">
        <time>2026-05-29T12:56:00Z</time>
      </trkpt>
      <trkpt lat="30.634638" lon="104.1554">
        <time>2026-05-29T12:56:01Z</time>
      </trkpt>
      <trkpt lat="30.63465" lon="104.155365">
        <time>2026-05-29T12:56:02Z</time>
      </trkpt>
      <trkpt lat="30.634659" lon="104.155334">
        <time>2026-05-29T12:56:03Z</time>
      </trkpt>
      <trkpt lat="30.634672" lon="104.155304">
        <time>2026-05-29T12:56:04Z</time>
      </trkpt>
      <trkpt lat="30.634687" lon="104.15527">
        <time>2026-05-29T12:56:05Z</time>
      </trkpt>
      <trkpt lat="30.6347" lon="104.15524">
        <time>2026-05-29T12:56:06Z</time>
      </trkpt>
      <trkpt lat="30.634712" lon="104.15521">
        <time>2026-05-29T12:56:07Z</time>
      </trkpt>
      <trkpt lat="30.634722" lon="104.15518">
        <time>2026-05-29T12:56:08Z</time>
      </trkpt>
      <trkpt lat="30.634735" lon="104.15515">
        <time>2026-05-29T12:56:09Z</time>
      </trkpt>
      <trkpt lat="30.634745" lon="104.15512">
        <time>2026-05-29T12:56:10Z</time>
      </trkpt>
      <trkpt lat="30.63476" lon="104.15509">
        <time>2026-05-29T12:56:11Z</time>
      </trkpt>
      <trkpt lat="30.634773" lon="104.15506">
        <time>2026-05-29T12:56:12Z</time>
      </trkpt>
      <trkpt lat="30.634787" lon="104.15503">
        <time>2026-05-29T12:56:13Z</time>
      </trkpt>
      <trkpt lat="30.6348" lon="104.155">
        <time>2026-05-29T12:56:14Z</time>
      </trkpt>
      <trkpt lat="30.634815" lon="104.15496">
        <time>2026-05-29T12:56:15Z</time>
      </trkpt>
      <trkpt lat="30.634829" lon="104.15493">
        <time>2026-05-29T12:56:16Z</time>
      </trkpt>
      <trkpt lat="30.634846" lon="104.15489">
        <time>2026-05-29T12:56:17Z</time>
      </trkpt>
      <trkpt lat="30.63486" lon="104.154854">
        <time>2026-05-29T12:56:18Z</time>
      </trkpt>
      <trkpt lat="30.634874" lon="104.15482">
        <time>2026-05-29T12:56:19Z</time>
      </trkpt>
      <trkpt lat="30.634888" lon="104.154785">
        <time>2026-05-29T12:56:20Z</time>
      </trkpt>
      <trkpt lat="30.634903" lon="104.15475">
        <time>2026-05-29T12:56:21Z</time>
      </trkpt>
      <trkpt lat="30.634916" lon="104.15472">
        <time>2026-05-29T12:56:22Z</time>
      </trkpt>
      <trkpt lat="30.634933" lon="104.15468">
        <time>2026-05-29T12:56:23Z</time>
      </trkpt>
      <trkpt lat="30.63495" lon="104.15464">
        <time>2026-05-29T12:56:24Z</time>
      </trkpt>
      <trkpt lat="30.634968" lon="104.1546">
        <time>2026-05-29T12:56:25Z</time>
      </trkpt>
      <trkpt lat="30.634989" lon="104.154564">
        <time>2026-05-29T12:56:26Z</time>
      </trkpt>
      <trkpt lat="30.635006" lon="104.15453">
        <time>2026-05-29T12:56:27Z</time>
      </trkpt>
      <trkpt lat="30.635021" lon="104.15449">
        <time>2026-05-29T12:56:28Z</time>
      </trkpt>
      <trkpt lat="30.635035" lon="104.15445">
        <time>2026-05-29T12:56:29Z</time>
      </trkpt>
      <trkpt lat="30.635048" lon="104.15441">
        <time>2026-05-29T12:56:30Z</time>
      </trkpt>
      <trkpt lat="30.635057" lon="104.15437">
        <time>2026-05-29T12:56:31Z</time>
      </trkpt>
      <trkpt lat="30.63507" lon="104.154335">
        <time>2026-05-29T12:56:32Z</time>
      </trkpt>
      <trkpt lat="30.635086" lon="104.1543">
        <time>2026-05-29T12:56:33Z</time>
      </trkpt>
      <trkpt lat="30.6351" lon="104.15426">
        <time>2026-05-29T12:56:34Z</time>
      </trkpt>
      <trkpt lat="30.635115" lon="104.15422">
        <time>2026-05-29T12:56:35Z</time>
      </trkpt>
      <trkpt lat="30.635132" lon="104.154175">
        <time>2026-05-29T12:56:36Z</time>
      </trkpt>
      <trkpt lat="30.635149" lon="104.15413">
        <time>2026-05-29T12:56:37Z</time>
      </trkpt>
      <trkpt lat="30.635164" lon="104.15409">
        <time>2026-05-29T12:56:38Z</time>
      </trkpt>
      <trkpt lat="30.63518" lon="104.154045">
        <time>2026-05-29T12:56:39Z</time>
      </trkpt>
      <trkpt lat="30.635197" lon="104.154">
        <time>2026-05-29T12:56:40Z</time>
      </trkpt>
      <trkpt lat="30.635231" lon="104.15391">
        <time>2026-05-29T12:56:42Z</time>
      </trkpt>
      <trkpt lat="30.635248" lon="104.15386">
        <time>2026-05-29T12:56:43Z</time>
      </trkpt>
      <trkpt lat="30.63527" lon="104.15381">
        <time>2026-05-29T12:56:44Z</time>
      </trkpt>
      <trkpt lat="30.635288" lon="104.15376">
        <time>2026-05-29T12:56:45Z</time>
      </trkpt>
      <trkpt lat="30.635307" lon="104.15371">
        <time>2026-05-29T12:56:46Z</time>
      </trkpt>
      <trkpt lat="30.635324" lon="104.153656">
        <time>2026-05-29T12:56:47Z</time>
      </trkpt>
      <trkpt lat="30.635344" lon="104.1536">
        <time>2026-05-29T12:56:48Z</time>
      </trkpt>
      <trkpt lat="30.635363" lon="104.15355">
        <time>2026-05-29T12:56:49Z</time>
      </trkpt>
      <trkpt lat="30.635386" lon="104.153496">
        <time>2026-05-29T12:56:50Z</time>
      </trkpt>
      <trkpt lat="30.635406" lon="104.15344">
        <time>2026-05-29T12:56:51Z</time>
      </trkpt>
      <trkpt lat="30.635427" lon="104.15339">
        <time>2026-05-29T12:56:52Z</time>
      </trkpt>
      <trkpt lat="30.635454" lon="104.15333">
        <time>2026-05-29T12:56:53Z</time>
      </trkpt>
      <trkpt lat="30.63548" lon="104.15327">
        <time>2026-05-29T12:56:54Z</time>
      </trkpt>
      <trkpt lat="30.635508" lon="104.153206">
        <time>2026-05-29T12:56:55Z</time>
      </trkpt>
      <trkpt lat="30.635536" lon="104.15314">
        <time>2026-05-29T12:56:56Z</time>
      </trkpt>
      <trkpt lat="30.635565" lon="104.15307">
        <time>2026-05-29T12:56:57Z</time>
      </trkpt>
      <trkpt lat="30.635595" lon="104.153">
        <time>2026-05-29T12:56:58Z</time>
      </trkpt>
      <trkpt lat="30.63562" lon="104.15295">
        <time>2026-05-29T12:56:59Z</time>
      </trkpt>
      <trkpt lat="30.635653" lon="104.15287">
        <time>2026-05-29T12:57:00Z</time>
      </trkpt>
      <trkpt lat="30.635681" lon="104.152794">
        <time>2026-05-29T12:57:01Z</time>
      </trkpt>
      <trkpt lat="30.635715" lon="104.15271">
        <time>2026-05-29T12:57:02Z</time>
      </trkpt>
      <trkpt lat="30.635744" lon="104.152626">
        <time>2026-05-29T12:57:03Z</time>
      </trkpt>
      <trkpt lat="30.635775" lon="104.152534">
        <time>2026-05-29T12:57:04Z</time>
      </trkpt>
      <trkpt lat="30.635807" lon="104.15244">
        <time>2026-05-29T12:57:05Z</time>
      </trkpt>
      <trkpt lat="30.635838" lon="104.15235">
        <time>2026-05-29T12:57:06Z</time>
      </trkpt>
      <trkpt lat="30.635874" lon="104.15226">
        <time>2026-05-29T12:57:07Z</time>
      </trkpt>
      <trkpt lat="30.635908" lon="104.15217">
        <time>2026-05-29T12:57:08Z</time>
      </trkpt>
      <trkpt lat="30.635948" lon="104.15207">
        <time>2026-05-29T12:57:09Z</time>
      </trkpt>
      <trkpt lat="30.635984" lon="104.15197">
        <time>2026-05-29T12:57:10Z</time>
      </trkpt>
      <trkpt lat="30.636023" lon="104.15188">
        <time>2026-05-29T12:57:11Z</time>
      </trkpt>
      <trkpt lat="30.63607" lon="104.15178">
        <time>2026-05-29T12:57:12Z</time>
      </trkpt>
      <trkpt lat="30.636118" lon="104.15169">
        <time>2026-05-29T12:57:13Z</time>
      </trkpt>
      <trkpt lat="30.636171" lon="104.15159">
        <time>2026-05-29T12:57:14Z</time>
      </trkpt>
      <trkpt lat="30.636229" lon="104.1515">
        <time>2026-05-29T12:57:15Z</time>
      </trkpt>
      <trkpt lat="30.636288" lon="104.1514">
        <time>2026-05-29T12:57:16Z</time>
      </trkpt>
      <trkpt lat="30.636343" lon="104.151306">
        <time>2026-05-29T12:57:17Z</time>
      </trkpt>
      <trkpt lat="30.636402" lon="104.15121">
        <time>2026-05-29T12:57:18Z</time>
      </trkpt>
      <trkpt lat="30.636457" lon="104.15111">
        <time>2026-05-29T12:57:19Z</time>
      </trkpt>
      <trkpt lat="30.636509" lon="104.15102">
        <time>2026-05-29T12:57:20Z</time>
      </trkpt>
      <trkpt lat="30.636562" lon="104.15092">
        <time>2026-05-29T12:57:21Z</time>
      </trkpt>
      <trkpt lat="30.636614" lon="104.15082">
        <time>2026-05-29T12:57:22Z</time>
      </trkpt>
      <trkpt lat="30.636663" lon="104.15071">
        <time>2026-05-29T12:57:23Z</time>
      </trkpt>
      <trkpt lat="30.636713" lon="104.15061">
        <time>2026-05-29T12:57:24Z</time>
      </trkpt>
      <trkpt lat="30.63676" lon="104.15051">
        <time>2026-05-29T12:57:25Z</time>
      </trkpt>
      <trkpt lat="30.636803" lon="104.15041">
        <time>2026-05-29T12:57:26Z</time>
      </trkpt>
      <trkpt lat="30.636843" lon="104.15032">
        <time>2026-05-29T12:57:27Z</time>
      </trkpt>
      <trkpt lat="30.636873" lon="104.15023">
        <time>2026-05-29T12:57:28Z</time>
      </trkpt>
      <trkpt lat="30.636892" lon="104.15016">
        <time>2026-05-29T12:57:29Z</time>
      </trkpt>
      <trkpt lat="30.636904" lon="104.15012">
        <time>2026-05-29T12:57:30Z</time>
      </trkpt>
      <trkpt lat="30.636911" lon="104.150085">
        <time>2026-05-29T12:57:31Z</time>
      </trkpt>
      <trkpt lat="30.636917" lon="104.15004">
        <time>2026-05-29T12:57:32Z</time>
      </trkpt>
      <trkpt lat="30.63692" lon="104.15">
        <time>2026-05-29T12:57:33Z</time>
      </trkpt>
      <trkpt lat="30.636932" lon="104.14994">
        <time>2026-05-29T12:57:34Z</time>
      </trkpt>
      <trkpt lat="30.636946" lon="104.14989">
        <time>2026-05-29T12:57:35Z</time>
      </trkpt>
      <trkpt lat="30.636963" lon="104.14983">
        <time>2026-05-29T12:57:36Z</time>
      </trkpt>
      <trkpt lat="30.636986" lon="104.149765">
        <time>2026-05-29T12:57:37Z</time>
      </trkpt>
      <trkpt lat="30.637007" lon="104.1497">
        <time>2026-05-29T12:57:38Z</time>
      </trkpt>
      <trkpt lat="30.63703" lon="104.149635">
        <time>2026-05-29T12:57:39Z</time>
      </trkpt>
      <trkpt lat="30.637054" lon="104.14957">
        <time>2026-05-29T12:57:40Z</time>
      </trkpt>
      <trkpt lat="30.637089" lon="104.14948">
        <time>2026-05-29T12:57:41Z</time>
      </trkpt>
      <trkpt lat="30.637117" lon="104.149414">
        <time>2026-05-29T12:57:42Z</time>
      </trkpt>
      <trkpt lat="30.637152" lon="104.14934">
        <time>2026-05-29T12:57:43Z</time>
      </trkpt>
      <trkpt lat="30.637186" lon="104.14928">
        <time>2026-05-29T12:57:44Z</time>
      </trkpt>
      <trkpt lat="30.637234" lon="104.14921">
        <time>2026-05-29T12:57:45Z</time>
      </trkpt>
      <trkpt lat="30.637281" lon="104.149155">
        <time>2026-05-29T12:57:46Z</time>
      </trkpt>
      <trkpt lat="30.637327" lon="104.1491">
        <time>2026-05-29T12:57:47Z</time>
      </trkpt>
      <trkpt lat="30.637377" lon="104.149055">
        <time>2026-05-29T12:57:48Z</time>
      </trkpt>
      <trkpt lat="30.637424" lon="104.14901">
        <time>2026-05-29T12:57:49Z</time>
      </trkpt>
      <trkpt lat="30.637474" lon="104.14897">
        <time>2026-05-29T12:57:50Z</time>
      </trkpt>
      <trkpt lat="30.63752" lon="104.148926">
        <time>2026-05-29T12:57:51Z</time>
      </trkpt>
      <trkpt lat="30.637564" lon="104.14889">
        <time>2026-05-29T12:57:52Z</time>
      </trkpt>
      <trkpt lat="30.63761" lon="104.14886">
        <time>2026-05-29T12:57:53Z</time>
      </trkpt>
      <trkpt lat="30.637653" lon="104.14882">
        <time>2026-05-29T12:57:54Z</time>
      </trkpt>
      <trkpt lat="30.637695" lon="104.14879">
        <time>2026-05-29T12:57:55Z</time>
      </trkpt>
      <trkpt lat="30.637733" lon="104.14876">
        <time>2026-05-29T12:57:56Z</time>
      </trkpt>
      <trkpt lat="30.63777" lon="104.148735">
        <time>2026-05-29T12:57:57Z</time>
      </trkpt>
      <trkpt lat="30.637806" lon="104.14871">
        <time>2026-05-29T12:57:58Z</time>
      </trkpt>
      <trkpt lat="30.637838" lon="104.14869">
        <time>2026-05-29T12:57:59Z</time>
      </trkpt>
      <trkpt lat="30.637867" lon="104.14867">
        <time>2026-05-29T12:58:00Z</time>
      </trkpt>
      <trkpt lat="30.637897" lon="104.14866">
        <time>2026-05-29T12:58:01Z</time>
      </trkpt>
      <trkpt lat="30.637915" lon="104.14865">
        <time>2026-05-29T12:58:02Z</time>
      </trkpt>
      <trkpt lat="30.637928" lon="104.14864">
        <time>2026-05-29T12:58:03Z</time>
      </trkpt>
      <trkpt lat="30.637938" lon="104.14864">
        <time>2026-05-29T12:58:04Z</time>
      </trkpt>
      <trkpt lat="30.637938" lon="104.14864">
        <time>2026-05-29T12:58:05Z</time>
      </trkpt>
      <trkpt lat="30.637938" lon="104.14864">
        <time>2026-05-29T12:58:06Z</time>
      </trkpt>
      <trkpt lat="30.637938" lon="104.14864">
        <time>2026-05-29T12:58:07Z</time>
      </trkpt>
      <trkpt lat="30.63795" lon="104.14866">
        <time>2026-05-29T12:58:08Z</time>
      </trkpt>
      <trkpt lat="30.637964" lon="104.14866">
        <time>2026-05-29T12:58:09Z</time>
      </trkpt>
      <trkpt lat="30.637981" lon="104.14865">
        <time>2026-05-29T12:58:10Z</time>
      </trkpt>
      <trkpt lat="30.637995" lon="104.14863">
        <time>2026-05-29T12:58:11Z</time>
      </trkpt>
      <trkpt lat="30.637983" lon="104.148605">
        <time>2026-05-29T12:58:12Z</time>
      </trkpt>
      <trkpt lat="30.637962" lon="104.148575">
        <time>2026-05-29T12:58:13Z</time>
      </trkpt>
      <trkpt lat="30.637941" lon="104.14854">
        <time>2026-05-29T12:58:14Z</time>
      </trkpt>
      <trkpt lat="30.637922" lon="104.14851">
        <time>2026-05-29T12:58:15Z</time>
      </trkpt>
      <trkpt lat="30.637909" lon="104.148476">
        <time>2026-05-29T12:58:16Z</time>
      </trkpt>
      <trkpt lat="30.637892" lon="104.148445">
        <time>2026-05-29T12:58:17Z</time>
      </trkpt>
      <trkpt lat="30.637873" lon="104.148415">
        <time>2026-05-29T12:58:18Z</time>
      </trkpt>
      <trkpt lat="30.637856" lon="104.148384">
        <time>2026-05-29T12:58:19Z</time>
      </trkpt>
      <trkpt lat="30.637836" lon="104.14836">
        <time>2026-05-29T12:58:20Z</time>
      </trkpt>
      <trkpt lat="30.637817" lon="104.14834">
        <time>2026-05-29T12:58:21Z</time>
      </trkpt>
      <trkpt lat="30.637798" lon="104.14831">
        <time>2026-05-29T12:58:22Z</time>
      </trkpt>
      <trkpt lat="30.637783" lon="104.148285">
        <time>2026-05-29T12:58:23Z</time>
      </trkpt>
      <trkpt lat="30.637766" lon="104.148254">
        <time>2026-05-29T12:58:24Z</time>
      </trkpt>
      <trkpt lat="30.637749" lon="104.14823">
        <time>2026-05-29T12:58:25Z</time>
      </trkpt>
      <trkpt lat="30.637732" lon="104.14821">
        <time>2026-05-29T12:58:26Z</time>
      </trkpt>
      <trkpt lat="30.637714" lon="104.14818">
        <time>2026-05-29T12:58:27Z</time>
      </trkpt>
      <trkpt lat="30.6377" lon="104.148155">
        <time>2026-05-29T12:58:28Z</time>
      </trkpt>
      <trkpt lat="30.63768" lon="104.148125">
        <time>2026-05-29T12:58:29Z</time>
      </trkpt>
      <trkpt lat="30.637661" lon="104.148094">
        <time>2026-05-29T12:58:30Z</time>
      </trkpt>
      <trkpt lat="30.637646" lon="104.14806">
        <time>2026-05-29T12:58:31Z</time>
      </trkpt>
      <trkpt lat="30.637632" lon="104.14803">
        <time>2026-05-29T12:58:32Z</time>
      </trkpt>
      <trkpt lat="30.637619" lon="104.148">
        <time>2026-05-29T12:58:33Z</time>
      </trkpt>
      <trkpt lat="30.637606" lon="104.14797">
        <time>2026-05-29T12:58:34Z</time>
      </trkpt>
      <trkpt lat="30.63759" lon="104.147934">
        <time>2026-05-29T12:58:35Z</time>
      </trkpt>
      <trkpt lat="30.637579" lon="104.147896">
        <time>2026-05-29T12:58:36Z</time>
      </trkpt>
      <trkpt lat="30.637568" lon="104.14786">
        <time>2026-05-29T12:58:37Z</time>
      </trkpt>
      <trkpt lat="30.637554" lon="104.147804">
        <time>2026-05-29T12:58:38Z</time>
      </trkpt>
      <trkpt lat="30.637552" lon="104.14775">
        <time>2026-05-29T12:58:39Z</time>
      </trkpt>
      <trkpt lat="30.637548" lon="104.147705">
        <time>2026-05-29T12:58:40Z</time>
      </trkpt>
      <trkpt lat="30.637545" lon="104.14761">
        <time>2026-05-29T12:58:42Z</time>
      </trkpt>
      <trkpt lat="30.637547" lon="104.14757">
        <time>2026-05-29T12:58:43Z</time>
      </trkpt>
      <trkpt lat="30.637552" lon="104.147514">
        <time>2026-05-29T12:58:44Z</time>
      </trkpt>
      <trkpt lat="30.637556" lon="104.14747">
        <time>2026-05-29T12:58:45Z</time>
      </trkpt>
      <trkpt lat="30.63756" lon="104.147415">
        <time>2026-05-29T12:58:46Z</time>
      </trkpt>
      <trkpt lat="30.637568" lon="104.14736">
        <time>2026-05-29T12:58:47Z</time>
      </trkpt>
      <trkpt lat="30.637571" lon="104.147316">
        <time>2026-05-29T12:58:48Z</time>
      </trkpt>
      <trkpt lat="30.637577" lon="104.14727">
        <time>2026-05-29T12:58:49Z</time>
      </trkpt>
      <trkpt lat="30.63758" lon="104.14722">
        <time>2026-05-29T12:58:50Z</time>
      </trkpt>
      <trkpt lat="30.637594" lon="104.14713">
        <time>2026-05-29T12:58:52Z</time>
      </trkpt>
      <trkpt lat="30.637602" lon="104.147095">
        <time>2026-05-29T12:58:53Z</time>
      </trkpt>
      <trkpt lat="30.63761" lon="104.14705">
        <time>2026-05-29T12:58:54Z</time>
      </trkpt>
      <trkpt lat="30.637617" lon="104.14702">
        <time>2026-05-29T12:58:55Z</time>
      </trkpt>
      <trkpt lat="30.637627" lon="104.146965">
        <time>2026-05-29T12:58:56Z</time>
      </trkpt>
      <trkpt lat="30.637636" lon="104.14692">
        <time>2026-05-29T12:58:57Z</time>
      </trkpt>
      <trkpt lat="30.63765" lon="104.14686">
        <time>2026-05-29T12:58:58Z</time>
      </trkpt>
      <trkpt lat="30.637663" lon="104.146805">
        <time>2026-05-29T12:58:59Z</time>
      </trkpt>
      <trkpt lat="30.637678" lon="104.14674">
        <time>2026-05-29T12:59:00Z</time>
      </trkpt>
      <trkpt lat="30.637697" lon="104.14668">
        <time>2026-05-29T12:59:01Z</time>
      </trkpt>
      <trkpt lat="30.63771" lon="104.146614">
        <time>2026-05-29T12:59:02Z</time>
      </trkpt>
      <trkpt lat="30.637724" lon="104.146545">
        <time>2026-05-29T12:59:03Z</time>
      </trkpt>
      <trkpt lat="30.63774" lon="104.14648">
        <time>2026-05-29T12:59:04Z</time>
      </trkpt>
      <trkpt lat="30.637753" lon="104.146416">
        <time>2026-05-29T12:59:05Z</time>
      </trkpt>
      <trkpt lat="30.637766" lon="104.146355">
        <time>2026-05-29T12:59:06Z</time>
      </trkpt>
      <trkpt lat="30.637775" lon="104.14629">
        <time>2026-05-29T12:59:07Z</time>
      </trkpt>
      <trkpt lat="30.63778" lon="104.146225">
        <time>2026-05-29T12:59:08Z</time>
      </trkpt>
      <trkpt lat="30.6378" lon="104.1461">
        <time>2026-05-29T12:59:10Z</time>
      </trkpt>
      <trkpt lat="30.63781" lon="104.14605">
        <time>2026-05-29T12:59:11Z</time>
      </trkpt>
      <trkpt lat="30.63782" lon="104.14599">
        <time>2026-05-29T12:59:12Z</time>
      </trkpt>
      <trkpt lat="30.63783" lon="104.145935">
        <time>2026-05-29T12:59:13Z</time>
      </trkpt>
      <trkpt lat="30.637844" lon="104.145874">
        <time>2026-05-29T12:59:14Z</time>
      </trkpt>
      <trkpt lat="30.637861" lon="104.14582">
        <time>2026-05-29T12:59:15Z</time>
      </trkpt>
      <trkpt lat="30.637878" lon="104.14577">
        <time>2026-05-29T12:59:16Z</time>
      </trkpt>
      <trkpt lat="30.637894" lon="104.14571">
        <time>2026-05-29T12:59:17Z</time>
      </trkpt>
      <trkpt lat="30.637909" lon="104.14565">
        <time>2026-05-29T12:59:18Z</time>
      </trkpt>
      <trkpt lat="30.637926" lon="104.14559">
        <time>2026-05-29T12:59:19Z</time>
      </trkpt>
      <trkpt lat="30.637945" lon="104.14552">
        <time>2026-05-29T12:59:20Z</time>
      </trkpt>
      <trkpt lat="30.63796" lon="104.14547">
        <time>2026-05-29T12:59:21Z</time>
      </trkpt>
      <trkpt lat="30.637978" lon="104.14541">
        <time>2026-05-29T12:59:22Z</time>
      </trkpt>
      <trkpt lat="30.637995" lon="104.145355">
        <time>2026-05-29T12:59:23Z</time>
      </trkpt>
      <trkpt lat="30.63801" lon="104.145294">
        <time>2026-05-29T12:59:24Z</time>
      </trkpt>
      <trkpt lat="30.638023" lon="104.14524">
        <time>2026-05-29T12:59:25Z</time>
      </trkpt>
      <trkpt lat="30.638037" lon="104.14519">
        <time>2026-05-29T12:59:26Z</time>
      </trkpt>
      <trkpt lat="30.63805" lon="104.145134">
        <time>2026-05-29T12:59:27Z</time>
      </trkpt>
      <trkpt lat="30.63806" lon="104.14509">
        <time>2026-05-29T12:59:28Z</time>
      </trkpt>
      <trkpt lat="30.638071" lon="104.145035">
        <time>2026-05-29T12:59:29Z</time>
      </trkpt>
      <trkpt lat="30.638084" lon="104.14499">
        <time>2026-05-29T12:59:30Z</time>
      </trkpt>
      <trkpt lat="30.638096" lon="104.14494">
        <time>2026-05-29T12:59:31Z</time>
      </trkpt>
      <trkpt lat="30.638107" lon="104.1449">
        <time>2026-05-29T12:59:32Z</time>
      </trkpt>
      <trkpt lat="30.638117" lon="104.14485">
        <time>2026-05-29T12:59:33Z</time>
      </trkpt>
      <trkpt lat="30.638124" lon="104.14481">
        <time>2026-05-29T12:59:34Z</time>
      </trkpt>
      <trkpt lat="30.638136" lon="104.144775">
        <time>2026-05-29T12:59:35Z</time>
      </trkpt>
      <trkpt lat="30.638144" lon="104.14474">
        <time>2026-05-29T12:59:36Z</time>
      </trkpt>
      <trkpt lat="30.638153" lon="104.1447">
        <time>2026-05-29T12:59:37Z</time>
      </trkpt>
      <trkpt lat="30.638163" lon="104.14465">
        <time>2026-05-29T12:59:38Z</time>
      </trkpt>
      <trkpt lat="30.638165" lon="104.144615">
        <time>2026-05-29T12:59:39Z</time>
      </trkpt>
      <trkpt lat="30.638168" lon="104.144585">
        <time>2026-05-29T12:59:40Z</time>
      </trkpt>
      <trkpt lat="30.63817" lon="104.14455">
        <time>2026-05-29T12:59:41Z</time>
      </trkpt>
      <trkpt lat="30.638172" lon="104.14451">
        <time>2026-05-29T12:59:42Z</time>
      </trkpt>
      <trkpt lat="30.638172" lon="104.144455">
        <time>2026-05-29T12:59:43Z</time>
      </trkpt>
      <trkpt lat="30.63818" lon="104.14442">
        <time>2026-05-29T12:59:44Z</time>
      </trkpt>
      <trkpt lat="30.638199" lon="104.14436">
        <time>2026-05-29T12:59:45Z</time>
      </trkpt>
      <trkpt lat="30.638227" lon="104.144325">
        <time>2026-05-29T12:59:46Z</time>
      </trkpt>
      <trkpt lat="30.638254" lon="104.14429">
        <time>2026-05-29T12:59:47Z</time>
      </trkpt>
      <trkpt lat="30.638277" lon="104.14425">
        <time>2026-05-29T12:59:48Z</time>
      </trkpt>
      <trkpt lat="30.63829" lon="104.14422">
        <time>2026-05-29T12:59:49Z</time>
      </trkpt>
      <trkpt lat="30.638306" lon="104.14418">
        <time>2026-05-29T12:59:50Z</time>
      </trkpt>
      <trkpt lat="30.63831" lon="104.14415">
        <time>2026-05-29T12:59:51Z</time>
      </trkpt>
      <trkpt lat="30.63832" lon="104.14412">
        <time>2026-05-29T12:59:52Z</time>
      </trkpt>
      <trkpt lat="30.638327" lon="104.14408">
        <time>2026-05-29T12:59:53Z</time>
      </trkpt>
      <trkpt lat="30.638334" lon="104.14404">
        <time>2026-05-29T12:59:54Z</time>
      </trkpt>
      <trkpt lat="30.638344" lon="104.144005">
        <time>2026-05-29T12:59:55Z</time>
      </trkpt>
      <trkpt lat="30.638355" lon="104.14396">
        <time>2026-05-29T12:59:56Z</time>
      </trkpt>
      <trkpt lat="30.638363" lon="104.14391">
        <time>2026-05-29T12:59:57Z</time>
      </trkpt>
      <trkpt lat="30.638372" lon="104.14387">
        <time>2026-05-29T12:59:58Z</time>
      </trkpt>
      <trkpt lat="30.638378" lon="104.14382">
        <time>2026-05-29T12:59:59Z</time>
      </trkpt>
      <trkpt lat="30.638386" lon="104.14378">
        <time>2026-05-29T13:00:00Z</time>
      </trkpt>
      <trkpt lat="30.638395" lon="104.143745">
        <time>2026-05-29T13:00:01Z</time>
      </trkpt>
      <trkpt lat="30.638403" lon="104.1437">
        <time>2026-05-29T13:00:02Z</time>
      </trkpt>
      <trkpt lat="30.638412" lon="104.14366">
        <time>2026-05-29T13:00:03Z</time>
      </trkpt>
      <trkpt lat="30.638426" lon="104.143616">
        <time>2026-05-29T13:00:04Z</time>
      </trkpt>
      <trkpt lat="30.63844" lon="104.14358">
        <time>2026-05-29T13:00:05Z</time>
      </trkpt>
      <trkpt lat="30.63845" lon="104.14354">
        <time>2026-05-29T13:00:06Z</time>
      </trkpt>
      <trkpt lat="30.63846" lon="104.1435">
        <time>2026-05-29T13:00:07Z</time>
      </trkpt>
      <trkpt lat="30.63847" lon="104.143456">
        <time>2026-05-29T13:00:08Z</time>
      </trkpt>
      <trkpt lat="30.638489" lon="104.14336">
        <time>2026-05-29T13:00:10Z</time>
      </trkpt>
      <trkpt lat="30.638504" lon="104.143295">
        <time>2026-05-29T13:00:11Z</time>
      </trkpt>
      <trkpt lat="30.638517" lon="104.14324">
        <time>2026-05-29T13:00:12Z</time>
      </trkpt>
      <trkpt lat="30.63853" lon="104.14318">
        <time>2026-05-29T13:00:13Z</time>
      </trkpt>
      <trkpt lat="30.638544" lon="104.143135">
        <time>2026-05-29T13:00:14Z</time>
      </trkpt>
      <trkpt lat="30.638554" lon="104.14309">
        <time>2026-05-29T13:00:15Z</time>
      </trkpt>
      <trkpt lat="30.638563" lon="104.14304">
        <time>2026-05-29T13:00:16Z</time>
      </trkpt>
      <trkpt lat="30.638573" lon="104.143">
        <time>2026-05-29T13:00:17Z</time>
      </trkpt>
      <trkpt lat="30.638584" lon="104.14296">
        <time>2026-05-29T13:00:18Z</time>
      </trkpt>
      <trkpt lat="30.638596" lon="104.14293">
        <time>2026-05-29T13:00:19Z</time>
      </trkpt>
      <trkpt lat="30.638605" lon="104.14288">
        <time>2026-05-29T13:00:20Z</time>
      </trkpt>
      <trkpt lat="30.638613" lon="104.142845">
        <time>2026-05-29T13:00:21Z</time>
      </trkpt>
      <trkpt lat="30.638624" lon="104.14281">
        <time>2026-05-29T13:00:22Z</time>
      </trkpt>
      <trkpt lat="30.638632" lon="104.14277">
        <time>2026-05-29T13:00:23Z</time>
      </trkpt>
      <trkpt lat="30.638641" lon="104.14272">
        <time>2026-05-29T13:00:24Z</time>
      </trkpt>
      <trkpt lat="30.63865" lon="104.14269">
        <time>2026-05-29T13:00:25Z</time>
      </trkpt>
      <trkpt lat="30.63866" lon="104.142654">
        <time>2026-05-29T13:00:26Z</time>
      </trkpt>
      <trkpt lat="30.638672" lon="104.14261">
        <time>2026-05-29T13:00:27Z</time>
      </trkpt>
      <trkpt lat="30.638683" lon="104.14257">
        <time>2026-05-29T13:00:28Z</time>
      </trkpt>
      <trkpt lat="30.638693" lon="104.14253">
        <time>2026-05-29T13:00:29Z</time>
      </trkpt>
      <trkpt lat="30.6387" lon="104.142494">
        <time>2026-05-29T13:00:30Z</time>
      </trkpt>
      <trkpt lat="30.638706" lon="104.142456">
        <time>2026-05-29T13:00:31Z</time>
      </trkpt>
      <trkpt lat="30.638712" lon="104.14241">
        <time>2026-05-29T13:00:32Z</time>
      </trkpt>
      <trkpt lat="30.63872" lon="104.14237">
        <time>2026-05-29T13:00:33Z</time>
      </trkpt>
      <trkpt lat="30.638725" lon="104.142334">
        <time>2026-05-29T13:00:34Z</time>
      </trkpt>
      <trkpt lat="30.638731" lon="104.142296">
        <time>2026-05-29T13:00:35Z</time>
      </trkpt>
      <trkpt lat="30.638739" lon="104.14225">
        <time>2026-05-29T13:00:36Z</time>
      </trkpt>
      <trkpt lat="30.638752" lon="104.14221">
        <time>2026-05-29T13:00:37Z</time>
      </trkpt>
      <trkpt lat="30.638763" lon="104.142166">
        <time>2026-05-29T13:00:38Z</time>
      </trkpt>
      <trkpt lat="30.638777" lon="104.14213">
        <time>2026-05-29T13:00:39Z</time>
      </trkpt>
      <trkpt lat="30.638786" lon="104.142075">
        <time>2026-05-29T13:00:40Z</time>
      </trkpt>
      <trkpt lat="30.638794" lon="104.14203">
        <time>2026-05-29T13:00:41Z</time>
      </trkpt>
      <trkpt lat="30.638805" lon="104.14198">
        <time>2026-05-29T13:00:42Z</time>
      </trkpt>
      <trkpt lat="30.638815" lon="104.14194">
        <time>2026-05-29T13:00:43Z</time>
      </trkpt>
      <trkpt lat="30.638836" lon="104.141884">
        <time>2026-05-29T13:00:44Z</time>
      </trkpt>
      <trkpt lat="30.63885" lon="104.14184">
        <time>2026-05-29T13:00:45Z</time>
      </trkpt>
      <trkpt lat="30.63886" lon="104.141785">
        <time>2026-05-29T13:00:46Z</time>
      </trkpt>
      <trkpt lat="30.638874" lon="104.14173">
        <time>2026-05-29T13:00:47Z</time>
      </trkpt>
      <trkpt lat="30.638887" lon="104.141685">
        <time>2026-05-29T13:00:48Z</time>
      </trkpt>
      <trkpt lat="30.6389" lon="104.14163">
        <time>2026-05-29T13:00:49Z</time>
      </trkpt>
      <trkpt lat="30.638914" lon="104.14158">
        <time>2026-05-29T13:00:50Z</time>
      </trkpt>
      <trkpt lat="30.638926" lon="104.14152">
        <time>2026-05-29T13:00:51Z</time>
      </trkpt>
      <trkpt lat="30.638937" lon="104.141464">
        <time>2026-05-29T13:00:52Z</time>
      </trkpt>
      <trkpt lat="30.638943" lon="104.141426">
        <time>2026-05-29T13:00:53Z</time>
      </trkpt>
      <trkpt lat="30.638954" lon="104.141396">
        <time>2026-05-29T13:00:54Z</time>
      </trkpt>
      <trkpt lat="30.63896" lon="104.141365">
        <time>2026-05-29T13:00:55Z</time>
      </trkpt>
      <trkpt lat="30.638968" lon="104.141335">
        <time>2026-05-29T13:00:56Z</time>
      </trkpt>
      <trkpt lat="30.63898" lon="104.14129">
        <time>2026-05-29T13:00:57Z</time>
      </trkpt>
      <trkpt lat="30.638998" lon="104.14124">
        <time>2026-05-29T13:00:58Z</time>
      </trkpt>
      <trkpt lat="30.639015" lon="104.1412">
        <time>2026-05-29T13:00:59Z</time>
      </trkpt>
      <trkpt lat="30.639034" lon="104.14116">
        <time>2026-05-29T13:01:00Z</time>
      </trkpt>
      <trkpt lat="30.63905" lon="104.141106">
        <time>2026-05-29T13:01:01Z</time>
      </trkpt>
      <trkpt lat="30.63907" lon="104.14106">
        <time>2026-05-29T13:01:02Z</time>
      </trkpt>
      <trkpt lat="30.639093" lon="104.141014">
        <time>2026-05-29T13:01:03Z</time>
      </trkpt>
      <trkpt lat="30.639112" lon="104.140976">
        <time>2026-05-29T13:01:04Z</time>
      </trkpt>
      <trkpt lat="30.639126" lon="104.14092">
        <time>2026-05-29T13:01:05Z</time>
      </trkpt>
      <trkpt lat="30.639141" lon="104.14086">
        <time>2026-05-29T13:01:06Z</time>
      </trkpt>
      <trkpt lat="30.639154" lon="104.1408">
        <time>2026-05-29T13:01:07Z</time>
      </trkpt>
      <trkpt lat="30.639172" lon="104.14075">
        <time>2026-05-29T13:01:08Z</time>
      </trkpt>
      <trkpt lat="30.639189" lon="104.14069">
        <time>2026-05-29T13:01:09Z</time>
      </trkpt>
      <trkpt lat="30.6392" lon="104.14063">
        <time>2026-05-29T13:01:10Z</time>
      </trkpt>
      <trkpt lat="30.639215" lon="104.14058">
        <time>2026-05-29T13:01:11Z</time>
      </trkpt>
      <trkpt lat="30.63923" lon="104.14051">
        <time>2026-05-29T13:01:12Z</time>
      </trkpt>
      <trkpt lat="30.639244" lon="104.14044">
        <time>2026-05-29T13:01:13Z</time>
      </trkpt>
      <trkpt lat="30.639261" lon="104.14037">
        <time>2026-05-29T13:01:14Z</time>
      </trkpt>
      <trkpt lat="30.639277" lon="104.1403">
        <time>2026-05-29T13:01:15Z</time>
      </trkpt>
      <trkpt lat="30.639297" lon="104.140205">
        <time>2026-05-29T13:01:16Z</time>
      </trkpt>
      <trkpt lat="30.639315" lon="104.140114">
        <time>2026-05-29T13:01:17Z</time>
      </trkpt>
      <trkpt lat="30.639324" lon="104.14002">
        <time>2026-05-29T13:01:18Z</time>
      </trkpt>
      <trkpt lat="30.63933" lon="104.13994">
        <time>2026-05-29T13:01:19Z</time>
      </trkpt>
      <trkpt lat="30.639326" lon="104.139854">
        <time>2026-05-29T13:01:20Z</time>
      </trkpt>
      <trkpt lat="30.639328" lon="104.13976">
        <time>2026-05-29T13:01:21Z</time>
      </trkpt>
      <trkpt lat="30.639334" lon="104.13968">
        <time>2026-05-29T13:01:22Z</time>
      </trkpt>
      <trkpt lat="30.639338" lon="104.1396">
        <time>2026-05-29T13:01:23Z</time>
      </trkpt>
      <trkpt lat="30.639338" lon="104.139534">
        <time>2026-05-29T13:01:24Z</time>
      </trkpt>
      <trkpt lat="30.639338" lon="104.139465">
        <time>2026-05-29T13:01:25Z</time>
      </trkpt>
      <trkpt lat="30.63934" lon="104.1394">
        <time>2026-05-29T13:01:26Z</time>
      </trkpt>
      <trkpt lat="30.639345" lon="104.13933">
        <time>2026-05-29T13:01:27Z</time>
      </trkpt>
      <trkpt lat="30.639359" lon="104.13926">
        <time>2026-05-29T13:01:28Z</time>
      </trkpt>
      <trkpt lat="30.639366" lon="104.1392">
        <time>2026-05-29T13:01:29Z</time>
      </trkpt>
      <trkpt lat="30.639374" lon="104.13913">
        <time>2026-05-29T13:01:30Z</time>
      </trkpt>
      <trkpt lat="30.63938" lon="104.13907">
        <time>2026-05-29T13:01:31Z</time>
      </trkpt>
      <trkpt lat="30.639385" lon="104.13901">
        <time>2026-05-29T13:01:32Z</time>
      </trkpt>
      <trkpt lat="30.639393" lon="104.13893">
        <time>2026-05-29T13:01:33Z</time>
      </trkpt>
      <trkpt lat="30.639406" lon="104.13887">
        <time>2026-05-29T13:01:34Z</time>
      </trkpt>
      <trkpt lat="30.63941" lon="104.13881">
        <time>2026-05-29T13:01:35Z</time>
      </trkpt>
      <trkpt lat="30.639416" lon="104.138756">
        <time>2026-05-29T13:01:36Z</time>
      </trkpt>
      <trkpt lat="30.63942" lon="104.1387">
        <time>2026-05-29T13:01:37Z</time>
      </trkpt>
      <trkpt lat="30.639421" lon="104.13866">
        <time>2026-05-29T13:01:38Z</time>
      </trkpt>
      <trkpt lat="30.63942" lon="104.1386">
        <time>2026-05-29T13:01:39Z</time>
      </trkpt>
      <trkpt lat="30.639416" lon="104.13856">
        <time>2026-05-29T13:01:40Z</time>
      </trkpt>
      <trkpt lat="30.639418" lon="104.1385">
        <time>2026-05-29T13:01:41Z</time>
      </trkpt>
      <trkpt lat="30.639421" lon="104.13845">
        <time>2026-05-29T13:01:42Z</time>
      </trkpt>
      <trkpt lat="30.639425" lon="104.13839">
        <time>2026-05-29T13:01:43Z</time>
      </trkpt>
      <trkpt lat="30.639423" lon="104.138336">
        <time>2026-05-29T13:01:44Z</time>
      </trkpt>
      <trkpt lat="30.63942" lon="104.13828">
        <time>2026-05-29T13:01:45Z</time>
      </trkpt>
      <trkpt lat="30.639416" lon="104.13823">
        <time>2026-05-29T13:01:46Z</time>
      </trkpt>
      <trkpt lat="30.639416" lon="104.13817">
        <time>2026-05-29T13:01:47Z</time>
      </trkpt>
      <trkpt lat="30.63942" lon="104.138115">
        <time>2026-05-29T13:01:48Z</time>
      </trkpt>
      <trkpt lat="30.63943" lon="104.13806">
        <time>2026-05-29T13:01:49Z</time>
      </trkpt>
      <trkpt lat="30.639442" lon="104.13801">
        <time>2026-05-29T13:01:50Z</time>
      </trkpt>
      <trkpt lat="30.639458" lon="104.13796">
        <time>2026-05-29T13:01:51Z</time>
      </trkpt>
      <trkpt lat="30.639471" lon="104.13792">
        <time>2026-05-29T13:01:52Z</time>
      </trkpt>
      <trkpt lat="30.639482" lon="104.13786">
        <time>2026-05-29T13:01:53Z</time>
      </trkpt>
      <trkpt lat="30.639494" lon="104.13781">
        <time>2026-05-29T13:01:54Z</time>
      </trkpt>
      <trkpt lat="30.6395" lon="104.13776">
        <time>2026-05-29T13:01:55Z</time>
      </trkpt>
      <trkpt lat="30.639505" lon="104.13771">
        <time>2026-05-29T13:01:56Z</time>
      </trkpt>
      <trkpt lat="30.639511" lon="104.13766">
        <time>2026-05-29T13:01:57Z</time>
      </trkpt>
      <trkpt lat="30.639517" lon="104.1376">
        <time>2026-05-29T13:01:58Z</time>
      </trkpt>
      <trkpt lat="30.639515" lon="104.13756">
        <time>2026-05-29T13:01:59Z</time>
      </trkpt>
      <trkpt lat="30.63951" lon="104.13751">
        <time>2026-05-29T13:02:00Z</time>
      </trkpt>
      <trkpt lat="30.639498" lon="104.13747">
        <time>2026-05-29T13:02:01Z</time>
      </trkpt>
      <trkpt lat="30.639492" lon="104.13742">
        <time>2026-05-29T13:02:02Z</time>
      </trkpt>
      <trkpt lat="30.639486" lon="104.13734">
        <time>2026-05-29T13:02:04Z</time>
      </trkpt>
      <trkpt lat="30.639484" lon="104.1373">
        <time>2026-05-29T13:02:05Z</time>
      </trkpt>
      <trkpt lat="30.639484" lon="104.13727">
        <time>2026-05-29T13:02:06Z</time>
      </trkpt>
      <trkpt lat="30.639486" lon="104.13723">
        <time>2026-05-29T13:02:07Z</time>
      </trkpt>
      <trkpt lat="30.639486" lon="104.13718">
        <time>2026-05-29T13:02:08Z</time>
      </trkpt>
      <trkpt lat="30.63949" lon="104.137085">
        <time>2026-05-29T13:02:10Z</time>
      </trkpt>
      <trkpt lat="30.639492" lon="104.13703">
        <time>2026-05-29T13:02:11Z</time>
      </trkpt>
      <trkpt lat="30.639492" lon="104.13698">
        <time>2026-05-29T13:02:12Z</time>
      </trkpt>
      <trkpt lat="30.639494" lon="104.13693">
        <time>2026-05-29T13:02:13Z</time>
      </trkpt>
      <trkpt lat="30.639496" lon="104.13688">
        <time>2026-05-29T13:02:14Z</time>
      </trkpt>
      <trkpt lat="30.6395" lon="104.13683">
        <time>2026-05-29T13:02:15Z</time>
      </trkpt>
      <trkpt lat="30.639503" lon="104.13678">
        <time>2026-05-29T13:02:16Z</time>
      </trkpt>
      <trkpt lat="30.639502" lon="104.13673">
        <time>2026-05-29T13:02:17Z</time>
      </trkpt>
      <trkpt lat="30.6395" lon="104.13668">
        <time>2026-05-29T13:02:18Z</time>
      </trkpt>
      <trkpt lat="30.639492" lon="104.136635">
        <time>2026-05-29T13:02:19Z</time>
      </trkpt>
      <trkpt lat="30.63948" lon="104.13659">
        <time>2026-05-29T13:02:20Z</time>
      </trkpt>
      <trkpt lat="30.63947" lon="104.13654">
        <time>2026-05-29T13:02:21Z</time>
      </trkpt>
      <trkpt lat="30.639456" lon="104.1365">
        <time>2026-05-29T13:02:22Z</time>
      </trkpt>
      <trkpt lat="30.639456" lon="104.136444">
        <time>2026-05-29T13:02:23Z</time>
      </trkpt>
      <trkpt lat="30.639456" lon="104.13639">
        <time>2026-05-29T13:02:24Z</time>
      </trkpt>
      <trkpt lat="30.639458" lon="104.13634">
        <time>2026-05-29T13:02:25Z</time>
      </trkpt>
      <trkpt lat="30.639463" lon="104.136284">
        <time>2026-05-29T13:02:26Z</time>
      </trkpt>
      <trkpt lat="30.639467" lon="104.13624">
        <time>2026-05-29T13:02:27Z</time>
      </trkpt>
      <trkpt lat="30.639471" lon="104.13618">
        <time>2026-05-29T13:02:28Z</time>
      </trkpt>
      <trkpt lat="30.639477" lon="104.13612">
        <time>2026-05-29T13:02:29Z</time>
      </trkpt>
      <trkpt lat="30.63948" lon="104.13606">
        <time>2026-05-29T13:02:30Z</time>
      </trkpt>
      <trkpt lat="30.63948" lon="104.13601">
        <time>2026-05-29T13:02:31Z</time>
      </trkpt>
      <trkpt lat="30.639482" lon="104.13595">
        <time>2026-05-29T13:02:32Z</time>
      </trkpt>
      <trkpt lat="30.639482" lon="104.135895">
        <time>2026-05-29T13:02:33Z</time>
      </trkpt>
      <trkpt lat="30.639484" lon="104.13583">
        <time>2026-05-29T13:02:34Z</time>
      </trkpt>
      <trkpt lat="30.639488" lon="104.135765">
        <time>2026-05-29T13:02:35Z</time>
      </trkpt>
      <trkpt lat="30.639486" lon="104.135704">
        <time>2026-05-29T13:02:36Z</time>
      </trkpt>
      <trkpt lat="30.639484" lon="104.13564">
        <time>2026-05-29T13:02:37Z</time>
      </trkpt>
      <trkpt lat="30.639486" lon="104.13558">
        <time>2026-05-29T13:02:38Z</time>
      </trkpt>
      <trkpt lat="30.63949" lon="104.13553">
        <time>2026-05-29T13:02:39Z</time>
      </trkpt>
      <trkpt lat="30.6395" lon="104.13547">
        <time>2026-05-29T13:02:40Z</time>
      </trkpt>
      <trkpt lat="30.639511" lon="104.13541">
        <time>2026-05-29T13:02:41Z</time>
      </trkpt>
      <trkpt lat="30.639517" lon="104.135345">
        <time>2026-05-29T13:02:42Z</time>
      </trkpt>
      <trkpt lat="30.639524" lon="104.135284">
        <time>2026-05-29T13:02:43Z</time>
      </trkpt>
      <trkpt lat="30.63953" lon="104.13522">
        <time>2026-05-29T13:02:44Z</time>
      </trkpt>
      <trkpt lat="30.639532" lon="104.13516">
        <time>2026-05-29T13:02:45Z</time>
      </trkpt>
      <trkpt lat="30.639538" lon="104.13509">
        <time>2026-05-29T13:02:46Z</time>
      </trkpt>
      <trkpt lat="30.639544" lon="104.135025">
        <time>2026-05-29T13:02:47Z</time>
      </trkpt>
      <trkpt lat="30.639545" lon="104.134964">
        <time>2026-05-29T13:02:48Z</time>
      </trkpt>
      <trkpt lat="30.639544" lon="104.1349">
        <time>2026-05-29T13:02:49Z</time>
      </trkpt>
      <trkpt lat="30.63954" lon="104.13484">
        <time>2026-05-29T13:02:50Z</time>
      </trkpt>
      <trkpt lat="30.639536" lon="104.13478">
        <time>2026-05-29T13:02:51Z</time>
      </trkpt>
      <trkpt lat="30.639534" lon="104.13472">
        <time>2026-05-29T13:02:52Z</time>
      </trkpt>
      <trkpt lat="30.639536" lon="104.13466">
        <time>2026-05-29T13:02:53Z</time>
      </trkpt>
      <trkpt lat="30.639536" lon="104.1346">
        <time>2026-05-29T13:02:54Z</time>
      </trkpt>
      <trkpt lat="30.639536" lon="104.13454">
        <time>2026-05-29T13:02:55Z</time>
      </trkpt>
      <trkpt lat="30.639536" lon="104.13448">
        <time>2026-05-29T13:02:56Z</time>
      </trkpt>
      <trkpt lat="30.639536" lon="104.13442">
        <time>2026-05-29T13:02:57Z</time>
      </trkpt>
      <trkpt lat="30.639534" lon="104.13436">
        <time>2026-05-29T13:02:58Z</time>
      </trkpt>
      <trkpt lat="30.63953" lon="104.1343">
        <time>2026-05-29T13:02:59Z</time>
      </trkpt>
      <trkpt lat="30.639524" lon="104.13424">
        <time>2026-05-29T13:03:00Z</time>
      </trkpt>
      <trkpt lat="30.63952" lon="104.134186">
        <time>2026-05-29T13:03:01Z</time>
      </trkpt>
      <trkpt lat="30.639519" lon="104.134125">
        <time>2026-05-29T13:03:02Z</time>
      </trkpt>
      <trkpt lat="30.639517" lon="104.13406">
        <time>2026-05-29T13:03:03Z</time>
      </trkpt>
      <trkpt lat="30.63952" lon="104.134">
        <time>2026-05-29T13:03:04Z</time>
      </trkpt>
      <trkpt lat="30.639523" lon="104.13394">
        <time>2026-05-29T13:03:05Z</time>
      </trkpt>
      <trkpt lat="30.639523" lon="104.13389">
        <time>2026-05-29T13:03:06Z</time>
      </trkpt>
      <trkpt lat="30.639524" lon="104.13383">
        <time>2026-05-29T13:03:07Z</time>
      </trkpt>
      <trkpt lat="30.639526" lon="104.133766">
        <time>2026-05-29T13:03:08Z</time>
      </trkpt>
      <trkpt lat="30.63953" lon="104.133705">
        <time>2026-05-29T13:03:09Z</time>
      </trkpt>
      <trkpt lat="30.639534" lon="104.13365">
        <time>2026-05-29T13:03:10Z</time>
      </trkpt>
      <trkpt lat="30.639536" lon="104.13359">
        <time>2026-05-29T13:03:11Z</time>
      </trkpt>
      <trkpt lat="30.639538" lon="104.13353">
        <time>2026-05-29T13:03:12Z</time>
      </trkpt>
      <trkpt lat="30.639538" lon="104.13348">
        <time>2026-05-29T13:03:13Z</time>
      </trkpt>
      <trkpt lat="30.639538" lon="104.133415">
        <time>2026-05-29T13:03:14Z</time>
      </trkpt>
      <trkpt lat="30.639542" lon="104.133354">
        <time>2026-05-29T13:03:15Z</time>
      </trkpt>
      <trkpt lat="30.639544" lon="104.13329">
        <time>2026-05-29T13:03:16Z</time>
      </trkpt>
      <trkpt lat="30.639547" lon="104.13323">
        <time>2026-05-29T13:03:17Z</time>
      </trkpt>
      <trkpt lat="30.63955" lon="104.13318">
        <time>2026-05-29T13:03:18Z</time>
      </trkpt>
      <trkpt lat="30.63955" lon="104.13311">
        <time>2026-05-29T13:03:19Z</time>
      </trkpt>
      <trkpt lat="30.63955" lon="104.13305">
        <time>2026-05-29T13:03:20Z</time>
      </trkpt>
      <trkpt lat="30.639551" lon="104.13299">
        <time>2026-05-29T13:03:21Z</time>
      </trkpt>
      <trkpt lat="30.639551" lon="104.13293">
        <time>2026-05-29T13:03:22Z</time>
      </trkpt>
      <trkpt lat="30.639553" lon="104.132866">
        <time>2026-05-29T13:03:23Z</time>
      </trkpt>
      <trkpt lat="30.639555" lon="104.1328">
        <time>2026-05-29T13:03:24Z</time>
      </trkpt>
      <trkpt lat="30.639563" lon="104.13273">
        <time>2026-05-29T13:03:25Z</time>
      </trkpt>
      <trkpt lat="30.639566" lon="104.13266">
        <time>2026-05-29T13:03:26Z</time>
      </trkpt>
      <trkpt lat="30.63957" lon="104.13259">
        <time>2026-05-29T13:03:27Z</time>
      </trkpt>
      <trkpt lat="30.639574" lon="104.13252">
        <time>2026-05-29T13:03:28Z</time>
      </trkpt>
      <trkpt lat="30.639576" lon="104.132454">
        <time>2026-05-29T13:03:29Z</time>
      </trkpt>
      <trkpt lat="30.63958" lon="104.132385">
        <time>2026-05-29T13:03:30Z</time>
      </trkpt>
      <trkpt lat="30.639582" lon="104.13232">
        <time>2026-05-29T13:03:31Z</time>
      </trkpt>
      <trkpt lat="30.639584" lon="104.132256">
        <time>2026-05-29T13:03:32Z</time>
      </trkpt>
      <trkpt lat="30.639585" lon="104.13219">
        <time>2026-05-29T13:03:33Z</time>
      </trkpt>
      <trkpt lat="30.639587" lon="104.13212">
        <time>2026-05-29T13:03:34Z</time>
      </trkpt>
      <trkpt lat="30.639585" lon="104.13204">
        <time>2026-05-29T13:03:35Z</time>
      </trkpt>
      <trkpt lat="30.639585" lon="104.131966">
        <time>2026-05-29T13:03:36Z</time>
      </trkpt>
      <trkpt lat="30.639587" lon="104.13189">
        <time>2026-05-29T13:03:37Z</time>
      </trkpt>
      <trkpt lat="30.639587" lon="104.13181">
        <time>2026-05-29T13:03:38Z</time>
      </trkpt>
      <trkpt lat="30.639585" lon="104.13174">
        <time>2026-05-29T13:03:39Z</time>
      </trkpt>
      <trkpt lat="30.639582" lon="104.13166">
        <time>2026-05-29T13:03:40Z</time>
      </trkpt>
      <trkpt lat="30.639582" lon="104.131584">
        <time>2026-05-29T13:03:41Z</time>
      </trkpt>
      <trkpt lat="30.639576" lon="104.1315">
        <time>2026-05-29T13:03:42Z</time>
      </trkpt>
      <trkpt lat="30.639572" lon="104.131424">
        <time>2026-05-29T13:03:43Z</time>
      </trkpt>
      <trkpt lat="30.639566" lon="104.13134">
        <time>2026-05-29T13:03:44Z</time>
      </trkpt>
      <trkpt lat="30.63956" lon="104.13126">
        <time>2026-05-29T13:03:45Z</time>
      </trkpt>
      <trkpt lat="30.639555" lon="104.13118">
        <time>2026-05-29T13:03:46Z</time>
      </trkpt>
      <trkpt lat="30.639551" lon="104.131096">
        <time>2026-05-29T13:03:47Z</time>
      </trkpt>
      <trkpt lat="30.639545" lon="104.13101">
        <time>2026-05-29T13:03:48Z</time>
      </trkpt>
      <trkpt lat="30.63954" lon="104.13093">
        <time>2026-05-29T13:03:49Z</time>
      </trkpt>
      <trkpt lat="30.639536" lon="104.13084">
        <time>2026-05-29T13:03:50Z</time>
      </trkpt>
      <trkpt lat="30.63953" lon="104.13075">
        <time>2026-05-29T13:03:51Z</time>
      </trkpt>
      <trkpt lat="30.639523" lon="104.13067">
        <time>2026-05-29T13:03:52Z</time>
      </trkpt>
      <trkpt lat="30.639515" lon="104.13058">
        <time>2026-05-29T13:03:53Z</time>
      </trkpt>
      <trkpt lat="30.63951" lon="104.13049">
        <time>2026-05-29T13:03:54Z</time>
      </trkpt>
      <trkpt lat="30.6395" lon="104.1304">
        <time>2026-05-29T13:03:55Z</time>
      </trkpt>
      <trkpt lat="30.639492" lon="104.13032">
        <time>2026-05-29T13:03:56Z</time>
      </trkpt>
      <trkpt lat="30.639482" lon="104.130226">
        <time>2026-05-29T13:03:57Z</time>
      </trkpt>
      <trkpt lat="30.639473" lon="104.13014">
        <time>2026-05-29T13:03:58Z</time>
      </trkpt>
      <trkpt lat="30.639463" lon="104.13005">
        <time>2026-05-29T13:03:59Z</time>
      </trkpt>
      <trkpt lat="30.639454" lon="104.12997">
        <time>2026-05-29T13:04:00Z</time>
      </trkpt>
      <trkpt lat="30.63944" lon="104.12988">
        <time>2026-05-29T13:04:01Z</time>
      </trkpt>
      <trkpt lat="30.639427" lon="104.12979">
        <time>2026-05-29T13:04:02Z</time>
      </trkpt>
      <trkpt lat="30.639414" lon="104.129715">
        <time>2026-05-29T13:04:03Z</time>
      </trkpt>
      <trkpt lat="30.6394" lon="104.12964">
        <time>2026-05-29T13:04:04Z</time>
      </trkpt>
      <trkpt lat="30.639387" lon="104.12957">
        <time>2026-05-29T13:04:05Z</time>
      </trkpt>
      <trkpt lat="30.639376" lon="104.12949">
        <time>2026-05-29T13:04:06Z</time>
      </trkpt>
      <trkpt lat="30.639364" lon="104.129425">
        <time>2026-05-29T13:04:07Z</time>
      </trkpt>
      <trkpt lat="30.639357" lon="104.12936">
        <time>2026-05-29T13:04:08Z</time>
      </trkpt>
      <trkpt lat="30.63934" lon="104.12923">
        <time>2026-05-29T13:04:10Z</time>
      </trkpt>
      <trkpt lat="30.639338" lon="104.12917">
        <time>2026-05-29T13:04:11Z</time>
      </trkpt>
      <trkpt lat="30.639338" lon="104.129105">
        <time>2026-05-29T13:04:12Z</time>
      </trkpt>
      <trkpt lat="30.639334" lon="104.12904">
        <time>2026-05-29T13:04:13Z</time>
      </trkpt>
      <trkpt lat="30.639326" lon="104.128975">
        <time>2026-05-29T13:04:14Z</time>
      </trkpt>
      <trkpt lat="30.63932" lon="104.12891">
        <time>2026-05-29T13:04:15Z</time>
      </trkpt>
      <trkpt lat="30.639315" lon="104.12884">
        <time>2026-05-29T13:04:16Z</time>
      </trkpt>
      <trkpt lat="30.63931" lon="104.12878">
        <time>2026-05-29T13:04:17Z</time>
      </trkpt>
      <trkpt lat="30.639303" lon="104.1287">
        <time>2026-05-29T13:04:18Z</time>
      </trkpt>
      <trkpt lat="30.639294" lon="104.12864">
        <time>2026-05-29T13:04:19Z</time>
      </trkpt>
      <trkpt lat="30.639284" lon="104.12858">
        <time>2026-05-29T13:04:20Z</time>
      </trkpt>
      <trkpt lat="30.639277" lon="104.128525">
        <time>2026-05-29T13:04:21Z</time>
      </trkpt>
      <trkpt lat="30.63927" lon="104.12846">
        <time>2026-05-29T13:04:22Z</time>
      </trkpt>
      <trkpt lat="30.639261" lon="104.12841">
        <time>2026-05-29T13:04:23Z</time>
      </trkpt>
      <trkpt lat="30.63926" lon="104.12836">
        <time>2026-05-29T13:04:24Z</time>
      </trkpt>
      <trkpt lat="30.639275" lon="104.128296">
        <time>2026-05-29T13:04:25Z</time>
      </trkpt>
      <trkpt lat="30.639278" lon="104.12824">
        <time>2026-05-29T13:04:26Z</time>
      </trkpt>
      <trkpt lat="30.639275" lon="104.1282">
        <time>2026-05-29T13:04:27Z</time>
      </trkpt>
      <trkpt lat="30.63927" lon="104.128136">
        <time>2026-05-29T13:04:28Z</time>
      </trkpt>
      <trkpt lat="30.639267" lon="104.12807">
        <time>2026-05-29T13:04:29Z</time>
      </trkpt>
      <trkpt lat="30.63926" lon="104.128">
        <time>2026-05-29T13:04:30Z</time>
      </trkpt>
      <trkpt lat="30.63925" lon="104.12793">
        <time>2026-05-29T13:04:31Z</time>
      </trkpt>
      <trkpt lat="30.63924" lon="104.12786">
        <time>2026-05-29T13:04:32Z</time>
      </trkpt>
      <trkpt lat="30.63923" lon="104.12779">
        <time>2026-05-29T13:04:33Z</time>
      </trkpt>
      <trkpt lat="30.639227" lon="104.12772">
        <time>2026-05-29T13:04:34Z</time>
      </trkpt>
      <trkpt lat="30.63922" lon="104.12765">
        <time>2026-05-29T13:04:35Z</time>
      </trkpt>
      <trkpt lat="30.639212" lon="104.12758">
        <time>2026-05-29T13:04:36Z</time>
      </trkpt>
      <trkpt lat="30.639206" lon="104.12751">
        <time>2026-05-29T13:04:37Z</time>
      </trkpt>
      <trkpt lat="30.639196" lon="104.12744">
        <time>2026-05-29T13:04:38Z</time>
      </trkpt>
      <trkpt lat="30.639193" lon="104.12737">
        <time>2026-05-29T13:04:39Z</time>
      </trkpt>
      <trkpt lat="30.639189" lon="104.12731">
        <time>2026-05-29T13:04:40Z</time>
      </trkpt>
      <trkpt lat="30.639183" lon="104.12724">
        <time>2026-05-29T13:04:41Z</time>
      </trkpt>
      <trkpt lat="30.63918" lon="104.12718">
        <time>2026-05-29T13:04:42Z</time>
      </trkpt>
      <trkpt lat="30.639172" lon="104.12712">
        <time>2026-05-29T13:04:43Z</time>
      </trkpt>
      <trkpt lat="30.63916" lon="104.12705">
        <time>2026-05-29T13:04:44Z</time>
      </trkpt>
      <trkpt lat="30.63915" lon="104.12698">
        <time>2026-05-29T13:04:45Z</time>
      </trkpt>
      <trkpt lat="30.639137" lon="104.12692">
        <time>2026-05-29T13:04:46Z</time>
      </trkpt>
      <trkpt lat="30.639128" lon="104.12686">
        <time>2026-05-29T13:04:47Z</time>
      </trkpt>
      <trkpt lat="30.639124" lon="104.12681">
        <time>2026-05-29T13:04:48Z</time>
      </trkpt>
      <trkpt lat="30.639116" lon="104.12675">
        <time>2026-05-29T13:04:49Z</time>
      </trkpt>
      <trkpt lat="30.639114" lon="104.12668">
        <time>2026-05-29T13:04:50Z</time>
      </trkpt>
      <trkpt lat="30.63911" lon="104.12661">
        <time>2026-05-29T13:04:51Z</time>
      </trkpt>
      <trkpt lat="30.639103" lon="104.12655">
        <time>2026-05-29T13:04:52Z</time>
      </trkpt>
      <trkpt lat="30.639095" lon="104.12648">
        <time>2026-05-29T13:04:53Z</time>
      </trkpt>
      <trkpt lat="30.639088" lon="104.12641">
        <time>2026-05-29T13:04:54Z</time>
      </trkpt>
      <trkpt lat="30.63908" lon="104.12635">
        <time>2026-05-29T13:04:55Z</time>
      </trkpt>
      <trkpt lat="30.639065" lon="104.12628">
        <time>2026-05-29T13:04:56Z</time>
      </trkpt>
      <trkpt lat="30.639053" lon="104.12622">
        <time>2026-05-29T13:04:57Z</time>
      </trkpt>
      <trkpt lat="30.639046" lon="104.12616">
        <time>2026-05-29T13:04:58Z</time>
      </trkpt>
      <trkpt lat="30.639038" lon="104.12609">
        <time>2026-05-29T13:04:59Z</time>
      </trkpt>
      <trkpt lat="30.639036" lon="104.12602">
        <time>2026-05-29T13:05:00Z</time>
      </trkpt>
      <trkpt lat="30.63904" lon="104.125946">
        <time>2026-05-29T13:05:01Z</time>
      </trkpt>
      <trkpt lat="30.63904" lon="104.125885">
        <time>2026-05-29T13:05:02Z</time>
      </trkpt>
      <trkpt lat="30.639032" lon="104.12582">
        <time>2026-05-29T13:05:03Z</time>
      </trkpt>
      <trkpt lat="30.639023" lon="104.12575">
        <time>2026-05-29T13:05:04Z</time>
      </trkpt>
      <trkpt lat="30.63902" lon="104.12569">
        <time>2026-05-29T13:05:05Z</time>
      </trkpt>
      <trkpt lat="30.639013" lon="104.12562">
        <time>2026-05-29T13:05:06Z</time>
      </trkpt>
      <trkpt lat="30.639" lon="104.12556">
        <time>2026-05-29T13:05:07Z</time>
      </trkpt>
      <trkpt lat="30.638985" lon="104.125496">
        <time>2026-05-29T13:05:08Z</time>
      </trkpt>
      <trkpt lat="30.63897" lon="104.12543">
        <time>2026-05-29T13:05:09Z</time>
      </trkpt>
      <trkpt lat="30.638958" lon="104.12537">
        <time>2026-05-29T13:05:10Z</time>
      </trkpt>
      <trkpt lat="30.638948" lon="104.125305">
        <time>2026-05-29T13:05:11Z</time>
      </trkpt>
      <trkpt lat="30.63894" lon="104.12524">
        <time>2026-05-29T13:05:12Z</time>
      </trkpt>
      <trkpt lat="30.638931" lon="104.125175">
        <time>2026-05-29T13:05:13Z</time>
      </trkpt>
      <trkpt lat="30.638922" lon="104.125114">
        <time>2026-05-29T13:05:14Z</time>
      </trkpt>
      <trkpt lat="30.638914" lon="104.12505">
        <time>2026-05-29T13:05:15Z</time>
      </trkpt>
      <trkpt lat="30.63891" lon="104.12499">
        <time>2026-05-29T13:05:16Z</time>
      </trkpt>
      <trkpt lat="30.638906" lon="104.12492">
        <time>2026-05-29T13:05:17Z</time>
      </trkpt>
      <trkpt lat="30.6389" lon="104.12486">
        <time>2026-05-29T13:05:18Z</time>
      </trkpt>
      <trkpt lat="30.638895" lon="104.1248">
        <time>2026-05-29T13:05:19Z</time>
      </trkpt>
      <trkpt lat="30.638891" lon="104.12473">
        <time>2026-05-29T13:05:20Z</time>
      </trkpt>
      <trkpt lat="30.638887" lon="104.12467">
        <time>2026-05-29T13:05:21Z</time>
      </trkpt>
      <trkpt lat="30.638887" lon="104.12461">
        <time>2026-05-29T13:05:22Z</time>
      </trkpt>
      <trkpt lat="30.638882" lon="104.12455">
        <time>2026-05-29T13:05:23Z</time>
      </trkpt>
      <trkpt lat="30.63888" lon="104.12448">
        <time>2026-05-29T13:05:24Z</time>
      </trkpt>
      <trkpt lat="30.638878" lon="104.12442">
        <time>2026-05-29T13:05:25Z</time>
      </trkpt>
      <trkpt lat="30.638878" lon="104.12436">
        <time>2026-05-29T13:05:26Z</time>
      </trkpt>
      <trkpt lat="30.638878" lon="104.1243">
        <time>2026-05-29T13:05:27Z</time>
      </trkpt>
      <trkpt lat="30.638876" lon="104.12424">
        <time>2026-05-29T13:05:28Z</time>
      </trkpt>
      <trkpt lat="30.638878" lon="104.12417">
        <time>2026-05-29T13:05:29Z</time>
      </trkpt>
      <trkpt lat="30.63888" lon="104.12411">
        <time>2026-05-29T13:05:30Z</time>
      </trkpt>
      <trkpt lat="30.638884" lon="104.12404">
        <time>2026-05-29T13:05:31Z</time>
      </trkpt>
      <trkpt lat="30.638887" lon="104.12398">
        <time>2026-05-29T13:05:32Z</time>
      </trkpt>
      <trkpt lat="30.63889" lon="104.12391">
        <time>2026-05-29T13:05:33Z</time>
      </trkpt>
      <trkpt lat="30.638895" lon="104.12385">
        <time>2026-05-29T13:05:34Z</time>
      </trkpt>
      <trkpt lat="30.6389" lon="104.12378">
        <time>2026-05-29T13:05:35Z</time>
      </trkpt>
      <trkpt lat="30.638903" lon="104.12371">
        <time>2026-05-29T13:05:36Z</time>
      </trkpt>
      <trkpt lat="30.63891" lon="104.12364">
        <time>2026-05-29T13:05:37Z</time>
      </trkpt>
      <trkpt lat="30.638916" lon="104.12357">
        <time>2026-05-29T13:05:38Z</time>
      </trkpt>
      <trkpt lat="30.638926" lon="104.123505">
        <time>2026-05-29T13:05:39Z</time>
      </trkpt>
      <trkpt lat="30.638933" lon="104.123436">
        <time>2026-05-29T13:05:40Z</time>
      </trkpt>
      <trkpt lat="30.638945" lon="104.12337">
        <time>2026-05-29T13:05:41Z</time>
      </trkpt>
      <trkpt lat="30.638954" lon="104.1233">
        <time>2026-05-29T13:05:42Z</time>
      </trkpt>
      <trkpt lat="30.638964" lon="104.12323">
        <time>2026-05-29T13:05:43Z</time>
      </trkpt>
      <trkpt lat="30.638973" lon="104.12315">
        <time>2026-05-29T13:05:44Z</time>
      </trkpt>
      <trkpt lat="30.638985" lon="104.123085">
        <time>2026-05-29T13:05:45Z</time>
      </trkpt>
      <trkpt lat="30.638996" lon="104.12302">
        <time>2026-05-29T13:05:46Z</time>
      </trkpt>
      <trkpt lat="30.639008" lon="104.12294">
        <time>2026-05-29T13:05:47Z</time>
      </trkpt>
      <trkpt lat="30.63902" lon="104.12287">
        <time>2026-05-29T13:05:48Z</time>
      </trkpt>
      <trkpt lat="30.639036" lon="104.122795">
        <time>2026-05-29T13:05:49Z</time>
      </trkpt>
      <trkpt lat="30.639048" lon="104.12273">
        <time>2026-05-29T13:05:50Z</time>
      </trkpt>
      <trkpt lat="30.639061" lon="104.12265">
        <time>2026-05-29T13:05:51Z</time>
      </trkpt>
      <trkpt lat="30.63908" lon="104.12258">
        <time>2026-05-29T13:05:52Z</time>
      </trkpt>
      <trkpt lat="30.639101" lon="104.122505">
        <time>2026-05-29T13:05:53Z</time>
      </trkpt>
      <trkpt lat="30.639124" lon="104.12244">
        <time>2026-05-29T13:05:54Z</time>
      </trkpt>
      <trkpt lat="30.639147" lon="104.12236">
        <time>2026-05-29T13:05:55Z</time>
      </trkpt>
      <trkpt lat="30.63917" lon="104.12228">
        <time>2026-05-29T13:05:56Z</time>
      </trkpt>
      <trkpt lat="30.639194" lon="104.1222">
        <time>2026-05-29T13:05:57Z</time>
      </trkpt>
      <trkpt lat="30.63922" lon="104.12212">
        <time>2026-05-29T13:05:58Z</time>
      </trkpt>
      <trkpt lat="30.639248" lon="104.12204">
        <time>2026-05-29T13:05:59Z</time>
      </trkpt>
      <trkpt lat="30.639278" lon="104.12196">
        <time>2026-05-29T13:06:00Z</time>
      </trkpt>
      <trkpt lat="30.639307" lon="104.12188">
        <time>2026-05-29T13:06:01Z</time>
      </trkpt>
      <trkpt lat="30.639336" lon="104.121796">
        <time>2026-05-29T13:06:02Z</time>
      </trkpt>
      <trkpt lat="30.639364" lon="104.12171">
        <time>2026-05-29T13:06:03Z</time>
      </trkpt>
      <trkpt lat="30.639393" lon="104.12163">
        <time>2026-05-29T13:06:04Z</time>
      </trkpt>
      <trkpt lat="30.639431" lon="104.121544">
        <time>2026-05-29T13:06:05Z</time>
      </trkpt>
      <trkpt lat="30.639477" lon="104.12147">
        <time>2026-05-29T13:06:06Z</time>
      </trkpt>
      <trkpt lat="30.639523" lon="104.12139">
        <time>2026-05-29T13:06:07Z</time>
      </trkpt>
      <trkpt lat="30.639565" lon="104.121315">
        <time>2026-05-29T13:06:08Z</time>
      </trkpt>
      <trkpt lat="30.639608" lon="104.12124">
        <time>2026-05-29T13:06:09Z</time>
      </trkpt>
      <trkpt lat="30.639652" lon="104.12116">
        <time>2026-05-29T13:06:10Z</time>
      </trkpt>
      <trkpt lat="30.639694" lon="104.121086">
        <time>2026-05-29T13:06:11Z</time>
      </trkpt>
      <trkpt lat="30.639732" lon="104.12101">
        <time>2026-05-29T13:06:12Z</time>
      </trkpt>
      <trkpt lat="30.639761" lon="104.120926">
        <time>2026-05-29T13:06:13Z</time>
      </trkpt>
      <trkpt lat="30.639793" lon="104.12084">
        <time>2026-05-29T13:06:14Z</time>
      </trkpt>
      <trkpt lat="30.639828" lon="104.12076">
        <time>2026-05-29T13:06:15Z</time>
      </trkpt>
      <trkpt lat="30.639862" lon="104.12068">
        <time>2026-05-29T13:06:16Z</time>
      </trkpt>
      <trkpt lat="30.639896" lon="104.120605">
        <time>2026-05-29T13:06:17Z</time>
      </trkpt>
      <trkpt lat="30.639936" lon="104.12054">
        <time>2026-05-29T13:06:18Z</time>
      </trkpt>
      <trkpt lat="30.639973" lon="104.12046">
        <time>2026-05-29T13:06:19Z</time>
      </trkpt>
      <trkpt lat="30.64001" lon="104.120384">
        <time>2026-05-29T13:06:20Z</time>
      </trkpt>
      <trkpt lat="30.64005" lon="104.12031">
        <time>2026-05-29T13:06:21Z</time>
      </trkpt>
      <trkpt lat="30.640087" lon="104.12023">
        <time>2026-05-29T13:06:22Z</time>
      </trkpt>
      <trkpt lat="30.640123" lon="104.120155">
        <time>2026-05-29T13:06:23Z</time>
      </trkpt>
      <trkpt lat="30.640158" lon="104.12008">
        <time>2026-05-29T13:06:24Z</time>
      </trkpt>
      <trkpt lat="30.640194" lon="104.12">
        <time>2026-05-29T13:06:25Z</time>
      </trkpt>
      <trkpt lat="30.640224" lon="104.11992">
        <time>2026-05-29T13:06:26Z</time>
      </trkpt>
      <trkpt lat="30.64025" lon="104.119835">
        <time>2026-05-29T13:06:27Z</time>
      </trkpt>
      <trkpt lat="30.640274" lon="104.11976">
        <time>2026-05-29T13:06:28Z</time>
      </trkpt>
      <trkpt lat="30.640303" lon="104.119675">
        <time>2026-05-29T13:06:29Z</time>
      </trkpt>
      <trkpt lat="30.640337" lon="104.1196">
        <time>2026-05-29T13:06:30Z</time>
      </trkpt>
      <trkpt lat="30.640373" lon="104.119514">
        <time>2026-05-29T13:06:31Z</time>
      </trkpt>
      <trkpt lat="30.64041" lon="104.11944">
        <time>2026-05-29T13:06:32Z</time>
      </trkpt>
      <trkpt lat="30.640448" lon="104.119354">
        <time>2026-05-29T13:06:33Z</time>
      </trkpt>
      <trkpt lat="30.640484" lon="104.11927">
        <time>2026-05-29T13:06:34Z</time>
      </trkpt>
      <trkpt lat="30.640516" lon="104.119194">
        <time>2026-05-29T13:06:35Z</time>
      </trkpt>
      <trkpt lat="30.640553" lon="104.11912">
        <time>2026-05-29T13:06:36Z</time>
      </trkpt>
      <trkpt lat="30.640587" lon="104.11903">
        <time>2026-05-29T13:06:37Z</time>
      </trkpt>
      <trkpt lat="30.640623" lon="104.11896">
        <time>2026-05-29T13:06:38Z</time>
      </trkpt>
      <trkpt lat="30.640657" lon="104.11888">
        <time>2026-05-29T13:06:39Z</time>
      </trkpt>
      <trkpt lat="30.640692" lon="104.118805">
        <time>2026-05-29T13:06:40Z</time>
      </trkpt>
      <trkpt lat="30.640724" lon="104.11873">
        <time>2026-05-29T13:06:41Z</time>
      </trkpt>
      <trkpt lat="30.640757" lon="104.11866">
        <time>2026-05-29T13:06:42Z</time>
      </trkpt>
      <trkpt lat="30.640787" lon="104.11858">
        <time>2026-05-29T13:06:43Z</time>
      </trkpt>
      <trkpt lat="30.640812" lon="104.118515">
        <time>2026-05-29T13:06:44Z</time>
      </trkpt>
      <trkpt lat="30.640839" lon="104.11844">
        <time>2026-05-29T13:06:45Z</time>
      </trkpt>
      <trkpt lat="30.64087" lon="104.11837">
        <time>2026-05-29T13:06:46Z</time>
      </trkpt>
      <trkpt lat="30.640903" lon="104.1183">
        <time>2026-05-29T13:06:47Z</time>
      </trkpt>
      <trkpt lat="30.640936" lon="104.11824">
        <time>2026-05-29T13:06:48Z</time>
      </trkpt>
      <trkpt lat="30.64097" lon="104.11817">
        <time>2026-05-29T13:06:49Z</time>
      </trkpt>
      <trkpt lat="30.641" lon="104.11811">
        <time>2026-05-29T13:06:50Z</time>
      </trkpt>
      <trkpt lat="30.641031" lon="104.11804">
        <time>2026-05-29T13:06:51Z</time>
      </trkpt>
      <trkpt lat="30.641062" lon="104.11797">
        <time>2026-05-29T13:06:52Z</time>
      </trkpt>
      <trkpt lat="30.641094" lon="104.11791">
        <time>2026-05-29T13:06:53Z</time>
      </trkpt>
      <trkpt lat="30.64112" lon="104.11785">
        <time>2026-05-29T13:06:54Z</time>
      </trkpt>
      <trkpt lat="30.641148" lon="104.11779">
        <time>2026-05-29T13:06:55Z</time>
      </trkpt>
      <trkpt lat="30.641178" lon="104.11773">
        <time>2026-05-29T13:06:56Z</time>
      </trkpt>
      <trkpt lat="30.641205" lon="104.117676">
        <time>2026-05-29T13:06:57Z</time>
      </trkpt>
      <trkpt lat="30.641233" lon="104.117615">
        <time>2026-05-29T13:06:58Z</time>
      </trkpt>
      <trkpt lat="30.641264" lon="104.11755">
        <time>2026-05-29T13:06:59Z</time>
      </trkpt>
      <trkpt lat="30.64129" lon="104.1175">
        <time>2026-05-29T13:07:00Z</time>
      </trkpt>
      <trkpt lat="30.64132" lon="104.11745">
        <time>2026-05-29T13:07:01Z</time>
      </trkpt>
      <trkpt lat="30.641344" lon="104.11739">
        <time>2026-05-29T13:07:02Z</time>
      </trkpt>
      <trkpt lat="30.641376" lon="104.11735">
        <time>2026-05-29T13:07:03Z</time>
      </trkpt>
      <trkpt lat="30.641403" lon="104.117294">
        <time>2026-05-29T13:07:04Z</time>
      </trkpt>
      <trkpt lat="30.641438" lon="104.11724">
        <time>2026-05-29T13:07:05Z</time>
      </trkpt>
      <trkpt lat="30.64147" lon="104.11719">
        <time>2026-05-29T13:07:06Z</time>
      </trkpt>
      <trkpt lat="30.641502" lon="104.117134">
        <time>2026-05-29T13:07:07Z</time>
      </trkpt>
      <trkpt lat="30.641537" lon="104.11707">
        <time>2026-05-29T13:07:08Z</time>
      </trkpt>
      <trkpt lat="30.641563" lon="104.11702">
        <time>2026-05-29T13:07:09Z</time>
      </trkpt>
      <trkpt lat="30.641588" lon="104.11697">
        <time>2026-05-29T13:07:10Z</time>
      </trkpt>
      <trkpt lat="30.641617" lon="104.11691">
        <time>2026-05-29T13:07:11Z</time>
      </trkpt>
      <trkpt lat="30.64164" lon="104.11686">
        <time>2026-05-29T13:07:12Z</time>
      </trkpt>
      <trkpt lat="30.641663" lon="104.1168">
        <time>2026-05-29T13:07:13Z</time>
      </trkpt>
      <trkpt lat="30.641684" lon="104.116745">
        <time>2026-05-29T13:07:14Z</time>
      </trkpt>
      <trkpt lat="30.6417" lon="104.11669">
        <time>2026-05-29T13:07:15Z</time>
      </trkpt>
      <trkpt lat="30.641718" lon="104.11664">
        <time>2026-05-29T13:07:16Z</time>
      </trkpt>
      <trkpt lat="30.641737" lon="104.116585">
        <time>2026-05-29T13:07:17Z</time>
      </trkpt>
      <trkpt lat="30.641754" lon="104.11653">
        <time>2026-05-29T13:07:18Z</time>
      </trkpt>
      <trkpt lat="30.641777" lon="104.116486">
        <time>2026-05-29T13:07:19Z</time>
      </trkpt>
      <trkpt lat="30.641804" lon="104.11644">
        <time>2026-05-29T13:07:20Z</time>
      </trkpt>
      <trkpt lat="30.641829" lon="104.116394">
        <time>2026-05-29T13:07:21Z</time>
      </trkpt>
      <trkpt lat="30.641851" lon="104.11635">
        <time>2026-05-29T13:07:22Z</time>
      </trkpt>
      <trkpt lat="30.641872" lon="104.116295">
        <time>2026-05-29T13:07:23Z</time>
      </trkpt>
      <trkpt lat="30.641897" lon="104.11625">
        <time>2026-05-29T13:07:24Z</time>
      </trkpt>
      <trkpt lat="30.641916" lon="104.116196">
        <time>2026-05-29T13:07:25Z</time>
      </trkpt>
      <trkpt lat="30.64194" lon="104.11615">
        <time>2026-05-29T13:07:26Z</time>
      </trkpt>
      <trkpt lat="30.641962" lon="104.116104">
        <time>2026-05-29T13:07:27Z</time>
      </trkpt>
      <trkpt lat="30.641983" lon="104.11605">
        <time>2026-05-29T13:07:28Z</time>
      </trkpt>
      <trkpt lat="30.642006" lon="104.116005">
        <time>2026-05-29T13:07:29Z</time>
      </trkpt>
      <trkpt lat="30.642027" lon="104.11597">
        <time>2026-05-29T13:07:30Z</time>
      </trkpt>
      <trkpt lat="30.642044" lon="104.11592">
        <time>2026-05-29T13:07:31Z</time>
      </trkpt>
      <trkpt lat="30.64206" lon="104.115875">
        <time>2026-05-29T13:07:32Z</time>
      </trkpt>
      <trkpt lat="30.642076" lon="104.11583">
        <time>2026-05-29T13:07:33Z</time>
      </trkpt>
      <trkpt lat="30.642097" lon="104.11579">
        <time>2026-05-29T13:07:34Z</time>
      </trkpt>
      <trkpt lat="30.642117" lon="104.11575">
        <time>2026-05-29T13:07:35Z</time>
      </trkpt>
      <trkpt lat="30.642132" lon="104.11572">
        <time>2026-05-29T13:07:36Z</time>
      </trkpt>
      <trkpt lat="30.642147" lon="104.11569">
        <time>2026-05-29T13:07:37Z</time>
      </trkpt>
      <trkpt lat="30.642159" lon="104.11567">
        <time>2026-05-29T13:07:38Z</time>
      </trkpt>
      <trkpt lat="30.642168" lon="104.11565">
        <time>2026-05-29T13:07:39Z</time>
      </trkpt>
      <trkpt lat="30.64218" lon="104.11563">
        <time>2026-05-29T13:07:40Z</time>
      </trkpt>
      <trkpt lat="30.64219" lon="104.11561">
        <time>2026-05-29T13:07:41Z</time>
      </trkpt>
      <trkpt lat="30.642202" lon="104.115585">
        <time>2026-05-29T13:07:42Z</time>
      </trkpt>
      <trkpt lat="30.642216" lon="104.11557">
        <time>2026-05-29T13:07:43Z</time>
      </trkpt>
      <trkpt lat="30.642225" lon="104.11555">
        <time>2026-05-29T13:07:44Z</time>
      </trkpt>
      <trkpt lat="30.64223" lon="104.11554">
        <time>2026-05-29T13:07:45Z</time>
      </trkpt>
      <trkpt lat="30.64223" lon="104.11554">
        <time>2026-05-29T13:07:46Z</time>
      </trkpt>
      <trkpt lat="30.64223" lon="104.11554">
        <time>2026-05-29T13:07:47Z</time>
      </trkpt>
      <trkpt lat="30.64223" lon="104.11554">
        <time>2026-05-29T13:07:48Z</time>
      </trkpt>
      <trkpt lat="30.64223" lon="104.11554">
        <time>2026-05-29T13:07:49Z</time>
      </trkpt>
      <trkpt lat="30.64223" lon="104.11554">
        <time>2026-05-29T13:07:50Z</time>
      </trkpt>
      <trkpt lat="30.64223" lon="104.11554">
        <time>2026-05-29T13:07:51Z</time>
      </trkpt>
      <trkpt lat="30.64223" lon="104.11554">
        <time>2026-05-29T13:07:52Z</time>
      </trkpt>
      <trkpt lat="30.64223" lon="104.11554">
        <time>2026-05-29T13:07:53Z</time>
      </trkpt>
      <trkpt lat="30.64223" lon="104.11554">
        <time>2026-05-29T13:07:54Z</time>
      </trkpt>
      <trkpt lat="30.64223" lon="104.11554">
        <time>2026-05-29T13:07:55Z</time>
      </trkpt>
      <trkpt lat="30.64223" lon="104.11554">
        <time>2026-05-29T13:07:56Z</time>
      </trkpt>
      <trkpt lat="30.64223" lon="104.11554">
        <time>2026-05-29T13:07:57Z</time>
      </trkpt>
      <trkpt lat="30.64223" lon="104.11554">
        <time>2026-05-29T13:07:58Z</time>
      </trkpt>
      <trkpt lat="30.64223" lon="104.11554">
        <time>2026-05-29T13:07:59Z</time>
      </trkpt>
      <trkpt lat="30.64223" lon="104.11554">
        <time>2026-05-29T13:08:00Z</time>
      </trkpt>
      <trkpt lat="30.64223" lon="104.11554">
        <time>2026-05-29T13:08:01Z</time>
      </trkpt>
      <trkpt lat="30.64223" lon="104.11554">
        <time>2026-05-29T13:08:02Z</time>
      </trkpt>
      <trkpt lat="30.64223" lon="104.11554">
        <time>2026-05-29T13:08:03Z</time>
      </trkpt>
      <trkpt lat="30.64223" lon="104.11554">
        <time>2026-05-29T13:08:04Z</time>
      </trkpt>
      <trkpt lat="30.64223" lon="104.11554">
        <time>2026-05-29T13:08:05Z</time>
      </trkpt>
      <trkpt lat="30.64223" lon="104.11554">
        <time>2026-05-29T13:08:06Z</time>
      </trkpt>
      <trkpt lat="30.64223" lon="104.11554">
        <time>2026-05-29T13:08:07Z</time>
      </trkpt>
      <trkpt lat="30.64223" lon="104.11554">
        <time>2026-05-29T13:08:08Z</time>
      </trkpt>
      <trkpt lat="30.642254" lon="104.11551">
        <time>2026-05-29T13:08:10Z</time>
      </trkpt>
      <trkpt lat="30.64226" lon="104.11549">
        <time>2026-05-29T13:08:11Z</time>
      </trkpt>
      <trkpt lat="30.642275" lon="104.11548">
        <time>2026-05-29T13:08:12Z</time>
      </trkpt>
      <trkpt lat="30.642298" lon="104.11543">
        <time>2026-05-29T13:08:13Z</time>
      </trkpt>
      <trkpt lat="30.642323" lon="104.11538">
        <time>2026-05-29T13:08:14Z</time>
      </trkpt>
      <trkpt lat="30.642351" lon="104.115326">
        <time>2026-05-29T13:08:15Z</time>
      </trkpt>
      <trkpt lat="30.64238" lon="104.115265">
        <time>2026-05-29T13:08:16Z</time>
      </trkpt>
      <trkpt lat="30.642405" lon="104.11521">
        <time>2026-05-29T13:08:17Z</time>
      </trkpt>
      <trkpt lat="30.642431" lon="104.11515">
        <time>2026-05-29T13:08:18Z</time>
      </trkpt>
      <trkpt lat="30.642456" lon="104.11508">
        <time>2026-05-29T13:08:19Z</time>
      </trkpt>
      <trkpt lat="30.64248" lon="104.11502">
        <time>2026-05-29T13:08:20Z</time>
      </trkpt>
      <trkpt lat="30.642508" lon="104.11495">
        <time>2026-05-29T13:08:21Z</time>
      </trkpt>
      <trkpt lat="30.642542" lon="104.114876">
        <time>2026-05-29T13:08:22Z</time>
      </trkpt>
      <trkpt lat="30.64258" lon="104.1148">
        <time>2026-05-29T13:08:23Z</time>
      </trkpt>
      <trkpt lat="30.642614" lon="104.11472">
        <time>2026-05-29T13:08:24Z</time>
      </trkpt>
      <trkpt lat="30.642653" lon="104.11465">
        <time>2026-05-29T13:08:25Z</time>
      </trkpt>
      <trkpt lat="30.642693" lon="104.11456">
        <time>2026-05-29T13:08:26Z</time>
      </trkpt>
      <trkpt lat="30.642733" lon="104.11448">
        <time>2026-05-29T13:08:27Z</time>
      </trkpt>
      <trkpt lat="30.642776" lon="104.11438">
        <time>2026-05-29T13:08:28Z</time>
      </trkpt>
      <trkpt lat="30.64282" lon="104.11429">
        <time>2026-05-29T13:08:29Z</time>
      </trkpt>
      <trkpt lat="30.642864" lon="104.1142">
        <time>2026-05-29T13:08:30Z</time>
      </trkpt>
      <trkpt lat="30.642914" lon="104.1141">
        <time>2026-05-29T13:08:31Z</time>
      </trkpt>
      <trkpt lat="30.64296" lon="104.114006">
        <time>2026-05-29T13:08:32Z</time>
      </trkpt>
      <trkpt lat="30.643003" lon="104.1139">
        <time>2026-05-29T13:08:33Z</time>
      </trkpt>
      <trkpt lat="30.643047" lon="104.1138">
        <time>2026-05-29T13:08:34Z</time>
      </trkpt>
      <trkpt lat="30.643093" lon="104.11371">
        <time>2026-05-29T13:08:35Z</time>
      </trkpt>
      <trkpt lat="30.643137" lon="104.11361">
        <time>2026-05-29T13:08:36Z</time>
      </trkpt>
      <trkpt lat="30.643177" lon="104.11352">
        <time>2026-05-29T13:08:37Z</time>
      </trkpt>
      <trkpt lat="30.643217" lon="104.11343">
        <time>2026-05-29T13:08:38Z</time>
      </trkpt>
      <trkpt lat="30.643253" lon="104.11334">
        <time>2026-05-29T13:08:39Z</time>
      </trkpt>
      <trkpt lat="30.643295" lon="104.11326">
        <time>2026-05-29T13:08:40Z</time>
      </trkpt>
      <trkpt lat="30.643335" lon="104.113174">
        <time>2026-05-29T13:08:41Z</time>
      </trkpt>
      <trkpt lat="30.643377" lon="104.1131">
        <time>2026-05-29T13:08:42Z</time>
      </trkpt>
      <trkpt lat="30.643417" lon="104.113014">
        <time>2026-05-29T13:08:43Z</time>
      </trkpt>
      <trkpt lat="30.64346" lon="104.11293">
        <time>2026-05-29T13:08:44Z</time>
      </trkpt>
      <trkpt lat="30.643497" lon="104.11285">
        <time>2026-05-29T13:08:45Z</time>
      </trkpt>
      <trkpt lat="30.64354" lon="104.11276">
        <time>2026-05-29T13:08:46Z</time>
      </trkpt>
      <trkpt lat="30.643578" lon="104.11268">
        <time>2026-05-29T13:08:47Z</time>
      </trkpt>
      <trkpt lat="30.643614" lon="104.1126">
        <time>2026-05-29T13:08:48Z</time>
      </trkpt>
      <trkpt lat="30.643652" lon="104.11253">
        <time>2026-05-29T13:08:49Z</time>
      </trkpt>
      <trkpt lat="30.643686" lon="104.11246">
        <time>2026-05-29T13:08:50Z</time>
      </trkpt>
      <trkpt lat="30.643723" lon="104.11239">
        <time>2026-05-29T13:08:51Z</time>
      </trkpt>
      <trkpt lat="30.643764" lon="104.11233">
        <time>2026-05-29T13:08:52Z</time>
      </trkpt>
      <trkpt lat="30.643806" lon="104.11226">
        <time>2026-05-29T13:08:53Z</time>
      </trkpt>
      <trkpt lat="30.643847" lon="104.11219">
        <time>2026-05-29T13:08:54Z</time>
      </trkpt>
      <trkpt lat="30.64388" lon="104.11213">
        <time>2026-05-29T13:08:55Z</time>
      </trkpt>
      <trkpt lat="30.64391" lon="104.11207">
        <time>2026-05-29T13:08:56Z</time>
      </trkpt>
      <trkpt lat="30.643938" lon="104.11199">
        <time>2026-05-29T13:08:57Z</time>
      </trkpt>
      <trkpt lat="30.643967" lon="104.11192">
        <time>2026-05-29T13:08:58Z</time>
      </trkpt>
      <trkpt lat="30.644" lon="104.11185">
        <time>2026-05-29T13:08:59Z</time>
      </trkpt>
      <trkpt lat="30.64403" lon="104.11178">
        <time>2026-05-29T13:09:00Z</time>
      </trkpt>
      <trkpt lat="30.644056" lon="104.11171">
        <time>2026-05-29T13:09:01Z</time>
      </trkpt>
      <trkpt lat="30.644085" lon="104.11164">
        <time>2026-05-29T13:09:02Z</time>
      </trkpt>
      <trkpt lat="30.644117" lon="104.11157">
        <time>2026-05-29T13:09:03Z</time>
      </trkpt>
      <trkpt lat="30.644152" lon="104.1115">
        <time>2026-05-29T13:09:04Z</time>
      </trkpt>
      <trkpt lat="30.64419" lon="104.111435">
        <time>2026-05-29T13:09:05Z</time>
      </trkpt>
      <trkpt lat="30.644226" lon="104.111374">
        <time>2026-05-29T13:09:06Z</time>
      </trkpt>
      <trkpt lat="30.644262" lon="104.111305">
        <time>2026-05-29T13:09:07Z</time>
      </trkpt>
      <trkpt lat="30.644293" lon="104.111244">
        <time>2026-05-29T13:09:08Z</time>
      </trkpt>
      <trkpt lat="30.644356" lon="104.11112">
        <time>2026-05-29T13:09:10Z</time>
      </trkpt>
      <trkpt lat="30.644388" lon="104.11105">
        <time>2026-05-29T13:09:11Z</time>
      </trkpt>
      <trkpt lat="30.644419" lon="104.11099">
        <time>2026-05-29T13:09:12Z</time>
      </trkpt>
      <trkpt lat="30.644447" lon="104.11093">
        <time>2026-05-29T13:09:13Z</time>
      </trkpt>
      <trkpt lat="30.644474" lon="104.11086">
        <time>2026-05-29T13:09:14Z</time>
      </trkpt>
      <trkpt lat="30.6445" lon="104.1108">
        <time>2026-05-29T13:09:15Z</time>
      </trkpt>
      <trkpt lat="30.644527" lon="104.11074">
        <time>2026-05-29T13:09:16Z</time>
      </trkpt>
      <trkpt lat="30.644548" lon="104.11068">
        <time>2026-05-29T13:09:17Z</time>
      </trkpt>
      <trkpt lat="30.64457" lon="104.11062">
        <time>2026-05-29T13:09:18Z</time>
      </trkpt>
      <trkpt lat="30.644594" lon="104.110565">
        <time>2026-05-29T13:09:19Z</time>
      </trkpt>
      <trkpt lat="30.644617" lon="104.1105">
        <time>2026-05-29T13:09:20Z</time>
      </trkpt>
      <trkpt lat="30.644644" lon="104.11044">
        <time>2026-05-29T13:09:21Z</time>
      </trkpt>
      <trkpt lat="30.644672" lon="104.11038">
        <time>2026-05-29T13:09:22Z</time>
      </trkpt>
      <trkpt lat="30.6447" lon="104.11033">
        <time>2026-05-29T13:09:23Z</time>
      </trkpt>
      <trkpt lat="30.644728" lon="104.11027">
        <time>2026-05-29T13:09:24Z</time>
      </trkpt>
      <trkpt lat="30.64475" lon="104.11021">
        <time>2026-05-29T13:09:25Z</time>
      </trkpt>
      <trkpt lat="30.644772" lon="104.11015">
        <time>2026-05-29T13:09:26Z</time>
      </trkpt>
      <trkpt lat="30.644796" lon="104.11009">
        <time>2026-05-29T13:09:27Z</time>
      </trkpt>
      <trkpt lat="30.644823" lon="104.11004">
        <time>2026-05-29T13:09:28Z</time>
      </trkpt>
      <trkpt lat="30.644848" lon="104.10998">
        <time>2026-05-29T13:09:29Z</time>
      </trkpt>
      <trkpt lat="30.64487" lon="104.109924">
        <time>2026-05-29T13:09:30Z</time>
      </trkpt>
      <trkpt lat="30.644897" lon="104.10986">
        <time>2026-05-29T13:09:31Z</time>
      </trkpt>
      <trkpt lat="30.64492" lon="104.10981">
        <time>2026-05-29T13:09:32Z</time>
      </trkpt>
      <trkpt lat="30.644947" lon="104.10975">
        <time>2026-05-29T13:09:33Z</time>
      </trkpt>
      <trkpt lat="30.644974" lon="104.109695">
        <time>2026-05-29T13:09:34Z</time>
      </trkpt>
      <trkpt lat="30.644999" lon="104.109634">
        <time>2026-05-29T13:09:35Z</time>
      </trkpt>
      <trkpt lat="30.645025" lon="104.10958">
        <time>2026-05-29T13:09:36Z</time>
      </trkpt>
      <trkpt lat="30.64505" lon="104.10952">
        <time>2026-05-29T13:09:37Z</time>
      </trkpt>
      <trkpt lat="30.645075" lon="104.10947">
        <time>2026-05-29T13:09:38Z</time>
      </trkpt>
      <trkpt lat="30.6451" lon="104.10941">
        <time>2026-05-29T13:09:39Z</time>
      </trkpt>
      <trkpt lat="30.645123" lon="104.10935">
        <time>2026-05-29T13:09:40Z</time>
      </trkpt>
      <trkpt lat="30.645145" lon="104.1093">
        <time>2026-05-29T13:09:41Z</time>
      </trkpt>
      <trkpt lat="30.645168" lon="104.109245">
        <time>2026-05-29T13:09:42Z</time>
      </trkpt>
      <trkpt lat="30.645197" lon="104.10919">
        <time>2026-05-29T13:09:43Z</time>
      </trkpt>
      <trkpt lat="30.645224" lon="104.10914">
        <time>2026-05-29T13:09:44Z</time>
      </trkpt>
      <trkpt lat="30.645252" lon="104.109085">
        <time>2026-05-29T13:09:45Z</time>
      </trkpt>
      <trkpt lat="30.645277" lon="104.10903">
        <time>2026-05-29T13:09:46Z</time>
      </trkpt>
      <trkpt lat="30.645304" lon="104.108986">
        <time>2026-05-29T13:09:47Z</time>
      </trkpt>
      <trkpt lat="30.645336" lon="104.10894">
        <time>2026-05-29T13:09:48Z</time>
      </trkpt>
      <trkpt lat="30.645372" lon="104.108894">
        <time>2026-05-29T13:09:49Z</time>
      </trkpt>
      <trkpt lat="30.645407" lon="104.10885">
        <time>2026-05-29T13:09:50Z</time>
      </trkpt>
      <trkpt lat="30.645437" lon="104.108795">
        <time>2026-05-29T13:09:51Z</time>
      </trkpt>
      <trkpt lat="30.645466" lon="104.10875">
        <time>2026-05-29T13:09:52Z</time>
      </trkpt>
      <trkpt lat="30.645498" lon="104.1087">
        <time>2026-05-29T13:09:53Z</time>
      </trkpt>
      <trkpt lat="30.645533" lon="104.10866">
        <time>2026-05-29T13:09:54Z</time>
      </trkpt>
      <trkpt lat="30.645561" lon="104.10862">
        <time>2026-05-29T13:09:55Z</time>
      </trkpt>
      <trkpt lat="30.64559" lon="104.108574">
        <time>2026-05-29T13:09:56Z</time>
      </trkpt>
      <trkpt lat="30.645618" lon="104.10853">
        <time>2026-05-29T13:09:57Z</time>
      </trkpt>
      <trkpt lat="30.645641" lon="104.10848">
        <time>2026-05-29T13:09:58Z</time>
      </trkpt>
      <trkpt lat="30.645664" lon="104.10844">
        <time>2026-05-29T13:09:59Z</time>
      </trkpt>
      <trkpt lat="30.64568" lon="104.10838">
        <time>2026-05-29T13:10:00Z</time>
      </trkpt>
      <trkpt lat="30.645695" lon="104.108345">
        <time>2026-05-29T13:10:01Z</time>
      </trkpt>
      <trkpt lat="30.645706" lon="104.10829">
        <time>2026-05-29T13:10:02Z</time>
      </trkpt>
      <trkpt lat="30.645716" lon="104.10825">
        <time>2026-05-29T13:10:03Z</time>
      </trkpt>
      <trkpt lat="30.645725" lon="104.10821">
        <time>2026-05-29T13:10:04Z</time>
      </trkpt>
      <trkpt lat="30.645733" lon="104.10817">
        <time>2026-05-29T13:10:05Z</time>
      </trkpt>
      <trkpt lat="30.645739" lon="104.10814">
        <time>2026-05-29T13:10:06Z</time>
      </trkpt>
      <trkpt lat="30.645742" lon="104.10811">
        <time>2026-05-29T13:10:07Z</time>
      </trkpt>
      <trkpt lat="30.645752" lon="104.108086">
        <time>2026-05-29T13:10:08Z</time>
      </trkpt>
      <trkpt lat="30.645758" lon="104.108055">
        <time>2026-05-29T13:10:09Z</time>
      </trkpt>
      <trkpt lat="30.645767" lon="104.10802">
        <time>2026-05-29T13:10:10Z</time>
      </trkpt>
      <trkpt lat="30.645779" lon="104.10798">
        <time>2026-05-29T13:10:11Z</time>
      </trkpt>
      <trkpt lat="30.645794" lon="104.10794">
        <time>2026-05-29T13:10:12Z</time>
      </trkpt>
      <trkpt lat="30.645805" lon="104.1079">
        <time>2026-05-29T13:10:13Z</time>
      </trkpt>
      <trkpt lat="30.64582" lon="104.107864">
        <time>2026-05-29T13:10:14Z</time>
      </trkpt>
      <trkpt lat="30.645832" lon="104.10782">
        <time>2026-05-29T13:10:15Z</time>
      </trkpt>
      <trkpt lat="30.645853" lon="104.10777">
        <time>2026-05-29T13:10:16Z</time>
      </trkpt>
      <trkpt lat="30.645872" lon="104.10773">
        <time>2026-05-29T13:10:17Z</time>
      </trkpt>
      <trkpt lat="30.645893" lon="104.10769">
        <time>2026-05-29T13:10:18Z</time>
      </trkpt>
      <trkpt lat="30.64592" lon="104.107635">
        <time>2026-05-29T13:10:19Z</time>
      </trkpt>
      <trkpt lat="30.64594" lon="104.10758">
        <time>2026-05-29T13:10:20Z</time>
      </trkpt>
      <trkpt lat="30.645964" lon="104.10753">
        <time>2026-05-29T13:10:21Z</time>
      </trkpt>
      <trkpt lat="30.645998" lon="104.10747">
        <time>2026-05-29T13:10:22Z</time>
      </trkpt>
      <trkpt lat="30.646029" lon="104.107414">
        <time>2026-05-29T13:10:23Z</time>
      </trkpt>
      <trkpt lat="30.646053" lon="104.10735">
        <time>2026-05-29T13:10:24Z</time>
      </trkpt>
      <trkpt lat="30.646078" lon="104.1073">
        <time>2026-05-29T13:10:25Z</time>
      </trkpt>
      <trkpt lat="30.646107" lon="104.10724">
        <time>2026-05-29T13:10:26Z</time>
      </trkpt>
      <trkpt lat="30.64614" lon="104.10718">
        <time>2026-05-29T13:10:27Z</time>
      </trkpt>
      <trkpt lat="30.646168" lon="104.107124">
        <time>2026-05-29T13:10:28Z</time>
      </trkpt>
      <trkpt lat="30.6462" lon="104.10707">
        <time>2026-05-29T13:10:29Z</time>
      </trkpt>
      <trkpt lat="30.646225" lon="104.10701">
        <time>2026-05-29T13:10:30Z</time>
      </trkpt>
      <trkpt lat="30.64625" lon="104.10695">
        <time>2026-05-29T13:10:31Z</time>
      </trkpt>
      <trkpt lat="30.646275" lon="104.106895">
        <time>2026-05-29T13:10:32Z</time>
      </trkpt>
      <trkpt lat="30.646307" lon="104.10682">
        <time>2026-05-29T13:10:33Z</time>
      </trkpt>
      <trkpt lat="30.646347" lon="104.106735">
        <time>2026-05-29T13:10:34Z</time>
      </trkpt>
      <trkpt lat="30.646383" lon="104.10665">
        <time>2026-05-29T13:10:35Z</time>
      </trkpt>
      <trkpt lat="30.646414" lon="104.1066">
        <time>2026-05-29T13:10:36Z</time>
      </trkpt>
      <trkpt lat="30.646456" lon="104.10654">
        <time>2026-05-29T13:10:37Z</time>
      </trkpt>
      <trkpt lat="30.64649" lon="104.106476">
        <time>2026-05-29T13:10:38Z</time>
      </trkpt>
      <trkpt lat="30.646523" lon="104.106415">
        <time>2026-05-29T13:10:39Z</time>
      </trkpt>
      <trkpt lat="30.646555" lon="104.106346">
        <time>2026-05-29T13:10:40Z</time>
      </trkpt>
      <trkpt lat="30.646582" lon="104.10628">
        <time>2026-05-29T13:10:41Z</time>
      </trkpt>
      <trkpt lat="30.646614" lon="104.1062">
        <time>2026-05-29T13:10:42Z</time>
      </trkpt>
      <trkpt lat="30.646646" lon="104.10613">
        <time>2026-05-29T13:10:43Z</time>
      </trkpt>
      <trkpt lat="30.646679" lon="104.10606">
        <time>2026-05-29T13:10:44Z</time>
      </trkpt>
      <trkpt lat="30.64671" lon="104.10599">
        <time>2026-05-29T13:10:45Z</time>
      </trkpt>
      <trkpt lat="30.646744" lon="104.10592">
        <time>2026-05-29T13:10:46Z</time>
      </trkpt>
      <trkpt lat="30.646769" lon="104.10585">
        <time>2026-05-29T13:10:47Z</time>
      </trkpt>
      <trkpt lat="30.646795" lon="104.105774">
        <time>2026-05-29T13:10:48Z</time>
      </trkpt>
      <trkpt lat="30.646822" lon="104.105705">
        <time>2026-05-29T13:10:49Z</time>
      </trkpt>
      <trkpt lat="30.646852" lon="104.105644">
        <time>2026-05-29T13:10:50Z</time>
      </trkpt>
      <trkpt lat="30.646885" lon="104.105576">
        <time>2026-05-29T13:10:51Z</time>
      </trkpt>
      <trkpt lat="30.646917" lon="104.105515">
        <time>2026-05-29T13:10:52Z</time>
      </trkpt>
      <trkpt lat="30.646938" lon="104.105446">
        <time>2026-05-29T13:10:53Z</time>
      </trkpt>
      <trkpt lat="30.64696" lon="104.105385">
        <time>2026-05-29T13:10:54Z</time>
      </trkpt>
      <trkpt lat="30.64698" lon="104.105316">
        <time>2026-05-29T13:10:55Z</time>
      </trkpt>
      <trkpt lat="30.647" lon="104.105255">
        <time>2026-05-29T13:10:56Z</time>
      </trkpt>
      <trkpt lat="30.64702" lon="104.105194">
        <time>2026-05-29T13:10:57Z</time>
      </trkpt>
      <trkpt lat="30.647045" lon="104.10513">
        <time>2026-05-29T13:10:58Z</time>
      </trkpt>
      <trkpt lat="30.647078" lon="104.10509">
        <time>2026-05-29T13:10:59Z</time>
      </trkpt>
      <trkpt lat="30.647112" lon="104.105034">
        <time>2026-05-29T13:11:00Z</time>
      </trkpt>
      <trkpt lat="30.647142" lon="104.10499">
        <time>2026-05-29T13:11:01Z</time>
      </trkpt>
      <trkpt lat="30.64717" lon="104.104935">
        <time>2026-05-29T13:11:02Z</time>
      </trkpt>
      <trkpt lat="30.647196" lon="104.10488">
        <time>2026-05-29T13:11:03Z</time>
      </trkpt>
      <trkpt lat="30.647223" lon="104.10483">
        <time>2026-05-29T13:11:04Z</time>
      </trkpt>
      <trkpt lat="30.647243" lon="104.104774">
        <time>2026-05-29T13:11:05Z</time>
      </trkpt>
      <trkpt lat="30.647264" lon="104.10472">
        <time>2026-05-29T13:11:06Z</time>
      </trkpt>
      <trkpt lat="30.647285" lon="104.10467">
        <time>2026-05-29T13:11:07Z</time>
      </trkpt>
      <trkpt lat="30.647306" lon="104.104614">
        <time>2026-05-29T13:11:08Z</time>
      </trkpt>
      <trkpt lat="30.647354" lon="104.10452">
        <time>2026-05-29T13:11:10Z</time>
      </trkpt>
      <trkpt lat="30.647373" lon="104.10448">
        <time>2026-05-29T13:11:11Z</time>
      </trkpt>
      <trkpt lat="30.647394" lon="104.10444">
        <time>2026-05-29T13:11:12Z</time>
      </trkpt>
      <trkpt lat="30.647419" lon="104.104385">
        <time>2026-05-29T13:11:13Z</time>
      </trkpt>
      <trkpt lat="30.647444" lon="104.10434">
        <time>2026-05-29T13:11:14Z</time>
      </trkpt>
      <trkpt lat="30.64747" lon="104.104294">
        <time>2026-05-29T13:11:15Z</time>
      </trkpt>
      <trkpt lat="30.647493" lon="104.10424">
        <time>2026-05-29T13:11:16Z</time>
      </trkpt>
      <trkpt lat="30.647518" lon="104.10419">
        <time>2026-05-29T13:11:17Z</time>
      </trkpt>
      <trkpt lat="30.64755" lon="104.104126">
        <time>2026-05-29T13:11:18Z</time>
      </trkpt>
      <trkpt lat="30.64758" lon="104.10407">
        <time>2026-05-29T13:11:19Z</time>
      </trkpt>
      <trkpt lat="30.64761" lon="104.10401">
        <time>2026-05-29T13:11:20Z</time>
      </trkpt>
      <trkpt lat="30.647635" lon="104.10396">
        <time>2026-05-29T13:11:21Z</time>
      </trkpt>
      <trkpt lat="30.647663" lon="104.1039">
        <time>2026-05-29T13:11:22Z</time>
      </trkpt>
      <trkpt lat="30.64769" lon="104.10384">
        <time>2026-05-29T13:11:23Z</time>
      </trkpt>
      <trkpt lat="30.647715" lon="104.1038">
        <time>2026-05-29T13:11:24Z</time>
      </trkpt>
      <trkpt lat="30.647743" lon="104.10375">
        <time>2026-05-29T13:11:25Z</time>
      </trkpt>
      <trkpt lat="30.647768" lon="104.103714">
        <time>2026-05-29T13:11:26Z</time>
      </trkpt>
      <trkpt lat="30.647799" lon="104.103676">
        <time>2026-05-29T13:11:27Z</time>
      </trkpt>
      <trkpt lat="30.64783" lon="104.10365">
        <time>2026-05-29T13:11:28Z</time>
      </trkpt>
      <trkpt lat="30.647856" lon="104.10363">
        <time>2026-05-29T13:11:29Z</time>
      </trkpt>
      <trkpt lat="30.647879" lon="104.10361">
        <time>2026-05-29T13:11:30Z</time>
      </trkpt>
      <trkpt lat="30.6479" lon="104.10358">
        <time>2026-05-29T13:11:31Z</time>
      </trkpt>
      <trkpt lat="30.647923" lon="104.103546">
        <time>2026-05-29T13:11:32Z</time>
      </trkpt>
      <trkpt lat="30.64794" lon="104.10352">
        <time>2026-05-29T13:11:33Z</time>
      </trkpt>
      <trkpt lat="30.64796" lon="104.1035">
        <time>2026-05-29T13:11:34Z</time>
      </trkpt>
      <trkpt lat="30.647984" lon="104.10347">
        <time>2026-05-29T13:11:35Z</time>
      </trkpt>
      <trkpt lat="30.648003" lon="104.10345">
        <time>2026-05-29T13:11:36Z</time>
      </trkpt>
      <trkpt lat="30.648024" lon="104.10342">
        <time>2026-05-29T13:11:37Z</time>
      </trkpt>
      <trkpt lat="30.648035" lon="104.103386">
        <time>2026-05-29T13:11:38Z</time>
      </trkpt>
      <trkpt lat="30.648048" lon="104.10335">
        <time>2026-05-29T13:11:39Z</time>
      </trkpt>
      <trkpt lat="30.648067" lon="104.1033">
        <time>2026-05-29T13:11:40Z</time>
      </trkpt>
      <trkpt lat="30.648088" lon="104.10326">
        <time>2026-05-29T13:11:41Z</time>
      </trkpt>
      <trkpt lat="30.648115" lon="104.10322">
        <time>2026-05-29T13:11:42Z</time>
      </trkpt>
      <trkpt lat="30.648136" lon="104.10319">
        <time>2026-05-29T13:11:43Z</time>
      </trkpt>
      <trkpt lat="30.64816" lon="104.103165">
        <time>2026-05-29T13:11:44Z</time>
      </trkpt>
      <trkpt lat="30.648184" lon="104.10316">
        <time>2026-05-29T13:11:45Z</time>
      </trkpt>
      <trkpt lat="30.648203" lon="104.10316">
        <time>2026-05-29T13:11:46Z</time>
      </trkpt>
      <trkpt lat="30.648228" lon="104.10315">
        <time>2026-05-29T13:11:47Z</time>
      </trkpt>
      <trkpt lat="30.648247" lon="104.10316">
        <time>2026-05-29T13:11:48Z</time>
      </trkpt>
      <trkpt lat="30.648254" lon="104.10316">
        <time>2026-05-29T13:11:49Z</time>
      </trkpt>
      <trkpt lat="30.648262" lon="104.10315">
        <time>2026-05-29T13:11:50Z</time>
      </trkpt>
      <trkpt lat="30.648262" lon="104.10315">
        <time>2026-05-29T13:11:51Z</time>
      </trkpt>
      <trkpt lat="30.648262" lon="104.10315">
        <time>2026-05-29T13:11:52Z</time>
      </trkpt>
      <trkpt lat="30.648262" lon="104.10315">
        <time>2026-05-29T13:11:53Z</time>
      </trkpt>
      <trkpt lat="30.648262" lon="104.10315">
        <time>2026-05-29T13:11:54Z</time>
      </trkpt>
      <trkpt lat="30.648262" lon="104.10315">
        <time>2026-05-29T13:11:55Z</time>
      </trkpt>
      <trkpt lat="30.648262" lon="104.10315">
        <time>2026-05-29T13:11:56Z</time>
      </trkpt>
      <trkpt lat="30.648262" lon="104.10315">
        <time>2026-05-29T13:11:57Z</time>
      </trkpt>
      <trkpt lat="30.648262" lon="104.10315">
        <time>2026-05-29T13:11:58Z</time>
      </trkpt>
      <trkpt lat="30.648287" lon="104.103134">
        <time>2026-05-29T13:11:59Z</time>
      </trkpt>
      <trkpt lat="30.648293" lon="104.10314">
        <time>2026-05-29T13:12:00Z</time>
      </trkpt>
      <trkpt lat="30.648302" lon="104.10314">
        <time>2026-05-29T13:12:01Z</time>
      </trkpt>
      <trkpt lat="30.648315" lon="104.10314">
        <time>2026-05-29T13:12:03Z</time>
      </trkpt>
      <trkpt lat="30.647947" lon="104.10292">
        <time>2026-05-29T13:16:26Z</time>
      </trkpt>
      <trkpt lat="30.648008" lon="104.10297">
        <time>2026-05-29T13:16:27Z</time>
      </trkpt>
      <trkpt lat="30.648008" lon="104.10297">
        <time>2026-05-29T13:16:28Z</time>
      </trkpt>
      <trkpt lat="30.648008" lon="104.10297">
        <time>2026-05-29T13:16:29Z</time>
      </trkpt>
      <trkpt lat="30.648111" lon="104.10298">
        <time>2026-05-29T13:16:30Z</time>
      </trkpt>
      <trkpt lat="30.64813" lon="104.10297">
        <time>2026-05-29T13:16:31Z</time>
      </trkpt>
      <trkpt lat="30.648136" lon="104.10294">
        <time>2026-05-29T13:16:32Z</time>
      </trkpt>
      <trkpt lat="30.648159" lon="104.10291">
        <time>2026-05-29T13:16:33Z</time>
      </trkpt>
      <trkpt lat="30.648165" lon="104.10289">
        <time>2026-05-29T13:16:34Z</time>
      </trkpt>
      <trkpt lat="30.648186" lon="104.10287">
        <time>2026-05-29T13:16:35Z</time>
      </trkpt>
      <trkpt lat="30.648222" lon="104.102806">
        <time>2026-05-29T13:16:36Z</time>
      </trkpt>
      <trkpt lat="30.648243" lon="104.10276">
        <time>2026-05-29T13:16:37Z</time>
      </trkpt>
      <trkpt lat="30.648254" lon="104.102715">
        <time>2026-05-29T13:16:38Z</time>
      </trkpt>
      <trkpt lat="30.648262" lon="104.10268">
        <time>2026-05-29T13:16:39Z</time>
      </trkpt>
      <trkpt lat="30.64826" lon="104.10262">
        <time>2026-05-29T13:16:40Z</time>
      </trkpt>
      <trkpt lat="30.648264" lon="104.10258">
        <time>2026-05-29T13:16:41Z</time>
      </trkpt>
      <trkpt lat="30.648277" lon="104.10252">
        <time>2026-05-29T13:16:42Z</time>
      </trkpt>
      <trkpt lat="30.648277" lon="104.102486">
        <time>2026-05-29T13:16:43Z</time>
      </trkpt>
      <trkpt lat="30.648281" lon="104.10245">
        <time>2026-05-29T13:16:44Z</time>
      </trkpt>
      <trkpt lat="30.64829" lon="104.10241">
        <time>2026-05-29T13:16:45Z</time>
      </trkpt>
      <trkpt lat="30.648302" lon="104.10237">
        <time>2026-05-29T13:16:46Z</time>
      </trkpt>
      <trkpt lat="30.648325" lon="104.102325">
        <time>2026-05-29T13:16:47Z</time>
      </trkpt>
      <trkpt lat="30.64835" lon="104.10229">
        <time>2026-05-29T13:16:48Z</time>
      </trkpt>
      <trkpt lat="30.64837" lon="104.10224">
        <time>2026-05-29T13:16:49Z</time>
      </trkpt>
      <trkpt lat="30.648392" lon="104.1022">
        <time>2026-05-29T13:16:50Z</time>
      </trkpt>
      <trkpt lat="30.648417" lon="104.10217">
        <time>2026-05-29T13:16:51Z</time>
      </trkpt>
      <trkpt lat="30.648445" lon="104.102135">
        <time>2026-05-29T13:16:52Z</time>
      </trkpt>
      <trkpt lat="30.648474" lon="104.1021">
        <time>2026-05-29T13:16:53Z</time>
      </trkpt>
      <trkpt lat="30.648504" lon="104.10206">
        <time>2026-05-29T13:16:54Z</time>
      </trkpt>
      <trkpt lat="30.648531" lon="104.10202">
        <time>2026-05-29T13:16:55Z</time>
      </trkpt>
      <trkpt lat="30.648556" lon="104.10199">
        <time>2026-05-29T13:16:56Z</time>
      </trkpt>
      <trkpt lat="30.648579" lon="104.10195">
        <time>2026-05-29T13:16:57Z</time>
      </trkpt>
      <trkpt lat="30.648605" lon="104.10191">
        <time>2026-05-29T13:16:58Z</time>
      </trkpt>
      <trkpt lat="30.648628" lon="104.101875">
        <time>2026-05-29T13:16:59Z</time>
      </trkpt>
      <trkpt lat="30.64865" lon="104.101845">
        <time>2026-05-29T13:17:00Z</time>
      </trkpt>
      <trkpt lat="30.648674" lon="104.10181">
        <time>2026-05-29T13:17:01Z</time>
      </trkpt>
      <trkpt lat="30.648695" lon="104.10177">
        <time>2026-05-29T13:17:02Z</time>
      </trkpt>
      <trkpt lat="30.648714" lon="104.10172">
        <time>2026-05-29T13:17:03Z</time>
      </trkpt>
      <trkpt lat="30.648727" lon="104.10168">
        <time>2026-05-29T13:17:04Z</time>
      </trkpt>
      <trkpt lat="30.64874" lon="104.10163">
        <time>2026-05-29T13:17:05Z</time>
      </trkpt>
      <trkpt lat="30.648756" lon="104.101585">
        <time>2026-05-29T13:17:06Z</time>
      </trkpt>
      <trkpt lat="30.648777" lon="104.10154">
        <time>2026-05-29T13:17:07Z</time>
      </trkpt>
      <trkpt lat="30.648798" lon="104.10149">
        <time>2026-05-29T13:17:08Z</time>
      </trkpt>
      <trkpt lat="30.648844" lon="104.10139">
        <time>2026-05-29T13:17:10Z</time>
      </trkpt>
      <trkpt lat="30.648863" lon="104.10134">
        <time>2026-05-29T13:17:11Z</time>
      </trkpt>
      <trkpt lat="30.648884" lon="104.10129">
        <time>2026-05-29T13:17:12Z</time>
      </trkpt>
      <trkpt lat="30.648901" lon="104.10124">
        <time>2026-05-29T13:17:13Z</time>
      </trkpt>
      <trkpt lat="30.64892" lon="104.1012">
        <time>2026-05-29T13:17:14Z</time>
      </trkpt>
      <trkpt lat="30.64894" lon="104.10115">
        <time>2026-05-29T13:17:15Z</time>
      </trkpt>
      <trkpt lat="30.648958" lon="104.101105">
        <time>2026-05-29T13:17:16Z</time>
      </trkpt>
      <trkpt lat="30.648983" lon="104.10104">
        <time>2026-05-29T13:17:17Z</time>
      </trkpt>
      <trkpt lat="30.649006" lon="104.10098">
        <time>2026-05-29T13:17:18Z</time>
      </trkpt>
      <trkpt lat="30.649025" lon="104.10093">
        <time>2026-05-29T13:17:19Z</time>
      </trkpt>
      <trkpt lat="30.649046" lon="104.10087">
        <time>2026-05-29T13:17:20Z</time>
      </trkpt>
      <trkpt lat="30.649069" lon="104.10082">
        <time>2026-05-29T13:17:21Z</time>
      </trkpt>
      <trkpt lat="30.649092" lon="104.10077">
        <time>2026-05-29T13:17:22Z</time>
      </trkpt>
      <trkpt lat="30.649113" lon="104.100716">
        <time>2026-05-29T13:17:23Z</time>
      </trkpt>
      <trkpt lat="30.649136" lon="104.10067">
        <time>2026-05-29T13:17:24Z</time>
      </trkpt>
      <trkpt lat="30.649162" lon="104.100624">
        <time>2026-05-29T13:17:25Z</time>
      </trkpt>
      <trkpt lat="30.649181" lon="104.10058">
        <time>2026-05-29T13:17:26Z</time>
      </trkpt>
      <trkpt lat="30.649199" lon="104.10054">
        <time>2026-05-29T13:17:27Z</time>
      </trkpt>
      <trkpt lat="30.649218" lon="104.10049">
        <time>2026-05-29T13:17:28Z</time>
      </trkpt>
      <trkpt lat="30.64923" lon="104.10043">
        <time>2026-05-29T13:17:29Z</time>
      </trkpt>
      <trkpt lat="30.649252" lon="104.10037">
        <time>2026-05-29T13:17:30Z</time>
      </trkpt>
      <trkpt lat="30.649279" lon="104.10031">
        <time>2026-05-29T13:17:31Z</time>
      </trkpt>
      <trkpt lat="30.649302" lon="104.10025">
        <time>2026-05-29T13:17:32Z</time>
      </trkpt>
      <trkpt lat="30.649326" lon="104.1002">
        <time>2026-05-29T13:17:33Z</time>
      </trkpt>
      <trkpt lat="30.649347" lon="104.10014">
        <time>2026-05-29T13:17:34Z</time>
      </trkpt>
      <trkpt lat="30.649372" lon="104.10009">
        <time>2026-05-29T13:17:35Z</time>
      </trkpt>
      <trkpt lat="30.649393" lon="104.10004">
        <time>2026-05-29T13:17:36Z</time>
      </trkpt>
      <trkpt lat="30.649416" lon="104.09999">
        <time>2026-05-29T13:17:37Z</time>
      </trkpt>
      <trkpt lat="30.64944" lon="104.09994">
        <time>2026-05-29T13:17:38Z</time>
      </trkpt>
      <trkpt lat="30.649467" lon="104.099884">
        <time>2026-05-29T13:17:39Z</time>
      </trkpt>
      <trkpt lat="30.64949" lon="104.09984">
        <time>2026-05-29T13:17:40Z</time>
      </trkpt>
      <trkpt lat="30.649517" lon="104.0998">
        <time>2026-05-29T13:17:41Z</time>
      </trkpt>
      <trkpt lat="30.649542" lon="104.09975">
        <time>2026-05-29T13:17:42Z</time>
      </trkpt>
      <trkpt lat="30.649569" lon="104.0997">
        <time>2026-05-29T13:17:43Z</time>
      </trkpt>
      <trkpt lat="30.649597" lon="104.09964">
        <time>2026-05-29T13:17:44Z</time>
      </trkpt>
      <trkpt lat="30.649626" lon="104.09959">
        <time>2026-05-29T13:17:45Z</time>
      </trkpt>
      <trkpt lat="30.649654" lon="104.09953">
        <time>2026-05-29T13:17:46Z</time>
      </trkpt>
      <trkpt lat="30.649683" lon="104.09947">
        <time>2026-05-29T13:17:47Z</time>
      </trkpt>
      <trkpt lat="30.649712" lon="104.09942">
        <time>2026-05-29T13:17:48Z</time>
      </trkpt>
      <trkpt lat="30.649736" lon="104.099365">
        <time>2026-05-29T13:17:49Z</time>
      </trkpt>
      <trkpt lat="30.64976" lon="104.099304">
        <time>2026-05-29T13:17:50Z</time>
      </trkpt>
      <trkpt lat="30.649786" lon="104.09925">
        <time>2026-05-29T13:17:51Z</time>
      </trkpt>
      <trkpt lat="30.649817" lon="104.0992">
        <time>2026-05-29T13:17:52Z</time>
      </trkpt>
      <trkpt lat="30.649845" lon="104.099144">
        <time>2026-05-29T13:17:53Z</time>
      </trkpt>
      <trkpt lat="30.649872" lon="104.0991">
        <time>2026-05-29T13:17:54Z</time>
      </trkpt>
      <trkpt lat="30.649899" lon="104.09905">
        <time>2026-05-29T13:17:55Z</time>
      </trkpt>
      <trkpt lat="30.649921" lon="104.09901">
        <time>2026-05-29T13:17:56Z</time>
      </trkpt>
      <trkpt lat="30.649942" lon="104.09895">
        <time>2026-05-29T13:17:57Z</time>
      </trkpt>
      <trkpt lat="30.649967" lon="104.0989">
        <time>2026-05-29T13:17:58Z</time>
      </trkpt>
      <trkpt lat="30.64999" lon="104.09885">
        <time>2026-05-29T13:17:59Z</time>
      </trkpt>
      <trkpt lat="30.650015" lon="104.098785">
        <time>2026-05-29T13:18:00Z</time>
      </trkpt>
      <trkpt lat="30.650045" lon="104.09873">
        <time>2026-05-29T13:18:01Z</time>
      </trkpt>
      <trkpt lat="30.650076" lon="104.09868">
        <time>2026-05-29T13:18:02Z</time>
      </trkpt>
      <trkpt lat="30.65011" lon="104.098625">
        <time>2026-05-29T13:18:03Z</time>
      </trkpt>
      <trkpt lat="30.650143" lon="104.09857">
        <time>2026-05-29T13:18:04Z</time>
      </trkpt>
      <trkpt lat="30.650171" lon="104.09853">
        <time>2026-05-29T13:18:05Z</time>
      </trkpt>
      <trkpt lat="30.6502" lon="104.09848">
        <time>2026-05-29T13:18:06Z</time>
      </trkpt>
      <trkpt lat="30.65023" lon="104.09843">
        <time>2026-05-29T13:18:07Z</time>
      </trkpt>
      <trkpt lat="30.650253" lon="104.09837">
        <time>2026-05-29T13:18:08Z</time>
      </trkpt>
      <trkpt lat="30.650278" lon="104.09832">
        <time>2026-05-29T13:18:09Z</time>
      </trkpt>
      <trkpt lat="30.6503" lon="104.09827">
        <time>2026-05-29T13:18:10Z</time>
      </trkpt>
      <trkpt lat="30.650307" lon="104.09823">
        <time>2026-05-29T13:18:11Z</time>
      </trkpt>
      <trkpt lat="30.650322" lon="104.09819">
        <time>2026-05-29T13:18:12Z</time>
      </trkpt>
      <trkpt lat="30.650337" lon="104.09817">
        <time>2026-05-29T13:18:13Z</time>
      </trkpt>
      <trkpt lat="30.650356" lon="104.098175">
        <time>2026-05-29T13:18:14Z</time>
      </trkpt>
      <trkpt lat="30.650377" lon="104.098175">
        <time>2026-05-29T13:18:15Z</time>
      </trkpt>
      <trkpt lat="30.650398" lon="104.09817">
        <time>2026-05-29T13:18:16Z</time>
      </trkpt>
      <trkpt lat="30.650421" lon="104.09817">
        <time>2026-05-29T13:18:17Z</time>
      </trkpt>
      <trkpt lat="30.650442" lon="104.09816">
        <time>2026-05-29T13:18:18Z</time>
      </trkpt>
      <trkpt lat="30.650469" lon="104.09815">
        <time>2026-05-29T13:18:19Z</time>
      </trkpt>
      <trkpt lat="30.6505" lon="104.09815">
        <time>2026-05-29T13:18:20Z</time>
      </trkpt>
      <trkpt lat="30.650536" lon="104.09815">
        <time>2026-05-29T13:18:21Z</time>
      </trkpt>
      <trkpt lat="30.650566" lon="104.09817">
        <time>2026-05-29T13:18:22Z</time>
      </trkpt>
      <trkpt lat="30.65059" lon="104.09818">
        <time>2026-05-29T13:18:23Z</time>
      </trkpt>
      <trkpt lat="30.650614" lon="104.098206">
        <time>2026-05-29T13:18:24Z</time>
      </trkpt>
      <trkpt lat="30.650644" lon="104.09822">
        <time>2026-05-29T13:18:25Z</time>
      </trkpt>
      <trkpt lat="30.650677" lon="104.09824">
        <time>2026-05-29T13:18:26Z</time>
      </trkpt>
      <trkpt lat="30.650702" lon="104.09826">
        <time>2026-05-29T13:18:27Z</time>
      </trkpt>
      <trkpt lat="30.650732" lon="104.098274">
        <time>2026-05-29T13:18:28Z</time>
      </trkpt>
      <trkpt lat="30.650763" lon="104.09829">
        <time>2026-05-29T13:18:29Z</time>
      </trkpt>
      <trkpt lat="30.650795" lon="104.098305">
        <time>2026-05-29T13:18:30Z</time>
      </trkpt>
      <trkpt lat="30.650827" lon="104.09831">
        <time>2026-05-29T13:18:31Z</time>
      </trkpt>
      <trkpt lat="30.650856" lon="104.09833">
        <time>2026-05-29T13:18:32Z</time>
      </trkpt>
      <trkpt lat="30.650894" lon="104.09835">
        <time>2026-05-29T13:18:33Z</time>
      </trkpt>
      <trkpt lat="30.650934" lon="104.098366">
        <time>2026-05-29T13:18:34Z</time>
      </trkpt>
      <trkpt lat="30.650965" lon="104.09837">
        <time>2026-05-29T13:18:35Z</time>
      </trkpt>
      <trkpt lat="30.650997" lon="104.0984">
        <time>2026-05-29T13:18:36Z</time>
      </trkpt>
      <trkpt lat="30.651033" lon="104.09842">
        <time>2026-05-29T13:18:37Z</time>
      </trkpt>
      <trkpt lat="30.651066" lon="104.098434">
        <time>2026-05-29T13:18:38Z</time>
      </trkpt>
      <trkpt lat="30.6511" lon="104.09845">
        <time>2026-05-29T13:18:39Z</time>
      </trkpt>
      <trkpt lat="30.651133" lon="104.098465">
        <time>2026-05-29T13:18:40Z</time>
      </trkpt>
      <trkpt lat="30.651169" lon="104.09849">
        <time>2026-05-29T13:18:41Z</time>
      </trkpt>
      <trkpt lat="30.651203" lon="104.09852">
        <time>2026-05-29T13:18:42Z</time>
      </trkpt>
      <trkpt lat="30.651237" lon="104.09854">
        <time>2026-05-29T13:18:43Z</time>
      </trkpt>
      <trkpt lat="30.65127" lon="104.098564">
        <time>2026-05-29T13:18:44Z</time>
      </trkpt>
      <trkpt lat="30.651304" lon="104.09858">
        <time>2026-05-29T13:18:45Z</time>
      </trkpt>
      <trkpt lat="30.651339" lon="104.098595">
        <time>2026-05-29T13:18:46Z</time>
      </trkpt>
      <trkpt lat="30.651373" lon="104.0986">
        <time>2026-05-29T13:18:47Z</time>
      </trkpt>
      <trkpt lat="30.65141" lon="104.098625">
        <time>2026-05-29T13:18:48Z</time>
      </trkpt>
      <trkpt lat="30.65145" lon="104.09865">
        <time>2026-05-29T13:18:49Z</time>
      </trkpt>
      <trkpt lat="30.651487" lon="104.09866">
        <time>2026-05-29T13:18:50Z</time>
      </trkpt>
      <trkpt lat="30.651527" lon="104.09869">
        <time>2026-05-29T13:18:51Z</time>
      </trkpt>
      <trkpt lat="30.651567" lon="104.09871">
        <time>2026-05-29T13:18:52Z</time>
      </trkpt>
      <trkpt lat="30.65161" lon="104.09873">
        <time>2026-05-29T13:18:53Z</time>
      </trkpt>
      <trkpt lat="30.651648" lon="104.09876">
        <time>2026-05-29T13:18:54Z</time>
      </trkpt>
      <trkpt lat="30.651686" lon="104.09879">
        <time>2026-05-29T13:18:55Z</time>
      </trkpt>
      <trkpt lat="30.651722" lon="104.09882">
        <time>2026-05-29T13:18:56Z</time>
      </trkpt>
      <trkpt lat="30.651756" lon="104.09885">
        <time>2026-05-29T13:18:57Z</time>
      </trkpt>
      <trkpt lat="30.651793" lon="104.09888">
        <time>2026-05-29T13:18:58Z</time>
      </trkpt>
      <trkpt lat="30.651829" lon="104.09891">
        <time>2026-05-29T13:18:59Z</time>
      </trkpt>
      <trkpt lat="30.651867" lon="104.09894">
        <time>2026-05-29T13:19:00Z</time>
      </trkpt>
      <trkpt lat="30.651897" lon="104.09897">
        <time>2026-05-29T13:19:01Z</time>
      </trkpt>
      <trkpt lat="30.651926" lon="104.099">
        <time>2026-05-29T13:19:02Z</time>
      </trkpt>
      <trkpt lat="30.651964" lon="104.09902">
        <time>2026-05-29T13:19:03Z</time>
      </trkpt>
      <trkpt lat="30.652" lon="104.099045">
        <time>2026-05-29T13:19:04Z</time>
      </trkpt>
      <trkpt lat="30.65204" lon="104.09907">
        <time>2026-05-29T13:19:05Z</time>
      </trkpt>
      <trkpt lat="30.652075" lon="104.09909">
        <time>2026-05-29T13:19:06Z</time>
      </trkpt>
      <trkpt lat="30.652111" lon="104.09911">
        <time>2026-05-29T13:19:07Z</time>
      </trkpt>
      <trkpt lat="30.65215" lon="104.09914">
        <time>2026-05-29T13:19:08Z</time>
      </trkpt>
      <trkpt lat="30.65219" lon="104.09916">
        <time>2026-05-29T13:19:09Z</time>
      </trkpt>
      <trkpt lat="30.652225" lon="104.09919">
        <time>2026-05-29T13:19:10Z</time>
      </trkpt>
      <trkpt lat="30.652266" lon="104.09921">
        <time>2026-05-29T13:19:11Z</time>
      </trkpt>
      <trkpt lat="30.652308" lon="104.09923">
        <time>2026-05-29T13:19:12Z</time>
      </trkpt>
      <trkpt lat="30.652348" lon="104.09925">
        <time>2026-05-29T13:19:13Z</time>
      </trkpt>
      <trkpt lat="30.652386" lon="104.099266">
        <time>2026-05-29T13:19:14Z</time>
      </trkpt>
      <trkpt lat="30.652422" lon="104.09928">
        <time>2026-05-29T13:19:15Z</time>
      </trkpt>
      <trkpt lat="30.652454" lon="104.099304">
        <time>2026-05-29T13:19:16Z</time>
      </trkpt>
      <trkpt lat="30.652489" lon="104.09933">
        <time>2026-05-29T13:19:17Z</time>
      </trkpt>
      <trkpt lat="30.652521" lon="104.09935">
        <time>2026-05-29T13:19:18Z</time>
      </trkpt>
      <trkpt lat="30.652563" lon="104.09937">
        <time>2026-05-29T13:19:19Z</time>
      </trkpt>
      <trkpt lat="30.652603" lon="104.099396">
        <time>2026-05-29T13:19:20Z</time>
      </trkpt>
      <trkpt lat="30.652643" lon="104.09942">
        <time>2026-05-29T13:19:21Z</time>
      </trkpt>
      <trkpt lat="30.652681" lon="104.099434">
        <time>2026-05-29T13:19:22Z</time>
      </trkpt>
      <trkpt lat="30.652718" lon="104.09946">
        <time>2026-05-29T13:19:23Z</time>
      </trkpt>
      <trkpt lat="30.65276" lon="104.09948">
        <time>2026-05-29T13:19:24Z</time>
      </trkpt>
      <trkpt lat="30.652798" lon="104.09951">
        <time>2026-05-29T13:19:25Z</time>
      </trkpt>
      <trkpt lat="30.65284" lon="104.09953">
        <time>2026-05-29T13:19:26Z</time>
      </trkpt>
      <trkpt lat="30.652882" lon="104.099556">
        <time>2026-05-29T13:19:27Z</time>
      </trkpt>
      <trkpt lat="30.652922" lon="104.09958">
        <time>2026-05-29T13:19:28Z</time>
      </trkpt>
      <trkpt lat="30.652964" lon="104.0996">
        <time>2026-05-29T13:19:29Z</time>
      </trkpt>
      <trkpt lat="30.653008" lon="104.099625">
        <time>2026-05-29T13:19:30Z</time>
      </trkpt>
      <trkpt lat="30.653048" lon="104.09964">
        <time>2026-05-29T13:19:31Z</time>
      </trkpt>
      <trkpt lat="30.653088" lon="104.09966">
        <time>2026-05-29T13:19:32Z</time>
      </trkpt>
      <trkpt lat="30.653128" lon="104.09969">
        <time>2026-05-29T13:19:33Z</time>
      </trkpt>
      <trkpt lat="30.653166" lon="104.09971">
        <time>2026-05-29T13:19:34Z</time>
      </trkpt>
      <trkpt lat="30.653206" lon="104.09973">
        <time>2026-05-29T13:19:35Z</time>
      </trkpt>
      <trkpt lat="30.653248" lon="104.09976">
        <time>2026-05-29T13:19:36Z</time>
      </trkpt>
      <trkpt lat="30.653284" lon="104.099785">
        <time>2026-05-29T13:19:37Z</time>
      </trkpt>
      <trkpt lat="30.653316" lon="104.0998">
        <time>2026-05-29T13:19:38Z</time>
      </trkpt>
      <trkpt lat="30.653358" lon="104.09982">
        <time>2026-05-29T13:19:39Z</time>
      </trkpt>
      <trkpt lat="30.653393" lon="104.099846">
        <time>2026-05-29T13:19:40Z</time>
      </trkpt>
      <trkpt lat="30.65343" lon="104.09987">
        <time>2026-05-29T13:19:41Z</time>
      </trkpt>
      <trkpt lat="30.653465" lon="104.099884">
        <time>2026-05-29T13:19:42Z</time>
      </trkpt>
      <trkpt lat="30.653502" lon="104.099915">
        <time>2026-05-29T13:19:43Z</time>
      </trkpt>
      <trkpt lat="30.65354" lon="104.099945">
        <time>2026-05-29T13:19:44Z</time>
      </trkpt>
      <trkpt lat="30.653578" lon="104.09998">
        <time>2026-05-29T13:19:45Z</time>
      </trkpt>
      <trkpt lat="30.653618" lon="104.100006">
        <time>2026-05-29T13:19:46Z</time>
      </trkpt>
      <trkpt lat="30.653658" lon="104.10003">
        <time>2026-05-29T13:19:47Z</time>
      </trkpt>
      <trkpt lat="30.653692" lon="104.10005">
        <time>2026-05-29T13:19:48Z</time>
      </trkpt>
      <trkpt lat="30.653727" lon="104.10008">
        <time>2026-05-29T13:19:49Z</time>
      </trkpt>
      <trkpt lat="30.65376" lon="104.10011">
        <time>2026-05-29T13:19:50Z</time>
      </trkpt>
      <trkpt lat="30.653797" lon="104.100136">
        <time>2026-05-29T13:19:51Z</time>
      </trkpt>
      <trkpt lat="30.653835" lon="104.10016">
        <time>2026-05-29T13:19:52Z</time>
      </trkpt>
      <trkpt lat="30.653877" lon="104.10018">
        <time>2026-05-29T13:19:53Z</time>
      </trkpt>
      <trkpt lat="30.65392" lon="104.10021">
        <time>2026-05-29T13:19:54Z</time>
      </trkpt>
      <trkpt lat="30.653963" lon="104.10024">
        <time>2026-05-29T13:19:55Z</time>
      </trkpt>
      <trkpt lat="30.654005" lon="104.10027">
        <time>2026-05-29T13:19:56Z</time>
      </trkpt>
      <trkpt lat="30.654047" lon="104.1003">
        <time>2026-05-29T13:19:57Z</time>
      </trkpt>
      <trkpt lat="30.654087" lon="104.100334">
        <time>2026-05-29T13:19:58Z</time>
      </trkpt>
      <trkpt lat="30.65413" lon="104.100365">
        <time>2026-05-29T13:19:59Z</time>
      </trkpt>
      <trkpt lat="30.654173" lon="104.100395">
        <time>2026-05-29T13:20:00Z</time>
      </trkpt>
      <trkpt lat="30.654217" lon="104.10042">
        <time>2026-05-29T13:20:01Z</time>
      </trkpt>
      <trkpt lat="30.65426" lon="104.10044">
        <time>2026-05-29T13:20:02Z</time>
      </trkpt>
      <trkpt lat="30.6543" lon="104.10047">
        <time>2026-05-29T13:20:03Z</time>
      </trkpt>
      <trkpt lat="30.654343" lon="104.100494">
        <time>2026-05-29T13:20:04Z</time>
      </trkpt>
      <trkpt lat="30.654385" lon="104.10052">
        <time>2026-05-29T13:20:05Z</time>
      </trkpt>
      <trkpt lat="30.654425" lon="104.10054">
        <time>2026-05-29T13:20:06Z</time>
      </trkpt>
      <trkpt lat="30.654467" lon="104.10056">
        <time>2026-05-29T13:20:07Z</time>
      </trkpt>
      <trkpt lat="30.654505" lon="104.100586">
        <time>2026-05-29T13:20:08Z</time>
      </trkpt>
      <trkpt lat="30.654545" lon="104.10061">
        <time>2026-05-29T13:20:09Z</time>
      </trkpt>
      <trkpt lat="30.654585" lon="104.10063">
        <time>2026-05-29T13:20:10Z</time>
      </trkpt>
      <trkpt lat="30.654623" lon="104.100655">
        <time>2026-05-29T13:20:11Z</time>
      </trkpt>
      <trkpt lat="30.65466" lon="104.10068">
        <time>2026-05-29T13:20:12Z</time>
      </trkpt>
      <trkpt lat="30.6547" lon="104.1007">
        <time>2026-05-29T13:20:13Z</time>
      </trkpt>
      <trkpt lat="30.654737" lon="104.10072">
        <time>2026-05-29T13:20:14Z</time>
      </trkpt>
      <trkpt lat="30.654774" lon="104.10075">
        <time>2026-05-29T13:20:15Z</time>
      </trkpt>
      <trkpt lat="30.65481" lon="104.10078">
        <time>2026-05-29T13:20:16Z</time>
      </trkpt>
      <trkpt lat="30.654848" lon="104.1008">
        <time>2026-05-29T13:20:17Z</time>
      </trkpt>
      <trkpt lat="30.654886" lon="104.10082">
        <time>2026-05-29T13:20:18Z</time>
      </trkpt>
      <trkpt lat="30.654924" lon="104.100845">
        <time>2026-05-29T13:20:19Z</time>
      </trkpt>
      <trkpt lat="30.654963" lon="104.100876">
        <time>2026-05-29T13:20:20Z</time>
      </trkpt>
      <trkpt lat="30.655" lon="104.1009">
        <time>2026-05-29T13:20:21Z</time>
      </trkpt>
      <trkpt lat="30.655037" lon="104.10092">
        <time>2026-05-29T13:20:22Z</time>
      </trkpt>
      <trkpt lat="30.655075" lon="104.100945">
        <time>2026-05-29T13:20:23Z</time>
      </trkpt>
      <trkpt lat="30.655111" lon="104.10096">
        <time>2026-05-29T13:20:24Z</time>
      </trkpt>
      <trkpt lat="30.655148" lon="104.10098">
        <time>2026-05-29T13:20:25Z</time>
      </trkpt>
      <trkpt lat="30.655184" lon="104.10099">
        <time>2026-05-29T13:20:26Z</time>
      </trkpt>
      <trkpt lat="30.655214" lon="104.101">
        <time>2026-05-29T13:20:27Z</time>
      </trkpt>
      <trkpt lat="30.655243" lon="104.101">
        <time>2026-05-29T13:20:28Z</time>
      </trkpt>
      <trkpt lat="30.65527" lon="104.10098">
        <time>2026-05-29T13:20:29Z</time>
      </trkpt>
      <trkpt lat="30.65529" lon="104.10096">
        <time>2026-05-29T13:20:30Z</time>
      </trkpt>
      <trkpt lat="30.655308" lon="104.10094">
        <time>2026-05-29T13:20:31Z</time>
      </trkpt>
      <trkpt lat="30.655327" lon="104.10092">
        <time>2026-05-29T13:20:32Z</time>
      </trkpt>
      <trkpt lat="30.655336" lon="104.10091">
        <time>2026-05-29T13:20:33Z</time>
      </trkpt>
      <trkpt lat="30.655346" lon="104.1009">
        <time>2026-05-29T13:20:34Z</time>
      </trkpt>
      <trkpt lat="30.655355" lon="104.100876">
        <time>2026-05-29T13:20:35Z</time>
      </trkpt>
      <trkpt lat="30.65536" lon="104.10087">
        <time>2026-05-29T13:20:36Z</time>
      </trkpt>
      <trkpt lat="30.655373" lon="104.10084">
        <time>2026-05-29T13:20:37Z</time>
      </trkpt>
      <trkpt lat="30.655388" lon="104.1008">
        <time>2026-05-29T13:20:38Z</time>
      </trkpt>
      <trkpt lat="30.655401" lon="104.10076">
        <time>2026-05-29T13:20:39Z</time>
      </trkpt>
      <trkpt lat="30.655416" lon="104.100716">
        <time>2026-05-29T13:20:40Z</time>
      </trkpt>
      <trkpt lat="30.655432" lon="104.10068">
        <time>2026-05-29T13:20:41Z</time>
      </trkpt>
      <trkpt lat="30.65545" lon="104.10064">
        <time>2026-05-29T13:20:42Z</time>
      </trkpt>
      <trkpt lat="30.65547" lon="104.10061">
        <time>2026-05-29T13:20:43Z</time>
      </trkpt>
      <trkpt lat="30.655495" lon="104.10058">
        <time>2026-05-29T13:20:44Z</time>
      </trkpt>
      <trkpt lat="30.655525" lon="104.10056">
        <time>2026-05-29T13:20:45Z</time>
      </trkpt>
      <trkpt lat="30.655556" lon="104.100555">
        <time>2026-05-29T13:20:46Z</time>
      </trkpt>
      <trkpt lat="30.655582" lon="104.10056">
        <time>2026-05-29T13:20:47Z</time>
      </trkpt>
      <trkpt lat="30.655607" lon="104.10057">
        <time>2026-05-29T13:20:48Z</time>
      </trkpt>
      <trkpt lat="30.655636" lon="104.100586">
        <time>2026-05-29T13:20:49Z</time>
      </trkpt>
      <trkpt lat="30.655666" lon="104.1006">
        <time>2026-05-29T13:20:50Z</time>
      </trkpt>
      <trkpt lat="30.655699" lon="104.10062">
        <time>2026-05-29T13:20:51Z</time>
      </trkpt>
      <trkpt lat="30.65573" lon="104.10065">
        <time>2026-05-29T13:20:52Z</time>
      </trkpt>
      <trkpt lat="30.655764" lon="104.10067">
        <time>2026-05-29T13:20:53Z</time>
      </trkpt>
      <trkpt lat="30.655798" lon="104.100685">
        <time>2026-05-29T13:20:54Z</time>
      </trkpt>
      <trkpt lat="30.655832" lon="104.10069">
        <time>2026-05-29T13:20:55Z</time>
      </trkpt>
      <trkpt lat="30.65586" lon="104.10071">
        <time>2026-05-29T13:20:56Z</time>
      </trkpt>
      <trkpt lat="30.655886" lon="104.100716">
        <time>2026-05-29T13:20:57Z</time>
      </trkpt>
      <trkpt lat="30.655907" lon="104.10074">
        <time>2026-05-29T13:20:58Z</time>
      </trkpt>
      <trkpt lat="30.655937" lon="104.10075">
        <time>2026-05-29T13:20:59Z</time>
      </trkpt>
      <trkpt lat="30.655975" lon="104.10077">
        <time>2026-05-29T13:21:00Z</time>
      </trkpt>
      <trkpt lat="30.65602" lon="104.10079">
        <time>2026-05-29T13:21:01Z</time>
      </trkpt>
      <trkpt lat="30.65606" lon="104.100815">
        <time>2026-05-29T13:21:02Z</time>
      </trkpt>
      <trkpt lat="30.656094" lon="104.100845">
        <time>2026-05-29T13:21:03Z</time>
      </trkpt>
      <trkpt lat="30.656126" lon="104.10087">
        <time>2026-05-29T13:21:04Z</time>
      </trkpt>
      <trkpt lat="30.656162" lon="104.10089">
        <time>2026-05-29T13:21:05Z</time>
      </trkpt>
      <trkpt lat="30.656199" lon="104.10091">
        <time>2026-05-29T13:21:06Z</time>
      </trkpt>
      <trkpt lat="30.656235" lon="104.10092">
        <time>2026-05-29T13:21:07Z</time>
      </trkpt>
      <trkpt lat="30.65627" lon="104.100945">
        <time>2026-05-29T13:21:08Z</time>
      </trkpt>
      <trkpt lat="30.656326" lon="104.101">
        <time>2026-05-29T13:21:10Z</time>
      </trkpt>
      <trkpt lat="30.65636" lon="104.10102">
        <time>2026-05-29T13:21:11Z</time>
      </trkpt>
      <trkpt lat="30.656397" lon="104.10104">
        <time>2026-05-29T13:21:12Z</time>
      </trkpt>
      <trkpt lat="30.656433" lon="104.10107">
        <time>2026-05-29T13:21:13Z</time>
      </trkpt>
      <trkpt lat="30.656471" lon="104.1011">
        <time>2026-05-29T13:21:14Z</time>
      </trkpt>
      <trkpt lat="30.656504" lon="104.10112">
        <time>2026-05-29T13:21:15Z</time>
      </trkpt>
      <trkpt lat="30.65654" lon="104.10114">
        <time>2026-05-29T13:21:16Z</time>
      </trkpt>
      <trkpt lat="30.656574" lon="104.101166">
        <time>2026-05-29T13:21:17Z</time>
      </trkpt>
      <trkpt lat="30.65661" lon="104.10118">
        <time>2026-05-29T13:21:18Z</time>
      </trkpt>
      <trkpt lat="30.656635" lon="104.1012">
        <time>2026-05-29T13:21:19Z</time>
      </trkpt>
      <trkpt lat="30.656652" lon="104.10121">
        <time>2026-05-29T13:21:20Z</time>
      </trkpt>
      <trkpt lat="30.65667" lon="104.10122">
        <time>2026-05-29T13:21:21Z</time>
      </trkpt>
      <trkpt lat="30.656698" lon="104.101234">
        <time>2026-05-29T13:21:22Z</time>
      </trkpt>
      <trkpt lat="30.656727" lon="104.10125">
        <time>2026-05-29T13:21:23Z</time>
      </trkpt>
      <trkpt lat="30.656746" lon="104.101265">
        <time>2026-05-29T13:21:24Z</time>
      </trkpt>
      <trkpt lat="30.656761" lon="104.10127">
        <time>2026-05-29T13:21:25Z</time>
      </trkpt>
      <trkpt lat="30.656761" lon="104.10127">
        <time>2026-05-29T13:21:26Z</time>
      </trkpt>
      <trkpt lat="30.656761" lon="104.10127">
        <time>2026-05-29T13:21:27Z</time>
      </trkpt>
      <trkpt lat="30.656761" lon="104.10127">
        <time>2026-05-29T13:21:28Z</time>
      </trkpt>
      <trkpt lat="30.656761" lon="104.10127">
        <time>2026-05-29T13:21:29Z</time>
      </trkpt>
      <trkpt lat="30.656761" lon="104.10127">
        <time>2026-05-29T13:21:30Z</time>
      </trkpt>
      <trkpt lat="30.656761" lon="104.10127">
        <time>2026-05-29T13:21:31Z</time>
      </trkpt>
      <trkpt lat="30.656761" lon="104.10127">
        <time>2026-05-29T13:21:32Z</time>
      </trkpt>
      <trkpt lat="30.656761" lon="104.10127">
        <time>2026-05-29T13:21:33Z</time>
      </trkpt>
      <trkpt lat="30.656761" lon="104.10127">
        <time>2026-05-29T13:21:34Z</time>
      </trkpt>
      <trkpt lat="30.656761" lon="104.10127">
        <time>2026-05-29T13:21:35Z</time>
      </trkpt>
      <trkpt lat="30.656761" lon="104.10127">
        <time>2026-05-29T13:21:36Z</time>
      </trkpt>
      <trkpt lat="30.656761" lon="104.10127">
        <time>2026-05-29T13:21:37Z</time>
      </trkpt>
      <trkpt lat="30.656761" lon="104.10127">
        <time>2026-05-29T13:21:38Z</time>
      </trkpt>
      <trkpt lat="30.656761" lon="104.10127">
        <time>2026-05-29T13:21:39Z</time>
      </trkpt>
      <trkpt lat="30.656761" lon="104.10127">
        <time>2026-05-29T13:21:40Z</time>
      </trkpt>
      <trkpt lat="30.656761" lon="104.10127">
        <time>2026-05-29T13:21:41Z</time>
      </trkpt>
      <trkpt lat="30.656761" lon="104.10127">
        <time>2026-05-29T13:21:42Z</time>
      </trkpt>
      <trkpt lat="30.656761" lon="104.10127">
        <time>2026-05-29T13:21:43Z</time>
      </trkpt>
      <trkpt lat="30.656761" lon="104.10127">
        <time>2026-05-29T13:21:44Z</time>
      </trkpt>
      <trkpt lat="30.656761" lon="104.10127">
        <time>2026-05-29T13:21:45Z</time>
      </trkpt>
      <trkpt lat="30.656761" lon="104.10127">
        <time>2026-05-29T13:21:46Z</time>
      </trkpt>
      <trkpt lat="30.656788" lon="104.10128">
        <time>2026-05-29T13:21:47Z</time>
      </trkpt>
      <trkpt lat="30.65679" lon="104.10127">
        <time>2026-05-29T13:21:48Z</time>
      </trkpt>
      <trkpt lat="30.656794" lon="104.10126">
        <time>2026-05-29T13:21:49Z</time>
      </trkpt>
      <trkpt lat="30.656797" lon="104.10124">
        <time>2026-05-29T13:21:50Z</time>
      </trkpt>
      <trkpt lat="30.656805" lon="104.10123">
        <time>2026-05-29T13:21:51Z</time>
      </trkpt>
      <trkpt lat="30.656809" lon="104.10122">
        <time>2026-05-29T13:21:52Z</time>
      </trkpt>
      <trkpt lat="30.656809" lon="104.10122">
        <time>2026-05-29T13:21:53Z</time>
      </trkpt>
      <trkpt lat="30.656803" lon="104.10121">
        <time>2026-05-29T13:21:54Z</time>
      </trkpt>
      <trkpt lat="30.656801" lon="104.10121">
        <time>2026-05-29T13:21:55Z</time>
      </trkpt>
      <trkpt lat="30.656803" lon="104.10121">
        <time>2026-05-29T13:21:56Z</time>
      </trkpt>
      <trkpt lat="30.656807" lon="104.10122">
        <time>2026-05-29T13:21:57Z</time>
      </trkpt>
      <trkpt lat="30.656807" lon="104.10122">
        <time>2026-05-29T13:21:58Z</time>
      </trkpt>
      <trkpt lat="30.656807" lon="104.10122">
        <time>2026-05-29T13:21:59Z</time>
      </trkpt>
      <trkpt lat="30.656807" lon="104.10122">
        <time>2026-05-29T13:22:00Z</time>
      </trkpt>
      <trkpt lat="30.656807" lon="104.10122">
        <time>2026-05-29T13:22:01Z</time>
      </trkpt>
      <trkpt lat="30.656815" lon="104.10121">
        <time>2026-05-29T13:22:02Z</time>
      </trkpt>
      <trkpt lat="30.656816" lon="104.10121">
        <time>2026-05-29T13:22:03Z</time>
      </trkpt>
      <trkpt lat="30.656816" lon="104.10121">
        <time>2026-05-29T13:22:04Z</time>
      </trkpt>
      <trkpt lat="30.656816" lon="104.10121">
        <time>2026-05-29T13:22:05Z</time>
      </trkpt>
      <trkpt lat="30.656816" lon="104.10121">
        <time>2026-05-29T13:22:06Z</time>
      </trkpt>
      <trkpt lat="30.656816" lon="104.10121">
        <time>2026-05-29T13:22:07Z</time>
      </trkpt>
    </trkseg>
  </trk>
</gpx>